timestamp,close,future_return_1d,y_true,prediction,prob_positive,prob_negative,confidence,selected_C,selected_gamma,validation_brier,fold_start,train_end,validation_end,test_end
2022-10-22,0.351408988237381,0.03042040468890317,1,0,0.4480461568862181,0.5519538431137818,0.5519538431137818,0.1,scale,0.249615033007139,0,500,600,630
2022-10-23,0.3620989918708801,-0.011715036659180944,0,0,0.4494145518278549,0.550585448172145,0.550585448172145,0.1,scale,0.249615033007139,0,500,600,630
2022-10-24,0.3578569889068603,0.12332024283109311,1,0,0.450716057714824,0.5492839422851761,0.5492839422851761,0.1,scale,0.249615033007139,0,500,600,630
2022-10-25,0.4019879996776581,0.003741415173645679,1,0,0.43322760389136633,0.5667723961086337,0.5667723961086337,0.1,scale,0.249615033007139,0,500,600,630
2022-10-26,0.4034920036792755,-0.036667406507670974,0,0,0.4306215800681887,0.5693784199318113,0.5693784199318113,0.1,scale,0.249615033007139,0,500,600,630
2022-10-27,0.3886969983577728,0.040674388750567614,1,0,0.43975059196128535,0.5602494080387146,0.5602494080387146,0.1,scale,0.249615033007139,0,500,600,630
2022-10-28,0.4045070111751556,0.03775207299372152,1,0,0.43896722323094534,0.5610327767690546,0.5610327767690546,0.1,scale,0.249615033007139,0,500,600,630
2022-10-29,0.4197779893875122,-0.03271015430716551,0,0,0.4336130891426021,0.5663869108573979,0.5663869108573979,0.1,scale,0.249615033007139,0,500,600,630
2022-10-30,0.406046986579895,0.000711796742909776,1,0,0.4427595382722927,0.5572404617277074,0.5572404617277074,0.1,scale,0.249615033007139,0,500,600,630
2022-10-31,0.4063360095024109,-0.012142691699670416,0,0,0.4470401136723193,0.5529598863276808,0.5529598863276808,0.1,scale,0.249615033007139,0,500,600,630
2022-11-01,0.4014019966125488,-0.03818115861112059,0,0,0.45058821900528057,0.5494117809947194,0.5494117809947194,0.1,scale,0.249615033007139,0,500,600,630
2022-11-02,0.3860760033130646,0.008661505395667124,1,0,0.4511020272032746,0.5488979727967254,0.5488979727967254,0.1,scale,0.249615033007139,0,500,600,630
2022-11-03,0.3894200026988983,0.08244311695463757,1,0,0.4491308017912288,0.5508691982087712,0.5508691982087712,0.1,scale,0.249615033007139,0,500,600,630
2022-11-04,0.4215250015258789,0.012359912647256444,1,0,0.44073693573483536,0.5592630642651646,0.5592630642651646,0.1,scale,0.249615033007139,0,500,600,630
2022-11-05,0.4267350137233734,-0.05560830264942351,0,0,0.4366725117102637,0.5633274882897363,0.5633274882897363,0.1,scale,0.249615033007139,0,500,600,630
2022-11-06,0.4030050039291382,0.0031116048358732495,1,0,0.44938176420454123,0.5506182357954588,0.5506182357954588,0.1,scale,0.249615033007139,0,500,600,630
2022-11-07,0.4042589962482452,-0.08020844721670939,0,0,0.4558280257852537,0.5441719742147463,0.5441719742147463,0.1,scale,0.249615033007139,0,500,600,630
2022-11-08,0.3718340098857879,-0.14521805041229308,0,0,0.43772324753953223,0.5622767524604677,0.5622767524604677,0.1,scale,0.249615033007139,0,500,600,630
2022-11-09,0.3178369998931885,0.16090011664497528,1,0,0.42428199471774136,0.5757180052822586,0.5757180052822586,0.1,scale,0.249615033007139,0,500,600,630
2022-11-10,0.3689770102500915,-0.038782910396683024,0,0,0.4482512634240375,0.5517487365759626,0.5517487365759626,0.1,scale,0.249615033007139,0,500,600,630
2022-11-11,0.3546670079231262,-0.0437678614193342,0,0,0.4496564203236512,0.5503435796763487,0.5503435796763487,0.1,scale,0.249615033007139,0,500,600,630
2022-11-12,0.3391439914703369,-0.02658749937608662,0,0,0.44805549960692426,0.5519445003930757,0.5519445003930757,0.1,scale,0.249615033007139,0,500,600,630
2022-11-13,0.3301270008087158,0.005216198571049713,1,0,0.44381464073906296,0.556185359260937,0.556185359260937,0.1,scale,0.249615033007139,0,500,600,630
2022-11-14,0.3318490087985992,0.015549252110798495,1,0,0.451106797007083,0.548893202992917,0.548893202992917,0.1,scale,0.249615033007139,0,500,600,630
2022-11-15,0.3370090126991272,-0.013729660016770229,0,0,0.4580431870021998,0.5419568129978002,0.5419568129978002,0.1,scale,0.249615033007139,0,500,600,630
2022-11-16,0.3323819935321808,-0.022633597447262455,0,0,0.45420953602005126,0.5457904639799487,0.5457904639799487,0.1,scale,0.249615033007139,0,500,600,630
2022-11-17,0.3248589932918548,0.00419257574382903,1,0,0.4443727761439697,0.5556272238560303,0.5556272238560303,0.1,scale,0.249615033007139,0,500,600,630
2022-11-18,0.3262209892272949,0.007022919453032017,1,0,0.44676552482765597,0.553234475172344,0.553234475172344,0.1,scale,0.249615033007139,0,500,600,630
2022-11-19,0.3285120129585266,-0.04932852425203438,0,0,0.44517196993008434,0.5548280300699157,0.5548280300699157,0.1,scale,0.249615033007139,0,500,600,630
2022-11-20,0.3123070001602173,-0.024844159200189675,0,0,0.4391797719115625,0.5608202280884376,0.5608202280884376,0.1,scale,0.249615033007139,0,500,600,630
2022-11-21,0.3045479953289032,0.02421299284123024,1,1,0.5712347562176374,0.4287652437823626,0.5712347562176374,1.0,0.01,0.2480280785911582,30,530,630,660
2022-11-22,0.311922013759613,0.020501862824212624,1,0,0.4544645485448921,0.5455354514551078,0.5455354514551078,1.0,0.01,0.2480280785911582,30,530,630,660
2022-11-23,0.3183169960975647,-0.005840119405153943,0,0,0.4495660740112284,0.5504339259887716,0.5504339259887716,1.0,0.01,0.2480280785911582,30,530,630,660
2022-11-24,0.316457986831665,-0.004641963021755902,0,0,0.39783064181048255,0.6021693581895174,0.6021693581895174,1.0,0.01,0.2480280785911582,30,530,630,660
2022-11-25,0.3149890005588531,-0.0038065044562648476,0,0,0.40906232340281684,0.5909376765971832,0.5909376765971832,1.0,0.01,0.2480280785911582,30,530,630,660
2022-11-26,0.3137899935245514,-0.004257651097511639,0,0,0.41785197244808137,0.5821480275519186,0.5821480275519186,1.0,0.01,0.2480280785911582,30,530,630,660
2022-11-27,0.3124539852142334,-0.01841549239351803,0,0,0.4263278554099366,0.5736721445900634,0.5736721445900634,1.0,0.01,0.2480280785911582,30,530,630,660
2022-11-28,0.3066999912261963,0.008712150952314035,1,0,0.4858318452470815,0.5141681547529184,0.5141681547529184,1.0,0.01,0.2480280785911582,30,530,630,660
2022-11-29,0.3093720078468323,0.030742904064637866,1,0,0.4148011602487645,0.5851988397512355,0.5851988397512355,1.0,0.01,0.2480280785911582,30,530,630,660
2022-11-30,0.3188830018043518,-0.013795033204865526,0,0,0.4387540409789232,0.5612459590210768,0.5612459590210768,1.0,0.01,0.2480280785911582,30,530,630,660
2022-12-01,0.3144840002059936,0.015654170092449737,1,0,0.425661658143273,0.5743383418567269,0.5743383418567269,1.0,0.01,0.2480280785911582,30,530,630,660
2022-12-02,0.3194069862365722,0.0007733132291800615,1,0,0.4152322301324366,0.5847677698675634,0.5847677698675634,1.0,0.01,0.2480280785911582,30,530,630,660
2022-12-03,0.3196539878845215,0.009685517398782428,1,0,0.43273662006267466,0.5672633799373253,0.5672633799373253,1.0,0.01,0.2480280785911582,30,530,630,660
2022-12-04,0.3227500021457672,-0.010017089127088097,0,0,0.4472585683551817,0.5527414316448183,0.5527414316448183,1.0,0.01,0.2480280785911582,30,530,630,660
2022-12-05,0.3195169866085052,-0.003295523238932452,0,0,0.49714552568252574,0.5028544743174743,0.5028544743174743,1.0,0.01,0.2480280785911582,30,530,630,660
2022-12-06,0.3184640109539032,-0.025572814365575347,0,0,0.4563099510880587,0.5436900489119413,0.5436900489119413,1.0,0.01,0.2480280785911582,30,530,630,660
2022-12-07,0.3103199899196625,0.014575306808253696,1,0,0.47311153806573886,0.5268884619342611,0.5268884619342611,1.0,0.01,0.2480280785911582,30,530,630,660
2022-12-08,0.3148429989814758,-0.010055774225420366,0,0,0.42650131532448216,0.5734986846755179,0.5734986846755179,1.0,0.01,0.2480280785911582,30,530,630,660
2022-12-09,0.3116770088672638,0.0029806433167638424,1,0,0.45662392441058036,0.5433760755894197,0.5433760755894197,1.0,0.01,0.2480280785911582,30,530,630,660
2022-12-10,0.312606006860733,-0.015658693506927057,0,0,0.46308057839432576,0.5369194216056743,0.5369194216056743,1.0,0.01,0.2480280785911582,30,530,630,660
2022-12-11,0.3077110052108764,-0.002476400155427383,0,0,0.49521723723890826,0.5047827627610917,0.5047827627610917,1.0,0.01,0.2480280785911582,30,530,630,660
2022-12-12,0.3069489896297455,0.019273558840094962,1,1,0.5138482588842547,0.48615174111574533,0.5138482588842547,1.0,0.01,0.2480280785911582,30,530,630,660
2022-12-13,0.3128649890422821,-0.015121536878380804,0,1,0.5195428495436691,0.48045715045633086,0.5195428495436691,1.0,0.01,0.2480280785911582,30,530,630,660
2022-12-14,0.308133989572525,-0.025745263612167224,0,0,0.46061146565307,0.53938853434693,0.53938853434693,1.0,0.01,0.2480280785911582,30,530,630,660
2022-12-15,0.3002009987831116,-0.12035601048895306,0,0,0.4720425837923037,0.5279574162076963,0.5279574162076963,1.0,0.01,0.2480280785911582,30,530,630,660
2022-12-16,0.2640700042247772,0.010716850404577816,1,1,0.6758649294433627,0.32413507055663726,0.6758649294433627,1.0,0.01,0.2480280785911582,30,530,630,660
2022-12-17,0.2669000029563904,-0.002116869320223591,0,1,0.5032172002664287,0.4967827997335713,0.5032172002664287,1.0,0.01,0.2480280785911582,30,530,630,660
2022-12-18,0.2663350105285644,-0.05027884951078232,0,0,0.4805481206499602,0.5194518793500398,0.5194518793500398,1.0,0.01,0.2480280785911582,30,530,630,660
2022-12-19,0.2529439926147461,0.023969789541946396,1,1,0.551530555853462,0.448469444146538,0.551530555853462,1.0,0.01,0.2480280785911582,30,530,630,660
2022-12-20,0.2590070068836212,-0.022597833832499137,0,0,0.44216998505457616,0.5578300149454238,0.5578300149454238,1.0,0.01,0.2480280785911582,30,530,630,660
2022-12-21,0.2531540095806122,0.013308118405465086,1,0,0.4694496395133153,0.5305503604866847,0.5305503604866847,1.0,0.01,0.24819497368587828,60,560,660,690
2022-12-22,0.2565230131149292,0.01132839747364045,1,0,0.37762269368517287,0.6223773063148271,0.6223773063148271,1.0,0.01,0.24819497368587828,60,560,660,690
2022-12-23,0.259429007768631,-0.0002351524004673422,0,0,0.3994954213238725,0.6005045786761275,0.6005045786761275,1.0,0.01,0.24819497368587828,60,560,660,690
2022-12-24,0.2593680024147033,-0.0003778031025354345,0,0,0.3684212458847266,0.6315787541152734,0.6315787541152734,1.0,0.01,0.24819497368587828,60,560,660,690
2022-12-25,0.2592700123786926,0.023245971278411215,1,0,0.42641445539140094,0.5735855446085991,0.5735855446085991,1.0,0.01,0.24819497368587828,60,560,660,690
2022-12-26,0.265296995639801,-0.018571674105161917,0,0,0.4143727091727298,0.5856272908272702,0.5856272908272702,1.0,0.01,0.24819497368587828,60,560,660,690
2022-12-27,0.2603699862957001,-0.046057507485491755,0,0,0.42457781643650705,0.575422183563493,0.575422183563493,1.0,0.01,0.24819497368587828,60,560,660,690
2022-12-28,0.2483779937028885,-0.01706268131277444,0,0,0.4996130853042132,0.5003869146957868,0.5003869146957868,1.0,0.01,0.24819497368587828,60,560,660,690
2022-12-29,0.2441399991512298,0.005804030991778841,1,0,0.47401984339652226,0.5259801566034777,0.5259801566034777,1.0,0.01,0.24819497368587828,60,560,660,690
2022-12-30,0.2455569952726364,0.003701790837348673,1,0,0.4263025338314519,0.5736974661685481,0.5736974661685481,1.0,0.01,0.24819497368587828,60,560,660,690
2022-12-31,0.2464659959077835,0.013409570090252787,1,0,0.4188476565921464,0.5811523434078536,0.5811523434078536,1.0,0.01,0.24819497368587828,60,560,660,690
2023-01-01,0.2497709989547729,0.016242839095069073,1,0,0.392775855856752,0.607224144143248,0.607224144143248,1.0,0.01,0.24819497368587828,60,560,660,690
2023-01-02,0.2538279891014099,-0.004065725073482018,0,0,0.46494004705486275,0.5350599529451372,0.5350599529451372,1.0,0.01,0.24819497368587828,60,560,660,690
2023-01-03,0.2527959942817688,0.05886570657969781,1,0,0.41529120395463714,0.5847087960453629,0.5847087960453629,1.0,0.01,0.24819497368587828,60,560,660,690
2023-01-04,0.2676770091056824,0.005323572800400855,1,1,0.5514433794159292,0.44855662058407075,0.5514433794159292,1.0,0.01,0.24819497368587828,60,560,660,690
2023-01-05,0.26910200715065,0.03548842053853063,1,0,0.4193960640890056,0.5806039359109945,0.5806039359109945,1.0,0.01,0.24819497368587828,60,560,660,690
2023-01-06,0.278652012348175,-0.005551758768172266,0,1,0.5774785749854697,0.42252142501453027,0.5774785749854697,1.0,0.01,0.24819497368587828,60,560,660,690
2023-01-07,0.2771050035953522,0.065365067555192,1,0,0.41886813342118595,0.5811318665788141,0.5811318665788141,1.0,0.01,0.24819497368587828,60,560,660,690
2023-01-08,0.2952179908752441,0.07412825443333015,1,1,0.6781677316280591,0.3218322683719409,0.6781677316280591,1.0,0.01,0.24819497368587828,60,560,660,690
2023-01-09,0.3171019852161407,0.017010337328035252,1,1,0.7366528760401536,0.2633471239598464,0.7366528760401536,1.0,0.01,0.24819497368587828,60,560,660,690
2023-01-10,0.3224959969520569,0.0007844807908938822,1,0,0.497107743200392,0.5028922567996079,0.5028922567996079,1.0,0.01,0.24819497368587828,60,560,660,690
2023-01-11,0.322748988866806,0.02171656559084667,1,1,0.5548546440734574,0.4451453559265426,0.5548546440734574,1.0,0.01,0.24819497368587828,60,560,660,690
2023-01-12,0.3297579884529114,0.04855993424939986,1,1,0.6585579954736307,0.3414420045263693,0.6585579954736307,1.0,0.01,0.24819497368587828,60,560,660,690
2023-01-13,0.3457710146903991,0.01961119275306733,1,1,0.5670760614894573,0.43292393851054267,0.5670760614894573,1.0,0.01,0.24819497368587828,60,560,660,690
2023-01-14,0.3525519967079162,-0.0061948410785681585,0,1,0.7506754171730735,0.2493245828269265,0.7506754171730735,1.0,0.01,0.24819497368587828,60,560,660,690
2023-01-15,0.3503679931163788,-0.0009361710163120485,0,1,0.5538138960615526,0.4461861039384474,0.5538138960615526,1.0,0.01,0.24819497368587828,60,560,660,690
2023-01-16,0.3500399887561798,-0.012224282320736357,0,1,0.5991002241297904,0.40089977587020964,0.5991002241297904,1.0,0.01,0.24819497368587828,60,560,660,690
2023-01-17,0.3457610011100769,-0.05473721609396598,0,1,0.5447411608991968,0.4552588391008032,0.5447411608991968,1.0,0.01,0.24819497368587828,60,560,660,690
2023-01-18,0.3268350064754486,0.037523469778639296,1,1,0.5957960915789088,0.4042039084210912,0.5957960915789088,1.0,0.01,0.24819497368587828,60,560,660,690
2023-01-19,0.3390989899635315,0.07516096026515084,1,0,0.4306636360429188,0.5693363639570812,0.5693363639570812,1.0,0.01,0.24819497368587828,60,560,660,690
2023-01-20,0.3645859956741333,0.012178223098651575,1,1,0.5128576651374315,0.4871423348625685,0.5128576651374315,1.0,0.01,0.24246234400123232,90,590,690,720
2023-01-21,0.3690260052680969,0.02050804452556987,1,1,0.5742741042375382,0.4257258957624618,0.5742741042375382,1.0,0.01,0.24246234400123232,90,590,690,720
2023-01-22,0.3765940070152282,-0.0028944165892842433,0,0,0.4735570981224609,0.5264429018775392,0.5264429018775392,1.0,0.01,0.24246234400123232,90,590,690,720
2023-01-23,0.3755039870738983,-0.04316060630375518,0,0,0.4384141640489696,0.5615858359510304,0.5615858359510304,1.0,0.01,0.24246234400123232,90,590,690,720
2023-01-24,0.3592970073223114,0.03927942311247823,1,0,0.41374413801384813,0.5862558619861519,0.5862558619861519,1.0,0.01,0.24246234400123232,90,590,690,720
2023-01-25,0.3734099864959717,0.017806211870169175,1,0,0.42889319880862675,0.5711068011913732,0.5711068011913732,1.0,0.01,0.24246234400123232,90,590,690,720
2023-01-26,0.380059003829956,0.0234699981117672,1,0,0.4585087858875313,0.5414912141124687,0.5414912141124687,1.0,0.01,0.24246234400123232,90,590,690,720
2023-01-27,0.3889789879322052,-0.017039421408371558,0,0,0.41147904908603783,0.5885209509139622,0.5885209509139622,1.0,0.01,0.24246234400123232,90,590,690,720
2023-01-28,0.3823510110378265,0.036516185927027545,1,0,0.4338585566304943,0.5661414433695058,0.5661414433695058,1.0,0.01,0.24246234400123232,90,590,690,720
2023-01-29,0.3963130116462707,-0.06005861908558374,0,0,0.413004536681001,0.586995463318999,0.586995463318999,1.0,0.01,0.24246234400123232,90,590,690,720
2023-01-30,0.3725109994411468,0.04943479264396422,1,0,0.4715320317548558,0.5284679682451442,0.5284679682451442,1.0,0.01,0.24246234400123232,90,590,690,720
2023-01-31,0.3909260034561157,0.016159041875995817,1,0,0.42425957878204296,0.5757404212179571,0.5757404212179571,1.0,0.01,0.24246234400123232,90,590,690,720
2023-02-01,0.3972429931163788,0.0008055959282968761,1,0,0.43639675420889285,0.5636032457911071,0.5636032457911071,1.0,0.01,0.24246234400123232,90,590,690,720
2023-02-02,0.3975630104541778,0.017036280581987917,1,0,0.45609211385438014,0.5439078861456199,0.5439078861456199,1.0,0.01,0.24246234400123232,90,590,690,720
2023-02-03,0.404336005449295,-0.011401413623158274,0,0,0.38496991493868593,0.6150300850613141,0.6150300850613141,1.0,0.01,0.24246234400123232,90,590,690,720
2023-02-04,0.399726003408432,-0.018147442039297634,0,0,0.3941903922412545,0.6058096077587455,0.6058096077587455,1.0,0.01,0.24246234400123232,90,590,690,720
2023-02-05,0.3924719989299774,-0.025609500974814403,0,0,0.4572427240604601,0.5427572759395398,0.5427572759395398,1.0,0.01,0.24246234400123232,90,590,690,720
2023-02-06,0.3824209868907928,0.04390192924378655,1,0,0.44529945639481816,0.5547005436051818,0.5547005436051818,1.0,0.01,0.24246234400123232,90,590,690,720
2023-02-07,0.3992100059986114,-0.012968089843687136,0,0,0.4309377726020151,0.5690622273979848,0.5690622273979848,1.0,0.01,0.24246234400123232,90,590,690,720
2023-02-08,0.3940330147743225,-0.07994763701755492,0,0,0.4359244739992778,0.5640755260007222,0.5640755260007222,1.0,0.01,0.24246234400123232,90,590,690,720
2023-02-09,0.3625310063362121,-0.01074666147999881,0,1,0.5309669647692254,0.46903303523077455,0.5309669647692254,1.0,0.01,0.24246234400123232,90,590,690,720
2023-02-10,0.3586350083351135,0.029464439893187366,1,0,0.4265493477495188,0.5734506522504812,0.5734506522504812,1.0,0.01,0.24246234400123232,90,590,690,720
2023-02-11,0.3692019879817962,-0.013288115629159436,0,0,0.3683370397297413,0.6316629602702587,0.6316629602702587,1.0,0.01,0.24246234400123232,90,590,690,720
2023-02-12,0.3642959892749786,-0.012816448641557843,0,0,0.4272374419068781,0.5727625580931219,0.5727625580931219,1.0,0.01,0.24246234400123232,90,590,690,720
2023-02-13,0.3596270084381103,0.07456053991520739,1,0,0.4930538375093357,0.5069461624906644,0.5069461624906644,1.0,0.01,0.24246234400123232,90,590,690,720
2023-02-14,0.3864409923553467,0.08196334826581841,1,0,0.3952315782562932,0.6047684217437068,0.6047684217437068,1.0,0.01,0.24246234400123232,90,590,690,720
2023-02-15,0.4181149899959564,-0.07226002203482351,0,0,0.37746441810598924,0.6225355818940108,0.6225355818940108,1.0,0.01,0.24246234400123232,90,590,690,720
2023-02-16,0.3879019916057586,0.04135325666106149,1,0,0.43938566467820783,0.5606143353217922,0.5606143353217922,1.0,0.01,0.24246234400123232,90,590,690,720
2023-02-17,0.4039430022239685,0.005911726345384727,1,0,0.33603512481906184,0.6639648751809382,0.6639648751809382,1.0,0.01,0.24246234400123232,90,590,690,720
2023-02-18,0.4063310027122497,-0.015317576982480596,0,0,0.3518529228575726,0.6481470771424274,0.6481470771424274,1.0,0.01,0.24246234400123232,90,590,690,720
2023-02-19,0.4001069962978363,0.009737390340953667,1,0,0.45806564494105306,0.5419343550589469,0.5419343550589469,1.0,0.01,0.24329778600810298,120,620,720,750
2023-02-20,0.4040029942989349,-0.028677957384617647,0,0,0.45262008202217735,0.5473799179778227,0.5473799179778227,1.0,0.01,0.24329778600810298,120,620,720,750
2023-02-21,0.3924170136451721,-0.00890894357474159,0,0,0.4695463804493879,0.5304536195506121,0.5304536195506121,1.0,0.01,0.24329778600810298,120,620,720,750
2023-02-22,0.3889209926128387,-0.015165030743623853,0,0,0.45863145454991894,0.5413685454500811,0.5413685454500811,1.0,0.01,0.24329778600810298,120,620,720,750
2023-02-23,0.3830229938030243,-0.0449163285836367,0,0,0.46146607991697486,0.5385339200830251,0.5385339200830251,1.0,0.01,0.24329778600810298,120,620,720,750
2023-02-24,0.3658190071582794,-0.009444596833736996,0,1,0.551645212903057,0.448354787096943,0.551645212903057,1.0,0.01,0.24329778600810298,120,620,720,750
2023-02-25,0.3623639941215515,0.01823854721283591,1,0,0.47380414930164144,0.5261958506983586,0.5261958506983586,1.0,0.01,0.24329778600810298,120,620,720,750
2023-02-26,0.3689729869365692,-0.011041397648707485,0,0,0.44228390723277294,0.5577160927672271,0.5577160927672271,1.0,0.01,0.24329778600810298,120,620,720,750
2023-02-27,0.3648990094661712,-0.0341053345485155,0,0,0.48795586465635005,0.51204413534365,0.51204413534365,1.0,0.01,0.24329778600810298,120,620,720,750
2023-02-28,0.3524540066719055,0.022419936288271547,1,1,0.5005709813451841,0.4994290186548159,0.5005709813451841,1.0,0.01,0.24329778600810298,120,620,720,750
2023-03-01,0.3603560030460357,-0.028166633185960133,0,0,0.4416543083275224,0.5583456916724776,0.5583456916724776,1.0,0.01,0.24329778600810298,120,620,720,750
2023-03-02,0.3502059876918793,-0.021327443546541813,0,0,0.48850448302830074,0.5114955169716993,0.5114955169716993,1.0,0.01,0.24329778600810298,120,620,720,750
2023-03-03,0.3427369892597198,-0.018200497463336962,0,1,0.5448870826591177,0.45511291734088233,0.5448870826591177,1.0,0.01,0.24329778600810298,120,620,720,750
2023-03-04,0.3364990055561065,0.0017919529594858652,1,0,0.45891648913591204,0.5410835108640879,0.5410835108640879,1.0,0.01,0.24329778600810298,120,620,720,750
2023-03-05,0.3371019959449768,-0.018632308708857126,0,0,0.47592737775435184,0.5240726222456482,0.5240726222456482,1.0,0.01,0.24329778600810298,120,620,720,750
2023-03-06,0.3308210074901581,-0.0010217547642628055,0,1,0.5194614140433791,0.4805385859566209,0.5194614140433791,1.0,0.01,0.24329778600810298,120,620,720,750
2023-03-07,0.3304829895496368,-0.039051889280431906,0,0,0.4947825503949218,0.5052174496050782,0.5052174496050782,1.0,0.01,0.24329778600810298,120,620,720,750
2023-03-08,0.3175770044326782,-0.024872758517268556,0,1,0.527665448012891,0.47233455198710905,0.527665448012891,1.0,0.01,0.24329778600810298,120,620,720,750
2023-03-09,0.3096779882907867,0.01829003348933611,1,1,0.5641914151001551,0.43580858489984486,0.5641914151001551,1.0,0.01,0.24329778600810298,120,620,720,750
2023-03-10,0.3153420090675354,-0.025416869779972262,0,0,0.4773380712688839,0.522661928731116,0.522661928731116,1.0,0.01,0.24329778600810298,120,620,720,750
2023-03-11,0.307327002286911,0.07878254293974396,1,1,0.5009709866429297,0.4990290133570703,0.5009709866429297,1.0,0.01,0.24329778600810298,120,620,720,750
2023-03-12,0.3315390050411224,0.039349808707780376,1,0,0.3941431201428318,0.6058568798571682,0.6058568798571682,1.0,0.01,0.24329778600810298,120,620,720,750
2023-03-13,0.3445850014686584,-0.0008039020427845767,0,0,0.4950077043610471,0.504992295638953,0.504992295638953,1.0,0.01,0.24329778600810298,120,620,720,750
2023-03-14,0.3443079888820648,-0.05713196825187161,0,0,0.4278400213329674,0.5721599786670326,0.5721599786670326,1.0,0.01,0.24329778600810298,120,620,720,750
2023-03-15,0.3246369957923889,0.0022979874249633436,1,0,0.4833606477269268,0.5166393522730732,0.5166393522730732,1.0,0.01,0.24329778600810298,120,620,720,750
2023-03-16,0.3253830075263977,0.07726586873360608,1,0,0.42697025811564404,0.573029741884356,0.573029741884356,1.0,0.01,0.24329778600810298,120,620,720,750
2023-03-17,0.3505240082740783,-0.036553849575662656,0,0,0.43954309645860606,0.560456903541394,0.560456903541394,1.0,0.01,0.24329778600810298,120,620,720,750
2023-03-18,0.3377110064029693,0.024574245296447694,1,0,0.4664012326498135,0.5335987673501865,0.5335987673501865,1.0,0.01,0.24329778600810298,120,620,720,750
2023-03-19,0.3460099995136261,-0.038770581203426246,0,0,0.41796528788242165,0.5820347121175784,0.5820347121175784,1.0,0.01,0.24329778600810298,120,620,720,750
2023-03-20,0.3325949907302856,0.1161803599916702,1,1,0.5032210979283133,0.49677890207168673,0.5032210979283133,1.0,0.01,0.24329778600810298,120,620,720,750
2023-03-21,0.3712359964847564,-0.02861524236162749,0,1,0.6038033165552245,0.39619668344477554,0.6038033165552245,1.0,0.01,0.24486672583065927,150,650,750,780
2023-03-22,0.3606129884719848,0.031701636440630176,1,0,0.4999995642630067,0.5000004357369934,0.5000004357369934,1.0,0.01,0.24486672583065927,150,650,750,780
2023-03-23,0.3720450103282928,-0.03215201446935956,0,0,0.43023124657457956,0.5697687534254204,0.5697687534254204,1.0,0.01,0.24486672583065927,150,650,750,780
2023-03-24,0.3600830137729645,-0.022458735575380362,0,0,0.45584747420524324,0.5441525257947568,0.5441525257947568,1.0,0.01,0.24486672583065927,150,650,750,780
2023-03-25,0.3519960045814514,0.012071178236336078,1,0,0.471076643683746,0.528923356316254,0.528923356316254,1.0,0.01,0.24486672583065927,150,650,750,780
2023-03-26,0.3562450110912323,-0.030133769754197237,0,0,0.4673458827369452,0.5326541172630548,0.5326541172630548,1.0,0.01,0.24486672583065927,150,650,750,780
2023-03-27,0.3455100059509277,0.06611671545307907,1,1,0.541657807277281,0.45834219272271903,0.541657807277281,1.0,0.01,0.24486672583065927,150,650,750,780
2023-03-28,0.3683539927005768,0.035930118902978814,1,0,0.42514152336568695,0.574858476634313,0.574858476634313,1.0,0.01,0.24486672583065927,150,650,750,780
2023-03-29,0.3815889954566955,-0.013443765472701319,0,1,0.5056490761281772,0.4943509238718228,0.5056490761281772,1.0,0.01,0.24486672583065927,150,650,750,780
2023-03-30,0.376459002494812,0.059671855342376734,1,0,0.4450885442792201,0.5549114557207799,0.5549114557207799,1.0,0.01,0.24486672583065927,150,650,750,780
2023-03-31,0.3989230096340179,-0.03392890961093742,0,1,0.5160704573564029,0.4839295426435971,0.5160704573564029,1.0,0.01,0.24486672583065927,150,650,750,780
2023-04-01,0.3853879868984222,-0.009432025349003115,0,0,0.43083668512026735,0.5691633148797326,0.5691633148797326,1.0,0.01,0.24486672583065927,150,650,750,780
2023-04-02,0.381752997636795,0.014108585772830473,1,0,0.44477865787821164,0.5552213421217884,0.5552213421217884,1.0,0.01,0.24486672583065927,150,650,750,780
2023-04-03,0.3871389925479889,0.006571323723392419,1,1,0.6096371937114032,0.39036280628859676,0.6096371937114032,1.0,0.01,0.24486672583065927,150,650,750,780
2023-04-04,0.3896830081939697,0.0068799179417651235,1,0,0.40365684294235116,0.5963431570576488,0.5963431570576488,1.0,0.01,0.24486672583065927,150,650,750,780
2023-04-05,0.3923639953136444,-0.023330356625408277,0,0,0.4253456767475124,0.5746543232524877,0.5746543232524877,1.0,0.01,0.24486672583065927,150,650,750,780
2023-04-06,0.3832100033760071,0.0011299233792338992,1,0,0.44838410636631976,0.5516158936336802,0.5516158936336802,1.0,0.01,0.24486672583065927,150,650,750,780
2023-04-07,0.3836430013179779,0.00519229393355336,1,0,0.4274905998336395,0.5725094001663604,0.5725094001663604,1.0,0.01,0.24486672583065927,150,650,750,780
2023-04-08,0.3856349885463714,0.010522912977618093,1,0,0.46916189997684504,0.530838100023155,0.530838100023155,1.0,0.01,0.24486672583065927,150,650,750,780
2023-04-09,0.3896929919719696,0.01872242021540793,1,0,0.45846972656045226,0.5415302734395477,0.5415302734395477,1.0,0.01,0.24486672583065927,150,650,750,780
2023-04-10,0.3969889879226684,0.01125222772909007,1,1,0.5073138617237577,0.4926861382762423,0.5073138617237577,1.0,0.01,0.24486672583065927,150,650,750,780
2023-04-11,0.4014559984207153,0.012721233189722181,1,1,0.5392371564318905,0.4607628435681095,0.5392371564318905,1.0,0.01,0.24486672583065927,150,650,750,780
2023-04-12,0.4065630137920379,0.047215248859202585,1,0,0.4316395332029761,0.5683604667970239,0.5683604667970239,1.0,0.01,0.24486672583065927,150,650,750,780
2023-04-13,0.4257589876651764,0.029526110728182564,1,1,0.5180495775520844,0.48195042244791564,0.5180495775520844,1.0,0.01,0.24486672583065927,150,650,750,780
2023-04-14,0.4383299946784973,0.03410674008564363,1,1,0.5215837592163409,0.4784162407836591,0.5215837592163409,1.0,0.01,0.24486672583065927,150,650,750,780
2023-04-15,0.4532800018787384,-0.0033643986775944157,0,1,0.5220126878848278,0.4779873121151722,0.5220126878848278,1.0,0.01,0.24486672583065927,150,650,750,780
2023-04-16,0.4517549872398376,-0.03893258528515764,0,1,0.514586073638204,0.48541392636179603,0.514586073638204,1.0,0.01,0.24486672583065927,150,650,750,780
2023-04-17,0.4341669976711273,0.02207674276354976,1,1,0.5320894072954286,0.46791059270457136,0.5320894072954286,1.0,0.01,0.24486672583065927,150,650,750,780
2023-04-18,0.4437519907951355,-0.06300589005420199,0,0,0.45815850695976656,0.5418414930402334,0.5418414930402334,1.0,0.01,0.24486672583065927,150,650,750,780
2023-04-19,0.4157930016517639,-0.03622476633310168,0,1,0.5903142928449344,0.4096857071550656,0.5903142928449344,1.0,0.01,0.24486672583065927,150,650,750,780
2023-04-20,0.4007309973239898,-0.04439882760321967,0,0,0.483025819651,0.516974180349,0.516974180349,1.0,0.1,0.25245210378788285,180,680,780,810
2023-04-21,0.3829390108585357,0.03450677978514172,1,1,0.5616256648096524,0.43837433519034763,0.5616256648096524,1.0,0.1,0.25245210378788285,180,680,780,810
2023-04-22,0.3961530029773712,-0.018056166062412227,0,0,0.38450386787642793,0.6154961321235721,0.6154961321235721,1.0,0.1,0.25245210378788285,180,680,780,810
2023-04-23,0.3889999985694885,-0.013069429298548374,0,0,0.4387810431450169,0.561218956854983,0.561218956854983,1.0,0.1,0.25245210378788285,180,680,780,810
2023-04-24,0.3839159905910492,0.028659961281106483,1,0,0.4725437285317525,0.5274562714682475,0.5274562714682475,1.0,0.1,0.25245210378788285,180,680,780,810
2023-04-25,0.3949190080165863,0.016659066144764978,1,0,0.36559406267738714,0.6344059373226129,0.6344059373226129,1.0,0.1,0.25245210378788285,180,680,780,810
2023-04-26,0.4014979898929596,0.020784681633519764,1,0,0.465815965444091,0.534184034555909,0.534184034555909,1.0,0.1,0.25245210378788285,180,680,780,810
2023-04-27,0.4098429977893829,-0.011982650730810951,0,0,0.48272213434390693,0.517277865656093,0.517277865656093,1.0,0.1,0.25245210378788285,180,680,780,810
2023-04-28,0.4049319922924042,-0.005304600345191091,0,1,0.5238707990025018,0.4761292009974982,0.5238707990025018,1.0,0.1,0.25245210378788285,180,680,780,810
2023-04-29,0.402783989906311,-0.013481129526278113,0,0,0.46235816995795653,0.5376418300420435,0.5376418300420435,1.0,0.1,0.25245210378788285,180,680,780,810
2023-04-30,0.3973540067672729,-0.02641725920701332,0,0,0.4572921608065722,0.5427078391934278,0.5427078391934278,1.0,0.1,0.25245210378788285,180,680,780,810
2023-05-01,0.3868570029735565,0.01270749255417658,1,0,0.4819356735674846,0.5180643264325153,0.5180643264325153,1.0,0.1,0.25245210378788285,180,680,780,810
2023-05-02,0.391772985458374,0.0055364027227111645,1,0,0.4245829535463078,0.5754170464536922,0.5754170464536922,1.0,0.1,0.25245210378788285,180,680,780,810
2023-05-03,0.3939419984817505,-0.016484623822672795,0,0,0.4146917166964558,0.5853082833035441,0.5853082833035441,1.0,0.1,0.25245210378788285,180,680,780,810
2023-05-04,0.3874480128288269,0.018675987058441423,1,0,0.4610413005088877,0.5389586994911123,0.5389586994911123,1.0,0.1,0.25245210378788285,180,680,780,810
2023-05-05,0.3946839869022369,-0.03690291848836047,0,0,0.430032220698607,0.569967779301393,0.569967779301393,1.0,0.1,0.25245210378788285,180,680,780,810
2023-05-06,0.3801189959049225,-0.008452585667202861,0,0,0.4520570960225039,0.5479429039774961,0.5479429039774961,1.0,0.1,0.25245210378788285,180,680,780,810
2023-05-07,0.376906007528305,-0.029391943475012283,0,0,0.42941427273391863,0.5705857272660814,0.5705857272660814,1.0,0.1,0.25245210378788285,180,680,780,810
2023-05-08,0.3658280074596405,-0.005527182516940288,0,0,0.4742747432000295,0.5257252567999705,0.5257252567999705,1.0,0.1,0.25245210378788285,180,680,780,810
2023-05-09,0.3638060092926025,0.016852369696044533,1,0,0.41435185254962004,0.58564814745038,0.58564814745038,1.0,0.1,0.25245210378788285,180,680,780,810
2023-05-10,0.369937002658844,-0.026755925589779794,0,0,0.3885606579622046,0.6114393420377954,0.6114393420377954,1.0,0.1,0.25245210378788285,180,680,780,810
2023-05-11,0.3600389957427978,0.028952469119860824,1,0,0.4183435049602564,0.5816564950397436,0.5816564950397436,1.0,0.1,0.25245210378788285,180,680,780,810
2023-05-12,0.3704630136489868,-0.014662758485540328,0,0,0.3824210419203676,0.6175789580796325,0.6175789580796325,1.0,0.1,0.25245210378788285,180,680,780,810
2023-05-13,0.3650310039520263,0.01569730531510727,1,0,0.44042409391072496,0.5595759060892751,0.5595759060892751,1.0,0.1,0.25245210378788285,180,680,780,810
2023-05-14,0.3707610070705414,-0.008843973498222524,0,0,0.4372565163865921,0.562743483613408,0.562743483613408,1.0,0.1,0.25245210378788285,180,680,780,810
2023-05-15,0.3674820065498352,0.0009469898180549663,1,0,0.4415521531108226,0.5584478468891774,0.5584478468891774,1.0,0.1,0.25245210378788285,180,680,780,810
2023-05-16,0.3678300082683563,0.020648132236327887,1,0,0.4528247062762337,0.5471752937237663,0.5471752937237663,1.0,0.1,0.25245210378788285,180,680,780,810
2023-05-17,0.3754250109195709,-0.008915254239979076,0,0,0.4140026165427984,0.5859973834572016,0.5859973834572016,1.0,0.1,0.25245210378788285,180,680,780,810
2023-05-18,0.372078001499176,-0.010382249997717419,0,0,0.4951181305198468,0.5048818694801531,0.5048818694801531,1.0,0.1,0.25245210378788285,180,680,780,810
2023-05-19,0.3682149946689605,-0.005045954167642863,0,0,0.4708998436733578,0.5291001563266422,0.5291001563266422,1.0,0.1,0.25245210378788285,180,680,780,810
2023-05-20,0.3663569986820221,-0.016361068880323737,0,0,0.47760125240846274,0.5223987475915373,0.5223987475915373,10.0,scale,0.24822776199278893,210,710,810,840
2023-05-21,0.3603630065917969,0.021184150285284753,1,0,0.48378290327725354,0.5162170967227464,0.5162170967227464,10.0,scale,0.24822776199278893,210,710,810,840
2023-05-22,0.3679969906806946,0.006758217774153197,1,0,0.40620154048706275,0.5937984595129373,0.5937984595129373,10.0,scale,0.24822776199278893,210,710,810,840
2023-05-23,0.3704839944839477,-0.01686980850074571,0,0,0.4802237633963692,0.5197762366036308,0.5197762366036308,10.0,scale,0.24822776199278893,210,710,810,840
2023-05-24,0.3642340004444122,-0.015973273690614187,0,0,0.49026824762125454,0.5097317523787455,0.5097317523787455,10.0,scale,0.24822776199278893,210,710,810,840
2023-05-25,0.3584159910678863,0.01246602799081531,1,0,0.48566075121583374,0.5143392487841663,0.5143392487841663,10.0,scale,0.24822776199278893,210,710,810,840
2023-05-26,0.3628840148448944,0.010719617764477718,1,0,0.42146231601581646,0.5785376839841836,0.5785376839841836,10.0,scale,0.24822776199278893,210,710,810,840
2023-05-27,0.3667739927768707,0.04423707917181052,1,0,0.47163569778267883,0.5283643022173212,0.5283643022173212,10.0,scale,0.24822776199278893,210,710,810,840
2023-05-28,0.3829990029335022,-0.010080992496175889,0,0,0.40394319282050906,0.5960568071794909,0.5960568071794909,10.0,scale,0.24822776199278893,210,710,810,840
2023-05-29,0.3791379928588867,-0.0031755826237879203,0,1,0.5018649026160097,0.4981350973839903,0.5018649026160097,10.0,scale,0.24822776199278893,210,710,810,840
2023-05-30,0.3779340088367462,-0.009342924627727234,0,0,0.4742647350468281,0.5257352649531719,0.5257352649531719,10.0,scale,0.24822776199278893,210,710,810,840
2023-05-31,0.3744029998779297,-0.025851795129779198,0,0,0.4564019529029096,0.5435980470970905,0.5435980470970905,10.0,scale,0.24822776199278893,210,710,810,840
2023-06-01,0.3647240102291107,0.0372336179116588,1,1,0.5057964640714503,0.4942035359285497,0.5057964640714503,10.0,scale,0.24822776199278893,210,710,810,840
2023-06-02,0.3783040046691894,-0.006016334304307924,0,0,0.4248950974206649,0.5751049025793351,0.5751049025793351,10.0,scale,0.24822776199278893,210,710,810,840
2023-06-03,0.3760280013084411,0.004427851493405299,1,0,0.47929386154489456,0.5207061384551055,0.5207061384551055,10.0,scale,0.24822776199278893,210,710,810,840
2023-06-04,0.3776929974555969,-0.06798645716963114,0,0,0.4629426336749922,0.5370573663250078,0.5370573663250078,10.0,scale,0.24822776199278893,210,710,810,840
2023-06-05,0.3520149886608124,0.0048293792330511565,1,1,0.5221024768057744,0.4778975231942256,0.5221024768057744,10.0,scale,0.24822776199278893,210,710,810,840
2023-06-06,0.3537150025367737,-0.08887666439795538,0,0,0.4482377924383598,0.5517622075616402,0.5517622075616402,10.0,scale,0.24822776199278893,210,710,810,840
2023-06-07,0.3222779929637909,0.002727519464612582,1,1,0.6947918472871868,0.3052081527128132,0.6947918472871868,10.0,scale,0.24822776199278893,210,710,810,840
2023-06-08,0.3231570124626159,-0.08589015387311105,0,1,0.5032010880930589,0.49679891190694114,0.5032010880930589,10.0,scale,0.24822776199278893,210,710,810,840
2023-06-09,0.295401006937027,-0.06502009228599681,0,1,0.6804235700385731,0.3195764299614269,0.6804235700385731,10.0,scale,0.24822776199278893,210,710,810,840
2023-06-10,0.2761940062046051,-0.012903973473846864,0,1,0.5736039041612709,0.42639609583872906,0.5736039041612709,10.0,scale,0.24822776199278893,210,710,810,840
2023-06-11,0.2726300060749054,0.008869095736801835,1,1,0.6350555171995723,0.3649444828004277,0.6350555171995723,10.0,scale,0.24822776199278893,210,710,810,840
2023-06-12,0.2750479876995086,-0.00022537460130089837,0,1,0.5991422116203343,0.4008577883796657,0.5991422116203343,10.0,scale,0.24822776199278893,210,710,810,840
2023-06-13,0.2749859988689422,-0.04276580066823443,0,1,0.540556423099851,0.45944357690014903,0.540556423099851,10.0,scale,0.24822776199278893,210,710,810,840
2023-06-14,0.2632260024547577,-0.004821000500543682,0,1,0.5837736738475763,0.4162263261524237,0.5837736738475763,10.0,scale,0.24822776199278893,210,710,810,840
2023-06-15,0.2619569897651672,0.004687810373320778,1,1,0.5701903760383313,0.42980962396166866,0.5701903760383313,10.0,scale,0.24822776199278893,210,710,810,840
2023-06-16,0.2631849944591522,0.014221908379131065,1,0,0.4787717564463321,0.5212282435536679,0.5212282435536679,10.0,scale,0.24822776199278893,210,710,810,840
2023-06-17,0.2669279873371124,-0.022346830282014007,0,1,0.5179900095151058,0.48200999048489424,0.5179900095151058,10.0,scale,0.24822776199278893,210,710,810,840
2023-06-18,0.2609629929065704,0.007989639654815361,1,1,0.5039093032271479,0.4960906967728521,0.5039093032271479,10.0,scale,0.24822776199278893,210,710,810,840
2023-06-19,0.263047993183136,0.027679380079773885,1,0,0.48293525077950966,0.5170647492204903,0.5170647492204903,10.0,scale,0.254925075989537,240,740,840,870
2023-06-20,0.2703289985656738,0.06166930665824699,1,0,0.4661189161945391,0.5338810838054608,0.5338810838054608,10.0,scale,0.254925075989537,240,740,840,870
2023-06-21,0.2870000004768371,0.011543571306781075,1,0,0.4416894936911967,0.5583105063088033,0.5583105063088033,10.0,scale,0.254925075989537,240,740,840,870
2023-06-22,0.2903130054473877,0.021249448738195342,1,1,0.5035543763723025,0.4964456236276975,0.5035543763723025,10.0,scale,0.254925075989537,240,740,840,870
2023-06-23,0.2964819967746734,-0.021822555344966355,0,0,0.4968001158563612,0.5031998841436388,0.5031998841436388,10.0,scale,0.254925075989537,240,740,840,870
2023-06-24,0.290012001991272,0.00797549076227888,1,1,0.5274532324842235,0.4725467675157765,0.5274532324842235,10.0,scale,0.254925075989537,240,740,840,870
2023-06-25,0.2923249900341034,-0.040950986965886615,0,1,0.5098152629608966,0.49018473703910337,0.5098152629608966,10.0,scale,0.254925075989537,240,740,840,870
2023-06-26,0.2803539931774139,0.021993662459250274,1,1,0.5349376799276585,0.4650623200723415,0.5349376799276585,10.0,scale,0.254925075989537,240,740,840,870
2023-06-27,0.2865200042724609,-0.06753806109746419,0,0,0.49690733366658646,0.5030926663334135,0.5030926663334135,10.0,scale,0.254925075989537,240,740,840,870
2023-06-28,0.2671689987182617,0.03142200791013283,1,1,0.5725110723286951,0.42748892767130486,0.5725110723286951,10.0,scale,0.254925075989537,240,740,840,870
2023-06-29,0.2755639851093292,0.041340769314044845,1,0,0.4547057995468272,0.5452942004531728,0.5452942004531728,10.0,scale,0.254925075989537,240,740,840,870
2023-06-30,0.2869560122489929,0.018762451127604107,1,0,0.4762903337257861,0.5237096662742139,0.5237096662742139,10.0,scale,0.254925075989537,240,740,840,870
2023-07-01,0.2923400104045868,-0.000974890876548673,0,0,0.4646963978561085,0.5353036021438915,0.5353036021438915,10.0,scale,0.254925075989537,240,740,840,870
2023-07-02,0.2920550107955932,0.014572529475271878,1,0,0.47310186101294893,0.5268981389870511,0.5268981389870511,10.0,scale,0.254925075989537,240,740,840,870
2023-07-03,0.2963109910488128,-0.01247336321367154,0,0,0.4712542492909937,0.5287457507090063,0.5287457507090063,10.0,scale,0.254925075989537,240,740,840,870
2023-07-04,0.292614996433258,-0.027831763003219212,0,0,0.4828536087795501,0.5171463912204499,0.5171463912204499,10.0,scale,0.254925075989537,240,740,840,870
2023-07-05,0.2844710052013397,-0.016771460356828527,0,1,0.5311206230128686,0.46887937698713145,0.5311206230128686,10.0,scale,0.254925075989537,240,740,840,870
2023-07-06,0.2797000110149383,0.017250610670552335,1,0,0.4966416308292754,0.5033583691707246,0.5033583691707246,10.0,scale,0.254925075989537,240,740,840,870
2023-07-07,0.2845250070095062,0.02153057350026044,1,0,0.44287829244756405,0.557121707552436,0.557121707552436,10.0,scale,0.254925075989537,240,740,840,870
2023-07-08,0.2906509935855865,-0.020849762663995297,0,0,0.442237998236429,0.5577620017635709,0.5577620017635709,10.0,scale,0.254925075989537,240,740,840,870
2023-07-09,0.2845909893512726,0.011946962752933832,1,1,0.5006769523544454,0.4993230476455546,0.5006769523544454,10.0,scale,0.254925075989537,240,740,840,870
2023-07-10,0.2879909873008728,0.016761019494847096,1,0,0.4401513226932238,0.5598486773067761,0.5598486773067761,10.0,scale,0.254925075989537,240,740,840,870
2023-07-11,0.292818009853363,-0.01386526799779575,0,0,0.409487763816773,0.590512236183227,0.590512236183227,10.0,scale,0.254925075989537,240,740,840,870
2023-07-12,0.2887580096721649,0.23860806218444597,1,0,0.479743507985517,0.520256492014483,0.520256492014483,10.0,scale,0.254925075989537,240,740,840,870
2023-07-13,0.3576579988002777,-0.08068320244019445,0,1,0.5073538311140016,0.49264616888599844,0.5073538311140016,10.0,scale,0.254925075989537,240,740,840,870
2023-07-14,0.3288010060787201,-0.00740877304087284,0,1,0.5662447071512451,0.4337552928487549,0.5662447071512451,10.0,scale,0.254925075989537,240,740,840,870
2023-07-15,0.3263649940490722,-0.035178365576378656,0,1,0.5416510693844077,0.45834893061559234,0.5416510693844077,10.0,scale,0.254925075989537,240,740,840,870
2023-07-16,0.3148840069770813,-0.0076059881765183635,0,1,0.5209378351947812,0.4790621648052188,0.5209378351947812,10.0,scale,0.254925075989537,240,740,840,870
2023-07-17,0.3124890029430389,-0.01628856758894337,0,0,0.489176318228322,0.510823681771678,0.510823681771678,10.0,scale,0.254925075989537,240,740,840,870
2023-07-18,0.3073990046977997,0.05242045764454817,1,0,0.4741084448475121,0.5258915551524879,0.5258915551524879,10.0,scale,0.254925075989537,240,740,840,870
2023-07-19,0.323513001203537,-0.022935719388556652,0,1,0.5544573940885871,0.4455426059114129,0.5544573940885871,10.0,scale,0.2500088582272886,270,770,870,900
2023-07-20,0.3160929977893829,-0.008861319584802185,0,0,0.4743156415701436,0.5256843584298564,0.5256843584298564,10.0,scale,0.2500088582272886,270,770,870,900
2023-07-21,0.313291996717453,-0.011235467667269017,0,0,0.4999478490612034,0.5000521509387966,0.5000521509387966,10.0,scale,0.2500088582272886,270,770,870,900
2023-07-22,0.3097720146179199,0.02385940499261885,1,0,0.48385104473129115,0.5161489552687089,0.5161489552687089,10.0,scale,0.2500088582272886,270,770,870,900
2023-07-23,0.3171629905700683,-0.03737508250155219,0,0,0.46238853186288037,0.5376114681371196,0.5376114681371196,10.0,scale,0.2500088582272886,270,770,870,900
2023-07-24,0.305308997631073,-0.004231746493474242,0,1,0.5134895370805056,0.4865104629194944,0.5134895370805056,10.0,scale,0.2500088582272886,270,770,870,900
2023-07-25,0.3040170073509216,0.00863111278587314,1,0,0.49747247941715167,0.5025275205828483,0.5025275205828483,10.0,scale,0.2500088582272886,270,770,870,900
2023-07-26,0.306641012430191,0.002882838403310606,1,0,0.4794945405214725,0.5205054594785274,0.5205054594785274,10.0,scale,0.2500088582272886,270,770,870,900
2023-07-27,0.3075250089168548,0.008701667350368592,1,0,0.41997000799203216,0.5800299920079679,0.5800299920079679,10.0,scale,0.2500088582272886,270,770,870,900
2023-07-28,0.3102009892463684,0.008265650636808841,1,0,0.4441783048791188,0.5558216951208812,0.5558216951208812,10.0,scale,0.2500088582272886,270,770,870,900
2023-07-29,0.3127650022506714,0.009169813348741673,1,0,0.44773476065612966,0.5522652393438703,0.5522652393438703,10.0,scale,0.2500088582272886,270,770,870,900
2023-07-30,0.3156329989433288,-0.02580530089739419,0,0,0.44597472937767985,0.5540252706223201,0.5540252706223201,10.0,scale,0.2500088582272886,270,770,870,900
2023-07-31,0.3074879944324493,0.008010110893198474,1,0,0.4811598076541486,0.5188401923458514,0.5188401923458514,10.0,scale,0.2500088582272886,270,770,870,900
2023-08-01,0.3099510073661804,-0.034076361772768515,0,0,0.4527941302333713,0.5472058697666287,0.5472058697666287,10.0,scale,0.2500088582272886,270,770,870,900
2023-08-02,0.2993890047073364,-0.02275641191547395,0,0,0.4313682632912729,0.568631736708727,0.568631736708727,10.0,scale,0.2500088582272886,270,770,870,900
2023-08-03,0.2925759851932525,0.0027754290139747617,1,0,0.46336248851069595,0.536637511489304,0.536637511489304,10.0,scale,0.2500088582272886,270,770,870,900
2023-08-04,0.2933880090713501,0.0008213750098025052,1,0,0.41580951577942976,0.5841904842205703,0.5841904842205703,10.0,scale,0.2500088582272886,270,770,870,900
2023-08-05,0.293628990650177,-0.005268481654604473,0,0,0.4347940109477071,0.5652059890522929,0.5652059890522929,10.0,scale,0.2500088582272886,270,770,870,900
2023-08-06,0.2920820116996765,-0.006114801003933801,0,0,0.43031041445383966,0.5696895855461603,0.5696895855461603,10.0,scale,0.2500088582272886,270,770,870,900
2023-08-07,0.2902959883213043,0.025660020715107423,1,0,0.45880709944554077,0.5411929005544592,0.5411929005544592,10.0,scale,0.2500088582272886,270,770,870,900
2023-08-08,0.2977449893951416,0.011402445322953536,1,0,0.4281238544447211,0.5718761455552789,0.5718761455552789,10.0,scale,0.2500088582272886,270,770,870,900
2023-08-09,0.3011400103569031,-0.016636808924901603,0,0,0.4617428858319203,0.5382571141680796,0.5382571141680796,10.0,scale,0.2500088582272886,270,770,870,900
2023-08-10,0.2961300015449524,-0.009050091611974231,0,0,0.48249915389812187,0.5175008461018782,0.5175008461018782,10.0,scale,0.2500088582272886,270,770,870,900
2023-08-11,0.2934499979019165,-0.005496647149843992,0,0,0.444721013562185,0.5552789864378149,0.5552789864378149,10.0,scale,0.2500088582272886,270,770,870,900
2023-08-12,0.2918370068073272,-0.007901719951901587,0,0,0.4259220583475755,0.5740779416524244,0.5740779416524244,10.0,scale,0.2500088582272886,270,770,870,900
2023-08-13,0.2895309925079345,0.0037301925837114336,1,0,0.4187918253415303,0.5812081746584696,0.5812081746584696,10.0,scale,0.2500088582272886,270,770,870,900
2023-08-14,0.2906109988689422,-0.030260415881513736,0,0,0.43472339472449817,0.5652766052755018,0.5652766052755018,10.0,scale,0.2500088582272886,270,770,870,900
2023-08-15,0.2818169891834259,-0.025850105470384577,0,0,0.4272625271712503,0.5727374728287498,0.5727374728287498,10.0,scale,0.2500088582272886,270,770,870,900
2023-08-16,0.2745319902896881,-0.06765695824850071,0,0,0.4328128300777231,0.5671871699222769,0.5671871699222769,10.0,scale,0.2500088582272886,270,770,870,900
2023-08-17,0.2559579908847809,0.03099728998867679,1,1,0.5238372395034284,0.4761627604965716,0.5238372395034284,10.0,scale,0.2500088582272886,270,770,870,900
2023-08-18,0.2638919949531555,0.016999358310221258,1,0,0.4641565386441853,0.5358434613558147,0.5358434613558147,0.1,scale,0.25052676861967244,300,800,900,930
2023-08-19,0.2683779895305633,0.00868557981208995,1,0,0.465636528849607,0.5343634711503931,0.5343634711503931,0.1,scale,0.25052676861967244,300,800,900,930
2023-08-20,0.2707090079784393,-0.027815859702336576,0,0,0.46455200056127255,0.5354479994387275,0.5354479994387275,0.1,scale,0.25052676861967244,300,800,900,930
2023-08-21,0.2631790041923523,-0.01828799176339413,0,0,0.46180259782466543,0.5381974021753346,0.5381974021753346,0.1,scale,0.25052676861967244,300,800,900,930
2023-08-22,0.2583659887313843,0.03715272378792167,1,0,0.4622337092570465,0.5377662907429535,0.5377662907429535,0.1,scale,0.25052676861967244,300,800,900,930
2023-08-23,0.2679649889469147,-0.007765853931968381,0,0,0.46659329245673886,0.5334067075432611,0.5334067075432611,0.1,scale,0.25052676861967244,300,800,900,930
2023-08-24,0.2658840119838714,-0.018068085868578998,0,0,0.46434551517260053,0.5356544848273994,0.5356544848273994,0.1,scale,0.25052676861967244,300,800,900,930
2023-08-25,0.2610799968242645,-0.0004863938150707625,0,0,0.461908240410924,0.538091759589076,0.538091759589076,0.1,scale,0.25052676861967244,300,800,900,930
2023-08-26,0.2609530091285705,0.009553421431614195,1,0,0.46517855601233576,0.5348214439876642,0.5348214439876642,0.1,scale,0.25052676861967244,300,800,900,930
2023-08-27,0.2634460031986236,0.015137818459529884,1,0,0.46534177984690367,0.5346582201530963,0.5346582201530963,0.1,scale,0.25052676861967244,300,800,900,930
2023-08-28,0.2674340009689331,0.018752237118764725,1,0,0.4645728885419682,0.5354271114580318,0.5354271114580318,0.1,scale,0.25052676861967244,300,800,900,930
2023-08-29,0.2724489867687225,-0.024940408806905956,0,0,0.45602225345366976,0.5439777465463302,0.5439777465463302,0.1,scale,0.25052676861967244,300,800,900,930
2023-08-30,0.2656539976596832,-0.038700703364610844,0,0,0.4633109947339839,0.536689005266016,0.536689005266016,0.1,scale,0.25052676861967244,300,800,900,930
2023-08-31,0.2553730010986328,-0.0007361508413687989,0,0,0.4616023145818676,0.5383976854181324,0.5383976854181324,0.1,scale,0.25052676861967244,300,800,900,930
2023-09-01,0.2551850080490112,0.004095023607348924,1,0,0.4645621399951092,0.5354378600048908,0.5354378600048908,0.1,scale,0.25052676861967244,300,800,900,930
2023-09-02,0.2562299966812134,-0.0017054656317794237,0,0,0.46539418479391864,0.5346058152060813,0.5346058152060813,0.1,scale,0.25052676861967244,300,800,900,930
2023-09-03,0.2557930052280426,0.0013800553629974566,1,0,0.4652813321686996,0.5347186678313004,0.5347186678313004,0.1,scale,0.25052676861967244,300,800,900,930
2023-09-04,0.2561460137367248,0.0057310007383504225,1,0,0.4650217611564421,0.5349782388435579,0.5349782388435579,0.1,scale,0.25052676861967244,300,800,900,930
2023-09-05,0.2576139867305755,0.00020580532990677192,1,0,0.4647600258992334,0.5352399741007666,0.5352399741007666,0.1,scale,0.25052676861967244,300,800,900,930
2023-09-06,0.2576670050621032,0.0002056473206284437,1,0,0.46440734386339383,0.5355926561366062,0.5355926561366062,0.1,scale,0.25052676861967244,300,800,900,930
2023-09-07,0.2577199935913086,-0.012998563308774802,0,0,0.4643496638356357,0.5356503361643643,0.5356503361643643,0.1,scale,0.25052676861967244,300,800,900,930
2023-09-08,0.2543700039386749,-0.0034516892961782286,0,0,0.46412724603905503,0.5358727539609449,0.5358727539609449,0.1,scale,0.25052676861967244,300,800,900,930
2023-09-09,0.253491997718811,-0.01751532487320362,0,0,0.4642747173540171,0.5357252826459828,0.5357252826459828,0.1,scale,0.25052676861967244,300,800,900,930
2023-09-10,0.2490520030260086,-0.02882533305068946,0,0,0.4562911787139513,0.5437088212860487,0.5437088212860487,0.1,scale,0.25052676861967244,300,800,900,930
2023-09-11,0.2418729960918426,0.016525193536498728,1,0,0.4621580648926875,0.5378419351073125,0.5378419351073125,0.1,scale,0.25052676861967244,300,800,900,930
2023-09-12,0.2458699941635131,0.012258564455781329,1,0,0.46522754452923426,0.5347724554707658,0.5347724554707658,0.1,scale,0.25052676861967244,300,800,900,930
2023-09-13,0.2488840073347091,0.009229195244278454,1,0,0.4662087836023347,0.5337912163976652,0.5337912163976652,0.1,scale,0.25052676861967244,300,800,900,930
2023-09-14,0.2511810064315796,-0.0021419665989419467,0,0,0.46447133722597217,0.5355286627740279,0.5355286627740279,0.1,scale,0.25052676861967244,300,800,900,930
2023-09-15,0.2506429851055145,-0.0008257846470165475,0,0,0.4641681527005068,0.5358318472994932,0.5358318472994932,0.1,scale,0.25052676861967244,300,800,900,930
2023-09-16,0.250436007976532,-0.01245829286282285,0,0,0.4646119762378281,0.535388023762172,0.535388023762172,0.1,scale,0.25052676861967244,300,800,900,930
2023-09-17,0.2473160028457641,0.017900119394380853,1,0,0.49995553739177473,0.5000444626082252,0.5000444626082252,0.1,scale,0.2530449393089217,330,830,930,960
2023-09-18,0.2517429888248443,0.013970605035365402,1,0,0.49049860284117114,0.5095013971588289,0.5095013971588289,0.1,scale,0.2530449393089217,330,830,930,960
2023-09-19,0.2552599906921386,-0.014220726333270206,0,0,0.4892918339870333,0.5107081660129666,0.5107081660129666,0.1,scale,0.2530449393089217,330,830,930,960
2023-09-20,0.2516300082206726,-0.024540043693806135,0,0,0.49269957091900096,0.507300429080999,0.507300429080999,0.1,scale,0.2530449393089217,330,830,930,960
2023-09-21,0.2454549968242645,-0.0021714760002393696,0,0,0.45878236467999145,0.5412176353200085,0.5412176353200085,0.1,scale,0.2530449393089217,330,830,930,960
2023-09-22,0.2449219971895218,0.004944441426082857,1,0,0.49177206245727173,0.5082279375427283,0.5082279375427283,0.1,scale,0.2530449393089217,330,830,930,960
2023-09-23,0.2461329996585846,-0.012623241992562373,0,0,0.4943262708165691,0.5056737291834309,0.5056737291834309,0.1,scale,0.2530449393089217,330,830,930,960
2023-09-24,0.243026003241539,0.011747725930623565,1,0,0.4949497782003139,0.5050502217996862,0.5050502217996862,0.1,scale,0.2530449393089217,330,830,930,960
2023-09-25,0.2458810061216354,-0.0019765714318612515,0,0,0.48193096691690296,0.518069033083097,0.518069033083097,0.1,scale,0.2530449393089217,330,830,930,960
2023-09-26,0.2453950047492981,-0.0024613527420762615,0,0,0.49431184206356593,0.5056881579364341,0.5056881579364341,0.1,scale,0.2530449393089217,330,830,930,960
2023-09-27,0.2447910010814666,0.01768445704271948,1,0,0.49672803823512257,0.5032719617648774,0.5032719617648774,0.1,scale,0.2530449393089217,330,830,930,960
2023-09-28,0.2491199970245361,0.001669860798078071,1,0,0.49124363877444205,0.5087563612255579,0.5087563612255579,0.1,scale,0.2530449393089217,330,830,930,960
2023-09-29,0.2495359927415847,0.018077607071793844,1,0,0.4869917122233497,0.5130082877766503,0.5130082877766503,0.1,scale,0.2530449393089217,330,830,930,960
2023-09-30,0.2540470063686371,0.04663704895228449,1,0,0.47512506642212654,0.5248749335778735,0.5248749335778735,0.1,scale,0.2530449393089217,330,830,930,960
2023-10-01,0.2658950090408325,-0.024002023771468983,0,0,0.4373606625560918,0.5626393374439083,0.5626393374439083,0.1,scale,0.2530449393089217,330,830,930,960
2023-10-02,0.2595129907131195,0.0058378621217203275,1,0,0.46480181445985785,0.5351981855401422,0.5351981855401422,0.1,scale,0.2530449393089217,330,830,930,960
2023-10-03,0.261027991771698,-0.006562429855025753,0,0,0.47575484212813446,0.5242451578718655,0.5242451578718655,0.1,scale,0.2530449393089217,330,830,930,960
2023-10-04,0.259315013885498,0.0032161199507929616,1,0,0.47923003599592506,0.5207699640040749,0.5207699640040749,0.1,scale,0.2530449393089217,330,830,930,960
2023-10-05,0.2601490020751953,0.01815502811727865,1,0,0.469221554352132,0.530778445647868,0.530778445647868,0.1,scale,0.2530449393089217,330,830,930,960
2023-10-06,0.2648720145225525,-0.023169731413211436,0,0,0.4604136970544444,0.5395863029455557,0.5395863029455557,0.1,scale,0.2530449393089217,330,830,930,960
2023-10-07,0.2587350010871887,-0.008139644443154626,0,0,0.471140678742596,0.528859321257404,0.528859321257404,0.1,scale,0.2530449393089217,330,830,930,960
2023-10-08,0.2566289901733398,-0.019432728218658823,0,0,0.48063358065200557,0.5193664193479944,0.5193664193479944,0.1,scale,0.2530449393089217,330,830,930,960
2023-10-09,0.2516419887542724,-0.009938706993992241,0,0,0.47074038933037127,0.5292596106696288,0.5292596106696288,0.1,scale,0.2530449393089217,330,830,930,960
2023-10-10,0.2491409927606582,-0.004575716036699262,0,0,0.49091863203415437,0.5090813679658457,0.5090813679658457,0.1,scale,0.2530449393089217,330,830,930,960
2023-10-11,0.2480009943246841,-0.008383011182134803,0,0,0.49199376097878156,0.5080062390212184,0.5080062390212184,0.1,scale,0.2530449393089217,330,830,930,960
2023-10-12,0.2459219992160797,0.0009108345564037279,1,0,0.49491848572830316,0.5050815142716969,0.5050815142716969,0.1,scale,0.2530449393089217,330,830,930,960
2023-10-13,0.2461459934711456,0.003514225013799832,1,0,0.4976192723479533,0.5023807276520467,0.5023807276520467,0.1,scale,0.2530449393089217,330,830,930,960
2023-10-14,0.2470110058784485,0.0013966652325188011,1,0,0.4969333520289619,0.5030666479710382,0.5030666479710382,0.1,scale,0.2530449393089217,330,830,930,960
2023-10-15,0.2473559975624084,0.017007936249757494,1,1,0.5028693965779444,0.4971306034220556,0.5028693965779444,0.1,scale,0.2530449393089217,330,830,930,960
2023-10-16,0.251563012599945,-0.01768150043821537,0,0,0.46339177061816583,0.5366082293818342,0.5366082293818342,0.1,scale,0.2530449393089217,330,830,930,960
2023-10-17,0.2471150010824203,-0.014819031830650364,0,0,0.48914969301842615,0.5108503069815739,0.5108503069815739,1.0,scale,0.2495840847709854,360,860,960,990
2023-10-18,0.2434529960155487,0.014253279531081464,1,0,0.4984415279556348,0.5015584720443652,0.5015584720443652,1.0,scale,0.2495840847709854,360,860,960,990
2023-10-19,0.2469229996204376,0.01707010714439594,1,1,0.5151057588575529,0.48489424114244706,0.5151057588575529,1.0,scale,0.2495840847709854,360,860,960,990
2023-10-20,0.2511380016803741,0.029653036451708248,1,1,0.5092761160060186,0.49072388399398137,0.5092761160060186,1.0,scale,0.2495840847709854,360,860,960,990
2023-10-21,0.2585850059986114,0.019289536438678923,1,0,0.47895467842489153,0.5210453215751085,0.5210453215751085,1.0,scale,0.2495840847709854,360,860,960,990
2023-10-22,0.2635729908943176,0.06214975008033652,1,0,0.4558886162572398,0.5441113837427602,0.5441113837427602,1.0,scale,0.2495840847709854,360,860,960,990
2023-10-23,0.2799539864063263,-0.0034326208307551287,0,0,0.39947499441892803,0.600525005581072,0.600525005581072,1.0,scale,0.2495840847709854,360,860,960,990
2023-10-24,0.278993010520935,0.005602229226833622,1,0,0.39766866274851165,0.6023313372514884,0.6023313372514884,1.0,scale,0.2495840847709854,360,860,960,990
2023-10-25,0.2805559933185577,0.024009504246753632,1,0,0.4031943297019543,0.5968056702980458,0.5968056702980458,1.0,scale,0.2495840847709854,360,860,960,990
2023-10-26,0.2872920036315918,0.007574129245885963,1,0,0.3976255341660902,0.6023744658339099,0.6023744658339099,1.0,scale,0.2495840847709854,360,860,960,990
2023-10-27,0.289467990398407,0.006156121312056451,1,0,0.40371212099861425,0.5962878790013857,0.5962878790013857,1.0,scale,0.2495840847709854,360,860,960,990
2023-10-28,0.2912499904632568,0.013847208271835942,1,0,0.40300384511953,0.59699615488047,0.59699615488047,1.0,scale,0.2495840847709854,360,860,960,990
2023-10-29,0.2952829897403717,0.025233413668658944,1,0,0.4020149202350263,0.5979850797649737,0.5979850797649737,1.0,scale,0.2495840847709854,360,860,960,990
2023-10-30,0.3027339875698089,-0.031800144653505225,0,0,0.406281099137424,0.5937189008625761,0.5937189008625761,1.0,scale,0.2495840847709854,360,860,960,990
2023-10-31,0.2931070029735565,0.04896503206545488,1,0,0.3978102760727592,0.6021897239272408,0.6021897239272408,1.0,scale,0.2495840847709854,360,860,960,990
2023-11-01,0.3074589967727661,0.051008412451684526,1,0,0.4106510664121289,0.5893489335878711,0.5893489335878711,1.0,scale,0.2495840847709854,360,860,960,990
2023-11-02,0.3231419920921325,0.018193286153838306,1,0,0.39569253470834453,0.6043074652916555,0.6043074652916555,1.0,scale,0.2495840847709854,360,860,960,990
2023-11-03,0.329021006822586,-0.00145587277956305,0,0,0.4070092473963883,0.5929907526036118,0.5929907526036118,1.0,scale,0.2495840847709854,360,860,960,990
2023-11-04,0.3285419940948486,0.04361087223921545,1,0,0.4173402611082314,0.5826597388917686,0.5826597388917686,1.0,scale,0.2495840847709854,360,860,960,990
2023-11-05,0.3428699970245361,0.05990026083008071,1,0,0.38933897564036396,0.610661024359636,0.610661024359636,1.0,scale,0.2495840847709854,360,860,960,990
2023-11-06,0.3634079992771148,-0.0325722208613467,0,0,0.3954342234272946,0.6045657765727054,0.6045657765727054,1.0,scale,0.2495840847709854,360,860,960,990
2023-11-07,0.3515709936618805,0.019282065888402533,1,0,0.3884998950383977,0.6115001049616022,0.6115001049616022,1.0,scale,0.2495840847709854,360,860,960,990
2023-11-08,0.35835000872612,0.027863819316179095,1,0,0.43126911795526407,0.5687308820447359,0.5687308820447359,1.0,scale,0.2495840847709854,360,860,960,990
2023-11-09,0.3683350086212158,0.04852915284977932,1,0,0.3927285579364036,0.6072714420635964,0.6072714420635964,1.0,scale,0.2495840847709854,360,860,960,990
2023-11-10,0.3862099945545196,-0.004261884178763942,0,0,0.42811756281638774,0.5718824371836122,0.5718824371836122,1.0,scale,0.2495840847709854,360,860,960,990
2023-11-11,0.3845640122890472,-0.0030710269131785095,0,0,0.4112703707775131,0.5887296292224868,0.5887296292224868,1.0,scale,0.2495840847709854,360,860,960,990
2023-11-12,0.3833830058574676,-0.06512546952981679,0,0,0.4324374713511341,0.5675625286488659,0.5675625286488659,1.0,scale,0.2495840847709854,360,860,960,990
2023-11-13,0.3584150075912475,-0.001520569892333512,0,0,0.41073928602636994,0.5892607139736301,0.5892607139736301,1.0,scale,0.2495840847709854,360,860,960,990
2023-11-14,0.3578700125217438,0.059859719981262494,1,0,0.45135972518162587,0.5486402748183741,0.5486402748183741,1.0,scale,0.2495840847709854,360,860,960,990
2023-11-15,0.3792920112609863,-0.01984225887032598,0,0,0.46713584164905325,0.5328641583509468,0.5328641583509468,1.0,scale,0.2495840847709854,360,860,960,990
2023-11-16,0.3717660009860992,-0.013871612391364474,0,0,0.4285425268504167,0.5714574731495833,0.5714574731495833,1.0,0.01,0.2517437238582262,390,890,990,1020
2023-11-17,0.3666090071201324,0.03023658284203945,1,1,0.5135816776683382,0.4864183223316618,0.5135816776683382,1.0,0.01,0.2517437238582262,390,890,990,1020
2023-11-18,0.3776940107345581,0.01808604351760401,1,1,0.5139555619732574,0.4860444380267426,0.5139555619732574,1.0,0.01,0.2517437238582262,390,890,990,1020
2023-11-19,0.3845250010490417,-0.00999417323037255,0,1,0.5116662882640571,0.48833371173594287,0.5116662882640571,1.0,0.01,0.2517437238582262,390,890,990,1020
2023-11-20,0.3806819915771484,-0.057924927475236254,0,0,0.4834896079929479,0.5165103920070522,0.5165103920070522,1.0,0.01,0.2517437238582262,390,890,990,1020
2023-11-21,0.3586310148239136,0.06142520230752746,1,0,0.4714168638830864,0.5285831361169135,0.5285831361169135,1.0,0.01,0.2517437238582262,390,890,990,1020
2023-11-22,0.3806599974632263,0.01580150992379914,1,1,0.5368992261905327,0.46310077380946735,0.5368992261905327,1.0,0.01,0.2517437238582262,390,890,990,1020
2023-11-23,0.3866750001907348,-0.001194790460790296,0,1,0.5214744382212039,0.4785255617787961,0.5214744382212039,1.0,0.01,0.2517437238582262,390,890,990,1020
2023-11-24,0.3862130045890808,0.022262325993710474,1,0,0.48248230838342193,0.517517691616578,0.517517691616578,1.0,0.01,0.2517437238582262,390,890,990,1020
2023-11-25,0.3948110044002533,-0.016782738746521142,0,1,0.5347312998895927,0.46526870011040733,0.5347312998895927,1.0,0.01,0.2517437238582262,390,890,990,1020
2023-11-26,0.3881849944591522,-0.02531268504813755,0,1,0.5003597202123721,0.49964027978762793,0.5003597202123721,1.0,0.01,0.2517437238582262,390,890,990,1020
2023-11-27,0.3783589899539947,0.01920134509371385,1,0,0.4883478852227522,0.5116521147772478,0.5116521147772478,1.0,0.01,0.2517437238582262,390,890,990,1020
2023-11-28,0.3856239914894104,-0.009978597142957568,0,0,0.4961547392758396,0.5038452607241604,0.5038452607241604,1.0,0.01,0.2517437238582262,390,890,990,1020
2023-11-29,0.3817760050296783,-0.015404350741205497,0,1,0.5047749326058736,0.4952250673941264,0.5047749326058736,1.0,0.01,0.2517437238582262,390,890,990,1020
2023-11-30,0.3758949935436249,0.022099283252132285,1,0,0.49555050106290777,0.5044494989370922,0.5044494989370922,1.0,0.01,0.2517437238582262,390,890,990,1020
2023-12-01,0.3842020034790039,0.035387629851190594,1,1,0.510219460005795,0.489780539994205,0.510219460005795,1.0,0.01,0.2517437238582262,390,890,990,1020
2023-12-02,0.3977980017662048,-0.006644048353424692,0,1,0.5127063455434987,0.4872936544565013,0.5127063455434987,1.0,0.01,0.2517437238582262,390,890,990,1020
2023-12-03,0.3951550126075744,0.029497250287008336,1,0,0.49421958498573343,0.5057804150142666,0.5057804150142666,1.0,0.01,0.2517437238582262,390,890,990,1020
2023-12-04,0.406810998916626,0.046328611389981456,1,0,0.4583744477843232,0.5416255522156768,0.5416255522156768,1.0,0.01,0.2517437238582262,390,890,990,1020
2023-12-05,0.4256579875946045,0.039346168990875174,1,0,0.4965474934193083,0.5034525065806916,0.5034525065806916,1.0,0.01,0.2517437238582262,390,890,990,1020
2023-12-06,0.4424059987068176,0.03170394623475259,1,0,0.44814201398328785,0.5518579860167121,0.5518579860167121,1.0,0.01,0.2517437238582262,390,890,990,1020
2023-12-07,0.4564320147037506,0.19606208608022935,1,0,0.49226396609617296,0.507736033903827,0.507736033903827,1.0,0.01,0.2517437238582262,390,890,990,1020
2023-12-08,0.5459210276603699,0.059860236367695885,1,0,0.342492882921118,0.657507117078882,0.657507117078882,1.0,0.01,0.2517437238582262,390,890,990,1020
2023-12-09,0.5785999894142151,0.02688389981268724,1,0,0.4088247650425121,0.5911752349574879,0.5911752349574879,1.0,0.01,0.2517437238582262,390,890,990,1020
2023-12-10,0.5941550135612488,-0.07259727292617668,0,0,0.46290463085293826,0.5370953691470617,0.5370953691470617,1.0,0.01,0.2517437238582262,390,890,990,1020
2023-12-11,0.5510209798812866,0.04607090540875869,1,0,0.45302418215270907,0.546975817847291,0.546975817847291,1.0,0.01,0.2517437238582262,390,890,990,1020
2023-12-12,0.5764070153236389,0.1541219408914012,1,0,0.48644185572156473,0.5135581442784353,0.5135581442784353,1.0,0.01,0.2517437238582262,390,890,990,1020
2023-12-13,0.6652439832687378,-0.03271883323110181,0,0,0.43149009126029536,0.5685099087397046,0.5685099087397046,1.0,0.01,0.2517437238582262,390,890,990,1020
2023-12-14,0.6434779763221741,-0.0653790387697254,0,0,0.47191953858477564,0.5280804614152244,0.5280804614152244,1.0,0.01,0.2517437238582262,390,890,990,1020
2023-12-15,0.6014080047607422,0.010310752717158644,1,0,0.49270229305455365,0.5072977069454463,0.5072977069454463,1.0,0.01,0.2517437238582262,390,890,990,1020
2023-12-16,0.60760897397995,-0.0449219721390659,0,1,0.524677679436352,0.475322320563648,0.524677679436352,1.0,0.01,0.2528864512769864,420,920,1020,1050
2023-12-17,0.5803139805793762,0.035703071871116654,1,1,0.5167545307770478,0.4832454692229522,0.5167545307770478,1.0,0.01,0.2528864512769864,420,920,1020,1050
2023-12-18,0.6010329723358154,-0.04065160864210016,0,1,0.5159985120797961,0.4840014879202039,0.5159985120797961,1.0,0.01,0.2528864512769864,420,920,1020,1050
2023-12-19,0.5766000151634216,0.0220759430966897,1,1,0.5165193463353979,0.48348065366460213,0.5165193463353979,1.0,0.01,0.2528864512769864,420,920,1020,1050
2023-12-20,0.5893290042877197,0.08020986518058515,1,1,0.5218851382253407,0.47811486177465934,0.5218851382253407,1.0,0.01,0.2528864512769864,420,920,1020,1050
2023-12-21,0.6365990042686462,-0.019451780600258872,0,1,0.5230759296968366,0.4769240703031634,0.5230759296968366,1.0,0.01,0.2528864512769864,420,920,1020,1050
2023-12-22,0.6242160201072693,-0.015488216066925853,0,1,0.5229193327665617,0.47708066723343834,0.5229193327665617,1.0,0.01,0.2528864512769864,420,920,1020,1050
2023-12-23,0.6145480275154114,-0.033509255940964544,0,1,0.5297898176966908,0.47021018230330924,0.5297898176966908,1.0,0.01,0.2528864512769864,420,920,1020,1050
2023-12-24,0.5939549803733826,0.05348216356372881,1,1,0.5127726439351675,0.4872273560648325,0.5127726439351675,1.0,0.01,0.2528864512769864,420,920,1020,1050
2023-12-25,0.6257209777832031,-0.0270439983173707,0,1,0.5313183549286916,0.4686816450713084,0.5313183549286916,1.0,0.01,0.2528864512769864,420,920,1020,1050
2023-12-26,0.6087989807128906,0.0406308938988551,1,1,0.5166102964898287,0.4833897035101713,0.5166102964898287,1.0,0.01,0.2528864512769864,420,920,1020,1050
2023-12-27,0.6335350275039673,-0.025433546894642722,0,1,0.5309471465686237,0.46905285343137626,0.5309471465686237,1.0,0.01,0.2528864512769864,420,920,1020,1050
2023-12-28,0.6174219846725464,-0.014460127997720118,0,1,0.5197621948475394,0.4802378051524606,0.5197621948475394,1.0,0.01,0.2528864512769864,420,920,1020,1050
2023-12-29,0.608493983745575,-0.010731390996132295,0,1,0.5297438669095176,0.4702561330904824,0.5297438669095176,1.0,0.01,0.2528864512769864,420,920,1020,1050
2023-12-30,0.601963996887207,-0.012889433702204522,0,1,0.5298614176902174,0.47013858230978256,0.5298614176902174,1.0,0.01,0.2528864512769864,420,920,1020,1050
2023-12-31,0.5942050218582153,0.048644783193197094,1,1,0.5220647869283943,0.4779352130716057,0.5220647869283943,1.0,0.01,0.2528864512769864,420,920,1020,1050
2024-01-01,0.6231099963188171,-0.027993454403465234,0,1,0.530278544266158,0.46972145573384205,0.530278544266158,1.0,0.01,0.2528864512769864,420,920,1020,1050
2024-01-02,0.605666995048523,-0.07988048110665003,0,1,0.5145872818267417,0.48541271817325826,0.5145872818267417,1.0,0.01,0.2528864512769864,420,920,1020,1050
2024-01-03,0.5572860240936279,0.02383154639695695,1,1,0.5036125634378096,0.4963874365621904,0.5036125634378096,1.0,0.01,0.2528864512769864,420,920,1020,1050
2024-01-04,0.5705670118331909,-0.05139625632774458,0,1,0.5312796238473273,0.4687203761526727,0.5312796238473273,1.0,0.01,0.2528864512769864,420,920,1020,1050
2024-01-05,0.5412420034408569,-0.03351366780852316,0,1,0.5150795262779487,0.48492047372205127,0.5150795262779487,1.0,0.01,0.2528864512769864,420,920,1020,1050
2024-01-06,0.5231029987335205,-0.05530267500374875,0,1,0.5187816813342868,0.4812183186657132,0.5187816813342868,1.0,0.01,0.2528864512769864,420,920,1020,1050
2024-01-07,0.4941740036010742,0.09462656726729568,1,1,0.5096851984314156,0.4903148015685844,0.5096851984314156,1.0,0.01,0.2528864512769864,420,920,1020,1050
2024-01-08,0.5409359931945801,-0.05436685986292611,0,1,0.5204765487644746,0.4795234512355254,0.5204765487644746,1.0,0.01,0.2528864512769864,420,920,1020,1050
2024-01-09,0.5115270018577576,0.1077557804422955,1,1,0.5181918166838548,0.48180818331614517,0.5181918166838548,1.0,0.01,0.2528864512769864,420,920,1020,1050
2024-01-10,0.5666469931602478,0.027410392963574726,1,1,0.524891729465828,0.47510827053417204,0.524891729465828,1.0,0.01,0.2528864512769864,420,920,1020,1050
2024-01-11,0.5821790099143982,-0.05985445581259918,0,1,0.527808237367913,0.47219176263208695,0.527808237367913,1.0,0.01,0.2528864512769864,420,920,1020,1050
2024-01-12,0.5473330020904541,0.00365958946386713,1,1,0.5237939393235229,0.4762060606764771,0.5237939393235229,1.0,0.01,0.2528864512769864,420,920,1020,1050
2024-01-13,0.5493360161781311,-0.042514975322604065,0,1,0.5291299896136556,0.47087001038634435,0.5291299896136556,1.0,0.01,0.2528864512769864,420,920,1020,1050
2024-01-14,0.5259810090065002,0.00414459883662488,1,1,0.515751377797419,0.484248622202581,0.515751377797419,1.0,0.01,0.2528864512769864,420,920,1020,1050
2024-01-15,0.5281609892845154,0.01422864121052636,1,1,0.531426850506877,0.468573149493123,0.531426850506877,10.0,scale,0.2544862854427539,450,950,1050,1080
2024-01-16,0.5356760025024414,-0.01614226620402104,0,1,0.5259775389139214,0.4740224610860786,0.5259775389139214,10.0,scale,0.2544862854427539,450,950,1050,1080
2024-01-17,0.5270289778709412,-0.047729725101981146,0,0,0.4992128820840028,0.5007871179159973,0.5007871179159973,10.0,scale,0.2544862854427539,450,950,1050,1080
2024-01-18,0.5018740296363831,0.0025444032451593657,1,0,0.4735166343326507,0.5264833656673493,0.5264833656673493,10.0,scale,0.2544862854427539,450,950,1050,1080
2024-01-19,0.503150999546051,0.02355951384314081,1,0,0.4978379182311759,0.5021620817688242,0.5021620817688242,10.0,scale,0.2544862854427539,450,950,1050,1080
2024-01-20,0.5150049924850464,-0.023106587117419974,0,1,0.5200789258850786,0.47992107411492135,0.5200789258850786,10.0,scale,0.2544862854427539,450,950,1050,1080
2024-01-21,0.5031049847602844,-0.04890227719238016,0,0,0.4848548351855957,0.5151451648144043,0.5151451648144043,10.0,scale,0.2544862854427539,450,950,1050,1080
2024-01-22,0.4785020053386688,-0.003663521543500914,0,0,0.4677642289635755,0.5322357710364245,0.5322357710364245,10.0,scale,0.2544862854427539,450,950,1050,1080
2024-01-23,0.4767490029335022,-0.0009501756637259051,0,1,0.500068892927365,0.499931107072635,0.500068892927365,10.0,scale,0.2544862854427539,450,950,1050,1080
2024-01-24,0.4762960076332092,-0.020611141068720418,0,1,0.5201547856232936,0.47984521437670635,0.5201547856232936,10.0,scale,0.2544862854427539,450,950,1050,1080
2024-01-25,0.4664790034294128,0.04033410002965665,1,1,0.5189824996835541,0.48101750031644586,0.5189824996835541,10.0,scale,0.2544862854427539,450,950,1050,1080
2024-01-26,0.4852940142154693,0.0021162182087497428,1,1,0.5205255960046569,0.47947440399534313,0.5205255960046569,10.0,scale,0.2544862854427539,450,950,1050,1080
2024-01-27,0.4863210022449493,0.006987156997773969,1,1,0.5167740958440461,0.4832259041559539,0.5167740958440461,10.0,scale,0.2544862854427539,450,950,1050,1080
2024-01-28,0.4897190034389496,0.07260487810458982,1,1,0.5295823822737943,0.4704176177262057,0.5295823822737943,10.0,scale,0.2544862854427539,450,950,1050,1080
2024-01-29,0.5252749919891357,-0.02115084085925556,0,1,0.5416693207621595,0.45833067923784054,0.5416693207621595,10.0,scale,0.2544862854427539,450,950,1050,1080
2024-01-30,0.5141649842262268,-0.03094140367021303,0,0,0.48796634382089094,0.512033656179109,0.512033656179109,10.0,scale,0.2544862854427539,450,950,1050,1080
2024-01-31,0.4982559978961944,0.017595330545197463,1,0,0.48550794825285915,0.5144920517471409,0.5144920517471409,10.0,scale,0.2544862854427539,450,950,1050,1080
2024-02-01,0.5070229768753052,0.01367788194206887,1,1,0.5230727702533946,0.4769272297466054,0.5230727702533946,10.0,scale,0.2544862854427539,450,950,1050,1080
2024-02-02,0.5139579772949219,-0.0021343454735732736,0,1,0.5184215422295544,0.4815784577704456,0.5184215422295544,10.0,scale,0.2544862854427539,450,950,1050,1080
2024-02-03,0.5128610134124756,-0.036276931051394845,0,0,0.49696511737599075,0.5030348826240092,0.5030348826240092,10.0,scale,0.2544862854427539,450,950,1050,1080
2024-02-04,0.4942559897899627,-0.0018532990997184307,0,0,0.4980121873014167,0.5019878126985833,0.5019878126985833,10.0,scale,0.2544862854427539,450,950,1050,1080
2024-02-05,0.4933399856090545,0.010384358389519566,1,1,0.5248066930236,0.47519330697640005,0.5248066930236,10.0,scale,0.2544862854427539,450,950,1050,1080
2024-02-06,0.4984630048274994,0.006640402404858303,1,1,0.5270372588442477,0.4729627411557523,0.5270372588442477,10.0,scale,0.2544862854427539,450,950,1050,1080
2024-02-07,0.5017729997634888,0.0547976480913015,1,0,0.4996419449104922,0.5003580550895078,0.5003580550895078,10.0,scale,0.2544862854427539,450,950,1050,1080
2024-02-08,0.5292689800262451,0.02177155431626887,1,1,0.5076246528463801,0.49237534715361986,0.5076246528463801,10.0,scale,0.2544862854427539,450,950,1050,1080
2024-02-09,0.5407919883728027,0.019637861149099267,1,1,0.541958614417843,0.458041385582157,0.541958614417843,10.0,scale,0.2544862854427539,450,950,1050,1080
2024-02-10,0.5514119863510132,-0.01813881029812703,0,1,0.5401596910179869,0.4598403089820131,0.5401596910179869,10.0,scale,0.2544862854427539,450,950,1050,1080
2024-02-11,0.5414100289344788,0.034393466817814966,1,0,0.4851405580729952,0.5148594419270047,0.5148594419270047,10.0,scale,0.2544862854427539,450,950,1050,1080
2024-02-12,0.560030996799469,-0.02684668117888478,0,1,0.530838571834369,0.469161428165631,0.530838571834369,10.0,scale,0.2544862854427539,450,950,1050,1080
2024-02-13,0.5449960231781006,0.05927741582122237,1,0,0.49111827820194476,0.5088817217980552,0.5088817217980552,10.0,scale,0.2544862854427539,450,950,1050,1080
2024-02-14,0.5773019790649414,0.05380371936664208,1,1,0.5322389227239649,0.4677610772760351,0.5322389227239649,0.1,scale,0.2504924180256682,480,980,1080,1110
2024-02-15,0.6083629727363586,-0.015600829146760087,0,1,0.5448672758607327,0.4551327241392673,0.5448672758607327,0.1,scale,0.2504924180256682,480,980,1080,1110
2024-02-16,0.5988720059394836,0.01581970668048127,1,1,0.5232557163067779,0.4767442836932221,0.5232557163067779,0.1,scale,0.2504924180256682,480,980,1080,1110
2024-02-17,0.6083459854125977,0.017075836694638857,1,1,0.5185188171336546,0.48148118286634545,0.5185188171336546,0.1,scale,0.2504924180256682,480,980,1080,1110
2024-02-18,0.6187340021133423,0.019926143239420657,1,1,0.5476195064354161,0.4523804935645839,0.5476195064354161,0.1,scale,0.2504924180256682,480,980,1080,1110
2024-02-19,0.6310629844665527,-0.014099955796846864,0,1,0.5318409505439535,0.46815904945604647,0.5318409505439535,0.1,scale,0.2504924180256682,480,980,1080,1110
2024-02-20,0.6221650242805481,-0.03810409019871919,0,1,0.5438912746141972,0.4561087253858028,0.5438912746141972,0.1,scale,0.2504924180256682,480,980,1080,1110
2024-02-21,0.5984579920768738,-0.02098061453166633,0,1,0.514746700418679,0.485253299581321,0.514746700418679,0.1,scale,0.2504924180256682,480,980,1080,1110
2024-02-22,0.5859019756317139,-0.004539968446980236,0,1,0.5065474556184753,0.49345254438152475,0.5065474556184753,0.1,scale,0.2504924180256682,480,980,1080,1110
2024-02-23,0.5832419991493225,0.023067646093678285,1,0,0.4983898091832905,0.5016101908167094,0.5016101908167094,0.1,scale,0.2504924180256682,480,980,1080,1110
2024-02-24,0.5966960191726685,-0.008910789022123722,0,0,0.4882589201184523,0.5117410798815477,0.5117410798815477,0.1,scale,0.2504924180256682,480,980,1080,1110
2024-02-25,0.5913789868354797,0.047950687448200524,1,0,0.49743804831555727,0.5025619516844427,0.5025619516844427,0.1,scale,0.2504924180256682,480,980,1080,1110
2024-02-26,0.6197360157966614,0.007228891328590725,1,1,0.5261404224466367,0.4738595775533633,0.5261404224466367,0.1,scale,0.2504924180256682,480,980,1080,1110
2024-02-27,0.6242160201072693,0.01096250436973345,1,1,0.5181144832524027,0.4818855167475973,0.5181144832524027,0.1,scale,0.2504924180256682,480,980,1080,1110
2024-02-28,0.6310589909553528,0.03896154801933194,1,1,0.5322375970232608,0.4677624029767392,0.5322375970232608,0.1,scale,0.2504924180256682,480,980,1080,1110
2024-02-29,0.655646026134491,0.09675183853693414,1,1,0.5270176163547429,0.47298238364525713,0.5270176163547429,0.1,scale,0.2504924180256682,480,980,1080,1110
2024-03-01,0.7190809845924377,0.03038184867479976,1,1,0.5343351246635074,0.4656648753364926,0.5343351246635074,0.1,scale,0.2504924180256682,480,980,1080,1110
2024-03-02,0.7409279942512512,-0.017127180758555238,0,1,0.5543869086284744,0.4456130913715256,0.5543869086284744,0.1,scale,0.2504924180256682,480,980,1080,1110
2024-03-03,0.7282379865646362,0.05912354476736659,1,1,0.5334174776772621,0.4665825223227379,0.5334174776772621,0.1,scale,0.2504924180256682,480,980,1080,1110
2024-03-04,0.7712939977645874,-0.10087459465357707,0,1,0.5634072400032618,0.4365927599967382,0.5634072400032618,0.1,scale,0.2504924180256682,480,980,1080,1110
2024-03-05,0.6934900283813477,0.05815649078559959,1,1,0.5467294599657602,0.45327054003423983,0.5467294599657602,0.1,scale,0.2504924180256682,480,980,1080,1110
2024-03-06,0.7338209748268127,0.014882378412396369,1,1,0.5029936934158161,0.4970063065841839,0.5029936934158161,0.1,scale,0.2504924180256682,480,980,1080,1110
2024-03-07,0.7447419762611389,-0.02670452912943788,0,1,0.5078896574440287,0.4921103425559713,0.5078896574440287,0.1,scale,0.2504924180256682,480,980,1080,1110
2024-03-08,0.7248539924621582,0.026017693235245165,1,1,0.5155382525463044,0.48446174745369563,0.5155382525463044,0.1,scale,0.2504924180256682,480,980,1080,1110
2024-03-09,0.7437130212783813,-0.03561325189137443,0,0,0.4916249741729764,0.5083750258270237,0.5083750258270237,0.1,scale,0.2504924180256682,480,980,1080,1110
2024-03-10,0.7172269821166992,0.0794211985102391,1,1,0.5137079370552229,0.4862920629447771,0.5137079370552229,0.1,scale,0.2504924180256682,480,980,1080,1110
2024-03-11,0.7741900086402893,-0.03375789808305696,0,1,0.5516222581604043,0.44837774183959567,0.5516222581604043,0.1,scale,0.2504924180256682,480,980,1080,1110
2024-03-12,0.7480549812316895,0.022090662519083315,1,1,0.5068921073577147,0.4931078926422853,0.5068921073577147,0.1,scale,0.2504924180256682,480,980,1080,1110
2024-03-13,0.7645800113677979,-0.018449390544893918,0,0,0.4985154570608737,0.5014845429391264,0.5014845429391264,0.1,scale,0.2504924180256682,480,980,1080,1110
2024-03-14,0.7504739761352539,-0.03202369591157528,0,1,0.540479421194301,0.45952057880569896,0.540479421194301,0.1,scale,0.2504924180256682,480,980,1080,1110
2024-03-15,0.7264410257339478,-0.0921011239403009,0,1,0.5125505875498777,0.4874494124501223,0.5125505875498777,0.1,scale,0.250915842433414,510,1010,1110,1140
2024-03-16,0.6595349907875061,0.03269577369909027,1,1,0.591561885194248,0.408438114805752,0.591561885194248,0.1,scale,0.250915842433414,510,1010,1110,1140
2024-03-17,0.681098997592926,-0.02913088318881385,0,0,0.49731817993458105,0.502681820065419,0.502681820065419,0.1,scale,0.250915842433414,510,1010,1110,1140
2024-03-18,0.6612579822540283,-0.11242810121589308,0,1,0.551969386432888,0.44803061356711205,0.551969386432888,0.1,scale,0.250915842433414,510,1010,1110,1140
2024-03-19,0.5869140028953552,0.08956508943073094,1,1,0.6353124208528664,0.36468757914713357,0.6353124208528664,0.1,scale,0.250915842433414,510,1010,1110,1140
2024-03-20,0.6394810080528259,-0.011904971622406446,0,0,0.49433696569152,0.50566303430848,0.50566303430848,0.1,scale,0.250915842433414,510,1010,1110,1140
2024-03-21,0.6318680047988892,-0.029444430923689535,0,1,0.5049062095288334,0.49509379047116664,0.5049062095288334,0.1,scale,0.250915842433414,510,1010,1110,1140
2024-03-22,0.6132630109786987,0.02054418930947155,1,1,0.5127589981741235,0.4872410018258765,0.5127589981741235,0.1,scale,0.250915842433414,510,1010,1110,1140
2024-03-23,0.6258620023727417,0.03242731439392421,1,0,0.47765000501588223,0.5223499949841177,0.5223499949841177,0.1,scale,0.250915842433414,510,1010,1110,1140
2024-03-24,0.6461570262908936,0.016701756599840856,1,0,0.4681125347726592,0.5318874652273409,0.5318874652273409,0.1,scale,0.250915842433414,510,1010,1110,1140
2024-03-25,0.656948983669281,0.012306910638259172,1,1,0.5006935960457017,0.49930640395429826,0.5006935960457017,0.1,scale,0.250915842433414,510,1010,1110,1140
2024-03-26,0.6650339961051941,-0.024887476216497784,0,1,0.5109353255290314,0.4890646744709686,0.5109353255290314,0.1,scale,0.250915842433414,510,1010,1110,1140
2024-03-27,0.6484829783439636,0.00356378034436311,1,1,0.5160185484470095,0.48398145155299055,0.5160185484470095,0.1,scale,0.250915842433414,510,1010,1110,1140
2024-03-28,0.6507940292358398,0.020911365944370486,1,0,0.4998178484208881,0.5001821515791118,0.5001821515791118,0.1,scale,0.250915842433414,510,1010,1110,1140
2024-03-29,0.6644030213356018,-0.03015789327784857,0,1,0.5082016655439964,0.4917983344560036,0.5082016655439964,0.1,scale,0.250915842433414,510,1010,1110,1140
2024-03-30,0.6443660259246826,0.00940607925430692,1,1,0.5201916098023277,0.4798083901976723,0.5201916098023277,0.1,scale,0.250915842433414,510,1010,1110,1140
2024-03-31,0.650426983833313,-0.0441909234249549,0,0,0.4973090618295785,0.5026909381704214,0.5026909381704214,0.1,scale,0.250915842433414,510,1010,1110,1140
2024-04-01,0.6216840147972107,-0.06546257778069242,0,1,0.5689818972586903,0.4310181027413097,0.5689818972586903,0.1,scale,0.250915842433414,510,1010,1110,1140
2024-04-02,0.5809869766235352,-0.01671121897411232,0,1,0.5882915208959776,0.4117084791040224,0.5882915208959776,0.1,scale,0.250915842433414,510,1010,1110,1140
2024-04-03,0.5712779760360718,0.02044018365574085,1,1,0.5571467281449088,0.44285327185509116,0.5571467281449088,0.1,scale,0.250915842433414,510,1010,1110,1140
2024-04-04,0.582955002784729,-0.01393077270555021,0,1,0.5087320824351577,0.49126791756484234,0.5087320824351577,0.1,scale,0.250915842433414,510,1010,1110,1140
2024-04-05,0.5748339891433716,0.016533504270065613,1,1,0.516204867794259,0.483795132205741,0.516204867794259,0.1,scale,0.250915842433414,510,1010,1110,1140
2024-04-06,0.5843380093574524,0.008789455672502777,1,0,0.48986515856155605,0.5101348414384439,0.5101348414384439,0.1,scale,0.250915842433414,510,1010,1110,1140
2024-04-07,0.5894740223884583,0.04187625692220398,1,0,0.4871278015176745,0.5128721984823255,0.5128721984823255,0.1,scale,0.250915842433414,510,1010,1110,1140
2024-04-08,0.6141589879989624,-0.036254408291713114,0,0,0.4938573284804669,0.5061426715195332,0.5061426715195332,0.1,scale,0.250915842433414,510,1010,1110,1140
2024-04-09,0.5918930172920227,-0.009525375675318304,0,1,0.5181423468885352,0.4818576531114648,0.5181423468885352,0.1,scale,0.250915842433414,510,1010,1110,1140
2024-04-10,0.5862550139427185,-0.00010919375863116532,0,1,0.5034361207285192,0.4965638792714808,0.5034361207285192,0.1,scale,0.250915842433414,510,1010,1110,1140
2024-04-11,0.5861909985542297,-0.14093695019031172,0,0,0.4980821325111866,0.5019178674888134,0.5019178674888134,0.1,scale,0.250915842433414,510,1010,1110,1140
2024-04-12,0.5035750269889832,-0.11054363291755176,0,1,0.5711233102343445,0.4288766897656555,0.5711233102343445,0.1,scale,0.250915842433414,510,1010,1110,1140
2024-04-13,0.4479080140590668,0.04689127550127248,1,1,0.6369228466462059,0.3630771533537941,0.6369228466462059,0.1,scale,0.250915842433414,510,1010,1110,1140
2024-04-14,0.4689109921455383,-0.01730820344829387,0,1,0.5953815417179898,0.40461845828201015,0.5953815417179898,1.0,scale,0.24840824780965012,540,1040,1140,1170
2024-04-15,0.460794985294342,-0.004752642559550657,0,1,0.6004561612672171,0.3995438387327829,0.6004561612672171,1.0,scale,0.24840824780965012,540,1040,1140,1170
2024-04-16,0.4586049914360046,-0.03120332877790355,0,1,0.5543047035220436,0.44569529647795636,0.5543047035220436,1.0,scale,0.24840824780965012,540,1040,1140,1170
2024-04-17,0.4442949891090393,0.031170776947190726,1,1,0.5791453025652145,0.42085469743478554,0.5791453025652145,1.0,scale,0.24840824780965012,540,1040,1140,1170
2024-04-18,0.4581440091133117,0.023224128494280905,1,1,0.5261156290257014,0.4738843709742986,0.5261156290257014,1.0,scale,0.24840824780965012,540,1040,1140,1170
2024-04-19,0.4687840044498443,0.07919213878438636,1,1,0.5362491994060214,0.46375080059397855,0.5362491994060214,1.0,scale,0.24840824780965012,540,1040,1140,1170
2024-04-20,0.5059080123901367,-0.013077527932092048,0,1,0.5261149380273229,0.4738850619726771,0.5261149380273229,1.0,scale,0.24840824780965012,540,1040,1140,1170
2024-04-21,0.4992919862270355,0.03523588770533892,1,1,0.567315312197983,0.43268468780201697,0.567315312197983,1.0,scale,0.24840824780965012,540,1040,1140,1170
2024-04-22,0.516884982585907,-0.0322876521395391,0,1,0.5443431832542465,0.45565681674575353,0.5443431832542465,1.0,scale,0.24840824780965012,540,1040,1140,1170
2024-04-23,0.5001959800720215,-0.050552163658844185,0,1,0.5738988453882592,0.4261011546117408,0.5738988453882592,1.0,scale,0.24840824780965012,540,1040,1140,1170
2024-04-24,0.4749099910259247,-0.008190979354999572,0,1,0.5863683429928548,0.4136316570071452,0.5863683429928548,1.0,scale,0.24840824780965012,540,1040,1140,1170
2024-04-25,0.4710200130939483,-0.01760223739496003,0,1,0.5569772861188932,0.4430227138811068,0.5569772861188932,1.0,scale,0.24840824780965012,540,1040,1140,1170
2024-04-26,0.4627290070056915,0.00929913286281625,1,1,0.549383450515977,0.45061654948402297,0.549383450515977,1.0,scale,0.24840824780965012,540,1040,1140,1170
2024-04-27,0.4670319855213165,-0.014041803222042182,0,1,0.5224416853406161,0.4775583146593839,0.5224416853406161,1.0,scale,0.24840824780965012,540,1040,1140,1170
2024-04-28,0.4604740142822265,-0.006751755750328159,0,1,0.5317299732788663,0.4682700267211337,0.5317299732788663,1.0,scale,0.24840824780965012,540,1040,1140,1170
2024-04-29,0.4573650062084198,-0.036192131650070625,0,1,0.5229467207615499,0.4770532792384501,0.5229467207615499,1.0,scale,0.24840824780965012,540,1040,1140,1170
2024-04-30,0.4408119916915893,0.02053938031785929,1,1,0.548703903242436,0.451296096757564,0.548703903242436,1.0,scale,0.24840824780965012,540,1040,1140,1170
2024-05-01,0.4498659968376159,0.018707786513121993,1,1,0.5165281674146331,0.48347183258536686,0.5165281674146331,1.0,scale,0.24840824780965012,540,1040,1140,1170
2024-05-02,0.4582819938659668,0.020210254118513626,1,1,0.5170646701407474,0.4829353298592526,0.5170646701407474,1.0,scale,0.24840824780965012,540,1040,1140,1170
2024-05-03,0.4675439894199371,-0.008484735603055737,0,1,0.5213178342528019,0.47868216574719813,0.5213178342528019,1.0,scale,0.24840824780965012,540,1040,1140,1170
2024-05-04,0.463577002286911,-0.011309886690912152,0,1,0.5183346501416383,0.48166534985836174,0.5183346501416383,1.0,scale,0.24840824780965012,540,1040,1140,1170
2024-05-05,0.4583339989185333,-0.00882760846723718,0,1,0.5134387207223006,0.48656127927769943,0.5134387207223006,1.0,scale,0.24840824780965012,540,1040,1140,1170
2024-05-06,0.4542880058288574,-0.02732846057198879,0,0,0.49796113308086953,0.5020388669191305,0.5020388669191305,1.0,scale,0.24840824780965012,540,1040,1140,1170
2024-05-07,0.4418730139732361,0.02416981738066437,1,1,0.5223793076750628,0.4776206923249372,0.5223793076750628,1.0,scale,0.24840824780965012,540,1040,1140,1170
2024-05-08,0.4525530040264129,0.024191646593888283,1,0,0.4933838575998164,0.5066161424001836,0.5066161424001836,1.0,scale,0.24840824780965012,540,1040,1140,1170
2024-05-09,0.4635010063648224,-0.032903942919063955,0,1,0.5020955030075195,0.4979044969924805,0.5020955030075195,1.0,scale,0.24840824780965012,540,1040,1140,1170
2024-05-10,0.4482499957084656,-0.0209124211293914,0,1,0.5212394798044907,0.4787605201955093,0.5212394798044907,1.0,scale,0.24840824780965012,540,1040,1140,1170
2024-05-11,0.4388760030269623,-0.002786659319235385,0,1,0.511438248428458,0.488561751571542,0.511438248428458,1.0,scale,0.24840824780965012,540,1040,1140,1170
2024-05-12,0.4376530051231384,-0.0025431049686903684,0,1,0.5031452423013125,0.4968547576986875,0.5031452423013125,1.0,scale,0.24840824780965012,540,1040,1140,1170
2024-05-13,0.4365400075912475,-0.01940489294949188,0,1,0.5195207798856761,0.48047922011432387,0.5195207798856761,1.0,scale,0.24840824780965012,540,1040,1140,1170
2024-05-14,0.428068995475769,0.05821258608210811,1,0,0.49161414371165707,0.508385856288343,0.508385856288343,0.1,scale,0.24958473197768577,570,1070,1170,1200
2024-05-15,0.4529879987239837,0.014806159704547905,1,0,0.4766310308429143,0.5233689691570858,0.5233689691570858,0.1,scale,0.24958473197768577,570,1070,1170,1200
2024-05-16,0.4596950113773346,0.04852126169504256,1,0,0.47755681454293814,0.5224431854570619,0.5224431854570619,0.1,scale,0.24958473197768577,570,1070,1170,1200
2024-05-17,0.4819999933242798,0.0008464601641871017,1,1,0.5098019251564732,0.49019807484352684,0.5098019251564732,0.1,scale,0.24958473197768577,570,1070,1170,1200
2024-05-18,0.4824079871177673,-0.03069180646158498,0,0,0.49692329726025886,0.5030767027397411,0.5030767027397411,0.1,scale,0.24958473197768577,570,1070,1170,1200
2024-05-19,0.467602014541626,0.07304494803099026,1,1,0.5022330596253161,0.49776694037468394,0.5022330596253161,0.1,scale,0.24958473197768577,570,1070,1170,1200
2024-05-20,0.5017579793930054,-0.013918992666042795,0,1,0.5582621545258662,0.44173784547413375,0.5582621545258662,0.1,scale,0.24958473197768577,570,1070,1170,1200
2024-05-21,0.4947740137577057,-0.023540071802793827,0,1,0.5220516503328313,0.4779483496671687,0.5220516503328313,0.1,scale,0.24958473197768577,570,1070,1170,1200
2024-05-22,0.4831269979476928,-0.03683709114004441,0,0,0.4973005714168328,0.5026994285831672,0.5026994285831672,0.1,scale,0.24958473197768577,570,1070,1170,1200
2024-05-23,0.4653300046920776,-0.012541658436811653,0,1,0.5228881640604134,0.4771118359395866,0.5228881640604134,0.1,scale,0.24958473197768577,570,1070,1170,1200
2024-05-24,0.4594939947128296,0.005610563196666751,1,0,0.49055032052032865,0.5094496794796713,0.5094496794796713,0.1,scale,0.24958473197768577,570,1070,1170,1200
2024-05-25,0.4620720148086548,-0.008000934434531648,0,0,0.47897085934335226,0.5210291406566477,0.5210291406566477,0.1,scale,0.24958473197768577,570,1070,1170,1200
2024-05-26,0.4583750069141388,0.020917377723356667,1,0,0.48919484581799055,0.5108051541820094,0.5108051541820094,0.1,scale,0.24958473197768577,570,1070,1170,1200
2024-05-27,0.4679630100727081,-0.02344844838310578,0,0,0.4916364731714061,0.508363526828594,0.508363526828594,0.1,scale,0.24958473197768577,570,1070,1170,1200
2024-05-28,0.4569900035858154,-0.013118460627466688,0,1,0.5012026440151192,0.49879735598488084,0.5012026440151192,0.1,scale,0.24958473197768577,570,1070,1170,1200
2024-05-29,0.450994998216629,-0.009787230865028307,0,0,0.483485911684177,0.516514088315823,0.516514088315823,0.1,scale,0.24958473197768577,570,1070,1170,1200
2024-05-30,0.4465810060501098,0.0019705338192665955,1,0,0.48856217128602114,0.5114378287139789,0.5114378287139789,0.1,scale,0.24958473197768577,570,1070,1170,1200
2024-05-31,0.4474610090255737,0.0056183771471196575,1,0,0.47818647522302793,0.5218135247769721,0.5218135247769721,0.1,scale,0.24958473197768577,570,1070,1170,1200
2024-06-01,0.4499750137329101,-0.007735986567281139,0,0,0.47712584291099,0.5228741570890101,0.5228741570890101,0.1,scale,0.24958473197768577,570,1070,1170,1200
2024-06-02,0.4464940130710602,0.023610564060400074,1,0,0.4853739286176165,0.5146260713823835,0.5146260713823835,0.1,scale,0.24958473197768577,570,1070,1170,1200
2024-06-03,0.4570359885692596,0.00973448482525896,1,0,0.4672075684081554,0.5327924315918446,0.5327924315918446,0.1,scale,0.24958473197768577,570,1070,1170,1200
2024-06-04,0.4614849984645843,-0.0006717526214464753,0,0,0.4699833018993755,0.5300166981006245,0.5300166981006245,0.1,scale,0.24958473197768577,570,1070,1170,1200
2024-06-05,0.4611749947071075,-0.006663429074930782,0,0,0.47384299674125147,0.5261570032587486,0.5261570032587486,0.1,scale,0.24958473197768577,570,1070,1170,1200
2024-06-06,0.4581019878387451,-0.018465324325407595,0,0,0.4776568816552403,0.5223431183447598,0.5223431183447598,0.1,scale,0.24958473197768577,570,1070,1170,1200
2024-06-07,0.4496429860591888,-0.029071918072658076,0,1,0.5195322951041107,0.4804677048958893,0.5195322951041107,0.1,scale,0.24958473197768577,570,1070,1170,1200
2024-06-08,0.4365710020065307,0.01725953061842489,1,0,0.4973130871468913,0.5026869128531086,0.5026869128531086,0.1,scale,0.24958473197768577,570,1070,1170,1200
2024-06-09,0.4441060125827789,-0.008207506177976054,0,0,0.4735821690357183,0.5264178309642817,0.5264178309642817,0.1,scale,0.24958473197768577,570,1070,1170,1200
2024-06-10,0.4404610097408294,-0.04216038533043809,0,0,0.47883840252255533,0.5211615974774446,0.5211615974774446,0.1,scale,0.24958473197768577,570,1070,1170,1200
2024-06-11,0.4218910038471222,0.037699293594313676,1,1,0.5057259295074509,0.4942740704925491,0.5057259295074509,0.1,scale,0.24958473197768577,570,1070,1170,1200
2024-06-12,0.4377959966659546,-0.03794235206054519,0,0,0.4674040846287689,0.5325959153712311,0.5325959153712311,0.1,scale,0.24958473197768577,570,1070,1170,1200
2024-06-13,0.4211849868297577,-0.022560143293994472,0,0,0.4937778872519384,0.5062221127480616,0.5062221127480616,0.1,scale,0.25499101632311,600,1100,1200,1230
2024-06-14,0.4116829931735992,0.004887290518191589,1,0,0.4907387795056661,0.5092612204943339,0.5092612204943339,0.1,scale,0.25499101632311,600,1100,1200,1230
2024-06-15,0.4136950075626373,0.0064878645020376435,1,0,0.4825162033268113,0.5174837966731887,0.5174837966731887,0.1,scale,0.25499101632311,600,1100,1200,1230
2024-06-16,0.4163790047168731,-0.03511468925611472,0,0,0.46894010476362086,0.5310598952363792,0.5310598952363792,0.1,scale,0.25499101632311,600,1100,1200,1230
2024-06-17,0.4017579853534698,-0.045246110364244196,0,1,0.5008773764010658,0.4991226235989342,0.5008773764010658,0.1,scale,0.25499101632311,600,1100,1200,1230
2024-06-18,0.3835799992084503,0.0005500819723143202,1,1,0.5363968491619165,0.46360315083808346,0.5363968491619165,0.1,scale,0.25499101632311,600,1100,1200,1230
2024-06-19,0.3837909996509552,0.0011803176747366972,1,1,0.5171638050076091,0.48283619499239094,0.5171638050076091,0.1,scale,0.25499101632311,600,1100,1200,1230
2024-06-20,0.3842439949512481,-0.02131979388337424,0,0,0.4981639204396457,0.5018360795603543,0.5018360795603543,0.1,scale,0.25499101632311,600,1100,1200,1230
2024-06-21,0.3760519921779632,0.02329466514706402,1,1,0.5061994431395859,0.49380055686041413,0.5061994431395859,0.1,scale,0.25499101632311,600,1100,1200,1230
2024-06-22,0.3848119974136352,-0.011717415258870822,0,0,0.4770591569261551,0.5229408430738449,0.5229408430738449,0.1,scale,0.25499101632311,600,1100,1200,1230
2024-06-23,0.3803029954433441,-0.006673614479159706,0,0,0.489921706032393,0.510078293967607,0.510078293967607,0.1,scale,0.25499101632311,600,1100,1200,1230
2024-06-24,0.3777649998664856,0.037308896004872416,1,0,0.48052641506885696,0.519473584931143,0.519473584931143,0.1,scale,0.25499101632311,600,1100,1200,1230
2024-06-25,0.3918589949607849,-0.018141695020749915,0,0,0.47349699737839,0.52650300262161,0.52650300262161,0.1,scale,0.25499101632311,600,1100,1200,1230
2024-06-26,0.3847500085830688,0.015467153232655573,1,0,0.483847881375362,0.5161521186246381,0.5161521186246381,0.1,scale,0.25499101632311,600,1100,1200,1230
2024-06-27,0.3907009959220886,-0.013501325349453808,0,0,0.470447856720673,0.529552143279327,0.529552143279327,0.1,scale,0.25499101632311,600,1100,1200,1230
2024-06-28,0.3854260146617889,-0.0037906861424920058,0,0,0.4789749876304365,0.5210250123695634,0.5210250123695634,0.1,scale,0.25499101632311,600,1100,1200,1230
2024-06-29,0.3839649856090545,0.021426486295464287,1,0,0.4775065493936901,0.5224934506063099,0.5224934506063099,0.1,scale,0.25499101632311,600,1100,1200,1230
2024-06-30,0.392192006111145,0.027320821472699208,1,0,0.469395058452879,0.530604941547121,0.530604941547121,0.1,scale,0.25499101632311,600,1100,1200,1230
2024-07-01,0.4029070138931274,0.03690179296053153,1,0,0.4780142707633098,0.5219857292366902,0.5219857292366902,0.1,scale,0.25499101632311,600,1100,1200,1230
2024-07-02,0.4177750051021576,-0.026418507422099724,0,0,0.49881610347489524,0.5011838965251048,0.5011838965251048,0.1,scale,0.25499101632311,600,1100,1200,1230
2024-07-03,0.4067380130290985,-0.1078802593490279,0,1,0.5051624702300002,0.49483752976999984,0.5051624702300002,0.1,scale,0.25499101632311,600,1100,1200,1230
2024-07-04,0.3628590106964111,-0.03575499970103946,0,1,0.5818200751545074,0.4181799248454926,0.5818200751545074,0.1,scale,0.25499101632311,600,1100,1200,1230
2024-07-05,0.3498849868774414,0.06098009300018248,1,1,0.5745495615722941,0.4254504384277059,0.5745495615722941,0.1,scale,0.25499101632311,600,1100,1200,1230
2024-07-06,0.3712210059165954,-0.06627590796805749,0,0,0.4677326088262631,0.5322673911737369,0.5322673911737369,0.1,scale,0.25499101632311,600,1100,1200,1230
2024-07-07,0.3466179966926574,0.06459270697824793,1,1,0.54613232572017,0.45386767427983,0.54613232572017,0.1,scale,0.25499101632311,600,1100,1200,1230
2024-07-08,0.3690069913864136,0.017129791904582747,1,0,0.4980119522705096,0.5019880477294905,0.5019880477294905,0.1,scale,0.25499101632311,600,1100,1200,1230
2024-07-09,0.375328004360199,0.035987212240066846,1,0,0.44185320203767225,0.5581467979623278,0.5581467979623278,0.1,scale,0.25499101632311,600,1100,1200,1230
2024-07-10,0.3888350129127502,0.017956198516486888,1,0,0.4633296854161029,0.5366703145838971,0.5366703145838971,0.1,scale,0.25499101632311,600,1100,1200,1230
2024-07-11,0.3958170115947723,0.052314531245353235,1,0,0.49306450822691633,0.5069354917730837,0.5069354917730837,0.1,scale,0.25499101632311,600,1100,1200,1230
2024-07-12,0.4165239930152893,0.05975890773374726,1,1,0.5124100848327651,0.48758991516723493,0.5124100848327651,0.1,scale,0.25499101632311,600,1100,1200,1230
2024-07-13,0.441415011882782,-0.020540758049695573,0,1,0.507974178991675,0.49202582100832504,0.507974178991675,0.1,scale,0.2545290713871679,630,1130,1230,1260
2024-07-14,0.4323480129241943,0.030609576270859362,1,1,0.5175594248614004,0.4824405751385996,0.5175594248614004,0.1,scale,0.2545290713871679,630,1130,1230,1260
2024-07-15,0.4455820024013519,-0.01659178887438917,0,1,0.5140564948946904,0.4859435051053096,0.5140564948946904,0.1,scale,0.2545290713871679,630,1130,1230,1260
2024-07-16,0.4381889998912811,-0.003288539631180365,0,0,0.4936119838361969,0.506388016163803,0.506388016163803,0.1,scale,0.2545290713871679,630,1130,1230,1260
2024-07-17,0.4367479979991913,-0.029403682649086993,0,0,0.480097829261831,0.519902170738169,0.519902170738169,0.1,scale,0.2545290713871679,630,1130,1230,1260
2024-07-18,0.423905998468399,0.035687125740609504,1,0,0.4837717066559999,0.5162282933440001,0.5162282933440001,0.1,scale,0.2545290713871679,630,1130,1230,1260
2024-07-19,0.4390339851379394,-0.0031819492549860495,0,0,0.48707662627977455,0.5129233737202255,0.5129233737202255,0.1,scale,0.2545290713871679,630,1130,1230,1260
2024-07-20,0.4376370012760162,0.019285361779887156,1,0,0.4762892174273,0.5237107825727,0.5237107825727,0.1,scale,0.2545290713871679,630,1130,1230,1260
2024-07-21,0.4460769891738891,-0.043781676204881714,0,1,0.5195785994035924,0.4804214005964076,0.5195785994035924,0.1,scale,0.2545290713871679,630,1130,1230,1260
2024-07-22,0.4265469908714294,-0.038565476349344485,0,0,0.49777626099680733,0.5022237390031927,0.5022237390031927,0.1,scale,0.2545290713871679,630,1130,1230,1260
2024-07-23,0.4100970029830932,-0.00792496125887776,0,0,0.4714757712557826,0.5285242287442173,0.5285242287442173,0.1,scale,0.2545290713871679,630,1130,1230,1260
2024-07-24,0.4068470001220703,-0.02992772965940793,0,0,0.46343797255162383,0.5365620274483762,0.5365620274483762,0.1,scale,0.2545290713871679,630,1130,1230,1260
2024-07-25,0.3946709930896759,0.05846894814535797,1,0,0.4753469489424699,0.52465305105753,0.52465305105753,0.1,scale,0.2545290713871679,630,1130,1230,1260
2024-07-26,0.4177469909191131,0.001079597350780892,1,0,0.4396914360268664,0.5603085639731336,0.5603085639731336,0.1,scale,0.2545290713871679,630,1130,1230,1260
2024-07-27,0.4181979894638061,-0.025851394159628893,0,0,0.4595989971689809,0.5404010028310191,0.5404010028310191,0.1,scale,0.2545290713871679,630,1130,1230,1260
2024-07-28,0.4073869884014129,-0.008279589534149201,0,0,0.44866470826969096,0.551335291730309,0.551335291730309,0.1,scale,0.2545290713871679,630,1130,1230,1260
2024-07-29,0.404013991355896,-0.005777024385422269,0,0,0.449509211590468,0.550490788409532,0.550490788409532,0.1,scale,0.2545290713871679,630,1130,1230,1260
2024-07-30,0.4016799926757812,-0.03213253991053966,0,0,0.4460763568295364,0.5539236431704636,0.5539236431704636,0.1,scale,0.2545290713871679,630,1130,1230,1260
2024-07-31,0.3887729942798614,0.010116475535522973,1,0,0.46279347220642053,0.5372065277935795,0.5372065277935795,0.1,scale,0.2545290713871679,630,1130,1230,1260
2024-08-01,0.3927060067653656,-0.07355118874690036,0,0,0.4488844479761612,0.5511155520238388,0.5511155520238388,0.1,scale,0.2545290713871679,630,1130,1230,1260
2024-08-02,0.3638220131397247,0.0007503374265771523,1,1,0.5122057801541237,0.48779421984587634,0.5122057801541237,0.1,scale,0.2545290713871679,630,1130,1230,1260
2024-08-03,0.364095002412796,-0.05536195012180156,0,0,0.47342979136042806,0.5265702086395719,0.5265702086395719,0.1,scale,0.2545290713871679,630,1130,1230,1260
2024-08-04,0.3439379930496216,-0.08950159107238742,0,1,0.522213366174386,0.47778663382561404,0.522213366174386,0.1,scale,0.2545290713871679,630,1130,1230,1260
2024-08-05,0.3131549954414367,0.056288422874647415,1,1,0.5070391360276729,0.4929608639723271,0.5070391360276729,0.1,scale,0.2545290713871679,630,1130,1230,1260
2024-08-06,0.3307819962501526,-0.02141586395130024,0,0,0.48523101575232874,0.5147689842476713,0.5147689842476713,0.1,scale,0.2545290713871679,630,1130,1230,1260
2024-08-07,0.3236980140209198,0.08685869718030714,1,0,0.4954399156270996,0.5045600843729003,0.5045600843729003,0.1,scale,0.2545290713871679,630,1130,1230,1260
2024-08-08,0.3518140017986297,-0.009286128943366556,0,0,0.45509814669641074,0.5449018533035892,0.5449018533035892,0.1,scale,0.2545290713871679,630,1130,1230,1260
2024-08-09,0.3485470116138458,-0.006478330563131518,0,0,0.4501087607530631,0.5498912392469368,0.5498912392469368,0.1,scale,0.2545290713871679,630,1130,1230,1260
2024-08-10,0.3462890088558197,-0.0518844521349443,0,0,0.45101504142937976,0.5489849585706202,0.5489849585706202,0.1,scale,0.2545290713871679,630,1130,1230,1260
2024-08-11,0.3283219933509826,0.032452945348761864,1,0,0.48965837945804064,0.5103416205419593,0.5103416205419593,0.1,scale,0.2545290713871679,630,1130,1230,1260
2024-08-12,0.3389770090579986,0.003472162083582253,1,0,0.4363082313177782,0.5636917686822218,0.5636917686822218,0.1,scale,0.25033449162161997,660,1160,1260,1290
2024-08-13,0.3401539921760559,-0.013814307294916617,0,0,0.4230648419778871,0.5769351580221129,0.5769351580221129,0.1,scale,0.25033449162161997,660,1160,1260,1290
2024-08-14,0.3354550004005432,-0.03011433366838423,0,0,0.4443393595730523,0.5556606404269477,0.5556606404269477,0.1,scale,0.25033449162161997,660,1160,1260,1290
2024-08-15,0.3253529965877533,0.015733667612130908,1,0,0.4882197819113676,0.5117802180886324,0.5117802180886324,0.1,scale,0.25033449162161997,660,1160,1260,1290
2024-08-16,0.3304719924926758,0.0194085924536469,1,0,0.43351517205326934,0.5664848279467307,0.5664848279467307,0.1,scale,0.25033449162161997,660,1160,1260,1290
2024-08-17,0.3368859887123108,-0.006099954900992022,0,0,0.412597743858541,0.587402256141459,0.587402256141459,0.1,scale,0.25033449162161997,660,1160,1260,1290
2024-08-18,0.3348309993743896,0.00574024322424882,1,0,0.4393109297305661,0.5606890702694338,0.5606890702694338,0.1,scale,0.25033449162161997,660,1160,1260,1290
2024-08-19,0.3367530107498169,0.020584791119226065,1,0,0.4515844253037407,0.5484155746962593,0.5484155746962593,0.1,scale,0.25033449162161997,660,1160,1260,1290
2024-08-20,0.3436850011348724,0.07382921925693875,1,0,0.43144722999109286,0.5685527700089071,0.5685527700089071,0.1,scale,0.25033449162161997,660,1160,1260,1290
2024-08-21,0.3690589964389801,0.020259674819004037,1,1,0.5212478682674029,0.4787521317325971,0.5212478682674029,0.1,scale,0.25033449162161997,660,1160,1260,1290
2024-08-22,0.3765360116958618,0.03983678912231392,1,1,0.5079862820369861,0.49201371796301385,0.5079862820369861,0.1,scale,0.25033449162161997,660,1160,1260,1290
2024-08-23,0.391535997390747,0.0063110415711404855,1,1,0.5579804445057062,0.44201955549429384,0.5579804445057062,0.1,scale,0.25033449162161997,660,1160,1260,1290
2024-08-24,0.394006997346878,-0.022913267478430033,0,1,0.5299038238007371,0.4700961761992629,0.5299038238007371,0.1,scale,0.25033449162161997,660,1160,1260,1290
2024-08-25,0.3849790096282959,-0.04681294392398938,0,1,0.5550619268845122,0.44493807311548783,0.5550619268845122,0.1,scale,0.25033449162161997,660,1160,1260,1290
2024-08-26,0.3669570088386535,-0.04481722376467079,0,0,0.49679663663875345,0.5032033633612465,0.5032033633612465,0.1,scale,0.25033449162161997,660,1160,1260,1290
2024-08-27,0.3505110144615173,-0.0009101113679065298,0,0,0.4981651095444397,0.5018348904555603,0.5018348904555603,0.1,scale,0.25033449162161997,660,1160,1260,1290
2024-08-28,0.3501920104026794,0.019557816037351294,1,0,0.45315946853006916,0.5468405314699308,0.5468405314699308,0.1,scale,0.25033449162161997,660,1160,1260,1290
2024-08-29,0.3570410013198852,-0.02769152512606521,0,0,0.4226345443423154,0.5773654556576846,0.5773654556576846,0.1,scale,0.25033449162161997,660,1160,1260,1290
2024-08-30,0.3471539914608001,-0.005190772589389714,0,0,0.45677736954139114,0.5432226304586089,0.5432226304586089,0.1,scale,0.25033449162161997,660,1160,1260,1290
2024-08-31,0.3453519940376282,-0.03941486474475098,0,0,0.4278258647776081,0.5721741352223919,0.5721741352223919,0.1,scale,0.25033449162161997,660,1160,1260,1290
2024-09-01,0.331739991903305,0.012744908590128556,1,0,0.49726434852421175,0.5027356514757882,0.5027356514757882,0.1,scale,0.25033449162161997,660,1160,1260,1290
2024-09-02,0.3359679877758026,-0.05184120058031361,0,0,0.4153494369395782,0.5846505630604217,0.5846505630604217,0.1,scale,0.25033449162161997,660,1160,1260,1290
2024-09-03,0.3185510039329529,0.01561129698587238,1,1,0.5072619984304144,0.4927380015695856,0.5072619984304144,0.1,scale,0.25033449162161997,660,1160,1260,1290
2024-09-04,0.323523998260498,0.00475392385025919,1,0,0.42450727843779806,0.5754927215622019,0.5754927215622019,0.1,scale,0.25033449162161997,660,1160,1260,1290
2024-09-05,0.3250620067119598,-0.031821616974585076,0,0,0.41948852162456995,0.58051147837543,0.58051147837543,0.1,scale,0.25033449162161997,660,1160,1260,1290
2024-09-06,0.3147180080413818,0.03290245700264327,1,0,0.46004293825490344,0.5399570617450966,0.5399570617450966,0.1,scale,0.25033449162161997,660,1160,1260,1290
2024-09-07,0.3250730037689209,0.04179364188770429,1,0,0.4175705446540759,0.5824294553459242,0.5824294553459242,0.1,scale,0.25033449162161997,660,1160,1260,1290
2024-09-08,0.3386589884757995,0.014017059869705806,1,0,0.4094993181022161,0.5905006818977838,0.5905006818977838,0.1,scale,0.25033449162161997,660,1160,1260,1290
2024-09-09,0.3434059917926788,0.00020680749884172123,1,0,0.433325301198255,0.566674698801745,0.566674698801745,0.1,scale,0.25033449162161997,660,1160,1260,1290
2024-09-10,0.3434770107269287,0.027882437543687022,1,0,0.45121780561082236,0.5487821943891776,0.5487821943891776,0.1,scale,0.25033449162161997,660,1160,1260,1290
2024-09-11,0.3530539870262146,0.009174250746590173,1,0,0.4832142043020968,0.5167857956979032,0.5167857956979032,0.1,scale,0.2474099044575125,690,1190,1290,1320
2024-09-12,0.3562929928302765,0.012930430576328478,1,0,0.4728927135792366,0.5271072864207633,0.5271072864207633,0.1,scale,0.2474099044575125,690,1190,1290,1320
2024-09-13,0.3609000146389007,-0.017788905592538984,0,0,0.4971119071185788,0.5028880928814212,0.5028880928814212,0.1,scale,0.2474099044575125,690,1190,1290,1320
2024-09-14,0.3544799983501434,-0.04501522778624334,0,0,0.4781446064668193,0.5218553935331807,0.5218553935331807,0.1,scale,0.2474099044575125,690,1190,1290,1320
2024-09-15,0.3385230004787445,-0.0242731126397544,0,0,0.4860642862866319,0.5139357137133681,0.5139357137133681,0.1,scale,0.2474099044575125,690,1190,1290,1320
2024-09-16,0.3303059935569763,0.010920192037880527,1,0,0.4743151133181024,0.5256848866818976,0.5256848866818976,0.1,scale,0.2474099044575125,690,1190,1290,1320
2024-09-17,0.3339129984378814,0.027022040989584495,1,0,0.4574114207729044,0.5425885792270956,0.5425885792270956,0.1,scale,0.2474099044575125,690,1190,1290,1320
2024-09-18,0.3429360091686249,0.02335417249100824,1,0,0.45776444383420417,0.5422355561657959,0.5422355561657959,0.1,scale,0.2474099044575125,690,1190,1290,1320
2024-09-19,0.3509449958801269,0.0033309951969131557,1,0,0.47110626491334345,0.5288937350866565,0.5288937350866565,0.1,scale,0.2474099044575125,690,1190,1290,1320
2024-09-20,0.3521139919757843,0.018352033455818928,1,0,0.48147947851694467,0.5185205214830553,0.5185205214830553,0.1,scale,0.2474099044575125,690,1190,1290,1320
2024-09-21,0.3585759997367859,-0.018975027373262288,0,0,0.47977658831026393,0.5202234116897361,0.5202234116897361,0.1,scale,0.2474099044575125,690,1190,1290,1320
2024-09-22,0.3517720103263855,0.03399641293140765,1,0,0.48362403072356863,0.5163759692764314,0.5163759692764314,0.1,scale,0.2474099044575125,690,1190,1290,1320
2024-09-23,0.3637309968471527,0.06598836997319157,1,1,0.5047204370397463,0.49527956296025366,0.5047204370397463,0.1,scale,0.2474099044575125,690,1190,1290,1320
2024-09-24,0.3877330124378204,-0.017150979146222767,0,1,0.533588652257042,0.466411347742958,0.533588652257042,0.1,scale,0.2474099044575125,690,1190,1290,1320
2024-09-25,0.3810830116271972,0.05457861031620803,1,1,0.5096511971312837,0.4903488028687163,0.5096511971312837,0.1,scale,0.2474099044575125,690,1190,1290,1320
2024-09-26,0.401881992816925,0.001109832151791501,1,1,0.531172908738446,0.468827091261554,0.531172908738446,0.1,scale,0.2474099044575125,690,1190,1290,1320
2024-09-27,0.4023280143737793,-0.0031715818679386443,0,1,0.5150604387030623,0.4849395612969377,0.5150604387030623,0.1,scale,0.2474099044575125,690,1190,1290,1320
2024-09-28,0.4010519981384277,-0.008614875509323272,0,1,0.5059780570657116,0.49402194293428836,0.5059780570657116,0.1,scale,0.2474099044575125,690,1190,1290,1320
2024-09-29,0.3975969851016998,-0.06132586410712537,0,1,0.525139685569276,0.47486031443072396,0.525139685569276,0.1,scale,0.2474099044575125,690,1190,1290,1320
2024-09-30,0.3732140064239502,-0.05565973732778062,0,1,0.5213085064829301,0.47869149351706985,0.5213085064829301,0.1,scale,0.2474099044575125,690,1190,1290,1320
2024-10-01,0.3524410128593445,-0.02393598894905602,0,1,0.5240592617667968,0.47594073823320315,0.5240592617667968,0.1,scale,0.2474099044575125,690,1190,1290,1320
2024-10-02,0.3440049886703491,0.003581338194968753,1,0,0.49811311920216345,0.5018868807978365,0.5018868807978365,0.1,scale,0.2474099044575125,690,1190,1290,1320
2024-10-03,0.345236986875534,0.01784572493418013,1,0,0.4692422410446603,0.5307577589553397,0.5307577589553397,0.1,scale,0.2474099044575125,690,1190,1290,1320
2024-10-04,0.3513979911804199,-0.00192944425220698,0,0,0.44027467369818285,0.5597253263018171,0.5597253263018171,0.1,scale,0.2474099044575125,690,1190,1290,1320
2024-10-05,0.3507199883460998,0.018561871346619574,1,0,0.4400701960587325,0.5599298039412675,0.5599298039412675,0.1,scale,0.2474099044575125,690,1190,1290,1320
2024-10-06,0.357230007648468,-0.016132447347674272,0,0,0.43808930413662783,0.5619106958633722,0.5619106958633722,0.1,scale,0.2474099044575125,690,1190,1290,1320
2024-10-07,0.3514670133590698,-0.019774318857627038,0,0,0.4699987071077444,0.5300012928922556,0.5300012928922556,0.1,scale,0.2474099044575125,690,1190,1290,1320
2024-10-08,0.3445169925689697,-0.013976037519489504,0,0,0.44969322832487935,0.5503067716751207,0.5503067716751207,0.1,scale,0.2474099044575125,690,1190,1290,1320
2024-10-09,0.3397020101547241,-0.0023904005682147123,0,0,0.4547740401873953,0.5452259598126047,0.5452259598126047,0.1,scale,0.2474099044575125,690,1190,1290,1320
2024-10-10,0.3388899862766266,0.03628023312454065,1,0,0.45263059033272607,0.5473694096672739,0.5473694096672739,0.1,scale,0.2474099044575125,690,1190,1290,1320
2024-10-11,0.351184993982315,0.005780471906674078,1,0,0.48072839620284635,0.5192716037971536,0.5192716037971536,1.0,0.01,0.2503727119889241,720,1220,1320,1350
2024-10-12,0.3532150089740753,-0.014668160769441108,0,0,0.4807630452834121,0.5192369547165878,0.5192369547165878,1.0,0.01,0.2503727119889241,720,1220,1320,1350
2024-10-13,0.348033994436264,0.04555593585008766,1,0,0.48090161923995345,0.5190983807600466,0.5190983807600466,1.0,0.01,0.2503727119889241,720,1220,1320,1350
2024-10-14,0.3638890087604522,-0.01473527342839176,0,0,0.48097045586780285,0.5190295441321972,0.5190295441321972,1.0,0.01,0.2503727119889241,720,1220,1320,1350
2024-10-15,0.3585270047187805,-0.016740744312008893,0,0,0.4811372782387239,0.5188627217612761,0.5188627217612761,1.0,0.01,0.2503727119889241,720,1220,1320,1350
2024-10-16,0.352524995803833,-0.02692856809529587,0,0,0.48100355795055416,0.5189964420494458,0.5189964420494458,1.0,0.01,0.2503727119889241,720,1220,1320,1350
2024-10-17,0.3430320024490356,0.02238275748107532,1,0,0.48111755574183185,0.5188824442581681,0.5188824442581681,1.0,0.01,0.2503727119889241,720,1220,1320,1350
2024-10-18,0.3507100045681,0.0027116195574814483,1,0,0.48088801592318353,0.5191119840768165,0.5191119840768165,1.0,0.01,0.2503727119889241,720,1220,1320,1350
2024-10-19,0.3516609966754913,0.03747932695383871,1,0,0.48093552556992547,0.5190644744300745,0.5190644744300745,1.0,0.01,0.2503727119889241,720,1220,1320,1350
2024-10-20,0.3648410141468048,-0.010648476441780685,0,0,0.48098529729025674,0.5190147027097433,0.5190147027097433,1.0,0.01,0.2503727119889241,720,1220,1320,1350
2024-10-21,0.3609560132026672,0.007934411048381884,1,0,0.4811445575264264,0.5188554424735736,0.5188554424735736,1.0,0.01,0.2503727119889241,720,1220,1320,1350
2024-10-22,0.3638199865818023,-0.04179533810138836,0,0,0.48102207656764834,0.5189779234323517,0.5189779234323517,1.0,0.01,0.2503727119889241,720,1220,1320,1350
2024-10-23,0.3486140072345733,-0.006609079084543001,0,0,0.48114536010606507,0.5188546398939349,0.5188546398939349,1.0,0.01,0.2503727119889241,720,1220,1320,1350
2024-10-24,0.3463099896907806,-0.06323237008545857,0,0,0.481073053317965,0.518926946682035,0.518926946682035,1.0,0.01,0.2503727119889241,720,1220,1320,1350
2024-10-25,0.3244119882583618,0.027551430991432646,1,0,0.48132836276358515,0.5186716372364149,0.5186716372364149,1.0,0.01,0.2503727119889241,720,1220,1320,1350
2024-10-26,0.3333500027656555,0.019565021094518853,1,0,0.4808514450542748,0.5191485549457252,0.5191485549457252,1.0,0.01,0.2503727119889241,720,1220,1320,1350
2024-10-27,0.3398720026016235,0.011545558781264509,1,0,0.4808372864830879,0.5191627135169121,0.5191627135169121,1.0,0.01,0.2503727119889241,720,1220,1320,1350
2024-10-28,0.3437960147857666,0.03448258823774153,1,0,0.4810432362446881,0.5189567637553119,0.5189567637553119,1.0,0.01,0.2503727119889241,720,1220,1320,1350
2024-10-29,0.3556509912014007,-0.0010880980674254914,0,0,0.48085128151068735,0.5191487184893127,0.5191487184893127,1.0,0.01,0.2503727119889241,720,1220,1320,1350
2024-10-30,0.3552640080451965,-0.03777191606990271,0,0,0.4809506370007159,0.5190493629992841,0.5190493629992841,1.0,0.01,0.2503727119889241,720,1220,1320,1350
2024-10-31,0.3418450057506561,0.04459620685040622,1,0,0.4810609526096791,0.5189390473903208,0.5189390473903208,1.0,0.01,0.2503727119889241,720,1220,1320,1350
2024-11-01,0.3570899963378906,-0.0260970833466867,0,0,0.48104012109779626,0.5189598789022037,0.5189598789022037,1.0,0.01,0.2503727119889241,720,1220,1320,1350
2024-11-02,0.3477709889411926,-0.03877838676632228,0,0,0.4809945206702654,0.5190054793297346,0.5190054793297346,1.0,0.01,0.2503727119889241,720,1220,1320,1350
2024-11-03,0.3342849910259247,-0.024727409730257666,0,0,0.4811090257701751,0.5188909742298249,0.5188909742298249,1.0,0.01,0.2503727119889241,720,1220,1320,1350
2024-11-04,0.3260189890861511,0.024247073554977572,1,0,0.48106689835600425,0.5189331016439958,0.5189331016439958,1.0,0.01,0.2503727119889241,720,1220,1320,1350
2024-11-05,0.3339239954948425,0.08804101518747154,1,0,0.48087792864106493,0.5191220713589351,0.5191220713589351,1.0,0.01,0.2503727119889241,720,1220,1320,1350
2024-11-06,0.3633230030536651,0.11474635957699286,1,0,0.4813078622751598,0.5186921377248401,0.5186921377248401,1.0,0.01,0.2503727119889241,720,1220,1320,1350
2024-11-07,0.4050129950046539,0.09580432820325524,1,0,0.4809712207426794,0.5190287792573206,0.5190287792573206,1.0,0.01,0.2503727119889241,720,1220,1320,1350
2024-11-08,0.4438149929046631,0.11235539176844411,1,0,0.4816361450946345,0.5183638549053655,0.5183638549053655,1.0,0.01,0.2503727119889241,720,1220,1320,1350
2024-11-09,0.4936800003051758,0.1957321007377415,1,0,0.481160656480758,0.518839343519242,0.518839343519242,1.0,0.01,0.2503727119889241,720,1220,1320,1350
2024-11-10,0.5903090238571167,0.03980788271746172,1,1,0.5067169607628176,0.4932830392371824,0.5067169607628176,1.0,0.01,0.24919265279590178,750,1250,1350,1380
2024-11-11,0.6138079762458801,-0.06498773692611248,0,0,0.4958347979289756,0.5041652020710243,0.5041652020710243,1.0,0.01,0.24919265279590178,750,1250,1350,1380
2024-11-12,0.5739179849624634,0.008462888106093969,1,0,0.49387516820921684,0.5061248317907832,0.5061248317907832,1.0,0.01,0.24919265279590178,750,1250,1350,1380
2024-11-13,0.5787749886512756,0.002316937193989066,1,0,0.4853178009674071,0.5146821990325929,0.5146821990325929,1.0,0.01,0.24919265279590178,750,1250,1350,1380
2024-11-14,0.5801159739494324,0.16194005567399317,1,0,0.4824987494884908,0.5175012505115092,0.5175012505115092,1.0,0.01,0.24919265279590178,750,1250,1350,1380
2024-11-15,0.6740599870681763,0.09594697957794107,1,1,0.512104570295365,0.48789542970463495,0.512104570295365,1.0,0.01,0.24919265279590178,750,1250,1350,1380
2024-11-16,0.7387340068817139,-0.04928569699610297,0,0,0.4969963924098679,0.5030036075901321,0.5030036075901321,1.0,0.01,0.24919265279590178,750,1250,1350,1380
2024-11-17,0.7023249864578247,0.04592602361797771,1,0,0.4780563380383974,0.5219436619616026,0.5219436619616026,1.0,0.01,0.24919265279590178,750,1250,1350,1380
2024-11-18,0.7345799803733826,0.006891072180141178,1,0,0.4815750286562093,0.5184249713437907,0.5184249713437907,1.0,0.01,0.24919265279590178,750,1250,1350,1380
2024-11-19,0.7396420240402222,0.0820707553000879,1,0,0.4798208543841947,0.5201791456158054,0.5201791456158054,1.0,0.01,0.24919265279590178,750,1250,1350,1380
2024-11-20,0.8003450036048889,0.025150434989645643,1,1,0.5101673270500819,0.48983267294991806,0.5101673270500819,1.0,0.01,0.24919265279590178,750,1250,1350,1380
2024-11-21,0.8204740285873413,0.23151118721245578,1,0,0.4815568562150006,0.5184431437849994,0.5184431437849994,1.0,0.01,0.24919265279590178,750,1250,1350,1380
2024-11-22,1.010422945022583,0.05523828220766247,1,1,0.5129165409244996,0.48708345907550044,0.5129165409244996,1.0,0.01,0.24919265279590178,750,1250,1350,1380
2024-11-23,1.066236972808838,-0.04045160217006605,0,0,0.49171568899048823,0.5082843110095118,0.5082843110095118,1.0,0.01,0.24919265279590178,750,1250,1350,1380
2024-11-24,1.0231059789657593,-0.07566856026290913,0,0,0.48181107643761467,0.5181889235623853,0.5181889235623853,1.0,0.01,0.24919265279590178,750,1250,1350,1380
2024-11-25,0.945689022541046,0.01643561851550901,1,0,0.4823696884619482,0.5176303115380518,0.5176303115380518,1.0,0.01,0.24919265279590178,750,1250,1350,1380
2024-11-26,0.9612320065498352,0.054215787549133365,1,0,0.4795494783083507,0.5204505216916493,0.5204505216916493,1.0,0.01,0.24919265279590178,750,1250,1350,1380
2024-11-27,1.0133459568023682,0.019896449199476196,1,0,0.47755165505422825,0.5224483449457717,0.5224483449457717,1.0,0.01,0.24919265279590178,750,1250,1350,1380
2024-11-28,1.0335079431533811,0.04194462249124653,1,0,0.4746610336731053,0.5253389663268947,0.5253389663268947,1.0,0.01,0.24919265279590178,750,1250,1350,1380
2024-11-29,1.0768580436706543,0.001935164623494634,1,0,0.4871555315267801,0.5128444684732198,0.5128444684732198,1.0,0.01,0.24919265279590178,750,1250,1350,1380
2024-11-30,1.0789419412612915,0.07072673296709775,1,0,0.4814550947624638,0.5185449052375362,0.5185449052375362,1.0,0.01,0.24919265279590178,750,1250,1350,1380
2024-12-01,1.1552519798278809,0.04027177504469126,1,0,0.4802419607428828,0.5197580392571173,0.5197580392571173,1.0,0.01,0.24919265279590178,750,1250,1350,1380
2024-12-02,1.2017760276794434,-0.0030372291946972885,0,1,0.5081165421474854,0.49188345785251464,0.5081165421474854,1.0,0.01,0.24919265279590178,750,1250,1350,1380
2024-12-03,1.198125958442688,-0.009019055462211267,0,0,0.48717734572947896,0.512822654270521,0.512822654270521,1.0,0.01,0.24919265279590178,750,1250,1350,1380
2024-12-04,1.1873199939727783,-0.002196494323974174,0,0,0.47744209588218994,0.5225579041178101,0.5225579041178101,1.0,0.01,0.24919265279590178,750,1250,1350,1380
2024-12-05,1.184712052345276,0.039161367607541964,1,0,0.48710052889656685,0.5128994711034331,0.5128994711034331,1.0,0.01,0.24919265279590178,750,1250,1350,1380
2024-12-06,1.2311069965362549,-0.01373644196910051,0,0,0.4755149009952621,0.5244850990047378,0.5244850990047378,1.0,0.01,0.24919265279590178,750,1250,1350,1380
2024-12-07,1.214195966720581,-0.01474638144311069,0,0,0.47626637855699355,0.5237336214430064,0.5237336214430064,1.0,0.01,0.24919265279590178,750,1250,1350,1380
2024-12-08,1.1962909698486328,-0.15777258805390937,0,0,0.48739924324454875,0.5126007567554512,0.5126007567554512,1.0,0.01,0.24919265279590178,750,1250,1350,1380
2024-12-09,1.0075490474700928,0.01251749007978531,1,1,0.5114943623663141,0.48850563763368593,0.5114943623663141,1.0,0.01,0.24919265279590178,750,1250,1350,1380
2024-12-10,1.0201610326766968,0.06737066168590711,1,1,0.5094765357451743,0.49052346425482574,0.5094765357451743,0.1,scale,0.25720452594051824,780,1280,1380,1410
2024-12-11,1.0888899564743042,0.03317692238384429,1,0,0.4763264288775854,0.5236735711224145,0.5236735711224145,0.1,scale,0.25720452594051824,780,1280,1380,1410
2024-12-12,1.1250159740447998,-0.004812384196442254,0,0,0.47748219298833583,0.5225178070116642,0.5225178070116642,0.1,scale,0.25720452594051824,780,1280,1380,1410
2024-12-13,1.1196019649505615,-0.052777701470905436,0,0,0.47216100779107384,0.5278389922089262,0.5278389922089262,0.1,scale,0.25720452594051824,780,1280,1380,1410
2024-12-14,1.0605119466781616,0.038845491550961064,1,1,0.5190272922467705,0.48097270775322953,0.5190272922467705,0.1,scale,0.25720452594051824,780,1280,1380,1410
2024-12-15,1.1017080545425415,-0.020742394579755463,0,0,0.4588652105719174,0.5411347894280826,0.5411347894280826,0.1,scale,0.25720452594051824,780,1280,1380,1410
2024-12-16,1.0788559913635254,-0.025333311234130185,0,0,0.49051565227638827,0.5094843477236117,0.5094843477236117,0.1,scale,0.25720452594051824,780,1280,1380,1410
2024-12-17,1.051524996757507,-0.07903280314519101,0,0,0.47679850256661366,0.5232014974333863,0.5232014974333863,0.1,scale,0.25720452594051824,780,1280,1380,1410
2024-12-18,0.9684200286865234,-0.08562198782426123,0,1,0.5313528223359031,0.4686471776640969,0.5313528223359031,0.1,scale,0.25720452594051824,780,1280,1380,1410
2024-12-19,0.8855019807815552,0.07397953105014743,1,1,0.5474821517718845,0.45251784822811547,0.5474821517718845,0.1,scale,0.25720452594051824,780,1280,1380,1410
2024-12-20,0.9510110020637512,-0.04870288694358127,0,0,0.4847094309011325,0.5152905690988675,0.5152905690988675,0.1,scale,0.25720452594051824,780,1280,1380,1410
2024-12-21,0.9046940207481384,-0.024005934282134156,0,1,0.5071620062568497,0.4928379937431503,0.5071620062568497,0.1,scale,0.25720452594051824,780,1280,1380,1410
2024-12-22,0.8829759955406189,0.04673968242888993,1,0,0.49781917155543476,0.5021808284445652,0.5021808284445652,0.1,scale,0.25720452594051824,780,1280,1380,1410
2024-12-23,0.9242460131645204,0.0132151016282116,1,0,0.46078359886964604,0.539216401130354,0.539216401130354,0.1,scale,0.25720452594051824,780,1280,1380,1410
2024-12-24,0.936460018157959,-0.02093100256174074,0,0,0.4501595539147872,0.5498404460852129,0.5498404460852129,0.1,scale,0.25720452594051824,780,1280,1380,1410
2024-12-25,0.916858971118927,-0.062249432644875036,0,0,0.46146477096771105,0.5385352290322889,0.5385352290322889,0.1,scale,0.25720452594051824,780,1280,1380,1410
2024-12-26,0.8597850203514099,0.01742644732865939,1,1,0.5114189387284991,0.4885810612715009,0.5114189387284991,0.1,scale,0.25720452594051824,780,1280,1380,1410
2024-12-27,0.8747680187225342,0.014917105087075777,1,0,0.4756750675940305,0.5243249324059696,0.5243249324059696,0.1,scale,0.25720452594051824,780,1280,1380,1410
2024-12-28,0.8878170251846313,-0.03286376497824994,0,0,0.4611421559677738,0.5388578440322263,0.5388578440322263,0.1,scale,0.25720452594051824,780,1280,1380,1410
2024-12-29,0.8586400151252747,0.001603683126042199,1,0,0.4896125418672243,0.5103874581327756,0.5103874581327756,0.1,scale,0.25720452594051824,780,1280,1380,1410
2024-12-30,0.8600170016288757,-0.018897279039380654,0,0,0.48479590326582517,0.5152040967341749,0.5152040967341749,0.1,scale,0.25720452594051824,780,1280,1380,1410
2024-12-31,0.8437650203704834,0.08749707191876133,1,0,0.48437179648849255,0.5156282035115074,0.5156282035115074,0.1,scale,0.25720452594051824,780,1280,1380,1410
2025-01-01,0.9175919890403748,0.047682443219356996,1,0,0.4703112179218268,0.5296887820781733,0.5296887820781733,0.1,scale,0.25720452594051824,780,1280,1380,1410
2025-01-02,0.9613450169563292,0.13421924516760297,1,0,0.49771797773771703,0.502282022262283,0.502282022262283,0.1,scale,0.25720452594051824,780,1280,1380,1410
2025-01-03,1.0903760194778442,-0.017403146061814145,0,1,0.525435921389741,0.47456407861025895,0.525435921389741,0.1,scale,0.25720452594051824,780,1280,1380,1410
2025-01-04,1.0714000463485718,0.02059636909036988,1,1,0.5066197711018693,0.4933802288981307,0.5066197711018693,0.1,scale,0.25720452594051824,780,1280,1380,1410
2025-01-05,1.0934669971466064,0.0006008067883427337,1,1,0.5164667825435525,0.4835332174564475,0.5164667825435525,0.1,scale,0.25720452594051824,780,1280,1380,1410
2025-01-06,1.0941239595413208,-0.09332942696572544,0,1,0.5099937375526461,0.4900062624473539,0.5099937375526461,0.1,scale,0.25720452594051824,780,1280,1380,1410
2025-01-07,0.9920099973678588,-0.044333211601686684,0,1,0.5237251936422308,0.4762748063577692,0.5237251936422308,0.1,scale,0.25720452594051824,780,1280,1380,1410
2025-01-08,0.9480310082435608,-0.04434559981530717,0,1,0.502202864759551,0.497797135240449,0.502202864759551,0.1,scale,0.25720452594051824,780,1280,1380,1410
2025-01-09,0.9059900045394896,0.02810515006917802,1,1,0.5276167091890123,0.47238329081098773,0.5276167091890123,0.1,scale,0.24898548392533207,810,1310,1410,1440
2025-01-10,0.9314529895782472,0.06771250208290813,1,0,0.46311348040680184,0.5368865195931982,0.5368865195931982,0.1,scale,0.24898548392533207,810,1310,1410,1440
2025-01-11,0.9945240020751952,-0.026112017828340828,0,0,0.43043521495263687,0.5695647850473631,0.5695647850473631,0.1,scale,0.24898548392533207,810,1310,1410,1440
2025-01-12,0.9685549736022948,-0.024586058929493393,0,0,0.481208489964209,0.5187915100357909,0.5187915100357909,0.1,scale,0.24898548392533207,810,1310,1410,1440
2025-01-13,0.9447420239448548,0.05310123108683995,1,0,0.48073354923274303,0.519266450767257,0.519266450767257,0.1,scale,0.24898548392533207,810,1310,1410,1440
2025-01-14,0.9949089884757996,0.08467611317962476,1,0,0.43411786999956586,0.5658821300004342,0.5658821300004342,0.1,scale,0.24898548392533207,810,1310,1410,1440
2025-01-15,1.0791540145874023,0.010142169100589848,1,1,0.5267718245573612,0.47322817544263884,0.5267718245573612,0.1,scale,0.24898548392533207,810,1310,1410,1440
2025-01-16,1.0900989770889282,0.041301721608593134,1,1,0.508919044950075,0.491080955049925,0.508919044950075,0.1,scale,0.24898548392533207,810,1310,1410,1440
2025-01-17,1.1351219415664673,-0.029115762679486568,0,1,0.501352070659745,0.49864792934025504,0.501352070659745,0.1,scale,0.24898548392533207,810,1310,1410,1440
2025-01-18,1.10207200050354,-0.10061136740996335,0,0,0.4849798054392853,0.5150201945607147,0.5150201945607147,0.1,scale,0.24898548392533207,810,1310,1410,1440
2025-01-19,0.991191029548645,0.017608064162888182,1,1,0.548049938779051,0.45195006122094905,0.548049938779051,0.1,scale,0.24898548392533207,810,1310,1410,1440
2025-01-20,1.0086439847946167,-0.003955741551442515,0,0,0.45555841875389463,0.5444415812461054,0.5444415812461054,0.1,scale,0.24898548392533207,810,1310,1410,1440
2025-01-21,1.004654049873352,-0.02290348114877594,0,0,0.4540614926388572,0.5459385073611428,0.5459385073611428,0.1,scale,0.24898548392533207,810,1310,1410,1440
2025-01-22,0.9816439747810364,0.005959408116445797,1,0,0.46195617346855916,0.5380438265314409,0.5380438265314409,0.1,scale,0.24898548392533207,810,1310,1410,1440
2025-01-23,0.9874939918518066,-0.01620260270169116,0,0,0.4616204958437603,0.5383795041562397,0.5383795041562397,0.1,scale,0.24898548392533207,810,1310,1410,1440
2025-01-24,0.9714940190315248,0.0059474942120558705,1,0,0.4591779455036643,0.5408220544963357,0.5408220544963357,0.1,scale,0.24898548392533207,810,1310,1410,1440
2025-01-25,0.9772719740867616,-0.02293731549887823,0,0,0.4327986776112276,0.5672013223887724,0.5672013223887724,0.1,scale,0.24898548392533207,810,1310,1410,1440
2025-01-26,0.954855978488922,-0.022949002251897,0,0,0.4742221112660879,0.5257778887339122,0.5257778887339122,0.1,scale,0.24898548392533207,810,1310,1410,1440
2025-01-27,0.9329429864883424,-0.0180375444043408,0,1,0.5122034041326551,0.4877965958673449,0.5122034041326551,0.1,scale,0.24898548392533207,810,1310,1410,1440
2025-01-28,0.9161149859428406,0.027302267379290646,1,0,0.47180552398583286,0.5281944760141671,0.5281944760141671,0.1,scale,0.24898548392533207,810,1310,1410,1440
2025-01-29,0.9411270022392272,0.02113101682631835,1,0,0.4405808016356022,0.5594191983643978,0.5594191983643978,0.1,scale,0.24898548392533207,810,1310,1410,1440
2025-01-30,0.9610139727592468,-0.0195470621446604,0,0,0.4374919215314058,0.5625080784685942,0.5625080784685942,0.1,scale,0.24898548392533207,810,1310,1410,1440
2025-01-31,0.9422289729118348,-0.04700025221440396,0,0,0.46267320486560676,0.5373267951343932,0.5373267951343932,0.1,scale,0.24898548392533207,810,1310,1410,1440
2025-02-01,0.8979439735412598,-0.10713806837039497,0,0,0.48763120517284014,0.5123687948271598,0.5123687948271598,0.1,scale,0.24898548392533207,810,1310,1410,1440
2025-02-02,0.8017399907112122,0.01224715104083618,1,1,0.5445742507370653,0.45542574926293466,0.5445742507370653,0.1,scale,0.24898548392533207,810,1310,1410,1440
2025-02-03,0.8115590214729309,-0.08035891798740291,0,1,0.5207363475697709,0.47926365243022906,0.5207363475697709,0.1,scale,0.24898548392533207,810,1310,1410,1440
2025-02-04,0.7463430166244507,-0.017597810112767065,0,1,0.562464634486864,0.437535365513136,0.562464634486864,0.1,scale,0.24898548392533207,810,1310,1410,1440
2025-02-05,0.7332090139389038,-0.03838883764730061,0,1,0.5390677572803858,0.4609322427196142,0.5390677572803858,0.1,scale,0.24898548392533207,810,1310,1410,1440
2025-02-06,0.7050619721412659,0.0028806379452761544,1,1,0.5625575419647197,0.43744245803528026,0.5625575419647197,0.1,scale,0.24898548392533207,810,1310,1410,1440
2025-02-07,0.7070930004119873,-0.007416304000016138,0,1,0.526260613319305,0.47373938668069504,0.526260613319305,0.1,scale,0.24898548392533207,810,1310,1410,1440
2025-02-08,0.7018489837646484,-0.027282211098157205,0,1,0.5243627454261582,0.47563725457384176,0.5243627454261582,0.1,scale,0.24817174313281584,840,1340,1440,1470
2025-02-09,0.6827009916305542,0.041001859466647916,1,1,0.5311862038108044,0.4688137961891956,0.5311862038108044,0.1,scale,0.24817174313281584,840,1340,1440,1470
2025-02-10,0.7106930017471313,0.0966746201812394,1,0,0.48781136987347895,0.512188630126521,0.512188630126521,0.1,scale,0.24817174313281584,840,1340,1440,1470
2025-02-11,0.7793989777565002,0.025436319343353775,1,1,0.5123563240970781,0.4876436759029219,0.5123563240970781,0.1,scale,0.24817174313281584,840,1340,1440,1470
2025-02-12,0.7992240190505981,0.014411480738627969,1,0,0.49116855925764163,0.5088314407423584,0.5088314407423584,0.1,scale,0.24817174313281584,840,1340,1440,1470
2025-02-13,0.8107420206069946,-0.01262425200305195,0,0,0.4945362696598424,0.5054637303401577,0.5054637303401577,0.1,scale,0.24817174313281584,840,1340,1440,1470
2025-02-14,0.8005070090293884,-0.024230918806675605,0,0,0.4855039137044893,0.5144960862955107,0.5144960862955107,0.1,scale,0.24817174313281584,840,1340,1440,1470
2025-02-15,0.7811099886894226,-0.01165644691419998,0,0,0.4818918462656821,0.518108153734318,0.518108153734318,0.1,scale,0.24817174313281584,840,1340,1440,1470
2025-02-16,0.772005021572113,0.04665770286582971,1,0,0.4843055361447629,0.5156944638552371,0.5156944638552371,0.1,scale,0.24817174313281584,840,1340,1440,1470
2025-02-17,0.8080250024795532,-0.06888645297685747,0,1,0.5148752894284947,0.4851247105715053,0.5148752894284947,0.1,scale,0.24817174313281584,840,1340,1440,1470
2025-02-18,0.7523630261421204,0.027353807948738096,1,1,0.5145231414058052,0.48547685859419476,0.5145231414058052,0.1,scale,0.24817174313281584,840,1340,1440,1470
2025-02-19,0.7729430198669434,0.04079340324581637,1,0,0.4597981140413425,0.5402018859586575,0.5402018859586575,0.1,scale,0.24817174313281584,840,1340,1440,1470
2025-02-20,0.8044739961624146,-0.05357908380587628,0,0,0.47000479380851534,0.5299952061914847,0.5299952061914847,0.1,scale,0.24817174313281584,840,1340,1440,1470
2025-02-21,0.7613710165023804,0.01718078869325579,1,1,0.5146459407485573,0.4853540592514427,0.5146459407485573,0.1,scale,0.24817174313281584,840,1340,1440,1470
2025-02-22,0.7744519710540771,-0.005695617413116527,0,0,0.4575889221984061,0.5424110778015939,0.5424110778015939,0.1,scale,0.24817174313281584,840,1340,1440,1470
2025-02-23,0.7700409889221191,-0.114070560712072,0,0,0.47458027079193343,0.5254197292080666,0.5254197292080666,0.1,scale,0.24817174313281584,840,1340,1440,1470
2025-02-24,0.6822019815444946,0.0005570772665119961,1,1,0.5716960795248891,0.4283039204751109,0.5716960795248891,0.1,scale,0.24817174313281584,840,1340,1440,1470
2025-02-25,0.6825820207595825,-0.05500293141023971,0,1,0.5146150247024548,0.4853849752975452,0.5146150247024548,0.1,scale,0.24817174313281584,840,1340,1440,1470
2025-02-26,0.6450380086898804,0.0008479993701684396,1,1,0.5661886938089085,0.43381130619109154,0.5661886938089085,0.1,scale,0.24817174313281584,840,1340,1440,1470
2025-02-27,0.6455850005149841,-0.019414983807305553,0,1,0.5137561713075266,0.4862438286924734,0.5137561713075266,0.1,scale,0.24817174313281584,840,1340,1440,1470
2025-02-28,0.6330509781837463,0.04140899306109036,1,1,0.5344667863335657,0.4655332136664343,0.5344667863335657,0.1,scale,0.24817174313281584,840,1340,1440,1470
2025-03-01,0.6592649817466736,0.7132762136265101,1,0,0.46071627918145713,0.5392837208185428,0.5392837208185428,0.1,scale,0.24817174313281584,840,1340,1440,1470
2025-03-02,1.1295030117034912,-0.24279616859515363,0,1,0.5327960934848548,0.4672039065151452,0.5327960934848548,0.1,scale,0.24817174313281584,840,1340,1440,1470
2025-03-03,0.8552640080451965,0.10056896850075914,1,1,0.5327969653447654,0.4672030346552346,0.5327969653447654,0.1,scale,0.24817174313281584,840,1340,1440,1470
2025-03-04,0.941277027130127,0.0362050221859056,1,1,0.5327407855499323,0.4672592144500677,0.5327407855499323,0.1,scale,0.24817174313281584,840,1340,1440,1470
2025-03-05,0.9753559827804564,-0.06951716103354733,0,1,0.532798458490797,0.467201541509203,0.532798458490797,0.1,scale,0.24817174313281584,840,1340,1440,1470
2025-03-06,0.9075520038604736,-0.09999647975108161,0,1,0.5328062206300345,0.46719377936996553,0.5328062206300345,0.1,scale,0.24817174313281584,840,1340,1440,1470
2025-03-07,0.8167999982833862,-0.014823736484420591,0,1,0.5327978077603197,0.4672021922396803,0.5327978077603197,0.1,scale,0.24817174313281584,840,1340,1440,1470
2025-03-08,0.8046919703483582,-0.10506254920654368,0,1,0.5328098096187325,0.4671901903812675,0.5328098096187325,0.1,scale,0.24817174313281584,840,1340,1440,1470
2025-03-09,0.7201489806175232,-0.06603076701515753,0,1,0.5336155774931822,0.4663844225068178,0.5336155774931822,0.1,scale,0.24817174313281584,840,1340,1440,1470
2025-03-10,0.6725969910621643,0.07432385069350755,1,1,0.5241861436769472,0.47581385632305284,0.5241861436769472,0.1,scale,0.24782004274109792,870,1370,1470,1500
2025-03-11,0.722586989402771,0.017793040962309714,1,1,0.5241256921852576,0.4758743078147424,0.5241256921852576,0.1,scale,0.24782004274109792,870,1370,1470,1500
2025-03-12,0.7354440093040466,-0.045081642697777924,0,1,0.5237070547306287,0.47629294526937127,0.5237070547306287,0.1,scale,0.24782004274109792,870,1370,1470,1500
2025-03-13,0.7022889852523804,0.05129941521520043,1,1,0.5234050120640134,0.47659498793598665,0.5234050120640134,0.1,scale,0.24782004274109792,870,1370,1470,1500
2025-03-14,0.738315999507904,0.013507752189876321,1,1,0.5236187315064242,0.47638126849357576,0.5236187315064242,0.1,scale,0.24782004274109792,870,1370,1470,1500
2025-03-15,0.7482889890670776,-0.056829639405311605,0,1,0.52339956782432,0.47660043217568004,0.52339956782432,0.1,scale,0.24782004274109792,870,1370,1470,1500
2025-03-16,0.7057639956474304,0.017467636143134513,1,1,0.5179259071283796,0.4820740928716204,0.5179259071283796,0.1,scale,0.24782004274109792,870,1370,1470,1500
2025-03-17,0.7180920243263245,-0.022296584751217763,0,1,0.5096453819424214,0.49035461805757863,0.5096453819424214,0.1,scale,0.24782004274109792,870,1370,1470,1500
2025-03-18,0.702081024646759,0.059991603676553984,1,1,0.5147000861737039,0.4852999138262961,0.5147000861737039,0.1,scale,0.24782004274109792,870,1370,1470,1500
2025-03-19,0.7441999912261963,-0.035854572994626466,0,1,0.5124762822673764,0.4875237177326236,0.5124762822673764,0.1,scale,0.24782004274109792,870,1370,1470,1500
2025-03-20,0.7175170183181763,-0.017281863388896035,0,1,0.5107642380487593,0.48923576195124074,0.5107642380487593,0.1,scale,0.24782004274109792,870,1370,1470,1500
2025-03-21,0.7051169872283936,-0.00592236620766029,0,1,0.5110547371816528,0.48894526281834716,0.5110547371816528,0.1,scale,0.24782004274109792,870,1370,1470,1500
2025-03-22,0.7009410262107849,0.012222106101962726,1,1,0.5120074894770428,0.4879925105229572,0.5120074894770428,0.1,scale,0.24782004274109792,870,1370,1470,1500
2025-03-23,0.7095080018043518,0.030284362614271476,1,1,0.5114418579173948,0.4885581420826052,0.5114418579173948,0.1,scale,0.24782004274109792,870,1370,1470,1500
2025-03-24,0.7309949994087219,0.019432388667995015,1,1,0.5129462079583692,0.4870537920416308,0.5129462079583692,0.1,scale,0.24782004274109792,870,1370,1470,1500
2025-03-25,0.745199978351593,-0.022997859367747675,0,1,0.5104183653155455,0.4895816346844545,0.5104183653155455,0.1,scale,0.24782004274109792,870,1370,1470,1500
2025-03-26,0.7280619740486145,0.01319942204789526,1,1,0.5092031044885755,0.49079689551142447,0.5092031044885755,0.1,scale,0.24782004274109792,870,1370,1470,1500
2025-03-27,0.737671971321106,-0.0435436675354931,0,1,0.5088011565480283,0.49119884345197173,0.5088011565480283,0.1,scale,0.24782004274109792,870,1370,1470,1500
2025-03-28,0.705551028251648,-0.04482882834782809,0,1,0.5151229591744999,0.4848770408255001,0.5151229591744999,0.1,scale,0.24782004274109792,870,1370,1470,1500
2025-03-29,0.6739220023155212,-0.019607598614429622,0,1,0.5165449480659543,0.4834550519340457,0.5165449480659543,0.1,scale,0.24782004274109792,870,1370,1470,1500
2025-03-30,0.6607080101966858,0.0011184643965573837,1,1,0.5181794409715846,0.48182055902841536,0.5181794409715846,0.1,scale,0.24782004274109792,870,1370,1470,1500
2025-03-31,0.6614469885826111,0.02450384280270068,1,1,0.520151014837972,0.479848985162028,0.520151014837972,0.1,scale,0.24782004274109792,870,1370,1470,1500
2025-04-01,0.6776549816131592,-0.05314797112610914,0,0,0.4508921045694908,0.5491078954305092,0.5491078954305092,0.1,scale,0.24782004274109792,870,1370,1470,1500
2025-04-02,0.641638994216919,0.013122629103654804,1,1,0.5026981655144697,0.49730183448553034,0.5026981655144697,0.1,scale,0.24782004274109792,870,1370,1470,1500
2025-04-03,0.6500589847564697,0.015983231525612096,1,0,0.45658810542402367,0.5434118945759763,0.5434118945759763,0.1,scale,0.24782004274109792,870,1370,1470,1500
2025-04-04,0.6604490280151367,-0.00874861558543949,0,0,0.451224664095569,0.548775335904431,0.548775335904431,0.1,scale,0.24782004274109792,870,1370,1470,1500
2025-04-05,0.6546710133552551,-0.12506740758025836,0,0,0.4590224390497017,0.5409775609502983,0.5409775609502983,0.1,scale,0.24782004274109792,870,1370,1470,1500
2025-04-06,0.5727930068969727,0.02206376942377597,1,1,0.547432521887682,0.452567478112318,0.547432521887682,0.1,scale,0.24782004274109792,870,1370,1470,1500
2025-04-07,0.5854309797286987,-0.047047404871276455,0,1,0.511214929383211,0.488785070616789,0.511214929383211,0.1,scale,0.24782004274109792,870,1370,1470,1500
2025-04-08,0.5578879714012146,0.13226490674433777,1,1,0.5431579321418832,0.45684206785811676,0.5431579321418832,0.1,scale,0.24782004274109792,870,1370,1470,1500
2025-04-09,0.631676971912384,-0.035285405501396916,0,0,0.4822457369220271,0.5177542630779729,0.5177542630779729,0.1,scale,0.2466567147189912,900,1400,1500,1530
2025-04-10,0.609387993812561,0.024252252139461472,1,0,0.4774443639668829,0.5225556360331172,0.5225556360331172,0.1,scale,0.2466567147189912,900,1400,1500,1530
2025-04-11,0.6241670250892639,0.05556999117151462,1,0,0.45759036917130713,0.5424096308286929,0.5424096308286929,0.1,scale,0.2466567147189912,900,1400,1500,1530
2025-04-12,0.6588519811630249,-0.0315351363733164,0,0,0.4371646994889605,0.5628353005110396,0.5628353005110396,0.1,scale,0.2466567147189912,900,1400,1500,1530
2025-04-13,0.6380749940872192,-0.005016663985706993,0,0,0.49291863798623714,0.5070813620137629,0.5070813620137629,0.1,scale,0.2466567147189912,900,1400,1500,1530
2025-04-14,0.6348739862442017,-0.040497800386765426,0,0,0.4656268937417712,0.5343731062582289,0.5343731062582289,0.1,scale,0.2466567147189912,900,1400,1500,1530
2025-04-15,0.6091629862785339,0.0020618276274138037,1,1,0.5117689133603525,0.48823108663964754,0.5117689133603525,0.1,scale,0.2466567147189912,900,1400,1500,1530
2025-04-16,0.610418975353241,0.009642587327512997,1,0,0.4704740470983894,0.5295259529016105,0.5295259529016105,0.1,scale,0.2466567147189912,900,1400,1500,1530
2025-04-17,0.6163049936294556,0.018075448056370513,1,0,0.458067165809253,0.541932834190747,0.541932834190747,0.1,scale,0.2466567147189912,900,1400,1500,1530
2025-04-18,0.6274449825286865,0.0008112642232478429,1,0,0.4509586130294817,0.5490413869705183,0.5490413869705183,0.1,scale,0.2466567147189912,900,1400,1500,1530
2025-04-19,0.6279540061950684,-0.01301374803992661,0,0,0.4637095735888289,0.5362904264111711,0.5362904264111711,0.1,scale,0.2466567147189912,900,1400,1500,1530
2025-04-20,0.6197819709777832,0.0067088431323218956,1,0,0.48703256463009453,0.5129674353699054,0.5129674353699054,0.1,scale,0.2466567147189912,900,1400,1500,1530
2025-04-21,0.6239399909973145,0.09049590866467394,1,0,0.49558171990886046,0.5044182800911395,0.5044182800911395,0.1,scale,0.2466567147189912,900,1400,1500,1530
2025-04-22,0.680404007434845,0.025223198544758185,1,1,0.5433383229564914,0.4566616770435086,0.5433383229564914,0.1,scale,0.2466567147189912,900,1400,1500,1530
2025-04-23,0.6975659728050232,0.03477950289728082,1,1,0.5584604542286203,0.44153954577137966,0.5584604542286203,0.1,scale,0.2466567147189912,900,1400,1500,1530
2025-04-24,0.72182697057724,-0.010647924852399737,0,1,0.5903985648633568,0.40960143513664315,0.5903985648633568,0.1,scale,0.2466567147189912,900,1400,1500,1530
2025-04-25,0.7141410112380981,-0.009269863749319929,0,1,0.5635071089861845,0.4364928910138155,0.5635071089861845,0.1,scale,0.2466567147189912,900,1400,1500,1530
2025-04-26,0.7075210213661194,-0.0050118645522796434,0,1,0.5143254304784768,0.4856745695215232,0.5143254304784768,0.1,scale,0.2466567147189912,900,1400,1500,1530
2025-04-27,0.7039750218391418,0.002137799821366082,1,1,0.5324552737922456,0.46754472620775445,0.5324552737922456,0.1,scale,0.2466567147189912,900,1400,1500,1530
2025-04-28,0.7054799795150757,-0.012969848741000933,0,1,0.5664537912652459,0.43354620873475413,0.5664537912652459,0.1,scale,0.2466567147189912,900,1400,1500,1530
2025-04-29,0.6963300108909607,-0.020679857417248537,0,1,0.5461166971107431,0.45388330288925693,0.5461166971107431,0.1,scale,0.2466567147189912,900,1400,1500,1530
2025-04-30,0.6819300055503845,0.0344669080290716,1,1,0.5145107156685014,0.4854892843314986,0.5145107156685014,0.1,scale,0.2466567147189912,900,1400,1500,1530
2025-05-01,0.7054340243339539,-0.010478724559300545,0,1,0.5099043737076109,0.4900956262923891,0.5099043737076109,0.1,scale,0.2466567147189912,900,1400,1500,1530
2025-05-02,0.6980419754981995,0.004276248012479611,1,1,0.5239031701908268,0.4760968298091732,0.5239031701908268,0.1,scale,0.2466567147189912,900,1400,1500,1530
2025-05-03,0.701026976108551,-0.034713310565405275,0,1,0.5265886209365611,0.4734113790634389,0.5265886209365611,0.1,scale,0.2466567147189912,900,1400,1500,1530
2025-05-04,0.676692008972168,-0.02026916566957404,0,1,0.5077058753316277,0.4922941246683723,0.5077058753316277,0.1,scale,0.2466567147189912,900,1400,1500,1530
2025-05-05,0.6629760265350342,0.02323757166751239,1,0,0.49097302206417576,0.5090269779358243,0.5090269779358243,0.1,scale,0.2466567147189912,900,1400,1500,1530
2025-05-06,0.6783819794654846,-0.010607606594677077,0,0,0.4455181990333588,0.5544818009666412,0.5544818009666412,0.1,scale,0.2466567147189912,900,1400,1500,1530
2025-05-07,0.6711859703063965,0.1421633350597018,1,0,0.4588947629005033,0.5411052370994966,0.5411052370994966,0.1,scale,0.2466567147189912,900,1400,1500,1530
2025-05-08,0.7666040062904358,0.014488533629991807,1,1,0.5780841071374435,0.4219158928625565,0.5780841071374435,0.1,scale,0.2466567147189912,900,1400,1500,1530
2025-05-09,0.7777109742164612,0.08172963693182589,1,1,0.5114514355919662,0.48854856440803385,0.5114514355919662,1.0,0.01,0.24666692515754193,930,1430,1530,1560
2025-05-10,0.8412730097770691,-0.043129910340770516,0,1,0.5451969120961114,0.45480308790388857,0.5451969120961114,1.0,0.01,0.24666692515754193,930,1430,1530,1560
2025-05-11,0.8049889802932739,0.015713258194418156,1,1,0.5130958995598478,0.4869041004401522,0.5130958995598478,1.0,0.01,0.24666692515754193,930,1430,1530,1560
2025-05-12,0.8176379799842834,0.017027139192323126,1,1,0.5662569588659729,0.43374304113402706,0.5662569588659729,1.0,0.01,0.24666692515754193,930,1430,1530,1560
2025-05-13,0.8315600156784058,-0.038529991050271994,0,0,0.4914598823221548,0.5085401176778452,0.5085401176778452,1.0,0.01,0.24666692515754193,930,1430,1530,1560
2025-05-14,0.7995200157165527,-0.047875011555332914,0,1,0.5398585319574921,0.4601414680425079,0.5398585319574921,1.0,0.01,0.24666692515754193,930,1430,1530,1560
2025-05-15,0.7612429857254028,-0.0025944408574753997,0,1,0.5528527927311039,0.4471472072688961,0.5528527927311039,1.0,0.01,0.24666692515754193,930,1430,1530,1560
2025-05-16,0.7592679858207703,-0.022235832859111127,0,1,0.5041692309232364,0.4958307690767636,0.5041692309232364,1.0,0.01,0.24666692515754193,930,1430,1530,1560
2025-05-17,0.7423850297927856,0.024570792139543274,1,1,0.5406191109501681,0.4593808890498319,0.5406191109501681,1.0,0.01,0.24666692515754193,930,1430,1530,1560
2025-05-18,0.7606260180473328,-0.02309025014679278,0,0,0.4968475354126565,0.5031524645873435,0.5031524645873435,1.0,0.01,0.24666692515754193,930,1430,1530,1560
2025-05-19,0.7430629730224609,0.0035879276090342582,1,1,0.5278649240612101,0.4721350759387899,0.5278649240612101,1.0,0.01,0.24666692515754193,930,1430,1530,1560
2025-05-20,0.7457290291786194,0.03351078153058484,1,0,0.49684862291956033,0.5031513770804397,0.5031513770804397,1.0,0.01,0.24666692515754193,930,1430,1530,1560
2025-05-21,0.7707189917564392,0.04855079676229557,1,1,0.5096715115801295,0.49032848841987053,0.5096715115801295,1.0,0.01,0.24666692515754193,930,1430,1530,1560
2025-05-22,0.8081380128860474,-0.0764201663541153,0,0,0.46954053146178093,0.5304594685382191,0.5304594685382191,1.0,0.01,0.24666692515754193,930,1430,1530,1560
2025-05-23,0.7463799715042114,0.0010879896452518079,1,1,0.5452684950990376,0.45473150490096237,0.5452684950990376,1.0,0.01,0.24666692515754193,930,1430,1530,1560
2025-05-24,0.7471920251846313,0.017118729220515716,1,0,0.4471665694095128,0.5528334305904872,0.5528334305904872,1.0,0.01,0.24666692515754193,930,1430,1530,1560
2025-05-25,0.7599830031394958,-0.0005631980614880794,0,0,0.46205501731992793,0.5379449826800721,0.5379449826800721,1.0,0.01,0.24666692515754193,930,1430,1530,1560
2025-05-26,0.7595549821853638,-0.0011479831860367051,0,0,0.46646318848272117,0.5335368115172788,0.5335368115172788,1.0,0.01,0.24666692515754193,930,1430,1530,1560
2025-05-27,0.7586830258369446,-0.01553880009795272,0,0,0.46697874497399294,0.5330212550260071,0.5330212550260071,1.0,0.01,0.24666692515754193,930,1430,1530,1560
2025-05-28,0.7468940019607544,-0.0328721178420982,0,0,0.4757571452954183,0.5242428547045817,0.5242428547045817,1.0,0.01,0.24666692515754193,930,1430,1530,1560
2025-05-29,0.7223420143127441,-0.04570551357517294,0,1,0.5098861747286252,0.4901138252713748,0.5098861747286252,1.0,0.01,0.24666692515754193,930,1430,1530,1560
2025-05-30,0.6893270015716553,-0.0047190710444317,0,1,0.5426560703766949,0.45734392962330506,0.5426560703766949,1.0,0.01,0.24666692515754193,930,1430,1530,1560
2025-05-31,0.6860740184783936,-0.0016033309667803364,0,1,0.5046271449106806,0.4953728550893194,0.5046271449106806,1.0,0.01,0.24666692515754193,930,1430,1530,1560
2025-06-01,0.6849740147590637,0.006865932408205211,1,0,0.48744809802713446,0.5125519019728655,0.5125519019728655,1.0,0.01,0.24666692515754193,930,1430,1530,1560
2025-06-02,0.6896770000457764,-0.0073411137979372265,0,0,0.48000921545230574,0.5199907845476943,0.5199907845476943,1.0,0.01,0.24666692515754193,930,1430,1530,1560
2025-06-03,0.6846140027046204,-0.02734975361566694,0,0,0.48047156209157726,0.5195284379084227,0.5195284379084227,1.0,0.01,0.24666692515754193,930,1430,1530,1560
2025-06-04,0.6658899784088135,-0.05754096482386872,0,0,0.49259654242771994,0.5074034575722801,0.5074034575722801,1.0,0.01,0.24666692515754193,930,1430,1530,1560
2025-06-05,0.6275740265846252,0.04594192485571913,1,1,0.5345672703045609,0.46543272969543914,0.5345672703045609,1.0,0.01,0.24666692515754193,930,1430,1530,1560
2025-06-06,0.6564059853553772,0.013107726422260102,1,0,0.44147257249957833,0.5585274275004217,0.5585274275004217,1.0,0.01,0.24666692515754193,930,1430,1530,1560
2025-06-07,0.6650099754333496,0.007351786535037652,1,0,0.45192847349059084,0.5480715265094092,0.5480715265094092,1.0,0.01,0.24666692515754193,930,1430,1530,1560
2025-06-08,0.6698989868164062,0.052475122430385435,1,0,0.45872198253690827,0.5412780174630918,0.5412780174630918,1.0,0.01,0.24784258537300333,960,1460,1560,1590
2025-06-09,0.7050520181655884,0.015405945314871161,1,0,0.4440314167257745,0.5559685832742255,0.5559685832742255,1.0,0.01,0.24784258537300333,960,1460,1560,1590
2025-06-10,0.7159140110015869,-0.02480184070593694,0,0,0.46845519005429453,0.5315448099457054,0.5315448099457054,1.0,0.01,0.24784258537300333,960,1460,1560,1590
2025-06-11,0.6981580257415771,-0.04915655466830948,0,0,0.48068542316461743,0.5193145768353826,0.5193145768353826,1.0,0.01,0.24784258537300333,960,1460,1560,1590
2025-06-12,0.6638389825820923,-0.032693176216647246,0,1,0.5264375470442949,0.4735624529557051,0.5264375470442949,1.0,0.01,0.24784258537300333,960,1460,1560,1590
2025-06-13,0.6421359777450562,-0.026765357987475258,0,1,0.5382129756413158,0.46178702435868424,0.5382129756413158,1.0,0.01,0.24784258537300333,960,1460,1560,1590
2025-06-14,0.6249489784240723,0.014241236734261031,1,1,0.5380766287436074,0.4619233712563926,0.5380766287436074,1.0,0.01,0.24784258537300333,960,1460,1560,1590
2025-06-15,0.633849024772644,-0.0034992686818086094,0,0,0.49491699208524564,0.5050830079147544,0.5050830079147544,1.0,0.01,0.24784258537300333,960,1460,1560,1590
2025-06-16,0.6316310167312622,-0.03353540291082102,0,1,0.5067496847057589,0.4932503152942411,0.5067496847057589,1.0,0.01,0.24784258537300333,960,1460,1560,1590
2025-06-17,0.6104490160942078,-0.011467016740979386,0,1,0.527966656251484,0.472033343748516,0.527966656251484,1.0,0.01,0.24784258537300333,960,1460,1560,1590
2025-06-18,0.6034489870071411,-0.0021940512005202972,0,1,0.5114558822732285,0.48854411772677153,0.5114558822732285,1.0,0.01,0.24784258537300333,960,1460,1560,1590
2025-06-19,0.6021249890327454,-0.04128873336823735,0,1,0.502550418061134,0.497449581938866,0.502550418061134,1.0,0.01,0.24784258537300333,960,1460,1560,1590
2025-06-20,0.5772640109062195,-0.03975484267595175,0,1,0.5339417962291478,0.46605820377085216,0.5339417962291478,1.0,0.01,0.24784258537300333,960,1460,1560,1590
2025-06-21,0.5543149709701538,-0.024051217104081757,0,1,0.5529043566426581,0.44709564335734187,0.5529043566426581,1.0,0.01,0.24784258537300333,960,1460,1560,1590
2025-06-22,0.5409830212593079,0.07817620369077805,1,1,0.537251676427482,0.46274832357251805,0.537251676427482,1.0,0.01,0.24784258537300333,960,1460,1560,1590
2025-06-23,0.5832750201225281,0.007018995310621223,1,0,0.42656330332833875,0.5734366966716613,0.5734366966716613,1.0,0.01,0.24784258537300333,960,1460,1560,1590
2025-06-24,0.5873690247535706,-0.03454055171401815,0,0,0.45002791935309827,0.5499720806469017,0.5499720806469017,1.0,0.01,0.24784258537300333,960,1460,1560,1590
2025-06-25,0.5670809745788574,-0.02303017435285115,0,0,0.49173267765931494,0.5082673223406851,0.5082673223406851,1.0,0.01,0.24784258537300333,960,1460,1560,1590
2025-06-26,0.5540210008621216,0.008561011217943504,1,0,0.49878459339336356,0.5012154066066364,0.5012154066066364,1.0,0.01,0.24784258537300333,960,1460,1560,1590
2025-06-27,0.5587639808654785,0.012407803122170602,1,0,0.4708739500679254,0.5291260499320747,0.5291260499320747,1.0,0.01,0.24784258537300333,960,1460,1560,1590
2025-06-28,0.5656970143318176,0.02190042357768629,1,0,0.4671870870467003,0.5328129129532997,0.5328129129532997,1.0,0.01,0.24784258537300333,960,1460,1560,1590
2025-06-29,0.5780860185623169,-0.010318523954924164,0,0,0.4821288743025287,0.5178711256974713,0.5178711256974713,1.0,0.01,0.24784258537300333,960,1460,1560,1590
2025-06-30,0.5721210241317749,-0.05237181513383515,0,0,0.4843484884800299,0.51565151151997,0.51565151151997,1.0,0.01,0.24784258537300333,960,1460,1560,1590
2025-07-01,0.5421580076217651,0.07736308064884612,1,1,0.5338811288258314,0.4661188711741686,0.5338811288258314,1.0,0.01,0.24784258537300333,960,1460,1560,1590
2025-07-02,0.5841010212898254,0.025658218931426724,1,0,0.45743173067611076,0.5425682693238892,0.5425682693238892,1.0,0.01,0.24784258537300333,960,1460,1560,1590
2025-07-03,0.5990880131721497,-0.043728159574507264,0,0,0.4623420236153053,0.5376579763846947,0.5376579763846947,1.0,0.01,0.24784258537300333,960,1460,1560,1590
2025-07-04,0.5728909969329834,0.0052662868167727694,1,1,0.520869579094532,0.479130420905468,0.520869579094532,1.0,0.01,0.24784258537300333,960,1460,1560,1590
2025-07-05,0.5759080052375793,0.017546229181486073,1,0,0.48485386443808615,0.5151461355619138,0.5151461355619138,1.0,0.01,0.24784258537300333,960,1460,1560,1590
2025-07-06,0.5860130190849304,-0.009854788613161913,0,1,0.5029739038555079,0.4970260961444921,0.5029739038555079,1.0,0.01,0.24784258537300333,960,1460,1560,1590
2025-07-07,0.5802379846572876,0.014194160359897179,1,1,0.5076575761111601,0.49234242388883986,0.5076575761111601,1.0,0.01,0.24784258537300333,960,1460,1560,1590
2025-07-08,0.5884739756584167,0.059501435993580376,1,0,0.46388221946602076,0.5361177805339792,0.5361177805339792,0.1,scale,0.24681898946032083,990,1490,1590,1620
2025-07-09,0.6234890222549438,0.0852605203811323,1,1,0.5482901927755385,0.4517098072244615,0.5482901927755385,0.1,scale,0.24681898946032083,990,1490,1590,1620
2025-07-10,0.6766480207443237,0.05006734335952201,1,1,0.5777055767771501,0.42229442322284994,0.5777055767771501,0.1,scale,0.24681898946032083,990,1490,1590,1620
2025-07-11,0.7105259895324707,-0.0031370777830198593,0,1,0.5999732097224116,0.40002679027758836,0.5999732097224116,0.1,scale,0.24681898946032083,990,1490,1590,1620
2025-07-12,0.7082970142364502,0.040881149368876546,1,1,0.5741145372517706,0.42588546274822936,0.5741145372517706,0.1,scale,0.24681898946032083,990,1490,1590,1620
2025-07-13,0.7372530102729797,-0.003956568057392862,0,1,0.5976606556951405,0.4023393443048595,0.5976606556951405,0.1,scale,0.24681898946032083,990,1490,1590,1620
2025-07-14,0.7343360185623169,0.017004469276826528,1,1,0.5971140981857859,0.40288590181421413,0.5971140981857859,0.1,scale,0.24681898946032083,990,1490,1590,1620
2025-07-15,0.7468230128288269,0.023735214125961246,1,1,0.6009366129906116,0.39906338700938837,0.6009366129906116,0.1,scale,0.24681898946032083,990,1490,1590,1620
2025-07-16,0.7645490169525146,0.07747834178581381,1,1,0.6012665126575852,0.39873348734241476,0.6012665126575852,0.1,scale,0.24681898946032083,990,1490,1590,1620
2025-07-17,0.8237850069999695,-0.009623886978043728,0,1,0.6150461194564254,0.3849538805435746,0.6150461194564254,0.1,scale,0.24681898946032083,990,1490,1590,1620
2025-07-18,0.8158569931983948,0.017751928011269014,1,1,0.6121248282126153,0.38787517178738473,0.6121248282126153,0.1,scale,0.24681898946032083,990,1490,1590,1620
2025-07-19,0.8303400278091431,0.034208818248263606,1,1,0.5733289629186011,0.42667103708139886,0.5733289629186011,0.1,scale,0.24681898946032083,990,1490,1590,1620
2025-07-20,0.8587449789047241,0.03689110072289492,1,1,0.6114258126801669,0.38857418731983306,0.6114258126801669,0.1,scale,0.24681898946032083,990,1490,1590,1620
2025-07-21,0.8904250264167786,0.014059580076194678,1,1,0.6120542362666636,0.38794576373333645,0.6120542362666636,0.1,scale,0.24681898946032083,990,1490,1590,1620
2025-07-22,0.902944028377533,-0.09603365580586876,0,1,0.594234013588643,0.40576598641135697,0.594234013588643,0.1,scale,0.24681898946032083,990,1490,1590,1620
2025-07-23,0.8162310123443604,-0.01305147536702711,0,1,0.5699389673199812,0.43006103268001883,0.5699389673199812,0.1,scale,0.24681898946032083,990,1490,1590,1620
2025-07-24,0.8055779933929443,0.013029179549543413,1,1,0.509295855207313,0.490704144792687,0.509295855207313,0.1,scale,0.24681898946032083,990,1490,1590,1620
2025-07-25,0.816074013710022,0.004569421062049717,1,0,0.47676273606704284,0.5232372639329572,0.5232372639329572,0.1,scale,0.24681898946032083,990,1490,1590,1620
2025-07-26,0.81980299949646,0.014887728758706809,1,0,0.47551249091195646,0.5244875090880435,0.5244875090880435,0.1,scale,0.24681898946032083,990,1490,1590,1620
2025-07-27,0.8320080041885376,-0.049419010747215886,0,0,0.4916064964740583,0.5083935035259417,0.5083935035259417,0.1,scale,0.24681898946032083,990,1490,1590,1620
2025-07-28,0.7908909916877747,-0.010649976874581357,0,1,0.5233495614920944,0.47665043850790556,0.5233495614920944,0.1,scale,0.24681898946032083,990,1490,1590,1620
2025-07-29,0.7824680209159851,-0.024319231910393646,0,0,0.46124528248629554,0.5387547175137044,0.5387547175137044,0.1,scale,0.24681898946032083,990,1490,1590,1620
2025-07-30,0.7634389996528625,-0.030623308285410933,0,0,0.4962211244023046,0.5037788755976954,0.5037788755976954,0.1,scale,0.24681898946032083,990,1490,1590,1620
2025-07-31,0.7400599718093872,-0.03296079153708409,0,0,0.4934318647283236,0.5065681352716764,0.5065681352716764,0.1,scale,0.24681898946032083,990,1490,1590,1620
2025-08-01,0.7156670093536377,-0.025147207022628626,0,1,0.5314050616298681,0.4685949383701319,0.5314050616298681,0.1,scale,0.24681898946032083,990,1490,1590,1620
2025-08-02,0.6976699829101562,0.04200552586254025,1,1,0.5196871242398743,0.4803128757601257,0.5196871242398743,0.1,scale,0.24681898946032083,990,1490,1590,1620
2025-08-03,0.7269759774208069,0.03828466430038513,1,0,0.42855143309438126,0.5714485669056187,0.5714485669056187,0.1,scale,0.24681898946032083,990,1490,1590,1620
2025-08-04,0.7548080086708069,-0.03811829785533738,0,0,0.4309788373607256,0.5690211626392744,0.5690211626392744,0.1,scale,0.24681898946032083,990,1490,1590,1620
2025-08-05,0.726036012172699,0.021704127203466594,1,0,0.4686309447483649,0.531369055251635,0.531369055251635,0.1,scale,0.24681898946032083,990,1490,1590,1620
2025-08-06,0.7417939901351929,0.06012588911517813,1,0,0.41471162190090094,0.5852883780990991,0.5852883780990991,0.1,scale,0.24681898946032083,990,1490,1590,1620
2025-08-07,0.7863950133323669,0.006086018445874863,1,0,0.49079229044212264,0.5092077095578773,0.5092077095578773,0.1,scale,0.24777551954491386,1020,1520,1620,1650
2025-08-08,0.7911810278892517,0.016247853386535782,1,1,0.5077059406589609,0.4922940593410391,0.5077059406589609,0.1,scale,0.24777551954491386,1020,1520,1620,1650
2025-08-09,0.804036021232605,-0.0021740635632817584,0,0,0.49496162802891613,0.5050383719710838,0.5050383719710838,0.1,scale,0.24777551954491386,1020,1520,1620,1650
2025-08-10,0.8022879958152771,-0.035287844668105306,0,0,0.46840560656087776,0.5315943934391223,0.5315943934391223,0.1,scale,0.24777551954491386,1020,1520,1620,1650
2025-08-11,0.7739769816398621,0.08685917999282111,1,0,0.4807430931555303,0.5192569068444697,0.5192569068444697,0.1,scale,0.24777551954491386,1020,1520,1620,1650
2025-08-12,0.8412039875984192,0.07693738445543463,1,1,0.5444184972398166,0.4555815027601834,0.5444184972398166,0.1,scale,0.24777551954491386,1020,1520,1620,1650
2025-08-13,0.9059240221977234,0.021479670578423482,1,1,0.5874016802951247,0.41259831970487526,0.5874016802951247,0.1,scale,0.24777551954491386,1020,1520,1620,1650
2025-08-14,0.9253829717636108,0.01994093530902674,1,1,0.6115917142852728,0.3884082857147272,0.6115917142852728,0.1,scale,0.24777551954491386,1020,1520,1620,1650
2025-08-15,0.943835973739624,-0.023896080439837486,0,1,0.573712329675635,0.426287670324365,0.573712329675635,0.1,scale,0.24777551954491386,1020,1520,1620,1650
2025-08-16,0.9212819933891296,0.04407666214193906,1,1,0.5418543922081402,0.45814560779185975,0.5418543922081402,0.1,scale,0.24777551954491386,1020,1520,1620,1650
2025-08-17,0.9618890285491944,-0.04016471865468829,0,1,0.5695917913410103,0.43040820865898965,0.5695917913410103,0.1,scale,0.24777551954491386,1020,1520,1620,1650
2025-08-18,0.9232550263404846,-0.0847176717819752,0,1,0.547849227898658,0.452150772101342,0.547849227898658,0.1,scale,0.24777551954491386,1020,1520,1620,1650
2025-08-19,0.8450390100479126,0.04234478221045013,1,1,0.5807400330859371,0.41925996691406286,0.5807400330859371,0.1,scale,0.24777551954491386,1020,1520,1620,1650
2025-08-20,0.8808220028877258,-0.03383318194573848,0,0,0.4320521410554267,0.5679478589445732,0.5679478589445732,0.1,scale,0.24777551954491386,1020,1520,1620,1650
2025-08-21,0.8510209918022156,0.09271214265147831,1,0,0.48540637923183305,0.514593620768167,0.514593620768167,0.1,scale,0.24777551954491386,1020,1520,1620,1650
2025-08-22,0.9299209713935852,-0.018053089177087922,0,1,0.5627337340910674,0.4372662659089326,0.5627337340910674,0.1,scale,0.24777551954491386,1020,1520,1620,1650
2025-08-23,0.9131330251693726,-0.0038614658256651557,0,0,0.4415175877838901,0.5584824122161098,0.5584824122161098,0.1,scale,0.24777551954491386,1020,1520,1620,1650
2025-08-24,0.9096069931983948,-0.07912645792226858,0,0,0.4959848264586922,0.5040151735413079,0.5040151735413079,0.1,scale,0.24777551954491386,1020,1520,1620,1650
2025-08-25,0.8376330137252808,0.03468105015601486,1,1,0.5698837215597506,0.43011627844024936,0.5698837215597506,0.1,scale,0.24777551954491386,1020,1520,1620,1650
2025-08-26,0.8666830062866211,-0.019069252505823697,0,0,0.4002083364330693,0.5997916635669307,0.5997916635669307,0.1,scale,0.24777551954491386,1020,1520,1620,1650
2025-08-27,0.8501560091972351,0.008932465677004453,1,0,0.4568297334054637,0.5431702665945364,0.5431702665945364,0.1,scale,0.24777551954491386,1020,1520,1620,1650
2025-08-28,0.8577499985694885,-0.03568989240727505,0,0,0.4204564829477082,0.5795435170522918,0.5795435170522918,0.1,scale,0.24777551954491386,1020,1520,1620,1650
2025-08-29,0.8271369934082031,-0.005720954069796891,0,1,0.5194449828806099,0.4805550171193901,0.5194449828806099,0.1,scale,0.24777551954491386,1020,1520,1620,1650
2025-08-30,0.8224049806594849,-0.013428865432747794,0,0,0.43675415807480666,0.5632458419251933,0.5632458419251933,0.1,scale,0.24777551954491386,1020,1520,1620,1650
2025-08-31,0.8113610148429871,-0.013773198645145035,0,0,0.4654821487271208,0.5345178512728792,0.5345178512728792,0.1,scale,0.24777551954491386,1020,1520,1620,1650
2025-09-01,0.8001859784126282,0.04298380627689169,1,1,0.5164470285974638,0.48355297140253617,0.5164470285974638,0.1,scale,0.24777551954491386,1020,1520,1620,1650
2025-09-02,0.8345810174942017,0.0023353182479064483,1,0,0.41183108907224475,0.5881689109277553,0.5881689109277553,0.1,scale,0.24777551954491386,1020,1520,1620,1650
2025-09-03,0.8365300297737122,-0.03184946965170832,0,0,0.419788289743174,0.580211710256826,0.580211710256826,0.1,scale,0.24777551954491386,1020,1520,1620,1650
2025-09-04,0.8098869919776917,0.026154267011165855,1,0,0.45897284196917926,0.5410271580308208,0.5410271580308208,0.1,scale,0.24777551954491386,1020,1520,1620,1650
2025-09-05,0.8310689926147461,-0.015182861336249576,0,0,0.4375387958297112,0.5624612041702888,0.5624612041702888,0.1,scale,0.24777551954491386,1020,1520,1620,1650
2025-09-06,0.8184509873390198,0.02029199067329901,1,0,0.4088192952434469,0.5911807047565532,0.5911807047565532,0.1,scale,0.24603272454742459,1050,1550,1650,1680
2025-09-07,0.8350589871406555,0.03591843377196158,1,0,0.4195207995236948,0.5804792004763052,0.5804792004763052,0.1,scale,0.24603272454742459,1050,1550,1650,1680
2025-09-08,0.8650529980659485,-2.425381451520714e-05,0,1,0.5435764805112501,0.45642351948874993,0.5435764805112501,0.1,scale,0.24603272454742459,1050,1550,1650,1680
2025-09-09,0.8650320172309875,0.02272286126984624,1,0,0.4701546870918152,0.5298453129081848,0.5298453129081848,0.1,scale,0.24603272454742459,1050,1550,1650,1680
2025-09-10,0.8846880197525024,0.010760849074845424,1,0,0.4670744393365493,0.5329255606634506,0.5329255606634506,0.1,scale,0.24603272454742459,1050,1550,1650,1680
2025-09-11,0.8942080140113831,0.02558577436118048,1,1,0.5111361854099099,0.4888638145900901,0.5111361854099099,0.1,scale,0.24603272454742459,1050,1550,1650,1680
2025-09-12,0.9170870184898376,0.01390924718287545,1,1,0.5980447460427171,0.40195525395728293,0.5980447460427171,0.1,scale,0.24603272454742459,1050,1550,1650,1680
2025-09-13,0.929843008518219,-0.043934309206876354,0,1,0.6272384922687276,0.37276150773127237,0.6272384922687276,0.1,scale,0.24603272454742459,1050,1550,1650,1680
2025-09-14,0.8889909982681274,-0.02866509587728805,0,0,0.4884889087473042,0.5115110912526958,0.5115110912526958,0.1,scale,0.24603272454742459,1050,1550,1650,1680
2025-09-15,0.8635079860687256,0.019897896496646084,1,0,0.48986812134112107,0.5101318786588789,0.5101318786588789,0.1,scale,0.24603272454742459,1050,1550,1650,1680
2025-09-16,0.8806899785995483,0.03679165127522377,1,0,0.41690312681560066,0.5830968731843993,0.5830968731843993,0.1,scale,0.24603272454742459,1050,1550,1650,1680
2025-09-17,0.9130920171737672,0.01343123524803147,1,1,0.5234749083484111,0.47652509165158885,0.5234749083484111,0.1,scale,0.24603272454742459,1050,1550,1650,1680
2025-09-18,0.9253559708595276,-0.037197541471611695,0,1,0.5579387247477814,0.4420612752522186,0.5579387247477814,0.1,scale,0.24603272454742459,1050,1550,1650,1680
2025-09-19,0.8909350037574768,0.003364997906995182,1,0,0.4650283678579191,0.5349716321420809,0.5349716321420809,0.1,scale,0.24603272454742459,1050,1550,1650,1680
2025-09-20,0.8939329981803894,-0.009685280556554376,0,0,0.42524805835374857,0.5747519416462514,0.5747519416462514,0.1,scale,0.24603272454742459,1050,1550,1650,1680
2025-09-21,0.8852750062942505,-0.06723671852118673,0,0,0.46356092937965643,0.5364390706203436,0.5364390706203436,0.1,scale,0.24603272454742459,1050,1550,1650,1680
2025-09-22,0.8257520198822021,-0.021959430684100112,0,1,0.523460508950095,0.476539491049905,0.523460508950095,0.1,scale,0.24603272454742459,1050,1550,1650,1680
2025-09-23,0.8076189756393433,0.006893119633512468,1,1,0.5137617759730547,0.4862382240269453,0.5137617759730547,0.1,scale,0.24603272454742459,1050,1550,1650,1680
2025-09-24,0.81318598985672,-0.06197472593448494,0,0,0.4748480437023195,0.5251519562976805,0.5251519562976805,0.1,scale,0.24603272454742459,1050,1550,1650,1680
2025-09-25,0.7627890110015869,0.03854799180713453,1,1,0.6136766100449392,0.38632338995506077,0.6136766100449392,0.1,scale,0.24603272454742459,1050,1550,1650,1680
2025-09-26,0.7921929955482483,-0.01324420597025322,0,0,0.4241093146237068,0.5758906853762932,0.5758906853762932,0.1,scale,0.24603272454742459,1050,1550,1650,1680
2025-09-27,0.7817010283470154,0.033855652944501324,1,0,0.47013087890320104,0.529869121096799,0.529869121096799,0.1,scale,0.24603272454742459,1050,1550,1650,1680
2025-09-28,0.8081660270690918,-0.0016939582156973998,0,0,0.4451708977665295,0.5548291022334705,0.5548291022334705,0.1,scale,0.24603272454742459,1050,1550,1650,1680
2025-09-29,0.8067970275878906,0.0005031838513076536,1,0,0.45167652190412805,0.5483234780958719,0.5483234780958719,0.1,scale,0.24603272454742459,1050,1550,1650,1680
2025-09-30,0.8072029948234558,0.053068464822055406,1,0,0.43265035446068917,0.5673496455393108,0.5673496455393108,0.1,scale,0.24603272454742459,1050,1550,1650,1680
2025-10-01,0.8500400185585022,0.023857704466737184,1,0,0.46674523671552876,0.5332547632844713,0.5332547632844713,0.1,scale,0.24603272454742459,1050,1550,1650,1680
2025-10-02,0.8703200221061707,-0.004601772675183025,0,1,0.5044423649020597,0.49555763509794026,0.5044423649020597,0.1,scale,0.24603272454742459,1050,1550,1650,1680
2025-10-03,0.8663150072097778,-0.03046581912068469,0,0,0.49443363173251464,0.5055663682674854,0.5055663682674854,0.1,scale,0.24603272454742459,1050,1550,1650,1680
2025-10-04,0.8399220108985901,-0.0030598472716243386,0,0,0.4470634215244112,0.5529365784755889,0.5529365784755889,0.1,scale,0.24603272454742459,1050,1550,1650,1680
2025-10-05,0.8373519778251648,0.041158321193784264,1,0,0.4593847643556386,0.5406152356443614,0.5406152356443614,0.1,scale,0.24603272454742459,1050,1550,1650,1680
2025-10-06,0.8718159794807434,-0.058399926982571904,0,0,0.4778123173749334,0.5221876826250667,0.5221876826250667,0.1,scale,0.24772717833426833,1080,1580,1680,1710
2025-10-07,0.8209019899368286,0.021944171153280623,1,1,0.5133047600717338,0.48669523992826624,0.5133047600717338,0.1,scale,0.24772717833426833,1080,1580,1680,1710
2025-10-08,0.838916003704071,-0.027738189336521057,0,0,0.4207291636519973,0.5792708363480027,0.5792708363480027,0.1,scale,0.24772717833426833,1080,1580,1680,1710
2025-10-09,0.8156459927558899,-0.221678264290186,0,0,0.4870010867533358,0.5129989132466641,0.5129989132466641,0.1,scale,0.24772717833426833,1080,1580,1680,1710
2025-10-10,0.6348350048065186,-0.0041822351898886945,0,1,0.5757908300823106,0.4242091699176894,0.5757908300823106,0.1,scale,0.24772717833426833,1080,1580,1680,1710
2025-10-11,0.6321799755096436,0.10966027481986984,1,1,0.645319390457395,0.35468060954260505,0.645319390457395,0.1,scale,0.24772717833426833,1080,1580,1680,1710
2025-10-12,0.7015050053596497,0.039562077645902693,1,1,0.5073069357596514,0.49269306424034864,0.5073069357596514,0.1,scale,0.24772717833426833,1080,1580,1680,1710
2025-10-13,0.7292580008506775,-0.040542565095853966,0,0,0.48439861115101196,0.5156013888489881,0.5156013888489881,0.1,scale,0.24772717833426833,1080,1580,1680,1710
2025-10-14,0.6996920108795166,-0.04414797863238107,0,1,0.5224512952935343,0.4775487047064657,0.5224512952935343,0.1,scale,0.24772717833426833,1080,1580,1680,1710
2025-10-15,0.66880202293396,-0.03567275509160084,0,1,0.5548559803499599,0.44514401965004013,0.5548559803499599,0.1,scale,0.24772717833426833,1080,1580,1680,1710
2025-10-16,0.6449440121650696,-0.031167063218292546,0,1,0.6054876546824318,0.3945123453175682,0.6054876546824318,0.1,scale,0.24772717833426833,1080,1580,1680,1710
2025-10-17,0.6248430013656616,0.015392641469729629,1,1,0.6197066124160391,0.3802933875839609,0.6197066124160391,0.1,scale,0.24772717833426833,1080,1580,1680,1710
2025-10-18,0.634460985660553,0.028512406748694152,1,1,0.5077158684594956,0.49228413154050443,0.5077158684594956,0.1,scale,0.24772717833426833,1080,1580,1680,1710
2025-10-19,0.652550995349884,0.016397166639462224,1,1,0.533761113336141,0.46623888666385904,0.533761113336141,0.1,scale,0.24772717833426833,1080,1580,1680,1710
2025-10-20,0.6632509827613831,-0.030662578897964976,0,1,0.5051880496880219,0.4948119503119781,0.5051880496880219,0.1,scale,0.24772717833426833,1080,1580,1680,1710
2025-10-21,0.6429139971733093,-0.029462725286791835,0,1,0.5439801941494408,0.45601980585055923,0.5439801941494408,0.1,scale,0.24772717833426833,1080,1580,1680,1710
2025-10-22,0.6239719986915588,0.03024651161057923,1,1,0.5691473698769599,0.4308526301230401,0.5691473698769599,0.1,scale,0.24772717833426833,1080,1580,1680,1710
2025-10-23,0.6428449749946594,0.02029420270410731,1,0,0.4856878186657094,0.5143121813342906,0.5143121813342906,0.1,scale,0.24772717833426833,1080,1580,1680,1710
2025-10-24,0.6558910012245178,-0.0018722240271173973,0,0,0.46124343484261304,0.5387565651573869,0.5387565651573869,0.1,scale,0.24772717833426833,1080,1580,1680,1710
2025-10-25,0.6546630263328552,0.040326044075694734,1,0,0.46231691005775694,0.5376830899422431,0.5376830899422431,0.1,scale,0.24772717833426833,1080,1580,1680,1710
2025-10-26,0.6810629963874817,-0.02011265023510156,0,0,0.49067799262188966,0.5093220073781104,0.5093220073781104,0.1,scale,0.24772717833426833,1080,1580,1680,1710
2025-10-27,0.6673650145530701,-0.03160488962336272,0,0,0.44946796715554144,0.5505320328444585,0.5505320328444585,0.1,scale,0.24772717833426833,1080,1580,1680,1710
2025-10-28,0.6462730169296265,-0.009451184589171935,0,0,0.49419586073317756,0.5058041392668224,0.5058041392668224,0.1,scale,0.24772717833426833,1080,1580,1680,1710
2025-10-29,0.6401649713516235,-0.0609873981698269,0,0,0.4559639370177413,0.5440360629822587,0.5440360629822587,0.1,scale,0.24772717833426833,1080,1580,1680,1710
2025-10-30,0.6011229753494263,0.013378356537371294,1,1,0.5951181850454005,0.4048818149545995,0.5951181850454005,0.1,scale,0.24772717833426833,1080,1580,1680,1710
2025-10-31,0.6091650128364563,0.004985473224167425,1,0,0.4709162578983758,0.5290837421016241,0.5290837421016241,0.1,scale,0.24772717833426833,1080,1580,1680,1710
2025-11-01,0.612201988697052,-0.0022835066928438286,0,0,0.45490004256509947,0.5450999574349005,0.5450999574349005,0.1,scale,0.24772717833426833,1080,1580,1680,1710
2025-11-02,0.61080402135849,-0.09575909108784686,0,0,0.46251102327722365,0.5374889767227764,0.5374889767227764,0.1,scale,0.24772717833426833,1080,1580,1680,1710
2025-11-03,0.5523139834403992,-0.055797945477861655,0,1,0.6002810435419729,0.39971895645802713,0.6002810435419729,0.1,scale,0.24772717833426833,1080,1580,1680,1710
2025-11-04,0.5214959979057312,0.047265988825786254,1,1,0.7072954985248718,0.29270450147512816,0.7072954985248718,0.1,scale,0.24772717833426833,1080,1580,1680,1710
2025-11-05,0.5461450219154358,-0.02776369606952811,0,0,0.4704963479260837,0.5295036520739163,0.5295036520739163,0.1,scale,0.24595513270879862,1110,1610,1710,1740
2025-11-06,0.5309820175170898,0.0848032194333439,1,0,0.4966751738218419,0.5033248261781581,0.5033248261781581,0.1,scale,0.24595513270879862,1110,1610,1710,1740
2025-11-07,0.5760110020637512,-0.013173409675490966,0,0,0.46564809654765094,0.5343519034523491,0.5343519034523491,0.1,scale,0.24595513270879862,1110,1610,1710,1740
2025-11-08,0.5684229731559753,0.017965502217519802,1,0,0.4252230669907413,0.5747769330092587,0.5747769330092587,0.1,scale,0.24595513270879862,1110,1610,1710,1740
2025-11-09,0.5786349773406982,0.02477388481362164,1,0,0.4339092166641498,0.5660907833358502,0.5660907833358502,0.1,scale,0.24595513270879862,1110,1610,1710,1740
2025-11-10,0.5929700136184692,-0.06145680314374613,0,0,0.4298044075068991,0.5701955924931009,0.5701955924931009,0.1,scale,0.24595513270879862,1110,1610,1710,1740
2025-11-11,0.5565279722213745,-0.02024506827146655,0,0,0.483058078691816,0.5169419213081841,0.5169419213081841,0.1,scale,0.24595513270879862,1110,1610,1710,1740
2025-11-12,0.545261025428772,-0.02594359268217339,0,0,0.4614603398635251,0.5385396601364749,0.5385396601364749,0.1,scale,0.24595513270879862,1110,1610,1710,1740
2025-11-13,0.5311149954795837,-0.06155916455299304,0,1,0.507379290517816,0.49262070948218395,0.507379290517816,0.1,scale,0.24595513270879862,1110,1610,1710,1740
2025-11-14,0.4984200000762939,0.009991628897047411,1,1,0.5767495633992423,0.4232504366007577,0.5767495633992423,0.1,scale,0.24595513270879862,1110,1610,1710,1740
2025-11-15,0.5034000277519226,-0.036859384788691996,0,0,0.4918598543428434,0.5081401456571566,0.5081401456571566,0.1,scale,0.24595513270879862,1110,1610,1710,1740
2025-11-16,0.4848450124263763,-0.039833363442276504,0,1,0.5626072488769419,0.4373927511230581,0.5626072488769419,0.1,scale,0.24595513270879862,1110,1610,1710,1740
2025-11-17,0.4655320048332214,0.020295042553254206,1,1,0.5599454990909101,0.44005450090908993,0.5599454990909101,0.1,scale,0.24595513270879862,1110,1610,1710,1740
2025-11-18,0.4749799966812134,-0.024718898931614053,0,0,0.47785891288318033,0.5221410871168197,0.5221410871168197,0.1,scale,0.24595513270879862,1110,1610,1710,1740
2025-11-19,0.4632390141487121,-0.06657472386600827,0,1,0.5073867206758034,0.49261327932419663,0.5073867206758034,0.1,scale,0.24595513270879862,1110,1610,1710,1740
2025-11-20,0.4323990046977997,-0.05377443077536603,0,1,0.5740270065283232,0.42597299347167683,0.5740270065283232,0.1,scale,0.24595513270879862,1110,1610,1710,1740
2025-11-21,0.4091469943523407,-0.011093771112258066,0,1,0.5971006544354454,0.40289934556455465,0.5971006544354454,0.1,scale,0.24595513270879862,1110,1610,1710,1740
2025-11-22,0.4046080112457275,0.009740290351074377,1,1,0.5618877564692807,0.4381122435307193,0.5618877564692807,0.1,scale,0.24595513270879862,1110,1610,1710,1740
2025-11-23,0.4085490107536316,0.047223172556265514,1,1,0.5319253612092469,0.46807463879075306,0.5319253612092469,0.1,scale,0.24595513270879862,1110,1610,1710,1740
2025-11-24,0.4278419911861419,-0.014549740369789621,0,0,0.4803506926724838,0.5196493073275161,0.5196493073275161,0.1,scale,0.24595513270879862,1110,1610,1710,1740
2025-11-25,0.4216170012950897,0.03321736390285546,1,0,0.48220621327552415,0.5177937867244758,0.5177937867244758,0.1,scale,0.24595513270879862,1110,1610,1710,1740
2025-11-26,0.4356220066547394,-0.0044465199507780495,0,0,0.4488545867444944,0.5511454132555056,0.5511454132555056,0.1,scale,0.24595513270879862,1110,1610,1710,1740
2025-11-27,0.4336850047111511,-0.031022493456937528,0,0,0.44635318734334617,0.5536468126566538,0.5536468126566538,0.1,scale,0.24595513270879862,1110,1610,1710,1740
2025-11-28,0.4202310144901275,-0.011536519724355099,0,0,0.47526126597573537,0.5247387340242646,0.5247387340242646,0.1,scale,0.24595513270879862,1110,1610,1710,1740
2025-11-29,0.4153830111026764,0.0012084998781383138,1,0,0.46657443271062005,0.53342556728938,0.53342556728938,0.1,scale,0.24595513270879862,1110,1610,1710,1740
2025-11-30,0.4158850014209747,-0.07254651361522235,0,0,0.45730218035606685,0.5426978196439332,0.5426978196439332,0.1,scale,0.24595513270879862,1110,1610,1710,1740
2025-12-01,0.3857139945030212,0.12509273772265384,1,1,0.5596930202845757,0.4403069797154243,0.5596930202845757,0.1,scale,0.24595513270879862,1110,1610,1710,1740
2025-12-02,0.4339640140533447,0.03881655465375067,1,0,0.4561424573044257,0.5438575426955743,0.5438575426955743,0.1,scale,0.24595513270879862,1110,1610,1710,1740
2025-12-03,0.4508090019226074,-0.025188078780218337,0,0,0.4371700264146377,0.5628299735853624,0.5628299735853624,0.1,scale,0.24595513270879862,1110,1610,1710,1740
2025-12-04,0.4394539892673492,-0.052754073766537846,0,0,0.4681311099685279,0.5318688900314721,0.5318688900314721,0.1,scale,0.24595513270879862,1110,1610,1710,1740
2025-12-05,0.4162710011005401,-0.005621311455105249,0,0,0.4658642186994626,0.5341357813005374,0.5341357813005374,0.1,scale,0.24832737510356653,1140,1640,1740,1770
2025-12-06,0.4139310121536255,0.006957626130193129,1,0,0.4366484042148783,0.5633515957851216,0.5633515957851216,0.1,scale,0.24832737510356653,1140,1640,1740,1770
2025-12-07,0.4168109893798828,0.03690163834090665,1,0,0.4823363232142456,0.5176636767857544,0.5176636767857544,0.1,scale,0.24832737510356653,1140,1640,1740,1770
2025-12-08,0.4321919977664947,0.0874912261841625,1,0,0.43381528775305106,0.566184712246949,0.566184712246949,0.1,scale,0.24832737510356653,1140,1640,1740,1770
2025-12-09,0.4700050055980682,-0.034265584435389185,0,1,0.5533363600578239,0.44666363994217606,0.5533363600578239,0.1,scale,0.24832737510356653,1140,1640,1740,1770
2025-12-10,0.453900009393692,-0.06291257650756332,0,0,0.4448032653063979,0.5551967346936021,0.5551967346936021,0.1,scale,0.24832737510356653,1140,1640,1740,1770
2025-12-11,0.4253439903259277,-0.038107924117527725,0,0,0.47120706575698357,0.5287929342430164,0.5287929342430164,0.1,scale,0.24832737510356653,1140,1640,1740,1770
2025-12-12,0.4091350138187408,0.004697670715507085,1,0,0.48149836226944814,0.5185016377305518,0.5185016377305518,0.1,scale,0.24832737510356653,1140,1640,1740,1770
2025-12-13,0.4110569953918457,-0.03520920794525617,0,0,0.43559961150665527,0.5644003884933447,0.5644003884933447,0.1,scale,0.24832737510356653,1140,1640,1740,1770
2025-12-14,0.396584004163742,-0.021415402891272528,0,1,0.5087464922149728,0.4912535077850272,0.5087464922149728,0.1,scale,0.24832737510356653,1140,1640,1740,1770
2025-12-15,0.3880909979343414,-0.00609137967987361,0,0,0.48782101477092743,0.5121789852290726,0.5121789852290726,0.1,scale,0.24832737510356653,1140,1640,1740,1770
2025-12-16,0.3857269883155823,-0.04984095465836369,0,0,0.4719201087512327,0.5280798912487673,0.5280798912487673,0.1,scale,0.24832737510356653,1140,1640,1740,1770
2025-12-17,0.3665019869804382,-0.041137552950674006,0,1,0.538102018237016,0.461897981762984,0.538102018237016,0.1,scale,0.24832737510356653,1140,1640,1740,1770
2025-12-18,0.3514249920845032,0.07172232113221089,1,1,0.5451040018390709,0.45489599816092907,0.5451040018390709,0.1,scale,0.24832737510356653,1140,1640,1740,1770
2025-12-19,0.3766300082206726,-0.009385875774256758,0,0,0.4099351966499512,0.5900648033500488,0.5900648033500488,0.1,scale,0.24832737510356653,1140,1640,1740,1770
2025-12-20,0.3730950057506561,-0.019308744610488038,0,0,0.417070666728212,0.582929333271788,0.582929333271788,0.1,scale,0.24832737510356653,1140,1640,1740,1770
2025-12-21,0.3658910095691681,0.013435647108700488,1,0,0.46052535621372165,0.5394746437862783,0.5394746437862783,0.1,scale,0.24832737510356653,1140,1640,1740,1770
2025-12-22,0.3708069920539856,-0.021453168558853375,0,0,0.4263231235941297,0.5736768764058703,0.5736768764058703,0.1,scale,0.24832737510356653,1140,1640,1740,1770
2025-12-23,0.36285200715065,-0.01774832030736362,0,0,0.4496289671307784,0.5503710328692216,0.5503710328692216,0.1,scale,0.24832737510356653,1140,1640,1740,1770
2025-12-24,0.3564119935035705,-0.037024543945323285,0,0,0.4525503352652744,0.5474496647347256,0.5474496647347256,0.1,scale,0.24832737510356653,1140,1640,1740,1770
2025-12-25,0.3432160019874573,0.018548041587236552,1,1,0.5004679525131326,0.4995320474868674,0.5004679525131326,0.1,scale,0.24832737510356653,1140,1640,1740,1770
2025-12-26,0.3495819866657257,0.05709680925658733,1,0,0.4410981958582032,0.5589018041417968,0.5589018041417968,0.1,scale,0.24832737510356653,1140,1640,1740,1770
2025-12-27,0.3695420026779175,-0.0028143259408318633,0,0,0.4056700146264489,0.5943299853735511,0.5943299853735511,0.1,scale,0.24832737510356653,1140,1640,1740,1770
2025-12-28,0.3685019910335541,-0.04229828445495809,0,0,0.42937476486913356,0.5706252351308665,0.5706252351308665,0.1,scale,0.24832737510356653,1140,1640,1740,1770
2025-12-29,0.3529149889945984,-0.005094637988519168,0,0,0.47260619626075984,0.5273938037392402,0.5273938037392402,0.1,scale,0.24832737510356653,1140,1640,1740,1770
2025-12-30,0.3511170148849487,-0.05208236076598516,0,0,0.4183925446931229,0.5816074553068771,0.5816074553068771,0.1,scale,0.24832737510356653,1140,1640,1740,1770
2025-12-31,0.332830011844635,0.07025201286327021,1,1,0.5097464448198202,0.49025355518017977,0.5097464448198202,0.1,scale,0.24832737510356653,1140,1640,1740,1770
2026-01-01,0.3562119901180267,0.10540355144379521,1,0,0.4152273282148002,0.5847726717851998,0.5847726717851998,0.1,scale,0.24832737510356653,1140,1640,1740,1770
2026-01-02,0.3937579989433288,-0.01113119673250551,0,1,0.5376720543804064,0.46232794561959356,0.5376720543804064,0.1,scale,0.24832737510356653,1140,1640,1740,1770
2026-01-03,0.3893750011920929,0.027521004753293443,1,0,0.47297793897590945,0.5270220610240905,0.5270220610240905,0.1,scale,0.24832737510356653,1140,1640,1740,1770
2026-01-04,0.4000909924507141,0.05444510044301509,1,0,0.480052236496522,0.5199477635034779,0.5199477635034779,0.1,scale,0.2469584200415615,1170,1670,1770,1800
2026-01-05,0.4218739867210388,-0.005328579738172801,0,1,0.5169359259002999,0.4830640740997001,0.5169359259002999,0.1,scale,0.2469584200415615,1170,1670,1770,1800
2026-01-06,0.4196259975433349,-0.04226617989714998,0,0,0.49271830859258026,0.5072816914074197,0.5072816914074197,0.1,scale,0.2469584200415615,1170,1670,1770,1800
2026-01-07,0.4018900096416473,-0.015539119913095756,0,0,0.44784939723177625,0.5521506027682237,0.5521506027682237,0.1,scale,0.2469584200415615,1170,1670,1770,1800
2026-01-08,0.3956449925899505,-0.012490995728041021,0,0,0.42598408584495456,0.5740159141550454,0.5740159141550454,0.1,scale,0.2469584200415615,1170,1670,1770,1800
2026-01-09,0.3907029926776886,-0.0071281696762053315,0,0,0.4084447089067521,0.5915552910932479,0.5915552910932479,0.1,scale,0.2469584200415615,1170,1670,1770,1800
2026-01-10,0.3879179954528808,0.006101778929421986,1,0,0.3930391698797508,0.6069608301202492,0.6069608301202492,0.1,scale,0.2469584200415615,1170,1670,1770,1800
2026-01-11,0.3902849853038788,-0.011222537073171113,0,0,0.4251649298616348,0.5748350701383652,0.5748350701383652,0.1,scale,0.2469584200415615,1170,1670,1770,1800
2026-01-12,0.385904997587204,0.09202782368714124,1,0,0.4490442857297592,0.5509557142702408,0.5509557142702408,0.1,scale,0.2469584200415615,1170,1670,1770,1800
2026-01-13,0.4214189946651459,-0.016306807232430498,0,0,0.48531278174862064,0.5146872182513793,0.5146872182513793,0.1,scale,0.2469584200415615,1170,1670,1770,1800
2026-01-14,0.4145469963550567,-0.05081449607541788,0,0,0.45441850789820776,0.5455814921017923,0.5455814921017923,0.1,scale,0.2469584200415615,1170,1670,1770,1800
2026-01-15,0.3934819996356964,0.005215001213733306,1,0,0.4219248546144139,0.5780751453855861,0.5780751453855861,0.1,scale,0.2469584200415615,1170,1670,1770,1800
2026-01-16,0.3955340087413788,0.0028720790113319072,1,0,0.37199482212194973,0.6280051778780502,0.6280051778780502,0.1,scale,0.2469584200415615,1170,1670,1770,1800
2026-01-17,0.3966700136661529,-0.05288279814699226,0,0,0.37081386356941487,0.6291861364305851,0.6291861364305851,0.1,scale,0.2469584200415615,1170,1670,1770,1800
2026-01-18,0.3756929934024811,-0.014820605632244188,0,0,0.4546104883185821,0.5453895116814179,0.5453895116814179,0.1,scale,0.2469584200415615,1170,1670,1770,1800
2026-01-19,0.3701249957084656,-0.05321718539818643,0,0,0.4965002528393599,0.5034997471606402,0.5034997471606402,0.1,scale,0.2469584200415615,1170,1670,1770,1800
2026-01-20,0.3504279851913452,0.04357246539753845,1,1,0.5256277954926053,0.4743722045073947,0.5256277954926053,0.1,scale,0.2469584200415615,1170,1670,1770,1800
2026-01-21,0.3656969964504242,-0.018594617853587847,0,0,0.38747688280133713,0.6125231171986629,0.6125231171986629,0.1,scale,0.2469584200415615,1170,1670,1770,1800
2026-01-22,0.3588970005512237,0.0033491148287516648,1,0,0.40532354778005236,0.5946764522199477,0.5946764522199477,0.1,scale,0.2469584200415615,1170,1670,1770,1800
2026-01-23,0.3600989878177643,-0.005376267998861484,0,0,0.39176117675744326,0.6082388232425567,0.6082388232425567,0.1,scale,0.2469584200415615,1170,1670,1770,1800
2026-01-24,0.3581629991531372,-0.05432720838718341,0,0,0.3866937921671693,0.6133062078328306,0.6133062078328306,0.1,scale,0.2469584200415615,1170,1670,1770,1800
2026-01-25,0.3387050032615661,0.03924653591615157,1,1,0.5153498596988353,0.4846501403011647,0.5153498596988353,0.1,scale,0.2469584200415615,1170,1670,1770,1800
2026-01-26,0.3519980013370514,0.02359671539289354,1,0,0.37624688742390056,0.6237531125760994,0.6237531125760994,0.1,scale,0.2469584200415615,1170,1670,1770,1800
2026-01-27,0.3603039979934692,-0.006730386517688092,0,0,0.3799850513022822,0.6200149486977178,0.6200149486977178,0.1,scale,0.2469584200415615,1170,1670,1770,1800
2026-01-28,0.3578790128231048,-0.06669574624553232,0,0,0.39597989569480724,0.6040201043051927,0.6040201043051927,0.1,scale,0.2469584200415615,1170,1670,1770,1800
2026-01-29,0.3340100049972534,-0.04088202952375908,0,0,0.49633577742459445,0.5036642225754056,0.5036642225754056,0.1,scale,0.2469584200415615,1170,1670,1770,1800
2026-01-30,0.3203549981117248,-0.08384131848217502,0,1,0.5182068596190493,0.48179314038095067,0.5182068596190493,0.1,scale,0.2469584200415615,1170,1670,1770,1800
2026-01-31,0.2934960126876831,-0.02543142367069684,0,1,0.5966582127029232,0.4033417872970768,0.5966582127029232,0.1,scale,0.2469584200415615,1170,1670,1770,1800
2026-02-01,0.2860319912433624,0.04498803403878093,1,1,0.5552160189504238,0.44478398104957617,0.5552160189504238,0.1,scale,0.2469584200415615,1170,1670,1770,1800
2026-02-02,0.2989000082015991,-0.027139555427931006,0,0,0.47100880767257114,0.5289911923274289,0.5289911923274289,0.1,scale,0.2469584200415615,1170,1670,1770,1800
2026-02-03,0.2907879948616028,-0.015430512729745272,0,0,0.4790458566768963,0.5209541433231037,0.5209541433231037,0.1,scale,0.24305801648891645,1200,1700,1800,1830
2026-02-04,0.2863009870052337,-0.14465891239906625,0,0,0.47498891444278024,0.5250110855572198,0.5250110855572198,0.1,scale,0.24305801648891645,1200,1700,1800,1830
2026-02-05,0.2448849976062774,0.1280152055920325,1,1,0.5865778572370085,0.4134221427629915,0.5865778572370085,0.1,scale,0.24305801648891645,1200,1700,1800,1830
2026-02-06,0.2762340009212494,-0.014006230529595043,0,0,0.47188379977224437,0.5281162002277556,0.5281162002277556,0.1,scale,0.24305801648891645,1200,1700,1800,1830
2026-02-07,0.272365003824234,-0.0077176486447775305,0,0,0.4526041195288893,0.5473958804711108,0.5473958804711108,0.1,scale,0.24305801648891645,1200,1700,1800,1830
2026-02-08,0.2702629864215851,-0.00205347707746395,0,0,0.44479134577757906,0.5552086542224209,0.5552086542224209,0.1,scale,0.24305801648891645,1200,1700,1800,1830
2026-02-09,0.2697080075740814,-0.029802653046183347,0,0,0.4426355935678956,0.5573644064321044,0.5573644064321044,0.1,scale,0.24305801648891645,1200,1700,1800,1830
2026-02-10,0.2616699934005737,-0.023380592761794827,0,0,0.4671266321637428,0.5328733678362572,0.5328733678362572,0.1,scale,0.24305801648891645,1200,1700,1800,1830
2026-02-11,0.2555519938468933,0.03393438199060439,1,0,0.4895992733726002,0.5104007266273998,0.5104007266273998,0.1,scale,0.24305801648891645,1200,1700,1800,1830
2026-02-12,0.2642239928245544,0.03204857359997648,1,0,0.4240232449934432,0.5759767550065569,0.5759767550065569,0.1,scale,0.24305801648891645,1200,1700,1800,1830
2026-02-13,0.2726919949054718,0.08278206890145112,1,0,0.41994354856690014,0.5800564514330999,0.5800564514330999,0.1,scale,0.24305801648891645,1200,1700,1800,1830
2026-02-14,0.2952660024166107,-0.04567406272612329,0,0,0.48292437028493407,0.5170756297150659,0.5170756297150659,0.1,scale,0.24305801648891645,1200,1700,1800,1830
2026-02-15,0.2817800045013428,0.013169796026808234,1,0,0.44944521206162247,0.5505547879383775,0.5505547879383775,0.1,scale,0.24305801648891645,1200,1700,1800,1830
2026-02-16,0.2854909896850586,-0.015846358385751103,0,0,0.4002014022991621,0.5997985977008379,0.5997985977008379,0.1,scale,0.24305801648891645,1200,1700,1800,1830
2026-02-17,0.2809669971466064,-0.02626996141577853,0,0,0.4123375597761658,0.5876624402238342,0.5876624402238342,0.1,scale,0.24305801648891645,1200,1700,1800,1830
2026-02-18,0.2735860049724579,-0.0037977029033589016,0,0,0.423203705583264,0.576796294416736,0.576796294416736,0.1,scale,0.24305801648891645,1200,1700,1800,1830
2026-02-19,0.2725470066070556,0.04534999934391548,1,0,0.41183392636074356,0.5881660736392564,0.5881660736392564,0.1,scale,0.24305801648891645,1200,1700,1800,1830
2026-02-20,0.2849070131778717,-0.01714600780573594,0,0,0.41522956203610584,0.5847704379638942,0.5847704379638942,0.1,scale,0.24305801648891645,1200,1700,1800,1830
2026-02-21,0.280021995306015,-0.03084042652713459,0,0,0.3926927068059863,0.6073072931940138,0.6073072931940138,0.1,scale,0.24305801648891645,1200,1700,1800,1830
2026-02-22,0.2713859975337982,-0.03364574675086862,0,0,0.4088995207338388,0.5911004792661612,0.5911004792661612,0.1,scale,0.24305801648891645,1200,1700,1800,1830
2026-02-23,0.2622550129890442,-0.013334366688038335,0,0,0.47130488661188746,0.5286951133881126,0.5286951133881126,0.1,scale,0.24305801648891645,1200,1700,1800,1830
2026-02-24,0.258758008480072,0.14652291661435823,1,0,0.424618562335053,0.575381437664947,0.575381437664947,0.1,scale,0.24305801648891645,1200,1700,1800,1830
2026-02-25,0.296671986579895,-0.03269262837706155,0,1,0.5553764709542509,0.4446235290457491,0.5553764709542509,0.1,scale,0.24305801648891645,1200,1700,1800,1830
2026-02-26,0.2869729995727539,-0.03259195764224232,0,0,0.428224143018152,0.5717758569818481,0.5717758569818481,0.1,scale,0.24305801648891645,1200,1700,1800,1830
2026-02-27,0.2776199877262115,0.014390178995362879,1,0,0.40867870640613435,0.5913212935938656,0.5913212935938656,0.1,scale,0.24305801648891645,1200,1700,1800,1830
2026-02-28,0.2816149890422821,-0.02853177085477443,0,0,0.4029122317819297,0.5970877682180703,0.5970877682180703,0.1,scale,0.24305801648891645,1200,1700,1800,1830
2026-03-01,0.2735800147056579,0.011919730033981057,1,0,0.39617795552689444,0.6038220444731055,0.6038220444731055,0.1,scale,0.24305801648891645,1200,1700,1800,1830
2026-03-02,0.2768410146236419,-0.05040077000892318,0,0,0.3823912416895467,0.6176087583104533,0.6176087583104533,0.1,scale,0.24305801648891645,1200,1700,1800,1830
2026-03-03,0.2628880143165588,0.050264718812641496,1,0,0.4532993832720695,0.5467006167279305,0.5467006167279305,0.1,scale,0.24305801648891645,1200,1700,1800,1830
2026-03-04,0.2761020064353943,-0.025755020861474298,0,0,0.40326945452698537,0.5967305454730146,0.5967305454730146,0.1,scale,0.24305801648891645,1200,1700,1800,1830
2026-03-05,0.2689909934997558,-0.03700497682210191,0,0,0.3930594929816966,0.6069405070183034,0.6069405070183034,0.1,scale,0.23844210525669,1230,1730,1830,1860
2026-03-06,0.2590369880199432,-0.01684695264143732,0,0,0.41565305848120826,0.5843469415187917,0.5843469415187917,0.1,scale,0.23844210525669,1230,1730,1830,1860
2026-03-07,0.2546730041503906,-0.021294009601414254,0,0,0.4231474697626662,0.5768525302373337,0.5768525302373337,0.1,scale,0.23844210525669,1230,1730,1830,1860
2026-03-08,0.2492499947547912,0.023045176854218807,1,0,0.4418170482758732,0.5581829517241268,0.5581829517241268,0.1,scale,0.23844210525669,1230,1730,1830,1860
2026-03-09,0.2549940049648285,0.027522215231822633,1,0,0.4005271415914985,0.5994728584085015,0.5994728584085015,0.1,scale,0.23844210525669,1230,1730,1830,1860
2026-03-10,0.2620120048522949,0.0020037162475725623,1,0,0.3945014396807557,0.6054985603192443,0.6054985603192443,0.1,scale,0.23844210525669,1230,1730,1830,1860
2026-03-11,0.2625370025634765,0.002517685894874555,1,0,0.38416813368168257,0.6158318663183174,0.6158318663183174,0.1,scale,0.23844210525669,1230,1730,1830,1860
2026-03-12,0.2631979882717132,0.009483370754481468,1,0,0.3786010424174141,0.6213989575825859,0.6213989575825859,0.1,scale,0.23844210525669,1230,1730,1830,1860
2026-03-13,0.2656939923763275,-0.008468335746624533,0,0,0.4151052994059371,0.5848947005940629,0.5848947005940629,0.1,scale,0.23844210525669,1230,1730,1830,1860
2026-03-14,0.2634440064430237,0.024304971857686652,1,0,0.38422472765196836,0.6157752723480316,0.6157752723480316,0.1,scale,0.23844210525669,1230,1730,1830,1860
2026-03-15,0.2698470056056976,0.07609124813643686,1,0,0.39652754406775426,0.6034724559322457,0.6034724559322457,0.1,scale,0.23844210525669,1230,1730,1830,1860
2026-03-16,0.2903800010681152,-0.004535417121668939,0,1,0.5194416455743562,0.48055835442564376,0.5194416455743562,0.1,scale,0.23844210525669,1230,1730,1830,1860
2026-03-17,0.2890630066394806,-0.05144904114659288,0,0,0.44468427984444125,0.5553157201555587,0.5553157201555587,0.1,scale,0.23844210525669,1230,1730,1830,1860
2026-03-18,0.2741909921169281,-0.024927820468911843,0,0,0.40518060931506134,0.5948193906849386,0.5948193906849386,0.1,scale,0.23844210525669,1230,1730,1830,1860
2026-03-19,0.2673560082912445,-0.004626808289262763,0,0,0.39611608498495793,0.6038839150150421,0.6038839150150421,0.1,scale,0.23844210525669,1230,1730,1830,1860
2026-03-20,0.2661190032958984,-0.031376995190757095,0,0,0.39268366477303296,0.607316335226967,0.607316335226967,0.1,scale,0.23844210525669,1230,1730,1830,1860
2026-03-21,0.2577689886093139,-0.02783106409171987,0,0,0.41300755463626126,0.5869924453637387,0.5869924453637387,0.1,scale,0.23844210525669,1230,1730,1830,1860
2026-03-22,0.2505950033664703,0.043919461720794084,1,0,0.4505795549434997,0.5494204450565003,0.5494204450565003,0.1,scale,0.23844210525669,1230,1730,1830,1860
2026-03-23,0.2616010010242462,0.017538189490779565,1,0,0.4001003966152151,0.5998996033847849,0.5998996033847849,0.1,scale,0.23844210525669,1230,1730,1830,1860
2026-03-24,0.2661890089511871,0.015470193592102,1,0,0.37804687127023734,0.6219531287297626,0.6219531287297626,0.1,scale,0.23844210525669,1230,1730,1830,1860
2026-03-25,0.2703070044517517,-0.05746429051031765,0,0,0.40451278624656195,0.595487213753438,0.595487213753438,0.1,scale,0.23844210525669,1230,1730,1830,1860
2026-03-26,0.2547740042209625,-0.034344189012793236,0,0,0.42046210176123305,0.5795378982387669,0.5795378982387669,0.1,scale,0.23844210525669,1230,1730,1830,1860
2026-03-27,0.2460239976644516,-0.0014836111391910434,0,0,0.43698345615459716,0.5630165438454029,0.5630165438454029,0.1,scale,0.23844210525669,1230,1730,1830,1860
2026-03-28,0.2456589937210083,-0.024818911874732175,0,0,0.4134666671616512,0.5865333328383489,0.5865333328383489,0.1,scale,0.23844210525669,1230,1730,1830,1860
2026-03-29,0.2395620048046112,0.015160977347762117,1,0,0.4429987092085356,0.5570012907914643,0.5570012907914643,0.1,scale,0.23844210525669,1230,1730,1830,1860
2026-03-30,0.2431939989328384,-0.006706545821312915,0,0,0.4098023185207038,0.5901976814792962,0.5901976814792962,0.1,scale,0.23844210525669,1230,1730,1830,1860
2026-03-31,0.241563007235527,0.02688739060758616,1,0,0.42083690901219045,0.5791630909878096,0.5791630909878096,0.1,scale,0.23844210525669,1230,1730,1830,1860
2026-04-01,0.2480580061674118,-0.035072494918120256,0,0,0.39216539749133067,0.6078346025086694,0.6078346025086694,0.1,scale,0.23844210525669,1230,1730,1830,1860
2026-04-02,0.2393579930067062,0.028451147145655886,1,0,0.4206677825503506,0.5793322174496494,0.5793322174496494,0.1,scale,0.23844210525669,1230,1730,1830,1860
2026-04-03,0.2461680024862289,0.007234903273627413,1,0,0.3867488369357023,0.6132511630642977,0.6132511630642977,0.1,scale,0.23844210525669,1230,1730,1830,1860
2026-04-04,0.2479490041732788,0.00999400465492628,1,0,0.41713408096565197,0.582865919034348,0.582865919034348,1.0,0.01,0.24269919886221153,1260,1760,1860,1890
2026-04-05,0.2504270076751709,-0.017318470591707658,0,0,0.43636231157691574,0.5636376884230843,0.5636376884230843,1.0,0.01,0.24269919886221153,1260,1760,1860,1890
2026-04-06,0.2460899949073791,0.07193308797794984,1,0,0.4501073742952006,0.5498926257047994,0.5498926257047994,1.0,0.01,0.24269919886221153,1260,1760,1860,1890
2026-04-07,0.2637920081615448,-0.049588364133953844,0,0,0.4214030532598629,0.5785969467401371,0.5785969467401371,1.0,0.01,0.24269919886221153,1260,1760,1860,1890
2026-04-08,0.2507109940052032,0.012392800445529373,1,0,0.434913765090315,0.565086234909685,0.565086234909685,1.0,0.01,0.24269919886221153,1260,1760,1860,1890
2026-04-09,0.25381800532341,0.0017374061537078767,1,0,0.4217670082775094,0.5782329917224907,0.5782329917224907,1.0,0.01,0.24269919886221153,1260,1760,1860,1890
2026-04-10,0.2542589902877807,-0.018076037131032674,0,0,0.43899472339224055,0.5610052766077595,0.5610052766077595,1.0,0.01,0.24269919886221153,1260,1760,1860,1890
2026-04-11,0.2496629953384399,-0.05363625511799763,0,0,0.44465393415330734,0.5553460658466927,0.5553460658466927,1.0,0.01,0.24269919886221153,1260,1760,1860,1890
2026-04-12,0.2362720072269439,0.05206286651077141,1,0,0.46313245029878164,0.5368675497012183,0.5368675497012183,1.0,0.01,0.24269919886221153,1260,1760,1860,1890
2026-04-13,0.2485730051994323,-0.03582853578933043,0,0,0.42403740773102455,0.5759625922689755,0.5759625922689755,1.0,0.01,0.24269919886221153,1260,1760,1860,1890
2026-04-14,0.239666998386383,0.02603194025285105,1,0,0.4491686479134533,0.5508313520865467,0.5508313520865467,1.0,0.01,0.24269919886221153,1260,1760,1860,1890
2026-04-15,0.2459059953689575,0.05424023746260542,1,0,0.4269334314778736,0.5730665685221263,0.5730665685221263,1.0,0.01,0.24269919886221153,1260,1760,1860,1890
2026-04-16,0.2592439949512481,-0.0014696305288611766,0,0,0.4444199536516809,0.5555800463483191,0.5555800463483191,1.0,0.01,0.24269919886221153,1260,1760,1860,1890
2026-04-17,0.2588630020618438,-0.036138839956384894,0,0,0.4356305190298775,0.5643694809701225,0.5643694809701225,1.0,0.01,0.24269919886221153,1260,1760,1860,1890
2026-04-18,0.2495079934597015,-0.027991068906375927,0,0,0.43171298213787496,0.5682870178621251,0.5682870178621251,1.0,0.01,0.24269919886221153,1260,1760,1860,1890
2026-04-19,0.2425239980220794,0.023766751395194463,1,0,0.45067286353395497,0.549327136466045,0.549327136466045,1.0,0.01,0.24269919886221153,1260,1760,1860,1890
2026-04-20,0.2482880055904388,0.0054855486562923605,1,0,0.42748089218580965,0.5725191078141904,0.5725191078141904,1.0,0.01,0.24269919886221153,1260,1760,1860,1890
2026-04-21,0.2496500015258789,-0.004366132719834326,0,0,0.4222645815773591,0.5777354184226409,0.5777354184226409,1.0,0.01,0.24269919886221153,1260,1760,1860,1890
2026-04-22,0.2485599964857101,0.005829593804867583,1,0,0.4375668940774372,0.5624331059225628,0.5624331059225628,1.0,0.01,0.24269919886221153,1260,1760,1860,1890
2026-04-23,0.2500090003013611,0.0017558896209397545,1,0,0.4292051476385584,0.5707948523614417,0.5707948523614417,1.0,0.01,0.24269919886221153,1260,1760,1860,1890
2026-04-24,0.2504479885101318,-0.0007106444350303276,0,0,0.42265260372730074,0.5773473962726993,0.5773473962726993,1.0,0.01,0.24269919886221153,1260,1760,1860,1890
2026-04-25,0.2502700090408325,0.00822311622702876,1,0,0.43224397248292373,0.5677560275170763,0.5677560275170763,1.0,0.01,0.24269919886221153,1260,1760,1860,1890
2026-04-26,0.2523280084133148,-0.0165538662360869,0,0,0.43763617459070986,0.5623638254092902,0.5623638254092902,1.0,0.01,0.24269919886221153,1260,1760,1860,1890
2026-04-27,0.2481510043144226,-0.005424144839541567,0,0,0.4491523057414473,0.5508476942585527,0.5508476942585527,1.0,0.01,0.24269919886221153,1260,1760,1860,1890
2026-04-28,0.2468049973249435,-0.009270471912272149,0,0,0.4327070314040308,0.5672929685959692,0.5672929685959692,1.0,0.01,0.24269919886221153,1260,1760,1860,1890
2026-04-29,0.2445169985294342,0.006801160661865424,1,0,0.4585954859449505,0.5414045140550495,0.5414045140550495,1.0,0.01,0.24269919886221153,1260,1760,1860,1890
2026-04-30,0.24617999792099,0.0078763454202746,1,0,0.40959002425601065,0.5904099757439893,0.5904099757439893,1.0,0.01,0.24269919886221153,1260,1760,1860,1890
2026-05-01,0.2481189966201782,0.00791148439035183,1,0,0.421274266672994,0.5787257333270059,0.5787257333270059,1.0,0.01,0.24269919886221153,1260,1760,1860,1890
2026-05-02,0.2500819861888885,-0.0025871256372180795,0,0,0.4231775395076267,0.5768224604923733,0.5768224604923733,1.0,0.01,0.24269919886221153,1260,1760,1860,1890
2026-05-03,0.2494349926710128,0.0018401606901221612,1,0,0.4462932144868898,0.5537067855131101,0.5537067855131101,1.0,0.01,0.24269919886221153,1260,1760,1860,1890
2026-05-04,0.2498939931392669,0.04899683973299651,1,0,0.44921092318878664,0.5507890768112134,0.5507890768112134,1.0,0.01,0.24529569100204862,1290,1790,1890,1920
2026-05-05,0.2621380090713501,0.017452578999378243,1,0,0.4432771336095719,0.5567228663904281,0.5567228663904281,1.0,0.01,0.24529569100204862,1290,1790,1890,1920
2026-05-06,0.2667129933834076,-0.015334765905614223,0,0,0.4502902649032178,0.5497097350967822,0.5497097350967822,1.0,0.01,0.24529569100204862,1290,1790,1890,1920
2026-05-07,0.2626230120658874,0.04050286842077222,1,0,0.44402949313906914,0.5559705068609309,0.5559705068609309,1.0,0.01,0.24529569100204862,1290,1790,1890,1920
2026-05-08,0.2732599973678589,-0.009042669911192847,0,0,0.44432438444358235,0.5556756155564176,0.5556756155564176,1.0,0.01,0.24529569100204862,1290,1790,1890,1920
2026-05-09,0.2707889974117279,0.0432514422191701,1,0,0.44410161943520093,0.555898380564799,0.555898380564799,1.0,0.01,0.24529569100204862,1290,1790,1890,1920
2026-05-10,0.2825010120868683,-0.0069628525140569275,0,0,0.462499911171086,0.537500088828914,0.537500088828914,1.0,0.01,0.24529569100204862,1290,1790,1890,1920
2026-05-11,0.2805339992046356,-0.034291782386763,0,0,0.45029232315000145,0.5497076768499985,0.5497076768499985,1.0,0.01,0.24529569100204862,1290,1790,1890,1920
2026-05-12,0.2709139883518219,-0.023088511847434323,0,0,0.4519681677383752,0.5480318322616248,0.5480318322616248,1.0,0.01,0.24529569100204862,1290,1790,1890,1920
2026-05-13,0.2646589875221252,0.020781529651206165,1,0,0.4520489868538924,0.5479510131461076,0.5479510131461076,1.0,0.01,0.24529569100204862,1290,1790,1890,1920
2026-05-14,0.2701590061187744,-0.032095970538217666,0,0,0.4450515787792057,0.5549484212207942,0.5549484212207942,1.0,0.01,0.24529569100204862,1290,1790,1890,1920
2026-05-15,0.2614879906177521,-0.024655003754809224,0,0,0.44949291317534434,0.5505070868246557,0.5505070868246557,1.0,0.01,0.24529569100204862,1290,1790,1890,1920
2026-05-16,0.2550410032272339,-0.012409795278108149,0,0,0.4464883150451409,0.5535116849548591,0.5535116849548591,1.0,0.01,0.24529569100204862,1290,1790,1890,1920
2026-05-17,0.2518759965896606,-0.002072399449284834,0,0,0.44840158368232796,0.551598416317672,0.551598416317672,1.0,0.01,0.24529569100204862,1290,1790,1890,1920
2026-05-18,0.2513540089130401,-0.012452571667602719,0,0,0.45157253147375154,0.5484274685262485,0.5484274685262485,1.0,0.01,0.24529569100204862,1290,1790,1890,1920
2026-05-19,0.2482240051031112,0.0031302018828036626,1,0,0.438902092513027,0.5610979074869731,0.5610979074869731,1.0,0.01,0.24529569100204862,1290,1790,1890,1920
2026-05-20,0.249000996351242,0.005044112646582999,1,0,0.4391274446884272,0.5608725553115728,0.5608725553115728,1.0,0.01,0.24529569100204862,1290,1790,1890,1920
2026-05-21,0.2502569854259491,-0.03130377144561125,0,0,0.4402655371303765,0.5597344628696235,0.5597344628696235,1.0,0.01,0.24529569100204862,1290,1790,1890,1920
2026-05-22,0.2424229979515075,0.0142437038117047,1,0,0.44219804345576524,0.5578019565442347,0.5578019565442347,1.0,0.01,0.24529569100204862,1290,1790,1890,1920
2026-05-23,0.2458759993314743,-0.01523939424957832,0,0,0.4329457126096612,0.5670542873903388,0.5670542873903388,1.0,0.01,0.24529569100204862,1290,1790,1890,1920
2026-05-24,0.2421289980411529,0.005501199396738654,1,0,0.4288201541791943,0.5711798458208057,0.5711798458208057,1.0,0.01,0.24529569100204862,1290,1790,1890,1920
2026-05-25,0.2434609979391098,-0.015033181663971829,0,0,0.4308014193981461,0.5691985806018539,0.5691985806018539,1.0,0.01,0.24529569100204862,1290,1790,1890,1920
2026-05-26,0.2398010045289993,-0.011421959409978477,0,0,0.4392164199346769,0.5607835800653231,0.5607835800653231,1.0,0.01,0.24529569100204862,1290,1790,1890,1920
2026-05-27,0.237062007188797,-0.011161696155915446,0,0,0.43513219696828553,0.5648678030317145,0.5648678030317145,1.0,0.01,0.24529569100204862,1290,1790,1890,1920
2026-05-28,0.2344159930944442,-0.007751126394353713,0,0,0.43655979387667015,0.5634402061233299,0.5634402061233299,1.0,0.01,0.24529569100204862,1290,1790,1890,1920
2026-05-29,0.2325990051031112,0.012222720139812626,1,0,0.4304504689310548,0.5695495310689451,0.5695495310689451,1.0,0.01,0.24529569100204862,1290,1790,1890,1920
2026-05-30,0.2354419976472854,-0.0006583442218776048,0,0,0.43013337259521317,0.5698666274047868,0.5698666274047868,1.0,0.01,0.24529569100204862,1290,1790,1890,1920
2026-05-31,0.235286995768547,-0.020124329291937748,0,0,0.4303312442336015,0.5696687557663985,0.5696687557663985,1.0,0.01,0.24529569100204862,1290,1790,1890,1920
2026-06-01,0.23055200278759,-0.07807352119297695,0,0,0.44461914547366255,0.5553808545263375,0.5553808545263375,1.0,0.01,0.24529569100204862,1290,1790,1890,1920
2026-06-02,0.2125519961118698,-0.05692253214585996,0,0,0.463067112219816,0.536932887780184,0.536932887780184,1.0,0.01,0.24529569100204862,1290,1790,1890,1920
2026-06-03,0.2004529982805252,-0.10378494240298575,0,0,0.43642567420873196,0.563574325791268,0.563574325791268,1.0,0.01,0.24979900941719235,1320,1820,1920,1950
2026-06-04,0.1796489953994751,-0.12813875866370728,0,0,0.442260026905032,0.5577399730949679,0.5577399730949679,1.0,0.01,0.24979900941719235,1320,1820,1920,1950
2026-06-05,0.1566289961338043,0.004003160820740037,1,0,0.4457197959471628,0.5542802040528372,0.5542802040528372,1.0,0.01,0.24979900941719235,1320,1820,1920,1950
2026-06-06,0.157256007194519,0.049079186057177315,1,0,0.4393806894311359,0.5606193105688642,0.5606193105688642,1.0,0.01,0.24979900941719235,1320,1820,1920,1950
2026-06-07,0.1649740040302276,0.03249597289114914,1,0,0.43416645072274057,0.5658335492772595,0.5658335492772595,1.0,0.01,0.24979900941719235,1320,1820,1920,1950
2026-06-08,0.1703349947929382,-0.029753071213091786,0,0,0.4316976848999566,0.5683023151000435,0.5683023151000435,1.0,0.01,0.24979900941719235,1320,1820,1920,1950
2026-06-09,0.1652670055627823,-0.02722867552180952,0,0,0.4334544443318902,0.5665455556681098,0.5665455556681098,1.0,0.01,0.24979900941719235,1320,1820,1920,1950
2026-06-10,0.1607670038938522,0.059520853440821586,1,0,0.43409267855321965,0.5659073214467804,0.5659073214467804,1.0,0.01,0.24979900941719235,1320,1820,1920,1950
2026-06-11,0.1703359931707382,-0.002911892209424116,0,0,0.4291119244498631,0.5708880755501369,0.5708880755501369,1.0,0.01,0.24979900941719235,1320,1820,1920,1950
2026-06-12,0.1698399931192398,0.011251851129813195,1,0,0.4303861566182508,0.5696138433817493,0.5696138433817493,1.0,0.01,0.24979900941719235,1320,1820,1920,1950
2026-06-13,0.171751007437706,0.06424414682784985,1,0,0.4293030583316684,0.5706969416683316,0.5706969416683316,1.0,0.01,0.24979900941719235,1320,1820,1920,1950
2026-06-14,0.1827850043773651,-0.023125515734161883,0,0,0.4288766938055061,0.5711233061944939,0.5711233061944939,1.0,0.01,0.24979900941719235,1320,1820,1920,1950
2026-06-15,0.1785580068826675,-0.03589871336683992,0,0,0.4334348484658597,0.5665651515341403,0.5665651515341403,1.0,0.01,0.24979900941719235,1320,1820,1920,1950
2026-06-16,0.1721480041742324,-0.032280366326118415,0,0,0.43113612673909957,0.5688638732609004,0.5688638732609004,1.0,0.01,0.24979900941719235,1320,1820,1920,1950
2026-06-17,0.166591003537178,-0.018986678841078186,0,0,0.4342594996260446,0.5657405003739554,0.5657405003739554,1.0,0.01,0.24979900941719235,1320,1820,1920,1950
2026-06-18,0.1634279936552047,-0.008162595793540839,0,0,0.43284745441798755,0.5671525455820124,0.5671525455820124,1.0,0.01,0.24979900941719235,1320,1820,1920,1950
2026-06-19,0.1620939970016479,0.006058222031663618,1,0,0.4329971662904403,0.5670028337095596,0.5670028337095596,1.0,0.01,0.24979900941719235,1320,1820,1920,1950
2026-06-20,0.1630759984254837,-0.03950302658709104,0,0,0.4323235532189209,0.5676764467810791,0.5676764467810791,1.0,0.01,0.24979900941719235,1320,1820,1920,1950
2026-06-21,0.1566340029239654,0.011415084198018954,1,0,0.43496235653684884,0.5650376434631512,0.5650376434631512,1.0,0.01,0.24979900941719235,1320,1820,1920,1950
2026-06-22,0.1584219932556152,-0.044564464911884705,0,0,0.43245143233405975,0.5675485676659402,0.5675485676659402,1.0,0.01,0.24979900941719235,1320,1820,1920,1950
2026-06-23,0.1513620018959045,-0.02542910169317303,0,0,0.4355122056295743,0.5644877943704256,0.5644877943704256,1.0,0.01,0.24979900941719235,1320,1820,1920,1950
2026-06-24,0.1475130021572113,-0.02768573544133346,0,0,0.43578796717826823,0.5642120328217317,0.5642120328217317,1.0,0.01,0.24979900941719235,1320,1820,1920,1950
2026-06-25,0.1434289962053299,0.033305673753191156,1,0,0.43338683883683804,0.566613161163162,0.566613161163162,1.0,0.01,0.24979900941719235,1320,1820,1920,1950
2026-06-26,0.1482059955596923,-0.02095730356599923,0,0,0.4304318111011028,0.5695681888988973,0.5695681888988973,1.0,0.01,0.24979900941719235,1320,1820,1920,1950
2026-06-27,0.1450999975204467,-0.009862186336199175,0,0,0.43098326264631354,0.5690167373536865,0.5690167373536865,1.0,0.01,0.24979900941719235,1320,1820,1920,1950
2026-06-28,0.143668994307518,0.013350152357582967,1,0,0.43023184382827884,0.5697681561717212,0.5697681561717212,1.0,0.01,0.24979900941719235,1320,1820,1920,1950
2026-06-29,0.1455869972705841,-0.009787948592134499,0,0,0.4306914265862188,0.5693085734137813,0.5693085734137813,1.0,0.01,0.24979900941719235,1320,1820,1920,1950
2026-06-30,0.1441619992256164,0.06852010037058065,1,0,0.42998563443248683,0.5700143655675132,0.5700143655675132,1.0,0.01,0.24979900941719235,1320,1820,1920,1950
2026-07-01,0.1540399938821792,0.047085214156800115,1,0,0.43157821287139864,0.5684217871286014,0.5684217871286014,1.0,0.01,0.24979900941719235,1320,1820,1920,1950
2026-07-02,0.1612929999828338,0.1154793106920704,1,0,0.4280978690675461,0.5719021309324539,0.5719021309324539,1.0,0.01,0.24979900941719235,1320,1820,1920,1950
2026-07-03,0.1799190044403076,0.06731913441597581,1,0,0.4357676813488026,0.5642323186511974,0.5642323186511974,1.0,0.01,0.2457398034516698,1350,1850,1950,1980
2026-07-04,0.1920309960842132,-0.013877958392430556,0,0,0.43496940237510917,0.5650305976248908,0.5650305976248908,1.0,0.01,0.2457398034516698,1350,1850,1950,1980
2026-07-05,0.1893659979104995,-0.02816770074165853,0,0,0.43390069887148114,0.5660993011285189,0.5660993011285189,1.0,0.01,0.2457398034516698,1350,1850,1950,1980
2026-07-06,0.184031993150711,-0.05183334199717582,0,0,0.433144873564917,0.566855126435083,0.566855126435083,1.0,0.01,0.2457398034516698,1350,1850,1950,1980
2026-07-07,0.1744929999113083,-0.043514673364972056,0,0,0.4333788694316271,0.5666211305683728,0.5666211305683728,1.0,0.01,0.2457398034516698,1350,1850,1950,1980
2026-07-08,0.1668999940156936,-0.0023366878654814682,0,0,0.4348223382924276,0.5651776617075723,0.5651776617075723,1.0,0.01,0.2457398034516698,1350,1850,1950,1980
2026-07-09,0.1665100008249282,4.805671444030324e-05,1,0,0.43374639943530946,0.5662536005646905,0.5662536005646905,1.0,0.01,0.2457398034516698,1350,1850,1950,1980
2026-07-10,0.1665180027484893,-0.0033089529562586595,0,0,0.4341510963273226,0.5658489036726774,0.5658489036726774,1.0,0.01,0.2457398034516698,1350,1850,1950,1980
2026-07-11,0.1659670025110244,-0.024149349376635043,0,0,0.43353529088762344,0.5664647091123766,0.5664647091123766,1.0,0.01,0.2457398034516698,1350,1850,1950,1980
2026-07-12,0.1619590073823928,-0.029192598872837316,0,0,0.4343131467103704,0.5656868532896295,0.5656868532896295,1.0,0.01,0.2457398034516698,1350,1850,1950,1980
2026-07-13,0.1572310030460357,0.05084871536945057,1,0,0.43544357957323054,0.5645564204267695,0.5645564204267695,1.0,0.01,0.2457398034516698,1350,1850,1950,1980
2026-07-14,0.1652259975671768,-0.0007686598884267815,0,0,0.43283920294759376,0.5671607970524062,0.5671607970524062,1.0,0.01,0.2457398034516698,1350,1850,1950,1980
2026-07-15,0.1650989949703216,-0.026820267796526465,0,0,0.43262770949165236,0.5673722905083476,0.5673722905083476,1.0,0.01,0.2457398034516698,1350,1850,1950,1980
2026-07-16,0.1606709957122802,0.03716911039125814,1,0,0.43264125286646815,0.5673587471335318,0.5673587471335318,1.0,0.01,0.2457398034516698,1350,1850,1950,1980
2026-07-17,0.1666429936885833,-0.0001259923124121709,0,0,0.4317749432630161,0.568225056736984,0.568225056736984,1.0,0.01,0.2457398034516698,1350,1850,1950,1980
2026-07-18,0.1666219979524612,-0.003834977386940719,0,0,0.4289572749370144,0.5710427250629856,0.5710427250629856,1.0,0.01,0.2457398034516698,1350,1850,1950,1980
2026-07-19,0.1659830063581466,0.022899863550640776,1,0,0.4292587898918841,0.570741210108116,0.570741210108116,1.0,0.01,0.2457398034516698,1350,1850,1950,1980
2026-07-20,0.1697839945554733,0.0209913787164151,1,0,0.43429693606507497,0.565703063934925,0.565703063934925,1.0,0.01,0.2457398034516698,1350,1850,1950,1980
2026-07-21,0.173347994685173,0.004961151230526761,1,0,0.43058405204433,0.56941594795567,0.56941594795567,1.0,0.01,0.2457398034516698,1350,1850,1950,1980
2026-07-22,0.1742080003023147,-0.03379294718174419,0,0,0.43108509070360596,0.5689149092963941,0.5689149092963941,1.0,0.01,0.2457398034516698,1350,1850,1950,1980
2026-07-23,0.1683209985494613,-0.026716759484096353,0,0,0.43192065152293235,0.5680793484770676,0.5680793484770676,1.0,0.01,0.2457398034516698,1350,1850,1950,1980
2026-07-24,0.1638240069150924,0.004956502353138159,1,0,0.4323984553593268,0.5676015446406733,0.5676015446406733,1.0,0.01,0.2457398034516698,1350,1850,1950,1980
2026-07-25,0.1646360009908676,0.00653561761808219,1,0,0.43101479460805253,0.5689852053919475,0.5689852053919475,1.0,0.01,0.2457398034516698,1350,1850,1950,1980
2026-07-26,0.1657119989395141,-0.062059426959203634,0,0,0.4318347829255698,0.5681652170744302,0.5681652170744302,1.0,0.01,0.2457398034516698,1350,1850,1950,1980
2026-07-27,0.1554280072450637,0.039638862473547976,1,0,0.43744125647422877,0.5625587435257713,0.5625587435257713,1.0,0.01,0.2457398034516698,1350,1850,1950,1980
2026-07-28,0.1615889966487884,0.0026301049404584553,1,0,0.4314418000834551,0.5685581999165449,0.5685581999165449,1.0,0.01,0.2457398034516698,1350,1850,1950,1980
2026-07-29,0.1620139926671981,0.047347845381614295,1,0,0.43206177429217774,0.5679382257078223,0.5679382257078223,1.0,0.01,0.2457398034516698,1350,1850,1950,1980
2026-07-30,0.1696850061416626,-0.010142378818354114,0,0,0.43160785575287225,0.5683921442471278,0.5683921442471278,1.0,0.01,0.2457398034516698,1350,1850,1950,1980
2026-07-31,0.1679639965295791,0.03722229659613796,1,0,0.43124848787981984,0.5687515121201802,0.5687515121201802,1.0,0.01,0.2457398034516698,1350,1850,1950,1980
2026-08-01,0.1742160022258758,0.08689213422677367,1,0,0.4310667157647656,0.5689332842352344,0.5689332842352344,1.0,0.01,0.2457398034516698,1350,1850,1950,1980
2026-08-02,0.1893540024757385,0.022370785622032763,1,0,0.4542388032258858,0.5457611967741143,0.5457611967741143,1.0,0.01,0.24474806932152746,1380,1880,1980,2010
2026-08-03,0.1935900002717971,-0.004132437831969149,0,0,0.4415919855099992,0.5584080144900008,0.5584080144900008,1.0,0.01,0.24474806932152746,1380,1880,1980,2010
2026-08-04,0.192790001630783,-0.007879011136103675,0,0,0.4374854415601475,0.5625145584398525,0.5625145584398525,1.0,0.01,0.24474806932152746,1380,1880,1980,2010
2026-08-05,0.1912710070610046,0.049756621621411146,1,0,0.43563993748314395,0.5643600625168561,0.5643600625168561,1.0,0.01,0.24474806932152746,1380,1880,1980,2010
2026-08-06,0.2007880061864853,0.0015538802292152099,1,0,0.4498311442721772,0.5501688557278228,0.5501688557278228,1.0,0.01,0.24474806932152746,1380,1880,1980,2010
2026-08-07,0.201100006699562,-0.00936853978924801,0,0,0.43909380209628834,0.5609061979037117,0.5609061979037117,1.0,0.01,0.24474806932152746,1380,1880,1980,2010
2026-08-08,0.1992159932851791,-0.02289972016938413,0,0,0.43754148975091683,0.5624585102490831,0.5624585102490831,1.0,0.01,0.24474806932152746,1380,1880,1980,2010
2026-08-09,0.1946540027856826,-0.0184892316923303,0,0,0.4426325849747977,0.5573674150252024,0.5573674150252024,1.0,0.01,0.24474806932152746,1380,1880,1980,2010
2026-08-10,0.1910549998283386,-0.021669176516540545,0,0,0.445461254240379,0.5545387457596209,0.5545387457596209,1.0,0.01,0.24474806932152746,1380,1880,1980,2010
2026-08-11,0.1869149953126907,-0.024123275731559035,0,0,0.4446120795546806,0.5553879204453194,0.5553879204453194,1.0,0.01,0.24474806932152746,1380,1880,1980,2010
2026-08-12,0.1824059933423996,-0.0008332612398979089,0,0,0.4416272873982093,0.5583727126017908,0.5583727126017908,1.0,0.01,0.24474806932152746,1380,1880,1980,2010
2026-08-13,0.1822540014982223,-0.013173890729996973,0,0,0.4388493819667989,0.5611506180332011,0.5611506180332011,1.0,0.01,0.24474806932152746,1380,1880,1980,2010
2026-08-14,0.17985300719738,-0.020689193487410495,0,0,0.4404000869969323,0.5595999130030678,0.5595999130030678,1.0,0.01,0.24474806932152746,1380,1880,1980,2010
2026-08-15,0.1761319935321808,-0.007295589566784222,0,0,0.437468462022318,0.5625315379776821,0.5625315379776821,1.0,0.01,0.24474806932152746,1380,1880,1980,2010
2026-08-16,0.1748470067977905,-0.004781322035585345,0,0,0.43704773628128374,0.5629522637187163,0.5629522637187163,1.0,0.01,0.24474806932152746,1380,1880,1980,2010
2026-08-17,0.1740110069513321,0.0014538845512219734,1,0,0.4342090710941493,0.5657909289058507,0.5657909289058507,1.0,0.01,0.24474806932152746,1380,1880,1980,2010
2026-08-18,0.1742639988660812,0.0723672233623911,1,0,0.429979613943681,0.570020386056319,0.570020386056319,1.0,0.01,0.24474806932152746,1380,1880,1980,2010
2026-08-19,0.1868750005960464,0.06514512554811391,1,0,0.4454830993072285,0.5545169006927715,0.5545169006927715,1.0,0.01,0.24474806932152746,1380,1880,1980,2010
2026-08-20,0.1990489959716797,0.15153056396669196,1,0,0.43670767423383916,0.5632923257661608,0.5632923257661608,1.0,0.01,0.24474806932152746,1380,1880,1980,2010
2026-08-21,0.2292110025882721,-0.01288771551850243,0,0,0.4614897191048542,0.5385102808951459,0.5385102808951459,1.0,0.01,0.24474806932152746,1380,1880,1980,2010
2026-08-22,0.2262569963932037,0.0026739595030245145,1,0,0.4481549001828787,0.5518450998171214,0.5518450998171214,1.0,0.01,0.24474806932152746,1380,1880,1980,2010
2026-08-23,0.2268619984388351,-0.025134239651728674,0,0,0.4383258567755919,0.5616741432244081,0.5616741432244081,1.0,0.01,0.24474806932152746,1380,1880,1980,2010
2026-08-24,0.2211599946022033,-0.05452156868346647,0,0,0.44017466721230836,0.5598253327876916,0.5598253327876916,1.0,0.01,0.24474806932152746,1380,1880,1980,2010
2026-08-25,0.2091020047664642,0.016790832317721938,1,0,0.44194164224298127,0.5580583577570187,0.5580583577570187,1.0,0.01,0.24474806932152746,1380,1880,1980,2010
2026-08-26,0.2126130014657974,0.005653474432018912,1,0,0.43489098544826493,0.565109014551735,0.565109014551735,1.0,0.01,0.24474806932152746,1380,1880,1980,2010
2026-08-27,0.2138150036334991,-0.05028649618834391,0,0,0.44036775889609353,0.5596322411039065,0.5596322411039065,1.0,0.01,0.24474806932152746,1380,1880,1980,2010
2026-08-28,0.2030629962682724,-0.007347442385436276,0,0,0.44713606768118513,0.5528639323188149,0.5528639323188149,1.0,0.01,0.24474806932152746,1380,1880,1980,2010
2026-08-29,0.2015710026025772,-0.0439745812899508,0,0,0.43736116034259537,0.5626388396574047,0.5626388396574047,1.0,0.01,0.24474806932152746,1380,1880,1980,2010
2026-08-30,0.1927070021629333,0.026236689578721606,1,0,0.4557344243704874,0.5442655756295126,0.5442655756295126,1.0,0.01,0.24474806932152746,1380,1880,1980,2010
2026-08-31,0.1977629959583282,-0.0062953739738466075,0,0,0.4387562621482709,0.5612437378517291,0.5612437378517291,1.0,0.01,0.24474806932152746,1380,1880,1980,2010
