timestamp,close,future_return_1d,y_true,prediction,prob_positive,prob_negative,confidence,selected_C,selected_gamma,validation_brier,fold_start,train_end,validation_end,test_end
2022-10-22,0.351408988237381,0.03042040468890317,1,0,0.44711369034739773,0.5528863096526022,0.5528863096526022,1.0,scale,0.24946423735854226,0,500,600,630
2022-10-23,0.3620989918708801,-0.011715036659180944,0,0,0.4507071610667535,0.5492928389332465,0.5492928389332465,1.0,scale,0.24946423735854226,0,500,600,630
2022-10-24,0.3578569889068603,0.12332024283109311,1,0,0.452887693857196,0.547112306142804,0.547112306142804,1.0,scale,0.24946423735854226,0,500,600,630
2022-10-25,0.4019879996776581,0.003741415173645679,1,0,0.42633807574402904,0.573661924255971,0.573661924255971,1.0,scale,0.24946423735854226,0,500,600,630
2022-10-26,0.4034920036792755,-0.036667406507670974,0,0,0.3909855821836982,0.6090144178163017,0.6090144178163017,1.0,scale,0.24946423735854226,0,500,600,630
2022-10-27,0.3886969983577728,0.040674388750567614,1,0,0.4269094731922597,0.5730905268077403,0.5730905268077403,1.0,scale,0.24946423735854226,0,500,600,630
2022-10-28,0.4045070111751556,0.03775207299372152,1,0,0.4349931808347161,0.565006819165284,0.565006819165284,1.0,scale,0.24946423735854226,0,500,600,630
2022-10-29,0.4197779893875122,-0.03271015430716551,0,0,0.43534915491432646,0.5646508450856735,0.5646508450856735,1.0,scale,0.24946423735854226,0,500,600,630
2022-10-30,0.406046986579895,0.000711796742909776,1,0,0.44069267959969305,0.559307320400307,0.559307320400307,1.0,scale,0.24946423735854226,0,500,600,630
2022-10-31,0.4063360095024109,-0.012142691699670416,0,0,0.46272526731858676,0.5372747326814132,0.5372747326814132,1.0,scale,0.24946423735854226,0,500,600,630
2022-11-01,0.4014019966125488,-0.03818115861112059,0,0,0.4683673547963061,0.5316326452036939,0.5316326452036939,1.0,scale,0.24946423735854226,0,500,600,630
2022-11-02,0.3860760033130646,0.008661505395667124,1,0,0.46986034898185014,0.5301396510181499,0.5301396510181499,1.0,scale,0.24946423735854226,0,500,600,630
2022-11-03,0.3894200026988983,0.08244311695463757,1,0,0.46234211037223805,0.537657889627762,0.537657889627762,1.0,scale,0.24946423735854226,0,500,600,630
2022-11-04,0.4215250015258789,0.012359912647256444,1,0,0.4745007816525415,0.5254992183474585,0.5254992183474585,1.0,scale,0.24946423735854226,0,500,600,630
2022-11-05,0.4267350137233734,-0.05560830264942351,0,0,0.4242389475379159,0.5757610524620841,0.5757610524620841,1.0,scale,0.24946423735854226,0,500,600,630
2022-11-06,0.4030050039291382,0.0031116048358732495,1,0,0.4568810387332206,0.5431189612667794,0.5431189612667794,1.0,scale,0.24946423735854226,0,500,600,630
2022-11-07,0.4042589962482452,-0.08020844721670939,0,0,0.489560376418849,0.510439623581151,0.510439623581151,1.0,scale,0.24946423735854226,0,500,600,630
2022-11-08,0.3718340098857879,-0.14521805041229308,0,0,0.3903173277674878,0.6096826722325122,0.6096826722325122,1.0,scale,0.24946423735854226,0,500,600,630
2022-11-09,0.3178369998931885,0.16090011664497528,1,0,0.35281277520582843,0.6471872247941716,0.6471872247941716,1.0,scale,0.24946423735854226,0,500,600,630
2022-11-10,0.3689770102500915,-0.038782910396683024,0,0,0.45792164682144326,0.5420783531785567,0.5420783531785567,1.0,scale,0.24946423735854226,0,500,600,630
2022-11-11,0.3546670079231262,-0.0437678614193342,0,0,0.4169650703247293,0.5830349296752707,0.5830349296752707,1.0,scale,0.24946423735854226,0,500,600,630
2022-11-12,0.3391439914703369,-0.02658749937608662,0,0,0.39652824044116075,0.6034717595588392,0.6034717595588392,1.0,scale,0.24946423735854226,0,500,600,630
2022-11-13,0.3301270008087158,0.005216198571049713,1,0,0.40562328460604696,0.594376715393953,0.594376715393953,1.0,scale,0.24946423735854226,0,500,600,630
2022-11-14,0.3318490087985992,0.015549252110798495,1,0,0.4338204848354995,0.5661795151645005,0.5661795151645005,1.0,scale,0.24946423735854226,0,500,600,630
2022-11-15,0.3370090126991272,-0.013729660016770229,0,0,0.45457502733895244,0.5454249726610476,0.5454249726610476,1.0,scale,0.24946423735854226,0,500,600,630
2022-11-16,0.3323819935321808,-0.022633597447262455,0,0,0.44445265749100865,0.5555473425089914,0.5555473425089914,1.0,scale,0.24946423735854226,0,500,600,630
2022-11-17,0.3248589932918548,0.00419257574382903,1,0,0.3887495007041647,0.6112504992958353,0.6112504992958353,1.0,scale,0.24946423735854226,0,500,600,630
2022-11-18,0.3262209892272949,0.007022919453032017,1,0,0.39738020888949716,0.6026197911105029,0.6026197911105029,1.0,scale,0.24946423735854226,0,500,600,630
2022-11-19,0.3285120129585266,-0.04932852425203438,0,0,0.3951052622482168,0.6048947377517833,0.6048947377517833,1.0,scale,0.24946423735854226,0,500,600,630
2022-11-20,0.3123070001602173,-0.024844159200189675,0,0,0.37325755334923855,0.6267424466507614,0.6267424466507614,1.0,scale,0.24946423735854226,0,500,600,630
2022-11-21,0.3045479953289032,0.02421299284123024,1,0,0.4697450617874287,0.5302549382125713,0.5302549382125713,10.0,scale,0.2451521120735261,30,530,630,660
2022-11-22,0.311922013759613,0.020501862824212624,1,0,0.46785876875812127,0.5321412312418787,0.5321412312418787,10.0,scale,0.2451521120735261,30,530,630,660
2022-11-23,0.3183169960975647,-0.005840119405153943,0,0,0.46739690524225086,0.5326030947577491,0.5326030947577491,10.0,scale,0.2451521120735261,30,530,630,660
2022-11-24,0.316457986831665,-0.004641963021755902,0,0,0.46800492714289144,0.5319950728571086,0.5319950728571086,10.0,scale,0.2451521120735261,30,530,630,660
2022-11-25,0.3149890005588531,-0.0038065044562648476,0,0,0.468030881037737,0.5319691189622631,0.5319691189622631,10.0,scale,0.2451521120735261,30,530,630,660
2022-11-26,0.3137899935245514,-0.004257651097511639,0,0,0.4679448934275436,0.5320551065724564,0.5320551065724564,10.0,scale,0.2451521120735261,30,530,630,660
2022-11-27,0.3124539852142334,-0.01841549239351803,0,0,0.46778431609298937,0.5322156839070107,0.5322156839070107,10.0,scale,0.2451521120735261,30,530,630,660
2022-11-28,0.3066999912261963,0.008712150952314035,1,0,0.4684223516246837,0.5315776483753163,0.5315776483753163,10.0,scale,0.2451521120735261,30,530,630,660
2022-11-29,0.3093720078468323,0.030742904064637866,1,0,0.46770146705528487,0.5322985329447152,0.5322985329447152,10.0,scale,0.2451521120735261,30,530,630,660
2022-11-30,0.3188830018043518,-0.013795033204865526,0,0,0.46739116805038733,0.5326088319496127,0.5326088319496127,10.0,scale,0.2451521120735261,30,530,630,660
2022-12-01,0.3144840002059936,0.015654170092449737,1,0,0.46812630207585265,0.5318736979241474,0.5318736979241474,10.0,scale,0.2451521120735261,30,530,630,660
2022-12-02,0.3194069862365722,0.0007733132291800615,1,0,0.46775641375969534,0.5322435862403047,0.5322435862403047,10.0,scale,0.2451521120735261,30,530,630,660
2022-12-03,0.3196539878845215,0.009685517398782428,1,0,0.4678032450511147,0.5321967549488853,0.5321967549488853,10.0,scale,0.2451521120735261,30,530,630,660
2022-12-04,0.3227500021457672,-0.010017089127088097,0,0,0.46808680529175434,0.5319131947082456,0.5319131947082456,10.0,scale,0.2451521120735261,30,530,630,660
2022-12-05,0.3195169866085052,-0.003295523238932452,0,0,0.4683495835198935,0.5316504164801066,0.5316504164801066,10.0,scale,0.2451521120735261,30,530,630,660
2022-12-06,0.3184640109539032,-0.025572814365575347,0,0,0.4680598624391563,0.5319401375608437,0.5319401375608437,10.0,scale,0.2451521120735261,30,530,630,660
2022-12-07,0.3103199899196625,0.014575306808253696,1,0,0.4685770387460051,0.5314229612539949,0.5314229612539949,10.0,scale,0.2451521120735261,30,530,630,660
2022-12-08,0.3148429989814758,-0.010055774225420366,0,0,0.4677161796098414,0.5322838203901585,0.5322838203901585,10.0,scale,0.2451521120735261,30,530,630,660
2022-12-09,0.3116770088672638,0.0029806433167638424,1,0,0.4685567850005643,0.5314432149994357,0.5314432149994357,10.0,scale,0.2451521120735261,30,530,630,660
2022-12-10,0.312606006860733,-0.015658693506927057,0,0,0.4686023307844289,0.5313976692155711,0.5313976692155711,10.0,scale,0.2451521120735261,30,530,630,660
2022-12-11,0.3077110052108764,-0.002476400155427383,0,0,0.4694578955975962,0.5305421044024038,0.5305421044024038,10.0,scale,0.2451521120735261,30,530,630,660
2022-12-12,0.3069489896297455,0.019273558840094962,1,0,0.4693306048374022,0.5306693951625978,0.5306693951625978,10.0,scale,0.2451521120735261,30,530,630,660
2022-12-13,0.3128649890422821,-0.015121536878380804,0,0,0.4687342767064267,0.5312657232935734,0.5312657232935734,10.0,scale,0.2451521120735261,30,530,630,660
2022-12-14,0.308133989572525,-0.025745263612167224,0,0,0.4688723486192245,0.5311276513807754,0.5311276513807754,10.0,scale,0.2451521120735261,30,530,630,660
2022-12-15,0.3002009987831116,-0.12035601048895306,0,0,0.4690290857756887,0.5309709142243113,0.5309709142243113,10.0,scale,0.2451521120735261,30,530,630,660
2022-12-16,0.2640700042247772,0.010716850404577816,1,0,0.4708800027751393,0.5291199972248607,0.5291199972248607,10.0,scale,0.2451521120735261,30,530,630,660
2022-12-17,0.2669000029563904,-0.002116869320223591,0,0,0.4685723148410408,0.5314276851589592,0.5314276851589592,10.0,scale,0.2451521120735261,30,530,630,660
2022-12-18,0.2663350105285644,-0.05027884951078232,0,0,0.4679223785430963,0.5320776214569036,0.5320776214569036,10.0,scale,0.2451521120735261,30,530,630,660
2022-12-19,0.2529439926147461,0.023969789541946396,1,0,0.4702562976339812,0.5297437023660188,0.5297437023660188,10.0,scale,0.2451521120735261,30,530,630,660
2022-12-20,0.2590070068836212,-0.022597833832499137,0,0,0.46819071668482964,0.5318092833151704,0.5318092833151704,10.0,scale,0.2451521120735261,30,530,630,660
2022-12-21,0.2531540095806122,0.013308118405465086,1,1,0.5255736247242585,0.4744263752757415,0.5255736247242585,10.0,scale,0.24581094825598102,60,560,660,690
2022-12-22,0.2565230131149292,0.01132839747364045,1,0,0.42002506444629706,0.5799749355537029,0.5799749355537029,10.0,scale,0.24581094825598102,60,560,660,690
2022-12-23,0.259429007768631,-0.0002351524004673422,0,0,0.4596287854804799,0.5403712145195201,0.5403712145195201,10.0,scale,0.24581094825598102,60,560,660,690
2022-12-24,0.2593680024147033,-0.0003778031025354345,0,0,0.40677559022711723,0.5932244097728827,0.5932244097728827,10.0,scale,0.24581094825598102,60,560,660,690
2022-12-25,0.2592700123786926,0.023245971278411215,1,1,0.5164196366113287,0.4835803633886713,0.5164196366113287,10.0,scale,0.24581094825598102,60,560,660,690
2022-12-26,0.265296995639801,-0.018571674105161917,0,0,0.45625507297311374,0.5437449270268863,0.5437449270268863,10.0,scale,0.24581094825598102,60,560,660,690
2022-12-27,0.2603699862957001,-0.046057507485491755,0,1,0.5123477113426855,0.48765228865731447,0.5123477113426855,10.0,scale,0.24581094825598102,60,560,660,690
2022-12-28,0.2483779937028885,-0.01706268131277444,0,1,0.5788998240042882,0.4211001759957118,0.5788998240042882,10.0,scale,0.24581094825598102,60,560,660,690
2022-12-29,0.2441399991512298,0.005804030991778841,1,1,0.5192913187229016,0.4807086812770984,0.5192913187229016,10.0,scale,0.24581094825598102,60,560,660,690
2022-12-30,0.2455569952726364,0.003701790837348673,1,0,0.45674035629014187,0.5432596437098581,0.5432596437098581,10.0,scale,0.24581094825598102,60,560,660,690
2022-12-31,0.2464659959077835,0.013409570090252787,1,0,0.48659614829132264,0.5134038517086774,0.5134038517086774,10.0,scale,0.24581094825598102,60,560,660,690
2023-01-01,0.2497709989547729,0.016242839095069073,1,0,0.46999106766965626,0.5300089323303437,0.5300089323303437,10.0,scale,0.24581094825598102,60,560,660,690
2023-01-02,0.2538279891014099,-0.004065725073482018,0,0,0.46731553023248507,0.5326844697675149,0.5326844697675149,10.0,scale,0.24581094825598102,60,560,660,690
2023-01-03,0.2527959942817688,0.05886570657969781,1,1,0.5017840541611509,0.4982159458388491,0.5017840541611509,10.0,scale,0.24581094825598102,60,560,660,690
2023-01-04,0.2676770091056824,0.005323572800400855,1,0,0.3640399911490243,0.6359600088509757,0.6359600088509757,10.0,scale,0.24581094825598102,60,560,660,690
2023-01-05,0.26910200715065,0.03548842053853063,1,0,0.4466614493207184,0.5533385506792816,0.5533385506792816,10.0,scale,0.24581094825598102,60,560,660,690
2023-01-06,0.278652012348175,-0.005551758768172266,0,0,0.4020650033035506,0.5979349966964493,0.5979349966964493,10.0,scale,0.24581094825598102,60,560,660,690
2023-01-07,0.2771050035953522,0.065365067555192,1,0,0.42875388389359365,0.5712461161064064,0.5712461161064064,10.0,scale,0.24581094825598102,60,560,660,690
2023-01-08,0.2952179908752441,0.07412825443333015,1,0,0.40715126870785195,0.592848731292148,0.592848731292148,10.0,scale,0.24581094825598102,60,560,660,690
2023-01-09,0.3171019852161407,0.017010337328035252,1,0,0.46127401555946,0.53872598444054,0.53872598444054,10.0,scale,0.24581094825598102,60,560,660,690
2023-01-10,0.3224959969520569,0.0007844807908938822,1,0,0.3742456147176086,0.6257543852823915,0.6257543852823915,10.0,scale,0.24581094825598102,60,560,660,690
2023-01-11,0.322748988866806,0.02171656559084667,1,0,0.4329825057672871,0.5670174942327129,0.5670174942327129,10.0,scale,0.24581094825598102,60,560,660,690
2023-01-12,0.3297579884529114,0.04855993424939986,1,0,0.43793277110264545,0.5620672288973545,0.5620672288973545,10.0,scale,0.24581094825598102,60,560,660,690
2023-01-13,0.3457710146903991,0.01961119275306733,1,0,0.39424124867470756,0.6057587513252924,0.6057587513252924,10.0,scale,0.24581094825598102,60,560,660,690
2023-01-14,0.3525519967079162,-0.0061948410785681585,0,0,0.45196581203532055,0.5480341879646795,0.5480341879646795,10.0,scale,0.24581094825598102,60,560,660,690
2023-01-15,0.3503679931163788,-0.0009361710163120485,0,0,0.41295677945670917,0.5870432205432908,0.5870432205432908,10.0,scale,0.24581094825598102,60,560,660,690
2023-01-16,0.3500399887561798,-0.012224282320736357,0,0,0.44835712051973653,0.5516428794802635,0.5516428794802635,10.0,scale,0.24581094825598102,60,560,660,690
2023-01-17,0.3457610011100769,-0.05473721609396598,0,0,0.4388986730557576,0.5611013269442424,0.5611013269442424,10.0,scale,0.24581094825598102,60,560,660,690
2023-01-18,0.3268350064754486,0.037523469778639296,1,0,0.4991622258157171,0.5008377741842829,0.5008377741842829,10.0,scale,0.24581094825598102,60,560,660,690
2023-01-19,0.3390989899635315,0.07516096026515084,1,0,0.3815797812863572,0.6184202187136427,0.6184202187136427,10.0,scale,0.24581094825598102,60,560,660,690
2023-01-20,0.3645859956741333,0.012178223098651575,1,0,0.4427674032812204,0.5572325967187797,0.5572325967187797,1.0,0.01,0.2431614350303466,90,590,690,720
2023-01-21,0.3690260052680969,0.02050804452556987,1,0,0.4930414163193596,0.5069585836806404,0.5069585836806404,1.0,0.01,0.2431614350303466,90,590,690,720
2023-01-22,0.3765940070152282,-0.0028944165892842433,0,0,0.43117399750178237,0.5688260024982177,0.5688260024982177,1.0,0.01,0.2431614350303466,90,590,690,720
2023-01-23,0.3755039870738983,-0.04316060630375518,0,0,0.42674338981232046,0.5732566101876795,0.5732566101876795,1.0,0.01,0.2431614350303466,90,590,690,720
2023-01-24,0.3592970073223114,0.03927942311247823,1,0,0.45123851868471565,0.5487614813152843,0.5487614813152843,1.0,0.01,0.2431614350303466,90,590,690,720
2023-01-25,0.3734099864959717,0.017806211870169175,1,0,0.4200290545028887,0.5799709454971114,0.5799709454971114,1.0,0.01,0.2431614350303466,90,590,690,720
2023-01-26,0.380059003829956,0.0234699981117672,1,0,0.4405968158863427,0.5594031841136573,0.5594031841136573,1.0,0.01,0.2431614350303466,90,590,690,720
2023-01-27,0.3889789879322052,-0.017039421408371558,0,0,0.4137804478210672,0.5862195521789328,0.5862195521789328,1.0,0.01,0.2431614350303466,90,590,690,720
2023-01-28,0.3823510110378265,0.036516185927027545,1,0,0.44973904013823446,0.5502609598617656,0.5502609598617656,1.0,0.01,0.2431614350303466,90,590,690,720
2023-01-29,0.3963130116462707,-0.06005861908558374,0,0,0.407212329888415,0.5927876701115851,0.5927876701115851,1.0,0.01,0.2431614350303466,90,590,690,720
2023-01-30,0.3725109994411468,0.04943479264396422,1,1,0.5054439323005596,0.4945560676994404,0.5054439323005596,1.0,0.01,0.2431614350303466,90,590,690,720
2023-01-31,0.3909260034561157,0.016159041875995817,1,0,0.41528991419623074,0.5847100858037693,0.5847100858037693,1.0,0.01,0.2431614350303466,90,590,690,720
2023-02-01,0.3972429931163788,0.0008055959282968761,1,0,0.3700297476638277,0.6299702523361723,0.6299702523361723,1.0,0.01,0.2431614350303466,90,590,690,720
2023-02-02,0.3975630104541778,0.017036280581987917,1,0,0.385801013696693,0.614198986303307,0.614198986303307,1.0,0.01,0.2431614350303466,90,590,690,720
2023-02-03,0.404336005449295,-0.011401413623158274,0,0,0.34720858862398346,0.6527914113760165,0.6527914113760165,1.0,0.01,0.2431614350303466,90,590,690,720
2023-02-04,0.399726003408432,-0.018147442039297634,0,0,0.37111424355860556,0.6288857564413944,0.6288857564413944,1.0,0.01,0.2431614350303466,90,590,690,720
2023-02-05,0.3924719989299774,-0.025609500974814403,0,0,0.41848510867418487,0.5815148913258151,0.5815148913258151,1.0,0.01,0.2431614350303466,90,590,690,720
2023-02-06,0.3824209868907928,0.04390192924378655,1,0,0.4364114112454072,0.5635885887545928,0.5635885887545928,1.0,0.01,0.2431614350303466,90,590,690,720
2023-02-07,0.3992100059986114,-0.012968089843687136,0,0,0.3751103067328515,0.6248896932671485,0.6248896932671485,1.0,0.01,0.2431614350303466,90,590,690,720
2023-02-08,0.3940330147743225,-0.07994763701755492,0,0,0.40864165807162883,0.5913583419283712,0.5913583419283712,1.0,0.01,0.2431614350303466,90,590,690,720
2023-02-09,0.3625310063362121,-0.01074666147999881,0,1,0.5387667370546066,0.46123326294539335,0.5387667370546066,1.0,0.01,0.2431614350303466,90,590,690,720
2023-02-10,0.3586350083351135,0.029464439893187366,1,0,0.46087227558513405,0.539127724414866,0.539127724414866,1.0,0.01,0.2431614350303466,90,590,690,720
2023-02-11,0.3692019879817962,-0.013288115629159436,0,0,0.3844171366542266,0.6155828633457734,0.6155828633457734,1.0,0.01,0.2431614350303466,90,590,690,720
2023-02-12,0.3642959892749786,-0.012816448641557843,0,0,0.4339615995237396,0.5660384004762604,0.5660384004762604,1.0,0.01,0.2431614350303466,90,590,690,720
2023-02-13,0.3596270084381103,0.07456053991520739,1,0,0.4694907145160739,0.5305092854839262,0.5305092854839262,1.0,0.01,0.2431614350303466,90,590,690,720
2023-02-14,0.3864409923553467,0.08196334826581841,1,0,0.34727275442562744,0.6527272455743726,0.6527272455743726,1.0,0.01,0.2431614350303466,90,590,690,720
2023-02-15,0.4181149899959564,-0.07226002203482351,0,0,0.3116526598162494,0.6883473401837505,0.6883473401837505,1.0,0.01,0.2431614350303466,90,590,690,720
2023-02-16,0.3879019916057586,0.04135325666106149,1,0,0.42775177948781795,0.572248220512182,0.572248220512182,1.0,0.01,0.2431614350303466,90,590,690,720
2023-02-17,0.4039430022239685,0.005911726345384727,1,0,0.3202366966800185,0.6797633033199815,0.6797633033199815,1.0,0.01,0.2431614350303466,90,590,690,720
2023-02-18,0.4063310027122497,-0.015317576982480596,0,0,0.34414102344996905,0.6558589765500309,0.6558589765500309,1.0,0.01,0.2431614350303466,90,590,690,720
2023-02-19,0.4001069962978363,0.009737390340953667,1,0,0.4459110137344529,0.5540889862655471,0.5540889862655471,1.0,0.01,0.24484314120744144,120,620,720,750
2023-02-20,0.4040029942989349,-0.028677957384617647,0,0,0.4360938989073072,0.5639061010926928,0.5639061010926928,1.0,0.01,0.24484314120744144,120,620,720,750
2023-02-21,0.3924170136451721,-0.00890894357474159,0,0,0.46930898785929054,0.5306910121407095,0.5306910121407095,1.0,0.01,0.24484314120744144,120,620,720,750
2023-02-22,0.3889209926128387,-0.015165030743623853,0,0,0.4619339509280159,0.5380660490719841,0.5380660490719841,1.0,0.01,0.24484314120744144,120,620,720,750
2023-02-23,0.3830229938030243,-0.0449163285836367,0,0,0.46594100099677854,0.5340589990032214,0.5340589990032214,1.0,0.01,0.24484314120744144,120,620,720,750
2023-02-24,0.3658190071582794,-0.009444596833736996,0,1,0.5448524229219663,0.45514757707803366,0.5448524229219663,1.0,0.01,0.24484314120744144,120,620,720,750
2023-02-25,0.3623639941215515,0.01823854721283591,1,0,0.488469067973319,0.511530932026681,0.511530932026681,1.0,0.01,0.24484314120744144,120,620,720,750
2023-02-26,0.3689729869365692,-0.011041397648707485,0,0,0.45120957907154446,0.5487904209284555,0.5487904209284555,1.0,0.01,0.24484314120744144,120,620,720,750
2023-02-27,0.3648990094661712,-0.0341053345485155,0,0,0.486211103960361,0.5137888960396391,0.5137888960396391,1.0,0.01,0.24484314120744144,120,620,720,750
2023-02-28,0.3524540066719055,0.022419936288271547,1,1,0.5123665982696097,0.48763340173039027,0.5123665982696097,1.0,0.01,0.24484314120744144,120,620,720,750
2023-03-01,0.3603560030460357,-0.028166633185960133,0,0,0.45487809440915977,0.5451219055908403,0.5451219055908403,1.0,0.01,0.24484314120744144,120,620,720,750
2023-03-02,0.3502059876918793,-0.021327443546541813,0,0,0.4980266385365665,0.5019733614634335,0.5019733614634335,1.0,0.01,0.24484314120744144,120,620,720,750
2023-03-03,0.3427369892597198,-0.018200497463336962,0,1,0.5466459383237225,0.45335406167627745,0.5466459383237225,1.0,0.01,0.24484314120744144,120,620,720,750
2023-03-04,0.3364990055561065,0.0017919529594858652,1,0,0.493126088833458,0.506873911166542,0.506873911166542,1.0,0.01,0.24484314120744144,120,620,720,750
2023-03-05,0.3371019959449768,-0.018632308708857126,0,0,0.4956721839014502,0.5043278160985498,0.5043278160985498,1.0,0.01,0.24484314120744144,120,620,720,750
2023-03-06,0.3308210074901581,-0.0010217547642628055,0,1,0.5340653346322798,0.4659346653677202,0.5340653346322798,1.0,0.01,0.24484314120744144,120,620,720,750
2023-03-07,0.3304829895496368,-0.039051889280431906,0,1,0.509761014882348,0.49023898511765196,0.509761014882348,1.0,0.01,0.24484314120744144,120,620,720,750
2023-03-08,0.3175770044326782,-0.024872758517268556,0,1,0.5491618205791973,0.45083817942080273,0.5491618205791973,1.0,0.01,0.24484314120744144,120,620,720,750
2023-03-09,0.3096779882907867,0.01829003348933611,1,1,0.5739712651419363,0.4260287348580637,0.5739712651419363,1.0,0.01,0.24484314120744144,120,620,720,750
2023-03-10,0.3153420090675354,-0.025416869779972262,0,0,0.4918796739182964,0.5081203260817035,0.5081203260817035,1.0,0.01,0.24484314120744144,120,620,720,750
2023-03-11,0.307327002286911,0.07878254293974396,1,1,0.5202088493860652,0.47979115061393485,0.5202088493860652,1.0,0.01,0.24484314120744144,120,620,720,750
2023-03-12,0.3315390050411224,0.039349808707780376,1,0,0.39804673285530273,0.6019532671446972,0.6019532671446972,1.0,0.01,0.24484314120744144,120,620,720,750
2023-03-13,0.3445850014686584,-0.0008039020427845767,0,0,0.45974657086735654,0.5402534291326435,0.5402534291326435,1.0,0.01,0.24484314120744144,120,620,720,750
2023-03-14,0.3443079888820648,-0.05713196825187161,0,0,0.421646683439034,0.578353316560966,0.578353316560966,1.0,0.01,0.24484314120744144,120,620,720,750
2023-03-15,0.3246369957923889,0.0022979874249633436,1,0,0.49097970373541583,0.5090202962645842,0.5090202962645842,1.0,0.01,0.24484314120744144,120,620,720,750
2023-03-16,0.3253830075263977,0.07726586873360608,1,0,0.44007774851980835,0.5599222514801916,0.5599222514801916,1.0,0.01,0.24484314120744144,120,620,720,750
2023-03-17,0.3505240082740783,-0.036553849575662656,0,0,0.40882035489038165,0.5911796451096183,0.5911796451096183,1.0,0.01,0.24484314120744144,120,620,720,750
2023-03-18,0.3377110064029693,0.024574245296447694,1,0,0.45965591175744874,0.5403440882425512,0.5403440882425512,1.0,0.01,0.24484314120744144,120,620,720,750
2023-03-19,0.3460099995136261,-0.038770581203426246,0,0,0.4113285748727325,0.5886714251272676,0.5886714251272676,1.0,0.01,0.24484314120744144,120,620,720,750
2023-03-20,0.3325949907302856,0.1161803599916702,1,0,0.49273998929060575,0.5072600107093943,0.5072600107093943,1.0,0.01,0.24484314120744144,120,620,720,750
2023-03-21,0.3712359964847564,-0.02861524236162749,0,1,0.5052367852922865,0.49476321470771345,0.5052367852922865,1.0,0.01,0.24243946381085302,150,650,750,780
2023-03-22,0.3606129884719848,0.031701636440630176,1,0,0.4577128811706252,0.5422871188293747,0.5422871188293747,1.0,0.01,0.24243946381085302,150,650,750,780
2023-03-23,0.3720450103282928,-0.03215201446935956,0,0,0.3908107854952178,0.6091892145047821,0.6091892145047821,1.0,0.01,0.24243946381085302,150,650,750,780
2023-03-24,0.3600830137729645,-0.022458735575380362,0,0,0.4374724533220704,0.5625275466779296,0.5625275466779296,1.0,0.01,0.24243946381085302,150,650,750,780
2023-03-25,0.3519960045814514,0.012071178236336078,1,0,0.45434498741756113,0.5456550125824389,0.5456550125824389,1.0,0.01,0.24243946381085302,150,650,750,780
2023-03-26,0.3562450110912323,-0.030133769754197237,0,0,0.4344628820184266,0.5655371179815734,0.5655371179815734,1.0,0.01,0.24243946381085302,150,650,750,780
2023-03-27,0.3455100059509277,0.06611671545307907,1,1,0.5202784230508275,0.4797215769491725,0.5202784230508275,1.0,0.01,0.24243946381085302,150,650,750,780
2023-03-28,0.3683539927005768,0.035930118902978814,1,0,0.3801927665840559,0.6198072334159441,0.6198072334159441,1.0,0.01,0.24243946381085302,150,650,750,780
2023-03-29,0.3815889954566955,-0.013443765472701319,0,0,0.4346015583050312,0.5653984416949688,0.5653984416949688,1.0,0.01,0.24243946381085302,150,650,750,780
2023-03-30,0.376459002494812,0.059671855342376734,1,0,0.4129235513007715,0.5870764486992285,0.5870764486992285,1.0,0.01,0.24243946381085302,150,650,750,780
2023-03-31,0.3989230096340179,-0.03392890961093742,0,0,0.42922835141578963,0.5707716485842104,0.5707716485842104,1.0,0.01,0.24243946381085302,150,650,750,780
2023-04-01,0.3853879868984222,-0.009432025349003115,0,0,0.45961565439183,0.5403843456081701,0.5403843456081701,1.0,0.01,0.24243946381085302,150,650,750,780
2023-04-02,0.381752997636795,0.014108585772830473,1,0,0.46314095195855354,0.5368590480414465,0.5368590480414465,1.0,0.01,0.24243946381085302,150,650,750,780
2023-04-03,0.3871389925479889,0.006571323723392419,1,1,0.5878913546297033,0.4121086453702967,0.5878913546297033,1.0,0.01,0.24243946381085302,150,650,750,780
2023-04-04,0.3896830081939697,0.0068799179417651235,1,0,0.42857108872615035,0.5714289112738496,0.5714289112738496,1.0,0.01,0.24243946381085302,150,650,750,780
2023-04-05,0.3923639953136444,-0.023330356625408277,0,0,0.4425355256404572,0.5574644743595428,0.5574644743595428,1.0,0.01,0.24243946381085302,150,650,750,780
2023-04-06,0.3832100033760071,0.0011299233792338992,1,0,0.47797987322473034,0.5220201267752697,0.5220201267752697,1.0,0.01,0.24243946381085302,150,650,750,780
2023-04-07,0.3836430013179779,0.00519229393355336,1,0,0.4589998363986575,0.5410001636013425,0.5410001636013425,1.0,0.01,0.24243946381085302,150,650,750,780
2023-04-08,0.3856349885463714,0.010522912977618093,1,0,0.48468255194330273,0.5153174480566973,0.5153174480566973,1.0,0.01,0.24243946381085302,150,650,750,780
2023-04-09,0.3896929919719696,0.01872242021540793,1,0,0.4717296323494507,0.5282703676505494,0.5282703676505494,1.0,0.01,0.24243946381085302,150,650,750,780
2023-04-10,0.3969889879226684,0.01125222772909007,1,0,0.49902083779619505,0.5009791622038049,0.5009791622038049,1.0,0.01,0.24243946381085302,150,650,750,780
2023-04-11,0.4014559984207153,0.012721233189722181,1,1,0.5229008665200743,0.4770991334799257,0.5229008665200743,1.0,0.01,0.24243946381085302,150,650,750,780
2023-04-12,0.4065630137920379,0.047215248859202585,1,0,0.4414808039217721,0.5585191960782279,0.5585191960782279,1.0,0.01,0.24243946381085302,150,650,750,780
2023-04-13,0.4257589876651764,0.029526110728182564,1,0,0.4834763481958854,0.5165236518041145,0.5165236518041145,1.0,0.01,0.24243946381085302,150,650,750,780
2023-04-14,0.4383299946784973,0.03410674008564363,1,0,0.4879096946629791,0.5120903053370209,0.5120903053370209,1.0,0.01,0.24243946381085302,150,650,750,780
2023-04-15,0.4532800018787384,-0.0033643986775944157,0,0,0.4959688733962026,0.5040311266037973,0.5040311266037973,1.0,0.01,0.24243946381085302,150,650,750,780
2023-04-16,0.4517549872398376,-0.03893258528515764,0,1,0.5089499240240472,0.49105007597595285,0.5089499240240472,1.0,0.01,0.24243946381085302,150,650,750,780
2023-04-17,0.4341669976711273,0.02207674276354976,1,1,0.5347051908540793,0.4652948091459207,0.5347051908540793,1.0,0.01,0.24243946381085302,150,650,750,780
2023-04-18,0.4437519907951355,-0.06300589005420199,0,0,0.4626819606055948,0.5373180393944053,0.5373180393944053,1.0,0.01,0.24243946381085302,150,650,750,780
2023-04-19,0.4157930016517639,-0.03622476633310168,0,1,0.6126554030378768,0.3873445969621232,0.6126554030378768,1.0,0.01,0.24243946381085302,150,650,750,780
2023-04-20,0.4007309973239898,-0.04439882760321967,0,1,0.5744901965634988,0.42550980343650124,0.5744901965634988,1.0,0.01,0.2531672735341769,180,680,780,810
2023-04-21,0.3829390108585357,0.03450677978514172,1,1,0.6353249210526002,0.3646750789473998,0.6353249210526002,1.0,0.01,0.2531672735341769,180,680,780,810
2023-04-22,0.3961530029773712,-0.018056166062412227,0,0,0.48124282515736316,0.5187571748426368,0.5187571748426368,1.0,0.01,0.2531672735341769,180,680,780,810
2023-04-23,0.3889999985694885,-0.013069429298548374,0,1,0.5389743212759167,0.4610256787240833,0.5389743212759167,1.0,0.01,0.2531672735341769,180,680,780,810
2023-04-24,0.3839159905910492,0.028659961281106483,1,1,0.547026163666949,0.452973836333051,0.547026163666949,1.0,0.01,0.2531672735341769,180,680,780,810
2023-04-25,0.3949190080165863,0.016659066144764978,1,0,0.4609665139755264,0.5390334860244737,0.5390334860244737,1.0,0.01,0.2531672735341769,180,680,780,810
2023-04-26,0.4014979898929596,0.020784681633519764,1,1,0.5275417808076127,0.4724582191923873,0.5275417808076127,1.0,0.01,0.2531672735341769,180,680,780,810
2023-04-27,0.4098429977893829,-0.011982650730810951,0,0,0.42295848096367217,0.5770415190363278,0.5770415190363278,1.0,0.01,0.2531672735341769,180,680,780,810
2023-04-28,0.4049319922924042,-0.005304600345191091,0,0,0.44954245539807575,0.5504575446019242,0.5504575446019242,1.0,0.01,0.2531672735341769,180,680,780,810
2023-04-29,0.402783989906311,-0.013481129526278113,0,0,0.4461893130004078,0.5538106869995922,0.5538106869995922,1.0,0.01,0.2531672735341769,180,680,780,810
2023-04-30,0.3973540067672729,-0.02641725920701332,0,1,0.5305758229544929,0.4694241770455071,0.5305758229544929,1.0,0.01,0.2531672735341769,180,680,780,810
2023-05-01,0.3868570029735565,0.01270749255417658,1,0,0.49494163871979896,0.5050583612802011,0.5050583612802011,1.0,0.01,0.2531672735341769,180,680,780,810
2023-05-02,0.391772985458374,0.0055364027227111645,1,0,0.41213983864040427,0.5878601613595957,0.5878601613595957,1.0,0.01,0.2531672735341769,180,680,780,810
2023-05-03,0.3939419984817505,-0.016484623822672795,0,0,0.4549674977162424,0.5450325022837577,0.5450325022837577,1.0,0.01,0.2531672735341769,180,680,780,810
2023-05-04,0.3874480128288269,0.018675987058441423,1,0,0.4401696551685217,0.5598303448314783,0.5598303448314783,1.0,0.01,0.2531672735341769,180,680,780,810
2023-05-05,0.3946839869022369,-0.03690291848836047,0,0,0.44294508842695485,0.5570549115730452,0.5570549115730452,1.0,0.01,0.2531672735341769,180,680,780,810
2023-05-06,0.3801189959049225,-0.008452585667202861,0,0,0.4884528851201317,0.5115471148798683,0.5115471148798683,1.0,0.01,0.2531672735341769,180,680,780,810
2023-05-07,0.376906007528305,-0.029391943475012283,0,0,0.44437871963839753,0.5556212803616025,0.5556212803616025,1.0,0.01,0.2531672735341769,180,680,780,810
2023-05-08,0.3658280074596405,-0.005527182516940288,0,1,0.6095204949709065,0.39047950502909345,0.6095204949709065,1.0,0.01,0.2531672735341769,180,680,780,810
2023-05-09,0.3638060092926025,0.016852369696044533,1,0,0.45439602612673796,0.5456039738732621,0.5456039738732621,1.0,0.01,0.2531672735341769,180,680,780,810
2023-05-10,0.369937002658844,-0.026755925589779794,0,0,0.4938592884489833,0.5061407115510167,0.5061407115510167,1.0,0.01,0.2531672735341769,180,680,780,810
2023-05-11,0.3600389957427978,0.028952469119860824,1,0,0.46347831744739665,0.5365216825526034,0.5365216825526034,1.0,0.01,0.2531672735341769,180,680,780,810
2023-05-12,0.3704630136489868,-0.014662758485540328,0,0,0.4039875735131415,0.5960124264868585,0.5960124264868585,1.0,0.01,0.2531672735341769,180,680,780,810
2023-05-13,0.3650310039520263,0.01569730531510727,1,0,0.4225653298709562,0.5774346701290438,0.5774346701290438,1.0,0.01,0.2531672735341769,180,680,780,810
2023-05-14,0.3707610070705414,-0.008843973498222524,0,0,0.40267366265874366,0.5973263373412563,0.5973263373412563,1.0,0.01,0.2531672735341769,180,680,780,810
2023-05-15,0.3674820065498352,0.0009469898180549663,1,0,0.4761867164287034,0.5238132835712965,0.5238132835712965,1.0,0.01,0.2531672735341769,180,680,780,810
2023-05-16,0.3678300082683563,0.020648132236327887,1,0,0.4245617938441911,0.5754382061558089,0.5754382061558089,1.0,0.01,0.2531672735341769,180,680,780,810
2023-05-17,0.3754250109195709,-0.008915254239979076,0,0,0.42557768256113776,0.5744223174388623,0.5744223174388623,1.0,0.01,0.2531672735341769,180,680,780,810
2023-05-18,0.372078001499176,-0.010382249997717419,0,0,0.430463972370549,0.569536027629451,0.569536027629451,1.0,0.01,0.2531672735341769,180,680,780,810
2023-05-19,0.3682149946689605,-0.005045954167642863,0,0,0.4217054441812792,0.5782945558187208,0.5782945558187208,1.0,0.01,0.2531672735341769,180,680,780,810
2023-05-20,0.3663569986820221,-0.016361068880323737,0,0,0.45093806515449286,0.5490619348455071,0.5490619348455071,1.0,0.01,0.24904200398805756,210,710,810,840
2023-05-21,0.3603630065917969,0.021184150285284753,1,0,0.47657428433262755,0.5234257156673725,0.5234257156673725,1.0,0.01,0.24904200398805756,210,710,810,840
2023-05-22,0.3679969906806946,0.006758217774153197,1,0,0.48805663610470584,0.5119433638952942,0.5119433638952942,1.0,0.01,0.24904200398805756,210,710,810,840
2023-05-23,0.3704839944839477,-0.01686980850074571,0,0,0.438851440432627,0.561148559567373,0.561148559567373,1.0,0.01,0.24904200398805756,210,710,810,840
2023-05-24,0.3642340004444122,-0.015973273690614187,0,0,0.4834839501000682,0.5165160498999317,0.5165160498999317,1.0,0.01,0.24904200398805756,210,710,810,840
2023-05-25,0.3584159910678863,0.01246602799081531,1,0,0.4745569052295137,0.5254430947704862,0.5254430947704862,1.0,0.01,0.24904200398805756,210,710,810,840
2023-05-26,0.3628840148448944,0.010719617764477718,1,0,0.4508459105813325,0.5491540894186675,0.5491540894186675,1.0,0.01,0.24904200398805756,210,710,810,840
2023-05-27,0.3667739927768707,0.04423707917181052,1,0,0.42201606658610596,0.5779839334138941,0.5779839334138941,1.0,0.01,0.24904200398805756,210,710,810,840
2023-05-28,0.3829990029335022,-0.010080992496175889,0,1,0.5330152390064772,0.4669847609935228,0.5330152390064772,1.0,0.01,0.24904200398805756,210,710,810,840
2023-05-29,0.3791379928588867,-0.0031755826237879203,0,0,0.4366296063589498,0.5633703936410501,0.5633703936410501,1.0,0.01,0.24904200398805756,210,710,810,840
2023-05-30,0.3779340088367462,-0.009342924627727234,0,0,0.4415032702034665,0.5584967297965335,0.5584967297965335,1.0,0.01,0.24904200398805756,210,710,810,840
2023-05-31,0.3744029998779297,-0.025851795129779198,0,0,0.4518929558662763,0.5481070441337237,0.5481070441337237,1.0,0.01,0.24904200398805756,210,710,810,840
2023-06-01,0.3647240102291107,0.0372336179116588,1,1,0.5532478912928306,0.4467521087071694,0.5532478912928306,1.0,0.01,0.24904200398805756,210,710,810,840
2023-06-02,0.3783040046691894,-0.006016334304307924,0,0,0.47550072439451513,0.5244992756054849,0.5244992756054849,1.0,0.01,0.24904200398805756,210,710,810,840
2023-06-03,0.3760280013084411,0.004427851493405299,1,0,0.48963138015726937,0.5103686198427306,0.5103686198427306,1.0,0.01,0.24904200398805756,210,710,810,840
2023-06-04,0.3776929974555969,-0.06798645716963114,0,1,0.5290295874793195,0.4709704125206805,0.5290295874793195,1.0,0.01,0.24904200398805756,210,710,810,840
2023-06-05,0.3520149886608124,0.0048293792330511565,1,1,0.6848661928534444,0.3151338071465556,0.6848661928534444,1.0,0.01,0.24904200398805756,210,710,810,840
2023-06-06,0.3537150025367737,-0.08887666439795538,0,1,0.52404573795934,0.47595426204066005,0.52404573795934,1.0,0.01,0.24904200398805756,210,710,810,840
2023-06-07,0.3222779929637909,0.002727519464612582,1,1,0.7176846186002966,0.28231538139970336,0.7176846186002966,1.0,0.01,0.24904200398805756,210,710,810,840
2023-06-08,0.3231570124626159,-0.08589015387311105,0,1,0.56840111674774,0.43159888325226003,0.56840111674774,1.0,0.01,0.24904200398805756,210,710,810,840
2023-06-09,0.295401006937027,-0.06502009228599681,0,1,0.7879282462570075,0.21207175374299247,0.7879282462570075,1.0,0.01,0.24904200398805756,210,710,810,840
2023-06-10,0.2761940062046051,-0.012903973473846864,0,1,0.8183157150949937,0.18168428490500632,0.8183157150949937,1.0,0.01,0.24904200398805756,210,710,810,840
2023-06-11,0.2726300060749054,0.008869095736801835,1,1,0.6766085826403366,0.32339141735966337,0.6766085826403366,1.0,0.01,0.24904200398805756,210,710,810,840
2023-06-12,0.2750479876995086,-0.00022537460130089837,0,1,0.6085552006763417,0.3914447993236583,0.6085552006763417,1.0,0.01,0.24904200398805756,210,710,810,840
2023-06-13,0.2749859988689422,-0.04276580066823443,0,1,0.5607470473112346,0.4392529526887654,0.5607470473112346,1.0,0.01,0.24904200398805756,210,710,810,840
2023-06-14,0.2632260024547577,-0.004821000500543682,0,1,0.6183567469587417,0.38164325304125835,0.6183567469587417,1.0,0.01,0.24904200398805756,210,710,810,840
2023-06-15,0.2619569897651672,0.004687810373320778,1,1,0.5905106015637578,0.4094893984362422,0.5905106015637578,1.0,0.01,0.24904200398805756,210,710,810,840
2023-06-16,0.2631849944591522,0.014221908379131065,1,1,0.5395958299746813,0.46040417002531875,0.5395958299746813,1.0,0.01,0.24904200398805756,210,710,810,840
2023-06-17,0.2669279873371124,-0.022346830282014007,0,1,0.5206334575763703,0.47936654242362975,0.5206334575763703,1.0,0.01,0.24904200398805756,210,710,810,840
2023-06-18,0.2609629929065704,0.007989639654815361,1,1,0.5525379426941881,0.4474620573058119,0.5525379426941881,1.0,0.01,0.24904200398805756,210,710,810,840
2023-06-19,0.263047993183136,0.027679380079773885,1,1,0.5003911068432575,0.4996088931567425,0.5003911068432575,1.0,0.01,0.25398102043982745,240,740,840,870
2023-06-20,0.2703289985656738,0.06166930665824699,1,0,0.49877443110584363,0.5012255688941564,0.5012255688941564,1.0,0.01,0.25398102043982745,240,740,840,870
2023-06-21,0.2870000004768371,0.011543571306781075,1,0,0.4845633255404726,0.5154366744595273,0.5154366744595273,1.0,0.01,0.25398102043982745,240,740,840,870
2023-06-22,0.2903130054473877,0.021249448738195342,1,0,0.4734615308848685,0.5265384691151316,0.5265384691151316,1.0,0.01,0.25398102043982745,240,740,840,870
2023-06-23,0.2964819967746734,-0.021822555344966355,0,0,0.46832244575844134,0.5316775542415586,0.5316775542415586,1.0,0.01,0.25398102043982745,240,740,840,870
2023-06-24,0.290012001991272,0.00797549076227888,1,0,0.4927287342060409,0.5072712657939591,0.5072712657939591,1.0,0.01,0.25398102043982745,240,740,840,870
2023-06-25,0.2923249900341034,-0.040950986965886615,0,0,0.4949417249480907,0.5050582750519093,0.5050582750519093,1.0,0.01,0.25398102043982745,240,740,840,870
2023-06-26,0.2803539931774139,0.021993662459250274,1,1,0.5152524407258262,0.4847475592741738,0.5152524407258262,1.0,0.01,0.25398102043982745,240,740,840,870
2023-06-27,0.2865200042724609,-0.06753806109746419,0,0,0.4895109174572898,0.5104890825427102,0.5104890825427102,1.0,0.01,0.25398102043982745,240,740,840,870
2023-06-28,0.2671689987182617,0.03142200791013283,1,1,0.558184254241911,0.441815745758089,0.558184254241911,1.0,0.01,0.25398102043982745,240,740,840,870
2023-06-29,0.2755639851093292,0.041340769314044845,1,0,0.4883208750958852,0.5116791249041148,0.5116791249041148,1.0,0.01,0.25398102043982745,240,740,840,870
2023-06-30,0.2869560122489929,0.018762451127604107,1,1,0.555930266154447,0.44406973384555304,0.555930266154447,1.0,0.01,0.25398102043982745,240,740,840,870
2023-07-01,0.2923400104045868,-0.000974890876548673,0,0,0.4484011529082048,0.5515988470917952,0.5515988470917952,1.0,0.01,0.25398102043982745,240,740,840,870
2023-07-02,0.2920550107955932,0.014572529475271878,1,0,0.4636431618101122,0.5363568381898878,0.5363568381898878,1.0,0.01,0.25398102043982745,240,740,840,870
2023-07-03,0.2963109910488128,-0.01247336321367154,0,0,0.462669168698248,0.537330831301752,0.537330831301752,1.0,0.01,0.25398102043982745,240,740,840,870
2023-07-04,0.292614996433258,-0.027831763003219212,0,0,0.4765757000844569,0.5234242999155432,0.5234242999155432,1.0,0.01,0.25398102043982745,240,740,840,870
2023-07-05,0.2844710052013397,-0.016771460356828527,0,0,0.4811936761685115,0.5188063238314885,0.5188063238314885,1.0,0.01,0.25398102043982745,240,740,840,870
2023-07-06,0.2797000110149383,0.017250610670552335,1,0,0.49160462893444945,0.5083953710655505,0.5083953710655505,1.0,0.01,0.25398102043982745,240,740,840,870
2023-07-07,0.2845250070095062,0.02153057350026044,1,0,0.458777211319797,0.541222788680203,0.541222788680203,1.0,0.01,0.25398102043982745,240,740,840,870
2023-07-08,0.2906509935855865,-0.020849762663995297,0,0,0.4587657263118023,0.5412342736881977,0.5412342736881977,1.0,0.01,0.25398102043982745,240,740,840,870
2023-07-09,0.2845909893512726,0.011946962752933832,1,0,0.47275895496775355,0.5272410450322464,0.5272410450322464,1.0,0.01,0.25398102043982745,240,740,840,870
2023-07-10,0.2879909873008728,0.016761019494847096,1,0,0.4792759500567803,0.5207240499432197,0.5207240499432197,1.0,0.01,0.25398102043982745,240,740,840,870
2023-07-11,0.292818009853363,-0.01386526799779575,0,0,0.4522735388466974,0.5477264611533026,0.5477264611533026,1.0,0.01,0.25398102043982745,240,740,840,870
2023-07-12,0.2887580096721649,0.23860806218444597,1,0,0.4733835948787902,0.5266164051212098,0.5266164051212098,1.0,0.01,0.25398102043982745,240,740,840,870
2023-07-13,0.3576579988002777,-0.08068320244019445,0,1,0.6774346838291396,0.32256531617086037,0.6774346838291396,1.0,0.01,0.25398102043982745,240,740,840,870
2023-07-14,0.3288010060787201,-0.00740877304087284,0,0,0.47992263067982843,0.5200773693201716,0.5200773693201716,1.0,0.01,0.25398102043982745,240,740,840,870
2023-07-15,0.3263649940490722,-0.035178365576378656,0,0,0.4473063713585979,0.5526936286414021,0.5526936286414021,1.0,0.01,0.25398102043982745,240,740,840,870
2023-07-16,0.3148840069770813,-0.0076059881765183635,0,0,0.49482564954529523,0.5051743504547048,0.5051743504547048,1.0,0.01,0.25398102043982745,240,740,840,870
2023-07-17,0.3124890029430389,-0.01628856758894337,0,0,0.47842162399481414,0.5215783760051859,0.5215783760051859,1.0,0.01,0.25398102043982745,240,740,840,870
2023-07-18,0.3073990046977997,0.05242045764454817,1,0,0.4938891743166707,0.5061108256833293,0.5061108256833293,1.0,0.01,0.25398102043982745,240,740,840,870
2023-07-19,0.323513001203537,-0.022935719388556652,0,0,0.47346051614595863,0.5265394838540414,0.5265394838540414,0.1,scale,0.2508740870617129,270,770,870,900
2023-07-20,0.3160929977893829,-0.008861319584802185,0,0,0.4698983167252148,0.5301016832747851,0.5301016832747851,0.1,scale,0.2508740870617129,270,770,870,900
2023-07-21,0.313291996717453,-0.011235467667269017,0,0,0.46921771200881146,0.5307822879911885,0.5307822879911885,0.1,scale,0.2508740870617129,270,770,870,900
2023-07-22,0.3097720146179199,0.02385940499261885,1,0,0.46951136731702614,0.5304886326829739,0.5304886326829739,0.1,scale,0.2508740870617129,270,770,870,900
2023-07-23,0.3171629905700683,-0.03737508250155219,0,0,0.46847232551315404,0.531527674486846,0.531527674486846,0.1,scale,0.2508740870617129,270,770,870,900
2023-07-24,0.305308997631073,-0.004231746493474242,0,0,0.4728368884505774,0.5271631115494226,0.5271631115494226,0.1,scale,0.2508740870617129,270,770,870,900
2023-07-25,0.3040170073509216,0.00863111278587314,1,0,0.4691162977880447,0.5308837022119552,0.5308837022119552,0.1,scale,0.2508740870617129,270,770,870,900
2023-07-26,0.306641012430191,0.002882838403310606,1,0,0.47025580285683993,0.52974419714316,0.52974419714316,0.1,scale,0.2508740870617129,270,770,870,900
2023-07-27,0.3075250089168548,0.008701667350368592,1,0,0.46765963032372015,0.5323403696762798,0.5323403696762798,0.1,scale,0.2508740870617129,270,770,870,900
2023-07-28,0.3102009892463684,0.008265650636808841,1,0,0.46710620616074344,0.5328937938392566,0.5328937938392566,0.1,scale,0.2508740870617129,270,770,870,900
2023-07-29,0.3127650022506714,0.009169813348741673,1,0,0.4673748250964633,0.5326251749035367,0.5326251749035367,0.1,scale,0.2508740870617129,270,770,870,900
2023-07-30,0.3156329989433288,-0.02580530089739419,0,0,0.46827809749546884,0.5317219025045312,0.5317219025045312,0.1,scale,0.2508740870617129,270,770,870,900
2023-07-31,0.3074879944324493,0.008010110893198474,1,0,0.46873549510716594,0.531264504892834,0.531264504892834,0.1,scale,0.2508740870617129,270,770,870,900
2023-08-01,0.3099510073661804,-0.034076361772768515,0,0,0.46907736446368664,0.5309226355363134,0.5309226355363134,0.1,scale,0.2508740870617129,270,770,870,900
2023-08-02,0.2993890047073364,-0.02275641191547395,0,0,0.46971773639564396,0.530282263604356,0.530282263604356,0.1,scale,0.2508740870617129,270,770,870,900
2023-08-03,0.2925759851932525,0.0027754290139747617,1,0,0.4715495477007284,0.5284504522992717,0.5284504522992717,0.1,scale,0.2508740870617129,270,770,870,900
2023-08-04,0.2933880090713501,0.0008213750098025052,1,0,0.468625635868369,0.5313743641316311,0.5313743641316311,0.1,scale,0.2508740870617129,270,770,870,900
2023-08-05,0.293628990650177,-0.005268481654604473,0,0,0.46821516353242937,0.5317848364675706,0.5317848364675706,0.1,scale,0.2508740870617129,270,770,870,900
2023-08-06,0.2920820116996765,-0.006114801003933801,0,0,0.46881800583377387,0.5311819941662261,0.5311819941662261,0.1,scale,0.2508740870617129,270,770,870,900
2023-08-07,0.2902959883213043,0.025660020715107423,1,0,0.471231832938424,0.528768167061576,0.528768167061576,0.1,scale,0.2508740870617129,270,770,870,900
2023-08-08,0.2977449893951416,0.011402445322953536,1,0,0.46807735313346815,0.5319226468665319,0.5319226468665319,0.1,scale,0.2508740870617129,270,770,870,900
2023-08-09,0.3011400103569031,-0.016636808924901603,0,0,0.46783197958626993,0.53216802041373,0.53216802041373,0.1,scale,0.2508740870617129,270,770,870,900
2023-08-10,0.2961300015449524,-0.009050091611974231,0,0,0.4683771146430969,0.5316228853569032,0.5316228853569032,0.1,scale,0.2508740870617129,270,770,870,900
2023-08-11,0.2934499979019165,-0.005496647149843992,0,0,0.46818949748620076,0.5318105025137992,0.5318105025137992,0.1,scale,0.2508740870617129,270,770,870,900
2023-08-12,0.2918370068073272,-0.007901719951901587,0,0,0.4687233308054036,0.5312766691945964,0.5312766691945964,0.1,scale,0.2508740870617129,270,770,870,900
2023-08-13,0.2895309925079345,0.0037301925837114336,1,0,0.46990664217671013,0.5300933578232898,0.5300933578232898,0.1,scale,0.2508740870617129,270,770,870,900
2023-08-14,0.2906109988689422,-0.030260415881513736,0,0,0.4689467725205305,0.5310532274794695,0.5310532274794695,0.1,scale,0.2508740870617129,270,770,870,900
2023-08-15,0.2818169891834259,-0.025850105470384577,0,0,0.47205846621933006,0.5279415337806699,0.5279415337806699,0.1,scale,0.2508740870617129,270,770,870,900
2023-08-16,0.2745319902896881,-0.06765695824850071,0,0,0.47229504217729096,0.5277049578227091,0.5277049578227091,0.1,scale,0.2508740870617129,270,770,870,900
2023-08-17,0.2559579908847809,0.03099728998867679,1,0,0.4784537597028748,0.5215462402971252,0.5215462402971252,0.1,scale,0.2508740870617129,270,770,870,900
2023-08-18,0.2638919949531555,0.016999358310221258,1,0,0.4464394675297835,0.5535605324702165,0.5535605324702165,1.0,0.1,0.24886599261348308,300,800,900,930
2023-08-19,0.2683779895305633,0.00868557981208995,1,0,0.4372719427356614,0.5627280572643386,0.5627280572643386,1.0,0.1,0.24886599261348308,300,800,900,930
2023-08-20,0.2707090079784393,-0.027815859702336576,0,0,0.4571213180421298,0.5428786819578701,0.5428786819578701,1.0,0.1,0.24886599261348308,300,800,900,930
2023-08-21,0.2631790041923523,-0.01828799176339413,0,0,0.4762378319616919,0.5237621680383081,0.5237621680383081,1.0,0.1,0.24886599261348308,300,800,900,930
2023-08-22,0.2583659887313843,0.03715272378792167,1,0,0.4608971233663882,0.5391028766336118,0.5391028766336118,1.0,0.1,0.24886599261348308,300,800,900,930
2023-08-23,0.2679649889469147,-0.007765853931968381,0,0,0.4326575724587252,0.5673424275412748,0.5673424275412748,1.0,0.1,0.24886599261348308,300,800,900,930
2023-08-24,0.2658840119838714,-0.018068085868578998,0,0,0.4508003683598431,0.5491996316401568,0.5491996316401568,1.0,0.1,0.24886599261348308,300,800,900,930
2023-08-25,0.2610799968242645,-0.0004863938150707625,0,0,0.4653308101572634,0.5346691898427366,0.5346691898427366,1.0,0.1,0.24886599261348308,300,800,900,930
2023-08-26,0.2609530091285705,0.009553421431614195,1,0,0.4377137321076506,0.5622862678923495,0.5622862678923495,1.0,0.1,0.24886599261348308,300,800,900,930
2023-08-27,0.2634460031986236,0.015137818459529884,1,0,0.44191595498408043,0.5580840450159196,0.5580840450159196,1.0,0.1,0.24886599261348308,300,800,900,930
2023-08-28,0.2674340009689331,0.018752237118764725,1,0,0.4423154538460215,0.5576845461539786,0.5576845461539786,1.0,0.1,0.24886599261348308,300,800,900,930
2023-08-29,0.2724489867687225,-0.024940408806905956,0,0,0.4696763956626005,0.5303236043373996,0.5303236043373996,1.0,0.1,0.24886599261348308,300,800,900,930
2023-08-30,0.2656539976596832,-0.038700703364610844,0,0,0.45509132271259267,0.5449086772874073,0.5449086772874073,1.0,0.1,0.24886599261348308,300,800,900,930
2023-08-31,0.2553730010986328,-0.0007361508413687989,0,0,0.4727929179296213,0.5272070820703787,0.5272070820703787,1.0,0.1,0.24886599261348308,300,800,900,930
2023-09-01,0.2551850080490112,0.004095023607348924,1,0,0.450609789780644,0.549390210219356,0.549390210219356,1.0,0.1,0.24886599261348308,300,800,900,930
2023-09-02,0.2562299966812134,-0.0017054656317794237,0,0,0.44280908841761246,0.5571909115823875,0.5571909115823875,1.0,0.1,0.24886599261348308,300,800,900,930
2023-09-03,0.2557930052280426,0.0013800553629974566,1,0,0.4473503116265692,0.5526496883734309,0.5526496883734309,1.0,0.1,0.24886599261348308,300,800,900,930
2023-09-04,0.2561460137367248,0.0057310007383504225,1,0,0.4471478259896705,0.5528521740103295,0.5528521740103295,1.0,0.1,0.24886599261348308,300,800,900,930
2023-09-05,0.2576139867305755,0.00020580532990677192,1,0,0.4404009541557924,0.5595990458442076,0.5595990458442076,1.0,0.1,0.24886599261348308,300,800,900,930
2023-09-06,0.2576670050621032,0.0002056473206284437,1,0,0.43788808498644705,0.562111915013553,0.562111915013553,1.0,0.1,0.24886599261348308,300,800,900,930
2023-09-07,0.2577199935913086,-0.012998563308774802,0,0,0.4342231238554616,0.5657768761445384,0.5657768761445384,1.0,0.1,0.24886599261348308,300,800,900,930
2023-09-08,0.2543700039386749,-0.0034516892961782286,0,0,0.4413007253085613,0.5586992746914388,0.5586992746914388,1.0,0.1,0.24886599261348308,300,800,900,930
2023-09-09,0.253491997718811,-0.01751532487320362,0,0,0.4382792291829728,0.5617207708170272,0.5617207708170272,1.0,0.1,0.24886599261348308,300,800,900,930
2023-09-10,0.2490520030260086,-0.02882533305068946,0,0,0.45609493642022025,0.5439050635797797,0.5439050635797797,1.0,0.1,0.24886599261348308,300,800,900,930
2023-09-11,0.2418729960918426,0.016525193536498728,1,0,0.43950773920568836,0.5604922607943117,0.5604922607943117,1.0,0.1,0.24886599261348308,300,800,900,930
2023-09-12,0.2458699941635131,0.012258564455781329,1,0,0.4239517527446397,0.5760482472553603,0.5760482472553603,1.0,0.1,0.24886599261348308,300,800,900,930
2023-09-13,0.2488840073347091,0.009229195244278454,1,0,0.4276877936642363,0.5723122063357637,0.5723122063357637,1.0,0.1,0.24886599261348308,300,800,900,930
2023-09-14,0.2511810064315796,-0.0021419665989419467,0,0,0.43845100009712074,0.5615489999028793,0.5615489999028793,1.0,0.1,0.24886599261348308,300,800,900,930
2023-09-15,0.2506429851055145,-0.0008257846470165475,0,0,0.4407307278898249,0.5592692721101751,0.5592692721101751,1.0,0.1,0.24886599261348308,300,800,900,930
2023-09-16,0.250436007976532,-0.01245829286282285,0,0,0.43727237731598456,0.5627276226840154,0.5627276226840154,1.0,0.1,0.24886599261348308,300,800,900,930
2023-09-17,0.2473160028457641,0.017900119394380853,1,0,0.49252016360730094,0.5074798363926991,0.5074798363926991,0.1,scale,0.25260236449450746,330,830,930,960
2023-09-18,0.2517429888248443,0.013970605035365402,1,0,0.48730829392957936,0.5126917060704206,0.5126917060704206,0.1,scale,0.25260236449450746,330,830,930,960
2023-09-19,0.2552599906921386,-0.014220726333270206,0,0,0.48965890358129266,0.5103410964187074,0.5103410964187074,0.1,scale,0.25260236449450746,330,830,930,960
2023-09-20,0.2516300082206726,-0.024540043693806135,0,0,0.49029557517275235,0.5097044248272476,0.5097044248272476,0.1,scale,0.25260236449450746,330,830,930,960
2023-09-21,0.2454549968242645,-0.0021714760002393696,0,0,0.464006135980307,0.5359938640196931,0.5359938640196931,0.1,scale,0.25260236449450746,330,830,930,960
2023-09-22,0.2449219971895218,0.004944441426082857,1,0,0.4881012867642585,0.5118987132357415,0.5118987132357415,0.1,scale,0.25260236449450746,330,830,930,960
2023-09-23,0.2461329996585846,-0.012623241992562373,0,0,0.49007367964626475,0.5099263203537352,0.5099263203537352,0.1,scale,0.25260236449450746,330,830,930,960
2023-09-24,0.243026003241539,0.011747725930623565,1,0,0.48991732476897787,0.5100826752310221,0.5100826752310221,0.1,scale,0.25260236449450746,330,830,930,960
2023-09-25,0.2458810061216354,-0.0019765714318612515,0,0,0.4823838508072295,0.5176161491927704,0.5176161491927704,0.1,scale,0.25260236449450746,330,830,930,960
2023-09-26,0.2453950047492981,-0.0024613527420762615,0,0,0.490695337014392,0.509304662985608,0.509304662985608,0.1,scale,0.25260236449450746,330,830,930,960
2023-09-27,0.2447910010814666,0.01768445704271948,1,0,0.4915391012491288,0.5084608987508712,0.5084608987508712,0.1,scale,0.25260236449450746,330,830,930,960
2023-09-28,0.2491199970245361,0.001669860798078071,1,0,0.488952940021091,0.511047059978909,0.511047059978909,0.1,scale,0.25260236449450746,330,830,930,960
2023-09-29,0.2495359927415847,0.018077607071793844,1,0,0.4870771799420372,0.5129228200579627,0.5129228200579627,0.1,scale,0.25260236449450746,330,830,930,960
2023-09-30,0.2540470063686371,0.04663704895228449,1,0,0.48345509876210074,0.5165449012378993,0.5165449012378993,0.1,scale,0.25260236449450746,330,830,930,960
2023-10-01,0.2658950090408325,-0.024002023771468983,0,0,0.4609629215077066,0.5390370784922933,0.5390370784922933,0.1,scale,0.25260236449450746,330,830,930,960
2023-10-02,0.2595129907131195,0.0058378621217203275,1,0,0.47438502487895545,0.5256149751210446,0.5256149751210446,0.1,scale,0.25260236449450746,330,830,930,960
2023-10-03,0.261027991771698,-0.006562429855025753,0,0,0.4804538955750178,0.5195461044249823,0.5195461044249823,0.1,scale,0.25260236449450746,330,830,930,960
2023-10-04,0.259315013885498,0.0032161199507929616,1,0,0.4809710648317724,0.5190289351682276,0.5190289351682276,0.1,scale,0.25260236449450746,330,830,930,960
2023-10-05,0.2601490020751953,0.01815502811727865,1,0,0.4774092699348951,0.5225907300651049,0.5225907300651049,0.1,scale,0.25260236449450746,330,830,930,960
2023-10-06,0.2648720145225525,-0.023169731413211436,0,0,0.4740986349760786,0.5259013650239214,0.5259013650239214,0.1,scale,0.25260236449450746,330,830,930,960
2023-10-07,0.2587350010871887,-0.008139644443154626,0,0,0.4762707059632796,0.5237292940367204,0.5237292940367204,0.1,scale,0.25260236449450746,330,830,930,960
2023-10-08,0.2566289901733398,-0.019432728218658823,0,0,0.4812864033809695,0.5187135966190305,0.5187135966190305,0.1,scale,0.25260236449450746,330,830,930,960
2023-10-09,0.2516419887542724,-0.009938706993992241,0,0,0.47161519171040733,0.5283848082895927,0.5283848082895927,0.1,scale,0.25260236449450746,330,830,930,960
2023-10-10,0.2491409927606582,-0.004575716036699262,0,0,0.4846327755721646,0.5153672244278353,0.5153672244278353,0.1,scale,0.25260236449450746,330,830,930,960
2023-10-11,0.2480009943246841,-0.008383011182134803,0,0,0.4848442009658547,0.5151557990341453,0.5151557990341453,0.1,scale,0.25260236449450746,330,830,930,960
2023-10-12,0.2459219992160797,0.0009108345564037279,1,0,0.48649342159276593,0.5135065784072341,0.5135065784072341,0.1,scale,0.25260236449450746,330,830,930,960
2023-10-13,0.2461459934711456,0.003514225013799832,1,0,0.48760815189046064,0.5123918481095393,0.5123918481095393,0.1,scale,0.25260236449450746,330,830,930,960
2023-10-14,0.2470110058784485,0.0013966652325188011,1,0,0.4882338761445724,0.5117661238554276,0.5117661238554276,0.1,scale,0.25260236449450746,330,830,930,960
2023-10-15,0.2473559975624084,0.017007936249757494,1,0,0.4900095183038598,0.5099904816961403,0.5099904816961403,0.1,scale,0.25260236449450746,330,830,930,960
2023-10-16,0.251563012599945,-0.01768150043821537,0,0,0.4652049567206239,0.5347950432793761,0.5347950432793761,0.1,scale,0.25260236449450746,330,830,930,960
2023-10-17,0.2471150010824203,-0.014819031830650364,0,0,0.474376046440691,0.525623953559309,0.525623953559309,1.0,scale,0.2500954926995099,360,860,960,990
2023-10-18,0.2434529960155487,0.014253279531081464,1,0,0.47529418011876445,0.5247058198812355,0.5247058198812355,1.0,scale,0.2500954926995099,360,860,960,990
2023-10-19,0.2469229996204376,0.01707010714439594,1,0,0.4781030848877051,0.521896915112295,0.521896915112295,1.0,scale,0.2500954926995099,360,860,960,990
2023-10-20,0.2511380016803741,0.029653036451708248,1,0,0.47771782055841644,0.5222821794415835,0.5222821794415835,1.0,scale,0.2500954926995099,360,860,960,990
2023-10-21,0.2585850059986114,0.019289536438678923,1,0,0.4741823622261847,0.5258176377738153,0.5258176377738153,1.0,scale,0.2500954926995099,360,860,960,990
2023-10-22,0.2635729908943176,0.06214975008033652,1,0,0.4720053754528151,0.5279946245471849,0.5279946245471849,1.0,scale,0.2500954926995099,360,860,960,990
2023-10-23,0.2799539864063263,-0.0034326208307551287,0,0,0.45800138764513787,0.5419986123548621,0.5419986123548621,1.0,scale,0.2500954926995099,360,860,960,990
2023-10-24,0.278993010520935,0.005602229226833622,1,0,0.46471191561559494,0.535288084384405,0.535288084384405,1.0,scale,0.2500954926995099,360,860,960,990
2023-10-25,0.2805559933185577,0.024009504246753632,1,0,0.46867766082434414,0.5313223391756559,0.5313223391756559,1.0,scale,0.2500954926995099,360,860,960,990
2023-10-26,0.2872920036315918,0.007574129245885963,1,0,0.4670101227837903,0.5329898772162097,0.5329898772162097,1.0,scale,0.2500954926995099,360,860,960,990
2023-10-27,0.289467990398407,0.006156121312056451,1,0,0.4701580130906947,0.5298419869093053,0.5298419869093053,1.0,scale,0.2500954926995099,360,860,960,990
2023-10-28,0.2912499904632568,0.013847208271835942,1,0,0.46998073517908084,0.5300192648209192,0.5300192648209192,1.0,scale,0.2500954926995099,360,860,960,990
2023-10-29,0.2952829897403717,0.025233413668658944,1,0,0.46945302264267236,0.5305469773573277,0.5305469773573277,1.0,scale,0.2500954926995099,360,860,960,990
2023-10-30,0.3027339875698089,-0.031800144653505225,0,0,0.4685017028348439,0.5314982971651561,0.5314982971651561,1.0,scale,0.2500954926995099,360,860,960,990
2023-10-31,0.2931070029735565,0.04896503206545488,1,0,0.46436813789347553,0.5356318621065245,0.5356318621065245,1.0,scale,0.2500954926995099,360,860,960,990
2023-11-01,0.3074589967727661,0.051008412451684526,1,0,0.46061000744160685,0.5393899925583931,0.5393899925583931,1.0,scale,0.2500954926995099,360,860,960,990
2023-11-02,0.3231419920921325,0.018193286153838306,1,0,0.4572176017099117,0.5427823982900883,0.5427823982900883,1.0,scale,0.2500954926995099,360,860,960,990
2023-11-03,0.329021006822586,-0.00145587277956305,0,0,0.4614335075083346,0.5385664924916653,0.5385664924916653,1.0,scale,0.2500954926995099,360,860,960,990
2023-11-04,0.3285419940948486,0.04361087223921545,1,0,0.46291991049530157,0.5370800895046984,0.5370800895046984,1.0,scale,0.2500954926995099,360,860,960,990
2023-11-05,0.3428699970245361,0.05990026083008071,1,0,0.4545436501909243,0.5454563498090756,0.5454563498090756,1.0,scale,0.2500954926995099,360,860,960,990
2023-11-06,0.3634079992771148,-0.0325722208613467,0,0,0.4570517570045173,0.5429482429954827,0.5429482429954827,1.0,scale,0.2500954926995099,360,860,960,990
2023-11-07,0.3515709936618805,0.019282065888402533,1,0,0.45323784309796084,0.5467621569020391,0.5467621569020391,1.0,scale,0.2500954926995099,360,860,960,990
2023-11-08,0.35835000872612,0.027863819316179095,1,0,0.46144034233449627,0.5385596576655037,0.5385596576655037,1.0,scale,0.2500954926995099,360,860,960,990
2023-11-09,0.3683350086212158,0.04852915284977932,1,0,0.45104616103397455,0.5489538389660255,0.5489538389660255,1.0,scale,0.2500954926995099,360,860,960,990
2023-11-10,0.3862099945545196,-0.004261884178763942,0,0,0.46200346713817536,0.5379965328618246,0.5379965328618246,1.0,scale,0.2500954926995099,360,860,960,990
2023-11-11,0.3845640122890472,-0.0030710269131785095,0,0,0.4576625973896679,0.542337402610332,0.542337402610332,1.0,scale,0.2500954926995099,360,860,960,990
2023-11-12,0.3833830058574676,-0.06512546952981679,0,0,0.46147795652391077,0.5385220434760892,0.5385220434760892,1.0,scale,0.2500954926995099,360,860,960,990
2023-11-13,0.3584150075912475,-0.001520569892333512,0,0,0.4539587381117053,0.5460412618882947,0.5460412618882947,1.0,scale,0.2500954926995099,360,860,960,990
2023-11-14,0.3578700125217438,0.059859719981262494,1,0,0.46016608515223206,0.539833914847768,0.539833914847768,1.0,scale,0.2500954926995099,360,860,960,990
2023-11-15,0.3792920112609863,-0.01984225887032598,0,0,0.463222697572676,0.536777302427324,0.536777302427324,1.0,scale,0.2500954926995099,360,860,960,990
2023-11-16,0.3717660009860992,-0.013871612391364474,0,0,0.47996598362549997,0.5200340163745001,0.5200340163745001,0.1,scale,0.2520203686549618,390,890,990,1020
2023-11-17,0.3666090071201324,0.03023658284203945,1,0,0.49244649334673224,0.5075535066532677,0.5075535066532677,0.1,scale,0.2520203686549618,390,890,990,1020
2023-11-18,0.3776940107345581,0.01808604351760401,1,0,0.49176099001989293,0.5082390099801071,0.5082390099801071,0.1,scale,0.2520203686549618,390,890,990,1020
2023-11-19,0.3845250010490417,-0.00999417323037255,0,0,0.4908113689151379,0.5091886310848621,0.5091886310848621,0.1,scale,0.2520203686549618,390,890,990,1020
2023-11-20,0.3806819915771484,-0.057924927475236254,0,0,0.4867688942203459,0.5132311057796541,0.5132311057796541,0.1,scale,0.2520203686549618,390,890,990,1020
2023-11-21,0.3586310148239136,0.06142520230752746,1,0,0.4873493573733604,0.5126506426266396,0.5126506426266396,0.1,scale,0.2520203686549618,390,890,990,1020
2023-11-22,0.3806599974632263,0.01580150992379914,1,0,0.4947244066508224,0.5052755933491776,0.5052755933491776,0.1,scale,0.2520203686549618,390,890,990,1020
2023-11-23,0.3866750001907348,-0.001194790460790296,0,0,0.4930256701479028,0.5069743298520972,0.5069743298520972,0.1,scale,0.2520203686549618,390,890,990,1020
2023-11-24,0.3862130045890808,0.022262325993710474,1,0,0.486912852244871,0.513087147755129,0.513087147755129,0.1,scale,0.2520203686549618,390,890,990,1020
2023-11-25,0.3948110044002533,-0.016782738746521142,0,0,0.49397759622944837,0.5060224037705516,0.5060224037705516,0.1,scale,0.2520203686549618,390,890,990,1020
2023-11-26,0.3881849944591522,-0.02531268504813755,0,0,0.4908899515343539,0.5091100484656461,0.5091100484656461,0.1,scale,0.2520203686549618,390,890,990,1020
2023-11-27,0.3783589899539947,0.01920134509371385,1,0,0.4898846112376571,0.5101153887623429,0.5101153887623429,0.1,scale,0.2520203686549618,390,890,990,1020
2023-11-28,0.3856239914894104,-0.009978597142957568,0,0,0.4900942579490762,0.5099057420509239,0.5099057420509239,0.1,scale,0.2520203686549618,390,890,990,1020
2023-11-29,0.3817760050296783,-0.015404350741205497,0,0,0.49219870823697615,0.5078012917630239,0.5078012917630239,0.1,scale,0.2520203686549618,390,890,990,1020
2023-11-30,0.3758949935436249,0.022099283252132285,1,0,0.4913510042081888,0.5086489957918112,0.5086489957918112,0.1,scale,0.2520203686549618,390,890,990,1020
2023-12-01,0.3842020034790039,0.035387629851190594,1,0,0.4950661903344749,0.5049338096655251,0.5049338096655251,0.1,scale,0.2520203686549618,390,890,990,1020
2023-12-02,0.3977980017662048,-0.006644048353424692,0,0,0.49366283349483675,0.5063371665051632,0.5063371665051632,0.1,scale,0.2520203686549618,390,890,990,1020
2023-12-03,0.3951550126075744,0.029497250287008336,1,0,0.49152101818841104,0.5084789818115889,0.5084789818115889,0.1,scale,0.2520203686549618,390,890,990,1020
2023-12-04,0.406810998916626,0.046328611389981456,1,0,0.484351814236009,0.515648185763991,0.515648185763991,0.1,scale,0.2520203686549618,390,890,990,1020
2023-12-05,0.4256579875946045,0.039346168990875174,1,0,0.48821550888273263,0.5117844911172673,0.5117844911172673,0.1,scale,0.2520203686549618,390,890,990,1020
2023-12-06,0.4424059987068176,0.03170394623475259,1,0,0.48098206226950957,0.5190179377304904,0.5190179377304904,0.1,scale,0.2520203686549618,390,890,990,1020
2023-12-07,0.4564320147037506,0.19606208608022935,1,0,0.486351899458979,0.513648100541021,0.513648100541021,0.1,scale,0.2520203686549618,390,890,990,1020
2023-12-08,0.5459210276603699,0.059860236367695885,1,0,0.48237432900749944,0.5176256709925006,0.5176256709925006,0.1,scale,0.2520203686549618,390,890,990,1020
2023-12-09,0.5785999894142151,0.02688389981268724,1,0,0.4838884992627339,0.5161115007372661,0.5161115007372661,0.1,scale,0.2520203686549618,390,890,990,1020
2023-12-10,0.5941550135612488,-0.07259727292617668,0,0,0.48554434777921013,0.5144556522207899,0.5144556522207899,0.1,scale,0.2520203686549618,390,890,990,1020
2023-12-11,0.5510209798812866,0.04607090540875869,1,0,0.4852768779968478,0.5147231220031522,0.5147231220031522,0.1,scale,0.2520203686549618,390,890,990,1020
2023-12-12,0.5764070153236389,0.1541219408914012,1,0,0.4873779034810769,0.5126220965189231,0.5126220965189231,0.1,scale,0.2520203686549618,390,890,990,1020
2023-12-13,0.6652439832687378,-0.03271883323110181,0,0,0.4839971277081764,0.5160028722918236,0.5160028722918236,0.1,scale,0.2520203686549618,390,890,990,1020
2023-12-14,0.6434779763221741,-0.0653790387697254,0,0,0.48655343561211234,0.5134465643878876,0.5134465643878876,0.1,scale,0.2520203686549618,390,890,990,1020
2023-12-15,0.6014080047607422,0.010310752717158644,1,0,0.4902324891486726,0.5097675108513273,0.5097675108513273,0.1,scale,0.2520203686549618,390,890,990,1020
2023-12-16,0.60760897397995,-0.0449219721390659,0,1,0.5193563346880841,0.48064366531191594,0.5193563346880841,1.0,0.01,0.2510027533624033,420,920,1020,1050
2023-12-17,0.5803139805793762,0.035703071871116654,1,1,0.5219741685035331,0.47802583149646694,0.5219741685035331,1.0,0.01,0.2510027533624033,420,920,1020,1050
2023-12-18,0.6010329723358154,-0.04065160864210016,0,1,0.5216383619184667,0.4783616380815333,0.5216383619184667,1.0,0.01,0.2510027533624033,420,920,1020,1050
2023-12-19,0.5766000151634216,0.0220759430966897,1,1,0.5221422640638328,0.4778577359361672,0.5221422640638328,1.0,0.01,0.2510027533624033,420,920,1020,1050
2023-12-20,0.5893290042877197,0.08020986518058515,1,1,0.5202258197311488,0.4797741802688512,0.5202258197311488,1.0,0.01,0.2510027533624033,420,920,1020,1050
2023-12-21,0.6365990042686462,-0.019451780600258872,0,1,0.5191771769446446,0.4808228230553554,0.5191771769446446,1.0,0.01,0.2510027533624033,420,920,1020,1050
2023-12-22,0.6242160201072693,-0.015488216066925853,0,1,0.5198309150386363,0.4801690849613637,0.5198309150386363,1.0,0.01,0.2510027533624033,420,920,1020,1050
2023-12-23,0.6145480275154114,-0.033509255940964544,0,1,0.5182070665736096,0.4817929334263904,0.5182070665736096,1.0,0.01,0.2510027533624033,420,920,1020,1050
2023-12-24,0.5939549803733826,0.05348216356372881,1,1,0.5233362595179213,0.4766637404820787,0.5233362595179213,1.0,0.01,0.2510027533624033,420,920,1020,1050
2023-12-25,0.6257209777832031,-0.0270439983173707,0,1,0.5173982347114202,0.4826017652885798,0.5173982347114202,1.0,0.01,0.2510027533624033,420,920,1020,1050
2023-12-26,0.6087989807128906,0.0406308938988551,1,1,0.5220349760660183,0.47796502393398166,0.5220349760660183,1.0,0.01,0.2510027533624033,420,920,1020,1050
2023-12-27,0.6335350275039673,-0.025433546894642722,0,1,0.5176972300088037,0.48230276999119626,0.5176972300088037,1.0,0.01,0.2510027533624033,420,920,1020,1050
2023-12-28,0.6174219846725464,-0.014460127997720118,0,1,0.5212489346134576,0.47875106538654244,0.5212489346134576,1.0,0.01,0.2510027533624033,420,920,1020,1050
2023-12-29,0.608493983745575,-0.010731390996132295,0,1,0.5184223687242238,0.48157763127577624,0.5184223687242238,1.0,0.01,0.2510027533624033,420,920,1020,1050
2023-12-30,0.601963996887207,-0.012889433702204522,0,1,0.5185179857898279,0.4814820142101721,0.5185179857898279,1.0,0.01,0.2510027533624033,420,920,1020,1050
2023-12-31,0.5942050218582153,0.048644783193197094,1,1,0.5206188210132514,0.4793811789867486,0.5206188210132514,1.0,0.01,0.2510027533624033,420,920,1020,1050
2024-01-01,0.6231099963188171,-0.027993454403465234,0,1,0.5145071930136258,0.4854928069863742,0.5145071930136258,1.0,0.01,0.2510027533624033,420,920,1020,1050
2024-01-02,0.605666995048523,-0.07988048110665003,0,1,0.5193361960817608,0.48066380391823915,0.5193361960817608,1.0,0.01,0.2510027533624033,420,920,1020,1050
2024-01-03,0.5572860240936279,0.02383154639695695,1,1,0.5236516450761672,0.47634835492383276,0.5236516450761672,1.0,0.01,0.2510027533624033,420,920,1020,1050
2024-01-04,0.5705670118331909,-0.05139625632774458,0,1,0.5153522161160365,0.48464778388396346,0.5153522161160365,1.0,0.01,0.2510027533624033,420,920,1020,1050
2024-01-05,0.5412420034408569,-0.03351366780852316,0,1,0.5204477890015835,0.4795522109984165,0.5204477890015835,1.0,0.01,0.2510027533624033,420,920,1020,1050
2024-01-06,0.5231029987335205,-0.05530267500374875,0,1,0.5194208090340249,0.4805791909659751,0.5194208090340249,1.0,0.01,0.2510027533624033,420,920,1020,1050
2024-01-07,0.4941740036010742,0.09462656726729568,1,1,0.5222142933719552,0.47778570662804476,0.5222142933719552,1.0,0.01,0.2510027533624033,420,920,1020,1050
2024-01-08,0.5409359931945801,-0.05436685986292611,0,1,0.5181258701280241,0.48187412987197586,0.5181258701280241,1.0,0.01,0.2510027533624033,420,920,1020,1050
2024-01-09,0.5115270018577576,0.1077557804422955,1,1,0.5194363597512683,0.48056364024873166,0.5194363597512683,1.0,0.01,0.2510027533624033,420,920,1020,1050
2024-01-10,0.5666469931602478,0.027410392963574726,1,1,0.5163306456434492,0.4836693543565508,0.5163306456434492,1.0,0.01,0.2510027533624033,420,920,1020,1050
2024-01-11,0.5821790099143982,-0.05985445581259918,0,1,0.5156100089528307,0.4843899910471693,0.5156100089528307,1.0,0.01,0.2510027533624033,420,920,1020,1050
2024-01-12,0.5473330020904541,0.00365958946386713,1,1,0.5175681443216361,0.4824318556783639,0.5175681443216361,1.0,0.01,0.2510027533624033,420,920,1020,1050
2024-01-13,0.5493360161781311,-0.042514975322604065,0,1,0.5158147945269904,0.4841852054730096,0.5158147945269904,1.0,0.01,0.2510027533624033,420,920,1020,1050
2024-01-14,0.5259810090065002,0.00414459883662488,1,1,0.5200354517019105,0.47996454829808954,0.5200354517019105,1.0,0.01,0.2510027533624033,420,920,1020,1050
2024-01-15,0.5281609892845154,0.01422864121052636,1,0,0.4974192342580642,0.5025807657419358,0.5025807657419358,1.0,scale,0.24998047588074906,450,950,1050,1080
2024-01-16,0.5356760025024414,-0.01614226620402104,0,0,0.49300768356660324,0.5069923164333967,0.5069923164333967,1.0,scale,0.24998047588074906,450,950,1050,1080
2024-01-17,0.5270289778709412,-0.047729725101981146,0,1,0.5146321845555083,0.4853678154444917,0.5146321845555083,1.0,scale,0.24998047588074906,450,950,1050,1080
2024-01-18,0.5018740296363831,0.0025444032451593657,1,1,0.5582624878497947,0.4417375121502053,0.5582624878497947,1.0,scale,0.24998047588074906,450,950,1050,1080
2024-01-19,0.503150999546051,0.02355951384314081,1,1,0.5192078559957274,0.4807921440042726,0.5192078559957274,1.0,scale,0.24998047588074906,450,950,1050,1080
2024-01-20,0.5150049924850464,-0.023106587117419974,0,0,0.48416436550238645,0.5158356344976136,0.5158356344976136,1.0,scale,0.24998047588074906,450,950,1050,1080
2024-01-21,0.5031049847602844,-0.04890227719238016,0,1,0.513725651234217,0.486274348765783,0.513725651234217,1.0,scale,0.24998047588074906,450,950,1050,1080
2024-01-22,0.4785020053386688,-0.003663521543500914,0,1,0.5529464618289953,0.4470535381710047,0.5529464618289953,1.0,scale,0.24998047588074906,450,950,1050,1080
2024-01-23,0.4767490029335022,-0.0009501756637259051,0,1,0.5212485089036417,0.4787514910963583,0.5212485089036417,1.0,scale,0.24998047588074906,450,950,1050,1080
2024-01-24,0.4762960076332092,-0.020611141068720418,0,0,0.49533456445595936,0.5046654355440406,0.5046654355440406,1.0,scale,0.24998047588074906,450,950,1050,1080
2024-01-25,0.4664790034294128,0.04033410002965665,1,1,0.5028591662592138,0.4971408337407862,0.5028591662592138,1.0,scale,0.24998047588074906,450,950,1050,1080
2024-01-26,0.4852940142154693,0.0021162182087497428,1,0,0.4670430281301576,0.5329569718698424,0.5329569718698424,1.0,scale,0.24998047588074906,450,950,1050,1080
2024-01-27,0.4863210022449493,0.006987156997773969,1,0,0.4793617159415653,0.5206382840584347,0.5206382840584347,1.0,scale,0.24998047588074906,450,950,1050,1080
2024-01-28,0.4897190034389496,0.07260487810458982,1,0,0.481038833709599,0.518961166290401,0.518961166290401,1.0,scale,0.24998047588074906,450,950,1050,1080
2024-01-29,0.5252749919891357,-0.02115084085925556,0,0,0.4716312203397295,0.5283687796602705,0.5283687796602705,1.0,scale,0.24998047588074906,450,950,1050,1080
2024-01-30,0.5141649842262268,-0.03094140367021303,0,1,0.5134528808647467,0.4865471191352533,0.5134528808647467,1.0,scale,0.24998047588074906,450,950,1050,1080
2024-01-31,0.4982559978961944,0.017595330545197463,1,1,0.513202922103332,0.48679707789666804,0.513202922103332,1.0,scale,0.24998047588074906,450,950,1050,1080
2024-02-01,0.5070229768753052,0.01367788194206887,1,0,0.4920318798556788,0.5079681201443211,0.5079681201443211,1.0,scale,0.24998047588074906,450,950,1050,1080
2024-02-02,0.5139579772949219,-0.0021343454735732736,0,1,0.5033108098798207,0.4966891901201793,0.5033108098798207,1.0,scale,0.24998047588074906,450,950,1050,1080
2024-02-03,0.5128610134124756,-0.036276931051394845,0,1,0.5040788315011182,0.4959211684988818,0.5040788315011182,1.0,scale,0.24998047588074906,450,950,1050,1080
2024-02-04,0.4942559897899627,-0.0018532990997184307,0,1,0.5203353743059285,0.47966462569407153,0.5203353743059285,1.0,scale,0.24998047588074906,450,950,1050,1080
2024-02-05,0.4933399856090545,0.010384358389519566,1,1,0.501930363559048,0.49806963644095203,0.501930363559048,1.0,scale,0.24998047588074906,450,950,1050,1080
2024-02-06,0.4984630048274994,0.006640402404858303,1,0,0.4930388026302321,0.5069611973697679,0.5069611973697679,1.0,scale,0.24998047588074906,450,950,1050,1080
2024-02-07,0.5017729997634888,0.0547976480913015,1,1,0.5228447430833768,0.4771552569166232,0.5228447430833768,1.0,scale,0.24998047588074906,450,950,1050,1080
2024-02-08,0.5292689800262451,0.02177155431626887,1,1,0.5100785654209925,0.4899214345790075,0.5100785654209925,1.0,scale,0.24998047588074906,450,950,1050,1080
2024-02-09,0.5407919883728027,0.019637861149099267,1,0,0.49374859006732497,0.506251409932675,0.506251409932675,1.0,scale,0.24998047588074906,450,950,1050,1080
2024-02-10,0.5514119863510132,-0.01813881029812703,0,0,0.49588562837458766,0.5041143716254124,0.5041143716254124,1.0,scale,0.24998047588074906,450,950,1050,1080
2024-02-11,0.5414100289344788,0.034393466817814966,1,1,0.5378923117830837,0.4621076882169163,0.5378923117830837,1.0,scale,0.24998047588074906,450,950,1050,1080
2024-02-12,0.560030996799469,-0.02684668117888478,0,1,0.5003601668014193,0.49963983319858074,0.5003601668014193,1.0,scale,0.24998047588074906,450,950,1050,1080
2024-02-13,0.5449960231781006,0.05927741582122237,1,1,0.5251352760062954,0.4748647239937046,0.5251352760062954,1.0,scale,0.24998047588074906,450,950,1050,1080
2024-02-14,0.5773019790649414,0.05380371936664208,1,1,0.5033494698305199,0.49665053016948013,0.5033494698305199,1.0,scale,0.2482573643432099,480,980,1080,1110
2024-02-15,0.6083629727363586,-0.015600829146760087,0,1,0.5062815879789208,0.49371841202107924,0.5062815879789208,1.0,scale,0.2482573643432099,480,980,1080,1110
2024-02-16,0.5988720059394836,0.01581970668048127,1,0,0.4996549491594216,0.5003450508405785,0.5003450508405785,1.0,scale,0.2482573643432099,480,980,1080,1110
2024-02-17,0.6083459854125977,0.017075836694638857,1,0,0.49058279988327885,0.5094172001167212,0.5094172001167212,1.0,scale,0.2482573643432099,480,980,1080,1110
2024-02-18,0.6187340021133423,0.019926143239420657,1,1,0.5135566763178654,0.4864433236821346,0.5135566763178654,1.0,scale,0.2482573643432099,480,980,1080,1110
2024-02-19,0.6310629844665527,-0.014099955796846864,0,0,0.4912349525356229,0.5087650474643771,0.5087650474643771,1.0,scale,0.2482573643432099,480,980,1080,1110
2024-02-20,0.6221650242805481,-0.03810409019871919,0,1,0.517365028018384,0.482634971981616,0.517365028018384,1.0,scale,0.2482573643432099,480,980,1080,1110
2024-02-21,0.5984579920768738,-0.02098061453166633,0,1,0.5021477341056413,0.4978522658943587,0.5021477341056413,1.0,scale,0.2482573643432099,480,980,1080,1110
2024-02-22,0.5859019756317139,-0.004539968446980236,0,1,0.5023775136684212,0.4976224863315788,0.5023775136684212,1.0,scale,0.2482573643432099,480,980,1080,1110
2024-02-23,0.5832419991493225,0.023067646093678285,1,0,0.49764723147360024,0.5023527685263998,0.5023527685263998,1.0,scale,0.2482573643432099,480,980,1080,1110
2024-02-24,0.5966960191726685,-0.008910789022123722,0,0,0.48669459995146513,0.5133054000485349,0.5133054000485349,1.0,scale,0.2482573643432099,480,980,1080,1110
2024-02-25,0.5913789868354797,0.047950687448200524,1,0,0.49742386825479534,0.5025761317452047,0.5025761317452047,1.0,scale,0.2482573643432099,480,980,1080,1110
2024-02-26,0.6197360157966614,0.007228891328590725,1,1,0.5130111572370216,0.4869888427629784,0.5130111572370216,1.0,scale,0.2482573643432099,480,980,1080,1110
2024-02-27,0.6242160201072693,0.01096250436973345,1,1,0.5030980966980476,0.4969019033019524,0.5030980966980476,1.0,scale,0.2482573643432099,480,980,1080,1110
2024-02-28,0.6310589909553528,0.03896154801933194,1,1,0.5153470991382004,0.4846529008617996,0.5153470991382004,1.0,scale,0.2482573643432099,480,980,1080,1110
2024-02-29,0.655646026134491,0.09675183853693414,1,1,0.5020613513561953,0.49793864864380466,0.5020613513561953,1.0,scale,0.2482573643432099,480,980,1080,1110
2024-03-01,0.7190809845924377,0.03038184867479976,1,0,0.49854876976400875,0.5014512302359913,0.5014512302359913,1.0,scale,0.2482573643432099,480,980,1080,1110
2024-03-02,0.7409279942512512,-0.017127180758555238,0,1,0.5178323253965479,0.4821676746034521,0.5178323253965479,1.0,scale,0.2482573643432099,480,980,1080,1110
2024-03-03,0.7282379865646362,0.05912354476736659,1,1,0.5113127387509673,0.4886872612490327,0.5113127387509673,1.0,scale,0.2482573643432099,480,980,1080,1110
2024-03-04,0.7712939977645874,-0.10087459465357707,0,1,0.5365129628112288,0.46348703718877116,0.5365129628112288,1.0,scale,0.2482573643432099,480,980,1080,1110
2024-03-05,0.6934900283813477,0.05815649078559959,1,1,0.5435184012040267,0.4564815987959733,0.5435184012040267,1.0,scale,0.2482573643432099,480,980,1080,1110
2024-03-06,0.7338209748268127,0.014882378412396369,1,0,0.4918307378224196,0.5081692621775804,0.5081692621775804,1.0,scale,0.2482573643432099,480,980,1080,1110
2024-03-07,0.7447419762611389,-0.02670452912943788,0,0,0.4988353826029772,0.5011646173970228,0.5011646173970228,1.0,scale,0.2482573643432099,480,980,1080,1110
2024-03-08,0.7248539924621582,0.026017693235245165,1,1,0.5214433135190387,0.4785566864809613,0.5214433135190387,1.0,scale,0.2482573643432099,480,980,1080,1110
2024-03-09,0.7437130212783813,-0.03561325189137443,0,0,0.48890668643520396,0.511093313564796,0.511093313564796,1.0,scale,0.2482573643432099,480,980,1080,1110
2024-03-10,0.7172269821166992,0.0794211985102391,1,1,0.5179477378650453,0.48205226213495467,0.5179477378650453,1.0,scale,0.2482573643432099,480,980,1080,1110
2024-03-11,0.7741900086402893,-0.03375789808305696,0,1,0.5482734280709707,0.4517265719290293,0.5482734280709707,1.0,scale,0.2482573643432099,480,980,1080,1110
2024-03-12,0.7480549812316895,0.022090662519083315,1,1,0.5108795056806112,0.48912049431938875,0.5108795056806112,1.0,scale,0.2482573643432099,480,980,1080,1110
2024-03-13,0.7645800113677979,-0.018449390544893918,0,1,0.5020646077701436,0.4979353922298564,0.5020646077701436,1.0,scale,0.2482573643432099,480,980,1080,1110
2024-03-14,0.7504739761352539,-0.03202369591157528,0,1,0.5452647970074509,0.4547352029925491,0.5452647970074509,1.0,scale,0.2482573643432099,480,980,1080,1110
2024-03-15,0.7264410257339478,-0.0921011239403009,0,1,0.5310585455271135,0.4689414544728865,0.5310585455271135,1.0,scale,0.24989199388157382,510,1010,1110,1140
2024-03-16,0.6595349907875061,0.03269577369909027,1,1,0.5463256933900427,0.45367430660995733,0.5463256933900427,1.0,scale,0.24989199388157382,510,1010,1110,1140
2024-03-17,0.681098997592926,-0.02913088318881385,0,1,0.5145597252874593,0.4854402747125407,0.5145597252874593,1.0,scale,0.24989199388157382,510,1010,1110,1140
2024-03-18,0.6612579822540283,-0.11242810121589308,0,1,0.5375074333196421,0.4624925666803579,0.5375074333196421,1.0,scale,0.24989199388157382,510,1010,1110,1140
2024-03-19,0.5869140028953552,0.08956508943073094,1,1,0.5576554553817881,0.44234454461821193,0.5576554553817881,1.0,scale,0.24989199388157382,510,1010,1110,1140
2024-03-20,0.6394810080528259,-0.011904971622406446,0,1,0.5076406925084761,0.4923593074915239,0.5076406925084761,1.0,scale,0.24989199388157382,510,1010,1110,1140
2024-03-21,0.6318680047988892,-0.029444430923689535,0,1,0.5132535469220447,0.4867464530779553,0.5132535469220447,1.0,scale,0.24989199388157382,510,1010,1110,1140
2024-03-22,0.6132630109786987,0.02054418930947155,1,1,0.5218638473153423,0.4781361526846577,0.5218638473153423,1.0,scale,0.24989199388157382,510,1010,1110,1140
2024-03-23,0.6258620023727417,0.03242731439392421,1,1,0.5061771522719198,0.49382284772808016,0.5061771522719198,1.0,scale,0.24989199388157382,510,1010,1110,1140
2024-03-24,0.6461570262908936,0.016701756599840856,1,1,0.504743904578322,0.49525609542167803,0.504743904578322,1.0,scale,0.24989199388157382,510,1010,1110,1140
2024-03-25,0.656948983669281,0.012306910638259172,1,1,0.5229462431157752,0.4770537568842248,0.5229462431157752,1.0,scale,0.24989199388157382,510,1010,1110,1140
2024-03-26,0.6650339961051941,-0.024887476216497784,0,1,0.5329302471061669,0.4670697528938331,0.5329302471061669,1.0,scale,0.24989199388157382,510,1010,1110,1140
2024-03-27,0.6484829783439636,0.00356378034436311,1,1,0.535768317614601,0.464231682385399,0.535768317614601,1.0,scale,0.24989199388157382,510,1010,1110,1140
2024-03-28,0.6507940292358398,0.020911365944370486,1,1,0.5271008480646842,0.47289915193531584,0.5271008480646842,1.0,scale,0.24989199388157382,510,1010,1110,1140
2024-03-29,0.6644030213356018,-0.03015789327784857,0,1,0.5323072708428863,0.4676927291571137,0.5323072708428863,1.0,scale,0.24989199388157382,510,1010,1110,1140
2024-03-30,0.6443660259246826,0.00940607925430692,1,1,0.5373641531410156,0.4626358468589844,0.5373641531410156,1.0,scale,0.24989199388157382,510,1010,1110,1140
2024-03-31,0.650426983833313,-0.0441909234249549,0,1,0.5290359884891173,0.47096401151088274,0.5290359884891173,1.0,scale,0.24989199388157382,510,1010,1110,1140
2024-04-01,0.6216840147972107,-0.06546257778069242,0,1,0.5336222672128889,0.46637773278711114,0.5336222672128889,1.0,scale,0.24989199388157382,510,1010,1110,1140
2024-04-02,0.5809869766235352,-0.01671121897411232,0,1,0.5441975242234279,0.45580247577657207,0.5441975242234279,1.0,scale,0.24989199388157382,510,1010,1110,1140
2024-04-03,0.5712779760360718,0.02044018365574085,1,1,0.5335894315865742,0.46641056841342576,0.5335894315865742,1.0,scale,0.24989199388157382,510,1010,1110,1140
2024-04-04,0.582955002784729,-0.01393077270555021,0,1,0.5122780970524557,0.48772190294754425,0.5122780970524557,1.0,scale,0.24989199388157382,510,1010,1110,1140
2024-04-05,0.5748339891433716,0.016533504270065613,1,1,0.5175956389687422,0.48240436103125783,0.5175956389687422,1.0,scale,0.24989199388157382,510,1010,1110,1140
2024-04-06,0.5843380093574524,0.008789455672502777,1,1,0.5048411907431385,0.4951588092568615,0.5048411907431385,1.0,scale,0.24989199388157382,510,1010,1110,1140
2024-04-07,0.5894740223884583,0.04187625692220398,1,1,0.5005133804025941,0.4994866195974059,0.5005133804025941,1.0,scale,0.24989199388157382,510,1010,1110,1140
2024-04-08,0.6141589879989624,-0.036254408291713114,0,0,0.4966450622546083,0.5033549377453916,0.5033549377453916,1.0,scale,0.24989199388157382,510,1010,1110,1140
2024-04-09,0.5918930172920227,-0.009525375675318304,0,1,0.5187403527168526,0.4812596472831474,0.5187403527168526,1.0,scale,0.24989199388157382,510,1010,1110,1140
2024-04-10,0.5862550139427185,-0.00010919375863116532,0,1,0.5117370619802778,0.4882629380197222,0.5117370619802778,1.0,scale,0.24989199388157382,510,1010,1110,1140
2024-04-11,0.5861909985542297,-0.14093695019031172,0,1,0.5076680659054381,0.4923319340945619,0.5076680659054381,1.0,scale,0.24989199388157382,510,1010,1110,1140
2024-04-12,0.5035750269889832,-0.11054363291755176,0,1,0.5302316921698537,0.46976830783014634,0.5302316921698537,1.0,scale,0.24989199388157382,510,1010,1110,1140
2024-04-13,0.4479080140590668,0.04689127550127248,1,1,0.5618344192867929,0.4381655807132071,0.5618344192867929,1.0,scale,0.24989199388157382,510,1010,1110,1140
2024-04-14,0.4689109921455383,-0.01730820344829387,0,1,0.5745320111387532,0.4254679888612468,0.5745320111387532,1.0,scale,0.24862829738148853,540,1040,1140,1170
2024-04-15,0.460794985294342,-0.004752642559550657,0,1,0.58004772987944,0.41995227012056,0.58004772987944,1.0,scale,0.24862829738148853,540,1040,1140,1170
2024-04-16,0.4586049914360046,-0.03120332877790355,0,1,0.5479301309878486,0.4520698690121514,0.5479301309878486,1.0,scale,0.24862829738148853,540,1040,1140,1170
2024-04-17,0.4442949891090393,0.031170776947190726,1,1,0.5687166155181519,0.4312833844818481,0.5687166155181519,1.0,scale,0.24862829738148853,540,1040,1140,1170
2024-04-18,0.4581440091133117,0.023224128494280905,1,1,0.5201217166734061,0.4798782833265939,0.5201217166734061,1.0,scale,0.24862829738148853,540,1040,1140,1170
2024-04-19,0.4687840044498443,0.07919213878438636,1,1,0.513178424840162,0.48682157515983804,0.513178424840162,1.0,scale,0.24862829738148853,540,1040,1140,1170
2024-04-20,0.5059080123901367,-0.013077527932092048,0,0,0.4962067493684553,0.5037932506315447,0.5037932506315447,1.0,scale,0.24862829738148853,540,1040,1140,1170
2024-04-21,0.4992919862270355,0.03523588770533892,1,1,0.5202383059925134,0.4797616940074866,0.5202383059925134,1.0,scale,0.24862829738148853,540,1040,1140,1170
2024-04-22,0.516884982585907,-0.0322876521395391,0,1,0.5032770391310051,0.4967229608689949,0.5032770391310051,1.0,scale,0.24862829738148853,540,1040,1140,1170
2024-04-23,0.5001959800720215,-0.050552163658844185,0,1,0.5293295777769544,0.47067042222304556,0.5293295777769544,1.0,scale,0.24862829738148853,540,1040,1140,1170
2024-04-24,0.4749099910259247,-0.008190979354999572,0,1,0.5494814713667805,0.4505185286332195,0.5494814713667805,1.0,scale,0.24862829738148853,540,1040,1140,1170
2024-04-25,0.4710200130939483,-0.01760223739496003,0,1,0.5360279200538302,0.46397207994616985,0.5360279200538302,1.0,scale,0.24862829738148853,540,1040,1140,1170
2024-04-26,0.4627290070056915,0.00929913286281625,1,1,0.5365806756059793,0.46341932439402067,0.5365806756059793,1.0,scale,0.24862829738148853,540,1040,1140,1170
2024-04-27,0.4670319855213165,-0.014041803222042182,0,1,0.5135642731532205,0.4864357268467795,0.5135642731532205,1.0,scale,0.24862829738148853,540,1040,1140,1170
2024-04-28,0.4604740142822265,-0.006751755750328159,0,1,0.5215138510312644,0.47848614896873565,0.5215138510312644,1.0,scale,0.24862829738148853,540,1040,1140,1170
2024-04-29,0.4573650062084198,-0.036192131650070625,0,1,0.5161184594626619,0.4838815405373381,0.5161184594626619,1.0,scale,0.24862829738148853,540,1040,1140,1170
2024-04-30,0.4408119916915893,0.02053938031785929,1,1,0.5361844199956913,0.46381558000430867,0.5361844199956913,1.0,scale,0.24862829738148853,540,1040,1140,1170
2024-05-01,0.4498659968376159,0.018707786513121993,1,1,0.5171796484479917,0.4828203515520083,0.5171796484479917,1.0,scale,0.24862829738148853,540,1040,1140,1170
2024-05-02,0.4582819938659668,0.020210254118513626,1,1,0.5086504785087548,0.4913495214912452,0.5086504785087548,1.0,scale,0.24862829738148853,540,1040,1140,1170
2024-05-03,0.4675439894199371,-0.008484735603055737,0,1,0.5074026171091359,0.4925973828908641,0.5074026171091359,1.0,scale,0.24862829738148853,540,1040,1140,1170
2024-05-04,0.463577002286911,-0.011309886690912152,0,1,0.5092866770035874,0.49071332299641257,0.5092866770035874,1.0,scale,0.24862829738148853,540,1040,1140,1170
2024-05-05,0.4583339989185333,-0.00882760846723718,0,1,0.5108433617102487,0.4891566382897513,0.5108433617102487,1.0,scale,0.24862829738148853,540,1040,1140,1170
2024-05-06,0.4542880058288574,-0.02732846057198879,0,1,0.5065329184499436,0.49346708155005636,0.5065329184499436,1.0,scale,0.24862829738148853,540,1040,1140,1170
2024-05-07,0.4418730139732361,0.02416981738066437,1,1,0.5200876990468435,0.4799123009531565,0.5200876990468435,1.0,scale,0.24862829738148853,540,1040,1140,1170
2024-05-08,0.4525530040264129,0.024191646593888283,1,1,0.5051581635947245,0.49484183640527546,0.5051581635947245,1.0,scale,0.24862829738148853,540,1040,1140,1170
2024-05-09,0.4635010063648224,-0.032903942919063955,0,0,0.49925283114110824,0.5007471688588918,0.5007471688588918,1.0,scale,0.24862829738148853,540,1040,1140,1170
2024-05-10,0.4482499957084656,-0.0209124211293914,0,1,0.519283078744937,0.48071692125506305,0.519283078744937,1.0,scale,0.24862829738148853,540,1040,1140,1170
2024-05-11,0.4388760030269623,-0.002786659319235385,0,1,0.5154680960924181,0.48453190390758194,0.5154680960924181,1.0,scale,0.24862829738148853,540,1040,1140,1170
2024-05-12,0.4376530051231384,-0.0025431049686903684,0,1,0.5107112204558631,0.48928877954413685,0.5107112204558631,1.0,scale,0.24862829738148853,540,1040,1140,1170
2024-05-13,0.4365400075912475,-0.01940489294949188,0,1,0.521578725207385,0.478421274792615,0.521578725207385,1.0,scale,0.24862829738148853,540,1040,1140,1170
2024-05-14,0.428068995475769,0.05821258608210811,1,0,0.49204175265485434,0.5079582473451456,0.5079582473451456,1.0,0.01,0.24947650840319116,570,1070,1170,1200
2024-05-15,0.4529879987239837,0.014806159704547905,1,0,0.4516850833960565,0.5483149166039435,0.5483149166039435,1.0,0.01,0.24947650840319116,570,1070,1170,1200
2024-05-16,0.4596950113773346,0.04852126169504256,1,0,0.45299253224892694,0.547007467751073,0.547007467751073,1.0,0.01,0.24947650840319116,570,1070,1170,1200
2024-05-17,0.4819999933242798,0.0008464601641871017,1,0,0.4549465647373926,0.5450534352626074,0.5450534352626074,1.0,0.01,0.24947650840319116,570,1070,1170,1200
2024-05-18,0.4824079871177673,-0.03069180646158498,0,0,0.4477217872500995,0.5522782127499005,0.5522782127499005,1.0,0.01,0.24947650840319116,570,1070,1170,1200
2024-05-19,0.467602014541626,0.07304494803099026,1,0,0.4816106287666466,0.5183893712333534,0.5183893712333534,1.0,0.01,0.24947650840319116,570,1070,1170,1200
2024-05-20,0.5017579793930054,-0.013918992666042795,0,1,0.5070205536022827,0.4929794463977173,0.5070205536022827,1.0,0.01,0.24947650840319116,570,1070,1170,1200
2024-05-21,0.4947740137577057,-0.023540071802793827,0,0,0.4810515069419773,0.5189484930580227,0.5189484930580227,1.0,0.01,0.24947650840319116,570,1070,1170,1200
2024-05-22,0.4831269979476928,-0.03683709114004441,0,0,0.47295655670843856,0.5270434432915614,0.5270434432915614,1.0,0.01,0.24947650840319116,570,1070,1170,1200
2024-05-23,0.4653300046920776,-0.012541658436811653,0,1,0.5190136994329221,0.4809863005670779,0.5190136994329221,1.0,0.01,0.24947650840319116,570,1070,1170,1200
2024-05-24,0.4594939947128296,0.005610563196666751,1,0,0.483343508209522,0.516656491790478,0.516656491790478,1.0,0.01,0.24947650840319116,570,1070,1170,1200
2024-05-25,0.4620720148086548,-0.008000934434531648,0,0,0.47102541397262304,0.5289745860273769,0.5289745860273769,1.0,0.01,0.24947650840319116,570,1070,1170,1200
2024-05-26,0.4583750069141388,0.020917377723356667,1,0,0.4855134346570071,0.5144865653429929,0.5144865653429929,1.0,0.01,0.24947650840319116,570,1070,1170,1200
2024-05-27,0.4679630100727081,-0.02344844838310578,0,0,0.4804928018885502,0.5195071981114499,0.5195071981114499,1.0,0.01,0.24947650840319116,570,1070,1170,1200
2024-05-28,0.4569900035858154,-0.013118460627466688,0,0,0.4984986357008738,0.5015013642991262,0.5015013642991262,1.0,0.01,0.24947650840319116,570,1070,1170,1200
2024-05-29,0.450994998216629,-0.009787230865028307,0,0,0.4780299162089627,0.5219700837910373,0.5219700837910373,1.0,0.01,0.24947650840319116,570,1070,1170,1200
2024-05-30,0.4465810060501098,0.0019705338192665955,1,0,0.48740151149817307,0.5125984885018269,0.5125984885018269,1.0,0.01,0.24947650840319116,570,1070,1170,1200
2024-05-31,0.4474610090255737,0.0056183771471196575,1,0,0.4686819393487033,0.5313180606512967,0.5313180606512967,1.0,0.01,0.24947650840319116,570,1070,1170,1200
2024-06-01,0.4499750137329101,-0.007735986567281139,0,0,0.46278374415988827,0.5372162558401117,0.5372162558401117,1.0,0.01,0.24947650840319116,570,1070,1170,1200
2024-06-02,0.4464940130710602,0.023610564060400074,1,0,0.4962490689766885,0.5037509310233115,0.5037509310233115,1.0,0.01,0.24947650840319116,570,1070,1170,1200
2024-06-03,0.4570359885692596,0.00973448482525896,1,0,0.45512641671378135,0.5448735832862186,0.5448735832862186,1.0,0.01,0.24947650840319116,570,1070,1170,1200
2024-06-04,0.4614849984645843,-0.0006717526214464753,0,0,0.453120615315723,0.546879384684277,0.546879384684277,1.0,0.01,0.24947650840319116,570,1070,1170,1200
2024-06-05,0.4611749947071075,-0.006663429074930782,0,0,0.4604369579449032,0.5395630420550968,0.5395630420550968,1.0,0.01,0.24947650840319116,570,1070,1170,1200
2024-06-06,0.4581019878387451,-0.018465324325407595,0,0,0.4698477282888867,0.5301522717111133,0.5301522717111133,1.0,0.01,0.24947650840319116,570,1070,1170,1200
2024-06-07,0.4496429860591888,-0.029071918072658076,0,1,0.5534377216156909,0.44656227838430906,0.5534377216156909,1.0,0.01,0.24947650840319116,570,1070,1170,1200
2024-06-08,0.4365710020065307,0.01725953061842489,1,0,0.48831248434970187,0.5116875156502981,0.5116875156502981,1.0,0.01,0.24947650840319116,570,1070,1170,1200
2024-06-09,0.4441060125827789,-0.008207506177976054,0,0,0.4687687297198606,0.5312312702801394,0.5312312702801394,1.0,0.01,0.24947650840319116,570,1070,1170,1200
2024-06-10,0.4404610097408294,-0.04216038533043809,0,0,0.4903288428002908,0.5096711571997092,0.5096711571997092,1.0,0.01,0.24947650840319116,570,1070,1170,1200
2024-06-11,0.4218910038471222,0.037699293594313676,1,1,0.5153782400294245,0.48462175997057555,0.5153782400294245,1.0,0.01,0.24947650840319116,570,1070,1170,1200
2024-06-12,0.4377959966659546,-0.03794235206054519,0,0,0.45331727929071464,0.5466827207092854,0.5466827207092854,1.0,0.01,0.24947650840319116,570,1070,1170,1200
2024-06-13,0.4211849868297577,-0.022560143293994472,0,0,0.4963215128174053,0.5036784871825948,0.5036784871825948,1.0,0.01,0.2521820354891096,600,1100,1200,1230
2024-06-14,0.4116829931735992,0.004887290518191589,1,0,0.4936926745141839,0.5063073254858161,0.5063073254858161,1.0,0.01,0.2521820354891096,600,1100,1200,1230
2024-06-15,0.4136950075626373,0.0064878645020376435,1,0,0.4714395837227603,0.5285604162772397,0.5285604162772397,1.0,0.01,0.2521820354891096,600,1100,1200,1230
2024-06-16,0.4163790047168731,-0.03511468925611472,0,0,0.4606793616558431,0.5393206383441569,0.5393206383441569,1.0,0.01,0.2521820354891096,600,1100,1200,1230
2024-06-17,0.4017579853534698,-0.045246110364244196,0,1,0.528653017231756,0.47134698276824405,0.528653017231756,1.0,0.01,0.2521820354891096,600,1100,1200,1230
2024-06-18,0.3835799992084503,0.0005500819723143202,1,1,0.5474710715221136,0.4525289284778864,0.5474710715221136,1.0,0.01,0.2521820354891096,600,1100,1200,1230
2024-06-19,0.3837909996509552,0.0011803176747366972,1,0,0.499572763237006,0.500427236762994,0.500427236762994,1.0,0.01,0.2521820354891096,600,1100,1200,1230
2024-06-20,0.3842439949512481,-0.02131979388337424,0,0,0.4904181419180739,0.509581858081926,0.509581858081926,1.0,0.01,0.2521820354891096,600,1100,1200,1230
2024-06-21,0.3760519921779632,0.02329466514706402,1,1,0.5048912275314262,0.49510877246857377,0.5048912275314262,1.0,0.01,0.2521820354891096,600,1100,1200,1230
2024-06-22,0.3848119974136352,-0.011717415258870822,0,0,0.45909262126236017,0.5409073787376398,0.5409073787376398,1.0,0.01,0.2521820354891096,600,1100,1200,1230
2024-06-23,0.3803029954433441,-0.006673614479159706,0,0,0.47663419649601196,0.5233658035039881,0.5233658035039881,1.0,0.01,0.2521820354891096,600,1100,1200,1230
2024-06-24,0.3777649998664856,0.037308896004872416,1,0,0.49598292070421063,0.5040170792957894,0.5040170792957894,1.0,0.01,0.2521820354891096,600,1100,1200,1230
2024-06-25,0.3918589949607849,-0.018141695020749915,0,0,0.4388295515211147,0.5611704484788853,0.5611704484788853,1.0,0.01,0.2521820354891096,600,1100,1200,1230
2024-06-26,0.3847500085830688,0.015467153232655573,1,0,0.47377134693906137,0.5262286530609386,0.5262286530609386,1.0,0.01,0.2521820354891096,600,1100,1200,1230
2024-06-27,0.3907009959220886,-0.013501325349453808,0,0,0.4503732528478962,0.5496267471521038,0.5496267471521038,1.0,0.01,0.2521820354891096,600,1100,1200,1230
2024-06-28,0.3854260146617889,-0.0037906861424920058,0,0,0.4802856029505981,0.5197143970494019,0.5197143970494019,1.0,0.01,0.2521820354891096,600,1100,1200,1230
2024-06-29,0.3839649856090545,0.021426486295464287,1,0,0.4656002168837022,0.5343997831162979,0.5343997831162979,1.0,0.01,0.2521820354891096,600,1100,1200,1230
2024-06-30,0.392192006111145,0.027320821472699208,1,0,0.4486142069634836,0.5513857930365165,0.5513857930365165,1.0,0.01,0.2521820354891096,600,1100,1200,1230
2024-07-01,0.4029070138931274,0.03690179296053153,1,0,0.46784199343559596,0.532158006564404,0.532158006564404,1.0,0.01,0.2521820354891096,600,1100,1200,1230
2024-07-02,0.4177750051021576,-0.026418507422099724,0,0,0.45898633654703586,0.5410136634529641,0.5410136634529641,1.0,0.01,0.2521820354891096,600,1100,1200,1230
2024-07-03,0.4067380130290985,-0.1078802593490279,0,1,0.5014970733474752,0.4985029266525248,0.5014970733474752,1.0,0.01,0.2521820354891096,600,1100,1200,1230
2024-07-04,0.3628590106964111,-0.03575499970103946,0,1,0.6027326450689858,0.39726735493101417,0.6027326450689858,1.0,0.01,0.2521820354891096,600,1100,1200,1230
2024-07-05,0.3498849868774414,0.06098009300018248,1,1,0.5855576686803196,0.41444233131968045,0.5855576686803196,1.0,0.01,0.2521820354891096,600,1100,1200,1230
2024-07-06,0.3712210059165954,-0.06627590796805749,0,0,0.459481644492027,0.540518355507973,0.540518355507973,1.0,0.01,0.2521820354891096,600,1100,1200,1230
2024-07-07,0.3466179966926574,0.06459270697824793,1,1,0.5647107051306228,0.4352892948693772,0.5647107051306228,1.0,0.01,0.2521820354891096,600,1100,1200,1230
2024-07-08,0.3690069913864136,0.017129791904582747,1,0,0.49481423434893734,0.5051857656510627,0.5051857656510627,1.0,0.01,0.2521820354891096,600,1100,1200,1230
2024-07-09,0.375328004360199,0.035987212240066846,1,0,0.43832059428017367,0.5616794057198263,0.5616794057198263,1.0,0.01,0.2521820354891096,600,1100,1200,1230
2024-07-10,0.3888350129127502,0.017956198516486888,1,0,0.4281436533688745,0.5718563466311255,0.5718563466311255,1.0,0.01,0.2521820354891096,600,1100,1200,1230
2024-07-11,0.3958170115947723,0.052314531245353235,1,0,0.46257414637999356,0.5374258536200065,0.5374258536200065,1.0,0.01,0.2521820354891096,600,1100,1200,1230
2024-07-12,0.4165239930152893,0.05975890773374726,1,0,0.4606576660674773,0.5393423339325227,0.5393423339325227,1.0,0.01,0.2521820354891096,600,1100,1200,1230
2024-07-13,0.441415011882782,-0.020540758049695573,0,0,0.4564036922160126,0.5435963077839874,0.5435963077839874,1.0,0.01,0.25296794709823567,630,1130,1230,1260
2024-07-14,0.4323480129241943,0.030609576270859362,1,0,0.48522001308147256,0.5147799869185274,0.5147799869185274,1.0,0.01,0.25296794709823567,630,1130,1230,1260
2024-07-15,0.4455820024013519,-0.01659178887438917,0,0,0.4798977325106442,0.5201022674893558,0.5201022674893558,1.0,0.01,0.25296794709823567,630,1130,1230,1260
2024-07-16,0.4381889998912811,-0.003288539631180365,0,0,0.4806655832401611,0.5193344167598388,0.5193344167598388,1.0,0.01,0.25296794709823567,630,1130,1230,1260
2024-07-17,0.4367479979991913,-0.029403682649086993,0,0,0.4684564606413412,0.5315435393586587,0.5315435393586587,1.0,0.01,0.25296794709823567,630,1130,1230,1260
2024-07-18,0.423905998468399,0.035687125740609504,1,0,0.49118817619284283,0.5088118238071572,0.5088118238071572,1.0,0.01,0.25296794709823567,630,1130,1230,1260
2024-07-19,0.4390339851379394,-0.0031819492549860495,0,0,0.46942442794146677,0.5305755720585332,0.5305755720585332,1.0,0.01,0.25296794709823567,630,1130,1230,1260
2024-07-20,0.4376370012760162,0.019285361779887156,1,0,0.46570803965689855,0.5342919603431014,0.5342919603431014,1.0,0.01,0.25296794709823567,630,1130,1230,1260
2024-07-21,0.4460769891738891,-0.043781676204881714,0,0,0.4881027291515579,0.5118972708484422,0.5118972708484422,1.0,0.01,0.25296794709823567,630,1130,1230,1260
2024-07-22,0.4265469908714294,-0.038565476349344485,0,1,0.5102527050194838,0.48974729498051617,0.5102527050194838,1.0,0.01,0.25296794709823567,630,1130,1230,1260
2024-07-23,0.4100970029830932,-0.00792496125887776,0,0,0.486435589436147,0.513564410563853,0.513564410563853,1.0,0.01,0.25296794709823567,630,1130,1230,1260
2024-07-24,0.4068470001220703,-0.02992772965940793,0,0,0.48331928695070475,0.5166807130492952,0.5166807130492952,1.0,0.01,0.25296794709823567,630,1130,1230,1260
2024-07-25,0.3946709930896759,0.05846894814535797,1,0,0.49874080496229184,0.5012591950377081,0.5012591950377081,1.0,0.01,0.25296794709823567,630,1130,1230,1260
2024-07-26,0.4177469909191131,0.001079597350780892,1,0,0.43147783044134075,0.5685221695586593,0.5685221695586593,1.0,0.01,0.25296794709823567,630,1130,1230,1260
2024-07-27,0.4181979894638061,-0.025851394159628893,0,0,0.4669575230541382,0.5330424769458618,0.5330424769458618,1.0,0.01,0.25296794709823567,630,1130,1230,1260
2024-07-28,0.4073869884014129,-0.008279589534149201,0,0,0.44876571271156945,0.5512342872884306,0.5512342872884306,1.0,0.01,0.25296794709823567,630,1130,1230,1260
2024-07-29,0.404013991355896,-0.005777024385422269,0,0,0.4649308715985725,0.5350691284014275,0.5350691284014275,1.0,0.01,0.25296794709823567,630,1130,1230,1260
2024-07-30,0.4016799926757812,-0.03213253991053966,0,0,0.45860797695295924,0.5413920230470408,0.5413920230470408,1.0,0.01,0.25296794709823567,630,1130,1230,1260
2024-07-31,0.3887729942798614,0.010116475535522973,1,0,0.48098722502743574,0.5190127749725643,0.5190127749725643,1.0,0.01,0.25296794709823567,630,1130,1230,1260
2024-08-01,0.3927060067653656,-0.07355118874690036,0,0,0.4697979551046734,0.5302020448953266,0.5302020448953266,1.0,0.01,0.25296794709823567,630,1130,1230,1260
2024-08-02,0.3638220131397247,0.0007503374265771523,1,1,0.5248937383655006,0.4751062616344994,0.5248937383655006,1.0,0.01,0.25296794709823567,630,1130,1230,1260
2024-08-03,0.364095002412796,-0.05536195012180156,0,0,0.47772996955383684,0.5222700304461632,0.5222700304461632,1.0,0.01,0.25296794709823567,630,1130,1230,1260
2024-08-04,0.3439379930496216,-0.08950159107238742,0,1,0.5294860808382766,0.47051391916172336,0.5294860808382766,1.0,0.01,0.25296794709823567,630,1130,1230,1260
2024-08-05,0.3131549954414367,0.056288422874647415,1,1,0.586637063658325,0.413362936341675,0.586637063658325,1.0,0.01,0.25296794709823567,630,1130,1230,1260
2024-08-06,0.3307819962501526,-0.02141586395130024,0,0,0.4662588560439904,0.5337411439560096,0.5337411439560096,1.0,0.01,0.25296794709823567,630,1130,1230,1260
2024-08-07,0.3236980140209198,0.08685869718030714,1,0,0.4963036716899064,0.5036963283100936,0.5036963283100936,1.0,0.01,0.25296794709823567,630,1130,1230,1260
2024-08-08,0.3518140017986297,-0.009286128943366556,0,0,0.41744568018548117,0.5825543198145189,0.5825543198145189,1.0,0.01,0.25296794709823567,630,1130,1230,1260
2024-08-09,0.3485470116138458,-0.006478330563131518,0,0,0.4432517841289281,0.5567482158710719,0.5567482158710719,1.0,0.01,0.25296794709823567,630,1130,1230,1260
2024-08-10,0.3462890088558197,-0.0518844521349443,0,0,0.43400711802288783,0.5659928819771122,0.5659928819771122,1.0,0.01,0.25296794709823567,630,1130,1230,1260
2024-08-11,0.3283219933509826,0.032452945348761864,1,1,0.5027488568955739,0.4972511431044261,0.5027488568955739,1.0,0.01,0.25296794709823567,630,1130,1230,1260
2024-08-12,0.3389770090579986,0.003472162083582253,1,0,0.46710177388909524,0.5328982261109048,0.5328982261109048,1.0,0.01,0.24772019408181062,660,1160,1260,1290
2024-08-13,0.3401539921760559,-0.013814307294916617,0,0,0.4474892192547038,0.5525107807452962,0.5525107807452962,1.0,0.01,0.24772019408181062,660,1160,1260,1290
2024-08-14,0.3354550004005432,-0.03011433366838423,0,0,0.4820768398891762,0.5179231601108238,0.5179231601108238,1.0,0.01,0.24772019408181062,660,1160,1260,1290
2024-08-15,0.3253529965877533,0.015733667612130908,1,1,0.5322785846333654,0.4677214153666346,0.5322785846333654,1.0,0.01,0.24772019408181062,660,1160,1260,1290
2024-08-16,0.3304719924926758,0.0194085924536469,1,0,0.4833874535530625,0.5166125464469375,0.5166125464469375,1.0,0.01,0.24772019408181062,660,1160,1260,1290
2024-08-17,0.3368859887123108,-0.006099954900992022,0,0,0.4169931373947367,0.5830068626052634,0.5830068626052634,1.0,0.01,0.24772019408181062,660,1160,1260,1290
2024-08-18,0.3348309993743896,0.00574024322424882,1,0,0.46960170878539126,0.5303982912146088,0.5303982912146088,1.0,0.01,0.24772019408181062,660,1160,1260,1290
2024-08-19,0.3367530107498169,0.020584791119226065,1,0,0.489454414174211,0.510545585825789,0.510545585825789,1.0,0.01,0.24772019408181062,660,1160,1260,1290
2024-08-20,0.3436850011348724,0.07382921925693875,1,0,0.4446541718413757,0.5553458281586243,0.5553458281586243,1.0,0.01,0.24772019408181062,660,1160,1260,1290
2024-08-21,0.3690589964389801,0.020259674819004037,1,0,0.45314360518406327,0.5468563948159367,0.5468563948159367,1.0,0.01,0.24772019408181062,660,1160,1260,1290
2024-08-22,0.3765360116958618,0.03983678912231392,1,0,0.4196907707474861,0.5803092292525138,0.5803092292525138,1.0,0.01,0.24772019408181062,660,1160,1260,1290
2024-08-23,0.391535997390747,0.0063110415711404855,1,0,0.4729149763187678,0.5270850236812322,0.5270850236812322,1.0,0.01,0.24772019408181062,660,1160,1260,1290
2024-08-24,0.394006997346878,-0.022913267478430033,0,0,0.4376265917764711,0.5623734082235289,0.5623734082235289,1.0,0.01,0.24772019408181062,660,1160,1260,1290
2024-08-25,0.3849790096282959,-0.04681294392398938,0,0,0.4991604015943122,0.5008395984056878,0.5008395984056878,1.0,0.01,0.24772019408181062,660,1160,1260,1290
2024-08-26,0.3669570088386535,-0.04481722376467079,0,1,0.5265102277069916,0.47348977229300837,0.5265102277069916,1.0,0.01,0.24772019408181062,660,1160,1260,1290
2024-08-27,0.3505110144615173,-0.0009101113679065298,0,1,0.5557045757687086,0.4442954242312914,0.5557045757687086,1.0,0.01,0.24772019408181062,660,1160,1260,1290
2024-08-28,0.3501920104026794,0.019557816037351294,1,1,0.5077299309978276,0.4922700690021724,0.5077299309978276,1.0,0.01,0.24772019408181062,660,1160,1260,1290
2024-08-29,0.3570410013198852,-0.02769152512606521,0,0,0.45345498074154644,0.5465450192584536,0.5465450192584536,1.0,0.01,0.24772019408181062,660,1160,1260,1290
2024-08-30,0.3471539914608001,-0.005190772589389714,0,1,0.5030404816780084,0.4969595183219916,0.5030404816780084,1.0,0.01,0.24772019408181062,660,1160,1260,1290
2024-08-31,0.3453519940376282,-0.03941486474475098,0,0,0.4416763311067657,0.5583236688932343,0.5583236688932343,1.0,0.01,0.24772019408181062,660,1160,1260,1290
2024-09-01,0.331739991903305,0.012744908590128556,1,1,0.557003681162103,0.44299631883789703,0.557003681162103,1.0,0.01,0.24772019408181062,660,1160,1260,1290
2024-09-02,0.3359679877758026,-0.05184120058031361,0,0,0.46029218457324667,0.5397078154267534,0.5397078154267534,1.0,0.01,0.24772019408181062,660,1160,1260,1290
2024-09-03,0.3185510039329529,0.01561129698587238,1,1,0.5542647587313917,0.4457352412686083,0.5542647587313917,1.0,0.01,0.24772019408181062,660,1160,1260,1290
2024-09-04,0.323523998260498,0.00475392385025919,1,0,0.4689100626229786,0.5310899373770215,0.5310899373770215,1.0,0.01,0.24772019408181062,660,1160,1260,1290
2024-09-05,0.3250620067119598,-0.031821616974585076,0,0,0.44179684288416204,0.5582031571158379,0.5582031571158379,1.0,0.01,0.24772019408181062,660,1160,1260,1290
2024-09-06,0.3147180080413818,0.03290245700264327,1,0,0.48505976655729405,0.514940233442706,0.514940233442706,1.0,0.01,0.24772019408181062,660,1160,1260,1290
2024-09-07,0.3250730037689209,0.04179364188770429,1,0,0.3810099888713774,0.6189900111286226,0.6189900111286226,1.0,0.01,0.24772019408181062,660,1160,1260,1290
2024-09-08,0.3386589884757995,0.014017059869705806,1,0,0.3915532233022672,0.6084467766977328,0.6084467766977328,1.0,0.01,0.24772019408181062,660,1160,1260,1290
2024-09-09,0.3434059917926788,0.00020680749884172123,1,0,0.4049464865849558,0.5950535134150442,0.5950535134150442,1.0,0.01,0.24772019408181062,660,1160,1260,1290
2024-09-10,0.3434770107269287,0.027882437543687022,1,0,0.42013991935952705,0.579860080640473,0.579860080640473,1.0,0.01,0.24772019408181062,660,1160,1260,1290
2024-09-11,0.3530539870262146,0.009174250746590173,1,0,0.468711979014785,0.531288020985215,0.531288020985215,1.0,0.01,0.24604377804938393,690,1190,1290,1320
2024-09-12,0.3562929928302765,0.012930430576328478,1,0,0.4524798326748613,0.5475201673251386,0.5475201673251386,1.0,0.01,0.24604377804938393,690,1190,1290,1320
2024-09-13,0.3609000146389007,-0.017788905592538984,0,0,0.4644071093420394,0.5355928906579606,0.5355928906579606,1.0,0.01,0.24604377804938393,690,1190,1290,1320
2024-09-14,0.3544799983501434,-0.04501522778624334,0,0,0.4744220322901409,0.5255779677098591,0.5255779677098591,1.0,0.01,0.24604377804938393,690,1190,1290,1320
2024-09-15,0.3385230004787445,-0.0242731126397544,0,1,0.5256308783685234,0.4743691216314766,0.5256308783685234,1.0,0.01,0.24604377804938393,690,1190,1290,1320
2024-09-16,0.3303059935569763,0.010920192037880527,1,1,0.5131812559561819,0.4868187440438181,0.5131812559561819,1.0,0.01,0.24604377804938393,690,1190,1290,1320
2024-09-17,0.3339129984378814,0.027022040989584495,1,0,0.485249250327163,0.514750749672837,0.514750749672837,1.0,0.01,0.24604377804938393,690,1190,1290,1320
2024-09-18,0.3429360091686249,0.02335417249100824,1,0,0.46954729463823597,0.530452705361764,0.530452705361764,1.0,0.01,0.24604377804938393,690,1190,1290,1320
2024-09-19,0.3509449958801269,0.0033309951969131557,1,0,0.46114386531037155,0.5388561346896285,0.5388561346896285,1.0,0.01,0.24604377804938393,690,1190,1290,1320
2024-09-20,0.3521139919757843,0.018352033455818928,1,0,0.4598060792216658,0.5401939207783342,0.5401939207783342,1.0,0.01,0.24604377804938393,690,1190,1290,1320
2024-09-21,0.3585759997367859,-0.018975027373262288,0,0,0.4400982446412396,0.5599017553587604,0.5599017553587604,1.0,0.01,0.24604377804938393,690,1190,1290,1320
2024-09-22,0.3517720103263855,0.03399641293140765,1,0,0.488529234071816,0.5114707659281841,0.5114707659281841,1.0,0.01,0.24604377804938393,690,1190,1290,1320
2024-09-23,0.3637309968471527,0.06598836997319157,1,0,0.48438585942630097,0.515614140573699,0.515614140573699,1.0,0.01,0.24604377804938393,690,1190,1290,1320
2024-09-24,0.3877330124378204,-0.017150979146222767,0,0,0.4659482440850373,0.5340517559149627,0.5340517559149627,1.0,0.01,0.24604377804938393,690,1190,1290,1320
2024-09-25,0.3810830116271972,0.05457861031620803,1,0,0.46651226828848447,0.5334877317115155,0.5334877317115155,1.0,0.01,0.24604377804938393,690,1190,1290,1320
2024-09-26,0.401881992816925,0.001109832151791501,1,0,0.46142770579817977,0.5385722942018203,0.5385722942018203,1.0,0.01,0.24604377804938393,690,1190,1290,1320
2024-09-27,0.4023280143737793,-0.0031715818679386443,0,0,0.46175358063815225,0.5382464193618477,0.5382464193618477,1.0,0.01,0.24604377804938393,690,1190,1290,1320
2024-09-28,0.4010519981384277,-0.008614875509323272,0,0,0.4533153722454082,0.5466846277545918,0.5466846277545918,1.0,0.01,0.24604377804938393,690,1190,1290,1320
2024-09-29,0.3975969851016998,-0.06132586410712537,0,0,0.4931682350956832,0.5068317649043168,0.5068317649043168,1.0,0.01,0.24604377804938393,690,1190,1290,1320
2024-09-30,0.3732140064239502,-0.05565973732778062,0,1,0.5561317710824424,0.4438682289175576,0.5561317710824424,1.0,0.01,0.24604377804938393,690,1190,1290,1320
2024-10-01,0.3524410128593445,-0.02393598894905602,0,1,0.569249249324553,0.430750750675447,0.569249249324553,1.0,0.01,0.24604377804938393,690,1190,1290,1320
2024-10-02,0.3440049886703491,0.003581338194968753,1,1,0.5232138616895226,0.47678613831047745,0.5232138616895226,1.0,0.01,0.24604377804938393,690,1190,1290,1320
2024-10-03,0.345236986875534,0.01784572493418013,1,0,0.49101612283094875,0.5089838771690512,0.5089838771690512,1.0,0.01,0.24604377804938393,690,1190,1290,1320
2024-10-04,0.3513979911804199,-0.00192944425220698,0,0,0.449559441899786,0.550440558100214,0.550440558100214,1.0,0.01,0.24604377804938393,690,1190,1290,1320
2024-10-05,0.3507199883460998,0.018561871346619574,1,0,0.4465218583346774,0.5534781416653226,0.5534781416653226,1.0,0.01,0.24604377804938393,690,1190,1290,1320
2024-10-06,0.357230007648468,-0.016132447347674272,0,0,0.4411608099992364,0.5588391900007637,0.5588391900007637,1.0,0.01,0.24604377804938393,690,1190,1290,1320
2024-10-07,0.3514670133590698,-0.019774318857627038,0,1,0.5029208264629182,0.49707917353708175,0.5029208264629182,1.0,0.01,0.24604377804938393,690,1190,1290,1320
2024-10-08,0.3445169925689697,-0.013976037519489504,0,0,0.46795982421143206,0.532040175788568,0.532040175788568,1.0,0.01,0.24604377804938393,690,1190,1290,1320
2024-10-09,0.3397020101547241,-0.0023904005682147123,0,0,0.48140432995577526,0.5185956700442247,0.5185956700442247,1.0,0.01,0.24604377804938393,690,1190,1290,1320
2024-10-10,0.3388899862766266,0.03628023312454065,1,0,0.4600628400480035,0.5399371599519964,0.5399371599519964,1.0,0.01,0.24604377804938393,690,1190,1290,1320
2024-10-11,0.351184993982315,0.005780471906674078,1,0,0.4503876789474388,0.5496123210525612,0.5496123210525612,1.0,0.01,0.25050609848859856,720,1220,1320,1350
2024-10-12,0.3532150089740753,-0.014668160769441108,0,0,0.45575255579358664,0.5442474442064134,0.5442474442064134,1.0,0.01,0.25050609848859856,720,1220,1320,1350
2024-10-13,0.348033994436264,0.04555593585008766,1,0,0.47322052874424586,0.5267794712557541,0.5267794712557541,1.0,0.01,0.25050609848859856,720,1220,1320,1350
2024-10-14,0.3638890087604522,-0.01473527342839176,0,0,0.46876045252769455,0.5312395474723055,0.5312395474723055,1.0,0.01,0.25050609848859856,720,1220,1320,1350
2024-10-15,0.3585270047187805,-0.016740744312008893,0,0,0.4911326972469852,0.5088673027530148,0.5088673027530148,1.0,0.01,0.25050609848859856,720,1220,1320,1350
2024-10-16,0.352524995803833,-0.02692856809529587,0,0,0.4784317506373675,0.5215682493626326,0.5215682493626326,1.0,0.01,0.25050609848859856,720,1220,1320,1350
2024-10-17,0.3430320024490356,0.02238275748107532,1,0,0.49597819486252326,0.5040218051374767,0.5040218051374767,1.0,0.01,0.25050609848859856,720,1220,1320,1350
2024-10-18,0.3507100045681,0.0027116195574814483,1,0,0.4649751019908109,0.5350248980091892,0.5350248980091892,1.0,0.01,0.25050609848859856,720,1220,1320,1350
2024-10-19,0.3516609966754913,0.03747932695383871,1,0,0.47104619011334914,0.5289538098866509,0.5289538098866509,1.0,0.01,0.25050609848859856,720,1220,1320,1350
2024-10-20,0.3648410141468048,-0.010648476441780685,0,0,0.4696351947631318,0.5303648052368681,0.5303648052368681,1.0,0.01,0.25050609848859856,720,1220,1320,1350
2024-10-21,0.3609560132026672,0.007934411048381884,1,0,0.49126197922827947,0.5087380207717205,0.5087380207717205,1.0,0.01,0.25050609848859856,720,1220,1320,1350
2024-10-22,0.3638199865818023,-0.04179533810138836,0,0,0.474737925023296,0.5252620749767041,0.5252620749767041,1.0,0.01,0.25050609848859856,720,1220,1320,1350
2024-10-23,0.3486140072345733,-0.006609079084543001,0,0,0.4980942573168836,0.5019057426831164,0.5019057426831164,1.0,0.01,0.25050609848859856,720,1220,1320,1350
2024-10-24,0.3463099896907806,-0.06323237008545857,0,0,0.48767427016817216,0.5123257298318278,0.5123257298318278,1.0,0.01,0.25050609848859856,720,1220,1320,1350
2024-10-25,0.3244119882583618,0.027551430991432646,1,1,0.5296464964224372,0.4703535035775628,0.5296464964224372,1.0,0.01,0.25050609848859856,720,1220,1320,1350
2024-10-26,0.3333500027656555,0.019565021094518853,1,0,0.4661724642893747,0.5338275357106252,0.5338275357106252,1.0,0.01,0.25050609848859856,720,1220,1320,1350
2024-10-27,0.3398720026016235,0.011545558781264509,1,0,0.462074875615992,0.537925124384008,0.537925124384008,1.0,0.01,0.25050609848859856,720,1220,1320,1350
2024-10-28,0.3437960147857666,0.03448258823774153,1,0,0.48356047457510565,0.5164395254248944,0.5164395254248944,1.0,0.01,0.25050609848859856,720,1220,1320,1350
2024-10-29,0.3556509912014007,-0.0010880980674254914,0,0,0.45686044961753414,0.5431395503824659,0.5431395503824659,1.0,0.01,0.25050609848859856,720,1220,1320,1350
2024-10-30,0.3552640080451965,-0.03777191606990271,0,0,0.4701164602946126,0.5298835397053874,0.5298835397053874,1.0,0.01,0.25050609848859856,720,1220,1320,1350
2024-10-31,0.3418450057506561,0.04459620685040622,1,0,0.488926596047249,0.511073403952751,0.511073403952751,1.0,0.01,0.25050609848859856,720,1220,1320,1350
2024-11-01,0.3570899963378906,-0.0260970833466867,0,1,0.6121908756265814,0.38780912437341863,0.6121908756265814,1.0,0.01,0.25050609848859856,720,1220,1320,1350
2024-11-02,0.3477709889411926,-0.03877838676632228,0,1,0.6089616523478444,0.3910383476521556,0.6089616523478444,1.0,0.01,0.25050609848859856,720,1220,1320,1350
2024-11-03,0.3342849910259247,-0.024727409730257666,0,1,0.6189778363602643,0.38102216363973573,0.6189778363602643,1.0,0.01,0.25050609848859856,720,1220,1320,1350
2024-11-04,0.3260189890861511,0.024247073554977572,1,1,0.614891680046976,0.38510831995302397,0.614891680046976,1.0,0.01,0.25050609848859856,720,1220,1320,1350
2024-11-05,0.3339239954948425,0.08804101518747154,1,1,0.601915544404123,0.398084455595877,0.601915544404123,1.0,0.01,0.25050609848859856,720,1220,1320,1350
2024-11-06,0.3633230030536651,0.11474635957699286,1,1,0.619698125467028,0.38030187453297204,0.619698125467028,1.0,0.01,0.25050609848859856,720,1220,1320,1350
2024-11-07,0.4050129950046539,0.09580432820325524,1,1,0.5792046253134326,0.42079537468656736,0.5792046253134326,1.0,0.01,0.25050609848859856,720,1220,1320,1350
2024-11-08,0.4438149929046631,0.11235539176844411,1,1,0.6116972259559654,0.38830277404403457,0.6116972259559654,1.0,0.01,0.25050609848859856,720,1220,1320,1350
2024-11-09,0.4936800003051758,0.1957321007377415,1,1,0.5586562080869045,0.4413437919130955,0.5586562080869045,1.0,0.01,0.25050609848859856,720,1220,1320,1350
2024-11-10,0.5903090238571167,0.03980788271746172,1,1,0.5591154324591325,0.44088456754086747,0.5591154324591325,1.0,0.01,0.2495552889392934,750,1250,1350,1380
2024-11-11,0.6138079762458801,-0.06498773692611248,0,1,0.5457109065999273,0.45428909340007273,0.5457109065999273,1.0,0.01,0.2495552889392934,750,1250,1350,1380
2024-11-12,0.5739179849624634,0.008462888106093969,1,1,0.5771067593176262,0.42289324068237377,0.5771067593176262,1.0,0.01,0.2495552889392934,750,1250,1350,1380
2024-11-13,0.5787749886512756,0.002316937193989066,1,1,0.581625545223959,0.41837445477604096,0.581625545223959,1.0,0.01,0.2495552889392934,750,1250,1350,1380
2024-11-14,0.5801159739494324,0.16194005567399317,1,1,0.5898269779081491,0.4101730220918509,0.5898269779081491,1.0,0.01,0.2495552889392934,750,1250,1350,1380
2024-11-15,0.6740599870681763,0.09594697957794107,1,1,0.6162268091054648,0.3837731908945352,0.6162268091054648,1.0,0.01,0.2495552889392934,750,1250,1350,1380
2024-11-16,0.7387340068817139,-0.04928569699610297,0,1,0.5737072538166287,0.4262927461833713,0.5737072538166287,1.0,0.01,0.2495552889392934,750,1250,1350,1380
2024-11-17,0.7023249864578247,0.04592602361797771,1,1,0.5598217934173795,0.4401782065826205,0.5598217934173795,1.0,0.01,0.2495552889392934,750,1250,1350,1380
2024-11-18,0.7345799803733826,0.006891072180141178,1,1,0.5779944542547457,0.4220055457452543,0.5779944542547457,1.0,0.01,0.2495552889392934,750,1250,1350,1380
2024-11-19,0.7396420240402222,0.0820707553000879,1,1,0.5794000625570689,0.4205999374429311,0.5794000625570689,1.0,0.01,0.2495552889392934,750,1250,1350,1380
2024-11-20,0.8003450036048889,0.025150434989645643,1,1,0.6240973274097088,0.3759026725902912,0.6240973274097088,1.0,0.01,0.2495552889392934,750,1250,1350,1380
2024-11-21,0.8204740285873413,0.23151118721245578,1,1,0.5645639489070461,0.4354360510929539,0.5645639489070461,1.0,0.01,0.2495552889392934,750,1250,1350,1380
2024-11-22,1.010422945022583,0.05523828220766247,1,1,0.586331830154279,0.41366816984572097,0.586331830154279,1.0,0.01,0.2495552889392934,750,1250,1350,1380
2024-11-23,1.066236972808838,-0.04045160217006605,0,1,0.5420615950361394,0.4579384049638606,0.5420615950361394,1.0,0.01,0.2495552889392934,750,1250,1350,1380
2024-11-24,1.0231059789657593,-0.07566856026290913,0,1,0.5388262737089815,0.4611737262910185,0.5388262737089815,1.0,0.01,0.2495552889392934,750,1250,1350,1380
2024-11-25,0.945689022541046,0.01643561851550901,1,1,0.5854900929014357,0.4145099070985643,0.5854900929014357,1.0,0.01,0.2495552889392934,750,1250,1350,1380
2024-11-26,0.9612320065498352,0.054215787549133365,1,1,0.5818756655736452,0.41812433442635477,0.5818756655736452,1.0,0.01,0.2495552889392934,750,1250,1350,1380
2024-11-27,1.0133459568023682,0.019896449199476196,1,1,0.5724291034338007,0.4275708965661993,0.5724291034338007,1.0,0.01,0.2495552889392934,750,1250,1350,1380
2024-11-28,1.0335079431533811,0.04194462249124653,1,1,0.5611977132798457,0.4388022867201543,0.5611977132798457,1.0,0.01,0.2495552889392934,750,1250,1350,1380
2024-11-29,1.0768580436706543,0.001935164623494634,1,1,0.5981079722611269,0.4018920277388731,0.5981079722611269,1.0,0.01,0.2495552889392934,750,1250,1350,1380
2024-11-30,1.0789419412612915,0.07072673296709775,1,1,0.5956384310483622,0.4043615689516378,0.5956384310483622,1.0,0.01,0.2495552889392934,750,1250,1350,1380
2024-12-01,1.1552519798278809,0.04027177504469126,1,0,0.41478854774969354,0.5852114522503065,0.5852114522503065,1.0,0.01,0.2495552889392934,750,1250,1350,1380
2024-12-02,1.2017760276794434,-0.0030372291946972885,0,1,0.5101064480259001,0.4898935519740999,0.5101064480259001,1.0,0.01,0.2495552889392934,750,1250,1350,1380
2024-12-03,1.198125958442688,-0.009019055462211267,0,0,0.44095069642419077,0.5590493035758093,0.5590493035758093,1.0,0.01,0.2495552889392934,750,1250,1350,1380
2024-12-04,1.1873199939727783,-0.002196494323974174,0,0,0.41279123703786735,0.5872087629621326,0.5872087629621326,1.0,0.01,0.2495552889392934,750,1250,1350,1380
2024-12-05,1.184712052345276,0.039161367607541964,1,0,0.4441548538456451,0.5558451461543549,0.5558451461543549,1.0,0.01,0.2495552889392934,750,1250,1350,1380
2024-12-06,1.2311069965362549,-0.01373644196910051,0,0,0.4025099162680936,0.5974900837319064,0.5974900837319064,1.0,0.01,0.2495552889392934,750,1250,1350,1380
2024-12-07,1.214195966720581,-0.01474638144311069,0,0,0.4120037225085055,0.5879962774914945,0.5879962774914945,1.0,0.01,0.2495552889392934,750,1250,1350,1380
2024-12-08,1.1962909698486328,-0.15777258805390937,0,0,0.44723699180245635,0.5527630081975436,0.5527630081975436,1.0,0.01,0.2495552889392934,750,1250,1350,1380
2024-12-09,1.0075490474700928,0.01251749007978531,1,1,0.5666590473780504,0.4333409526219496,0.5666590473780504,1.0,0.01,0.2495552889392934,750,1250,1350,1380
2024-12-10,1.0201610326766968,0.06737066168590711,1,0,0.4361057420899197,0.5638942579100803,0.5638942579100803,1.0,0.01,0.23153802346236002,780,1280,1380,1410
2024-12-11,1.0888899564743042,0.03317692238384429,1,0,0.3013756688043624,0.6986243311956376,0.6986243311956376,1.0,0.01,0.23153802346236002,780,1280,1380,1410
2024-12-12,1.1250159740447998,-0.004812384196442254,0,0,0.33745124627065354,0.6625487537293464,0.6625487537293464,1.0,0.01,0.23153802346236002,780,1280,1380,1410
2024-12-13,1.1196019649505615,-0.052777701470905436,0,0,0.310282491362967,0.6897175086370331,0.6897175086370331,1.0,0.01,0.23153802346236002,780,1280,1380,1410
2024-12-14,1.0605119466781616,0.038845491550961064,1,1,0.6160759137234227,0.38392408627657726,0.6160759137234227,1.0,0.01,0.23153802346236002,780,1280,1380,1410
2024-12-15,1.1017080545425415,-0.020742394579755463,0,0,0.25391945371242347,0.7460805462875766,0.7460805462875766,1.0,0.01,0.23153802346236002,780,1280,1380,1410
2024-12-16,1.0788559913635254,-0.025333311234130185,0,0,0.43696799938903275,0.5630320006109673,0.5630320006109673,1.0,0.01,0.23153802346236002,780,1280,1380,1410
2024-12-17,1.051524996757507,-0.07903280314519101,0,0,0.40780979252746913,0.5921902074725309,0.5921902074725309,1.0,0.01,0.23153802346236002,780,1280,1380,1410
2024-12-18,0.9684200286865234,-0.08562198782426123,0,1,0.5492844871044917,0.45071551289550826,0.5492844871044917,1.0,0.01,0.23153802346236002,780,1280,1380,1410
2024-12-19,0.8855019807815552,0.07397953105014743,1,1,0.6156192073370077,0.3843807926629923,0.6156192073370077,1.0,0.01,0.23153802346236002,780,1280,1380,1410
2024-12-20,0.9510110020637512,-0.04870288694358127,0,0,0.40603472111866223,0.5939652788813378,0.5939652788813378,1.0,0.01,0.23153802346236002,780,1280,1380,1410
2024-12-21,0.9046940207481384,-0.024005934282134156,0,0,0.4789369791076178,0.5210630208923822,0.5210630208923822,1.0,0.01,0.23153802346236002,780,1280,1380,1410
2024-12-22,0.8829759955406189,0.04673968242888993,1,0,0.46453763159070227,0.5354623684092977,0.5354623684092977,1.0,0.01,0.23153802346236002,780,1280,1380,1410
2024-12-23,0.9242460131645204,0.0132151016282116,1,0,0.3984431914946131,0.6015568085053868,0.6015568085053868,1.0,0.01,0.23153802346236002,780,1280,1380,1410
2024-12-24,0.936460018157959,-0.02093100256174074,0,0,0.3672819362919415,0.6327180637080585,0.6327180637080585,1.0,0.01,0.23153802346236002,780,1280,1380,1410
2024-12-25,0.916858971118927,-0.062249432644875036,0,0,0.39392481231074783,0.6060751876892522,0.6060751876892522,1.0,0.01,0.23153802346236002,780,1280,1380,1410
2024-12-26,0.8597850203514099,0.01742644732865939,1,1,0.5379679965408681,0.46203200345913187,0.5379679965408681,1.0,0.01,0.23153802346236002,780,1280,1380,1410
2024-12-27,0.8747680187225342,0.014917105087075777,1,0,0.44197418448807324,0.5580258155119268,0.5580258155119268,1.0,0.01,0.23153802346236002,780,1280,1380,1410
2024-12-28,0.8878170251846313,-0.03286376497824994,0,0,0.39679612122655716,0.6032038787734428,0.6032038787734428,1.0,0.01,0.23153802346236002,780,1280,1380,1410
2024-12-29,0.8586400151252747,0.001603683126042199,1,0,0.49578712077815457,0.5042128792218454,0.5042128792218454,1.0,0.01,0.23153802346236002,780,1280,1380,1410
2024-12-30,0.8600170016288757,-0.018897279039380654,0,0,0.4840250984775737,0.5159749015224263,0.5159749015224263,1.0,0.01,0.23153802346236002,780,1280,1380,1410
2024-12-31,0.8437650203704834,0.08749707191876133,1,0,0.4535976247574361,0.546402375242564,0.546402375242564,1.0,0.01,0.23153802346236002,780,1280,1380,1410
2025-01-01,0.9175919890403748,0.047682443219356996,1,0,0.37261523774530547,0.6273847622546945,0.6273847622546945,1.0,0.01,0.23153802346236002,780,1280,1380,1410
2025-01-02,0.9613450169563292,0.13421924516760297,1,0,0.41101367448639203,0.588986325513608,0.588986325513608,1.0,0.01,0.23153802346236002,780,1280,1380,1410
2025-01-03,1.0903760194778442,-0.017403146061814145,0,1,0.506088268024219,0.493911731975781,0.506088268024219,1.0,0.01,0.23153802346236002,780,1280,1380,1410
2025-01-04,1.0714000463485718,0.02059636909036988,1,0,0.3653167076743289,0.6346832923256711,0.6346832923256711,1.0,0.01,0.23153802346236002,780,1280,1380,1410
2025-01-05,1.0934669971466064,0.0006008067883427337,1,0,0.41436659149150773,0.5856334085084922,0.5856334085084922,1.0,0.01,0.23153802346236002,780,1280,1380,1410
2025-01-06,1.0941239595413208,-0.09332942696572544,0,0,0.41228531804390905,0.587714681956091,0.587714681956091,1.0,0.01,0.23153802346236002,780,1280,1380,1410
2025-01-07,0.9920099973678588,-0.044333211601686684,0,1,0.5845763624494563,0.4154236375505437,0.5845763624494563,1.0,0.01,0.23153802346236002,780,1280,1380,1410
2025-01-08,0.9480310082435608,-0.04434559981530717,0,0,0.4954924782503377,0.5045075217496623,0.5045075217496623,1.0,0.01,0.23153802346236002,780,1280,1380,1410
2025-01-09,0.9059900045394896,0.02810515006917802,1,1,0.5245853108370394,0.4754146891629606,0.5245853108370394,1.0,0.01,0.22973224880540094,810,1310,1410,1440
2025-01-10,0.9314529895782472,0.06771250208290813,1,0,0.42271323346430495,0.5772867665356951,0.5772867665356951,1.0,0.01,0.22973224880540094,810,1310,1410,1440
2025-01-11,0.9945240020751952,-0.026112017828340828,0,0,0.3293792794888298,0.6706207205111703,0.6706207205111703,1.0,0.01,0.22973224880540094,810,1310,1410,1440
2025-01-12,0.9685549736022948,-0.024586058929493393,0,0,0.45523620714350815,0.5447637928564919,0.5447637928564919,1.0,0.01,0.22973224880540094,810,1310,1410,1440
2025-01-13,0.9447420239448548,0.05310123108683995,1,0,0.4646612775808228,0.5353387224191772,0.5353387224191772,1.0,0.01,0.22973224880540094,810,1310,1410,1440
2025-01-14,0.9949089884757996,0.08467611317962476,1,0,0.3319787896453952,0.6680212103546048,0.6680212103546048,1.0,0.01,0.22973224880540094,810,1310,1410,1440
2025-01-15,1.0791540145874023,0.010142169100589848,1,0,0.450316771083061,0.549683228916939,0.549683228916939,1.0,0.01,0.22973224880540094,810,1310,1410,1440
2025-01-16,1.0900989770889282,0.041301721608593134,1,0,0.39957577697118224,0.6004242230288177,0.6004242230288177,1.0,0.01,0.22973224880540094,810,1310,1410,1440
2025-01-17,1.1351219415664673,-0.029115762679486568,0,0,0.3439357902546836,0.6560642097453164,0.6560642097453164,1.0,0.01,0.22973224880540094,810,1310,1410,1440
2025-01-18,1.10207200050354,-0.10061136740996335,0,0,0.3836641515272615,0.6163358484727385,0.6163358484727385,1.0,0.01,0.22973224880540094,810,1310,1410,1440
2025-01-19,0.991191029548645,0.017608064162888182,1,1,0.5868732111547112,0.41312678884528875,0.5868732111547112,1.0,0.01,0.22973224880540094,810,1310,1410,1440
2025-01-20,1.0086439847946167,-0.003955741551442515,0,0,0.39873289903240383,0.6012671009675962,0.6012671009675962,1.0,0.01,0.22973224880540094,810,1310,1410,1440
2025-01-21,1.004654049873352,-0.02290348114877594,0,0,0.3951023698607709,0.604897630139229,0.604897630139229,1.0,0.01,0.22973224880540094,810,1310,1410,1440
2025-01-22,0.9816439747810364,0.005959408116445797,1,0,0.4118866920216606,0.5881133079783394,0.5881133079783394,1.0,0.01,0.22973224880540094,810,1310,1410,1440
2025-01-23,0.9874939918518066,-0.01620260270169116,0,0,0.4276702652538255,0.5723297347461744,0.5723297347461744,1.0,0.01,0.22973224880540094,810,1310,1410,1440
2025-01-24,0.9714940190315248,0.0059474942120558705,1,0,0.40897425909769025,0.5910257409023097,0.5910257409023097,1.0,0.01,0.22973224880540094,810,1310,1410,1440
2025-01-25,0.9772719740867616,-0.02293731549887823,0,0,0.3569567763205469,0.6430432236794531,0.6430432236794531,1.0,0.01,0.22973224880540094,810,1310,1410,1440
2025-01-26,0.954855978488922,-0.022949002251897,0,0,0.44790643170357775,0.5520935682964223,0.5520935682964223,1.0,0.01,0.22973224880540094,810,1310,1410,1440
2025-01-27,0.9329429864883424,-0.0180375444043408,0,1,0.5550907776237226,0.4449092223762774,0.5550907776237226,1.0,0.01,0.22973224880540094,810,1310,1410,1440
2025-01-28,0.9161149859428406,0.027302267379290646,1,0,0.4221122034071204,0.5778877965928796,0.5778877965928796,1.0,0.01,0.22973224880540094,810,1310,1410,1440
2025-01-29,0.9411270022392272,0.02113101682631835,1,0,0.37982478676847886,0.6201752132315211,0.6201752132315211,1.0,0.01,0.22973224880540094,810,1310,1410,1440
2025-01-30,0.9610139727592468,-0.0195470621446604,0,0,0.3527126679979957,0.6472873320020043,0.6472873320020043,1.0,0.01,0.22973224880540094,810,1310,1410,1440
2025-01-31,0.9422289729118348,-0.04700025221440396,0,0,0.4151975374808019,0.5848024625191981,0.5848024625191981,1.0,0.01,0.22973224880540094,810,1310,1410,1440
2025-02-01,0.8979439735412598,-0.10713806837039497,0,0,0.45255464363585746,0.5474453563641426,0.5474453563641426,1.0,0.01,0.22973224880540094,810,1310,1410,1440
2025-02-02,0.8017399907112122,0.01224715104083618,1,1,0.6545764721290929,0.34542352787090713,0.6545764721290929,1.0,0.01,0.22973224880540094,810,1310,1410,1440
2025-02-03,0.8115590214729309,-0.08035891798740291,0,1,0.5689744563241241,0.43102554367587587,0.5689744563241241,1.0,0.01,0.22973224880540094,810,1310,1410,1440
2025-02-04,0.7463430166244507,-0.017597810112767065,0,1,0.593416140199091,0.40658385980090905,0.593416140199091,1.0,0.01,0.22973224880540094,810,1310,1410,1440
2025-02-05,0.7332090139389038,-0.03838883764730061,0,1,0.5212737581572192,0.4787262418427808,0.5212737581572192,1.0,0.01,0.22973224880540094,810,1310,1410,1440
2025-02-06,0.7050619721412659,0.0028806379452761544,1,1,0.5733971163069292,0.42660288369307076,0.5733971163069292,1.0,0.01,0.22973224880540094,810,1310,1410,1440
2025-02-07,0.7070930004119873,-0.007416304000016138,0,1,0.5030772069565069,0.49692279304349307,0.5030772069565069,1.0,0.01,0.22973224880540094,810,1310,1410,1440
2025-02-08,0.7018489837646484,-0.027282211098157205,0,0,0.48375212423498126,0.5162478757650187,0.5162478757650187,1.0,0.01,0.22783246012929248,840,1340,1440,1470
2025-02-09,0.6827009916305542,0.041001859466647916,1,1,0.5313548132492455,0.4686451867507545,0.5313548132492455,1.0,0.01,0.22783246012929248,840,1340,1440,1470
2025-02-10,0.7106930017471313,0.0966746201812394,1,0,0.431857982236033,0.568142017763967,0.568142017763967,1.0,0.01,0.22783246012929248,840,1340,1440,1470
2025-02-11,0.7793989777565002,0.025436319343353775,1,0,0.48769835800220185,0.5123016419977982,0.5123016419977982,1.0,0.01,0.22783246012929248,840,1340,1440,1470
2025-02-12,0.7992240190505981,0.014411480738627969,1,0,0.3965988525566613,0.6034011474433387,0.6034011474433387,1.0,0.01,0.22783246012929248,840,1340,1440,1470
2025-02-13,0.8107420206069946,-0.01262425200305195,0,0,0.40462728647396046,0.5953727135260396,0.5953727135260396,1.0,0.01,0.22783246012929248,840,1340,1440,1470
2025-02-14,0.8005070090293884,-0.024230918806675605,0,0,0.43991026356678253,0.5600897364332175,0.5600897364332175,1.0,0.01,0.22783246012929248,840,1340,1440,1470
2025-02-15,0.7811099886894226,-0.01165644691419998,0,0,0.44560415730917263,0.5543958426908273,0.5543958426908273,1.0,0.01,0.22783246012929248,840,1340,1440,1470
2025-02-16,0.772005021572113,0.04665770286582971,1,0,0.47015794658194504,0.529842053418055,0.529842053418055,1.0,0.01,0.22783246012929248,840,1340,1440,1470
2025-02-17,0.8080250024795532,-0.06888645297685747,0,1,0.5139837822394377,0.48601621776056225,0.5139837822394377,1.0,0.01,0.22783246012929248,840,1340,1440,1470
2025-02-18,0.7523630261421204,0.027353807948738096,1,1,0.5361817529889185,0.46381824701108154,0.5361817529889185,1.0,0.01,0.22783246012929248,840,1340,1440,1470
2025-02-19,0.7729430198669434,0.04079340324581637,1,0,0.4129104644470685,0.5870895355529315,0.5870895355529315,1.0,0.01,0.22783246012929248,840,1340,1440,1470
2025-02-20,0.8044739961624146,-0.05357908380587628,0,0,0.402771070062784,0.597228929937216,0.597228929937216,1.0,0.01,0.22783246012929248,840,1340,1440,1470
2025-02-21,0.7613710165023804,0.01718078869325579,1,1,0.53166916993869,0.46833083006131004,0.53166916993869,1.0,0.01,0.22783246012929248,840,1340,1440,1470
2025-02-22,0.7744519710540771,-0.005695617413116527,0,0,0.39635642641440383,0.6036435735855962,0.6036435735855962,1.0,0.01,0.22783246012929248,840,1340,1440,1470
2025-02-23,0.7700409889221191,-0.114070560712072,0,0,0.44831433838034607,0.5516856616196539,0.5516856616196539,1.0,0.01,0.22783246012929248,840,1340,1440,1470
2025-02-24,0.6822019815444946,0.0005570772665119961,1,1,0.6558165287780278,0.34418347122197224,0.6558165287780278,1.0,0.01,0.22783246012929248,840,1340,1440,1470
2025-02-25,0.6825820207595825,-0.05500293141023971,0,1,0.5079235656799735,0.49207643432002646,0.5079235656799735,1.0,0.01,0.22783246012929248,840,1340,1440,1470
2025-02-26,0.6450380086898804,0.0008479993701684396,1,1,0.5713720309756196,0.4286279690243804,0.5713720309756196,1.0,0.01,0.22783246012929248,840,1340,1440,1470
2025-02-27,0.6455850005149841,-0.019414983807305553,0,0,0.4782870011443836,0.5217129988556164,0.5217129988556164,1.0,0.01,0.22783246012929248,840,1340,1440,1470
2025-02-28,0.6330509781837463,0.04140899306109036,1,1,0.5356846065058969,0.4643153934941031,0.5356846065058969,1.0,0.01,0.22783246012929248,840,1340,1440,1470
2025-03-01,0.6592649817466736,0.7132762136265101,1,0,0.45064616417579945,0.5493538358242005,0.5493538358242005,1.0,0.01,0.22783246012929248,840,1340,1440,1470
2025-03-02,1.1295030117034912,-0.24279616859515363,0,1,0.6334861904511161,0.3665138095488839,0.6334861904511161,1.0,0.01,0.22783246012929248,840,1340,1440,1470
2025-03-03,0.8552640080451965,0.10056896850075914,1,1,0.5940596236591948,0.40594037634080515,0.5940596236591948,1.0,0.01,0.22783246012929248,840,1340,1440,1470
2025-03-04,0.941277027130127,0.0362050221859056,1,1,0.5456435497414668,0.4543564502585332,0.5456435497414668,1.0,0.01,0.22783246012929248,840,1340,1440,1470
2025-03-05,0.9753559827804564,-0.06951716103354733,0,1,0.5422737243648645,0.45772627563513546,0.5422737243648645,1.0,0.01,0.22783246012929248,840,1340,1440,1470
2025-03-06,0.9075520038604736,-0.09999647975108161,0,1,0.5539145602667832,0.4460854397332168,0.5539145602667832,1.0,0.01,0.22783246012929248,840,1340,1440,1470
2025-03-07,0.8167999982833862,-0.014823736484420591,0,1,0.6028247713802527,0.3971752286197473,0.6028247713802527,1.0,0.01,0.22783246012929248,840,1340,1440,1470
2025-03-08,0.8046919703483582,-0.10506254920654368,0,1,0.5833845501482521,0.4166154498517479,0.5833845501482521,1.0,0.01,0.22783246012929248,840,1340,1440,1470
2025-03-09,0.7201489806175232,-0.06603076701515753,0,1,0.7076494948978931,0.2923505051021069,0.7076494948978931,1.0,0.01,0.22783246012929248,840,1340,1440,1470
2025-03-10,0.6725969910621643,0.07432385069350755,1,1,0.5482884428576051,0.45171155714239486,0.5482884428576051,1.0,scale,0.23973693839563212,870,1370,1470,1500
2025-03-11,0.722586989402771,0.017793040962309714,1,1,0.5493449255215402,0.45065507447845976,0.5493449255215402,1.0,scale,0.23973693839563212,870,1370,1470,1500
2025-03-12,0.7354440093040466,-0.045081642697777924,0,1,0.5505225134788995,0.44947748652110053,0.5505225134788995,1.0,scale,0.23973693839563212,870,1370,1470,1500
2025-03-13,0.7022889852523804,0.05129941521520043,1,1,0.5509453339121225,0.4490546660878775,0.5509453339121225,1.0,scale,0.23973693839563212,870,1370,1470,1500
2025-03-14,0.738315999507904,0.013507752189876321,1,1,0.5482455184961113,0.45175448150388875,0.5482455184961113,1.0,scale,0.23973693839563212,870,1370,1470,1500
2025-03-15,0.7482889890670776,-0.056829639405311605,0,1,0.5486568018075645,0.4513431981924355,0.5486568018075645,1.0,scale,0.23973693839563212,870,1370,1470,1500
2025-03-16,0.7057639956474304,0.017467636143134513,1,1,0.5550571502794774,0.44494284972052256,0.5550571502794774,1.0,scale,0.23973693839563212,870,1370,1470,1500
2025-03-17,0.7180920243263245,-0.022296584751217763,0,0,0.4866853104106701,0.5133146895893299,0.5133146895893299,1.0,scale,0.23973693839563212,870,1370,1470,1500
2025-03-18,0.702081024646759,0.059991603676553984,1,1,0.5119542140793522,0.48804578592064785,0.5119542140793522,1.0,scale,0.23973693839563212,870,1370,1470,1500
2025-03-19,0.7441999912261963,-0.035854572994626466,0,1,0.5005130443864535,0.4994869556135465,0.5005130443864535,1.0,scale,0.23973693839563212,870,1370,1470,1500
2025-03-20,0.7175170183181763,-0.017281863388896035,0,0,0.49115428312496495,0.5088457168750351,0.5088457168750351,1.0,scale,0.23973693839563212,870,1370,1470,1500
2025-03-21,0.7051169872283936,-0.00592236620766029,0,0,0.49540321380406177,0.5045967861959382,0.5045967861959382,1.0,scale,0.23973693839563212,870,1370,1470,1500
2025-03-22,0.7009410262107849,0.012222106101962726,1,0,0.49676098522518913,0.5032390147748109,0.5032390147748109,1.0,scale,0.23973693839563212,870,1370,1470,1500
2025-03-23,0.7095080018043518,0.030284362614271476,1,0,0.48850487147603394,0.5114951285239661,0.5114951285239661,1.0,scale,0.23973693839563212,870,1370,1470,1500
2025-03-24,0.7309949994087219,0.019432388667995015,1,0,0.4945566432512745,0.5054433567487255,0.5054433567487255,1.0,scale,0.23973693839563212,870,1370,1470,1500
2025-03-25,0.745199978351593,-0.022997859367747675,0,0,0.4757780887033122,0.5242219112966878,0.5242219112966878,1.0,scale,0.23973693839563212,870,1370,1470,1500
2025-03-26,0.7280619740486145,0.01319942204789526,1,0,0.46905791388885015,0.5309420861111498,0.5309420861111498,1.0,scale,0.23973693839563212,870,1370,1470,1500
2025-03-27,0.737671971321106,-0.0435436675354931,0,0,0.4602590785181447,0.5397409214818554,0.5397409214818554,1.0,scale,0.23973693839563212,870,1370,1470,1500
2025-03-28,0.705551028251648,-0.04482882834782809,0,0,0.4944943971533677,0.5055056028466323,0.5055056028466323,1.0,scale,0.23973693839563212,870,1370,1470,1500
2025-03-29,0.6739220023155212,-0.019607598614429622,0,1,0.5046013330849631,0.49539866691503687,0.5046013330849631,1.0,scale,0.23973693839563212,870,1370,1470,1500
2025-03-30,0.6607080101966858,0.0011184643965573837,1,1,0.5165831519685988,0.48341684803140117,0.5165831519685988,1.0,scale,0.23973693839563212,870,1370,1470,1500
2025-03-31,0.6614469885826111,0.02450384280270068,1,1,0.5371527545323675,0.46284724546763245,0.5371527545323675,1.0,scale,0.23973693839563212,870,1370,1470,1500
2025-04-01,0.6776549816131592,-0.05314797112610914,0,0,0.3500380436619808,0.6499619563380192,0.6499619563380192,1.0,scale,0.23973693839563212,870,1370,1470,1500
2025-04-02,0.641638994216919,0.013122629103654804,1,0,0.49367824906751656,0.5063217509324834,0.5063217509324834,1.0,scale,0.23973693839563212,870,1370,1470,1500
2025-04-03,0.6500589847564697,0.015983231525612096,1,0,0.3786772359122443,0.6213227640877557,0.6213227640877557,1.0,scale,0.23973693839563212,870,1370,1470,1500
2025-04-04,0.6604490280151367,-0.00874861558543949,0,0,0.34289783426812354,0.6571021657318765,0.6571021657318765,1.0,scale,0.23973693839563212,870,1370,1470,1500
2025-04-05,0.6546710133552551,-0.12506740758025836,0,0,0.34937740211943225,0.6506225978805678,0.6506225978805678,1.0,scale,0.23973693839563212,870,1370,1470,1500
2025-04-06,0.5727930068969727,0.02206376942377597,1,1,0.5745315883056235,0.42546841169437655,0.5745315883056235,1.0,scale,0.23973693839563212,870,1370,1470,1500
2025-04-07,0.5854309797286987,-0.047047404871276455,0,1,0.511930835386963,0.48806916461303695,0.511930835386963,1.0,scale,0.23973693839563212,870,1370,1470,1500
2025-04-08,0.5578879714012146,0.13226490674433777,1,1,0.637189602443786,0.362810397556214,0.637189602443786,1.0,scale,0.23973693839563212,870,1370,1470,1500
2025-04-09,0.631676971912384,-0.035285405501396916,0,0,0.4550966760073416,0.5449033239926584,0.5449033239926584,1.0,0.1,0.24281568051178604,900,1400,1500,1530
2025-04-10,0.609387993812561,0.024252252139461472,1,0,0.49518737155953924,0.5048126284404608,0.5048126284404608,1.0,0.1,0.24281568051178604,900,1400,1500,1530
2025-04-11,0.6241670250892639,0.05556999117151462,1,0,0.46389281689278217,0.5361071831072178,0.5361071831072178,1.0,0.1,0.24281568051178604,900,1400,1500,1530
2025-04-12,0.6588519811630249,-0.0315351363733164,0,0,0.3178175317223424,0.6821824682776576,0.6821824682776576,1.0,0.1,0.24281568051178604,900,1400,1500,1530
2025-04-13,0.6380749940872192,-0.005016663985706993,0,0,0.48922756254609817,0.5107724374539018,0.5107724374539018,1.0,0.1,0.24281568051178604,900,1400,1500,1530
2025-04-14,0.6348739862442017,-0.040497800386765426,0,0,0.4141286196973289,0.5858713803026712,0.5858713803026712,1.0,0.1,0.24281568051178604,900,1400,1500,1530
2025-04-15,0.6091629862785339,0.0020618276274138037,1,0,0.47443711191583465,0.5255628880841654,0.5255628880841654,1.0,0.1,0.24281568051178604,900,1400,1500,1530
2025-04-16,0.610418975353241,0.009642587327512997,1,0,0.4327425289380023,0.5672574710619978,0.5672574710619978,1.0,0.1,0.24281568051178604,900,1400,1500,1530
2025-04-17,0.6163049936294556,0.018075448056370513,1,0,0.39353693321739197,0.6064630667826081,0.6064630667826081,1.0,0.1,0.24281568051178604,900,1400,1500,1530
2025-04-18,0.6274449825286865,0.0008112642232478429,1,0,0.3767279842540943,0.6232720157459057,0.6232720157459057,1.0,0.1,0.24281568051178604,900,1400,1500,1530
2025-04-19,0.6279540061950684,-0.01301374803992661,0,0,0.39273335205794135,0.6072666479420586,0.6072666479420586,1.0,0.1,0.24281568051178604,900,1400,1500,1530
2025-04-20,0.6197819709777832,0.0067088431323218956,1,0,0.38409593590764896,0.615904064092351,0.615904064092351,1.0,0.1,0.24281568051178604,900,1400,1500,1530
2025-04-21,0.6239399909973145,0.09049590866467394,1,0,0.39885413465070907,0.6011458653492909,0.6011458653492909,1.0,0.1,0.24281568051178604,900,1400,1500,1530
2025-04-22,0.680404007434845,0.025223198544758185,1,0,0.3783131436281078,0.6216868563718922,0.6216868563718922,1.0,0.1,0.24281568051178604,900,1400,1500,1530
2025-04-23,0.6975659728050232,0.03477950289728082,1,0,0.4083712739726012,0.5916287260273988,0.5916287260273988,1.0,0.1,0.24281568051178604,900,1400,1500,1530
2025-04-24,0.72182697057724,-0.010647924852399737,0,0,0.4420786509270969,0.5579213490729031,0.5579213490729031,1.0,0.1,0.24281568051178604,900,1400,1500,1530
2025-04-25,0.7141410112380981,-0.009269863749319929,0,0,0.4340924119416948,0.5659075880583052,0.5659075880583052,1.0,0.1,0.24281568051178604,900,1400,1500,1530
2025-04-26,0.7075210213661194,-0.0050118645522796434,0,0,0.36309681836642377,0.6369031816335762,0.6369031816335762,1.0,0.1,0.24281568051178604,900,1400,1500,1530
2025-04-27,0.7039750218391418,0.002137799821366082,1,0,0.38144158205037204,0.618558417949628,0.618558417949628,1.0,0.1,0.24281568051178604,900,1400,1500,1530
2025-04-28,0.7054799795150757,-0.012969848741000933,0,0,0.4635563113308395,0.5364436886691605,0.5364436886691605,1.0,0.1,0.24281568051178604,900,1400,1500,1530
2025-04-29,0.6963300108909607,-0.020679857417248537,0,0,0.39375368227630386,0.6062463177236961,0.6062463177236961,1.0,0.1,0.24281568051178604,900,1400,1500,1530
2025-04-30,0.6819300055503845,0.0344669080290716,1,0,0.3593528809982011,0.6406471190017988,0.6406471190017988,1.0,0.1,0.24281568051178604,900,1400,1500,1530
2025-05-01,0.7054340243339539,-0.010478724559300545,0,1,0.5197786084739523,0.4802213915260477,0.5197786084739523,1.0,0.1,0.24281568051178604,900,1400,1500,1530
2025-05-02,0.6980419754981995,0.004276248012479611,1,1,0.5775511441692301,0.42244885583076985,0.5775511441692301,1.0,0.1,0.24281568051178604,900,1400,1500,1530
2025-05-03,0.701026976108551,-0.034713310565405275,0,1,0.5906506911820171,0.4093493088179829,0.5906506911820171,1.0,0.1,0.24281568051178604,900,1400,1500,1530
2025-05-04,0.676692008972168,-0.02026916566957404,0,1,0.5214121120099907,0.4785878879900093,0.5214121120099907,1.0,0.1,0.24281568051178604,900,1400,1500,1530
2025-05-05,0.6629760265350342,0.02323757166751239,1,1,0.5110207945831237,0.48897920541687634,0.5110207945831237,1.0,0.1,0.24281568051178604,900,1400,1500,1530
2025-05-06,0.6783819794654846,-0.010607606594677077,0,0,0.42638600470374177,0.5736139952962582,0.5736139952962582,1.0,0.1,0.24281568051178604,900,1400,1500,1530
2025-05-07,0.6711859703063965,0.1421633350597018,1,0,0.47183285412897025,0.5281671458710298,0.5281671458710298,1.0,0.1,0.24281568051178604,900,1400,1500,1530
2025-05-08,0.7666040062904358,0.014488533629991807,1,1,0.6058895233352647,0.3941104766647353,0.6058895233352647,1.0,0.1,0.24281568051178604,900,1400,1500,1530
2025-05-09,0.7777109742164612,0.08172963693182589,1,0,0.44281525961280277,0.5571847403871972,0.5571847403871972,10.0,scale,0.2431321424366089,930,1430,1530,1560
2025-05-10,0.8412730097770691,-0.043129910340770516,0,0,0.42591002712043957,0.5740899728795604,0.5740899728795604,10.0,scale,0.2431321424366089,930,1430,1530,1560
2025-05-11,0.8049889802932739,0.015713258194418156,1,1,0.5527416226068596,0.44725837739314045,0.5527416226068596,10.0,scale,0.2431321424366089,930,1430,1530,1560
2025-05-12,0.8176379799842834,0.017027139192323126,1,1,0.5112451045048917,0.4887548954951083,0.5112451045048917,10.0,scale,0.2431321424366089,930,1430,1530,1560
2025-05-13,0.8315600156784058,-0.038529991050271994,0,1,0.5196252259938783,0.4803747740061217,0.5196252259938783,10.0,scale,0.2431321424366089,930,1430,1530,1560
2025-05-14,0.7995200157165527,-0.047875011555332914,0,1,0.6750903167004404,0.3249096832995596,0.6750903167004404,10.0,scale,0.2431321424366089,930,1430,1530,1560
2025-05-15,0.7612429857254028,-0.0025944408574753997,0,1,0.6468698902953385,0.3531301097046615,0.6468698902953385,10.0,scale,0.2431321424366089,930,1430,1530,1560
2025-05-16,0.7592679858207703,-0.022235832859111127,0,1,0.514605828965549,0.48539417103445104,0.514605828965549,10.0,scale,0.2431321424366089,930,1430,1530,1560
2025-05-17,0.7423850297927856,0.024570792139543274,1,1,0.6281850553758199,0.3718149446241801,0.6281850553758199,10.0,scale,0.2431321424366089,930,1430,1530,1560
2025-05-18,0.7606260180473328,-0.02309025014679278,0,1,0.5677371241112128,0.4322628758887872,0.5677371241112128,10.0,scale,0.2431321424366089,930,1430,1530,1560
2025-05-19,0.7430629730224609,0.0035879276090342582,1,1,0.5714585385748537,0.42854146142514626,0.5714585385748537,10.0,scale,0.2431321424366089,930,1430,1530,1560
2025-05-20,0.7457290291786194,0.03351078153058484,1,1,0.5024057891288227,0.4975942108711773,0.5024057891288227,10.0,scale,0.2431321424366089,930,1430,1530,1560
2025-05-21,0.7707189917564392,0.04855079676229557,1,1,0.5739565393826249,0.4260434606173751,0.5739565393826249,10.0,scale,0.2431321424366089,930,1430,1530,1560
2025-05-22,0.8081380128860474,-0.0764201663541153,0,0,0.4525741993397968,0.5474258006602032,0.5474258006602032,10.0,scale,0.2431321424366089,930,1430,1530,1560
2025-05-23,0.7463799715042114,0.0010879896452518079,1,1,0.689635559113736,0.310364440886264,0.689635559113736,10.0,scale,0.2431321424366089,930,1430,1530,1560
2025-05-24,0.7471920251846313,0.017118729220515716,1,0,0.43681210467980947,0.5631878953201905,0.5631878953201905,10.0,scale,0.2431321424366089,930,1430,1530,1560
2025-05-25,0.7599830031394958,-0.0005631980614880794,0,0,0.4583785607488823,0.5416214392511177,0.5416214392511177,10.0,scale,0.2431321424366089,930,1430,1530,1560
2025-05-26,0.7595549821853638,-0.0011479831860367051,0,1,0.519319348887179,0.480680651112821,0.519319348887179,10.0,scale,0.2431321424366089,930,1430,1530,1560
2025-05-27,0.7586830258369446,-0.01553880009795272,0,1,0.538043264477455,0.461956735522545,0.538043264477455,10.0,scale,0.2431321424366089,930,1430,1530,1560
2025-05-28,0.7468940019607544,-0.0328721178420982,0,0,0.49192158893534843,0.5080784110646516,0.5080784110646516,10.0,scale,0.2431321424366089,930,1430,1530,1560
2025-05-29,0.7223420143127441,-0.04570551357517294,0,1,0.5219243045061709,0.4780756954938291,0.5219243045061709,10.0,scale,0.2431321424366089,930,1430,1530,1560
2025-05-30,0.6893270015716553,-0.0047190710444317,0,1,0.597968556963414,0.402031443036586,0.597968556963414,10.0,scale,0.2431321424366089,930,1430,1530,1560
2025-05-31,0.6860740184783936,-0.0016033309667803364,0,1,0.5905537481529797,0.4094462518470203,0.5905537481529797,10.0,scale,0.2431321424366089,930,1430,1530,1560
2025-06-01,0.6849740147590637,0.006865932408205211,1,1,0.5317304456336154,0.4682695543663846,0.5317304456336154,10.0,scale,0.2431321424366089,930,1430,1530,1560
2025-06-02,0.6896770000457764,-0.0073411137979372265,0,0,0.4979856756954143,0.5020143243045857,0.5020143243045857,10.0,scale,0.2431321424366089,930,1430,1530,1560
2025-06-03,0.6846140027046204,-0.02734975361566694,0,0,0.46436354907296473,0.5356364509270353,0.5356364509270353,10.0,scale,0.2431321424366089,930,1430,1530,1560
2025-06-04,0.6658899784088135,-0.05754096482386872,0,1,0.5024309816179036,0.49756901838209644,0.5024309816179036,10.0,scale,0.2431321424366089,930,1430,1530,1560
2025-06-05,0.6275740265846252,0.04594192485571913,1,1,0.5647150721117191,0.4352849278882809,0.5647150721117191,10.0,scale,0.2431321424366089,930,1430,1530,1560
2025-06-06,0.6564059853553772,0.013107726422260102,1,1,0.5400235648608941,0.4599764351391059,0.5400235648608941,10.0,scale,0.2431321424366089,930,1430,1530,1560
2025-06-07,0.6650099754333496,0.007351786535037652,1,1,0.5070128568623087,0.4929871431376913,0.5070128568623087,10.0,scale,0.2431321424366089,930,1430,1530,1560
2025-06-08,0.6698989868164062,0.052475122430385435,1,0,0.4661929225381569,0.5338070774618431,0.5338070774618431,1.0,scale,0.24463798605004047,960,1460,1560,1590
2025-06-09,0.7050520181655884,0.015405945314871161,1,0,0.4135960910001313,0.5864039089998687,0.5864039089998687,1.0,scale,0.24463798605004047,960,1460,1560,1590
2025-06-10,0.7159140110015869,-0.02480184070593694,0,0,0.44205718561351603,0.557942814386484,0.557942814386484,1.0,scale,0.24463798605004047,960,1460,1560,1590
2025-06-11,0.6981580257415771,-0.04915655466830948,0,0,0.45861457326631333,0.5413854267336866,0.5413854267336866,1.0,scale,0.24463798605004047,960,1460,1560,1590
2025-06-12,0.6638389825820923,-0.032693176216647246,0,1,0.5399414111569737,0.4600585888430263,0.5399414111569737,1.0,scale,0.24463798605004047,960,1460,1560,1590
2025-06-13,0.6421359777450562,-0.026765357987475258,0,1,0.558364389965862,0.441635610034138,0.558364389965862,1.0,scale,0.24463798605004047,960,1460,1560,1590
2025-06-14,0.6249489784240723,0.014241236734261031,1,1,0.5795020108194036,0.42049798918059644,0.5795020108194036,1.0,scale,0.24463798605004047,960,1460,1560,1590
2025-06-15,0.633849024772644,-0.0034992686818086094,0,0,0.4944908203075943,0.5055091796924057,0.5055091796924057,1.0,scale,0.24463798605004047,960,1460,1560,1590
2025-06-16,0.6316310167312622,-0.03353540291082102,0,0,0.48768761513010234,0.5123123848698976,0.5123123848698976,1.0,scale,0.24463798605004047,960,1460,1560,1590
2025-06-17,0.6104490160942078,-0.011467016740979386,0,1,0.5724442586372039,0.42755574136279606,0.5724442586372039,1.0,scale,0.24463798605004047,960,1460,1560,1590
2025-06-18,0.6034489870071411,-0.0021940512005202972,0,1,0.5481805682907145,0.4518194317092855,0.5481805682907145,1.0,scale,0.24463798605004047,960,1460,1560,1590
2025-06-19,0.6021249890327454,-0.04128873336823735,0,0,0.49463709088639984,0.5053629091136002,0.5053629091136002,1.0,scale,0.24463798605004047,960,1460,1560,1590
2025-06-20,0.5772640109062195,-0.03975484267595175,0,1,0.5608341368145491,0.4391658631854509,0.5608341368145491,1.0,scale,0.24463798605004047,960,1460,1560,1590
2025-06-21,0.5543149709701538,-0.024051217104081757,0,1,0.6743312960292472,0.32566870397075276,0.6743312960292472,1.0,scale,0.24463798605004047,960,1460,1560,1590
2025-06-22,0.5409830212593079,0.07817620369077805,1,1,0.6107759371835922,0.38922406281640776,0.6107759371835922,1.0,scale,0.24463798605004047,960,1460,1560,1590
2025-06-23,0.5832750201225281,0.007018995310621223,1,0,0.4751911822981873,0.5248088177018126,0.5248088177018126,1.0,scale,0.24463798605004047,960,1460,1560,1590
2025-06-24,0.5873690247535706,-0.03454055171401815,0,0,0.47223436896018856,0.5277656310398114,0.5277656310398114,1.0,scale,0.24463798605004047,960,1460,1560,1590
2025-06-25,0.5670809745788574,-0.02303017435285115,0,1,0.5423735802739241,0.4576264197260759,0.5423735802739241,1.0,scale,0.24463798605004047,960,1460,1560,1590
2025-06-26,0.5540210008621216,0.008561011217943504,1,1,0.5590488611737213,0.4409511388262787,0.5590488611737213,1.0,scale,0.24463798605004047,960,1460,1560,1590
2025-06-27,0.5587639808654785,0.012407803122170602,1,0,0.4812156600747299,0.5187843399252701,0.5187843399252701,1.0,scale,0.24463798605004047,960,1460,1560,1590
2025-06-28,0.5656970143318176,0.02190042357768629,1,0,0.4528387266689223,0.5471612733310778,0.5471612733310778,1.0,scale,0.24463798605004047,960,1460,1560,1590
2025-06-29,0.5780860185623169,-0.010318523954924164,0,0,0.4863813004292459,0.5136186995707541,0.5136186995707541,1.0,scale,0.24463798605004047,960,1460,1560,1590
2025-06-30,0.5721210241317749,-0.05237181513383515,0,0,0.46443784106316394,0.535562158936836,0.535562158936836,1.0,scale,0.24463798605004047,960,1460,1560,1590
2025-07-01,0.5421580076217651,0.07736308064884612,1,1,0.752493299331674,0.24750670066832603,0.752493299331674,1.0,scale,0.24463798605004047,960,1460,1560,1590
2025-07-02,0.5841010212898254,0.025658218931426724,1,1,0.7069281653298165,0.2930718346701835,0.7069281653298165,1.0,scale,0.24463798605004047,960,1460,1560,1590
2025-07-03,0.5990880131721497,-0.043728159574507264,0,1,0.7144668128247773,0.2855331871752227,0.7144668128247773,1.0,scale,0.24463798605004047,960,1460,1560,1590
2025-07-04,0.5728909969329834,0.0052662868167727694,1,1,0.7639839405312709,0.23601605946872906,0.7639839405312709,1.0,scale,0.24463798605004047,960,1460,1560,1590
2025-07-05,0.5759080052375793,0.017546229181486073,1,1,0.6746853448050698,0.3253146551949302,0.6746853448050698,1.0,scale,0.24463798605004047,960,1460,1560,1590
2025-07-06,0.5860130190849304,-0.009854788613161913,0,1,0.75260430971803,0.24739569028196995,0.75260430971803,1.0,scale,0.24463798605004047,960,1460,1560,1590
2025-07-07,0.5802379846572876,0.014194160359897179,1,1,0.7815829617969184,0.21841703820308156,0.7815829617969184,1.0,scale,0.24463798605004047,960,1460,1560,1590
2025-07-08,0.5884739756584167,0.059501435993580376,1,1,0.5938484311055761,0.40615156889442394,0.5938484311055761,0.1,scale,0.24242975215178997,990,1490,1590,1620
2025-07-09,0.6234890222549438,0.0852605203811323,1,1,0.6661845081978767,0.33381549180212333,0.6661845081978767,0.1,scale,0.24242975215178997,990,1490,1590,1620
2025-07-10,0.6766480207443237,0.05006734335952201,1,1,0.6478537902087775,0.35214620979122246,0.6478537902087775,0.1,scale,0.24242975215178997,990,1490,1590,1620
2025-07-11,0.7105259895324707,-0.0031370777830198593,0,1,0.6691669721173219,0.3308330278826781,0.6691669721173219,0.1,scale,0.24242975215178997,990,1490,1590,1620
2025-07-12,0.7082970142364502,0.040881149368876546,1,1,0.6415803415606253,0.35841965843937473,0.6415803415606253,0.1,scale,0.24242975215178997,990,1490,1590,1620
2025-07-13,0.7372530102729797,-0.003956568057392862,0,1,0.6716648513258429,0.32833514867415714,0.6716648513258429,0.1,scale,0.24242975215178997,990,1490,1590,1620
2025-07-14,0.7343360185623169,0.017004469276826528,1,1,0.6821517697759055,0.3178482302240945,0.6821517697759055,0.1,scale,0.24242975215178997,990,1490,1590,1620
2025-07-15,0.7468230128288269,0.023735214125961246,1,1,0.676488746588002,0.32351125341199805,0.676488746588002,0.1,scale,0.24242975215178997,990,1490,1590,1620
2025-07-16,0.7645490169525146,0.07747834178581381,1,1,0.6800361562562195,0.3199638437437805,0.6800361562562195,0.1,scale,0.24242975215178997,990,1490,1590,1620
2025-07-17,0.8237850069999695,-0.009623886978043728,0,1,0.6773215863981397,0.32267841360186034,0.6773215863981397,0.1,scale,0.24242975215178997,990,1490,1590,1620
2025-07-18,0.8158569931983948,0.017751928011269014,1,1,0.6824379294371405,0.31756207056285946,0.6824379294371405,0.1,scale,0.24242975215178997,990,1490,1590,1620
2025-07-19,0.8303400278091431,0.034208818248263606,1,1,0.6310788709788048,0.3689211290211952,0.6310788709788048,0.1,scale,0.24242975215178997,990,1490,1590,1620
2025-07-20,0.8587449789047241,0.03689110072289492,1,1,0.6829527797686727,0.31704722023132725,0.6829527797686727,0.1,scale,0.24242975215178997,990,1490,1590,1620
2025-07-21,0.8904250264167786,0.014059580076194678,1,1,0.676257747811091,0.32374225218890895,0.676257747811091,0.1,scale,0.24242975215178997,990,1490,1590,1620
2025-07-22,0.902944028377533,-0.09603365580586876,0,1,0.6560609687853001,0.34393903121469993,0.6560609687853001,0.1,scale,0.24242975215178997,990,1490,1590,1620
2025-07-23,0.8162310123443604,-0.01305147536702711,0,1,0.6484410585577361,0.35155894144226385,0.6484410585577361,0.1,scale,0.24242975215178997,990,1490,1590,1620
2025-07-24,0.8055779933929443,0.013029179549543413,1,1,0.5961984048883044,0.40380159511169555,0.5961984048883044,0.1,scale,0.24242975215178997,990,1490,1590,1620
2025-07-25,0.816074013710022,0.004569421062049717,1,1,0.5528280919256434,0.4471719080743566,0.5528280919256434,0.1,scale,0.24242975215178997,990,1490,1590,1620
2025-07-26,0.81980299949646,0.014887728758706809,1,1,0.5540053800769827,0.44599461992301725,0.5540053800769827,0.1,scale,0.24242975215178997,990,1490,1590,1620
2025-07-27,0.8320080041885376,-0.049419010747215886,0,1,0.5834843856626899,0.4165156143373101,0.5834843856626899,0.1,scale,0.24242975215178997,990,1490,1590,1620
2025-07-28,0.7908909916877747,-0.010649976874581357,0,1,0.6235266215441597,0.3764733784558403,0.6235266215441597,0.1,scale,0.24242975215178997,990,1490,1590,1620
2025-07-29,0.7824680209159851,-0.024319231910393646,0,1,0.5494924373117906,0.45050756268820935,0.5494924373117906,0.1,scale,0.24242975215178997,990,1490,1590,1620
2025-07-30,0.7634389996528625,-0.030623308285410933,0,1,0.6017841613495081,0.3982158386504919,0.6017841613495081,0.1,scale,0.24242975215178997,990,1490,1590,1620
2025-07-31,0.7400599718093872,-0.03296079153708409,0,1,0.5854074480673936,0.41459255193260636,0.5854074480673936,0.1,scale,0.24242975215178997,990,1490,1590,1620
2025-08-01,0.7156670093536377,-0.025147207022628626,0,1,0.6151656171616047,0.38483438283839533,0.6151656171616047,0.1,scale,0.24242975215178997,990,1490,1590,1620
2025-08-02,0.6976699829101562,0.04200552586254025,1,1,0.5838997729888226,0.41610022701117744,0.5838997729888226,0.1,scale,0.24242975215178997,990,1490,1590,1620
2025-08-03,0.7269759774208069,0.03828466430038513,1,0,0.4952277217064407,0.5047722782935593,0.5047722782935593,0.1,scale,0.24242975215178997,990,1490,1590,1620
2025-08-04,0.7548080086708069,-0.03811829785533738,0,1,0.5169291259055802,0.48307087409441984,0.5169291259055802,0.1,scale,0.24242975215178997,990,1490,1590,1620
2025-08-05,0.726036012172699,0.021704127203466594,1,1,0.5567168845375161,0.4432831154624839,0.5567168845375161,0.1,scale,0.24242975215178997,990,1490,1590,1620
2025-08-06,0.7417939901351929,0.06012588911517813,1,1,0.5058765790494264,0.4941234209505736,0.5058765790494264,0.1,scale,0.24242975215178997,990,1490,1590,1620
2025-08-07,0.7863950133323669,0.006086018445874863,1,1,0.5900694109147987,0.4099305890852013,0.5900694109147987,0.1,scale,0.2442049034382568,1020,1520,1620,1650
2025-08-08,0.7911810278892517,0.016247853386535782,1,1,0.6129535008472563,0.3870464991527437,0.6129535008472563,0.1,scale,0.2442049034382568,1020,1520,1620,1650
2025-08-09,0.804036021232605,-0.0021740635632817584,0,1,0.589645514645417,0.41035448535458297,0.589645514645417,0.1,scale,0.2442049034382568,1020,1520,1620,1650
2025-08-10,0.8022879958152771,-0.035287844668105306,0,1,0.5906101583639896,0.40938984163601044,0.5906101583639896,0.1,scale,0.2442049034382568,1020,1520,1620,1650
2025-08-11,0.7739769816398621,0.08685917999282111,1,1,0.6098429670135654,0.39015703298643456,0.6098429670135654,0.1,scale,0.2442049034382568,1020,1520,1620,1650
2025-08-12,0.8412039875984192,0.07693738445543463,1,1,0.6188044399448605,0.38119556005513955,0.6188044399448605,0.1,scale,0.2442049034382568,1020,1520,1620,1650
2025-08-13,0.9059240221977234,0.021479670578423482,1,1,0.6330847565744808,0.3669152434255192,0.6330847565744808,0.1,scale,0.2442049034382568,1020,1520,1620,1650
2025-08-14,0.9253829717636108,0.01994093530902674,1,1,0.6563117706294284,0.34368822937057164,0.6563117706294284,0.1,scale,0.2442049034382568,1020,1520,1620,1650
2025-08-15,0.943835973739624,-0.023896080439837486,0,1,0.617750340298782,0.38224965970121805,0.617750340298782,0.1,scale,0.2442049034382568,1020,1520,1620,1650
2025-08-16,0.9212819933891296,0.04407666214193906,1,1,0.6069722006292829,0.3930277993707171,0.6069722006292829,0.1,scale,0.2442049034382568,1020,1520,1620,1650
2025-08-17,0.9618890285491944,-0.04016471865468829,0,1,0.6222881211793309,0.37771187882066914,0.6222881211793309,0.1,scale,0.2442049034382568,1020,1520,1620,1650
2025-08-18,0.9232550263404846,-0.0847176717819752,0,1,0.6232518735745898,0.3767481264254102,0.6232518735745898,0.1,scale,0.2442049034382568,1020,1520,1620,1650
2025-08-19,0.8450390100479126,0.04234478221045013,1,1,0.6440650971128217,0.35593490288717833,0.6440650971128217,0.1,scale,0.2442049034382568,1020,1520,1620,1650
2025-08-20,0.8808220028877258,-0.03383318194573848,0,0,0.49875360706833005,0.50124639293167,0.50124639293167,0.1,scale,0.2442049034382568,1020,1520,1620,1650
2025-08-21,0.8510209918022156,0.09271214265147831,1,1,0.5493910049740373,0.45060899502596274,0.5493910049740373,0.1,scale,0.2442049034382568,1020,1520,1620,1650
2025-08-22,0.9299209713935852,-0.018053089177087922,0,1,0.6047760080834851,0.3952239919165149,0.6047760080834851,0.1,scale,0.2442049034382568,1020,1520,1620,1650
2025-08-23,0.9131330251693726,-0.0038614658256651557,0,1,0.5037667194470402,0.4962332805529598,0.5037667194470402,0.1,scale,0.2442049034382568,1020,1520,1620,1650
2025-08-24,0.9096069931983948,-0.07912645792226858,0,1,0.5723505939585644,0.42764940604143564,0.5723505939585644,0.1,scale,0.2442049034382568,1020,1520,1620,1650
2025-08-25,0.8376330137252808,0.03468105015601486,1,1,0.6256805902808553,0.3743194097191447,0.6256805902808553,0.1,scale,0.2442049034382568,1020,1520,1620,1650
2025-08-26,0.8666830062866211,-0.019069252505823697,0,0,0.46355539002068225,0.5364446099793178,0.5364446099793178,0.1,scale,0.2442049034382568,1020,1520,1620,1650
2025-08-27,0.8501560091972351,0.008932465677004453,1,1,0.5386466320880746,0.4613533679119254,0.5386466320880746,0.1,scale,0.2442049034382568,1020,1520,1620,1650
2025-08-28,0.8577499985694885,-0.03568989240727505,0,1,0.506154283075029,0.49384571692497103,0.506154283075029,0.1,scale,0.2442049034382568,1020,1520,1620,1650
2025-08-29,0.8271369934082031,-0.005720954069796891,0,1,0.6044417553450144,0.39555824465498557,0.6044417553450144,0.1,scale,0.2442049034382568,1020,1520,1620,1650
2025-08-30,0.8224049806594849,-0.013428865432747794,0,1,0.5067004526373822,0.49329954736261783,0.5067004526373822,0.1,scale,0.2442049034382568,1020,1520,1620,1650
2025-08-31,0.8113610148429871,-0.013773198645145035,0,1,0.5472334702488593,0.45276652975114073,0.5472334702488593,0.1,scale,0.2442049034382568,1020,1520,1620,1650
2025-09-01,0.8001859784126282,0.04298380627689169,1,0,0.4964016635737645,0.5035983364262355,0.5035983364262355,0.1,scale,0.2442049034382568,1020,1520,1620,1650
2025-09-02,0.8345810174942017,0.0023353182479064483,1,0,0.33518911954003955,0.6648108804599604,0.6648108804599604,0.1,scale,0.2442049034382568,1020,1520,1620,1650
2025-09-03,0.8365300297737122,-0.03184946965170832,0,0,0.3461814021839182,0.6538185978160818,0.6538185978160818,0.1,scale,0.2442049034382568,1020,1520,1620,1650
2025-09-04,0.8098869919776917,0.026154267011165855,1,0,0.3972875799610911,0.6027124200389089,0.6027124200389089,0.1,scale,0.2442049034382568,1020,1520,1620,1650
2025-09-05,0.8310689926147461,-0.015182861336249576,0,0,0.3789851764534012,0.6210148235465989,0.6210148235465989,0.1,scale,0.2442049034382568,1020,1520,1620,1650
2025-09-06,0.8184509873390198,0.02029199067329901,1,0,0.35673528967598045,0.6432647103240196,0.6432647103240196,0.1,scale,0.24940840004569986,1050,1550,1650,1680
2025-09-07,0.8350589871406555,0.03591843377196158,1,0,0.35891180510052584,0.6410881948994742,0.6410881948994742,0.1,scale,0.24940840004569986,1050,1550,1650,1680
2025-09-08,0.8650529980659485,-2.425381451520714e-05,0,0,0.456597558019838,0.543402441980162,0.543402441980162,0.1,scale,0.24940840004569986,1050,1550,1650,1680
2025-09-09,0.8650320172309875,0.02272286126984624,1,0,0.3815712974031128,0.6184287025968872,0.6184287025968872,0.1,scale,0.24940840004569986,1050,1550,1650,1680
2025-09-10,0.8846880197525024,0.010760849074845424,1,0,0.3681453304271628,0.6318546695728372,0.6318546695728372,0.1,scale,0.24940840004569986,1050,1550,1650,1680
2025-09-11,0.8942080140113831,0.02558577436118048,1,0,0.39936287706115203,0.600637122938848,0.600637122938848,0.1,scale,0.24940840004569986,1050,1550,1650,1680
2025-09-12,0.9170870184898376,0.01390924718287545,1,0,0.4607048274619763,0.5392951725380237,0.5392951725380237,0.1,scale,0.24940840004569986,1050,1550,1650,1680
2025-09-13,0.929843008518219,-0.043934309206876354,0,0,0.4898726282874853,0.5101273717125148,0.5101273717125148,0.1,scale,0.24940840004569986,1050,1550,1650,1680
2025-09-14,0.8889909982681274,-0.02866509587728805,0,0,0.38991711881223606,0.6100828811877639,0.6100828811877639,0.1,scale,0.24940840004569986,1050,1550,1650,1680
2025-09-15,0.8635079860687256,0.019897896496646084,1,0,0.413111798666731,0.586888201333269,0.586888201333269,0.1,scale,0.24940840004569986,1050,1550,1650,1680
2025-09-16,0.8806899785995483,0.03679165127522377,1,0,0.34251889566669935,0.6574811043333006,0.6574811043333006,0.1,scale,0.24940840004569986,1050,1550,1650,1680
2025-09-17,0.9130920171737672,0.01343123524803147,1,0,0.4139983476262995,0.5860016523737005,0.5860016523737005,0.1,scale,0.24940840004569986,1050,1550,1650,1680
2025-09-18,0.9253559708595276,-0.037197541471611695,0,0,0.42757357303599225,0.5724264269640078,0.5724264269640078,0.1,scale,0.24940840004569986,1050,1550,1650,1680
2025-09-19,0.8909350037574768,0.003364997906995182,1,0,0.37892581519303237,0.6210741848069676,0.6210741848069676,0.1,scale,0.24940840004569986,1050,1550,1650,1680
2025-09-20,0.8939329981803894,-0.009685280556554376,0,0,0.34719978597648327,0.6528002140235167,0.6528002140235167,0.1,scale,0.24940840004569986,1050,1550,1650,1680
2025-09-21,0.8852750062942505,-0.06723671852118673,0,0,0.38159108590313606,0.6184089140968639,0.6184089140968639,0.1,scale,0.24940840004569986,1050,1550,1650,1680
2025-09-22,0.8257520198822021,-0.021959430684100112,0,1,0.5178605115798613,0.48213948842013865,0.5178605115798613,0.1,scale,0.24940840004569986,1050,1550,1650,1680
2025-09-23,0.8076189756393433,0.006893119633512468,1,0,0.46311159571457267,0.5368884042854274,0.5368884042854274,0.1,scale,0.24940840004569986,1050,1550,1650,1680
2025-09-24,0.81318598985672,-0.06197472593448494,0,0,0.4297119319870712,0.5702880680129288,0.5702880680129288,0.1,scale,0.24940840004569986,1050,1550,1650,1680
2025-09-25,0.7627890110015869,0.03854799180713453,1,1,0.5872315514073814,0.41276844859261863,0.5872315514073814,0.1,scale,0.24940840004569986,1050,1550,1650,1680
2025-09-26,0.7921929955482483,-0.01324420597025322,0,0,0.38461870548494176,0.6153812945150583,0.6153812945150583,0.1,scale,0.24940840004569986,1050,1550,1650,1680
2025-09-27,0.7817010283470154,0.033855652944501324,1,0,0.4290181121974922,0.5709818878025078,0.5709818878025078,0.1,scale,0.24940840004569986,1050,1550,1650,1680
2025-09-28,0.8081660270690918,-0.0016939582156973998,0,0,0.3966273553379387,0.6033726446620613,0.6033726446620613,0.1,scale,0.24940840004569986,1050,1550,1650,1680
2025-09-29,0.8067970275878906,0.0005031838513076536,1,0,0.3966963885969353,0.6033036114030648,0.6033036114030648,0.1,scale,0.24940840004569986,1050,1550,1650,1680
2025-09-30,0.8072029948234558,0.053068464822055406,1,0,0.37637919737507264,0.6236208026249274,0.6236208026249274,0.1,scale,0.24940840004569986,1050,1550,1650,1680
2025-10-01,0.8500400185585022,0.023857704466737184,1,0,0.4366698648653391,0.5633301351346609,0.5633301351346609,0.1,scale,0.24940840004569986,1050,1550,1650,1680
2025-10-02,0.8703200221061707,-0.004601772675183025,0,0,0.4634992896640665,0.5365007103359335,0.5365007103359335,0.1,scale,0.24940840004569986,1050,1550,1650,1680
2025-10-03,0.8663150072097778,-0.03046581912068469,0,0,0.45200309638551633,0.5479969036144836,0.5479969036144836,0.1,scale,0.24940840004569986,1050,1550,1650,1680
2025-10-04,0.8399220108985901,-0.0030598472716243386,0,0,0.4181653272048491,0.5818346727951509,0.5818346727951509,0.1,scale,0.24940840004569986,1050,1550,1650,1680
2025-10-05,0.8373519778251648,0.041158321193784264,1,0,0.4500309227474696,0.5499690772525304,0.5499690772525304,0.1,scale,0.24940840004569986,1050,1550,1650,1680
2025-10-06,0.8718159794807434,-0.058399926982571904,0,0,0.45226486028395085,0.5477351397160491,0.5477351397160491,0.1,scale,0.25148450763310126,1080,1580,1680,1710
2025-10-07,0.8209019899368286,0.021944171153280623,1,1,0.5133519734676455,0.4866480265323545,0.5133519734676455,0.1,scale,0.25148450763310126,1080,1580,1680,1710
2025-10-08,0.838916003704071,-0.027738189336521057,0,0,0.4125383219563803,0.5874616780436197,0.5874616780436197,0.1,scale,0.25148450763310126,1080,1580,1680,1710
2025-10-09,0.8156459927558899,-0.221678264290186,0,0,0.4895980322873493,0.5104019677126507,0.5104019677126507,0.1,scale,0.25148450763310126,1080,1580,1680,1710
2025-10-10,0.6348350048065186,-0.0041822351898886945,0,1,0.5838884398538307,0.41611156014616935,0.5838884398538307,0.1,scale,0.25148450763310126,1080,1580,1680,1710
2025-10-11,0.6321799755096436,0.10966027481986984,1,1,0.6533696114496926,0.34663038855030737,0.6533696114496926,0.1,scale,0.25148450763310126,1080,1580,1680,1710
2025-10-12,0.7015050053596497,0.039562077645902693,1,0,0.4895577737243182,0.5104422262756818,0.5104422262756818,0.1,scale,0.25148450763310126,1080,1580,1680,1710
2025-10-13,0.7292580008506775,-0.040542565095853966,0,0,0.4730724126668296,0.5269275873331705,0.5269275873331705,0.1,scale,0.25148450763310126,1080,1580,1680,1710
2025-10-14,0.6996920108795166,-0.04414797863238107,0,1,0.5281801679378453,0.4718198320621547,0.5281801679378453,0.1,scale,0.25148450763310126,1080,1580,1680,1710
2025-10-15,0.66880202293396,-0.03567275509160084,0,1,0.5659960766772821,0.43400392332271787,0.5659960766772821,0.1,scale,0.25148450763310126,1080,1580,1680,1710
2025-10-16,0.6449440121650696,-0.031167063218292546,0,1,0.6155797306728887,0.38442026932711126,0.6155797306728887,0.1,scale,0.25148450763310126,1080,1580,1680,1710
2025-10-17,0.6248430013656616,0.015392641469729629,1,1,0.6237572695447707,0.37624273045522927,0.6237572695447707,0.1,scale,0.25148450763310126,1080,1580,1680,1710
2025-10-18,0.634460985660553,0.028512406748694152,1,0,0.49883280607147806,0.5011671939285219,0.5011671939285219,0.1,scale,0.25148450763310126,1080,1580,1680,1710
2025-10-19,0.652550995349884,0.016397166639462224,1,1,0.5304461878112429,0.46955381218875714,0.5304461878112429,0.1,scale,0.25148450763310126,1080,1580,1680,1710
2025-10-20,0.6632509827613831,-0.030662578897964976,0,0,0.49868963843716485,0.5013103615628351,0.5013103615628351,0.1,scale,0.25148450763310126,1080,1580,1680,1710
2025-10-21,0.6429139971733093,-0.029462725286791835,0,1,0.5452262657818433,0.4547737342181567,0.5452262657818433,0.1,scale,0.25148450763310126,1080,1580,1680,1710
2025-10-22,0.6239719986915588,0.03024651161057923,1,1,0.5690044850826782,0.4309955149173218,0.5690044850826782,0.1,scale,0.25148450763310126,1080,1580,1680,1710
2025-10-23,0.6428449749946594,0.02029420270410731,1,0,0.47375387716649286,0.5262461228335071,0.5262461228335071,0.1,scale,0.25148450763310126,1080,1580,1680,1710
2025-10-24,0.6558910012245178,-0.0018722240271173973,0,0,0.45340006316340814,0.5465999368365919,0.5465999368365919,0.1,scale,0.25148450763310126,1080,1580,1680,1710
2025-10-25,0.6546630263328552,0.040326044075694734,1,0,0.445153145549305,0.554846854450695,0.554846854450695,0.1,scale,0.25148450763310126,1080,1580,1680,1710
2025-10-26,0.6810629963874817,-0.02011265023510156,0,0,0.48390302491520054,0.5160969750847995,0.5160969750847995,0.1,scale,0.25148450763310126,1080,1580,1680,1710
2025-10-27,0.6673650145530701,-0.03160488962336272,0,0,0.45730373502318394,0.5426962649768161,0.5426962649768161,0.1,scale,0.25148450763310126,1080,1580,1680,1710
2025-10-28,0.6462730169296265,-0.009451184589171935,0,1,0.5094755636319127,0.4905244363680873,0.5094755636319127,0.1,scale,0.25148450763310126,1080,1580,1680,1710
2025-10-29,0.6401649713516235,-0.0609873981698269,0,0,0.45958168822783435,0.5404183117721657,0.5404183117721657,0.1,scale,0.25148450763310126,1080,1580,1680,1710
2025-10-30,0.6011229753494263,0.013378356537371294,1,1,0.6027885714112227,0.39721142858877734,0.6027885714112227,0.1,scale,0.25148450763310126,1080,1580,1680,1710
2025-10-31,0.6091650128364563,0.004985473224167425,1,0,0.47341595263645636,0.5265840473635437,0.5265840473635437,0.1,scale,0.25148450763310126,1080,1580,1680,1710
2025-11-01,0.612201988697052,-0.0022835066928438286,0,0,0.45951298700115023,0.5404870129988497,0.5404870129988497,0.1,scale,0.25148450763310126,1080,1580,1680,1710
2025-11-02,0.61080402135849,-0.09575909108784686,0,0,0.47792681554604355,0.5220731844539565,0.5220731844539565,0.1,scale,0.25148450763310126,1080,1580,1680,1710
2025-11-03,0.5523139834403992,-0.055797945477861655,0,1,0.624396391484205,0.375603608515795,0.624396391484205,0.1,scale,0.25148450763310126,1080,1580,1680,1710
2025-11-04,0.5214959979057312,0.047265988825786254,1,1,0.7129100901858378,0.28708990981416216,0.7129100901858378,0.1,scale,0.25148450763310126,1080,1580,1680,1710
2025-11-05,0.5461450219154358,-0.02776369606952811,0,0,0.4889738896764208,0.5110261103235791,0.5110261103235791,10.0,scale,0.25834081668682257,1110,1610,1710,1740
2025-11-06,0.5309820175170898,0.0848032194333439,1,1,0.5166158859579992,0.48338411404200077,0.5166158859579992,10.0,scale,0.25834081668682257,1110,1610,1710,1740
2025-11-07,0.5760110020637512,-0.013173409675490966,0,1,0.5334123601505374,0.4665876398494626,0.5334123601505374,10.0,scale,0.25834081668682257,1110,1610,1710,1740
2025-11-08,0.5684229731559753,0.017965502217519802,1,0,0.46793691709564517,0.5320630829043549,0.5320630829043549,10.0,scale,0.25834081668682257,1110,1610,1710,1740
2025-11-09,0.5786349773406982,0.02477388481362164,1,0,0.4872004916829846,0.5127995083170154,0.5127995083170154,10.0,scale,0.25834081668682257,1110,1610,1710,1740
2025-11-10,0.5929700136184692,-0.06145680314374613,0,0,0.4596737257727943,0.5403262742272057,0.5403262742272057,10.0,scale,0.25834081668682257,1110,1610,1710,1740
2025-11-11,0.5565279722213745,-0.02024506827146655,0,1,0.5295071229269499,0.4704928770730501,0.5295071229269499,10.0,scale,0.25834081668682257,1110,1610,1710,1740
2025-11-12,0.545261025428772,-0.02594359268217339,0,1,0.519062002864536,0.48093799713546403,0.519062002864536,10.0,scale,0.25834081668682257,1110,1610,1710,1740
2025-11-13,0.5311149954795837,-0.06155916455299304,0,1,0.5500683707227543,0.4499316292772457,0.5500683707227543,10.0,scale,0.25834081668682257,1110,1610,1710,1740
2025-11-14,0.4984200000762939,0.009991628897047411,1,1,0.6090328942335809,0.39096710576641913,0.6090328942335809,10.0,scale,0.25834081668682257,1110,1610,1710,1740
2025-11-15,0.5034000277519226,-0.036859384788691996,0,1,0.5458054108207868,0.4541945891792132,0.5458054108207868,10.0,scale,0.25834081668682257,1110,1610,1710,1740
2025-11-16,0.4848450124263763,-0.039833363442276504,0,1,0.6047444693796042,0.39525553062039576,0.6047444693796042,10.0,scale,0.25834081668682257,1110,1610,1710,1740
2025-11-17,0.4655320048332214,0.020295042553254206,1,1,0.6076700990842179,0.3923299009157821,0.6076700990842179,10.0,scale,0.25834081668682257,1110,1610,1710,1740
2025-11-18,0.4749799966812134,-0.024718898931614053,0,1,0.5729972369979613,0.42700276300203865,0.5729972369979613,10.0,scale,0.25834081668682257,1110,1610,1710,1740
2025-11-19,0.4632390141487121,-0.06657472386600827,0,1,0.5807739565068735,0.41922604349312653,0.5807739565068735,10.0,scale,0.25834081668682257,1110,1610,1710,1740
2025-11-20,0.4323990046977997,-0.05377443077536603,0,1,0.61437183138692,0.38562816861308,0.61437183138692,10.0,scale,0.25834081668682257,1110,1610,1710,1740
2025-11-21,0.4091469943523407,-0.011093771112258066,0,1,0.5866396883795064,0.4133603116204936,0.5866396883795064,10.0,scale,0.25834081668682257,1110,1610,1710,1740
2025-11-22,0.4046080112457275,0.009740290351074377,1,1,0.6133238831073612,0.3866761168926388,0.6133238831073612,10.0,scale,0.25834081668682257,1110,1610,1710,1740
2025-11-23,0.4085490107536316,0.047223172556265514,1,1,0.5681545032888271,0.4318454967111729,0.5681545032888271,10.0,scale,0.25834081668682257,1110,1610,1710,1740
2025-11-24,0.4278419911861419,-0.014549740369789621,0,1,0.5595306981014726,0.4404693018985274,0.5595306981014726,10.0,scale,0.25834081668682257,1110,1610,1710,1740
2025-11-25,0.4216170012950897,0.03321736390285546,1,1,0.5208974682235499,0.4791025317764501,0.5208974682235499,10.0,scale,0.25834081668682257,1110,1610,1710,1740
2025-11-26,0.4356220066547394,-0.0044465199507780495,0,0,0.496721991617247,0.503278008382753,0.503278008382753,10.0,scale,0.25834081668682257,1110,1610,1710,1740
2025-11-27,0.4336850047111511,-0.031022493456937528,0,0,0.4948772743640963,0.5051227256359037,0.5051227256359037,10.0,scale,0.25834081668682257,1110,1610,1710,1740
2025-11-28,0.4202310144901275,-0.011536519724355099,0,1,0.5465624682560937,0.45343753174390633,0.5465624682560937,10.0,scale,0.25834081668682257,1110,1610,1710,1740
2025-11-29,0.4153830111026764,0.0012084998781383138,1,1,0.5455371362224682,0.45446286377753176,0.5455371362224682,10.0,scale,0.25834081668682257,1110,1610,1710,1740
2025-11-30,0.4158850014209747,-0.07254651361522235,0,1,0.5507996609006338,0.4492003390993662,0.5507996609006338,10.0,scale,0.25834081668682257,1110,1610,1710,1740
2025-12-01,0.3857139945030212,0.12509273772265384,1,1,0.5395365467203278,0.4604634532796722,0.5395365467203278,10.0,scale,0.25834081668682257,1110,1610,1710,1740
2025-12-02,0.4339640140533447,0.03881655465375067,1,0,0.4986539570106086,0.5013460429893914,0.5013460429893914,10.0,scale,0.25834081668682257,1110,1610,1710,1740
2025-12-03,0.4508090019226074,-0.025188078780218337,0,0,0.4494577339755271,0.550542266024473,0.550542266024473,10.0,scale,0.25834081668682257,1110,1610,1710,1740
2025-12-04,0.4394539892673492,-0.052754073766537846,0,1,0.5233187494893844,0.4766812505106156,0.5233187494893844,10.0,scale,0.25834081668682257,1110,1610,1710,1740
2025-12-05,0.4162710011005401,-0.005621311455105249,0,0,0.47501454079669636,0.5249854592033036,0.5249854592033036,0.1,scale,0.2572907195936683,1140,1640,1740,1770
2025-12-06,0.4139310121536255,0.006957626130193129,1,0,0.4470040763413042,0.5529959236586959,0.5529959236586959,0.1,scale,0.2572907195936683,1140,1640,1740,1770
2025-12-07,0.4168109893798828,0.03690163834090665,1,0,0.48753188761470606,0.5124681123852939,0.5124681123852939,0.1,scale,0.2572907195936683,1140,1640,1740,1770
2025-12-08,0.4321919977664947,0.0874912261841625,1,0,0.4299223099664592,0.5700776900335408,0.5700776900335408,0.1,scale,0.2572907195936683,1140,1640,1740,1770
2025-12-09,0.4700050055980682,-0.034265584435389185,0,1,0.5200402926768346,0.4799597073231654,0.5200402926768346,0.1,scale,0.2572907195936683,1140,1640,1740,1770
2025-12-10,0.453900009393692,-0.06291257650756332,0,0,0.4360905288314174,0.5639094711685826,0.5639094711685826,0.1,scale,0.2572907195936683,1140,1640,1740,1770
2025-12-11,0.4253439903259277,-0.038107924117527725,0,0,0.47671420540653464,0.5232857945934654,0.5232857945934654,0.1,scale,0.2572907195936683,1140,1640,1740,1770
2025-12-12,0.4091350138187408,0.004697670715507085,1,0,0.48392019410131515,0.5160798058986849,0.5160798058986849,0.1,scale,0.2572907195936683,1140,1640,1740,1770
2025-12-13,0.4110569953918457,-0.03520920794525617,0,0,0.4420431611950376,0.5579568388049624,0.5579568388049624,0.1,scale,0.2572907195936683,1140,1640,1740,1770
2025-12-14,0.396584004163742,-0.021415402891272528,0,1,0.5126512363707812,0.48734876362921875,0.5126512363707812,0.1,scale,0.2572907195936683,1140,1640,1740,1770
2025-12-15,0.3880909979343414,-0.00609137967987361,0,0,0.49306667343925537,0.5069333265607446,0.5069333265607446,0.1,scale,0.2572907195936683,1140,1640,1740,1770
2025-12-16,0.3857269883155823,-0.04984095465836369,0,0,0.47581595284632094,0.5241840471536791,0.5241840471536791,0.1,scale,0.2572907195936683,1140,1640,1740,1770
2025-12-17,0.3665019869804382,-0.041137552950674006,0,1,0.5361189399801025,0.4638810600198975,0.5361189399801025,0.1,scale,0.2572907195936683,1140,1640,1740,1770
2025-12-18,0.3514249920845032,0.07172232113221089,1,1,0.5397820788406066,0.4602179211593934,0.5397820788406066,0.1,scale,0.2572907195936683,1140,1640,1740,1770
2025-12-19,0.3766300082206726,-0.009385875774256758,0,0,0.4186091184026446,0.5813908815973554,0.5813908815973554,0.1,scale,0.2572907195936683,1140,1640,1740,1770
2025-12-20,0.3730950057506561,-0.019308744610488038,0,0,0.42672770505381297,0.573272294946187,0.573272294946187,0.1,scale,0.2572907195936683,1140,1640,1740,1770
2025-12-21,0.3658910095691681,0.013435647108700488,1,0,0.46832314732660457,0.5316768526733955,0.5316768526733955,0.1,scale,0.2572907195936683,1140,1640,1740,1770
2025-12-22,0.3708069920539856,-0.021453168558853375,0,0,0.43969461266775617,0.5603053873322439,0.5603053873322439,0.1,scale,0.2572907195936683,1140,1640,1740,1770
2025-12-23,0.36285200715065,-0.01774832030736362,0,0,0.4601992164893279,0.5398007835106722,0.5398007835106722,0.1,scale,0.2572907195936683,1140,1640,1740,1770
2025-12-24,0.3564119935035705,-0.037024543945323285,0,0,0.4625033534812651,0.537496646518735,0.537496646518735,0.1,scale,0.2572907195936683,1140,1640,1740,1770
2025-12-25,0.3432160019874573,0.018548041587236552,1,1,0.5053444064852934,0.49465559351470656,0.5053444064852934,0.1,scale,0.2572907195936683,1140,1640,1740,1770
2025-12-26,0.3495819866657257,0.05709680925658733,1,0,0.45099302038132255,0.5490069796186774,0.5490069796186774,0.1,scale,0.2572907195936683,1140,1640,1740,1770
2025-12-27,0.3695420026779175,-0.0028143259408318633,0,0,0.409482795413793,0.590517204586207,0.590517204586207,0.1,scale,0.2572907195936683,1140,1640,1740,1770
2025-12-28,0.3685019910335541,-0.04229828445495809,0,0,0.43242762192597767,0.5675723780740223,0.5675723780740223,0.1,scale,0.2572907195936683,1140,1640,1740,1770
2025-12-29,0.3529149889945984,-0.005094637988519168,0,0,0.48078071405965805,0.519219285940342,0.519219285940342,0.1,scale,0.2572907195936683,1140,1640,1740,1770
2025-12-30,0.3511170148849487,-0.05208236076598516,0,0,0.4295277766232761,0.5704722233767239,0.5704722233767239,0.1,scale,0.2572907195936683,1140,1640,1740,1770
2025-12-31,0.332830011844635,0.07025201286327021,1,1,0.5127353932905626,0.4872646067094374,0.5127353932905626,0.1,scale,0.2572907195936683,1140,1640,1740,1770
2026-01-01,0.3562119901180267,0.10540355144379521,1,0,0.41975702252095864,0.5802429774790414,0.5802429774790414,0.1,scale,0.2572907195936683,1140,1640,1740,1770
2026-01-02,0.3937579989433288,-0.01113119673250551,0,1,0.5038766698246272,0.4961233301753728,0.5038766698246272,0.1,scale,0.2572907195936683,1140,1640,1740,1770
2026-01-03,0.3893750011920929,0.027521004753293443,1,0,0.45355388720369294,0.5464461127963071,0.5464461127963071,0.1,scale,0.2572907195936683,1140,1640,1740,1770
2026-01-04,0.4000909924507141,0.05444510044301509,1,0,0.44233503159555543,0.5576649684044446,0.5576649684044446,0.1,scale,0.24665668069444716,1170,1670,1770,1800
2026-01-05,0.4218739867210388,-0.005328579738172801,0,0,0.4689983789049691,0.5310016210950309,0.5310016210950309,0.1,scale,0.24665668069444716,1170,1670,1770,1800
2026-01-06,0.4196259975433349,-0.04226617989714998,0,0,0.44889784703941554,0.5511021529605844,0.5511021529605844,0.1,scale,0.24665668069444716,1170,1670,1770,1800
2026-01-07,0.4018900096416473,-0.015539119913095756,0,0,0.42668022955473794,0.5733197704452621,0.5733197704452621,0.1,scale,0.24665668069444716,1170,1670,1770,1800
2026-01-08,0.3956449925899505,-0.012490995728041021,0,0,0.42120067211306655,0.5787993278869334,0.5787993278869334,0.1,scale,0.24665668069444716,1170,1670,1770,1800
2026-01-09,0.3907029926776886,-0.0071281696762053315,0,0,0.4100023755846483,0.5899976244153518,0.5899976244153518,0.1,scale,0.24665668069444716,1170,1670,1770,1800
2026-01-10,0.3879179954528808,0.006101778929421986,1,0,0.39497167536598604,0.605028324634014,0.605028324634014,0.1,scale,0.24665668069444716,1170,1670,1770,1800
2026-01-11,0.3902849853038788,-0.011222537073171113,0,0,0.42758823033528925,0.5724117696647107,0.5724117696647107,0.1,scale,0.24665668069444716,1170,1670,1770,1800
2026-01-12,0.385904997587204,0.09202782368714124,1,0,0.4503446608480464,0.5496553391519536,0.5496553391519536,0.1,scale,0.24665668069444716,1170,1670,1770,1800
2026-01-13,0.4214189946651459,-0.016306807232430498,0,0,0.44613244173017247,0.5538675582698276,0.5538675582698276,0.1,scale,0.24665668069444716,1170,1670,1770,1800
2026-01-14,0.4145469963550567,-0.05081449607541788,0,0,0.4244789144288082,0.5755210855711919,0.5755210855711919,0.1,scale,0.24665668069444716,1170,1670,1770,1800
2026-01-15,0.3934819996356964,0.005215001213733306,1,0,0.41772942300721183,0.5822705769927882,0.5822705769927882,0.1,scale,0.24665668069444716,1170,1670,1770,1800
2026-01-16,0.3955340087413788,0.0028720790113319072,1,0,0.3807214714457412,0.6192785285542588,0.6192785285542588,0.1,scale,0.24665668069444716,1170,1670,1770,1800
2026-01-17,0.3966700136661529,-0.05288279814699226,0,0,0.37626169531983783,0.6237383046801621,0.6237383046801621,0.1,scale,0.24665668069444716,1170,1670,1770,1800
2026-01-18,0.3756929934024811,-0.014820605632244188,0,0,0.46481293679963037,0.5351870632003697,0.5351870632003697,0.1,scale,0.24665668069444716,1170,1670,1770,1800
2026-01-19,0.3701249957084656,-0.05321718539818643,0,1,0.5096249250490311,0.4903750749509689,0.5096249250490311,0.1,scale,0.24665668069444716,1170,1670,1770,1800
2026-01-20,0.3504279851913452,0.04357246539753845,1,1,0.5271364221654609,0.47286357783453914,0.5271364221654609,0.1,scale,0.24665668069444716,1170,1670,1770,1800
2026-01-21,0.3656969964504242,-0.018594617853587847,0,0,0.4014012682547709,0.598598731745229,0.598598731745229,0.1,scale,0.24665668069444716,1170,1670,1770,1800
2026-01-22,0.3588970005512237,0.0033491148287516648,1,0,0.4169323211994647,0.5830676788005353,0.5830676788005353,0.1,scale,0.24665668069444716,1170,1670,1770,1800
2026-01-23,0.3600989878177643,-0.005376267998861484,0,0,0.4042985208663141,0.5957014791336859,0.5957014791336859,0.1,scale,0.24665668069444716,1170,1670,1770,1800
2026-01-24,0.3581629991531372,-0.05432720838718341,0,0,0.3976725694889799,0.6023274305110201,0.6023274305110201,0.1,scale,0.24665668069444716,1170,1670,1770,1800
2026-01-25,0.3387050032615661,0.03924653591615157,1,1,0.5310690827992017,0.46893091720079827,0.5310690827992017,0.1,scale,0.24665668069444716,1170,1670,1770,1800
2026-01-26,0.3519980013370514,0.02359671539289354,1,0,0.38827980280368846,0.6117201971963115,0.6117201971963115,0.1,scale,0.24665668069444716,1170,1670,1770,1800
2026-01-27,0.3603039979934692,-0.006730386517688092,0,0,0.3888350974100147,0.6111649025899852,0.6111649025899852,0.1,scale,0.24665668069444716,1170,1670,1770,1800
2026-01-28,0.3578790128231048,-0.06669574624553232,0,0,0.4033869007732181,0.596613099226782,0.596613099226782,0.1,scale,0.24665668069444716,1170,1670,1770,1800
2026-01-29,0.3340100049972534,-0.04088202952375908,0,1,0.5066365516814066,0.49336344831859336,0.5066365516814066,0.1,scale,0.24665668069444716,1170,1670,1770,1800
2026-01-30,0.3203549981117248,-0.08384131848217502,0,1,0.5246248445382644,0.4753751554617356,0.5246248445382644,0.1,scale,0.24665668069444716,1170,1670,1770,1800
2026-01-31,0.2934960126876831,-0.02543142367069684,0,1,0.6069993411739545,0.3930006588260455,0.6069993411739545,0.1,scale,0.24665668069444716,1170,1670,1770,1800
2026-02-01,0.2860319912433624,0.04498803403878093,1,1,0.557900162289222,0.442099837710778,0.557900162289222,0.1,scale,0.24665668069444716,1170,1670,1770,1800
2026-02-02,0.2989000082015991,-0.027139555427931006,0,0,0.48450123878279483,0.5154987612172052,0.5154987612172052,0.1,scale,0.24665668069444716,1170,1670,1770,1800
2026-02-03,0.2907879948616028,-0.015430512729745272,0,0,0.4902811820833093,0.5097188179166907,0.5097188179166907,0.1,scale,0.24169523729166043,1200,1700,1800,1830
2026-02-04,0.2863009870052337,-0.14465891239906625,0,0,0.4869974782979986,0.5130025217020013,0.5130025217020013,0.1,scale,0.24169523729166043,1200,1700,1800,1830
2026-02-05,0.2448849976062774,0.1280152055920325,1,1,0.6103476361106144,0.3896523638893856,0.6103476361106144,0.1,scale,0.24169523729166043,1200,1700,1800,1830
2026-02-06,0.2762340009212494,-0.014006230529595043,0,0,0.4707121824067453,0.5292878175932547,0.5292878175932547,0.1,scale,0.24169523729166043,1200,1700,1800,1830
2026-02-07,0.272365003824234,-0.0077176486447775305,0,0,0.46536277758430017,0.5346372224156999,0.5346372224156999,0.1,scale,0.24169523729166043,1200,1700,1800,1830
2026-02-08,0.2702629864215851,-0.00205347707746395,0,0,0.45173917311011585,0.5482608268898841,0.5482608268898841,0.1,scale,0.24169523729166043,1200,1700,1800,1830
2026-02-09,0.2697080075740814,-0.029802653046183347,0,0,0.4552259096980433,0.5447740903019567,0.5447740903019567,0.1,scale,0.24169523729166043,1200,1700,1800,1830
2026-02-10,0.2616699934005737,-0.023380592761794827,0,0,0.48012411954927153,0.5198758804507284,0.5198758804507284,0.1,scale,0.24169523729166043,1200,1700,1800,1830
2026-02-11,0.2555519938468933,0.03393438199060439,1,1,0.5023418329344415,0.49765816706555854,0.5023418329344415,0.1,scale,0.24169523729166043,1200,1700,1800,1830
2026-02-12,0.2642239928245544,0.03204857359997648,1,0,0.42840623654164145,0.5715937634583586,0.5715937634583586,0.1,scale,0.24169523729166043,1200,1700,1800,1830
2026-02-13,0.2726919949054718,0.08278206890145112,1,0,0.4204542712386612,0.5795457287613388,0.5795457287613388,0.1,scale,0.24169523729166043,1200,1700,1800,1830
2026-02-14,0.2952660024166107,-0.04567406272612329,0,0,0.4609495086073658,0.5390504913926342,0.5390504913926342,0.1,scale,0.24169523729166043,1200,1700,1800,1830
2026-02-15,0.2817800045013428,0.013169796026808234,1,0,0.4483560888878489,0.5516439111121512,0.5516439111121512,0.1,scale,0.24169523729166043,1200,1700,1800,1830
2026-02-16,0.2854909896850586,-0.015846358385751103,0,0,0.39676408471288993,0.6032359152871101,0.6032359152871101,0.1,scale,0.24169523729166043,1200,1700,1800,1830
2026-02-17,0.2809669971466064,-0.02626996141577853,0,0,0.4192811197563771,0.580718880243623,0.580718880243623,0.1,scale,0.24169523729166043,1200,1700,1800,1830
2026-02-18,0.2735860049724579,-0.0037977029033589016,0,0,0.43072686042981206,0.569273139570188,0.569273139570188,0.1,scale,0.24169523729166043,1200,1700,1800,1830
2026-02-19,0.2725470066070556,0.04534999934391548,1,0,0.42137204559939456,0.5786279544006054,0.5786279544006054,0.1,scale,0.24169523729166043,1200,1700,1800,1830
2026-02-20,0.2849070131778717,-0.01714600780573594,0,0,0.4172217079662207,0.5827782920337793,0.5827782920337793,0.1,scale,0.24169523729166043,1200,1700,1800,1830
2026-02-21,0.280021995306015,-0.03084042652713459,0,0,0.398275984728634,0.601724015271366,0.601724015271366,0.1,scale,0.24169523729166043,1200,1700,1800,1830
2026-02-22,0.2713859975337982,-0.03364574675086862,0,0,0.4210193113638773,0.5789806886361226,0.5789806886361226,0.1,scale,0.24169523729166043,1200,1700,1800,1830
2026-02-23,0.2622550129890442,-0.013334366688038335,0,0,0.4893327224244252,0.5106672775755747,0.5106672775755747,0.1,scale,0.24169523729166043,1200,1700,1800,1830
2026-02-24,0.258758008480072,0.14652291661435823,1,0,0.43624512033064744,0.5637548796693526,0.5637548796693526,0.1,scale,0.24169523729166043,1200,1700,1800,1830
2026-02-25,0.296671986579895,-0.03269262837706155,0,1,0.5440250088772464,0.45597499112275364,0.5440250088772464,0.1,scale,0.24169523729166043,1200,1700,1800,1830
2026-02-26,0.2869729995727539,-0.03259195764224232,0,0,0.4191738133985652,0.5808261866014348,0.5808261866014348,0.1,scale,0.24169523729166043,1200,1700,1800,1830
2026-02-27,0.2776199877262115,0.014390178995362879,1,0,0.4127218198528436,0.5872781801471564,0.5872781801471564,0.1,scale,0.24169523729166043,1200,1700,1800,1830
2026-02-28,0.2816149890422821,-0.02853177085477443,0,0,0.4141901545726966,0.5858098454273034,0.5858098454273034,0.1,scale,0.24169523729166043,1200,1700,1800,1830
2026-03-01,0.2735800147056579,0.011919730033981057,1,0,0.4047239676960102,0.5952760323039898,0.5952760323039898,0.1,scale,0.24169523729166043,1200,1700,1800,1830
2026-03-02,0.2768410146236419,-0.05040077000892318,0,0,0.3848714862496902,0.6151285137503097,0.6151285137503097,0.1,scale,0.24169523729166043,1200,1700,1800,1830
2026-03-03,0.2628880143165588,0.050264718812641496,1,0,0.4623371769404013,0.5376628230595988,0.5376628230595988,0.1,scale,0.24169523729166043,1200,1700,1800,1830
2026-03-04,0.2761020064353943,-0.025755020861474298,0,0,0.4017952849385387,0.5982047150614613,0.5982047150614613,0.1,scale,0.24169523729166043,1200,1700,1800,1830
2026-03-05,0.2689909934997558,-0.03700497682210191,0,0,0.3943702748883934,0.6056297251116066,0.6056297251116066,0.1,scale,0.2379700777992768,1230,1730,1830,1860
2026-03-06,0.2590369880199432,-0.01684695264143732,0,0,0.4189589069872444,0.5810410930127556,0.5810410930127556,0.1,scale,0.2379700777992768,1230,1730,1830,1860
2026-03-07,0.2546730041503906,-0.021294009601414254,0,0,0.4272900054689371,0.572709994531063,0.572709994531063,0.1,scale,0.2379700777992768,1230,1730,1830,1860
2026-03-08,0.2492499947547912,0.023045176854218807,1,0,0.4471072589077995,0.5528927410922004,0.5528927410922004,0.1,scale,0.2379700777992768,1230,1730,1830,1860
2026-03-09,0.2549940049648285,0.027522215231822633,1,0,0.4036837019800693,0.5963162980199307,0.5963162980199307,0.1,scale,0.2379700777992768,1230,1730,1830,1860
2026-03-10,0.2620120048522949,0.0020037162475725623,1,0,0.388553126270299,0.611446873729701,0.611446873729701,0.1,scale,0.2379700777992768,1230,1730,1830,1860
2026-03-11,0.2625370025634765,0.002517685894874555,1,0,0.38422917860368694,0.6157708213963131,0.6157708213963131,0.1,scale,0.2379700777992768,1230,1730,1830,1860
2026-03-12,0.2631979882717132,0.009483370754481468,1,0,0.3780173937782436,0.6219826062217564,0.6219826062217564,0.1,scale,0.2379700777992768,1230,1730,1830,1860
2026-03-13,0.2656939923763275,-0.008468335746624533,0,0,0.4119912122648787,0.5880087877351212,0.5880087877351212,0.1,scale,0.2379700777992768,1230,1730,1830,1860
2026-03-14,0.2634440064430237,0.024304971857686652,1,0,0.38181936504329217,0.6181806349567078,0.6181806349567078,0.1,scale,0.2379700777992768,1230,1730,1830,1860
2026-03-15,0.2698470056056976,0.07609124813643686,1,0,0.38595675274120556,0.6140432472587944,0.6140432472587944,0.1,scale,0.2379700777992768,1230,1730,1830,1860
2026-03-16,0.2903800010681152,-0.004535417121668939,0,1,0.5022243705373391,0.49777562946266085,0.5022243705373391,0.1,scale,0.2379700777992768,1230,1730,1830,1860
2026-03-17,0.2890630066394806,-0.05144904114659288,0,0,0.4149523310639918,0.5850476689360082,0.5850476689360082,0.1,scale,0.2379700777992768,1230,1730,1830,1860
2026-03-18,0.2741909921169281,-0.024927820468911843,0,0,0.40283368839744216,0.5971663116025578,0.5971663116025578,0.1,scale,0.2379700777992768,1230,1730,1830,1860
2026-03-19,0.2673560082912445,-0.004626808289262763,0,0,0.4010505348954738,0.5989494651045262,0.5989494651045262,0.1,scale,0.2379700777992768,1230,1730,1830,1860
2026-03-20,0.2661190032958984,-0.031376995190757095,0,0,0.39739663522747415,0.6026033647725259,0.6026033647725259,0.1,scale,0.2379700777992768,1230,1730,1830,1860
2026-03-21,0.2577689886093139,-0.02783106409171987,0,0,0.4184695553282711,0.5815304446717289,0.5815304446717289,0.1,scale,0.2379700777992768,1230,1730,1830,1860
2026-03-22,0.2505950033664703,0.043919461720794084,1,0,0.45987310314804597,0.540126896851954,0.540126896851954,0.1,scale,0.2379700777992768,1230,1730,1830,1860
2026-03-23,0.2616010010242462,0.017538189490779565,1,0,0.401791260429391,0.598208739570609,0.598208739570609,0.1,scale,0.2379700777992768,1230,1730,1830,1860
2026-03-24,0.2661890089511871,0.015470193592102,1,0,0.3760813287234941,0.6239186712765059,0.6239186712765059,0.1,scale,0.2379700777992768,1230,1730,1830,1860
2026-03-25,0.2703070044517517,-0.05746429051031765,0,0,0.3917644650702509,0.608235534929749,0.608235534929749,0.1,scale,0.2379700777992768,1230,1730,1830,1860
2026-03-26,0.2547740042209625,-0.034344189012793236,0,0,0.4255036356475495,0.5744963643524506,0.5744963643524506,0.1,scale,0.2379700777992768,1230,1730,1830,1860
2026-03-27,0.2460239976644516,-0.0014836111391910434,0,0,0.4442204398874976,0.5557795601125024,0.5557795601125024,0.1,scale,0.2379700777992768,1230,1730,1830,1860
2026-03-28,0.2456589937210083,-0.024818911874732175,0,0,0.41902496049423227,0.5809750395057678,0.5809750395057678,0.1,scale,0.2379700777992768,1230,1730,1830,1860
2026-03-29,0.2395620048046112,0.015160977347762117,1,0,0.4506987585981381,0.5493012414018619,0.5493012414018619,0.1,scale,0.2379700777992768,1230,1730,1830,1860
2026-03-30,0.2431939989328384,-0.006706545821312915,0,0,0.4157445491225628,0.5842554508774371,0.5842554508774371,0.1,scale,0.2379700777992768,1230,1730,1830,1860
2026-03-31,0.241563007235527,0.02688739060758616,1,0,0.4280299476159124,0.5719700523840876,0.5719700523840876,0.1,scale,0.2379700777992768,1230,1730,1830,1860
2026-04-01,0.2480580061674118,-0.035072494918120256,0,0,0.39461857298435027,0.6053814270156497,0.6053814270156497,0.1,scale,0.2379700777992768,1230,1730,1830,1860
2026-04-02,0.2393579930067062,0.028451147145655886,1,0,0.42764074656832957,0.5723592534316704,0.5723592534316704,0.1,scale,0.2379700777992768,1230,1730,1830,1860
2026-04-03,0.2461680024862289,0.007234903273627413,1,0,0.3855702620066821,0.6144297379933179,0.6144297379933179,0.1,scale,0.2379700777992768,1230,1730,1830,1860
2026-04-04,0.2479490041732788,0.00999400465492628,1,0,0.4066692647760174,0.5933307352239826,0.5933307352239826,1.0,0.1,0.2413326282858895,1260,1760,1860,1890
2026-04-05,0.2504270076751709,-0.017318470591707658,0,0,0.4357275164620248,0.5642724835379752,0.5642724835379752,1.0,0.1,0.2413326282858895,1260,1760,1860,1890
2026-04-06,0.2460899949073791,0.07193308797794984,1,0,0.4310301091089206,0.5689698908910794,0.5689698908910794,1.0,0.1,0.2413326282858895,1260,1760,1860,1890
2026-04-07,0.2637920081615448,-0.049588364133953844,0,0,0.4220149174627236,0.5779850825372763,0.5779850825372763,1.0,0.1,0.2413326282858895,1260,1760,1860,1890
2026-04-08,0.2507109940052032,0.012392800445529373,1,0,0.43525685991236623,0.5647431400876337,0.5647431400876337,1.0,0.1,0.2413326282858895,1260,1760,1860,1890
2026-04-09,0.25381800532341,0.0017374061537078767,1,0,0.411494274618391,0.5885057253816091,0.5885057253816091,1.0,0.1,0.2413326282858895,1260,1760,1860,1890
2026-04-10,0.2542589902877807,-0.018076037131032674,0,0,0.4198625630514183,0.5801374369485817,0.5801374369485817,1.0,0.1,0.2413326282858895,1260,1760,1860,1890
2026-04-11,0.2496629953384399,-0.05363625511799763,0,0,0.4379210473559975,0.5620789526440024,0.5620789526440024,1.0,0.1,0.2413326282858895,1260,1760,1860,1890
2026-04-12,0.2362720072269439,0.05206286651077141,1,0,0.4675355439980186,0.5324644560019813,0.5324644560019813,1.0,0.1,0.2413326282858895,1260,1760,1860,1890
2026-04-13,0.2485730051994323,-0.03582853578933043,0,0,0.4144290697490449,0.5855709302509551,0.5855709302509551,1.0,0.1,0.2413326282858895,1260,1760,1860,1890
2026-04-14,0.239666998386383,0.02603194025285105,1,0,0.4505773800167341,0.5494226199832659,0.5494226199832659,1.0,0.1,0.2413326282858895,1260,1760,1860,1890
2026-04-15,0.2459059953689575,0.05424023746260542,1,0,0.425641906904556,0.574358093095444,0.574358093095444,1.0,0.1,0.2413326282858895,1260,1760,1860,1890
2026-04-16,0.2592439949512481,-0.0014696305288611766,0,0,0.44444046228911854,0.5555595377108815,0.5555595377108815,1.0,0.1,0.2413326282858895,1260,1760,1860,1890
2026-04-17,0.2588630020618438,-0.036138839956384894,0,0,0.43262999366089017,0.5673700063391098,0.5673700063391098,1.0,0.1,0.2413326282858895,1260,1760,1860,1890
2026-04-18,0.2495079934597015,-0.027991068906375927,0,0,0.4211051742898459,0.578894825710154,0.578894825710154,1.0,0.1,0.2413326282858895,1260,1760,1860,1890
2026-04-19,0.2425239980220794,0.023766751395194463,1,0,0.4405922595301029,0.5594077404698972,0.5594077404698972,1.0,0.1,0.2413326282858895,1260,1760,1860,1890
2026-04-20,0.2482880055904388,0.0054855486562923605,1,0,0.41223732038115357,0.5877626796188464,0.5877626796188464,1.0,0.1,0.2413326282858895,1260,1760,1860,1890
2026-04-21,0.2496500015258789,-0.004366132719834326,0,0,0.41236175758711496,0.587638242412885,0.587638242412885,1.0,0.1,0.2413326282858895,1260,1760,1860,1890
2026-04-22,0.2485599964857101,0.005829593804867583,1,0,0.43438795538341957,0.5656120446165804,0.5656120446165804,1.0,0.1,0.2413326282858895,1260,1760,1860,1890
2026-04-23,0.2500090003013611,0.0017558896209397545,1,0,0.41883871858916577,0.5811612814108342,0.5811612814108342,1.0,0.1,0.2413326282858895,1260,1760,1860,1890
2026-04-24,0.2504479885101318,-0.0007106444350303276,0,0,0.407506634334185,0.592493365665815,0.592493365665815,1.0,0.1,0.2413326282858895,1260,1760,1860,1890
2026-04-25,0.2502700090408325,0.00822311622702876,1,0,0.4193660508982999,0.5806339491017001,0.5806339491017001,1.0,0.1,0.2413326282858895,1260,1760,1860,1890
2026-04-26,0.2523280084133148,-0.0165538662360869,0,0,0.42542842092777394,0.5745715790722261,0.5745715790722261,1.0,0.1,0.2413326282858895,1260,1760,1860,1890
2026-04-27,0.2481510043144226,-0.005424144839541567,0,0,0.4256427984566782,0.5743572015433218,0.5743572015433218,1.0,0.1,0.2413326282858895,1260,1760,1860,1890
2026-04-28,0.2468049973249435,-0.009270471912272149,0,0,0.42094643124043535,0.5790535687595646,0.5790535687595646,1.0,0.1,0.2413326282858895,1260,1760,1860,1890
2026-04-29,0.2445169985294342,0.006801160661865424,1,0,0.41409720968602093,0.5859027903139791,0.5859027903139791,1.0,0.1,0.2413326282858895,1260,1760,1860,1890
2026-04-30,0.24617999792099,0.0078763454202746,1,0,0.41554665037000055,0.5844533496299995,0.5844533496299995,1.0,0.1,0.2413326282858895,1260,1760,1860,1890
2026-05-01,0.2481189966201782,0.00791148439035183,1,0,0.4258957234298843,0.5741042765701156,0.5741042765701156,1.0,0.1,0.2413326282858895,1260,1760,1860,1890
2026-05-02,0.2500819861888885,-0.0025871256372180795,0,0,0.4248682829584044,0.5751317170415956,0.5751317170415956,1.0,0.1,0.2413326282858895,1260,1760,1860,1890
2026-05-03,0.2494349926710128,0.0018401606901221612,1,0,0.4400197532247956,0.5599802467752044,0.5599802467752044,1.0,0.1,0.2413326282858895,1260,1760,1860,1890
2026-05-04,0.2498939931392669,0.04899683973299651,1,0,0.44302320333049927,0.5569767966695007,0.5569767966695007,1.0,0.01,0.24543341015723383,1290,1790,1890,1920
2026-05-05,0.2621380090713501,0.017452578999378243,1,0,0.42994036833257065,0.5700596316674293,0.5700596316674293,1.0,0.01,0.24543341015723383,1290,1790,1890,1920
2026-05-06,0.2667129933834076,-0.015334765905614223,0,0,0.43713751793010047,0.5628624820698995,0.5628624820698995,1.0,0.01,0.24543341015723383,1290,1790,1890,1920
2026-05-07,0.2626230120658874,0.04050286842077222,1,0,0.4348828849522625,0.5651171150477374,0.5651171150477374,1.0,0.01,0.24543341015723383,1290,1790,1890,1920
2026-05-08,0.2732599973678589,-0.009042669911192847,0,0,0.42868870984967977,0.5713112901503202,0.5713112901503202,1.0,0.01,0.24543341015723383,1290,1790,1890,1920
2026-05-09,0.2707889974117279,0.0432514422191701,1,0,0.4321721165319636,0.5678278834680364,0.5678278834680364,1.0,0.01,0.24543341015723383,1290,1790,1890,1920
2026-05-10,0.2825010120868683,-0.0069628525140569275,0,0,0.4464987829167458,0.5535012170832543,0.5535012170832543,1.0,0.01,0.24543341015723383,1290,1790,1890,1920
2026-05-11,0.2805339992046356,-0.034291782386763,0,0,0.43579409819063225,0.5642059018093677,0.5642059018093677,1.0,0.01,0.24543341015723383,1290,1790,1890,1920
2026-05-12,0.2709139883518219,-0.023088511847434323,0,0,0.4440357322538939,0.5559642677461061,0.5559642677461061,1.0,0.01,0.24543341015723383,1290,1790,1890,1920
2026-05-13,0.2646589875221252,0.020781529651206165,1,0,0.4452665890680653,0.5547334109319346,0.5547334109319346,1.0,0.01,0.24543341015723383,1290,1790,1890,1920
2026-05-14,0.2701590061187744,-0.032095970538217666,0,0,0.433867622571628,0.566132377428372,0.566132377428372,1.0,0.01,0.24543341015723383,1290,1790,1890,1920
2026-05-15,0.2614879906177521,-0.024655003754809224,0,0,0.44575402387345997,0.55424597612654,0.55424597612654,1.0,0.01,0.24543341015723383,1290,1790,1890,1920
2026-05-16,0.2550410032272339,-0.012409795278108149,0,0,0.44422673773262283,0.5557732622673772,0.5557732622673772,1.0,0.01,0.24543341015723383,1290,1790,1890,1920
2026-05-17,0.2518759965896606,-0.002072399449284834,0,0,0.44588730265945875,0.5541126973405412,0.5541126973405412,1.0,0.01,0.24543341015723383,1290,1790,1890,1920
2026-05-18,0.2513540089130401,-0.012452571667602719,0,0,0.4489697561540268,0.5510302438459732,0.5510302438459732,1.0,0.01,0.24543341015723383,1290,1790,1890,1920
2026-05-19,0.2482240051031112,0.0031302018828036626,1,0,0.4373455250958538,0.5626544749041462,0.5626544749041462,1.0,0.01,0.24543341015723383,1290,1790,1890,1920
2026-05-20,0.249000996351242,0.005044112646582999,1,0,0.4370667490131062,0.5629332509868938,0.5629332509868938,1.0,0.01,0.24543341015723383,1290,1790,1890,1920
2026-05-21,0.2502569854259491,-0.03130377144561125,0,0,0.43733447342548787,0.5626655265745122,0.5626655265745122,1.0,0.01,0.24543341015723383,1290,1790,1890,1920
2026-05-22,0.2424229979515075,0.0142437038117047,1,0,0.4441472300548996,0.5558527699451004,0.5558527699451004,1.0,0.01,0.24543341015723383,1290,1790,1890,1920
2026-05-23,0.2458759993314743,-0.01523939424957832,0,0,0.43049523581902904,0.569504764180971,0.569504764180971,1.0,0.01,0.24543341015723383,1290,1790,1890,1920
2026-05-24,0.2421289980411529,0.005501199396738654,1,0,0.4287594384795947,0.5712405615204053,0.5712405615204053,1.0,0.01,0.24543341015723383,1290,1790,1890,1920
2026-05-25,0.2434609979391098,-0.015033181663971829,0,0,0.43027754162189835,0.5697224583781016,0.5697224583781016,1.0,0.01,0.24543341015723383,1290,1790,1890,1920
2026-05-26,0.2398010045289993,-0.011421959409978477,0,0,0.4404873379129827,0.5595126620870172,0.5595126620870172,1.0,0.01,0.24543341015723383,1290,1790,1890,1920
2026-05-27,0.237062007188797,-0.011161696155915446,0,0,0.4359611946651777,0.5640388053348223,0.5640388053348223,1.0,0.01,0.24543341015723383,1290,1790,1890,1920
2026-05-28,0.2344159930944442,-0.007751126394353713,0,0,0.43837584201836033,0.5616241579816397,0.5616241579816397,1.0,0.01,0.24543341015723383,1290,1790,1890,1920
2026-05-29,0.2325990051031112,0.012222720139812626,1,0,0.43109658475382356,0.5689034152461765,0.5689034152461765,1.0,0.01,0.24543341015723383,1290,1790,1890,1920
2026-05-30,0.2354419976472854,-0.0006583442218776048,0,0,0.42888169462374415,0.5711183053762559,0.5711183053762559,1.0,0.01,0.24543341015723383,1290,1790,1890,1920
2026-05-31,0.235286995768547,-0.020124329291937748,0,0,0.42949932801777563,0.5705006719822243,0.5705006719822243,1.0,0.01,0.24543341015723383,1290,1790,1890,1920
2026-06-01,0.23055200278759,-0.07807352119297695,0,0,0.45284532502484065,0.5471546749751593,0.5471546749751593,1.0,0.01,0.24543341015723383,1290,1790,1890,1920
2026-06-02,0.2125519961118698,-0.05692253214585996,0,0,0.47927255463985297,0.520727445360147,0.520727445360147,1.0,0.01,0.24543341015723383,1290,1790,1890,1920
2026-06-03,0.2004529982805252,-0.10378494240298575,0,0,0.44309621601202226,0.5569037839879778,0.5569037839879778,10.0,scale,0.24801101200123266,1320,1820,1920,1950
2026-06-04,0.1796489953994751,-0.12813875866370728,0,0,0.44001458931960025,0.5599854106803998,0.5599854106803998,10.0,scale,0.24801101200123266,1320,1820,1920,1950
2026-06-05,0.1566289961338043,0.004003160820740037,1,0,0.4356234776113299,0.5643765223886701,0.5643765223886701,10.0,scale,0.24801101200123266,1320,1820,1920,1950
2026-06-06,0.157256007194519,0.049079186057177315,1,0,0.42370676292084614,0.5762932370791538,0.5762932370791538,10.0,scale,0.24801101200123266,1320,1820,1920,1950
2026-06-07,0.1649740040302276,0.03249597289114914,1,0,0.4090193491256462,0.5909806508743538,0.5909806508743538,10.0,scale,0.24801101200123266,1320,1820,1920,1950
2026-06-08,0.1703349947929382,-0.029753071213091786,0,0,0.4256771189109138,0.5743228810890861,0.5743228810890861,10.0,scale,0.24801101200123266,1320,1820,1920,1950
2026-06-09,0.1652670055627823,-0.02722867552180952,0,0,0.43650989470940116,0.5634901052905988,0.5634901052905988,10.0,scale,0.24801101200123266,1320,1820,1920,1950
2026-06-10,0.1607670038938522,0.059520853440821586,1,0,0.44169382980324745,0.5583061701967525,0.5583061701967525,10.0,scale,0.24801101200123266,1320,1820,1920,1950
2026-06-11,0.1703359931707382,-0.002911892209424116,0,0,0.4289862959005757,0.5710137040994243,0.5710137040994243,10.0,scale,0.24801101200123266,1320,1820,1920,1950
2026-06-12,0.1698399931192398,0.011251851129813195,1,0,0.42276888718066546,0.5772311128193346,0.5772311128193346,10.0,scale,0.24801101200123266,1320,1820,1920,1950
2026-06-13,0.171751007437706,0.06424414682784985,1,0,0.41939234636712214,0.5806076536328779,0.5806076536328779,10.0,scale,0.24801101200123266,1320,1820,1920,1950
2026-06-14,0.1827850043773651,-0.023125515734161883,0,0,0.4212996880031376,0.5787003119968623,0.5787003119968623,10.0,scale,0.24801101200123266,1320,1820,1920,1950
2026-06-15,0.1785580068826675,-0.03589871336683992,0,0,0.44090740516320126,0.5590925948367987,0.5590925948367987,10.0,scale,0.24801101200123266,1320,1820,1920,1950
2026-06-16,0.1721480041742324,-0.032280366326118415,0,0,0.42674871698156425,0.5732512830184358,0.5732512830184358,10.0,scale,0.24801101200123266,1320,1820,1920,1950
2026-06-17,0.166591003537178,-0.018986678841078186,0,0,0.4385470178340881,0.5614529821659119,0.5614529821659119,10.0,scale,0.24801101200123266,1320,1820,1920,1950
2026-06-18,0.1634279936552047,-0.008162595793540839,0,0,0.4409222448444145,0.5590777551555854,0.5590777551555854,10.0,scale,0.24801101200123266,1320,1820,1920,1950
2026-06-19,0.1620939970016479,0.006058222031663618,1,0,0.4387777930630047,0.5612222069369953,0.5612222069369953,10.0,scale,0.24801101200123266,1320,1820,1920,1950
2026-06-20,0.1630759984254837,-0.03950302658709104,0,0,0.4378933369990098,0.5621066630009902,0.5621066630009902,10.0,scale,0.24801101200123266,1320,1820,1920,1950
2026-06-21,0.1566340029239654,0.011415084198018954,1,0,0.4447149388041909,0.5552850611958091,0.5552850611958091,10.0,scale,0.24801101200123266,1320,1820,1920,1950
2026-06-22,0.1584219932556152,-0.044564464911884705,0,0,0.443229466088002,0.5567705339119979,0.5567705339119979,10.0,scale,0.24801101200123266,1320,1820,1920,1950
2026-06-23,0.1513620018959045,-0.02542910169317303,0,0,0.44534083276107284,0.5546591672389272,0.5546591672389272,10.0,scale,0.24801101200123266,1320,1820,1920,1950
2026-06-24,0.1475130021572113,-0.02768573544133346,0,0,0.44547651692586926,0.5545234830741308,0.5545234830741308,10.0,scale,0.24801101200123266,1320,1820,1920,1950
2026-06-25,0.1434289962053299,0.033305673753191156,1,0,0.44467429541366055,0.5553257045863395,0.5553257045863395,10.0,scale,0.24801101200123266,1320,1820,1920,1950
2026-06-26,0.1482059955596923,-0.02095730356599923,0,0,0.43863230625889044,0.5613676937411096,0.5613676937411096,10.0,scale,0.24801101200123266,1320,1820,1920,1950
2026-06-27,0.1450999975204467,-0.009862186336199175,0,0,0.4317691363964582,0.5682308636035418,0.5682308636035418,10.0,scale,0.24801101200123266,1320,1820,1920,1950
2026-06-28,0.143668994307518,0.013350152357582967,1,0,0.4312752310068561,0.5687247689931438,0.5687247689931438,10.0,scale,0.24801101200123266,1320,1820,1920,1950
2026-06-29,0.1455869972705841,-0.009787948592134499,0,0,0.4329873400199471,0.5670126599800529,0.5670126599800529,10.0,scale,0.24801101200123266,1320,1820,1920,1950
2026-06-30,0.1441619992256164,0.06852010037058065,1,0,0.4306872464001154,0.5693127535998845,0.5693127535998845,10.0,scale,0.24801101200123266,1320,1820,1920,1950
2026-07-01,0.1540399938821792,0.047085214156800115,1,0,0.42956042846795833,0.5704395715320416,0.5704395715320416,10.0,scale,0.24801101200123266,1320,1820,1920,1950
2026-07-02,0.1612929999828338,0.1154793106920704,1,0,0.41448967147150306,0.5855103285284969,0.5855103285284969,10.0,scale,0.24801101200123266,1320,1820,1920,1950
2026-07-03,0.1799190044403076,0.06731913441597581,1,0,0.4321496942789009,0.5678503057210991,0.5678503057210991,1.0,0.01,0.24628633323697702,1350,1850,1950,1980
2026-07-04,0.1920309960842132,-0.013877958392430556,0,0,0.4283641312736321,0.5716358687263678,0.5716358687263678,1.0,0.01,0.24628633323697702,1350,1850,1950,1980
2026-07-05,0.1893659979104995,-0.02816770074165853,0,0,0.4255548169856353,0.5744451830143646,0.5744451830143646,1.0,0.01,0.24628633323697702,1350,1850,1950,1980
2026-07-06,0.184031993150711,-0.05183334199717582,0,0,0.4230923021909751,0.5769076978090248,0.5769076978090248,1.0,0.01,0.24628633323697702,1350,1850,1950,1980
2026-07-07,0.1744929999113083,-0.043514673364972056,0,0,0.42569843908194444,0.5743015609180555,0.5743015609180555,1.0,0.01,0.24628633323697702,1350,1850,1950,1980
2026-07-08,0.1668999940156936,-0.0023366878654814682,0,0,0.43224355220769234,0.5677564477923076,0.5677564477923076,1.0,0.01,0.24628633323697702,1350,1850,1950,1980
2026-07-09,0.1665100008249282,4.805671444030324e-05,1,0,0.4279773667295838,0.5720226332704161,0.5720226332704161,1.0,0.01,0.24628633323697702,1350,1850,1950,1980
2026-07-10,0.1665180027484893,-0.0033089529562586595,0,0,0.43023375052284263,0.5697662494771574,0.5697662494771574,1.0,0.01,0.24628633323697702,1350,1850,1950,1980
2026-07-11,0.1659670025110244,-0.024149349376635043,0,0,0.4287514652542109,0.5712485347457892,0.5712485347457892,1.0,0.01,0.24628633323697702,1350,1850,1950,1980
2026-07-12,0.1619590073823928,-0.029192598872837316,0,0,0.4323010362656883,0.5676989637343117,0.5676989637343117,1.0,0.01,0.24628633323697702,1350,1850,1950,1980
2026-07-13,0.1572310030460357,0.05084871536945057,1,0,0.43660333681312097,0.563396663186879,0.563396663186879,1.0,0.01,0.24628633323697702,1350,1850,1950,1980
2026-07-14,0.1652259975671768,-0.0007686598884267815,0,0,0.424084388990389,0.575915611009611,0.575915611009611,1.0,0.01,0.24628633323697702,1350,1850,1950,1980
2026-07-15,0.1650989949703216,-0.026820267796526465,0,0,0.42510665118911856,0.5748933488108814,0.5748933488108814,1.0,0.01,0.24628633323697702,1350,1850,1950,1980
2026-07-16,0.1606709957122802,0.03716911039125814,1,0,0.4271189027901355,0.5728810972098646,0.5728810972098646,1.0,0.01,0.24628633323697702,1350,1850,1950,1980
2026-07-17,0.1666429936885833,-0.0001259923124121709,0,0,0.4212898076308869,0.5787101923691131,0.5787101923691131,1.0,0.01,0.24628633323697702,1350,1850,1950,1980
2026-07-18,0.1666219979524612,-0.003834977386940719,0,0,0.41387263451229556,0.5861273654877044,0.5861273654877044,1.0,0.01,0.24628633323697702,1350,1850,1950,1980
2026-07-19,0.1659830063581466,0.022899863550640776,1,0,0.41517764304246707,0.5848223569575329,0.5848223569575329,1.0,0.01,0.24628633323697702,1350,1850,1950,1980
2026-07-20,0.1697839945554733,0.0209913787164151,1,0,0.4291885848607399,0.57081141513926,0.57081141513926,1.0,0.01,0.24628633323697702,1350,1850,1950,1980
2026-07-21,0.173347994685173,0.004961151230526761,1,0,0.41669356959246845,0.5833064304075315,0.5833064304075315,1.0,0.01,0.24628633323697702,1350,1850,1950,1980
2026-07-22,0.1742080003023147,-0.03379294718174419,0,0,0.41819910421782686,0.5818008957821732,0.5818008957821732,1.0,0.01,0.24628633323697702,1350,1850,1950,1980
2026-07-23,0.1683209985494613,-0.026716759484096353,0,0,0.422943640743469,0.577056359256531,0.577056359256531,1.0,0.01,0.24628633323697702,1350,1850,1950,1980
2026-07-24,0.1638240069150924,0.004956502353138159,1,0,0.4251379176665356,0.5748620823334645,0.5748620823334645,1.0,0.01,0.24628633323697702,1350,1850,1950,1980
2026-07-25,0.1646360009908676,0.00653561761808219,1,0,0.41962244121659426,0.5803775587834057,0.5803775587834057,1.0,0.01,0.24628633323697702,1350,1850,1950,1980
2026-07-26,0.1657119989395141,-0.062059426959203634,0,0,0.42206872939419726,0.5779312706058027,0.5779312706058027,1.0,0.01,0.24628633323697702,1350,1850,1950,1980
2026-07-27,0.1554280072450637,0.039638862473547976,1,0,0.4443471037442269,0.5556528962557731,0.5556528962557731,1.0,0.01,0.24628633323697702,1350,1850,1950,1980
2026-07-28,0.1615889966487884,0.0026301049404584553,1,0,0.4211964375111794,0.5788035624888206,0.5788035624888206,1.0,0.01,0.24628633323697702,1350,1850,1950,1980
2026-07-29,0.1620139926671981,0.047347845381614295,1,0,0.4241366642268568,0.5758633357731432,0.5758633357731432,1.0,0.01,0.24628633323697702,1350,1850,1950,1980
2026-07-30,0.1696850061416626,-0.010142378818354114,0,0,0.4206509086076927,0.5793490913923073,0.5793490913923073,1.0,0.01,0.24628633323697702,1350,1850,1950,1980
2026-07-31,0.1679639965295791,0.03722229659613796,1,0,0.4211852542277817,0.5788147457722184,0.5788147457722184,1.0,0.01,0.24628633323697702,1350,1850,1950,1980
2026-08-01,0.1742160022258758,0.08689213422677367,1,0,0.42229782235237134,0.5777021776476287,0.5777021776476287,1.0,0.01,0.24628633323697702,1350,1850,1950,1980
2026-08-02,0.1893540024757385,0.022370785622032763,1,0,0.4455026090905253,0.5544973909094747,0.5544973909094747,1.0,0.01,0.2449272817040465,1380,1880,1980,2010
2026-08-03,0.1935900002717971,-0.004132437831969149,0,0,0.4324142894603054,0.5675857105396946,0.5675857105396946,1.0,0.01,0.2449272817040465,1380,1880,1980,2010
2026-08-04,0.192790001630783,-0.007879011136103675,0,0,0.42893032231303935,0.5710696776869606,0.5710696776869606,1.0,0.01,0.2449272817040465,1380,1880,1980,2010
2026-08-05,0.1912710070610046,0.049756621621411146,1,0,0.4266047178194179,0.5733952821805821,0.5733952821805821,1.0,0.01,0.2449272817040465,1380,1880,1980,2010
2026-08-06,0.2007880061864853,0.0015538802292152099,1,0,0.43798527125459225,0.5620147287454078,0.5620147287454078,1.0,0.01,0.2449272817040465,1380,1880,1980,2010
2026-08-07,0.201100006699562,-0.00936853978924801,0,0,0.4277657959129927,0.5722342040870073,0.5722342040870073,1.0,0.01,0.2449272817040465,1380,1880,1980,2010
2026-08-08,0.1992159932851791,-0.02289972016938413,0,0,0.42781810792496955,0.5721818920750305,0.5721818920750305,1.0,0.01,0.2449272817040465,1380,1880,1980,2010
2026-08-09,0.1946540027856826,-0.0184892316923303,0,0,0.43597571289157006,0.56402428710843,0.56402428710843,1.0,0.01,0.2449272817040465,1380,1880,1980,2010
2026-08-10,0.1910549998283386,-0.021669176516540545,0,0,0.43950115366252646,0.5604988463374736,0.5604988463374736,1.0,0.01,0.2449272817040465,1380,1880,1980,2010
2026-08-11,0.1869149953126907,-0.024123275731559035,0,0,0.44027397662306433,0.5597260233769357,0.5597260233769357,1.0,0.01,0.2449272817040465,1380,1880,1980,2010
2026-08-12,0.1824059933423996,-0.0008332612398979089,0,0,0.4384875525766471,0.5615124474233528,0.5615124474233528,1.0,0.01,0.2449272817040465,1380,1880,1980,2010
2026-08-13,0.1822540014982223,-0.013173890729996973,0,0,0.4347958265641401,0.5652041734358599,0.5652041734358599,1.0,0.01,0.2449272817040465,1380,1880,1980,2010
2026-08-14,0.17985300719738,-0.020689193487410495,0,0,0.43765953548094005,0.56234046451906,0.56234046451906,1.0,0.01,0.2449272817040465,1380,1880,1980,2010
2026-08-15,0.1761319935321808,-0.007295589566784222,0,0,0.43561777465434093,0.5643822253456591,0.5643822253456591,1.0,0.01,0.2449272817040465,1380,1880,1980,2010
2026-08-16,0.1748470067977905,-0.004781322035585345,0,0,0.4348901930433854,0.5651098069566146,0.5651098069566146,1.0,0.01,0.2449272817040465,1380,1880,1980,2010
2026-08-17,0.1740110069513321,0.0014538845512219734,1,0,0.43172562594353453,0.5682743740564655,0.5682743740564655,1.0,0.01,0.2449272817040465,1380,1880,1980,2010
2026-08-18,0.1742639988660812,0.0723672233623911,1,0,0.4266379113969992,0.5733620886030009,0.5733620886030009,1.0,0.01,0.2449272817040465,1380,1880,1980,2010
2026-08-19,0.1868750005960464,0.06514512554811391,1,0,0.4397475740214821,0.5602524259785179,0.5602524259785179,1.0,0.01,0.2449272817040465,1380,1880,1980,2010
2026-08-20,0.1990489959716797,0.15153056396669196,1,0,0.4286390571231177,0.5713609428768823,0.5713609428768823,1.0,0.01,0.2449272817040465,1380,1880,1980,2010
2026-08-21,0.2292110025882721,-0.01288771551850243,0,0,0.4510272262198999,0.5489727737801001,0.5489727737801001,1.0,0.01,0.2449272817040465,1380,1880,1980,2010
2026-08-22,0.2262569963932037,0.0026739595030245145,1,0,0.4383069837728635,0.5616930162271365,0.5616930162271365,1.0,0.01,0.2449272817040465,1380,1880,1980,2010
2026-08-23,0.2268619984388351,-0.025134239651728674,0,0,0.4257288137650358,0.5742711862349642,0.5742711862349642,1.0,0.01,0.2449272817040465,1380,1880,1980,2010
2026-08-24,0.2211599946022033,-0.05452156868346647,0,0,0.42853200606677816,0.5714679939332219,0.5714679939332219,1.0,0.01,0.2449272817040465,1380,1880,1980,2010
2026-08-25,0.2091020047664642,0.016790832317721938,1,0,0.43566677562823786,0.5643332243717621,0.5643332243717621,1.0,0.01,0.2449272817040465,1380,1880,1980,2010
2026-08-26,0.2126130014657974,0.005653474432018912,1,0,0.4246654604297048,0.5753345395702951,0.5753345395702951,1.0,0.01,0.2449272817040465,1380,1880,1980,2010
2026-08-27,0.2138150036334991,-0.05028649618834391,0,0,0.43243712181352517,0.5675628781864748,0.5675628781864748,1.0,0.01,0.2449272817040465,1380,1880,1980,2010
2026-08-28,0.2030629962682724,-0.007347442385436276,0,0,0.44719538504689926,0.5528046149531007,0.5528046149531007,1.0,0.01,0.2449272817040465,1380,1880,1980,2010
2026-08-29,0.2015710026025772,-0.0439745812899508,0,0,0.4339349733975912,0.5660650266024088,0.5660650266024088,1.0,0.01,0.2449272817040465,1380,1880,1980,2010
2026-08-30,0.1927070021629333,0.026236689578721606,1,0,0.45856562088470915,0.5414343791152909,0.5414343791152909,1.0,0.01,0.2449272817040465,1380,1880,1980,2010
2026-08-31,0.1977629959583282,-0.0062953739738466075,0,0,0.4350911946423852,0.5649088053576148,0.5649088053576148,1.0,0.01,0.2449272817040465,1380,1880,1980,2010
