timestamp,close,future_return_1d,y_true,prediction,prob_positive,prob_negative,confidence,selected_C,selected_gamma,validation_brier,fold_start,train_end,validation_end,test_end
2022-10-22,0.351408988237381,0.03042040468890317,1,0,0.48103823628247006,0.5189617637175299,0.5189617637175299,1.0,scale,0.24686895697932962,0,500,600,630
2022-10-23,0.3620989918708801,-0.011715036659180944,0,0,0.47361062667571197,0.526389373324288,0.526389373324288,1.0,scale,0.24686895697932962,0,500,600,630
2022-10-24,0.3578569889068603,0.12332024283109311,1,0,0.4763499868953953,0.5236500131046047,0.5236500131046047,1.0,scale,0.24686895697932962,0,500,600,630
2022-10-25,0.4019879996776581,0.003741415173645679,1,0,0.41625170282476065,0.5837482971752394,0.5837482971752394,1.0,scale,0.24686895697932962,0,500,600,630
2022-10-26,0.4034920036792755,-0.036667406507670974,0,0,0.4121183523482711,0.5878816476517289,0.5878816476517289,1.0,scale,0.24686895697932962,0,500,600,630
2022-10-27,0.3886969983577728,0.040674388750567614,1,0,0.4092892237629869,0.5907107762370132,0.5907107762370132,1.0,scale,0.24686895697932962,0,500,600,630
2022-10-28,0.4045070111751556,0.03775207299372152,1,0,0.47623538482383276,0.5237646151761672,0.5237646151761672,1.0,scale,0.24686895697932962,0,500,600,630
2022-10-29,0.4197779893875122,-0.03271015430716551,0,0,0.41333437252453326,0.5866656274754667,0.5866656274754667,1.0,scale,0.24686895697932962,0,500,600,630
2022-10-30,0.406046986579895,0.000711796742909776,1,0,0.40366747993673874,0.5963325200632612,0.5963325200632612,1.0,scale,0.24686895697932962,0,500,600,630
2022-10-31,0.4063360095024109,-0.012142691699670416,0,0,0.4280437532852092,0.5719562467147907,0.5719562467147907,1.0,scale,0.24686895697932962,0,500,600,630
2022-11-01,0.4014019966125488,-0.03818115861112059,0,0,0.44041410736434133,0.5595858926356587,0.5595858926356587,1.0,scale,0.24686895697932962,0,500,600,630
2022-11-02,0.3860760033130646,0.008661505395667124,1,0,0.4610865771327942,0.5389134228672058,0.5389134228672058,1.0,scale,0.24686895697932962,0,500,600,630
2022-11-03,0.3894200026988983,0.08244311695463757,1,0,0.43509305119748304,0.5649069488025169,0.5649069488025169,1.0,scale,0.24686895697932962,0,500,600,630
2022-11-04,0.4215250015258789,0.012359912647256444,1,0,0.45277354488505855,0.5472264551149415,0.5472264551149415,1.0,scale,0.24686895697932962,0,500,600,630
2022-11-05,0.4267350137233734,-0.05560830264942351,0,0,0.41077087833768455,0.5892291216623154,0.5892291216623154,1.0,scale,0.24686895697932962,0,500,600,630
2022-11-06,0.4030050039291382,0.0031116048358732495,1,0,0.419649663597197,0.580350336402803,0.580350336402803,1.0,scale,0.24686895697932962,0,500,600,630
2022-11-07,0.4042589962482452,-0.08020844721670939,0,0,0.46129470260460637,0.5387052973953936,0.5387052973953936,1.0,scale,0.24686895697932962,0,500,600,630
2022-11-08,0.3718340098857879,-0.14521805041229308,0,0,0.4357173453764922,0.5642826546235078,0.5642826546235078,1.0,scale,0.24686895697932962,0,500,600,630
2022-11-09,0.3178369998931885,0.16090011664497528,1,0,0.42073169472078686,0.5792683052792131,0.5792683052792131,1.0,scale,0.24686895697932962,0,500,600,630
2022-11-10,0.3689770102500915,-0.038782910396683024,0,0,0.47946272900707754,0.5205372709929225,0.5205372709929225,1.0,scale,0.24686895697932962,0,500,600,630
2022-11-11,0.3546670079231262,-0.0437678614193342,0,0,0.4438601062398821,0.5561398937601179,0.5561398937601179,1.0,scale,0.24686895697932962,0,500,600,630
2022-11-12,0.3391439914703369,-0.02658749937608662,0,0,0.44288969862578687,0.5571103013742131,0.5571103013742131,1.0,scale,0.24686895697932962,0,500,600,630
2022-11-13,0.3301270008087158,0.005216198571049713,1,0,0.42963314170393696,0.570366858296063,0.570366858296063,1.0,scale,0.24686895697932962,0,500,600,630
2022-11-14,0.3318490087985992,0.015549252110798495,1,0,0.4521606421020765,0.5478393578979235,0.5478393578979235,1.0,scale,0.24686895697932962,0,500,600,630
2022-11-15,0.3370090126991272,-0.013729660016770229,0,0,0.4624478525448868,0.5375521474551133,0.5375521474551133,1.0,scale,0.24686895697932962,0,500,600,630
2022-11-16,0.3323819935321808,-0.022633597447262455,0,0,0.41165556329145103,0.588344436708549,0.588344436708549,1.0,scale,0.24686895697932962,0,500,600,630
2022-11-17,0.3248589932918548,0.00419257574382903,1,0,0.3844488521939825,0.6155511478060175,0.6155511478060175,1.0,scale,0.24686895697932962,0,500,600,630
2022-11-18,0.3262209892272949,0.007022919453032017,1,0,0.44885838664183064,0.5511416133581694,0.5511416133581694,1.0,scale,0.24686895697932962,0,500,600,630
2022-11-19,0.3285120129585266,-0.04932852425203438,0,0,0.4395858212463301,0.5604141787536698,0.5604141787536698,1.0,scale,0.24686895697932962,0,500,600,630
2022-11-20,0.3123070001602173,-0.024844159200189675,0,0,0.4303116306688757,0.5696883693311243,0.5696883693311243,1.0,scale,0.24686895697932962,0,500,600,630
2022-11-21,0.3045479953289032,0.02421299284123024,1,1,0.5931900067081234,0.4068099932918766,0.5931900067081234,1.0,0.01,0.2449531782444948,30,530,630,660
2022-11-22,0.311922013759613,0.020501862824212624,1,0,0.44270097206616116,0.5572990279338388,0.5572990279338388,1.0,0.01,0.2449531782444948,30,530,630,660
2022-11-23,0.3183169960975647,-0.005840119405153943,0,0,0.4325289634571358,0.5674710365428641,0.5674710365428641,1.0,0.01,0.2449531782444948,30,530,630,660
2022-11-24,0.316457986831665,-0.004641963021755902,0,0,0.44102151061481687,0.5589784893851831,0.5589784893851831,1.0,0.01,0.2449531782444948,30,530,630,660
2022-11-25,0.3149890005588531,-0.0038065044562648476,0,0,0.4823092102052198,0.5176907897947802,0.5176907897947802,1.0,0.01,0.2449531782444948,30,530,630,660
2022-11-26,0.3137899935245514,-0.004257651097511639,0,0,0.48776338261122026,0.5122366173887798,0.5122366173887798,1.0,0.01,0.2449531782444948,30,530,630,660
2022-11-27,0.3124539852142334,-0.01841549239351803,0,0,0.48476633883863657,0.5152336611613635,0.5152336611613635,1.0,0.01,0.2449531782444948,30,530,630,660
2022-11-28,0.3066999912261963,0.008712150952314035,1,0,0.478230714220369,0.521769285779631,0.521769285779631,1.0,0.01,0.2449531782444948,30,530,630,660
2022-11-29,0.3093720078468323,0.030742904064637866,1,0,0.40077513186490915,0.5992248681350909,0.5992248681350909,1.0,0.01,0.2449531782444948,30,530,630,660
2022-11-30,0.3188830018043518,-0.013795033204865526,0,0,0.406686458922743,0.593313541077257,0.593313541077257,1.0,0.01,0.2449531782444948,30,530,630,660
2022-12-01,0.3144840002059936,0.015654170092449737,1,0,0.40092149337039046,0.5990785066296096,0.5990785066296096,1.0,0.01,0.2449531782444948,30,530,630,660
2022-12-02,0.3194069862365722,0.0007733132291800615,1,0,0.3901481122752187,0.6098518877247814,0.6098518877247814,1.0,0.01,0.2449531782444948,30,530,630,660
2022-12-03,0.3196539878845215,0.009685517398782428,1,0,0.405914445973455,0.5940855540265451,0.5940855540265451,1.0,0.01,0.2449531782444948,30,530,630,660
2022-12-04,0.3227500021457672,-0.010017089127088097,0,0,0.39917832788280383,0.6008216721171962,0.6008216721171962,1.0,0.01,0.2449531782444948,30,530,630,660
2022-12-05,0.3195169866085052,-0.003295523238932452,0,0,0.46486993410385363,0.5351300658961464,0.5351300658961464,1.0,0.01,0.2449531782444948,30,530,630,660
2022-12-06,0.3184640109539032,-0.025572814365575347,0,0,0.48721931574770677,0.5127806842522933,0.5127806842522933,1.0,0.01,0.2449531782444948,30,530,630,660
2022-12-07,0.3103199899196625,0.014575306808253696,1,1,0.5231807038695971,0.47681929613040286,0.5231807038695971,1.0,0.01,0.2449531782444948,30,530,630,660
2022-12-08,0.3148429989814758,-0.010055774225420366,0,0,0.4772610579805481,0.5227389420194519,0.5227389420194519,1.0,0.01,0.2449531782444948,30,530,630,660
2022-12-09,0.3116770088672638,0.0029806433167638424,1,1,0.5021313550299736,0.49786864497002636,0.5021313550299736,1.0,0.01,0.2449531782444948,30,530,630,660
2022-12-10,0.312606006860733,-0.015658693506927057,0,0,0.48902796824171846,0.5109720317582815,0.5109720317582815,1.0,0.01,0.2449531782444948,30,530,630,660
2022-12-11,0.3077110052108764,-0.002476400155427383,0,1,0.5223265657671734,0.4776734342328266,0.5223265657671734,1.0,0.01,0.2449531782444948,30,530,630,660
2022-12-12,0.3069489896297455,0.019273558840094962,1,1,0.5253736582347017,0.4746263417652983,0.5253736582347017,1.0,0.01,0.2449531782444948,30,530,630,660
2022-12-13,0.3128649890422821,-0.015121536878380804,0,1,0.5169393739065634,0.4830606260934366,0.5169393739065634,1.0,0.01,0.2449531782444948,30,530,630,660
2022-12-14,0.308133989572525,-0.025745263612167224,0,1,0.5616116873186817,0.4383883126813183,0.5616116873186817,1.0,0.01,0.2449531782444948,30,530,630,660
2022-12-15,0.3002009987831116,-0.12035601048895306,0,0,0.45090338464722857,0.5490966153527714,0.5490966153527714,1.0,0.01,0.2449531782444948,30,530,630,660
2022-12-16,0.2640700042247772,0.010716850404577816,1,1,0.6060762321973664,0.3939237678026336,0.6060762321973664,1.0,0.01,0.2449531782444948,30,530,630,660
2022-12-17,0.2669000029563904,-0.002116869320223591,0,0,0.499240123595934,0.5007598764040659,0.5007598764040659,1.0,0.01,0.2449531782444948,30,530,630,660
2022-12-18,0.2663350105285644,-0.05027884951078232,0,0,0.48270468163698044,0.5172953183630196,0.5172953183630196,1.0,0.01,0.2449531782444948,30,530,630,660
2022-12-19,0.2529439926147461,0.023969789541946396,1,1,0.5296455477285041,0.47035445227149586,0.5296455477285041,1.0,0.01,0.2449531782444948,30,530,630,660
2022-12-20,0.2590070068836212,-0.022597833832499137,0,0,0.45414361749560417,0.5458563825043958,0.5458563825043958,1.0,0.01,0.2449531782444948,30,530,630,660
2022-12-21,0.2531540095806122,0.013308118405465086,1,0,0.4040079866577889,0.5959920133422111,0.5959920133422111,1.0,0.01,0.2466538736731936,60,560,660,690
2022-12-22,0.2565230131149292,0.01132839747364045,1,0,0.36878104735209577,0.6312189526479042,0.6312189526479042,1.0,0.01,0.2466538736731936,60,560,660,690
2022-12-23,0.259429007768631,-0.0002351524004673422,0,0,0.3733775865273564,0.6266224134726436,0.6266224134726436,1.0,0.01,0.2466538736731936,60,560,660,690
2022-12-24,0.2593680024147033,-0.0003778031025354345,0,1,0.5457741276337758,0.45422587236622425,0.5457741276337758,1.0,0.01,0.2466538736731936,60,560,660,690
2022-12-25,0.2592700123786926,0.023245971278411215,1,0,0.37510942960936045,0.6248905703906396,0.6248905703906396,1.0,0.01,0.2466538736731936,60,560,660,690
2022-12-26,0.265296995639801,-0.018571674105161917,0,0,0.3619174563279372,0.6380825436720627,0.6380825436720627,1.0,0.01,0.2466538736731936,60,560,660,690
2022-12-27,0.2603699862957001,-0.046057507485491755,0,0,0.37451355091851324,0.6254864490814868,0.6254864490814868,1.0,0.01,0.2466538736731936,60,560,660,690
2022-12-28,0.2483779937028885,-0.01706268131277444,0,0,0.493631318426056,0.506368681573944,0.506368681573944,1.0,0.01,0.2466538736731936,60,560,660,690
2022-12-29,0.2441399991512298,0.005804030991778841,1,1,0.5221713194140604,0.47782868058593964,0.5221713194140604,1.0,0.01,0.2466538736731936,60,560,660,690
2022-12-30,0.2455569952726364,0.003701790837348673,1,0,0.4141466289512877,0.5858533710487124,0.5858533710487124,1.0,0.01,0.2466538736731936,60,560,660,690
2022-12-31,0.2464659959077835,0.013409570090252787,1,1,0.5418261733052517,0.45817382669474827,0.5418261733052517,1.0,0.01,0.2466538736731936,60,560,660,690
2023-01-01,0.2497709989547729,0.016242839095069073,1,0,0.3479880536375987,0.6520119463624012,0.6520119463624012,1.0,0.01,0.2466538736731936,60,560,660,690
2023-01-02,0.2538279891014099,-0.004065725073482018,0,0,0.37399778994189764,0.6260022100581024,0.6260022100581024,1.0,0.01,0.2466538736731936,60,560,660,690
2023-01-03,0.2527959942817688,0.05886570657969781,1,0,0.3560816169840945,0.6439183830159054,0.6439183830159054,1.0,0.01,0.2466538736731936,60,560,660,690
2023-01-04,0.2676770091056824,0.005323572800400855,1,0,0.4005471171563541,0.5994528828436458,0.5994528828436458,1.0,0.01,0.2466538736731936,60,560,660,690
2023-01-05,0.26910200715065,0.03548842053853063,1,0,0.35021194627970315,0.6497880537202969,0.6497880537202969,1.0,0.01,0.2466538736731936,60,560,660,690
2023-01-06,0.278652012348175,-0.005551758768172266,0,0,0.42165652943169013,0.5783434705683099,0.5783434705683099,1.0,0.01,0.2466538736731936,60,560,660,690
2023-01-07,0.2771050035953522,0.065365067555192,1,0,0.4298829783431074,0.5701170216568926,0.5701170216568926,1.0,0.01,0.2466538736731936,60,560,660,690
2023-01-08,0.2952179908752441,0.07412825443333015,1,1,0.5155781344073825,0.48442186559261746,0.5155781344073825,1.0,0.01,0.2466538736731936,60,560,660,690
2023-01-09,0.3171019852161407,0.017010337328035252,1,1,0.5802115898490051,0.4197884101509949,0.5802115898490051,1.0,0.01,0.2466538736731936,60,560,660,690
2023-01-10,0.3224959969520569,0.0007844807908938822,1,0,0.4039750966612912,0.5960249033387088,0.5960249033387088,1.0,0.01,0.2466538736731936,60,560,660,690
2023-01-11,0.322748988866806,0.02171656559084667,1,0,0.44530113492569945,0.5546988650743006,0.5546988650743006,1.0,0.01,0.2466538736731936,60,560,660,690
2023-01-12,0.3297579884529114,0.04855993424939986,1,0,0.49601385347022797,0.503986146529772,0.503986146529772,1.0,0.01,0.2466538736731936,60,560,660,690
2023-01-13,0.3457710146903991,0.01961119275306733,1,0,0.43513927888280235,0.5648607211171977,0.5648607211171977,1.0,0.01,0.2466538736731936,60,560,660,690
2023-01-14,0.3525519967079162,-0.0061948410785681585,0,1,0.5343880722323743,0.4656119277676257,0.5343880722323743,1.0,0.01,0.2466538736731936,60,560,660,690
2023-01-15,0.3503679931163788,-0.0009361710163120485,0,0,0.4490053870939352,0.5509946129060648,0.5509946129060648,1.0,0.01,0.2466538736731936,60,560,660,690
2023-01-16,0.3500399887561798,-0.012224282320736357,0,0,0.48620531459746974,0.5137946854025303,0.5137946854025303,1.0,0.01,0.2466538736731936,60,560,660,690
2023-01-17,0.3457610011100769,-0.05473721609396598,0,0,0.4757307045228346,0.5242692954771654,0.5242692954771654,1.0,0.01,0.2466538736731936,60,560,660,690
2023-01-18,0.3268350064754486,0.037523469778639296,1,1,0.5513009556358095,0.4486990443641905,0.5513009556358095,1.0,0.01,0.2466538736731936,60,560,660,690
2023-01-19,0.3390989899635315,0.07516096026515084,1,0,0.4417966768194562,0.5582033231805438,0.5582033231805438,1.0,0.01,0.2466538736731936,60,560,660,690
2023-01-20,0.3645859956741333,0.012178223098651575,1,0,0.4536981047791371,0.5463018952208629,0.5463018952208629,1.0,0.01,0.24851821107716304,90,590,690,720
2023-01-21,0.3690260052680969,0.02050804452556987,1,0,0.45413091996566207,0.545869080034338,0.545869080034338,1.0,0.01,0.24851821107716304,90,590,690,720
2023-01-22,0.3765940070152282,-0.0028944165892842433,0,0,0.44200213275269623,0.5579978672473038,0.5579978672473038,1.0,0.01,0.24851821107716304,90,590,690,720
2023-01-23,0.3755039870738983,-0.04316060630375518,0,0,0.44060930795379866,0.5593906920462013,0.5593906920462013,1.0,0.01,0.24851821107716304,90,590,690,720
2023-01-24,0.3592970073223114,0.03927942311247823,1,0,0.443257688722614,0.5567423112773859,0.5567423112773859,1.0,0.01,0.24851821107716304,90,590,690,720
2023-01-25,0.3734099864959717,0.017806211870169175,1,0,0.44026798994452737,0.5597320100554726,0.5597320100554726,1.0,0.01,0.24851821107716304,90,590,690,720
2023-01-26,0.380059003829956,0.0234699981117672,1,0,0.4440096154236488,0.5559903845763512,0.5559903845763512,1.0,0.01,0.24851821107716304,90,590,690,720
2023-01-27,0.3889789879322052,-0.017039421408371558,0,0,0.45929647856568434,0.5407035214343157,0.5407035214343157,1.0,0.01,0.24851821107716304,90,590,690,720
2023-01-28,0.3823510110378265,0.036516185927027545,1,0,0.4692583312367105,0.5307416687632895,0.5307416687632895,1.0,0.01,0.24851821107716304,90,590,690,720
2023-01-29,0.3963130116462707,-0.06005861908558374,0,0,0.4661715904571884,0.5338284095428116,0.5338284095428116,1.0,0.01,0.24851821107716304,90,590,690,720
2023-01-30,0.3725109994411468,0.04943479264396422,1,0,0.4855957169046342,0.5144042830953658,0.5144042830953658,1.0,0.01,0.24851821107716304,90,590,690,720
2023-01-31,0.3909260034561157,0.016159041875995817,1,0,0.499215312764809,0.500784687235191,0.500784687235191,1.0,0.01,0.24851821107716304,90,590,690,720
2023-02-01,0.3972429931163788,0.0008055959282968761,1,0,0.45992978734712486,0.5400702126528751,0.5400702126528751,1.0,0.01,0.24851821107716304,90,590,690,720
2023-02-02,0.3975630104541778,0.017036280581987917,1,0,0.4619165256628466,0.5380834743371534,0.5380834743371534,1.0,0.01,0.24851821107716304,90,590,690,720
2023-02-03,0.404336005449295,-0.011401413623158274,0,0,0.4542194378475921,0.5457805621524079,0.5457805621524079,1.0,0.01,0.24851821107716304,90,590,690,720
2023-02-04,0.399726003408432,-0.018147442039297634,0,0,0.4577229210439256,0.5422770789560745,0.5422770789560745,1.0,0.01,0.24851821107716304,90,590,690,720
2023-02-05,0.3924719989299774,-0.025609500974814403,0,0,0.4626887010901593,0.5373112989098408,0.5373112989098408,1.0,0.01,0.24851821107716304,90,590,690,720
2023-02-06,0.3824209868907928,0.04390192924378655,1,0,0.4840645212839113,0.5159354787160887,0.5159354787160887,1.0,0.01,0.24851821107716304,90,590,690,720
2023-02-07,0.3992100059986114,-0.012968089843687136,0,0,0.4692716467967583,0.5307283532032416,0.5307283532032416,1.0,0.01,0.24851821107716304,90,590,690,720
2023-02-08,0.3940330147743225,-0.07994763701755492,0,0,0.45239649086838823,0.5476035091316118,0.5476035091316118,1.0,0.01,0.24851821107716304,90,590,690,720
2023-02-09,0.3625310063362121,-0.01074666147999881,0,0,0.46994106052511603,0.530058939474884,0.530058939474884,1.0,0.01,0.24851821107716304,90,590,690,720
2023-02-10,0.3586350083351135,0.029464439893187366,1,0,0.4814124635959227,0.5185875364040773,0.5185875364040773,1.0,0.01,0.24851821107716304,90,590,690,720
2023-02-11,0.3692019879817962,-0.013288115629159436,0,0,0.44458797799050304,0.5554120220094969,0.5554120220094969,1.0,0.01,0.24851821107716304,90,590,690,720
2023-02-12,0.3642959892749786,-0.012816448641557843,0,0,0.48039998831160546,0.5196000116883945,0.5196000116883945,1.0,0.01,0.24851821107716304,90,590,690,720
2023-02-13,0.3596270084381103,0.07456053991520739,1,0,0.45800452945653053,0.5419954705434695,0.5419954705434695,1.0,0.01,0.24851821107716304,90,590,690,720
2023-02-14,0.3864409923553467,0.08196334826581841,1,0,0.45515518943462646,0.5448448105653736,0.5448448105653736,1.0,0.01,0.24851821107716304,90,590,690,720
2023-02-15,0.4181149899959564,-0.07226002203482351,0,0,0.4422830966831197,0.5577169033168803,0.5577169033168803,1.0,0.01,0.24851821107716304,90,590,690,720
2023-02-16,0.3879019916057586,0.04135325666106149,1,0,0.44530791201795533,0.5546920879820447,0.5546920879820447,1.0,0.01,0.24851821107716304,90,590,690,720
2023-02-17,0.4039430022239685,0.005911726345384727,1,0,0.42497771787380534,0.5750222821261947,0.5750222821261947,1.0,0.01,0.24851821107716304,90,590,690,720
2023-02-18,0.4063310027122497,-0.015317576982480596,0,0,0.42665085576164025,0.5733491442383598,0.5733491442383598,1.0,0.01,0.24851821107716304,90,590,690,720
2023-02-19,0.4001069962978363,0.009737390340953667,1,0,0.44056716691239006,0.5594328330876099,0.5594328330876099,1.0,0.01,0.24575838704180428,120,620,720,750
2023-02-20,0.4040029942989349,-0.028677957384617647,0,0,0.43913752289985725,0.5608624771001427,0.5608624771001427,1.0,0.01,0.24575838704180428,120,620,720,750
2023-02-21,0.3924170136451721,-0.00890894357474159,0,0,0.4559484992793756,0.5440515007206244,0.5440515007206244,1.0,0.01,0.24575838704180428,120,620,720,750
2023-02-22,0.3889209926128387,-0.015165030743623853,0,0,0.48529663785749144,0.5147033621425086,0.5147033621425086,1.0,0.01,0.24575838704180428,120,620,720,750
2023-02-23,0.3830229938030243,-0.0449163285836367,0,1,0.503089875403469,0.49691012459653106,0.503089875403469,1.0,0.01,0.24575838704180428,120,620,720,750
2023-02-24,0.3658190071582794,-0.009444596833736996,0,1,0.5314000996953384,0.4685999003046616,0.5314000996953384,1.0,0.01,0.24575838704180428,120,620,720,750
2023-02-25,0.3623639941215515,0.01823854721283591,1,1,0.5106058222686135,0.4893941777313865,0.5106058222686135,1.0,0.01,0.24575838704180428,120,620,720,750
2023-02-26,0.3689729869365692,-0.011041397648707485,0,0,0.4972620803305702,0.5027379196694298,0.5027379196694298,1.0,0.01,0.24575838704180428,120,620,720,750
2023-02-27,0.3648990094661712,-0.0341053345485155,0,1,0.5095230817324294,0.49047691826757056,0.5095230817324294,1.0,0.01,0.24575838704180428,120,620,720,750
2023-02-28,0.3524540066719055,0.022419936288271547,1,1,0.5185720550648641,0.48142794493513585,0.5185720550648641,1.0,0.01,0.24575838704180428,120,620,720,750
2023-03-01,0.3603560030460357,-0.028166633185960133,0,0,0.4987273744719936,0.5012726255280064,0.5012726255280064,1.0,0.01,0.24575838704180428,120,620,720,750
2023-03-02,0.3502059876918793,-0.021327443546541813,0,1,0.5151874773618015,0.4848125226381985,0.5151874773618015,1.0,0.01,0.24575838704180428,120,620,720,750
2023-03-03,0.3427369892597198,-0.018200497463336962,0,1,0.528366885947556,0.471633114052444,0.528366885947556,1.0,0.01,0.24575838704180428,120,620,720,750
2023-03-04,0.3364990055561065,0.0017919529594858652,1,1,0.5092781174217511,0.4907218825782489,0.5092781174217511,1.0,0.01,0.24575838704180428,120,620,720,750
2023-03-05,0.3371019959449768,-0.018632308708857126,0,1,0.5108635894792151,0.48913641052078494,0.5108635894792151,1.0,0.01,0.24575838704180428,120,620,720,750
2023-03-06,0.3308210074901581,-0.0010217547642628055,0,0,0.4867404674223904,0.5132595325776096,0.5132595325776096,1.0,0.01,0.24575838704180428,120,620,720,750
2023-03-07,0.3304829895496368,-0.039051889280431906,0,1,0.5028370249133648,0.4971629750866352,0.5028370249133648,1.0,0.01,0.24575838704180428,120,620,720,750
2023-03-08,0.3175770044326782,-0.024872758517268556,0,1,0.5378260510717332,0.4621739489282668,0.5378260510717332,1.0,0.01,0.24575838704180428,120,620,720,750
2023-03-09,0.3096779882907867,0.01829003348933611,1,1,0.5449018600786317,0.45509813992136827,0.5449018600786317,1.0,0.01,0.24575838704180428,120,620,720,750
2023-03-10,0.3153420090675354,-0.025416869779972262,0,1,0.5225166888366176,0.4774833111633824,0.5225166888366176,1.0,0.01,0.24575838704180428,120,620,720,750
2023-03-11,0.307327002286911,0.07878254293974396,1,1,0.5305714431030949,0.4694285568969051,0.5305714431030949,1.0,0.01,0.24575838704180428,120,620,720,750
2023-03-12,0.3315390050411224,0.039349808707780376,1,0,0.4906973386600868,0.5093026613399132,0.5093026613399132,1.0,0.01,0.24575838704180428,120,620,720,750
2023-03-13,0.3445850014686584,-0.0008039020427845767,0,1,0.504604306859532,0.49539569314046805,0.504604306859532,1.0,0.01,0.24575838704180428,120,620,720,750
2023-03-14,0.3443079888820648,-0.05713196825187161,0,0,0.48265178815986604,0.517348211840134,0.517348211840134,1.0,0.01,0.24575838704180428,120,620,720,750
2023-03-15,0.3246369957923889,0.0022979874249633436,1,0,0.4936403384914843,0.5063596615085157,0.5063596615085157,1.0,0.01,0.24575838704180428,120,620,720,750
2023-03-16,0.3253830075263977,0.07726586873360608,1,0,0.48720866190841766,0.5127913380915823,0.5127913380915823,1.0,0.01,0.24575838704180428,120,620,720,750
2023-03-17,0.3505240082740783,-0.036553849575662656,0,0,0.4768011479162808,0.5231988520837192,0.5231988520837192,1.0,0.01,0.24575838704180428,120,620,720,750
2023-03-18,0.3377110064029693,0.024574245296447694,1,0,0.4945495674346179,0.5054504325653821,0.5054504325653821,1.0,0.01,0.24575838704180428,120,620,720,750
2023-03-19,0.3460099995136261,-0.038770581203426246,0,0,0.47527747433642664,0.5247225256635734,0.5247225256635734,1.0,0.01,0.24575838704180428,120,620,720,750
2023-03-20,0.3325949907302856,0.1161803599916702,1,1,0.5088869952947919,0.49111300470520813,0.5088869952947919,1.0,0.01,0.24575838704180428,120,620,720,750
2023-03-21,0.3712359964847564,-0.02861524236162749,0,1,0.5691142051166482,0.43088579488335177,0.5691142051166482,1.0,scale,0.2454466424385269,150,650,750,780
2023-03-22,0.3606129884719848,0.031701636440630176,1,1,0.5654640153035713,0.43453598469642873,0.5654640153035713,1.0,scale,0.2454466424385269,150,650,750,780
2023-03-23,0.3720450103282928,-0.03215201446935956,0,1,0.5430130516771069,0.4569869483228931,0.5430130516771069,1.0,scale,0.2454466424385269,150,650,750,780
2023-03-24,0.3600830137729645,-0.022458735575380362,0,1,0.5254669224246898,0.47453307757531016,0.5254669224246898,1.0,scale,0.2454466424385269,150,650,750,780
2023-03-25,0.3519960045814514,0.012071178236336078,1,0,0.49895501965622696,0.5010449803437731,0.5010449803437731,1.0,scale,0.2454466424385269,150,650,750,780
2023-03-26,0.3562450110912323,-0.030133769754197237,0,0,0.4997778096380704,0.5002221903619296,0.5002221903619296,1.0,scale,0.2454466424385269,150,650,750,780
2023-03-27,0.3455100059509277,0.06611671545307907,1,1,0.5067703596764395,0.49322964032356054,0.5067703596764395,1.0,scale,0.2454466424385269,150,650,750,780
2023-03-28,0.3683539927005768,0.035930118902978814,1,1,0.5063089993056801,0.4936910006943199,0.5063089993056801,1.0,scale,0.2454466424385269,150,650,750,780
2023-03-29,0.3815889954566955,-0.013443765472701319,0,1,0.5398774806119477,0.46012251938805226,0.5398774806119477,1.0,scale,0.2454466424385269,150,650,750,780
2023-03-30,0.376459002494812,0.059671855342376734,1,0,0.4895196846072615,0.5104803153927385,0.5104803153927385,1.0,scale,0.2454466424385269,150,650,750,780
2023-03-31,0.3989230096340179,-0.03392890961093742,0,0,0.4952071422793922,0.5047928577206078,0.5047928577206078,1.0,scale,0.2454466424385269,150,650,750,780
2023-04-01,0.3853879868984222,-0.009432025349003115,0,0,0.49731214839896437,0.5026878516010356,0.5026878516010356,1.0,scale,0.2454466424385269,150,650,750,780
2023-04-02,0.381752997636795,0.014108585772830473,1,0,0.4874219178142635,0.5125780821857365,0.5125780821857365,1.0,scale,0.2454466424385269,150,650,750,780
2023-04-03,0.3871389925479889,0.006571323723392419,1,1,0.539877385977392,0.460122614022608,0.539877385977392,1.0,scale,0.2454466424385269,150,650,750,780
2023-04-04,0.3896830081939697,0.0068799179417651235,1,1,0.5532349633916289,0.4467650366083711,0.5532349633916289,1.0,scale,0.2454466424385269,150,650,750,780
2023-04-05,0.3923639953136444,-0.023330356625408277,0,1,0.5255308851416939,0.4744691148583061,0.5255308851416939,1.0,scale,0.2454466424385269,150,650,750,780
2023-04-06,0.3832100033760071,0.0011299233792338992,1,0,0.4741027935571184,0.5258972064428816,0.5258972064428816,1.0,scale,0.2454466424385269,150,650,750,780
2023-04-07,0.3836430013179779,0.00519229393355336,1,0,0.4350427430746144,0.5649572569253856,0.5649572569253856,1.0,scale,0.2454466424385269,150,650,750,780
2023-04-08,0.3856349885463714,0.010522912977618093,1,1,0.5051972399515486,0.49480276004845136,0.5051972399515486,1.0,scale,0.2454466424385269,150,650,750,780
2023-04-09,0.3896929919719696,0.01872242021540793,1,0,0.4698524923542189,0.5301475076457811,0.5301475076457811,1.0,scale,0.2454466424385269,150,650,750,780
2023-04-10,0.3969889879226684,0.01125222772909007,1,0,0.44374559423162435,0.5562544057683756,0.5562544057683756,1.0,scale,0.2454466424385269,150,650,750,780
2023-04-11,0.4014559984207153,0.012721233189722181,1,1,0.5400205842928244,0.4599794157071756,0.5400205842928244,1.0,scale,0.2454466424385269,150,650,750,780
2023-04-12,0.4065630137920379,0.047215248859202585,1,1,0.5247713197854509,0.4752286802145491,0.5247713197854509,1.0,scale,0.2454466424385269,150,650,750,780
2023-04-13,0.4257589876651764,0.029526110728182564,1,1,0.5410704438887642,0.45892955611123576,0.5410704438887642,1.0,scale,0.2454466424385269,150,650,750,780
2023-04-14,0.4383299946784973,0.03410674008564363,1,1,0.5373909428114623,0.46260905718853773,0.5373909428114623,1.0,scale,0.2454466424385269,150,650,750,780
2023-04-15,0.4532800018787384,-0.0033643986775944157,0,1,0.5400365672049512,0.4599634327950488,0.5400365672049512,1.0,scale,0.2454466424385269,150,650,750,780
2023-04-16,0.4517549872398376,-0.03893258528515764,0,1,0.539877387078467,0.460122612921533,0.539877387078467,1.0,scale,0.2454466424385269,150,650,750,780
2023-04-17,0.4341669976711273,0.02207674276354976,1,1,0.5400438560200294,0.45995614397997064,0.5400438560200294,1.0,scale,0.2454466424385269,150,650,750,780
2023-04-18,0.4437519907951355,-0.06300589005420199,0,1,0.5398807642545348,0.4601192357454652,0.5398807642545348,1.0,scale,0.2454466424385269,150,650,750,780
2023-04-19,0.4157930016517639,-0.03622476633310168,0,1,0.5396802455085102,0.46031975449148976,0.5396802455085102,1.0,scale,0.2454466424385269,150,650,750,780
2023-04-20,0.4007309973239898,-0.04439882760321967,0,1,0.5385548849364439,0.4614451150635561,0.5385548849364439,1.0,scale,0.2489824025088603,180,680,780,810
2023-04-21,0.3829390108585357,0.03450677978514172,1,1,0.539866890650084,0.460133109349916,0.539866890650084,1.0,scale,0.2489824025088603,180,680,780,810
2023-04-22,0.3961530029773712,-0.018056166062412227,0,1,0.5332433813679354,0.46675661863206463,0.5332433813679354,1.0,scale,0.2489824025088603,180,680,780,810
2023-04-23,0.3889999985694885,-0.013069429298548374,0,0,0.49586336602436165,0.5041366339756383,0.5041366339756383,1.0,scale,0.2489824025088603,180,680,780,810
2023-04-24,0.3839159905910492,0.028659961281106483,1,1,0.5093935573211836,0.49060644267881637,0.5093935573211836,1.0,scale,0.2489824025088603,180,680,780,810
2023-04-25,0.3949190080165863,0.016659066144764978,1,0,0.47163759323041704,0.5283624067695829,0.5283624067695829,1.0,scale,0.2489824025088603,180,680,780,810
2023-04-26,0.4014979898929596,0.020784681633519764,1,1,0.52659059727307,0.47340940272693,0.52659059727307,1.0,scale,0.2489824025088603,180,680,780,810
2023-04-27,0.4098429977893829,-0.011982650730810951,0,0,0.47711365087311375,0.5228863491268863,0.5228863491268863,1.0,scale,0.2489824025088603,180,680,780,810
2023-04-28,0.4049319922924042,-0.005304600345191091,0,0,0.47531694406721,0.52468305593279,0.52468305593279,1.0,scale,0.2489824025088603,180,680,780,810
2023-04-29,0.402783989906311,-0.013481129526278113,0,0,0.44194214712952967,0.5580578528704703,0.5580578528704703,1.0,scale,0.2489824025088603,180,680,780,810
2023-04-30,0.3973540067672729,-0.02641725920701332,0,1,0.5128034533461656,0.4871965466538344,0.5128034533461656,1.0,scale,0.2489824025088603,180,680,780,810
2023-05-01,0.3868570029735565,0.01270749255417658,1,0,0.4615252288583667,0.5384747711416333,0.5384747711416333,1.0,scale,0.2489824025088603,180,680,780,810
2023-05-02,0.391772985458374,0.0055364027227111645,1,1,0.5412150163155921,0.4587849836844079,0.5412150163155921,1.0,scale,0.2489824025088603,180,680,780,810
2023-05-03,0.3939419984817505,-0.016484623822672795,0,0,0.48719549784334465,0.5128045021566554,0.5128045021566554,1.0,scale,0.2489824025088603,180,680,780,810
2023-05-04,0.3874480128288269,0.018675987058441423,1,1,0.5411724661296765,0.4588275338703235,0.5411724661296765,1.0,scale,0.2489824025088603,180,680,780,810
2023-05-05,0.3946839869022369,-0.03690291848836047,0,1,0.5271625462496102,0.47283745375038977,0.5271625462496102,1.0,scale,0.2489824025088603,180,680,780,810
2023-05-06,0.3801189959049225,-0.008452585667202861,0,1,0.5254511233996314,0.4745488766003686,0.5254511233996314,1.0,scale,0.2489824025088603,180,680,780,810
2023-05-07,0.376906007528305,-0.029391943475012283,0,1,0.5387503586552524,0.46124964134474755,0.5387503586552524,1.0,scale,0.2489824025088603,180,680,780,810
2023-05-08,0.3658280074596405,-0.005527182516940288,0,1,0.5455367499225213,0.4544632500774787,0.5455367499225213,1.0,scale,0.2489824025088603,180,680,780,810
2023-05-09,0.3638060092926025,0.016852369696044533,1,1,0.5144765565313482,0.48552344346865184,0.5144765565313482,1.0,scale,0.2489824025088603,180,680,780,810
2023-05-10,0.369937002658844,-0.026755925589779794,0,1,0.5250908814348787,0.4749091185651213,0.5250908814348787,1.0,scale,0.2489824025088603,180,680,780,810
2023-05-11,0.3600389957427978,0.028952469119860824,1,1,0.5104800754500739,0.4895199245499261,0.5104800754500739,1.0,scale,0.2489824025088603,180,680,780,810
2023-05-12,0.3704630136489868,-0.014662758485540328,0,0,0.4717467668948681,0.528253233105132,0.528253233105132,1.0,scale,0.2489824025088603,180,680,780,810
2023-05-13,0.3650310039520263,0.01569730531510727,1,0,0.48519233682505786,0.5148076631749421,0.5148076631749421,1.0,scale,0.2489824025088603,180,680,780,810
2023-05-14,0.3707610070705414,-0.008843973498222524,0,0,0.4577631378550091,0.5422368621449909,0.5422368621449909,1.0,scale,0.2489824025088603,180,680,780,810
2023-05-15,0.3674820065498352,0.0009469898180549663,1,0,0.49422101653927125,0.5057789834607287,0.5057789834607287,1.0,scale,0.2489824025088603,180,680,780,810
2023-05-16,0.3678300082683563,0.020648132236327887,1,1,0.5374642375825623,0.46253576241743766,0.5374642375825623,1.0,scale,0.2489824025088603,180,680,780,810
2023-05-17,0.3754250109195709,-0.008915254239979076,0,0,0.43803484530136866,0.5619651546986313,0.5619651546986313,1.0,scale,0.2489824025088603,180,680,780,810
2023-05-18,0.372078001499176,-0.010382249997717419,0,1,0.5271078147684748,0.4728921852315252,0.5271078147684748,1.0,scale,0.2489824025088603,180,680,780,810
2023-05-19,0.3682149946689605,-0.005045954167642863,0,1,0.5409769775911978,0.4590230224088022,0.5409769775911978,1.0,scale,0.2489824025088603,180,680,780,810
2023-05-20,0.3663569986820221,-0.016361068880323737,0,1,0.516820099343638,0.48317990065636196,0.516820099343638,1.0,0.1,0.24745278304749607,210,710,810,840
2023-05-21,0.3603630065917969,0.021184150285284753,1,1,0.5177115682573855,0.4822884317426145,0.5177115682573855,1.0,0.1,0.24745278304749607,210,710,810,840
2023-05-22,0.3679969906806946,0.006758217774153197,1,1,0.5165322779515357,0.48346772204846433,0.5165322779515357,1.0,0.1,0.24745278304749607,210,710,810,840
2023-05-23,0.3704839944839477,-0.01686980850074571,0,1,0.5164820177653965,0.4835179822346035,0.5164820177653965,1.0,0.1,0.24745278304749607,210,710,810,840
2023-05-24,0.3642340004444122,-0.015973273690614187,0,1,0.5174553663565074,0.48254463364349265,0.5174553663565074,1.0,0.1,0.24745278304749607,210,710,810,840
2023-05-25,0.3584159910678863,0.01246602799081531,1,1,0.5165227883185843,0.48347721168141566,0.5165227883185843,1.0,0.1,0.24745278304749607,210,710,810,840
2023-05-26,0.3628840148448944,0.010719617764477718,1,1,0.5166224517453558,0.4833775482546442,0.5166224517453558,1.0,0.1,0.24745278304749607,210,710,810,840
2023-05-27,0.3667739927768707,0.04423707917181052,1,1,0.5228152974383935,0.4771847025616065,0.5228152974383935,1.0,0.1,0.24745278304749607,210,710,810,840
2023-05-28,0.3829990029335022,-0.010080992496175889,0,1,0.516520967354747,0.48347903264525305,0.516520967354747,1.0,0.1,0.24745278304749607,210,710,810,840
2023-05-29,0.3791379928588867,-0.0031755826237879203,0,1,0.5087887438236424,0.49121125617635764,0.5087887438236424,1.0,0.1,0.24745278304749607,210,710,810,840
2023-05-30,0.3779340088367462,-0.009342924627727234,0,1,0.5165322673039355,0.48346773269606447,0.5165322673039355,1.0,0.1,0.24745278304749607,210,710,810,840
2023-05-31,0.3744029998779297,-0.025851795129779198,0,1,0.5167328714925233,0.48326712850747666,0.5167328714925233,1.0,0.1,0.24745278304749607,210,710,810,840
2023-06-01,0.3647240102291107,0.0372336179116588,1,1,0.5176021766412645,0.4823978233587355,0.5176021766412645,1.0,0.1,0.24745278304749607,210,710,810,840
2023-06-02,0.3783040046691894,-0.006016334304307924,0,1,0.5165322667368565,0.4834677332631435,0.5165322667368565,1.0,0.1,0.24745278304749607,210,710,810,840
2023-06-03,0.3760280013084411,0.004427851493405299,1,1,0.5165322669743823,0.48346773302561774,0.5165322669743823,1.0,0.1,0.24745278304749607,210,710,810,840
2023-06-04,0.3776929974555969,-0.06798645716963114,0,1,0.5165449374698616,0.48345506253013837,0.5165449374698616,1.0,0.1,0.24745278304749607,210,710,810,840
2023-06-05,0.3520149886608124,0.0048293792330511565,1,1,0.5165322667368041,0.4834677332631959,0.5165322667368041,1.0,0.1,0.24745278304749607,210,710,810,840
2023-06-06,0.3537150025367737,-0.08887666439795538,0,1,0.5165322667368041,0.4834677332631959,0.5165322667368041,1.0,0.1,0.24745278304749607,210,710,810,840
2023-06-07,0.3222779929637909,0.002727519464612582,1,1,0.5165322668339325,0.4834677331660675,0.5165322668339325,1.0,0.1,0.24745278304749607,210,710,810,840
2023-06-08,0.3231570124626159,-0.08589015387311105,0,1,0.5165322667368041,0.4834677332631959,0.5165322667368041,1.0,0.1,0.24745278304749607,210,710,810,840
2023-06-09,0.295401006937027,-0.06502009228599681,0,1,0.5165322667368041,0.4834677332631959,0.5165322667368041,1.0,0.1,0.24745278304749607,210,710,810,840
2023-06-10,0.2761940062046051,-0.012903973473846864,0,1,0.5165322667368041,0.4834677332631959,0.5165322667368041,1.0,0.1,0.24745278304749607,210,710,810,840
2023-06-11,0.2726300060749054,0.008869095736801835,1,1,0.5165322667368041,0.4834677332631959,0.5165322667368041,1.0,0.1,0.24745278304749607,210,710,810,840
2023-06-12,0.2750479876995086,-0.00022537460130089837,0,1,0.5165322667368041,0.4834677332631959,0.5165322667368041,1.0,0.1,0.24745278304749607,210,710,810,840
2023-06-13,0.2749859988689422,-0.04276580066823443,0,1,0.5165322667464124,0.4834677332535876,0.5165322667464124,1.0,0.1,0.24745278304749607,210,710,810,840
2023-06-14,0.2632260024547577,-0.004821000500543682,0,1,0.5165322667532244,0.4834677332467756,0.5165322667532244,1.0,0.1,0.24745278304749607,210,710,810,840
2023-06-15,0.2619569897651672,0.004687810373320778,1,1,0.5165322708774881,0.4834677291225119,0.5165322708774881,1.0,0.1,0.24745278304749607,210,710,810,840
2023-06-16,0.2631849944591522,0.014221908379131065,1,1,0.5163199167726306,0.48368008322736944,0.5163199167726306,1.0,0.1,0.24745278304749607,210,710,810,840
2023-06-17,0.2669279873371124,-0.022346830282014007,0,1,0.5168402848729351,0.4831597151270649,0.5168402848729351,1.0,0.1,0.24745278304749607,210,710,810,840
2023-06-18,0.2609629929065704,0.007989639654815361,1,0,0.4691601213593732,0.5308398786406268,0.5308398786406268,1.0,0.1,0.24745278304749607,210,710,810,840
2023-06-19,0.263047993183136,0.027679380079773885,1,0,0.4877378655666169,0.5122621344333831,0.5122621344333831,10.0,scale,0.24951737304611435,240,740,840,870
2023-06-20,0.2703289985656738,0.06166930665824699,1,0,0.4927689481751132,0.5072310518248868,0.5072310518248868,10.0,scale,0.24951737304611435,240,740,840,870
2023-06-21,0.2870000004768371,0.011543571306781075,1,0,0.483809301642286,0.516190698357714,0.516190698357714,10.0,scale,0.24951737304611435,240,740,840,870
2023-06-22,0.2903130054473877,0.021249448738195342,1,0,0.493279561919353,0.5067204380806469,0.5067204380806469,10.0,scale,0.24951737304611435,240,740,840,870
2023-06-23,0.2964819967746734,-0.021822555344966355,0,0,0.4942807459463433,0.5057192540536567,0.5057192540536567,10.0,scale,0.24951737304611435,240,740,840,870
2023-06-24,0.290012001991272,0.00797549076227888,1,0,0.48717548169785807,0.5128245183021419,0.5128245183021419,10.0,scale,0.24951737304611435,240,740,840,870
2023-06-25,0.2923249900341034,-0.040950986965886615,0,0,0.48371929963649,0.5162807003635099,0.5162807003635099,10.0,scale,0.24951737304611435,240,740,840,870
2023-06-26,0.2803539931774139,0.021993662459250274,1,0,0.48449247404886336,0.5155075259511366,0.5155075259511366,10.0,scale,0.24951737304611435,240,740,840,870
2023-06-27,0.2865200042724609,-0.06753806109746419,0,0,0.47589828694024927,0.5241017130597507,0.5241017130597507,10.0,scale,0.24951737304611435,240,740,840,870
2023-06-28,0.2671689987182617,0.03142200791013283,1,0,0.48752318424730706,0.5124768157526929,0.5124768157526929,10.0,scale,0.24951737304611435,240,740,840,870
2023-06-29,0.2755639851093292,0.041340769314044845,1,0,0.46632820994093144,0.5336717900590686,0.5336717900590686,10.0,scale,0.24951737304611435,240,740,840,870
2023-06-30,0.2869560122489929,0.018762451127604107,1,0,0.46749362404239864,0.5325063759576014,0.5325063759576014,10.0,scale,0.24951737304611435,240,740,840,870
2023-07-01,0.2923400104045868,-0.000974890876548673,0,0,0.48573046226550676,0.5142695377344932,0.5142695377344932,10.0,scale,0.24951737304611435,240,740,840,870
2023-07-02,0.2920550107955932,0.014572529475271878,1,0,0.4806513283185117,0.5193486716814883,0.5193486716814883,10.0,scale,0.24951737304611435,240,740,840,870
2023-07-03,0.2963109910488128,-0.01247336321367154,0,0,0.4772562647951211,0.5227437352048789,0.5227437352048789,10.0,scale,0.24951737304611435,240,740,840,870
2023-07-04,0.292614996433258,-0.027831763003219212,0,0,0.4718531906605041,0.5281468093394959,0.5281468093394959,10.0,scale,0.24951737304611435,240,740,840,870
2023-07-05,0.2844710052013397,-0.016771460356828527,0,0,0.4816562698514241,0.5183437301485758,0.5183437301485758,10.0,scale,0.24951737304611435,240,740,840,870
2023-07-06,0.2797000110149383,0.017250610670552335,1,0,0.47557732192651225,0.5244226780734877,0.5244226780734877,10.0,scale,0.24951737304611435,240,740,840,870
2023-07-07,0.2845250070095062,0.02153057350026044,1,0,0.46327526110398576,0.5367247388960142,0.5367247388960142,10.0,scale,0.24951737304611435,240,740,840,870
2023-07-08,0.2906509935855865,-0.020849762663995297,0,0,0.4667400305835699,0.5332599694164302,0.5332599694164302,10.0,scale,0.24951737304611435,240,740,840,870
2023-07-09,0.2845909893512726,0.011946962752933832,1,0,0.4794974937711123,0.5205025062288877,0.5205025062288877,10.0,scale,0.24951737304611435,240,740,840,870
2023-07-10,0.2879909873008728,0.016761019494847096,1,0,0.4679172175278909,0.532082782472109,0.532082782472109,10.0,scale,0.24951737304611435,240,740,840,870
2023-07-11,0.292818009853363,-0.01386526799779575,0,0,0.46355493899685585,0.5364450610031442,0.5364450610031442,10.0,scale,0.24951737304611435,240,740,840,870
2023-07-12,0.2887580096721649,0.23860806218444597,1,0,0.47967889533812474,0.5203211046618752,0.5203211046618752,10.0,scale,0.24951737304611435,240,740,840,870
2023-07-13,0.3576579988002777,-0.08068320244019445,0,0,0.4885385616259736,0.5114614383740264,0.5114614383740264,10.0,scale,0.24951737304611435,240,740,840,870
2023-07-14,0.3288010060787201,-0.00740877304087284,0,1,0.5124136045265911,0.4875863954734089,0.5124136045265911,10.0,scale,0.24951737304611435,240,740,840,870
2023-07-15,0.3263649940490722,-0.035178365576378656,0,1,0.5049444859715776,0.4950555140284224,0.5049444859715776,10.0,scale,0.24951737304611435,240,740,840,870
2023-07-16,0.3148840069770813,-0.0076059881765183635,0,0,0.48235570233744396,0.517644297662556,0.517644297662556,10.0,scale,0.24951737304611435,240,740,840,870
2023-07-17,0.3124890029430389,-0.01628856758894337,0,0,0.4860944288639696,0.5139055711360304,0.5139055711360304,10.0,scale,0.24951737304611435,240,740,840,870
2023-07-18,0.3073990046977997,0.05242045764454817,1,0,0.48862967794945616,0.5113703220505439,0.5113703220505439,10.0,scale,0.24951737304611435,240,740,840,870
2023-07-19,0.323513001203537,-0.022935719388556652,0,0,0.467458433010394,0.532541566989606,0.532541566989606,0.1,scale,0.2490611865793472,270,770,870,900
2023-07-20,0.3160929977893829,-0.008861319584802185,0,0,0.4630027739495834,0.5369972260504166,0.5369972260504166,0.1,scale,0.2490611865793472,270,770,870,900
2023-07-21,0.313291996717453,-0.011235467667269017,0,0,0.46168743843122306,0.5383125615687769,0.5383125615687769,0.1,scale,0.2490611865793472,270,770,870,900
2023-07-22,0.3097720146179199,0.02385940499261885,1,0,0.46281394850011076,0.5371860514998892,0.5371860514998892,0.1,scale,0.2490611865793472,270,770,870,900
2023-07-23,0.3171629905700683,-0.03737508250155219,0,0,0.4609827930391662,0.5390172069608338,0.5390172069608338,0.1,scale,0.2490611865793472,270,770,870,900
2023-07-24,0.305308997631073,-0.004231746493474242,0,0,0.46740355314738746,0.5325964468526125,0.5325964468526125,0.1,scale,0.2490611865793472,270,770,870,900
2023-07-25,0.3040170073509216,0.00863111278587314,1,0,0.4623529040488428,0.5376470959511572,0.5376470959511572,0.1,scale,0.2490611865793472,270,770,870,900
2023-07-26,0.306641012430191,0.002882838403310606,1,0,0.46329111668416134,0.5367088833158387,0.5367088833158387,0.1,scale,0.2490611865793472,270,770,870,900
2023-07-27,0.3075250089168548,0.008701667350368592,1,0,0.45953492732753687,0.5404650726724631,0.5404650726724631,0.1,scale,0.2490611865793472,270,770,870,900
2023-07-28,0.3102009892463684,0.008265650636808841,1,0,0.45898084811082646,0.5410191518891736,0.5410191518891736,0.1,scale,0.2490611865793472,270,770,870,900
2023-07-29,0.3127650022506714,0.009169813348741673,1,0,0.4595218593866341,0.5404781406133659,0.5404781406133659,0.1,scale,0.2490611865793472,270,770,870,900
2023-07-30,0.3156329989433288,-0.02580530089739419,0,0,0.460608455387434,0.539391544612566,0.539391544612566,0.1,scale,0.2490611865793472,270,770,870,900
2023-07-31,0.3074879944324493,0.008010110893198474,1,0,0.4620497602344287,0.5379502397655713,0.5379502397655713,0.1,scale,0.2490611865793472,270,770,870,900
2023-08-01,0.3099510073661804,-0.034076361772768515,0,0,0.4618155150791612,0.5381844849208388,0.5381844849208388,0.1,scale,0.2490611865793472,270,770,870,900
2023-08-02,0.2993890047073364,-0.02275641191547395,0,0,0.46320358220909746,0.5367964177909026,0.5367964177909026,0.1,scale,0.2490611865793472,270,770,870,900
2023-08-03,0.2925759851932525,0.0027754290139747617,1,0,0.46531717552250745,0.5346828244774926,0.5346828244774926,0.1,scale,0.2490611865793472,270,770,870,900
2023-08-04,0.2933880090713501,0.0008213750098025052,1,0,0.4611350937985945,0.5388649062014055,0.5388649062014055,0.1,scale,0.2490611865793472,270,770,870,900
2023-08-05,0.293628990650177,-0.005268481654604473,0,0,0.4606205899348617,0.5393794100651383,0.5393794100651383,0.1,scale,0.2490611865793472,270,770,870,900
2023-08-06,0.2920820116996765,-0.006114801003933801,0,0,0.46128124440629054,0.5387187555937094,0.5387187555937094,0.1,scale,0.2490611865793472,270,770,870,900
2023-08-07,0.2902959883213043,0.025660020715107423,1,0,0.4644605032993278,0.5355394967006721,0.5355394967006721,0.1,scale,0.2490611865793472,270,770,870,900
2023-08-08,0.2977449893951416,0.011402445322953536,1,0,0.45997930618914534,0.5400206938108547,0.5400206938108547,0.1,scale,0.2490611865793472,270,770,870,900
2023-08-09,0.3011400103569031,-0.016636808924901603,0,0,0.45944893998563036,0.5405510600143697,0.5405510600143697,0.1,scale,0.2490611865793472,270,770,870,900
2023-08-10,0.2961300015449524,-0.009050091611974231,0,0,0.46091904349989515,0.5390809565001049,0.5390809565001049,0.1,scale,0.2490611865793472,270,770,870,900
2023-08-11,0.2934499979019165,-0.005496647149843992,0,0,0.4606713297723593,0.5393286702276407,0.5393286702276407,0.1,scale,0.2490611865793472,270,770,870,900
2023-08-12,0.2918370068073272,-0.007901719951901587,0,0,0.46210298358810975,0.5378970164118902,0.5378970164118902,0.1,scale,0.2490611865793472,270,770,870,900
2023-08-13,0.2895309925079345,0.0037301925837114336,1,0,0.46385304483410345,0.5361469551658966,0.5361469551658966,0.1,scale,0.2490611865793472,270,770,870,900
2023-08-14,0.2906109988689422,-0.030260415881513736,0,0,0.4622575527749856,0.5377424472250144,0.5377424472250144,0.1,scale,0.2490611865793472,270,770,870,900
2023-08-15,0.2818169891834259,-0.025850105470384577,0,0,0.4668798471067295,0.5331201528932705,0.5331201528932705,0.1,scale,0.2490611865793472,270,770,870,900
2023-08-16,0.2745319902896881,-0.06765695824850071,0,0,0.4670960605981936,0.5329039394018065,0.5329039394018065,0.1,scale,0.2490611865793472,270,770,870,900
2023-08-17,0.2559579908847809,0.03099728998867679,1,0,0.47509057305002783,0.5249094269499721,0.5249094269499721,0.1,scale,0.2490611865793472,270,770,870,900
2023-08-18,0.2638919949531555,0.016999358310221258,1,0,0.45490686705638506,0.5450931329436149,0.5450931329436149,0.1,scale,0.24976413620292778,300,800,900,930
2023-08-19,0.2683779895305633,0.00868557981208995,1,0,0.45338519815736694,0.5466148018426331,0.5466148018426331,0.1,scale,0.24976413620292778,300,800,900,930
2023-08-20,0.2707090079784393,-0.027815859702336576,0,0,0.4539247941468172,0.5460752058531828,0.5460752058531828,0.1,scale,0.24976413620292778,300,800,900,930
2023-08-21,0.2631790041923523,-0.01828799176339413,0,0,0.45695825382486027,0.5430417461751398,0.5430417461751398,0.1,scale,0.24976413620292778,300,800,900,930
2023-08-22,0.2583659887313843,0.03715272378792167,1,0,0.4570745925745196,0.5429254074254803,0.5429254074254803,0.1,scale,0.24976413620292778,300,800,900,930
2023-08-23,0.2679649889469147,-0.007765853931968381,0,0,0.4526983290924454,0.5473016709075547,0.5473016709075547,0.1,scale,0.24976413620292778,300,800,900,930
2023-08-24,0.2658840119838714,-0.018068085868578998,0,0,0.45449653137837653,0.5455034686216235,0.5455034686216235,0.1,scale,0.24976413620292778,300,800,900,930
2023-08-25,0.2610799968242645,-0.0004863938150707625,0,0,0.456980466249222,0.5430195337507779,0.5430195337507779,0.1,scale,0.24976413620292778,300,800,900,930
2023-08-26,0.2609530091285705,0.009553421431614195,1,0,0.45395499450874643,0.5460450054912536,0.5460450054912536,0.1,scale,0.24976413620292778,300,800,900,930
2023-08-27,0.2634460031986236,0.015137818459529884,1,0,0.4542396876788048,0.5457603123211952,0.5457603123211952,0.1,scale,0.24976413620292778,300,800,900,930
2023-08-28,0.2674340009689331,0.018752237118764725,1,0,0.4540951778740588,0.5459048221259413,0.5459048221259413,0.1,scale,0.24976413620292778,300,800,900,930
2023-08-29,0.2724489867687225,-0.024940408806905956,0,0,0.46010346120211876,0.5398965387978812,0.5398965387978812,0.1,scale,0.24976413620292778,300,800,900,930
2023-08-30,0.2656539976596832,-0.038700703364610844,0,0,0.454625113483212,0.545374886516788,0.545374886516788,0.1,scale,0.24976413620292778,300,800,900,930
2023-08-31,0.2553730010986328,-0.0007361508413687989,0,0,0.45685545071137884,0.5431445492886211,0.5431445492886211,0.1,scale,0.24976413620292778,300,800,900,930
2023-09-01,0.2551850080490112,0.004095023607348924,1,0,0.4549628259853681,0.5450371740146319,0.5450371740146319,0.1,scale,0.24976413620292778,300,800,900,930
2023-09-02,0.2562299966812134,-0.0017054656317794237,0,0,0.4539359485728607,0.5460640514271393,0.5460640514271393,0.1,scale,0.24976413620292778,300,800,900,930
2023-09-03,0.2557930052280426,0.0013800553629974566,1,0,0.4541224476274474,0.5458775523725525,0.5458775523725525,0.1,scale,0.24976413620292778,300,800,900,930
2023-09-04,0.2561460137367248,0.0057310007383504225,1,0,0.45419737439718016,0.5458026256028199,0.5458026256028199,0.1,scale,0.24976413620292778,300,800,900,930
2023-09-05,0.2576139867305755,0.00020580532990677192,1,0,0.4539632568277466,0.5460367431722535,0.5460367431722535,0.1,scale,0.24976413620292778,300,800,900,930
2023-09-06,0.2576670050621032,0.0002056473206284437,1,0,0.45502550476304837,0.5449744952369516,0.5449744952369516,0.1,scale,0.24976413620292778,300,800,900,930
2023-09-07,0.2577199935913086,-0.012998563308774802,0,0,0.45453953734076014,0.5454604626592399,0.5454604626592399,0.1,scale,0.24976413620292778,300,800,900,930
2023-09-08,0.2543700039386749,-0.0034516892961782286,0,0,0.45492197957657404,0.545078020423426,0.545078020423426,0.1,scale,0.24976413620292778,300,800,900,930
2023-09-09,0.253491997718811,-0.01751532487320362,0,0,0.45423192317370753,0.5457680768262925,0.5457680768262925,0.1,scale,0.24976413620292778,300,800,900,930
2023-09-10,0.2490520030260086,-0.02882533305068946,0,0,0.46230667336620856,0.5376933266337914,0.5376933266337914,0.1,scale,0.24976413620292778,300,800,900,930
2023-09-11,0.2418729960918426,0.016525193536498728,1,0,0.4575793819038823,0.5424206180961177,0.5424206180961177,0.1,scale,0.24976413620292778,300,800,900,930
2023-09-12,0.2458699941635131,0.012258564455781329,1,0,0.4545749156268125,0.5454250843731875,0.5454250843731875,0.1,scale,0.24976413620292778,300,800,900,930
2023-09-13,0.2488840073347091,0.009229195244278454,1,0,0.4534836315272866,0.5465163684727135,0.5465163684727135,0.1,scale,0.24976413620292778,300,800,900,930
2023-09-14,0.2511810064315796,-0.0021419665989419467,0,0,0.45411456573412445,0.5458854342658755,0.5458854342658755,0.1,scale,0.24976413620292778,300,800,900,930
2023-09-15,0.2506429851055145,-0.0008257846470165475,0,0,0.4546894355030526,0.5453105644969474,0.5453105644969474,0.1,scale,0.24976413620292778,300,800,900,930
2023-09-16,0.250436007976532,-0.01245829286282285,0,0,0.45389116084817,0.5461088391518301,0.5461088391518301,0.1,scale,0.24976413620292778,300,800,900,930
2023-09-17,0.2473160028457641,0.017900119394380853,1,0,0.49035103546832565,0.5096489645316744,0.5096489645316744,0.1,scale,0.24983131535900388,330,830,930,960
2023-09-18,0.2517429888248443,0.013970605035365402,1,0,0.4893323115649715,0.5106676884350285,0.5106676884350285,0.1,scale,0.24983131535900388,330,830,930,960
2023-09-19,0.2552599906921386,-0.014220726333270206,0,0,0.4906893408335471,0.5093106591664529,0.5093106591664529,0.1,scale,0.24983131535900388,330,830,930,960
2023-09-20,0.2516300082206726,-0.024540043693806135,0,0,0.48996873050864115,0.5100312694913589,0.5100312694913589,0.1,scale,0.24983131535900388,330,830,930,960
2023-09-21,0.2454549968242645,-0.0021714760002393696,0,0,0.4820755216491423,0.5179244783508576,0.5179244783508576,0.1,scale,0.24983131535900388,330,830,930,960
2023-09-22,0.2449219971895218,0.004944441426082857,1,0,0.49042455708813315,0.5095754429118668,0.5095754429118668,0.1,scale,0.24983131535900388,330,830,930,960
2023-09-23,0.2461329996585846,-0.012623241992562373,0,0,0.4909768216151123,0.5090231783848878,0.5090231783848878,0.1,scale,0.24983131535900388,330,830,930,960
2023-09-24,0.243026003241539,0.011747725930623565,1,0,0.48947669356604306,0.5105233064339569,0.5105233064339569,0.1,scale,0.24983131535900388,330,830,930,960
2023-09-25,0.2458810061216354,-0.0019765714318612515,0,0,0.4880538782313949,0.5119461217686051,0.5119461217686051,0.1,scale,0.24983131535900388,330,830,930,960
2023-09-26,0.2453950047492981,-0.0024613527420762615,0,0,0.4904999832162164,0.5095000167837835,0.5095000167837835,0.1,scale,0.24983131535900388,330,830,930,960
2023-09-27,0.2447910010814666,0.01768445704271948,1,0,0.49050982724201897,0.509490172757981,0.509490172757981,0.1,scale,0.24983131535900388,330,830,930,960
2023-09-28,0.2491199970245361,0.001669860798078071,1,0,0.49008286024029846,0.5099171397597015,0.5099171397597015,0.1,scale,0.24983131535900388,330,830,930,960
2023-09-29,0.2495359927415847,0.018077607071793844,1,0,0.4892931433427524,0.5107068566572476,0.5107068566572476,0.1,scale,0.24983131535900388,330,830,930,960
2023-09-30,0.2540470063686371,0.04663704895228449,1,0,0.4895934853031226,0.5104065146968775,0.5104065146968775,0.1,scale,0.24983131535900388,330,830,930,960
2023-10-01,0.2658950090408325,-0.024002023771468983,0,0,0.48420860854766706,0.5157913914523329,0.5157913914523329,0.1,scale,0.24983131535900388,330,830,930,960
2023-10-02,0.2595129907131195,0.0058378621217203275,1,0,0.48696009708002064,0.5130399029199794,0.5130399029199794,0.1,scale,0.24983131535900388,330,830,930,960
2023-10-03,0.261027991771698,-0.006562429855025753,0,0,0.48940723830161686,0.5105927616983832,0.5105927616983832,0.1,scale,0.24983131535900388,330,830,930,960
2023-10-04,0.259315013885498,0.0032161199507929616,1,0,0.48901069260805413,0.5109893073919458,0.5109893073919458,0.1,scale,0.24983131535900388,330,830,930,960
2023-10-05,0.2601490020751953,0.01815502811727865,1,0,0.48821268237291077,0.5117873176270893,0.5117873176270893,0.1,scale,0.24983131535900388,330,830,930,960
2023-10-06,0.2648720145225525,-0.023169731413211436,0,0,0.4873421844419767,0.5126578155580233,0.5126578155580233,0.1,scale,0.24983131535900388,330,830,930,960
2023-10-07,0.2587350010871887,-0.008139644443154626,0,0,0.48716848871298835,0.5128315112870117,0.5128315112870117,0.1,scale,0.24983131535900388,330,830,930,960
2023-10-08,0.2566289901733398,-0.019432728218658823,0,0,0.4893049550502102,0.5106950449497898,0.5106950449497898,0.1,scale,0.24983131535900388,330,830,930,960
2023-10-09,0.2516419887542724,-0.009938706993992241,0,0,0.48545451320246374,0.5145454867975363,0.5145454867975363,0.1,scale,0.24983131535900388,330,830,930,960
2023-10-10,0.2491409927606582,-0.004575716036699262,0,0,0.48972936950638735,0.5102706304936127,0.5102706304936127,0.1,scale,0.24983131535900388,330,830,930,960
2023-10-11,0.2480009943246841,-0.008383011182134803,0,0,0.48955278546687375,0.5104472145331262,0.5104472145331262,0.1,scale,0.24983131535900388,330,830,930,960
2023-10-12,0.2459219992160797,0.0009108345564037279,1,0,0.4902061188659484,0.5097938811340517,0.5097938811340517,0.1,scale,0.24983131535900388,330,830,930,960
2023-10-13,0.2461459934711456,0.003514225013799832,1,0,0.4903787757466107,0.5096212242533893,0.5096212242533893,0.1,scale,0.24983131535900388,330,830,930,960
2023-10-14,0.2470110058784485,0.0013966652325188011,1,0,0.4912318323764348,0.5087681676235651,0.5087681676235651,0.1,scale,0.24983131535900388,330,830,930,960
2023-10-15,0.2473559975624084,0.017007936249757494,1,0,0.49059384419208235,0.5094061558079177,0.5094061558079177,0.1,scale,0.24983131535900388,330,830,930,960
2023-10-16,0.251563012599945,-0.01768150043821537,0,0,0.4842555116928352,0.5157444883071648,0.5157444883071648,0.1,scale,0.24983131535900388,330,830,930,960
2023-10-17,0.2471150010824203,-0.014819031830650364,0,1,0.5048132392100275,0.4951867607899725,0.5048132392100275,10.0,scale,0.24825598413607303,360,860,960,990
2023-10-18,0.2434529960155487,0.014253279531081464,1,1,0.5083193225983901,0.4916806774016099,0.5083193225983901,10.0,scale,0.24825598413607303,360,860,960,990
2023-10-19,0.2469229996204376,0.01707010714439594,1,1,0.5358579785351368,0.46414202146486316,0.5358579785351368,10.0,scale,0.24825598413607303,360,860,960,990
2023-10-20,0.2511380016803741,0.029653036451708248,1,1,0.5305320293817181,0.46946797061828194,0.5305320293817181,10.0,scale,0.24825598413607303,360,860,960,990
2023-10-21,0.2585850059986114,0.019289536438678923,1,1,0.5038994084095575,0.4961005915904425,0.5038994084095575,10.0,scale,0.24825598413607303,360,860,960,990
2023-10-22,0.2635729908943176,0.06214975008033652,1,0,0.47884426310536576,0.5211557368946342,0.5211557368946342,10.0,scale,0.24825598413607303,360,860,960,990
2023-10-23,0.2799539864063263,-0.0034326208307551287,0,0,0.45967060993944275,0.5403293900605572,0.5403293900605572,10.0,scale,0.24825598413607303,360,860,960,990
2023-10-24,0.278993010520935,0.005602229226833622,1,0,0.424760436661246,0.5752395633387539,0.5752395633387539,10.0,scale,0.24825598413607303,360,860,960,990
2023-10-25,0.2805559933185577,0.024009504246753632,1,0,0.4110614152982011,0.5889385847017989,0.5889385847017989,10.0,scale,0.24825598413607303,360,860,960,990
2023-10-26,0.2872920036315918,0.007574129245885963,1,0,0.43874639242387603,0.561253607576124,0.561253607576124,10.0,scale,0.24825598413607303,360,860,960,990
2023-10-27,0.289467990398407,0.006156121312056451,1,0,0.41673458787443923,0.5832654121255607,0.5832654121255607,10.0,scale,0.24825598413607303,360,860,960,990
2023-10-28,0.2912499904632568,0.013847208271835942,1,0,0.4222841183646782,0.5777158816353218,0.5777158816353218,10.0,scale,0.24825598413607303,360,860,960,990
2023-10-29,0.2952829897403717,0.025233413668658944,1,0,0.43195349811429967,0.5680465018857004,0.5680465018857004,10.0,scale,0.24825598413607303,360,860,960,990
2023-10-30,0.3027339875698089,-0.031800144653505225,0,0,0.4657618832307427,0.5342381167692574,0.5342381167692574,10.0,scale,0.24825598413607303,360,860,960,990
2023-10-31,0.2931070029735565,0.04896503206545488,1,0,0.43519722021449625,0.5648027797855038,0.5648027797855038,10.0,scale,0.24825598413607303,360,860,960,990
2023-11-01,0.3074589967727661,0.051008412451684526,1,0,0.4492470249938457,0.5507529750061543,0.5507529750061543,10.0,scale,0.24825598413607303,360,860,960,990
2023-11-02,0.3231419920921325,0.018193286153838306,1,0,0.44605362454359443,0.5539463754564056,0.5539463754564056,10.0,scale,0.24825598413607303,360,860,960,990
2023-11-03,0.329021006822586,-0.00145587277956305,0,0,0.4208304886265414,0.5791695113734586,0.5791695113734586,10.0,scale,0.24825598413607303,360,860,960,990
2023-11-04,0.3285419940948486,0.04361087223921545,1,0,0.4314689831426852,0.5685310168573148,0.5685310168573148,10.0,scale,0.24825598413607303,360,860,960,990
2023-11-05,0.3428699970245361,0.05990026083008071,1,0,0.45182720386913705,0.5481727961308629,0.5481727961308629,10.0,scale,0.24825598413607303,360,860,960,990
2023-11-06,0.3634079992771148,-0.0325722208613467,0,0,0.43657664028319076,0.5634233597168092,0.5634233597168092,10.0,scale,0.24825598413607303,360,860,960,990
2023-11-07,0.3515709936618805,0.019282065888402533,1,0,0.4130751623154707,0.5869248376845293,0.5869248376845293,10.0,scale,0.24825598413607303,360,860,960,990
2023-11-08,0.35835000872612,0.027863819316179095,1,0,0.451907926739066,0.548092073260934,0.548092073260934,10.0,scale,0.24825598413607303,360,860,960,990
2023-11-09,0.3683350086212158,0.04852915284977932,1,0,0.4995130128743263,0.5004869871256736,0.5004869871256736,10.0,scale,0.24825598413607303,360,860,960,990
2023-11-10,0.3862099945545196,-0.004261884178763942,0,0,0.4482865107073176,0.5517134892926824,0.5517134892926824,10.0,scale,0.24825598413607303,360,860,960,990
2023-11-11,0.3845640122890472,-0.0030710269131785095,0,0,0.4417237568583865,0.5582762431416135,0.5582762431416135,10.0,scale,0.24825598413607303,360,860,960,990
2023-11-12,0.3833830058574676,-0.06512546952981679,0,0,0.4585695313571235,0.5414304686428765,0.5414304686428765,10.0,scale,0.24825598413607303,360,860,960,990
2023-11-13,0.3584150075912475,-0.001520569892333512,0,0,0.4485917643138598,0.5514082356861403,0.5514082356861403,10.0,scale,0.24825598413607303,360,860,960,990
2023-11-14,0.3578700125217438,0.059859719981262494,1,0,0.4943002491424692,0.5056997508575308,0.5056997508575308,10.0,scale,0.24825598413607303,360,860,960,990
2023-11-15,0.3792920112609863,-0.01984225887032598,0,1,0.5050915761223007,0.4949084238776993,0.5050915761223007,10.0,scale,0.24825598413607303,360,860,960,990
2023-11-16,0.3717660009860992,-0.013871612391364474,0,0,0.48436214572319275,0.5156378542768072,0.5156378542768072,0.1,scale,0.25157680994448134,390,890,990,1020
2023-11-17,0.3666090071201324,0.03023658284203945,1,1,0.5102973082541524,0.4897026917458476,0.5102973082541524,0.1,scale,0.25157680994448134,390,890,990,1020
2023-11-18,0.3776940107345581,0.01808604351760401,1,1,0.5134200986589126,0.4865799013410874,0.5134200986589126,0.1,scale,0.25157680994448134,390,890,990,1020
2023-11-19,0.3845250010490417,-0.00999417323037255,0,1,0.5111083022453086,0.48889169775469143,0.5111083022453086,0.1,scale,0.25157680994448134,390,890,990,1020
2023-11-20,0.3806819915771484,-0.057924927475236254,0,1,0.504335713561579,0.495664286438421,0.504335713561579,0.1,scale,0.25157680994448134,390,890,990,1020
2023-11-21,0.3586310148239136,0.06142520230752746,1,0,0.49705017273492297,0.502949827265077,0.502949827265077,0.1,scale,0.25157680994448134,390,890,990,1020
2023-11-22,0.3806599974632263,0.01580150992379914,1,1,0.5210026929080755,0.47899730709192445,0.5210026929080755,0.1,scale,0.25157680994448134,390,890,990,1020
2023-11-23,0.3866750001907348,-0.001194790460790296,0,1,0.5162152842633294,0.4837847157366706,0.5162152842633294,0.1,scale,0.25157680994448134,390,890,990,1020
2023-11-24,0.3862130045890808,0.022262325993710474,1,1,0.5047212029462135,0.4952787970537865,0.5047212029462135,0.1,scale,0.25157680994448134,390,890,990,1020
2023-11-25,0.3948110044002533,-0.016782738746521142,0,1,0.5172437461437438,0.4827562538562562,0.5172437461437438,0.1,scale,0.25157680994448134,390,890,990,1020
2023-11-26,0.3881849944591522,-0.02531268504813755,0,1,0.5119193881959663,0.4880806118040337,0.5119193881959663,0.1,scale,0.25157680994448134,390,890,990,1020
2023-11-27,0.3783589899539947,0.01920134509371385,1,1,0.5079156625789796,0.4920843374210204,0.5079156625789796,0.1,scale,0.25157680994448134,390,890,990,1020
2023-11-28,0.3856239914894104,-0.009978597142957568,0,1,0.5113902054060351,0.4886097945939649,0.5113902054060351,0.1,scale,0.25157680994448134,390,890,990,1020
2023-11-29,0.3817760050296783,-0.015404350741205497,0,1,0.5139268608524828,0.48607313914751715,0.5139268608524828,0.1,scale,0.25157680994448134,390,890,990,1020
2023-11-30,0.3758949935436249,0.022099283252132285,1,1,0.5116841932959089,0.48831580670409114,0.5116841932959089,0.1,scale,0.25157680994448134,390,890,990,1020
2023-12-01,0.3842020034790039,0.035387629851190594,1,1,0.5170896304326422,0.4829103695673578,0.5170896304326422,0.1,scale,0.25157680994448134,390,890,990,1020
2023-12-02,0.3977980017662048,-0.006644048353424692,0,1,0.515889556626886,0.48411044337311404,0.515889556626886,0.1,scale,0.25157680994448134,390,890,990,1020
2023-12-03,0.3951550126075744,0.029497250287008336,1,1,0.5103020382870712,0.4896979617129288,0.5103020382870712,0.1,scale,0.25157680994448134,390,890,990,1020
2023-12-04,0.406810998916626,0.046328611389981456,1,0,0.4962576473289749,0.5037423526710251,0.5037423526710251,0.1,scale,0.25157680994448134,390,890,990,1020
2023-12-05,0.4256579875946045,0.039346168990875174,1,0,0.4968373312699231,0.503162668730077,0.503162668730077,0.1,scale,0.25157680994448134,390,890,990,1020
2023-12-06,0.4424059987068176,0.03170394623475259,1,0,0.4801793981540584,0.5198206018459416,0.5198206018459416,0.1,scale,0.25157680994448134,390,890,990,1020
2023-12-07,0.4564320147037506,0.19606208608022935,1,0,0.48320378012818044,0.5167962198718196,0.5167962198718196,0.1,scale,0.25157680994448134,390,890,990,1020
2023-12-08,0.5459210276603699,0.059860236367695885,1,0,0.4430932627504788,0.5569067372495212,0.5569067372495212,0.1,scale,0.25157680994448134,390,890,990,1020
2023-12-09,0.5785999894142151,0.02688389981268724,1,0,0.45591962711536144,0.5440803728846386,0.5440803728846386,0.1,scale,0.25157680994448134,390,890,990,1020
2023-12-10,0.5941550135612488,-0.07259727292617668,0,0,0.4651037171201421,0.5348962828798579,0.5348962828798579,0.1,scale,0.25157680994448134,390,890,990,1020
2023-12-11,0.5510209798812866,0.04607090540875869,1,0,0.47485368637889885,0.5251463136211012,0.5251463136211012,0.1,scale,0.25157680994448134,390,890,990,1020
2023-12-12,0.5764070153236389,0.1541219408914012,1,0,0.48265826862573846,0.5173417313742615,0.5173417313742615,0.1,scale,0.25157680994448134,390,890,990,1020
2023-12-13,0.6652439832687378,-0.03271883323110181,0,0,0.45925896892062695,0.540741031079373,0.540741031079373,0.1,scale,0.25157680994448134,390,890,990,1020
2023-12-14,0.6434779763221741,-0.0653790387697254,0,0,0.47432036613592793,0.5256796338640721,0.5256796338640721,0.1,scale,0.25157680994448134,390,890,990,1020
2023-12-15,0.6014080047607422,0.010310752717158644,1,0,0.4887779043350925,0.5112220956649075,0.5112220956649075,0.1,scale,0.25157680994448134,390,890,990,1020
2023-12-16,0.60760897397995,-0.0449219721390659,0,1,0.5307008877143642,0.4692991122856358,0.5307008877143642,1.0,0.01,0.250597050628148,420,920,1020,1050
2023-12-17,0.5803139805793762,0.035703071871116654,1,1,0.5110723376741281,0.4889276623258719,0.5110723376741281,1.0,0.01,0.250597050628148,420,920,1020,1050
2023-12-18,0.6010329723358154,-0.04065160864210016,0,1,0.5125088874770671,0.48749111252293287,0.5125088874770671,1.0,0.01,0.250597050628148,420,920,1020,1050
2023-12-19,0.5766000151634216,0.0220759430966897,1,1,0.5108132687548498,0.4891867312451502,0.5108132687548498,1.0,0.01,0.250597050628148,420,920,1020,1050
2023-12-20,0.5893290042877197,0.08020986518058515,1,1,0.5273707775844337,0.47262922241556626,0.5273707775844337,1.0,0.01,0.250597050628148,420,920,1020,1050
2023-12-21,0.6365990042686462,-0.019451780600258872,0,1,0.5311314064502133,0.4688685935497867,0.5311314064502133,1.0,0.01,0.250597050628148,420,920,1020,1050
2023-12-22,0.6242160201072693,-0.015488216066925853,0,1,0.5308618730721467,0.4691381269278533,0.5308618730721467,1.0,0.01,0.250597050628148,420,920,1020,1050
2023-12-23,0.6145480275154114,-0.033509255940964544,0,1,0.5442093979302017,0.45579060206979827,0.5442093979302017,1.0,0.01,0.250597050628148,420,920,1020,1050
2023-12-24,0.5939549803733826,0.05348216356372881,1,1,0.5039383169145953,0.49606168308540466,0.5039383169145953,1.0,0.01,0.250597050628148,420,920,1020,1050
2023-12-25,0.6257209777832031,-0.0270439983173707,0,1,0.547837923000634,0.45216207699936595,0.547837923000634,1.0,0.01,0.250597050628148,420,920,1020,1050
2023-12-26,0.6087989807128906,0.0406308938988551,1,1,0.51422302156293,0.48577697843707,0.51422302156293,1.0,0.01,0.250597050628148,420,920,1020,1050
2023-12-27,0.6335350275039673,-0.025433546894642722,0,1,0.5472134303465387,0.4527865696534613,0.5472134303465387,1.0,0.01,0.250597050628148,420,920,1020,1050
2023-12-28,0.6174219846725464,-0.014460127997720118,0,1,0.521036908727247,0.47896309127275305,0.521036908727247,1.0,0.01,0.250597050628148,420,920,1020,1050
2023-12-29,0.608493983745575,-0.010731390996132295,0,1,0.5428851627486869,0.4571148372513131,0.5428851627486869,1.0,0.01,0.250597050628148,420,920,1020,1050
2023-12-30,0.601963996887207,-0.012889433702204522,0,1,0.5420525977529728,0.45794740224702724,0.5420525977529728,1.0,0.01,0.250597050628148,420,920,1020,1050
2023-12-31,0.5942050218582153,0.048644783193197094,1,1,0.5253716631215708,0.4746283368784292,0.5253716631215708,1.0,0.01,0.250597050628148,420,920,1020,1050
2024-01-01,0.6231099963188171,-0.027993454403465234,0,1,0.5465049969416046,0.4534950030583954,0.5465049969416046,1.0,0.01,0.250597050628148,420,920,1020,1050
2024-01-02,0.605666995048523,-0.07988048110665003,0,1,0.5108036892380372,0.4891963107619628,0.5108036892380372,1.0,0.01,0.250597050628148,420,920,1020,1050
2024-01-03,0.5572860240936279,0.02383154639695695,1,0,0.47921719797457185,0.5207828020254281,0.5207828020254281,1.0,0.01,0.250597050628148,420,920,1020,1050
2024-01-04,0.5705670118331909,-0.05139625632774458,0,1,0.543473018705381,0.456526981294619,0.543473018705381,1.0,0.01,0.250597050628148,420,920,1020,1050
2024-01-05,0.5412420034408569,-0.03351366780852316,0,1,0.5032230286512482,0.49677697134875176,0.5032230286512482,1.0,0.01,0.250597050628148,420,920,1020,1050
2024-01-06,0.5231029987335205,-0.05530267500374875,0,1,0.5131204530897995,0.4868795469102005,0.5131204530897995,1.0,0.01,0.250597050628148,420,920,1020,1050
2024-01-07,0.4941740036010742,0.09462656726729568,1,0,0.49040604945175187,0.5095939505482481,0.5095939505482481,1.0,0.01,0.250597050628148,420,920,1020,1050
2024-01-08,0.5409359931945801,-0.05436685986292611,0,1,0.5208701187485153,0.4791298812514847,0.5208701187485153,1.0,0.01,0.250597050628148,420,920,1020,1050
2024-01-09,0.5115270018577576,0.1077557804422955,1,1,0.5129312975938296,0.4870687024061704,0.5129312975938296,1.0,0.01,0.250597050628148,420,920,1020,1050
2024-01-10,0.5666469931602478,0.027410392963574726,1,1,0.5342102617830057,0.4657897382169943,0.5342102617830057,1.0,0.01,0.250597050628148,420,920,1020,1050
2024-01-11,0.5821790099143982,-0.05985445581259918,0,1,0.5400067014345532,0.4599932985654468,0.5400067014345532,1.0,0.01,0.250597050628148,420,920,1020,1050
2024-01-12,0.5473330020904541,0.00365958946386713,1,1,0.5287369360731237,0.47126306392687634,0.5287369360731237,1.0,0.01,0.250597050628148,420,920,1020,1050
2024-01-13,0.5493360161781311,-0.042514975322604065,0,1,0.5395873531487201,0.4604126468512799,0.5395873531487201,1.0,0.01,0.250597050628148,420,920,1020,1050
2024-01-14,0.5259810090065002,0.00414459883662488,1,1,0.5065409403946937,0.49345905960530634,0.5065409403946937,1.0,0.01,0.250597050628148,420,920,1020,1050
2024-01-15,0.5281609892845154,0.01422864121052636,1,1,0.5184399631163299,0.4815600368836701,0.5184399631163299,1.0,0.01,0.2520790055444333,450,950,1050,1080
2024-01-16,0.5356760025024414,-0.01614226620402104,0,1,0.5152030036326978,0.4847969963673022,0.5152030036326978,1.0,0.01,0.2520790055444333,450,950,1050,1080
2024-01-17,0.5270289778709412,-0.047729725101981146,0,1,0.5220381468603793,0.4779618531396207,0.5220381468603793,1.0,0.01,0.2520790055444333,450,950,1050,1080
2024-01-18,0.5018740296363831,0.0025444032451593657,1,1,0.5595584869613878,0.44044151303861223,0.5595584869613878,1.0,0.01,0.2520790055444333,450,950,1050,1080
2024-01-19,0.503150999546051,0.02355951384314081,1,1,0.532736626556376,0.467263373443624,0.532736626556376,1.0,0.01,0.2520790055444333,450,950,1050,1080
2024-01-20,0.5150049924850464,-0.023106587117419974,0,1,0.5001364489706345,0.4998635510293655,0.5001364489706345,1.0,0.01,0.2520790055444333,450,950,1050,1080
2024-01-21,0.5031049847602844,-0.04890227719238016,0,1,0.5209367718392961,0.4790632281607039,0.5209367718392961,1.0,0.01,0.2520790055444333,450,950,1050,1080
2024-01-22,0.4785020053386688,-0.003663521543500914,0,1,0.5815274544787472,0.4184725455212528,0.5815274544787472,1.0,0.01,0.2520790055444333,450,950,1050,1080
2024-01-23,0.4767490029335022,-0.0009501756637259051,0,1,0.5373420653065071,0.4626579346934929,0.5373420653065071,1.0,0.01,0.2520790055444333,450,950,1050,1080
2024-01-24,0.4762960076332092,-0.020611141068720418,0,1,0.5007100014113501,0.49928999858864986,0.5007100014113501,1.0,0.01,0.2520790055444333,450,950,1050,1080
2024-01-25,0.4664790034294128,0.04033410002965665,1,1,0.5124170593543407,0.4875829406456593,0.5124170593543407,1.0,0.01,0.2520790055444333,450,950,1050,1080
2024-01-26,0.4852940142154693,0.0021162182087497428,1,0,0.4826359049038005,0.5173640950961995,0.5173640950961995,1.0,0.01,0.2520790055444333,450,950,1050,1080
2024-01-27,0.4863210022449493,0.006987156997773969,1,0,0.4779867688366504,0.5220132311633496,0.5220132311633496,1.0,0.01,0.2520790055444333,450,950,1050,1080
2024-01-28,0.4897190034389496,0.07260487810458982,1,1,0.5037322730329022,0.49626772696709776,0.5037322730329022,1.0,0.01,0.2520790055444333,450,950,1050,1080
2024-01-29,0.5252749919891357,-0.02115084085925556,0,0,0.4889788254685858,0.5110211745314142,0.5110211745314142,1.0,0.01,0.2520790055444333,450,950,1050,1080
2024-01-30,0.5141649842262268,-0.03094140367021303,0,1,0.5058065133450527,0.49419348665494733,0.5058065133450527,1.0,0.01,0.2520790055444333,450,950,1050,1080
2024-01-31,0.4982559978961944,0.017595330545197463,1,1,0.5121065655927064,0.4878934344072936,0.5121065655927064,1.0,0.01,0.2520790055444333,450,950,1050,1080
2024-02-01,0.5070229768753052,0.01367788194206887,1,0,0.4958158042968749,0.5041841957031251,0.5041841957031251,1.0,0.01,0.2520790055444333,450,950,1050,1080
2024-02-02,0.5139579772949219,-0.0021343454735732736,0,1,0.5061655748401597,0.49383442515984033,0.5061655748401597,1.0,0.01,0.2520790055444333,450,950,1050,1080
2024-02-03,0.5128610134124756,-0.036276931051394845,0,0,0.4921275302779683,0.5078724697220317,0.5078724697220317,1.0,0.01,0.2520790055444333,450,950,1050,1080
2024-02-04,0.4942559897899627,-0.0018532990997184307,0,1,0.5226352611054519,0.4773647388945481,0.5226352611054519,1.0,0.01,0.2520790055444333,450,950,1050,1080
2024-02-05,0.4933399856090545,0.010384358389519566,1,1,0.5188793908286018,0.4811206091713982,0.5188793908286018,1.0,0.01,0.2520790055444333,450,950,1050,1080
2024-02-06,0.4984630048274994,0.006640402404858303,1,1,0.5066372616028469,0.49336273839715306,0.5066372616028469,1.0,0.01,0.2520790055444333,450,950,1050,1080
2024-02-07,0.5017729997634888,0.0547976480913015,1,1,0.5426677825657726,0.45733221743422736,0.5426677825657726,1.0,0.01,0.2520790055444333,450,950,1050,1080
2024-02-08,0.5292689800262451,0.02177155431626887,1,1,0.5160774416812437,0.4839225583187563,0.5160774416812437,1.0,0.01,0.2520790055444333,450,950,1050,1080
2024-02-09,0.5407919883728027,0.019637861149099267,1,0,0.49495748174111204,0.505042518258888,0.505042518258888,1.0,0.01,0.2520790055444333,450,950,1050,1080
2024-02-10,0.5514119863510132,-0.01813881029812703,0,0,0.49757092047442075,0.5024290795255792,0.5024290795255792,1.0,0.01,0.2520790055444333,450,950,1050,1080
2024-02-11,0.5414100289344788,0.034393466817814966,1,1,0.5329173265015352,0.4670826734984648,0.5329173265015352,1.0,0.01,0.2520790055444333,450,950,1050,1080
2024-02-12,0.560030996799469,-0.02684668117888478,0,0,0.49599932932337276,0.5040006706766272,0.5040006706766272,1.0,0.01,0.2520790055444333,450,950,1050,1080
2024-02-13,0.5449960231781006,0.05927741582122237,1,1,0.5187159985961715,0.48128400140382854,0.5187159985961715,1.0,0.01,0.2520790055444333,450,950,1050,1080
2024-02-14,0.5773019790649414,0.05380371936664208,1,1,0.5141050982726015,0.48589490172739846,0.5141050982726015,0.1,scale,0.2523600072973488,480,980,1080,1110
2024-02-15,0.6083629727363586,-0.015600829146760087,0,1,0.5250433486131202,0.4749566513868798,0.5250433486131202,0.1,scale,0.2523600072973488,480,980,1080,1110
2024-02-16,0.5988720059394836,0.01581970668048127,1,1,0.5119748534976452,0.48802514650235485,0.5119748534976452,0.1,scale,0.2523600072973488,480,980,1080,1110
2024-02-17,0.6083459854125977,0.017075836694638857,1,1,0.5061673330366321,0.4938326669633679,0.5061673330366321,0.1,scale,0.2523600072973488,480,980,1080,1110
2024-02-18,0.6187340021133423,0.019926143239420657,1,1,0.5267458683319745,0.47325413166802555,0.5267458683319745,0.1,scale,0.2523600072973488,480,980,1080,1110
2024-02-19,0.6310629844665527,-0.014099955796846864,0,1,0.5184059249967776,0.4815940750032224,0.5184059249967776,0.1,scale,0.2523600072973488,480,980,1080,1110
2024-02-20,0.6221650242805481,-0.03810409019871919,0,1,0.5249659458668458,0.47503405413315425,0.5249659458668458,0.1,scale,0.2523600072973488,480,980,1080,1110
2024-02-21,0.5984579920768738,-0.02098061453166633,0,1,0.5080611374026046,0.4919388625973954,0.5080611374026046,0.1,scale,0.2523600072973488,480,980,1080,1110
2024-02-22,0.5859019756317139,-0.004539968446980236,0,1,0.5023614047033116,0.4976385952966884,0.5023614047033116,0.1,scale,0.2523600072973488,480,980,1080,1110
2024-02-23,0.5832419991493225,0.023067646093678285,1,0,0.49602556862852115,0.5039744313714789,0.5039744313714789,0.1,scale,0.2523600072973488,480,980,1080,1110
2024-02-24,0.5966960191726685,-0.008910789022123722,0,0,0.48458381092681424,0.5154161890731858,0.5154161890731858,0.1,scale,0.2523600072973488,480,980,1080,1110
2024-02-25,0.5913789868354797,0.047950687448200524,1,0,0.4926413333299049,0.5073586666700951,0.5073586666700951,0.1,scale,0.2523600072973488,480,980,1080,1110
2024-02-26,0.6197360157966614,0.007228891328590725,1,1,0.5080579523907548,0.4919420476092452,0.5080579523907548,0.1,scale,0.2523600072973488,480,980,1080,1110
2024-02-27,0.6242160201072693,0.01096250436973345,1,1,0.5023965412722771,0.49760345872772294,0.5023965412722771,0.1,scale,0.2523600072973488,480,980,1080,1110
2024-02-28,0.6310589909553528,0.03896154801933194,1,1,0.5142388925458307,0.48576110745416934,0.5142388925458307,0.1,scale,0.2523600072973488,480,980,1080,1110
2024-02-29,0.655646026134491,0.09675183853693414,1,1,0.509924907670468,0.49007509232953195,0.509924907670468,0.1,scale,0.2523600072973488,480,980,1080,1110
2024-03-01,0.7190809845924377,0.03038184867479976,1,1,0.5334906526394366,0.4665093473605634,0.5334906526394366,0.1,scale,0.2523600072973488,480,980,1080,1110
2024-03-02,0.7409279942512512,-0.017127180758555238,0,1,0.5478843608943086,0.4521156391056914,0.5478843608943086,0.1,scale,0.2523600072973488,480,980,1080,1110
2024-03-03,0.7282379865646362,0.05912354476736659,1,1,0.5264020489711483,0.4735979510288517,0.5264020489711483,0.1,scale,0.2523600072973488,480,980,1080,1110
2024-03-04,0.7712939977645874,-0.10087459465357707,0,1,0.5482832876467566,0.4517167123532434,0.5482832876467566,0.1,scale,0.2523600072973488,480,980,1080,1110
2024-03-05,0.6934900283813477,0.05815649078559959,1,1,0.540050149416216,0.459949850583784,0.540050149416216,0.1,scale,0.2523600072973488,480,980,1080,1110
2024-03-06,0.7338209748268127,0.014882378412396369,1,0,0.49425065518324063,0.5057493448167594,0.5057493448167594,0.1,scale,0.2523600072973488,480,980,1080,1110
2024-03-07,0.7447419762611389,-0.02670452912943788,0,1,0.5004086373961044,0.4995913626038956,0.5004086373961044,0.1,scale,0.2523600072973488,480,980,1080,1110
2024-03-08,0.7248539924621582,0.026017693235245165,1,1,0.5052201033023089,0.49477989669769107,0.5052201033023089,0.1,scale,0.2523600072973488,480,980,1080,1110
2024-03-09,0.7437130212783813,-0.03561325189137443,0,0,0.48609292519981184,0.5139070748001882,0.5139070748001882,0.1,scale,0.2523600072973488,480,980,1080,1110
2024-03-10,0.7172269821166992,0.0794211985102391,1,1,0.5082469860683863,0.49175301393161375,0.5082469860683863,0.1,scale,0.2523600072973488,480,980,1080,1110
2024-03-11,0.7741900086402893,-0.03375789808305696,0,1,0.532553240294811,0.467446759705189,0.532553240294811,0.1,scale,0.2523600072973488,480,980,1080,1110
2024-03-12,0.7480549812316895,0.022090662519083315,1,0,0.4996133350572419,0.5003866649427581,0.5003866649427581,0.1,scale,0.2523600072973488,480,980,1080,1110
2024-03-13,0.7645800113677979,-0.018449390544893918,0,0,0.48808626225485224,0.5119137377451477,0.5119137377451477,0.1,scale,0.2523600072973488,480,980,1080,1110
2024-03-14,0.7504739761352539,-0.03202369591157528,0,1,0.5267807225083923,0.47321927749160775,0.5267807225083923,0.1,scale,0.2523600072973488,480,980,1080,1110
2024-03-15,0.7264410257339478,-0.0921011239403009,0,1,0.5083452963343026,0.4916547036656974,0.5083452963343026,0.1,scale,0.25439962324660376,510,1010,1110,1140
2024-03-16,0.6595349907875061,0.03269577369909027,1,1,0.5828234521051737,0.4171765478948263,0.5828234521051737,0.1,scale,0.25439962324660376,510,1010,1110,1140
2024-03-17,0.681098997592926,-0.02913088318881385,0,1,0.5063441087700363,0.4936558912299637,0.5063441087700363,0.1,scale,0.25439962324660376,510,1010,1110,1140
2024-03-18,0.6612579822540283,-0.11242810121589308,0,1,0.5473310494644424,0.45266895053555756,0.5473310494644424,0.1,scale,0.25439962324660376,510,1010,1110,1140
2024-03-19,0.5869140028953552,0.08956508943073094,1,1,0.6353702859931408,0.3646297140068592,0.6353702859931408,0.1,scale,0.25439962324660376,510,1010,1110,1140
2024-03-20,0.6394810080528259,-0.011904971622406446,0,1,0.5013225286193602,0.4986774713806398,0.5013225286193602,0.1,scale,0.25439962324660376,510,1010,1110,1140
2024-03-21,0.6318680047988892,-0.029444430923689535,0,1,0.5171958777943388,0.48280412220566116,0.5171958777943388,0.1,scale,0.25439962324660376,510,1010,1110,1140
2024-03-22,0.6132630109786987,0.02054418930947155,1,1,0.5230643362275453,0.47693566377245467,0.5230643362275453,0.1,scale,0.25439962324660376,510,1010,1110,1140
2024-03-23,0.6258620023727417,0.03242731439392421,1,0,0.4938412956199418,0.5061587043800582,0.5061587043800582,0.1,scale,0.25439962324660376,510,1010,1110,1140
2024-03-24,0.6461570262908936,0.016701756599840856,1,0,0.4824121097547957,0.5175878902452042,0.5175878902452042,0.1,scale,0.25439962324660376,510,1010,1110,1140
2024-03-25,0.656948983669281,0.012306910638259172,1,1,0.501054850025198,0.498945149974802,0.501054850025198,0.1,scale,0.25439962324660376,510,1010,1110,1140
2024-03-26,0.6650339961051941,-0.024887476216497784,0,1,0.5023162619560796,0.4976837380439204,0.5023162619560796,0.1,scale,0.25439962324660376,510,1010,1110,1140
2024-03-27,0.6484829783439636,0.00356378034436311,1,1,0.5150574625949957,0.48494253740500426,0.5150574625949957,0.1,scale,0.25439962324660376,510,1010,1110,1140
2024-03-28,0.6507940292358398,0.020911365944370486,1,1,0.5003037213068765,0.4996962786931235,0.5003037213068765,0.1,scale,0.25439962324660376,510,1010,1110,1140
2024-03-29,0.6644030213356018,-0.03015789327784857,0,1,0.5051488973164671,0.49485110268353294,0.5051488973164671,0.1,scale,0.25439962324660376,510,1010,1110,1140
2024-03-30,0.6443660259246826,0.00940607925430692,1,1,0.5156799102934414,0.4843200897065586,0.5156799102934414,0.1,scale,0.25439962324660376,510,1010,1110,1140
2024-03-31,0.650426983833313,-0.0441909234249549,0,0,0.4993628568637638,0.5006371431362362,0.5006371431362362,0.1,scale,0.25439962324660376,510,1010,1110,1140
2024-04-01,0.6216840147972107,-0.06546257778069242,0,1,0.5702633091608934,0.4297366908391066,0.5702633091608934,0.1,scale,0.25439962324660376,510,1010,1110,1140
2024-04-02,0.5809869766235352,-0.01671121897411232,0,1,0.5797763269308277,0.4202236730691723,0.5797763269308277,0.1,scale,0.25439962324660376,510,1010,1110,1140
2024-04-03,0.5712779760360718,0.02044018365574085,1,1,0.5586260312580184,0.44137396874198165,0.5586260312580184,0.1,scale,0.25439962324660376,510,1010,1110,1140
2024-04-04,0.582955002784729,-0.01393077270555021,0,1,0.5219800786821933,0.4780199213178067,0.5219800786821933,0.1,scale,0.25439962324660376,510,1010,1110,1140
2024-04-05,0.5748339891433716,0.016533504270065613,1,1,0.5255079165967372,0.47449208340326277,0.5255079165967372,0.1,scale,0.25439962324660376,510,1010,1110,1140
2024-04-06,0.5843380093574524,0.008789455672502777,1,0,0.49775228221514173,0.5022477177848583,0.5022477177848583,0.1,scale,0.25439962324660376,510,1010,1110,1140
2024-04-07,0.5894740223884583,0.04187625692220398,1,1,0.5042401527296438,0.49575984727035616,0.5042401527296438,0.1,scale,0.25439962324660376,510,1010,1110,1140
2024-04-08,0.6141589879989624,-0.036254408291713114,0,0,0.49817281113454975,0.5018271888654502,0.5018271888654502,0.1,scale,0.25439962324660376,510,1010,1110,1140
2024-04-09,0.5918930172920227,-0.009525375675318304,0,1,0.522073664471907,0.47792633552809305,0.522073664471907,0.1,scale,0.25439962324660376,510,1010,1110,1140
2024-04-10,0.5862550139427185,-0.00010919375863116532,0,1,0.5116526240763454,0.4883473759236546,0.5116526240763454,0.1,scale,0.25439962324660376,510,1010,1110,1140
2024-04-11,0.5861909985542297,-0.14093695019031172,0,1,0.5067068882987628,0.49329311170123724,0.5067068882987628,0.1,scale,0.25439962324660376,510,1010,1110,1140
2024-04-12,0.5035750269889832,-0.11054363291755176,0,1,0.6371999344058557,0.36280006559414435,0.6371999344058557,0.1,scale,0.25439962324660376,510,1010,1110,1140
2024-04-13,0.4479080140590668,0.04689127550127248,1,1,0.6666865269786295,0.3333134730213705,0.6666865269786295,0.1,scale,0.25439962324660376,510,1010,1110,1140
2024-04-14,0.4689109921455383,-0.01730820344829387,0,1,0.6769693065767778,0.3230306934232222,0.6769693065767778,10.0,scale,0.24608408376691465,540,1040,1140,1170
2024-04-15,0.460794985294342,-0.004752642559550657,0,1,0.6663373451150629,0.33366265488493707,0.6663373451150629,10.0,scale,0.24608408376691465,540,1040,1140,1170
2024-04-16,0.4586049914360046,-0.03120332877790355,0,1,0.5832450510734118,0.41675494892658815,0.5832450510734118,10.0,scale,0.24608408376691465,540,1040,1140,1170
2024-04-17,0.4442949891090393,0.031170776947190726,1,1,0.6320788915967273,0.36792110840327275,0.6320788915967273,10.0,scale,0.24608408376691465,540,1040,1140,1170
2024-04-18,0.4581440091133117,0.023224128494280905,1,1,0.5392707616708012,0.46072923832919876,0.5392707616708012,10.0,scale,0.24608408376691465,540,1040,1140,1170
2024-04-19,0.4687840044498443,0.07919213878438636,1,1,0.6047666616959635,0.3952333383040365,0.6047666616959635,10.0,scale,0.24608408376691465,540,1040,1140,1170
2024-04-20,0.5059080123901367,-0.013077527932092048,0,1,0.6006678282526373,0.3993321717473627,0.6006678282526373,10.0,scale,0.24608408376691465,540,1040,1140,1170
2024-04-21,0.4992919862270355,0.03523588770533892,1,1,0.6272928021351324,0.3727071978648676,0.6272928021351324,10.0,scale,0.24608408376691465,540,1040,1140,1170
2024-04-22,0.516884982585907,-0.0322876521395391,0,1,0.5975012795453727,0.4024987204546273,0.5975012795453727,10.0,scale,0.24608408376691465,540,1040,1140,1170
2024-04-23,0.5001959800720215,-0.050552163658844185,0,1,0.6330324054837847,0.3669675945162153,0.6330324054837847,10.0,scale,0.24608408376691465,540,1040,1140,1170
2024-04-24,0.4749099910259247,-0.008190979354999572,0,1,0.6870534280686185,0.31294657193138153,0.6870534280686185,10.0,scale,0.24608408376691465,540,1040,1140,1170
2024-04-25,0.4710200130939483,-0.01760223739496003,0,1,0.643637743235783,0.35636225676421696,0.643637743235783,10.0,scale,0.24608408376691465,540,1040,1140,1170
2024-04-26,0.4627290070056915,0.00929913286281625,1,1,0.6125705682487005,0.3874294317512995,0.6125705682487005,10.0,scale,0.24608408376691465,540,1040,1140,1170
2024-04-27,0.4670319855213165,-0.014041803222042182,0,1,0.531064415746304,0.46893558425369597,0.531064415746304,10.0,scale,0.24608408376691465,540,1040,1140,1170
2024-04-28,0.4604740142822265,-0.006751755750328159,0,1,0.5522980106916672,0.4477019893083328,0.5522980106916672,10.0,scale,0.24608408376691465,540,1040,1140,1170
2024-04-29,0.4573650062084198,-0.036192131650070625,0,1,0.5181866078646337,0.48181339213536634,0.5181866078646337,10.0,scale,0.24608408376691465,540,1040,1140,1170
2024-04-30,0.4408119916915893,0.02053938031785929,1,1,0.5598159591647401,0.44018404083525986,0.5598159591647401,10.0,scale,0.24608408376691465,540,1040,1140,1170
2024-05-01,0.4498659968376159,0.018707786513121993,1,1,0.5107514584333557,0.4892485415666443,0.5107514584333557,10.0,scale,0.24608408376691465,540,1040,1140,1170
2024-05-02,0.4582819938659668,0.020210254118513626,1,1,0.5224685598808158,0.47753144011918425,0.5224685598808158,10.0,scale,0.24608408376691465,540,1040,1140,1170
2024-05-03,0.4675439894199371,-0.008484735603055737,0,1,0.5292826998014397,0.4707173001985603,0.5292826998014397,10.0,scale,0.24608408376691465,540,1040,1140,1170
2024-05-04,0.463577002286911,-0.011309886690912152,0,1,0.5240560013744541,0.4759439986255459,0.5240560013744541,10.0,scale,0.24608408376691465,540,1040,1140,1170
2024-05-05,0.4583339989185333,-0.00882760846723718,0,1,0.5122227593783153,0.4877772406216847,0.5122227593783153,10.0,scale,0.24608408376691465,540,1040,1140,1170
2024-05-06,0.4542880058288574,-0.02732846057198879,0,0,0.48432702966219876,0.5156729703378012,0.5156729703378012,10.0,scale,0.24608408376691465,540,1040,1140,1170
2024-05-07,0.4418730139732361,0.02416981738066437,1,1,0.538944208348356,0.461055791651644,0.538944208348356,10.0,scale,0.24608408376691465,540,1040,1140,1170
2024-05-08,0.4525530040264129,0.024191646593888283,1,0,0.46205098821404605,0.537949011785954,0.537949011785954,10.0,scale,0.24608408376691465,540,1040,1140,1170
2024-05-09,0.4635010063648224,-0.032903942919063955,0,0,0.4980532188894369,0.5019467811105631,0.5019467811105631,10.0,scale,0.24608408376691465,540,1040,1140,1170
2024-05-10,0.4482499957084656,-0.0209124211293914,0,1,0.5232647319638403,0.47673526803615973,0.5232647319638403,10.0,scale,0.24608408376691465,540,1040,1140,1170
2024-05-11,0.4388760030269623,-0.002786659319235385,0,1,0.5123474580965589,0.4876525419034411,0.5123474580965589,10.0,scale,0.24608408376691465,540,1040,1140,1170
2024-05-12,0.4376530051231384,-0.0025431049686903684,0,0,0.4923731494452225,0.5076268505547775,0.5076268505547775,10.0,scale,0.24608408376691465,540,1040,1140,1170
2024-05-13,0.4365400075912475,-0.01940489294949188,0,1,0.5030050852110376,0.4969949147889624,0.5030050852110376,10.0,scale,0.24608408376691465,540,1040,1140,1170
2024-05-14,0.428068995475769,0.05821258608210811,1,1,0.5213980043139512,0.4786019956860488,0.5213980043139512,10.0,scale,0.24963557972236317,570,1070,1170,1200
2024-05-15,0.4529879987239837,0.014806159704547905,1,0,0.4562392505624948,0.5437607494375052,0.5437607494375052,10.0,scale,0.24963557972236317,570,1070,1170,1200
2024-05-16,0.4596950113773346,0.04852126169504256,1,0,0.45269481263558126,0.5473051873644188,0.5473051873644188,10.0,scale,0.24963557972236317,570,1070,1170,1200
2024-05-17,0.4819999933242798,0.0008464601641871017,1,0,0.47830806172866147,0.5216919382713385,0.5216919382713385,10.0,scale,0.24963557972236317,570,1070,1170,1200
2024-05-18,0.4824079871177673,-0.03069180646158498,0,1,0.5122893705568522,0.4877106294431478,0.5122893705568522,10.0,scale,0.24963557972236317,570,1070,1170,1200
2024-05-19,0.467602014541626,0.07304494803099026,1,1,0.5368694624519449,0.4631305375480551,0.5368694624519449,10.0,scale,0.24963557972236317,570,1070,1170,1200
2024-05-20,0.5017579793930054,-0.013918992666042795,0,1,0.5055203506632439,0.49447964933675614,0.5055203506632439,10.0,scale,0.24963557972236317,570,1070,1170,1200
2024-05-21,0.4947740137577057,-0.023540071802793827,0,1,0.5487418702165081,0.4512581297834919,0.5487418702165081,10.0,scale,0.24963557972236317,570,1070,1170,1200
2024-05-22,0.4831269979476928,-0.03683709114004441,0,1,0.5422996747084459,0.45770032529155413,0.5422996747084459,10.0,scale,0.24963557972236317,570,1070,1170,1200
2024-05-23,0.4653300046920776,-0.012541658436811653,0,1,0.5567520651534169,0.4432479348465831,0.5567520651534169,10.0,scale,0.24963557972236317,570,1070,1170,1200
2024-05-24,0.4594939947128296,0.005610563196666751,1,1,0.5044554689669799,0.4955445310330201,0.5044554689669799,10.0,scale,0.24963557972236317,570,1070,1170,1200
2024-05-25,0.4620720148086548,-0.008000934434531648,0,0,0.48246832151942826,0.5175316784805717,0.5175316784805717,10.0,scale,0.24963557972236317,570,1070,1170,1200
2024-05-26,0.4583750069141388,0.020917377723356667,1,1,0.521897872495396,0.478102127504604,0.521897872495396,10.0,scale,0.24963557972236317,570,1070,1170,1200
2024-05-27,0.4679630100727081,-0.02344844838310578,0,0,0.47096278558057286,0.5290372144194271,0.5290372144194271,10.0,scale,0.24963557972236317,570,1070,1170,1200
2024-05-28,0.4569900035858154,-0.013118460627466688,0,1,0.5037468103245093,0.4962531896754907,0.5037468103245093,10.0,scale,0.24963557972236317,570,1070,1170,1200
2024-05-29,0.450994998216629,-0.009787230865028307,0,0,0.49326068915727617,0.5067393108427238,0.5067393108427238,10.0,scale,0.24963557972236317,570,1070,1170,1200
2024-05-30,0.4465810060501098,0.0019705338192665955,1,1,0.5014645952682726,0.4985354047317274,0.5014645952682726,10.0,scale,0.24963557972236317,570,1070,1170,1200
2024-05-31,0.4474610090255737,0.0056183771471196575,1,0,0.4914723591582692,0.5085276408417307,0.5085276408417307,10.0,scale,0.24963557972236317,570,1070,1170,1200
2024-06-01,0.4499750137329101,-0.007735986567281139,0,0,0.48803733862156673,0.5119626613784333,0.5119626613784333,10.0,scale,0.24963557972236317,570,1070,1170,1200
2024-06-02,0.4464940130710602,0.023610564060400074,1,0,0.48583547707575325,0.5141645229242467,0.5141645229242467,10.0,scale,0.24963557972236317,570,1070,1170,1200
2024-06-03,0.4570359885692596,0.00973448482525896,1,0,0.43148435984673467,0.5685156401532654,0.5685156401532654,10.0,scale,0.24963557972236317,570,1070,1170,1200
2024-06-04,0.4614849984645843,-0.0006717526214464753,0,0,0.443141226641123,0.556858773358877,0.556858773358877,10.0,scale,0.24963557972236317,570,1070,1170,1200
2024-06-05,0.4611749947071075,-0.006663429074930782,0,0,0.45788142200145354,0.5421185779985465,0.5421185779985465,10.0,scale,0.24963557972236317,570,1070,1170,1200
2024-06-06,0.4581019878387451,-0.018465324325407595,0,0,0.4664957558970484,0.5335042441029516,0.5335042441029516,10.0,scale,0.24963557972236317,570,1070,1170,1200
2024-06-07,0.4496429860591888,-0.029071918072658076,0,0,0.4321859675484873,0.5678140324515126,0.5678140324515126,10.0,scale,0.24963557972236317,570,1070,1170,1200
2024-06-08,0.4365710020065307,0.01725953061842489,1,1,0.512578776902662,0.48742122309733804,0.512578776902662,10.0,scale,0.24963557972236317,570,1070,1170,1200
2024-06-09,0.4441060125827789,-0.008207506177976054,0,0,0.4671868425635873,0.5328131574364128,0.5328131574364128,10.0,scale,0.24963557972236317,570,1070,1170,1200
2024-06-10,0.4404610097408294,-0.04216038533043809,0,0,0.4615145345422236,0.5384854654577764,0.5384854654577764,10.0,scale,0.24963557972236317,570,1070,1170,1200
2024-06-11,0.4218910038471222,0.037699293594313676,1,1,0.5171945792536178,0.4828054207463822,0.5171945792536178,10.0,scale,0.24963557972236317,570,1070,1170,1200
2024-06-12,0.4377959966659546,-0.03794235206054519,0,0,0.4472664693000964,0.5527335306999036,0.5527335306999036,10.0,scale,0.24963557972236317,570,1070,1170,1200
2024-06-13,0.4211849868297577,-0.022560143293994472,0,0,0.4976039291393738,0.5023960708606262,0.5023960708606262,10.0,scale,0.2547492065885915,600,1100,1200,1230
2024-06-14,0.4116829931735992,0.004887290518191589,1,1,0.5127820990882331,0.48721790091176687,0.5127820990882331,10.0,scale,0.2547492065885915,600,1100,1200,1230
2024-06-15,0.4136950075626373,0.0064878645020376435,1,0,0.470459572925636,0.529540427074364,0.529540427074364,10.0,scale,0.2547492065885915,600,1100,1200,1230
2024-06-16,0.4163790047168731,-0.03511468925611472,0,0,0.4603967072339926,0.5396032927660074,0.5396032927660074,10.0,scale,0.2547492065885915,600,1100,1200,1230
2024-06-17,0.4017579853534698,-0.045246110364244196,0,1,0.5359504076993914,0.4640495923006086,0.5359504076993914,10.0,scale,0.2547492065885915,600,1100,1200,1230
2024-06-18,0.3835799992084503,0.0005500819723143202,1,1,0.5989742574830326,0.40102574251696743,0.5989742574830326,10.0,scale,0.2547492065885915,600,1100,1200,1230
2024-06-19,0.3837909996509552,0.0011803176747366972,1,1,0.5444275083743396,0.4555724916256604,0.5444275083743396,10.0,scale,0.2547492065885915,600,1100,1200,1230
2024-06-20,0.3842439949512481,-0.02131979388337424,0,1,0.5419652674728342,0.45803473252716576,0.5419652674728342,10.0,scale,0.2547492065885915,600,1100,1200,1230
2024-06-21,0.3760519921779632,0.02329466514706402,1,1,0.5689987417954159,0.4310012582045841,0.5689987417954159,10.0,scale,0.2547492065885915,600,1100,1200,1230
2024-06-22,0.3848119974136352,-0.011717415258870822,0,0,0.4980635508265503,0.5019364491734497,0.5019364491734497,10.0,scale,0.2547492065885915,600,1100,1200,1230
2024-06-23,0.3803029954433441,-0.006673614479159706,0,1,0.5161798397489905,0.4838201602510095,0.5161798397489905,10.0,scale,0.2547492065885915,600,1100,1200,1230
2024-06-24,0.3777649998664856,0.037308896004872416,1,1,0.5343288126514609,0.4656711873485391,0.5343288126514609,10.0,scale,0.2547492065885915,600,1100,1200,1230
2024-06-25,0.3918589949607849,-0.018141695020749915,0,0,0.4752970717609334,0.5247029282390666,0.5247029282390666,10.0,scale,0.2547492065885915,600,1100,1200,1230
2024-06-26,0.3847500085830688,0.015467153232655573,1,1,0.5318331659217367,0.4681668340782633,0.5318331659217367,10.0,scale,0.2547492065885915,600,1100,1200,1230
2024-06-27,0.3907009959220886,-0.013501325349453808,0,0,0.4844031577931139,0.5155968422068862,0.5155968422068862,10.0,scale,0.2547492065885915,600,1100,1200,1230
2024-06-28,0.3854260146617889,-0.0037906861424920058,0,1,0.5112194744257094,0.48878052557429064,0.5112194744257094,10.0,scale,0.2547492065885915,600,1100,1200,1230
2024-06-29,0.3839649856090545,0.021426486295464287,1,1,0.5006335379509894,0.4993664620490106,0.5006335379509894,10.0,scale,0.2547492065885915,600,1100,1200,1230
2024-06-30,0.392192006111145,0.027320821472699208,1,0,0.47275481606212444,0.5272451839378756,0.5272451839378756,10.0,scale,0.2547492065885915,600,1100,1200,1230
2024-07-01,0.4029070138931274,0.03690179296053153,1,0,0.46516126564192545,0.5348387343580745,0.5348387343580745,10.0,scale,0.2547492065885915,600,1100,1200,1230
2024-07-02,0.4177750051021576,-0.026418507422099724,0,0,0.47297728752390406,0.527022712476096,0.527022712476096,10.0,scale,0.2547492065885915,600,1100,1200,1230
2024-07-03,0.4067380130290985,-0.1078802593490279,0,1,0.534519072551214,0.465480927448786,0.534519072551214,10.0,scale,0.2547492065885915,600,1100,1200,1230
2024-07-04,0.3628590106964111,-0.03575499970103946,0,1,0.6538190539982515,0.34618094600174854,0.6538190539982515,10.0,scale,0.2547492065885915,600,1100,1200,1230
2024-07-05,0.3498849868774414,0.06098009300018248,1,1,0.6161139592890268,0.3838860407109732,0.6161139592890268,10.0,scale,0.2547492065885915,600,1100,1200,1230
2024-07-06,0.3712210059165954,-0.06627590796805749,0,0,0.4084135457823545,0.5915864542176454,0.5915864542176454,10.0,scale,0.2547492065885915,600,1100,1200,1230
2024-07-07,0.3466179966926574,0.06459270697824793,1,1,0.5892133295794593,0.41078667042054073,0.5892133295794593,10.0,scale,0.2547492065885915,600,1100,1200,1230
2024-07-08,0.3690069913864136,0.017129791904582747,1,1,0.5774135461043344,0.4225864538956656,0.5774135461043344,10.0,scale,0.2547492065885915,600,1100,1200,1230
2024-07-09,0.375328004360199,0.035987212240066846,1,0,0.3532832329384573,0.6467167670615427,0.6467167670615427,10.0,scale,0.2547492065885915,600,1100,1200,1230
2024-07-10,0.3888350129127502,0.017956198516486888,1,0,0.385798958532305,0.614201041467695,0.614201041467695,10.0,scale,0.2547492065885915,600,1100,1200,1230
2024-07-11,0.3958170115947723,0.052314531245353235,1,0,0.47999030183477903,0.5200096981652209,0.5200096981652209,10.0,scale,0.2547492065885915,600,1100,1200,1230
2024-07-12,0.4165239930152893,0.05975890773374726,1,0,0.4705178800794614,0.5294821199205386,0.5294821199205386,10.0,scale,0.2547492065885915,600,1100,1200,1230
2024-07-13,0.441415011882782,-0.020540758049695573,0,0,0.4982246515558001,0.5017753484441999,0.5017753484441999,0.1,scale,0.25527381670028965,630,1130,1230,1260
2024-07-14,0.4323480129241943,0.030609576270859362,1,1,0.5009041422878,0.4990958577122,0.5009041422878,0.1,scale,0.25527381670028965,630,1130,1230,1260
2024-07-15,0.4455820024013519,-0.01659178887438917,0,0,0.4951933994887122,0.5048066005112878,0.5048066005112878,0.1,scale,0.25527381670028965,630,1130,1230,1260
2024-07-16,0.4381889998912811,-0.003288539631180365,0,0,0.48212391784901537,0.5178760821509847,0.5178760821509847,0.1,scale,0.25527381670028965,630,1130,1230,1260
2024-07-17,0.4367479979991913,-0.029403682649086993,0,0,0.47464124698376037,0.5253587530162396,0.5253587530162396,0.1,scale,0.25527381670028965,630,1130,1230,1260
2024-07-18,0.423905998468399,0.035687125740609504,1,0,0.48356354516208233,0.5164364548379177,0.5164364548379177,0.1,scale,0.25527381670028965,630,1130,1230,1260
2024-07-19,0.4390339851379394,-0.0031819492549860495,0,0,0.4784209903253724,0.5215790096746276,0.5215790096746276,0.1,scale,0.25527381670028965,630,1130,1230,1260
2024-07-20,0.4376370012760162,0.019285361779887156,1,0,0.47373270240801796,0.526267297591982,0.526267297591982,0.1,scale,0.25527381670028965,630,1130,1230,1260
2024-07-21,0.4460769891738891,-0.043781676204881714,0,0,0.496265252704091,0.5037347472959091,0.5037347472959091,0.1,scale,0.25527381670028965,630,1130,1230,1260
2024-07-22,0.4265469908714294,-0.038565476349344485,0,0,0.4903623235184035,0.5096376764815965,0.5096376764815965,0.1,scale,0.25527381670028965,630,1130,1230,1260
2024-07-23,0.4100970029830932,-0.00792496125887776,0,0,0.4781601506123232,0.5218398493876768,0.5218398493876768,0.1,scale,0.25527381670028965,630,1130,1230,1260
2024-07-24,0.4068470001220703,-0.02992772965940793,0,0,0.4724090008802972,0.5275909991197028,0.5275909991197028,0.1,scale,0.25527381670028965,630,1130,1230,1260
2024-07-25,0.3946709930896759,0.05846894814535797,1,0,0.48162802821717976,0.5183719717828202,0.5183719717828202,0.1,scale,0.25527381670028965,630,1130,1230,1260
2024-07-26,0.4177469909191131,0.001079597350780892,1,0,0.4463230143639833,0.5536769856360166,0.5536769856360166,0.1,scale,0.25527381670028965,630,1130,1230,1260
2024-07-27,0.4181979894638061,-0.025851394159628893,0,0,0.4613624087766197,0.5386375912233803,0.5386375912233803,0.1,scale,0.25527381670028965,630,1130,1230,1260
2024-07-28,0.4073869884014129,-0.008279589534149201,0,0,0.455678520736503,0.5443214792634969,0.5443214792634969,0.1,scale,0.25527381670028965,630,1130,1230,1260
2024-07-29,0.404013991355896,-0.005777024385422269,0,0,0.459898106908877,0.540101893091123,0.540101893091123,0.1,scale,0.25527381670028965,630,1130,1230,1260
2024-07-30,0.4016799926757812,-0.03213253991053966,0,0,0.45763117834529676,0.5423688216547032,0.5423688216547032,0.1,scale,0.25527381670028965,630,1130,1230,1260
2024-07-31,0.3887729942798614,0.010116475535522973,1,0,0.4719018881143774,0.5280981118856226,0.5280981118856226,0.1,scale,0.25527381670028965,630,1130,1230,1260
2024-08-01,0.3927060067653656,-0.07355118874690036,0,0,0.4606450766130402,0.5393549233869598,0.5393549233869598,0.1,scale,0.25527381670028965,630,1130,1230,1260
2024-08-02,0.3638220131397247,0.0007503374265771523,1,1,0.5110809674613205,0.4889190325386795,0.5110809674613205,0.1,scale,0.25527381670028965,630,1130,1230,1260
2024-08-03,0.364095002412796,-0.05536195012180156,0,0,0.4771119542529921,0.522888045747008,0.522888045747008,0.1,scale,0.25527381670028965,630,1130,1230,1260
2024-08-04,0.3439379930496216,-0.08950159107238742,0,1,0.520269752079869,0.47973024792013097,0.520269752079869,0.1,scale,0.25527381670028965,630,1130,1230,1260
2024-08-05,0.3131549954414367,0.056288422874647415,1,1,0.5400945155706336,0.4599054844293664,0.5400945155706336,0.1,scale,0.25527381670028965,630,1130,1230,1260
2024-08-06,0.3307819962501526,-0.02141586395130024,0,0,0.48071488444447424,0.5192851155555258,0.5192851155555258,0.1,scale,0.25527381670028965,630,1130,1230,1260
2024-08-07,0.3236980140209198,0.08685869718030714,1,0,0.49497575268801464,0.5050242473119854,0.5050242473119854,0.1,scale,0.25527381670028965,630,1130,1230,1260
2024-08-08,0.3518140017986297,-0.009286128943366556,0,0,0.44609865644851854,0.5539013435514815,0.5539013435514815,0.1,scale,0.25527381670028965,630,1130,1230,1260
2024-08-09,0.3485470116138458,-0.006478330563131518,0,0,0.4531827910905727,0.5468172089094273,0.5468172089094273,0.1,scale,0.25527381670028965,630,1130,1230,1260
2024-08-10,0.3462890088558197,-0.0518844521349443,0,0,0.4516425643865859,0.5483574356134141,0.5483574356134141,0.1,scale,0.25527381670028965,630,1130,1230,1260
2024-08-11,0.3283219933509826,0.032452945348761864,1,0,0.4932954418177373,0.5067045581822627,0.5067045581822627,0.1,scale,0.25527381670028965,630,1130,1230,1260
2024-08-12,0.3389770090579986,0.003472162083582253,1,0,0.4570438764734915,0.5429561235265086,0.5429561235265086,1.0,scale,0.24779248782600033,660,1160,1260,1290
2024-08-13,0.3401539921760559,-0.013814307294916617,0,0,0.45077992183735416,0.5492200781626458,0.5492200781626458,1.0,scale,0.24779248782600033,660,1160,1260,1290
2024-08-14,0.3354550004005432,-0.03011433366838423,0,0,0.4983906023840927,0.5016093976159073,0.5016093976159073,1.0,scale,0.24779248782600033,660,1160,1260,1290
2024-08-15,0.3253529965877533,0.015733667612130908,1,1,0.5347176088543599,0.4652823911456401,0.5347176088543599,1.0,scale,0.24779248782600033,660,1160,1260,1290
2024-08-16,0.3304719924926758,0.0194085924536469,1,0,0.4409979138690164,0.5590020861309837,0.5590020861309837,1.0,scale,0.24779248782600033,660,1160,1260,1290
2024-08-17,0.3368859887123108,-0.006099954900992022,0,0,0.4079919549070324,0.5920080450929677,0.5920080450929677,1.0,scale,0.24779248782600033,660,1160,1260,1290
2024-08-18,0.3348309993743896,0.00574024322424882,1,0,0.47116072179435897,0.528839278205641,0.528839278205641,1.0,scale,0.24779248782600033,660,1160,1260,1290
2024-08-19,0.3367530107498169,0.020584791119226065,1,0,0.44745425504875513,0.5525457449512449,0.5525457449512449,1.0,scale,0.24779248782600033,660,1160,1260,1290
2024-08-20,0.3436850011348724,0.07382921925693875,1,0,0.42084034304471046,0.5791596569552895,0.5791596569552895,1.0,scale,0.24779248782600033,660,1160,1260,1290
2024-08-21,0.3690589964389801,0.020259674819004037,1,1,0.5062472048454638,0.4937527951545362,0.5062472048454638,1.0,scale,0.24779248782600033,660,1160,1260,1290
2024-08-22,0.3765360116958618,0.03983678912231392,1,1,0.539003862711133,0.460996137288867,0.539003862711133,1.0,scale,0.24779248782600033,660,1160,1260,1290
2024-08-23,0.391535997390747,0.0063110415711404855,1,1,0.5795860614260835,0.4204139385739165,0.5795860614260835,1.0,scale,0.24779248782600033,660,1160,1260,1290
2024-08-24,0.394006997346878,-0.022913267478430033,0,1,0.5583568784485948,0.44164312155140517,0.5583568784485948,1.0,scale,0.24779248782600033,660,1160,1260,1290
2024-08-25,0.3849790096282959,-0.04681294392398938,0,1,0.5923499650994267,0.4076500349005733,0.5923499650994267,1.0,scale,0.24779248782600033,660,1160,1260,1290
2024-08-26,0.3669570088386535,-0.04481722376467079,0,1,0.5334558489564948,0.4665441510435052,0.5334558489564948,1.0,scale,0.24779248782600033,660,1160,1260,1290
2024-08-27,0.3505110144615173,-0.0009101113679065298,0,1,0.5373834734828742,0.4626165265171258,0.5373834734828742,1.0,scale,0.24779248782600033,660,1160,1260,1290
2024-08-28,0.3501920104026794,0.019557816037351294,1,0,0.4548071295069405,0.5451928704930595,0.5451928704930595,1.0,scale,0.24779248782600033,660,1160,1260,1290
2024-08-29,0.3570410013198852,-0.02769152512606521,0,0,0.40677027769701507,0.593229722302985,0.593229722302985,1.0,scale,0.24779248782600033,660,1160,1260,1290
2024-08-30,0.3471539914608001,-0.005190772589389714,0,0,0.451652856467671,0.548347143532329,0.548347143532329,1.0,scale,0.24779248782600033,660,1160,1260,1290
2024-08-31,0.3453519940376282,-0.03941486474475098,0,0,0.3984227416122009,0.6015772583877991,0.6015772583877991,1.0,scale,0.24779248782600033,660,1160,1260,1290
2024-09-01,0.331739991903305,0.012744908590128556,1,0,0.48331545104542206,0.5166845489545779,0.5166845489545779,1.0,scale,0.24779248782600033,660,1160,1260,1290
2024-09-02,0.3359679877758026,-0.05184120058031361,0,0,0.39918727807342524,0.6008127219265748,0.6008127219265748,1.0,scale,0.24779248782600033,660,1160,1260,1290
2024-09-03,0.3185510039329529,0.01561129698587238,1,1,0.5449490192353593,0.4550509807646407,0.5449490192353593,1.0,scale,0.24779248782600033,660,1160,1260,1290
2024-09-04,0.323523998260498,0.00475392385025919,1,0,0.4248680639476223,0.5751319360523777,0.5751319360523777,1.0,scale,0.24779248782600033,660,1160,1260,1290
2024-09-05,0.3250620067119598,-0.031821616974585076,0,0,0.41529755326571316,0.5847024467342868,0.5847024467342868,1.0,scale,0.24779248782600033,660,1160,1260,1290
2024-09-06,0.3147180080413818,0.03290245700264327,1,0,0.49235046920292597,0.5076495307970741,0.5076495307970741,1.0,scale,0.24779248782600033,660,1160,1260,1290
2024-09-07,0.3250730037689209,0.04179364188770429,1,0,0.3840221665816865,0.6159778334183135,0.6159778334183135,1.0,scale,0.24779248782600033,660,1160,1260,1290
2024-09-08,0.3386589884757995,0.014017059869705806,1,0,0.37662976535944964,0.6233702346405503,0.6233702346405503,1.0,scale,0.24779248782600033,660,1160,1260,1290
2024-09-09,0.3434059917926788,0.00020680749884172123,1,0,0.41145059481045604,0.5885494051895439,0.5885494051895439,1.0,scale,0.24779248782600033,660,1160,1260,1290
2024-09-10,0.3434770107269287,0.027882437543687022,1,0,0.46661984093946784,0.5333801590605322,0.5333801590605322,1.0,scale,0.24779248782600033,660,1160,1260,1290
2024-09-11,0.3530539870262146,0.009174250746590173,1,0,0.46706935449157055,0.5329306455084295,0.5329306455084295,1.0,scale,0.24480245181915192,690,1190,1290,1320
2024-09-12,0.3562929928302765,0.012930430576328478,1,0,0.471683297435422,0.5283167025645781,0.5283167025645781,1.0,scale,0.24480245181915192,690,1190,1290,1320
2024-09-13,0.3609000146389007,-0.017788905592538984,0,1,0.5125457700976676,0.48745422990233245,0.5125457700976676,1.0,scale,0.24480245181915192,690,1190,1290,1320
2024-09-14,0.3544799983501434,-0.04501522778624334,0,0,0.4991919358789231,0.5008080641210769,0.5008080641210769,1.0,scale,0.24480245181915192,690,1190,1290,1320
2024-09-15,0.3385230004787445,-0.0242731126397544,0,1,0.504208142316222,0.495791857683778,0.504208142316222,1.0,scale,0.24480245181915192,690,1190,1290,1320
2024-09-16,0.3303059935569763,0.010920192037880527,1,0,0.48807809631317234,0.5119219036868277,0.5119219036868277,1.0,scale,0.24480245181915192,690,1190,1290,1320
2024-09-17,0.3339129984378814,0.027022040989584495,1,0,0.454789637243549,0.5452103627564511,0.5452103627564511,1.0,scale,0.24480245181915192,690,1190,1290,1320
2024-09-18,0.3429360091686249,0.02335417249100824,1,0,0.4401010764873394,0.5598989235126606,0.5598989235126606,1.0,scale,0.24480245181915192,690,1190,1290,1320
2024-09-19,0.3509449958801269,0.0033309951969131557,1,0,0.45471148403675904,0.545288515963241,0.545288515963241,1.0,scale,0.24480245181915192,690,1190,1290,1320
2024-09-20,0.3521139919757843,0.018352033455818928,1,0,0.4757270997692213,0.5242729002307787,0.5242729002307787,1.0,scale,0.24480245181915192,690,1190,1290,1320
2024-09-21,0.3585759997367859,-0.018975027373262288,0,0,0.4733434682552634,0.5266565317447366,0.5266565317447366,1.0,scale,0.24480245181915192,690,1190,1290,1320
2024-09-22,0.3517720103263855,0.03399641293140765,1,0,0.4855957166048121,0.5144042833951878,0.5144042833951878,1.0,scale,0.24480245181915192,690,1190,1290,1320
2024-09-23,0.3637309968471527,0.06598836997319157,1,0,0.4880424981992721,0.5119575018007279,0.5119575018007279,1.0,scale,0.24480245181915192,690,1190,1290,1320
2024-09-24,0.3877330124378204,-0.017150979146222767,0,1,0.527584417510716,0.47241558248928395,0.527584417510716,1.0,scale,0.24480245181915192,690,1190,1290,1320
2024-09-25,0.3810830116271972,0.05457861031620803,1,1,0.5253001422623208,0.4746998577376792,0.5253001422623208,1.0,scale,0.24480245181915192,690,1190,1290,1320
2024-09-26,0.401881992816925,0.001109832151791501,1,1,0.5242071414130182,0.47579285858698184,0.5242071414130182,1.0,scale,0.24480245181915192,690,1190,1290,1320
2024-09-27,0.4023280143737793,-0.0031715818679386443,0,1,0.517479692882202,0.48252030711779803,0.517479692882202,1.0,scale,0.24480245181915192,690,1190,1290,1320
2024-09-28,0.4010519981384277,-0.008614875509323272,0,1,0.5171642090645547,0.48283579093544526,0.5171642090645547,1.0,scale,0.24480245181915192,690,1190,1290,1320
2024-09-29,0.3975969851016998,-0.06132586410712537,0,1,0.5438334343493586,0.4561665656506414,0.5438334343493586,1.0,scale,0.24480245181915192,690,1190,1290,1320
2024-09-30,0.3732140064239502,-0.05565973732778062,0,1,0.5484575517647771,0.45154244823522294,0.5484575517647771,1.0,scale,0.24480245181915192,690,1190,1290,1320
2024-10-01,0.3524410128593445,-0.02393598894905602,0,1,0.5423935914424427,0.4576064085575573,0.5423935914424427,1.0,scale,0.24480245181915192,690,1190,1290,1320
2024-10-02,0.3440049886703491,0.003581338194968753,1,1,0.5175809848449318,0.48241901515506824,0.5175809848449318,1.0,scale,0.24480245181915192,690,1190,1290,1320
2024-10-03,0.345236986875534,0.01784572493418013,1,0,0.46867045164526766,0.5313295483547323,0.5313295483547323,1.0,scale,0.24480245181915192,690,1190,1290,1320
2024-10-04,0.3513979911804199,-0.00192944425220698,0,0,0.4243687474705569,0.5756312525294431,0.5756312525294431,1.0,scale,0.24480245181915192,690,1190,1290,1320
2024-10-05,0.3507199883460998,0.018561871346619574,1,0,0.42497253314085076,0.5750274668591493,0.5750274668591493,1.0,scale,0.24480245181915192,690,1190,1290,1320
2024-10-06,0.357230007648468,-0.016132447347674272,0,0,0.4101353889734206,0.5898646110265794,0.5898646110265794,1.0,scale,0.24480245181915192,690,1190,1290,1320
2024-10-07,0.3514670133590698,-0.019774318857627038,0,0,0.44962482372387924,0.5503751762761208,0.5503751762761208,1.0,scale,0.24480245181915192,690,1190,1290,1320
2024-10-08,0.3445169925689697,-0.013976037519489504,0,0,0.45790970604059994,0.5420902939594001,0.5420902939594001,1.0,scale,0.24480245181915192,690,1190,1290,1320
2024-10-09,0.3397020101547241,-0.0023904005682147123,0,0,0.46659393874481986,0.5334060612551801,0.5334060612551801,1.0,scale,0.24480245181915192,690,1190,1290,1320
2024-10-10,0.3388899862766266,0.03628023312454065,1,0,0.4562854221722234,0.5437145778277765,0.5437145778277765,1.0,scale,0.24480245181915192,690,1190,1290,1320
2024-10-11,0.351184993982315,0.005780471906674078,1,0,0.46900107824482873,0.5309989217551713,0.5309989217551713,0.1,scale,0.24932187556166496,720,1220,1320,1350
2024-10-12,0.3532150089740753,-0.014668160769441108,0,0,0.47074041111348464,0.5292595888865154,0.5292595888865154,0.1,scale,0.24932187556166496,720,1220,1320,1350
2024-10-13,0.348033994436264,0.04555593585008766,1,0,0.4750456160955143,0.5249543839044857,0.5249543839044857,0.1,scale,0.24932187556166496,720,1220,1320,1350
2024-10-14,0.3638890087604522,-0.01473527342839176,0,0,0.47501634739005183,0.5249836526099482,0.5249836526099482,0.1,scale,0.24932187556166496,720,1220,1320,1350
2024-10-15,0.3585270047187805,-0.016740744312008893,0,0,0.48101544512685335,0.5189845548731467,0.5189845548731467,0.1,scale,0.24932187556166496,720,1220,1320,1350
2024-10-16,0.352524995803833,-0.02692856809529587,0,0,0.47838041797259817,0.5216195820274019,0.5216195820274019,0.1,scale,0.24932187556166496,720,1220,1320,1350
2024-10-17,0.3430320024490356,0.02238275748107532,1,0,0.4821170358493977,0.5178829641506023,0.5178829641506023,0.1,scale,0.24932187556166496,720,1220,1320,1350
2024-10-18,0.3507100045681,0.0027116195574814483,1,0,0.4726085733134126,0.5273914266865873,0.5273914266865873,0.1,scale,0.24932187556166496,720,1220,1320,1350
2024-10-19,0.3516609966754913,0.03747932695383871,1,0,0.4743292961381951,0.5256707038618049,0.5256707038618049,0.1,scale,0.24932187556166496,720,1220,1320,1350
2024-10-20,0.3648410141468048,-0.010648476441780685,0,0,0.47615951457701117,0.5238404854229888,0.5238404854229888,0.1,scale,0.24932187556166496,720,1220,1320,1350
2024-10-21,0.3609560132026672,0.007934411048381884,1,0,0.4803761537698063,0.5196238462301936,0.5196238462301936,0.1,scale,0.24932187556166496,720,1220,1320,1350
2024-10-22,0.3638199865818023,-0.04179533810138836,0,0,0.47757665573061236,0.5224233442693876,0.5224233442693876,0.1,scale,0.24932187556166496,720,1220,1320,1350
2024-10-23,0.3486140072345733,-0.006609079084543001,0,0,0.4830200983473991,0.5169799016526009,0.5169799016526009,0.1,scale,0.24932187556166496,720,1220,1320,1350
2024-10-24,0.3463099896907806,-0.06323237008545857,0,0,0.4792502361776406,0.5207497638223594,0.5207497638223594,0.1,scale,0.24932187556166496,720,1220,1320,1350
2024-10-25,0.3244119882583618,0.027551430991432646,1,0,0.4987332638668649,0.5012667361331351,0.5012667361331351,0.1,scale,0.24932187556166496,720,1220,1320,1350
2024-10-26,0.3333500027656555,0.019565021094518853,1,0,0.47324884344676177,0.5267511565532382,0.5267511565532382,0.1,scale,0.24932187556166496,720,1220,1320,1350
2024-10-27,0.3398720026016235,0.011545558781264509,1,0,0.4712393078380221,0.5287606921619779,0.5287606921619779,0.1,scale,0.24932187556166496,720,1220,1320,1350
2024-10-28,0.3437960147857666,0.03448258823774153,1,0,0.4776555011049336,0.5223444988950664,0.5223444988950664,0.1,scale,0.24932187556166496,720,1220,1320,1350
2024-10-29,0.3556509912014007,-0.0010880980674254914,0,0,0.4710517001625691,0.5289482998374309,0.5289482998374309,0.1,scale,0.24932187556166496,720,1220,1320,1350
2024-10-30,0.3552640080451965,-0.03777191606990271,0,0,0.47534102021361224,0.5246589797863878,0.5246589797863878,0.1,scale,0.24932187556166496,720,1220,1320,1350
2024-10-31,0.3418450057506561,0.04459620685040622,1,0,0.4799927423069895,0.5200072576930105,0.5200072576930105,0.1,scale,0.24932187556166496,720,1220,1320,1350
2024-11-01,0.3570899963378906,-0.0260970833466867,0,0,0.4778068195393357,0.5221931804606643,0.5221931804606643,0.1,scale,0.24932187556166496,720,1220,1320,1350
2024-11-02,0.3477709889411926,-0.03877838676632228,0,0,0.4781995588221812,0.5218004411778188,0.5218004411778188,0.1,scale,0.24932187556166496,720,1220,1320,1350
2024-11-03,0.3342849910259247,-0.024727409730257666,0,0,0.48344586471115164,0.5165541352888483,0.5165541352888483,0.1,scale,0.24932187556166496,720,1220,1320,1350
2024-11-04,0.3260189890861511,0.024247073554977572,1,0,0.48443567494524253,0.5155643250547575,0.5155643250547575,0.1,scale,0.24932187556166496,720,1220,1320,1350
2024-11-05,0.3339239954948425,0.08804101518747154,1,0,0.47251728508286156,0.5274827149171384,0.5274827149171384,0.1,scale,0.24932187556166496,720,1220,1320,1350
2024-11-06,0.3633230030536651,0.11474635957699286,1,0,0.49076909367530064,0.5092309063246994,0.5092309063246994,0.1,scale,0.24932187556166496,720,1220,1320,1350
2024-11-07,0.4050129950046539,0.09580432820325524,1,0,0.49258599416398674,0.5074140058360133,0.5074140058360133,0.1,scale,0.24932187556166496,720,1220,1320,1350
2024-11-08,0.4438149929046631,0.11235539176844411,1,1,0.5107909873338837,0.48920901266611627,0.5107909873338837,0.1,scale,0.24932187556166496,720,1220,1320,1350
2024-11-09,0.4936800003051758,0.1957321007377415,1,0,0.49964827613908686,0.5003517238609132,0.5003517238609132,0.1,scale,0.24932187556166496,720,1220,1320,1350
2024-11-10,0.5903090238571167,0.03980788271746172,1,1,0.531894425080626,0.468105574919374,0.531894425080626,0.1,scale,0.24898224908646807,750,1250,1350,1380
2024-11-11,0.6138079762458801,-0.06498773692611248,0,1,0.52573726239151,0.47426273760849,0.52573726239151,0.1,scale,0.24898224908646807,750,1250,1350,1380
2024-11-12,0.5739179849624634,0.008462888106093969,1,1,0.5170112970785626,0.48298870292143736,0.5170112970785626,0.1,scale,0.24898224908646807,750,1250,1350,1380
2024-11-13,0.5787749886512756,0.002316937193989066,1,1,0.5068578087954493,0.4931421912045507,0.5068578087954493,0.1,scale,0.24898224908646807,750,1250,1350,1380
2024-11-14,0.5801159739494324,0.16194005567399317,1,0,0.49830982181658134,0.5016901781834187,0.5016901781834187,0.1,scale,0.24898224908646807,750,1250,1350,1380
2024-11-15,0.6740599870681763,0.09594697957794107,1,1,0.5482536720386632,0.45174632796133685,0.5482536720386632,0.1,scale,0.24898224908646807,750,1250,1350,1380
2024-11-16,0.7387340068817139,-0.04928569699610297,0,1,0.5263642675783451,0.4736357324216549,0.5263642675783451,0.1,scale,0.24898224908646807,750,1250,1350,1380
2024-11-17,0.7023249864578247,0.04592602361797771,1,0,0.4986678858854466,0.5013321141145535,0.5013321141145535,0.1,scale,0.24898224908646807,750,1250,1350,1380
2024-11-18,0.7345799803733826,0.006891072180141178,1,1,0.5002189433987094,0.4997810566012906,0.5002189433987094,0.1,scale,0.24898224908646807,750,1250,1350,1380
2024-11-19,0.7396420240402222,0.0820707553000879,1,0,0.4943564685753905,0.5056435314246095,0.5056435314246095,0.1,scale,0.24898224908646807,750,1250,1350,1380
2024-11-20,0.8003450036048889,0.025150434989645643,1,1,0.5411837883581154,0.4588162116418846,0.5411837883581154,0.1,scale,0.24898224908646807,750,1250,1350,1380
2024-11-21,0.8204740285873413,0.23151118721245578,1,0,0.4994670493811901,0.5005329506188099,0.5005329506188099,0.1,scale,0.24898224908646807,750,1250,1350,1380
2024-11-22,1.010422945022583,0.05523828220766247,1,1,0.5422060959908023,0.4577939040091977,0.5422060959908023,0.1,scale,0.24898224908646807,750,1250,1350,1380
2024-11-23,1.066236972808838,-0.04045160217006605,0,1,0.5212813072500107,0.47871869274998935,0.5212813072500107,0.1,scale,0.24898224908646807,750,1250,1350,1380
2024-11-24,1.0231059789657593,-0.07566856026290913,0,1,0.5047424128070629,0.4952575871929371,0.5047424128070629,0.1,scale,0.24898224908646807,750,1250,1350,1380
2024-11-25,0.945689022541046,0.01643561851550901,1,1,0.5011462267119048,0.4988537732880952,0.5011462267119048,0.1,scale,0.24898224908646807,750,1250,1350,1380
2024-11-26,0.9612320065498352,0.054215787549133365,1,0,0.49396255484263546,0.5060374451573646,0.5060374451573646,0.1,scale,0.24898224908646807,750,1250,1350,1380
2024-11-27,1.0133459568023682,0.019896449199476196,1,0,0.4905908842630685,0.5094091157369315,0.5094091157369315,0.1,scale,0.24898224908646807,750,1250,1350,1380
2024-11-28,1.0335079431533811,0.04194462249124653,1,0,0.4864865157633411,0.5135134842366589,0.5135134842366589,0.1,scale,0.24898224908646807,750,1250,1350,1380
2024-11-29,1.0768580436706543,0.001935164623494634,1,1,0.5032060052056676,0.4967939947943324,0.5032060052056676,0.1,scale,0.24898224908646807,750,1250,1350,1380
2024-11-30,1.0789419412612915,0.07072673296709775,1,0,0.4922694548945663,0.5077305451054337,0.5077305451054337,0.1,scale,0.24898224908646807,750,1250,1350,1380
2024-12-01,1.1552519798278809,0.04027177504469126,1,0,0.4997632509494261,0.5002367490505739,0.5002367490505739,0.1,scale,0.24898224908646807,750,1250,1350,1380
2024-12-02,1.2017760276794434,-0.0030372291946972885,0,1,0.5331885403835671,0.4668114596164329,0.5331885403835671,0.1,scale,0.24898224908646807,750,1250,1350,1380
2024-12-03,1.198125958442688,-0.009019055462211267,0,1,0.5017728647462503,0.49822713525374973,0.5017728647462503,0.1,scale,0.24898224908646807,750,1250,1350,1380
2024-12-04,1.1873199939727783,-0.002196494323974174,0,0,0.4881778004032936,0.5118221995967064,0.5118221995967064,0.1,scale,0.24898224908646807,750,1250,1350,1380
2024-12-05,1.184712052345276,0.039161367607541964,1,0,0.4938294344223514,0.5061705655776486,0.5061705655776486,0.1,scale,0.24898224908646807,750,1250,1350,1380
2024-12-06,1.2311069965362549,-0.01373644196910051,0,0,0.48492036587422227,0.5150796341257777,0.5150796341257777,0.1,scale,0.24898224908646807,750,1250,1350,1380
2024-12-07,1.214195966720581,-0.01474638144311069,0,0,0.48173739115270375,0.5182626088472962,0.5182626088472962,0.1,scale,0.24898224908646807,750,1250,1350,1380
2024-12-08,1.1962909698486328,-0.15777258805390937,0,0,0.4928041030705424,0.5071958969294577,0.5071958969294577,0.1,scale,0.24898224908646807,750,1250,1350,1380
2024-12-09,1.0075490474700928,0.01251749007978531,1,1,0.5600226009172254,0.43997739908277456,0.5600226009172254,0.1,scale,0.24898224908646807,750,1250,1350,1380
2024-12-10,1.0201610326766968,0.06737066168590711,1,1,0.5065433745825163,0.4934566254174837,0.5065433745825163,0.1,scale,0.25424599520777735,780,1280,1380,1410
2024-12-11,1.0888899564743042,0.03317692238384429,1,0,0.44155667656666364,0.5584433234333364,0.5584433234333364,0.1,scale,0.25424599520777735,780,1280,1380,1410
2024-12-12,1.1250159740447998,-0.004812384196442254,0,0,0.44874476100819555,0.5512552389918044,0.5512552389918044,0.1,scale,0.25424599520777735,780,1280,1380,1410
2024-12-13,1.1196019649505615,-0.052777701470905436,0,0,0.43789613076437184,0.5621038692356282,0.5621038692356282,0.1,scale,0.25424599520777735,780,1280,1380,1410
2024-12-14,1.0605119466781616,0.038845491550961064,1,1,0.5552506384086665,0.4447493615913335,0.5552506384086665,0.1,scale,0.25424599520777735,780,1280,1380,1410
2024-12-15,1.1017080545425415,-0.020742394579755463,0,0,0.4108782378524362,0.5891217621475637,0.5891217621475637,0.1,scale,0.25424599520777735,780,1280,1380,1410
2024-12-16,1.0788559913635254,-0.025333311234130185,0,0,0.47383034628510795,0.5261696537148921,0.5261696537148921,0.1,scale,0.25424599520777735,780,1280,1380,1410
2024-12-17,1.051524996757507,-0.07903280314519101,0,0,0.4568164464722565,0.5431835535277435,0.5431835535277435,0.1,scale,0.25424599520777735,780,1280,1380,1410
2024-12-18,0.9684200286865234,-0.08562198782426123,0,1,0.546482355270592,0.45351764472940803,0.546482355270592,0.1,scale,0.25424599520777735,780,1280,1380,1410
2024-12-19,0.8855019807815552,0.07397953105014743,1,1,0.5881143646961813,0.4118856353038187,0.5881143646961813,0.1,scale,0.25424599520777735,780,1280,1380,1410
2024-12-20,0.9510110020637512,-0.04870288694358127,0,0,0.4646096879952037,0.5353903120047963,0.5353903120047963,0.1,scale,0.25424599520777735,780,1280,1380,1410
2024-12-21,0.9046940207481384,-0.024005934282134156,0,1,0.5055050822060567,0.4944949177939433,0.5055050822060567,0.1,scale,0.25424599520777735,780,1280,1380,1410
2024-12-22,0.8829759955406189,0.04673968242888993,1,0,0.4914770594995982,0.5085229405004018,0.5085229405004018,0.1,scale,0.25424599520777735,780,1280,1380,1410
2024-12-23,0.9242460131645204,0.0132151016282116,1,0,0.4427301386632549,0.557269861336745,0.557269861336745,0.1,scale,0.25424599520777735,780,1280,1380,1410
2024-12-24,0.936460018157959,-0.02093100256174074,0,0,0.42605704471034156,0.5739429552896584,0.5739429552896584,0.1,scale,0.25424599520777735,780,1280,1380,1410
2024-12-25,0.916858971118927,-0.062249432644875036,0,0,0.4430875860981071,0.5569124139018928,0.5569124139018928,0.1,scale,0.25424599520777735,780,1280,1380,1410
2024-12-26,0.8597850203514099,0.01742644732865939,1,1,0.5256912295885484,0.4743087704114516,0.5256912295885484,0.1,scale,0.25424599520777735,780,1280,1380,1410
2024-12-27,0.8747680187225342,0.014917105087075777,1,0,0.4683902464201617,0.5316097535798383,0.5316097535798383,0.1,scale,0.25424599520777735,780,1280,1380,1410
2024-12-28,0.8878170251846313,-0.03286376497824994,0,0,0.44369310328490635,0.5563068967150937,0.5563068967150937,0.1,scale,0.25424599520777735,780,1280,1380,1410
2024-12-29,0.8586400151252747,0.001603683126042199,1,0,0.49192255086037506,0.5080774491396249,0.5080774491396249,0.1,scale,0.25424599520777735,780,1280,1380,1410
2024-12-30,0.8600170016288757,-0.018897279039380654,0,0,0.48501710320479835,0.5149828967952017,0.5149828967952017,0.1,scale,0.25424599520777735,780,1280,1380,1410
2024-12-31,0.8437650203704834,0.08749707191876133,1,0,0.4790373721198949,0.5209626278801052,0.5209626278801052,0.1,scale,0.25424599520777735,780,1280,1380,1410
2025-01-01,0.9175919890403748,0.047682443219356996,1,0,0.44378469820203387,0.5562153017979661,0.5562153017979661,0.1,scale,0.25424599520777735,780,1280,1380,1410
2025-01-02,0.9613450169563292,0.13421924516760297,1,0,0.48065523511164104,0.5193447648883589,0.5193447648883589,0.1,scale,0.25424599520777735,780,1280,1380,1410
2025-01-03,1.0903760194778442,-0.017403146061814145,0,1,0.561717156002225,0.43828284399777495,0.561717156002225,0.1,scale,0.25424599520777735,780,1280,1380,1410
2025-01-04,1.0714000463485718,0.02059636909036988,1,0,0.4970141257357873,0.5029858742642127,0.5029858742642127,0.1,scale,0.25424599520777735,780,1280,1380,1410
2025-01-05,1.0934669971466064,0.0006008067883427337,1,1,0.5145968757708413,0.48540312422915866,0.5145968757708413,0.1,scale,0.25424599520777735,780,1280,1380,1410
2025-01-06,1.0941239595413208,-0.09332942696572544,0,0,0.49953731917691263,0.5004626808230874,0.5004626808230874,0.1,scale,0.25424599520777735,780,1280,1380,1410
2025-01-07,0.9920099973678588,-0.044333211601686684,0,1,0.5484699602857122,0.45153003971428785,0.5484699602857122,0.1,scale,0.25424599520777735,780,1280,1380,1410
2025-01-08,0.9480310082435608,-0.04434559981530717,0,1,0.5143800901963558,0.4856199098036442,0.5143800901963558,0.1,scale,0.25424599520777735,780,1280,1380,1410
2025-01-09,0.9059900045394896,0.02810515006917802,1,1,0.54636698386035,0.45363301613965,0.54636698386035,0.1,scale,0.24780469120629295,810,1310,1410,1440
2025-01-10,0.9314529895782472,0.06771250208290813,1,0,0.457890982406581,0.542109017593419,0.542109017593419,0.1,scale,0.24780469120629295,810,1310,1410,1440
2025-01-11,0.9945240020751952,-0.026112017828340828,0,0,0.40456133881140394,0.595438661188596,0.595438661188596,0.1,scale,0.24780469120629295,810,1310,1410,1440
2025-01-12,0.9685549736022948,-0.024586058929493393,0,0,0.4702513219666135,0.5297486780333864,0.5297486780333864,0.1,scale,0.24780469120629295,810,1310,1410,1440
2025-01-13,0.9447420239448548,0.05310123108683995,1,0,0.4759689750319195,0.5240310249680805,0.5240310249680805,0.1,scale,0.24780469120629295,810,1310,1410,1440
2025-01-14,0.9949089884757996,0.08467611317962476,1,0,0.4116692830706479,0.5883307169293521,0.5883307169293521,0.1,scale,0.24780469120629295,810,1310,1410,1440
2025-01-15,1.0791540145874023,0.010142169100589848,1,1,0.5119641753458122,0.4880358246541878,0.5119641753458122,0.1,scale,0.24780469120629295,810,1310,1410,1440
2025-01-16,1.0900989770889282,0.041301721608593134,1,0,0.48962567173960486,0.5103743282603952,0.5103743282603952,0.1,scale,0.24780469120629295,810,1310,1410,1440
2025-01-17,1.1351219415664673,-0.029115762679486568,0,0,0.47849463809188086,0.5215053619081191,0.5215053619081191,0.1,scale,0.24780469120629295,810,1310,1410,1440
2025-01-18,1.10207200050354,-0.10061136740996335,0,0,0.4620683477597154,0.5379316522402846,0.5379316522402846,0.1,scale,0.24780469120629295,810,1310,1410,1440
2025-01-19,0.991191029548645,0.017608064162888182,1,1,0.5736950104862737,0.4263049895137263,0.5736950104862737,0.1,scale,0.24780469120629295,810,1310,1410,1440
2025-01-20,1.0086439847946167,-0.003955741551442515,0,0,0.4486414679020297,0.5513585320979704,0.5513585320979704,0.1,scale,0.24780469120629295,810,1310,1410,1440
2025-01-21,1.004654049873352,-0.02290348114877594,0,0,0.4507546334025221,0.5492453665974779,0.5492453665974779,0.1,scale,0.24780469120629295,810,1310,1410,1440
2025-01-22,0.9816439747810364,0.005959408116445797,1,0,0.457478850953806,0.542521149046194,0.542521149046194,0.1,scale,0.24780469120629295,810,1310,1410,1440
2025-01-23,0.9874939918518066,-0.01620260270169116,0,0,0.4572321590251889,0.5427678409748111,0.5427678409748111,0.1,scale,0.24780469120629295,810,1310,1410,1440
2025-01-24,0.9714940190315248,0.0059474942120558705,1,0,0.45463301524702654,0.5453669847529734,0.5453669847529734,0.1,scale,0.24780469120629295,810,1310,1410,1440
2025-01-25,0.9772719740867616,-0.02293731549887823,0,0,0.42168269193824065,0.5783173080617594,0.5783173080617594,0.1,scale,0.24780469120629295,810,1310,1410,1440
2025-01-26,0.954855978488922,-0.022949002251897,0,0,0.4718062221641205,0.5281937778358795,0.5281937778358795,0.1,scale,0.24780469120629295,810,1310,1410,1440
2025-01-27,0.9329429864883424,-0.0180375444043408,0,1,0.5330853165452635,0.4669146834547365,0.5330853165452635,0.1,scale,0.24780469120629295,810,1310,1410,1440
2025-01-28,0.9161149859428406,0.027302267379290646,1,0,0.4672197647237642,0.5327802352762359,0.5327802352762359,0.1,scale,0.24780469120629295,810,1310,1410,1440
2025-01-29,0.9411270022392272,0.02113101682631835,1,0,0.43127210790581166,0.5687278920941883,0.5687278920941883,0.1,scale,0.24780469120629295,810,1310,1410,1440
2025-01-30,0.9610139727592468,-0.0195470621446604,0,0,0.4194949505094851,0.5805050494905148,0.5805050494905148,0.1,scale,0.24780469120629295,810,1310,1410,1440
2025-01-31,0.9422289729118348,-0.04700025221440396,0,0,0.457728194978096,0.542271805021904,0.542271805021904,0.1,scale,0.24780469120629295,810,1310,1410,1440
2025-02-01,0.8979439735412598,-0.10713806837039497,0,0,0.4937650862853137,0.5062349137146863,0.5062349137146863,0.1,scale,0.24780469120629295,810,1310,1410,1440
2025-02-02,0.8017399907112122,0.01224715104083618,1,1,0.6236207144594219,0.3763792855405781,0.6236207144594219,0.1,scale,0.24780469120629295,810,1310,1410,1440
2025-02-03,0.8115590214729309,-0.08035891798740291,0,1,0.5709456741287983,0.42905432587120174,0.5709456741287983,0.1,scale,0.24780469120629295,810,1310,1410,1440
2025-02-04,0.7463430166244507,-0.017597810112767065,0,1,0.6021477537604767,0.3978522462395233,0.6021477537604767,0.1,scale,0.24780469120629295,810,1310,1410,1440
2025-02-05,0.7332090139389038,-0.03838883764730061,0,1,0.557315800879207,0.44268419912079304,0.557315800879207,0.1,scale,0.24780469120629295,810,1310,1410,1440
2025-02-06,0.7050619721412659,0.0028806379452761544,1,1,0.5985196825117913,0.40148031748820867,0.5985196825117913,0.1,scale,0.24780469120629295,810,1310,1410,1440
2025-02-07,0.7070930004119873,-0.007416304000016138,0,1,0.5426037185395824,0.45739628146041755,0.5426037185395824,0.1,scale,0.24780469120629295,810,1310,1410,1440
2025-02-08,0.7018489837646484,-0.027282211098157205,0,1,0.5336139399147709,0.4663860600852291,0.5336139399147709,0.1,scale,0.24656034065668592,840,1340,1440,1470
2025-02-09,0.6827009916305542,0.041001859466647916,1,1,0.5523687594344115,0.44763124056558845,0.5523687594344115,0.1,scale,0.24656034065668592,840,1340,1440,1470
2025-02-10,0.7106930017471313,0.0966746201812394,1,0,0.46994145997901215,0.5300585400209878,0.5300585400209878,0.1,scale,0.24656034065668592,840,1340,1440,1470
2025-02-11,0.7793989777565002,0.025436319343353775,1,1,0.5034980960612728,0.4965019039387272,0.5034980960612728,0.1,scale,0.24656034065668592,840,1340,1440,1470
2025-02-12,0.7992240190505981,0.014411480738627969,1,0,0.4612738882863288,0.5387261117136712,0.5387261117136712,0.1,scale,0.24656034065668592,840,1340,1440,1470
2025-02-13,0.8107420206069946,-0.01262425200305195,0,0,0.4655828522238465,0.5344171477761535,0.5344171477761535,0.1,scale,0.24656034065668592,840,1340,1440,1470
2025-02-14,0.8005070090293884,-0.024230918806675605,0,0,0.4638935023018049,0.5361064976981951,0.5361064976981951,0.1,scale,0.24656034065668592,840,1340,1440,1470
2025-02-15,0.7811099886894226,-0.01165644691419998,0,0,0.4708602097659268,0.5291397902340732,0.5291397902340732,0.1,scale,0.24656034065668592,840,1340,1440,1470
2025-02-16,0.772005021572113,0.04665770286582971,1,0,0.4828176254300662,0.5171823745699338,0.5171823745699338,0.1,scale,0.24656034065668592,840,1340,1440,1470
2025-02-17,0.8080250024795532,-0.06888645297685747,0,1,0.5075627040753985,0.4924372959246015,0.5075627040753985,0.1,scale,0.24656034065668592,840,1340,1440,1470
2025-02-18,0.7523630261421204,0.027353807948738096,1,1,0.535207200177456,0.46479279982254396,0.535207200177456,0.1,scale,0.24656034065668592,840,1340,1440,1470
2025-02-19,0.7729430198669434,0.04079340324581637,1,0,0.45167281399346854,0.5483271860065315,0.5483271860065315,0.1,scale,0.24656034065668592,840,1340,1440,1470
2025-02-20,0.8044739961624146,-0.05357908380587628,0,0,0.45524476896198063,0.5447552310380194,0.5447552310380194,0.1,scale,0.24656034065668592,840,1340,1440,1470
2025-02-21,0.7613710165023804,0.01718078869325579,1,1,0.5253030331052179,0.47469696689478214,0.5253030331052179,0.1,scale,0.24656034065668592,840,1340,1440,1470
2025-02-22,0.7744519710540771,-0.005695617413116527,0,0,0.4491961206230755,0.5508038793769245,0.5508038793769245,0.1,scale,0.24656034065668592,840,1340,1440,1470
2025-02-23,0.7700409889221191,-0.114070560712072,0,0,0.4764648661024691,0.5235351338975309,0.5235351338975309,0.1,scale,0.24656034065668592,840,1340,1440,1470
2025-02-24,0.6822019815444946,0.0005570772665119961,1,1,0.6352045677025575,0.3647954322974425,0.6352045677025575,0.1,scale,0.24656034065668592,840,1340,1440,1470
2025-02-25,0.6825820207595825,-0.05500293141023971,0,1,0.5335978986211901,0.4664021013788099,0.5335978986211901,0.1,scale,0.24656034065668592,840,1340,1440,1470
2025-02-26,0.6450380086898804,0.0008479993701684396,1,1,0.5986611698159624,0.4013388301840376,0.5986611698159624,0.1,scale,0.24656034065668592,840,1340,1440,1470
2025-02-27,0.6455850005149841,-0.019414983807305553,0,1,0.5215498402783509,0.47845015972164906,0.5215498402783509,0.1,scale,0.24656034065668592,840,1340,1440,1470
2025-02-28,0.6330509781837463,0.04140899306109036,1,1,0.5602433919642317,0.4397566080357683,0.5602433919642317,0.1,scale,0.24656034065668592,840,1340,1440,1470
2025-03-01,0.6592649817466736,0.7132762136265101,1,0,0.4365093601582417,0.5634906398417583,0.5634906398417583,0.1,scale,0.24656034065668592,840,1340,1440,1470
2025-03-02,1.1295030117034912,-0.24279616859515363,0,1,0.5798318906521908,0.42016810934780924,0.5798318906521908,0.1,scale,0.24656034065668592,840,1340,1440,1470
2025-03-03,0.8552640080451965,0.10056896850075914,1,1,0.5797061780166114,0.4202938219833886,0.5797061780166114,0.1,scale,0.24656034065668592,840,1340,1440,1470
2025-03-04,0.941277027130127,0.0362050221859056,1,1,0.5777792349520121,0.4222207650479879,0.5777792349520121,0.1,scale,0.24656034065668592,840,1340,1440,1470
2025-03-05,0.9753559827804564,-0.06951716103354733,0,1,0.5789358214450567,0.42106417855494327,0.5789358214450567,0.1,scale,0.24656034065668592,840,1340,1440,1470
2025-03-06,0.9075520038604736,-0.09999647975108161,0,1,0.5788900703664658,0.4211099296335342,0.5788900703664658,0.1,scale,0.24656034065668592,840,1340,1440,1470
2025-03-07,0.8167999982833862,-0.014823736484420591,0,1,0.5798151655423058,0.42018483445769417,0.5798151655423058,0.1,scale,0.24656034065668592,840,1340,1440,1470
2025-03-08,0.8046919703483582,-0.10506254920654368,0,1,0.5799486077917545,0.4200513922082455,0.5799486077917545,0.1,scale,0.24656034065668592,840,1340,1440,1470
2025-03-09,0.7201489806175232,-0.06603076701515753,0,1,0.5905639514454091,0.4094360485545909,0.5905639514454091,0.1,scale,0.24656034065668592,840,1340,1440,1470
2025-03-10,0.6725969910621643,0.07432385069350755,1,1,0.5710857432040437,0.4289142567959563,0.5710857432040437,0.1,scale,0.24736742526520866,870,1370,1470,1500
2025-03-11,0.722586989402771,0.017793040962309714,1,1,0.5636337043148536,0.4363662956851464,0.5636337043148536,0.1,scale,0.24736742526520866,870,1370,1470,1500
2025-03-12,0.7354440093040466,-0.045081642697777924,0,1,0.5583444896420822,0.44165551035791784,0.5583444896420822,0.1,scale,0.24736742526520866,870,1370,1470,1500
2025-03-13,0.7022889852523804,0.05129941521520043,1,1,0.5602084131923017,0.43979158680769825,0.5602084131923017,0.1,scale,0.24736742526520866,870,1370,1470,1500
2025-03-14,0.738315999507904,0.013507752189876321,1,1,0.553349497627477,0.446650502372523,0.553349497627477,0.1,scale,0.24736742526520866,870,1370,1470,1500
2025-03-15,0.7482889890670776,-0.056829639405311605,0,1,0.552245758712468,0.44775424128753205,0.552245758712468,0.1,scale,0.24736742526520866,870,1370,1470,1500
2025-03-16,0.7057639956474304,0.017467636143134513,1,1,0.5309719243661555,0.4690280756338445,0.5309719243661555,0.1,scale,0.24736742526520866,870,1370,1470,1500
2025-03-17,0.7180920243263245,-0.022296584751217763,0,0,0.49870985224398573,0.5012901477560143,0.5012901477560143,0.1,scale,0.24736742526520866,870,1370,1470,1500
2025-03-18,0.702081024646759,0.059991603676553984,1,1,0.5170251080456281,0.48297489195437193,0.5170251080456281,0.1,scale,0.24736742526520866,870,1370,1470,1500
2025-03-19,0.7441999912261963,-0.035854572994626466,0,1,0.5006704352086424,0.4993295647913576,0.5006704352086424,0.1,scale,0.24736742526520866,870,1370,1470,1500
2025-03-20,0.7175170183181763,-0.017281863388896035,0,1,0.5064084627955926,0.4935915372044074,0.5064084627955926,0.1,scale,0.24736742526520866,870,1370,1470,1500
2025-03-21,0.7051169872283936,-0.00592236620766029,0,1,0.5047173672958712,0.49528263270412876,0.5047173672958712,0.1,scale,0.24736742526520866,870,1370,1470,1500
2025-03-22,0.7009410262107849,0.012222106101962726,1,1,0.5064741261674137,0.4935258738325863,0.5064741261674137,0.1,scale,0.24736742526520866,870,1370,1470,1500
2025-03-23,0.7095080018043518,0.030284362614271476,1,1,0.5013396430308737,0.49866035696912625,0.5013396430308737,0.1,scale,0.24736742526520866,870,1370,1470,1500
2025-03-24,0.7309949994087219,0.019432388667995015,1,1,0.5028375987489281,0.4971624012510719,0.5028375987489281,0.1,scale,0.24736742526520866,870,1370,1470,1500
2025-03-25,0.745199978351593,-0.022997859367747675,0,0,0.4948396239094086,0.5051603760905914,0.5051603760905914,0.1,scale,0.24736742526520866,870,1370,1470,1500
2025-03-26,0.7280619740486145,0.01319942204789526,1,0,0.4955746758357071,0.5044253241642929,0.5044253241642929,0.1,scale,0.24736742526520866,870,1370,1470,1500
2025-03-27,0.737671971321106,-0.0435436675354931,0,0,0.48899295228071116,0.5110070477192888,0.5110070477192888,0.1,scale,0.24736742526520866,870,1370,1470,1500
2025-03-28,0.705551028251648,-0.04482882834782809,0,1,0.5170495756069554,0.4829504243930446,0.5170495756069554,0.1,scale,0.24736742526520866,870,1370,1470,1500
2025-03-29,0.6739220023155212,-0.019607598614429622,0,1,0.524674346736872,0.47532565326312803,0.524674346736872,0.1,scale,0.24736742526520866,870,1370,1470,1500
2025-03-30,0.6607080101966858,0.0011184643965573837,1,1,0.526065485483957,0.47393451451604296,0.526065485483957,0.1,scale,0.24736742526520866,870,1370,1470,1500
2025-03-31,0.6614469885826111,0.02450384280270068,1,1,0.5271152638104035,0.4728847361895965,0.5271152638104035,0.1,scale,0.24736742526520866,870,1370,1470,1500
2025-04-01,0.6776549816131592,-0.05314797112610914,0,0,0.4361682075097958,0.5638317924902042,0.5638317924902042,0.1,scale,0.24736742526520866,870,1370,1470,1500
2025-04-02,0.641638994216919,0.013122629103654804,1,1,0.515640441483639,0.48435955851636103,0.515640441483639,0.1,scale,0.24736742526520866,870,1370,1470,1500
2025-04-03,0.6500589847564697,0.015983231525612096,1,0,0.4511387046923496,0.5488612953076504,0.5488612953076504,0.1,scale,0.24736742526520866,870,1370,1470,1500
2025-04-04,0.6604490280151367,-0.00874861558543949,0,0,0.44535182424474523,0.5546481757552548,0.5546481757552548,0.1,scale,0.24736742526520866,870,1370,1470,1500
2025-04-05,0.6546710133552551,-0.12506740758025836,0,0,0.448785824118984,0.5512141758810161,0.5512141758810161,0.1,scale,0.24736742526520866,870,1370,1470,1500
2025-04-06,0.5727930068969727,0.02206376942377597,1,1,0.6122927332493298,0.38770726675067024,0.6122927332493298,0.1,scale,0.24736742526520866,870,1370,1470,1500
2025-04-07,0.5854309797286987,-0.047047404871276455,0,1,0.5337822685033456,0.46621773149665435,0.5337822685033456,0.1,scale,0.24736742526520866,870,1370,1470,1500
2025-04-08,0.5578879714012146,0.13226490674433777,1,1,0.5665897061681919,0.43341029383180807,0.5665897061681919,0.1,scale,0.24736742526520866,870,1370,1470,1500
2025-04-09,0.631676971912384,-0.035285405501396916,0,0,0.45507996681109764,0.5449200331889024,0.5449200331889024,0.1,scale,0.24727019262295735,900,1400,1500,1530
2025-04-10,0.609387993812561,0.024252252139461472,1,0,0.485770480385502,0.5142295196144979,0.5142295196144979,0.1,scale,0.24727019262295735,900,1400,1500,1530
2025-04-11,0.6241670250892639,0.05556999117151462,1,0,0.44689610011344993,0.5531038998865501,0.5531038998865501,0.1,scale,0.24727019262295735,900,1400,1500,1530
2025-04-12,0.6588519811630249,-0.0315351363733164,0,0,0.42688538061388476,0.5731146193861152,0.5731146193861152,0.1,scale,0.24727019262295735,900,1400,1500,1530
2025-04-13,0.6380749940872192,-0.005016663985706993,0,0,0.48484300827210625,0.5151569917278938,0.5151569917278938,0.1,scale,0.24727019262295735,900,1400,1500,1530
2025-04-14,0.6348739862442017,-0.040497800386765426,0,0,0.46517488620269415,0.5348251137973059,0.5348251137973059,0.1,scale,0.24727019262295735,900,1400,1500,1530
2025-04-15,0.6091629862785339,0.0020618276274138037,1,1,0.5244773143295275,0.4755226856704725,0.5244773143295275,0.1,scale,0.24727019262295735,900,1400,1500,1530
2025-04-16,0.610418975353241,0.009642587327512997,1,0,0.47064497835282154,0.5293550216471785,0.5293550216471785,0.1,scale,0.24727019262295735,900,1400,1500,1530
2025-04-17,0.6163049936294556,0.018075448056370513,1,0,0.45465694152412467,0.5453430584758754,0.5453430584758754,0.1,scale,0.24727019262295735,900,1400,1500,1530
2025-04-18,0.6274449825286865,0.0008112642232478429,1,0,0.44330936651359965,0.5566906334864004,0.5566906334864004,0.1,scale,0.24727019262295735,900,1400,1500,1530
2025-04-19,0.6279540061950684,-0.01301374803992661,0,0,0.4533027163439847,0.5466972836560153,0.5466972836560153,0.1,scale,0.24727019262295735,900,1400,1500,1530
2025-04-20,0.6197819709777832,0.0067088431323218956,1,0,0.47803576440675777,0.5219642355932422,0.5219642355932422,0.1,scale,0.24727019262295735,900,1400,1500,1530
2025-04-21,0.6239399909973145,0.09049590866467394,1,0,0.4854076633366951,0.514592336663305,0.514592336663305,0.1,scale,0.24727019262295735,900,1400,1500,1530
2025-04-22,0.680404007434845,0.025223198544758185,1,1,0.5128999492918834,0.48710005070811657,0.5128999492918834,0.1,scale,0.24727019262295735,900,1400,1500,1530
2025-04-23,0.6975659728050232,0.03477950289728082,1,1,0.5241130362915761,0.47588696370842387,0.5241130362915761,0.1,scale,0.24727019262295735,900,1400,1500,1530
2025-04-24,0.72182697057724,-0.010647924852399737,0,1,0.563865937088479,0.436134062911521,0.563865937088479,0.1,scale,0.24727019262295735,900,1400,1500,1530
2025-04-25,0.7141410112380981,-0.009269863749319929,0,1,0.5219509553316868,0.4780490446683132,0.5219509553316868,0.1,scale,0.24727019262295735,900,1400,1500,1530
2025-04-26,0.7075210213661194,-0.0050118645522796434,0,0,0.4876120931091665,0.5123879068908335,0.5123879068908335,0.1,scale,0.24727019262295735,900,1400,1500,1530
2025-04-27,0.7039750218391418,0.002137799821366082,1,1,0.5011906695511423,0.49880933044885767,0.5011906695511423,0.1,scale,0.24727019262295735,900,1400,1500,1530
2025-04-28,0.7054799795150757,-0.012969848741000933,0,1,0.5218373788185336,0.47816262118146635,0.5218373788185336,0.1,scale,0.24727019262295735,900,1400,1500,1530
2025-04-29,0.6963300108909607,-0.020679857417248537,0,1,0.5139023728347368,0.48609762716526317,0.5139023728347368,0.1,scale,0.24727019262295735,900,1400,1500,1530
2025-04-30,0.6819300055503845,0.0344669080290716,1,0,0.49694003920510976,0.5030599607948902,0.5030599607948902,0.1,scale,0.24727019262295735,900,1400,1500,1530
2025-05-01,0.7054340243339539,-0.010478724559300545,0,0,0.47601946553968233,0.5239805344603177,0.5239805344603177,0.1,scale,0.24727019262295735,900,1400,1500,1530
2025-05-02,0.6980419754981995,0.004276248012479611,1,0,0.4928206958444037,0.5071793041555963,0.5071793041555963,0.1,scale,0.24727019262295735,900,1400,1500,1530
2025-05-03,0.701026976108551,-0.034713310565405275,0,0,0.4899908791929783,0.5100091208070217,0.5100091208070217,0.1,scale,0.24727019262295735,900,1400,1500,1530
2025-05-04,0.676692008972168,-0.02026916566957404,0,0,0.49548702757816887,0.5045129724218311,0.5045129724218311,0.1,scale,0.24727019262295735,900,1400,1500,1530
2025-05-05,0.6629760265350342,0.02323757166751239,1,0,0.4839617588813177,0.5160382411186824,0.5160382411186824,0.1,scale,0.24727019262295735,900,1400,1500,1530
2025-05-06,0.6783819794654846,-0.010607606594677077,0,0,0.44104328846481633,0.5589567115351837,0.5589567115351837,0.1,scale,0.24727019262295735,900,1400,1500,1530
2025-05-07,0.6711859703063965,0.1421633350597018,1,0,0.46078510052822735,0.5392148994717727,0.5392148994717727,0.1,scale,0.24727019262295735,900,1400,1500,1530
2025-05-08,0.7666040062904358,0.014488533629991807,1,1,0.573516486084151,0.42648351391584904,0.573516486084151,0.1,scale,0.24727019262295735,900,1400,1500,1530
2025-05-09,0.7777109742164612,0.08172963693182589,1,1,0.5028739614282677,0.4971260385717323,0.5028739614282677,1.0,0.01,0.24638575796931592,930,1430,1530,1560
2025-05-10,0.8412730097770691,-0.043129910340770516,0,1,0.5349027713022411,0.46509722869775894,0.5349027713022411,1.0,0.01,0.24638575796931592,930,1430,1530,1560
2025-05-11,0.8049889802932739,0.015713258194418156,1,1,0.5092280776115014,0.49077192238849865,0.5092280776115014,1.0,0.01,0.24638575796931592,930,1430,1530,1560
2025-05-12,0.8176379799842834,0.017027139192323126,1,1,0.5557338577833916,0.44426614221660843,0.5557338577833916,1.0,0.01,0.24638575796931592,930,1430,1530,1560
2025-05-13,0.8315600156784058,-0.038529991050271994,0,0,0.48000835629660094,0.5199916437033991,0.5199916437033991,1.0,0.01,0.24638575796931592,930,1430,1530,1560
2025-05-14,0.7995200157165527,-0.047875011555332914,0,1,0.5429754941123174,0.4570245058876826,0.5429754941123174,1.0,0.01,0.24638575796931592,930,1430,1530,1560
2025-05-15,0.7612429857254028,-0.0025944408574753997,0,1,0.564982606178928,0.43501739382107196,0.564982606178928,1.0,0.01,0.24638575796931592,930,1430,1530,1560
2025-05-16,0.7592679858207703,-0.022235832859111127,0,1,0.5030292463189346,0.49697075368106536,0.5030292463189346,1.0,0.01,0.24638575796931592,930,1430,1530,1560
2025-05-17,0.7423850297927856,0.024570792139543274,1,1,0.5474075460066257,0.45259245399337433,0.5474075460066257,1.0,0.01,0.24638575796931592,930,1430,1530,1560
2025-05-18,0.7606260180473328,-0.02309025014679278,0,0,0.4870864524003651,0.5129135475996349,0.5129135475996349,1.0,0.01,0.24638575796931592,930,1430,1530,1560
2025-05-19,0.7430629730224609,0.0035879276090342582,1,1,0.5278438236000289,0.4721561763999711,0.5278438236000289,1.0,0.01,0.24638575796931592,930,1430,1530,1560
2025-05-20,0.7457290291786194,0.03351078153058484,1,0,0.48894512831467934,0.5110548716853207,0.5110548716853207,1.0,0.01,0.24638575796931592,930,1430,1530,1560
2025-05-21,0.7707189917564392,0.04855079676229557,1,0,0.49811186840954463,0.5018881315904553,0.5018881315904553,1.0,0.01,0.24638575796931592,930,1430,1530,1560
2025-05-22,0.8081380128860474,-0.0764201663541153,0,0,0.4531446043225014,0.5468553956774986,0.5468553956774986,1.0,0.01,0.24638575796931592,930,1430,1530,1560
2025-05-23,0.7463799715042114,0.0010879896452518079,1,1,0.5649289782909058,0.4350710217090942,0.5649289782909058,1.0,0.01,0.24638575796931592,930,1430,1530,1560
2025-05-24,0.7471920251846313,0.017118729220515716,1,0,0.44618140125317873,0.5538185987468213,0.5538185987468213,1.0,0.01,0.24638575796931592,930,1430,1530,1560
2025-05-25,0.7599830031394958,-0.0005631980614880794,0,0,0.46137188398343165,0.5386281160165683,0.5386281160165683,1.0,0.01,0.24638575796931592,930,1430,1530,1560
2025-05-26,0.7595549821853638,-0.0011479831860367051,0,0,0.4688587960782106,0.5311412039217893,0.5311412039217893,1.0,0.01,0.24638575796931592,930,1430,1530,1560
2025-05-27,0.7586830258369446,-0.01553880009795272,0,0,0.47194057305953424,0.5280594269404657,0.5280594269404657,1.0,0.01,0.24638575796931592,930,1430,1530,1560
2025-05-28,0.7468940019607544,-0.0328721178420982,0,0,0.4816172927588675,0.5183827072411324,0.5183827072411324,1.0,0.01,0.24638575796931592,930,1430,1530,1560
2025-05-29,0.7223420143127441,-0.04570551357517294,0,1,0.5242340746464793,0.4757659253535207,0.5242340746464793,1.0,0.01,0.24638575796931592,930,1430,1530,1560
2025-05-30,0.6893270015716553,-0.0047190710444317,0,1,0.5678979186888508,0.43210208131114924,0.5678979186888508,1.0,0.01,0.24638575796931592,930,1430,1530,1560
2025-05-31,0.6860740184783936,-0.0016033309667803364,0,1,0.5114770126164753,0.48852298738352473,0.5114770126164753,1.0,0.01,0.24638575796931592,930,1430,1530,1560
2025-06-01,0.6849740147590637,0.006865932408205211,1,0,0.49199354796476513,0.5080064520352349,0.5080064520352349,1.0,0.01,0.24638575796931592,930,1430,1530,1560
2025-06-02,0.6896770000457764,-0.0073411137979372265,0,0,0.48357391377283393,0.5164260862271661,0.5164260862271661,1.0,0.01,0.24638575796931592,930,1430,1530,1560
2025-06-03,0.6846140027046204,-0.02734975361566694,0,0,0.4844019266698078,0.5155980733301921,0.5155980733301921,1.0,0.01,0.24638575796931592,930,1430,1530,1560
2025-06-04,0.6658899784088135,-0.05754096482386872,0,1,0.5079658742733831,0.49203412572661687,0.5079658742733831,1.0,0.01,0.24638575796931592,930,1430,1530,1560
2025-06-05,0.6275740265846252,0.04594192485571913,1,1,0.5825317809377483,0.41746821906225173,0.5825317809377483,1.0,0.01,0.24638575796931592,930,1430,1530,1560
2025-06-06,0.6564059853553772,0.013107726422260102,1,0,0.44010543828166065,0.5598945617183393,0.5598945617183393,1.0,0.01,0.24638575796931592,930,1430,1530,1560
2025-06-07,0.6650099754333496,0.007351786535037652,1,0,0.45443712268291253,0.5455628773170875,0.5455628773170875,1.0,0.01,0.24638575796931592,930,1430,1530,1560
2025-06-08,0.6698989868164062,0.052475122430385435,1,0,0.47288759642496797,0.5271124035750321,0.5271124035750321,1.0,0.01,0.24611068597699223,960,1460,1560,1590
2025-06-09,0.7050520181655884,0.015405945314871161,1,0,0.44434909359544406,0.5556509064045559,0.5556509064045559,1.0,0.01,0.24611068597699223,960,1460,1560,1590
2025-06-10,0.7159140110015869,-0.02480184070593694,0,0,0.471377288390465,0.528622711609535,0.528622711609535,1.0,0.01,0.24611068597699223,960,1460,1560,1590
2025-06-11,0.6981580257415771,-0.04915655466830948,0,0,0.48820149050759915,0.5117985094924009,0.5117985094924009,1.0,0.01,0.24611068597699223,960,1460,1560,1590
2025-06-12,0.6638389825820923,-0.032693176216647246,0,1,0.5442934142918441,0.4557065857081559,0.5442934142918441,1.0,0.01,0.24611068597699223,960,1460,1560,1590
2025-06-13,0.6421359777450562,-0.026765357987475258,0,1,0.5639086118529797,0.4360913881470203,0.5639086118529797,1.0,0.01,0.24611068597699223,960,1460,1560,1590
2025-06-14,0.6249489784240723,0.014241236734261031,1,1,0.5499286383585354,0.45007136164146455,0.5499286383585354,1.0,0.01,0.24611068597699223,960,1460,1560,1590
2025-06-15,0.633849024772644,-0.0034992686818086094,0,1,0.5044176108653745,0.4955823891346255,0.5044176108653745,1.0,0.01,0.24611068597699223,960,1460,1560,1590
2025-06-16,0.6316310167312622,-0.03353540291082102,0,1,0.5276937015041412,0.4723062984958588,0.5276937015041412,1.0,0.01,0.24611068597699223,960,1460,1560,1590
2025-06-17,0.6104490160942078,-0.011467016740979386,0,1,0.545530287665521,0.45446971233447897,0.545530287665521,1.0,0.01,0.24611068597699223,960,1460,1560,1590
2025-06-18,0.6034489870071411,-0.0021940512005202972,0,1,0.5233735009671724,0.4766264990328276,0.5233735009671724,1.0,0.01,0.24611068597699223,960,1460,1560,1590
2025-06-19,0.6021249890327454,-0.04128873336823735,0,1,0.5030338107298818,0.49696618927011815,0.5030338107298818,1.0,0.01,0.24611068597699223,960,1460,1560,1590
2025-06-20,0.5772640109062195,-0.03975484267595175,0,1,0.5642001052469034,0.43579989475309655,0.5642001052469034,1.0,0.01,0.24611068597699223,960,1460,1560,1590
2025-06-21,0.5543149709701538,-0.024051217104081757,0,1,0.5792592076451688,0.4207407923548312,0.5792592076451688,1.0,0.01,0.24611068597699223,960,1460,1560,1590
2025-06-22,0.5409830212593079,0.07817620369077805,1,1,0.5756693623328607,0.4243306376671393,0.5756693623328607,1.0,0.01,0.24611068597699223,960,1460,1560,1590
2025-06-23,0.5832750201225281,0.007018995310621223,1,0,0.4280171870052156,0.5719828129947844,0.5719828129947844,1.0,0.01,0.24611068597699223,960,1460,1560,1590
2025-06-24,0.5873690247535706,-0.03454055171401815,0,0,0.4603748468501689,0.5396251531498311,0.5396251531498311,1.0,0.01,0.24611068597699223,960,1460,1560,1590
2025-06-25,0.5670809745788574,-0.02303017435285115,0,1,0.5121262616351235,0.48787373836487646,0.5121262616351235,1.0,0.01,0.24611068597699223,960,1460,1560,1590
2025-06-26,0.5540210008621216,0.008561011217943504,1,1,0.522755214992025,0.47724478500797496,0.522755214992025,1.0,0.01,0.24611068597699223,960,1460,1560,1590
2025-06-27,0.5587639808654785,0.012407803122170602,1,0,0.4827437130050492,0.5172562869949509,0.5172562869949509,1.0,0.01,0.24611068597699223,960,1460,1560,1590
2025-06-28,0.5656970143318176,0.02190042357768629,1,0,0.47379509321081253,0.5262049067891874,0.5262049067891874,1.0,0.01,0.24611068597699223,960,1460,1560,1590
2025-06-29,0.5780860185623169,-0.010318523954924164,0,0,0.49311421517819953,0.5068857848218005,0.5068857848218005,1.0,0.01,0.24611068597699223,960,1460,1560,1590
2025-06-30,0.5721210241317749,-0.05237181513383515,0,0,0.4937295205809472,0.5062704794190528,0.5062704794190528,1.0,0.01,0.24611068597699223,960,1460,1560,1590
2025-07-01,0.5421580076217651,0.07736308064884612,1,1,0.5545078515673932,0.44549214843260676,0.5545078515673932,1.0,0.01,0.24611068597699223,960,1460,1560,1590
2025-07-02,0.5841010212898254,0.025658218931426724,1,0,0.4537951282884125,0.5462048717115875,0.5462048717115875,1.0,0.01,0.24611068597699223,960,1460,1560,1590
2025-07-03,0.5990880131721497,-0.043728159574507264,0,0,0.4581630255953275,0.5418369744046725,0.5418369744046725,1.0,0.01,0.24611068597699223,960,1460,1560,1590
2025-07-04,0.5728909969329834,0.0052662868167727694,1,1,0.5294781337065873,0.47052186629341275,0.5294781337065873,1.0,0.01,0.24611068597699223,960,1460,1560,1590
2025-07-05,0.5759080052375793,0.017546229181486073,1,0,0.48368918860087806,0.5163108113991219,0.5163108113991219,1.0,0.01,0.24611068597699223,960,1460,1560,1590
2025-07-06,0.5860130190849304,-0.009854788613161913,0,1,0.50294143695253,0.49705856304747,0.50294143695253,1.0,0.01,0.24611068597699223,960,1460,1560,1590
2025-07-07,0.5802379846572876,0.014194160359897179,1,1,0.5174896721517117,0.4825103278482883,0.5174896721517117,1.0,0.01,0.24611068597699223,960,1460,1560,1590
2025-07-08,0.5884739756584167,0.059501435993580376,1,0,0.4617556299339838,0.5382443700660162,0.5382443700660162,0.1,scale,0.2461601365879644,990,1490,1590,1620
2025-07-09,0.6234890222549438,0.0852605203811323,1,1,0.509098604559555,0.490901395440445,0.509098604559555,0.1,scale,0.2461601365879644,990,1490,1590,1620
2025-07-10,0.6766480207443237,0.05006734335952201,1,1,0.5555330279530827,0.4444669720469173,0.5555330279530827,0.1,scale,0.2461601365879644,990,1490,1590,1620
2025-07-11,0.7105259895324707,-0.0031370777830198593,0,1,0.6110967999450566,0.3889032000549434,0.6110967999450566,0.1,scale,0.2461601365879644,990,1490,1590,1620
2025-07-12,0.7082970142364502,0.040881149368876546,1,1,0.5582287171623285,0.44177128283767153,0.5582287171623285,0.1,scale,0.2461601365879644,990,1490,1590,1620
2025-07-13,0.7372530102729797,-0.003956568057392862,0,1,0.567936515418899,0.432063484581101,0.567936515418899,0.1,scale,0.2461601365879644,990,1490,1590,1620
2025-07-14,0.7343360185623169,0.017004469276826528,1,1,0.55908477178738,0.44091522821261997,0.55908477178738,0.1,scale,0.2461601365879644,990,1490,1590,1620
2025-07-15,0.7468230128288269,0.023735214125961246,1,1,0.5718975416205773,0.42810245837942273,0.5718975416205773,0.1,scale,0.2461601365879644,990,1490,1590,1620
2025-07-16,0.7645490169525146,0.07747834178581381,1,1,0.5640501243818017,0.4359498756181983,0.5640501243818017,0.1,scale,0.2461601365879644,990,1490,1590,1620
2025-07-17,0.8237850069999695,-0.009623886978043728,0,1,0.602124773487743,0.39787522651225704,0.602124773487743,0.1,scale,0.2461601365879644,990,1490,1590,1620
2025-07-18,0.8158569931983948,0.017751928011269014,1,1,0.5863200569795733,0.41367994302042665,0.5863200569795733,0.1,scale,0.2461601365879644,990,1490,1590,1620
2025-07-19,0.8303400278091431,0.034208818248263606,1,1,0.5689204795568087,0.4310795204431913,0.5689204795568087,0.1,scale,0.2461601365879644,990,1490,1590,1620
2025-07-20,0.8587449789047241,0.03689110072289492,1,1,0.5875976320144399,0.41240236798556007,0.5875976320144399,0.1,scale,0.2461601365879644,990,1490,1590,1620
2025-07-21,0.8904250264167786,0.014059580076194678,1,1,0.6037032846757063,0.39629671532429367,0.6037032846757063,0.1,scale,0.2461601365879644,990,1490,1590,1620
2025-07-22,0.902944028377533,-0.09603365580586876,0,1,0.5916658440708688,0.40833415592913125,0.5916658440708688,0.1,scale,0.2461601365879644,990,1490,1590,1620
2025-07-23,0.8162310123443604,-0.01305147536702711,0,1,0.5593454443862366,0.44065455561376343,0.5593454443862366,0.1,scale,0.2461601365879644,990,1490,1590,1620
2025-07-24,0.8055779933929443,0.013029179549543413,1,0,0.4984237295969643,0.5015762704030358,0.5015762704030358,0.1,scale,0.2461601365879644,990,1490,1590,1620
2025-07-25,0.816074013710022,0.004569421062049717,1,0,0.4703066932203845,0.5296933067796155,0.5296933067796155,0.1,scale,0.2461601365879644,990,1490,1590,1620
2025-07-26,0.81980299949646,0.014887728758706809,1,0,0.46989161858542994,0.5301083814145701,0.5301083814145701,0.1,scale,0.2461601365879644,990,1490,1590,1620
2025-07-27,0.8320080041885376,-0.049419010747215886,0,0,0.4744911473364744,0.5255088526635256,0.5255088526635256,0.1,scale,0.2461601365879644,990,1490,1590,1620
2025-07-28,0.7908909916877747,-0.010649976874581357,0,1,0.5140638187600503,0.48593618123994975,0.5140638187600503,0.1,scale,0.2461601365879644,990,1490,1590,1620
2025-07-29,0.7824680209159851,-0.024319231910393646,0,0,0.46314658746166437,0.5368534125383356,0.5368534125383356,0.1,scale,0.2461601365879644,990,1490,1590,1620
2025-07-30,0.7634389996528625,-0.030623308285410933,0,0,0.4909609510156058,0.5090390489843942,0.5090390489843942,0.1,scale,0.2461601365879644,990,1490,1590,1620
2025-07-31,0.7400599718093872,-0.03296079153708409,0,0,0.4906606989086507,0.5093393010913493,0.5093393010913493,0.1,scale,0.2461601365879644,990,1490,1590,1620
2025-08-01,0.7156670093536377,-0.025147207022628626,0,1,0.5315737969063132,0.46842620309368677,0.5315737969063132,0.1,scale,0.2461601365879644,990,1490,1590,1620
2025-08-02,0.6976699829101562,0.04200552586254025,1,1,0.5106880429617127,0.48931195703828734,0.5106880429617127,0.1,scale,0.2461601365879644,990,1490,1590,1620
2025-08-03,0.7269759774208069,0.03828466430038513,1,0,0.42930733349891814,0.5706926665010819,0.5706926665010819,0.1,scale,0.2461601365879644,990,1490,1590,1620
2025-08-04,0.7548080086708069,-0.03811829785533738,0,0,0.42887503900920904,0.5711249609907909,0.5711249609907909,0.1,scale,0.2461601365879644,990,1490,1590,1620
2025-08-05,0.726036012172699,0.021704127203466594,1,0,0.473990832178478,0.526009167821522,0.526009167821522,0.1,scale,0.2461601365879644,990,1490,1590,1620
2025-08-06,0.7417939901351929,0.06012588911517813,1,0,0.42422282077069473,0.5757771792293053,0.5757771792293053,0.1,scale,0.2461601365879644,990,1490,1590,1620
2025-08-07,0.7863950133323669,0.006086018445874863,1,0,0.46509270587631274,0.5349072941236872,0.5349072941236872,0.1,scale,0.249709889308178,1020,1520,1620,1650
2025-08-08,0.7911810278892517,0.016247853386535782,1,0,0.48324468630208806,0.5167553136979119,0.5167553136979119,0.1,scale,0.249709889308178,1020,1520,1620,1650
2025-08-09,0.804036021232605,-0.0021740635632817584,0,0,0.47699838324174043,0.5230016167582596,0.5230016167582596,0.1,scale,0.249709889308178,1020,1520,1620,1650
2025-08-10,0.8022879958152771,-0.035287844668105306,0,0,0.4655219890527874,0.5344780109472126,0.5344780109472126,0.1,scale,0.249709889308178,1020,1520,1620,1650
2025-08-11,0.7739769816398621,0.08685917999282111,1,0,0.4891088070155524,0.5108911929844475,0.5108911929844475,0.1,scale,0.249709889308178,1020,1520,1620,1650
2025-08-12,0.8412039875984192,0.07693738445543463,1,0,0.49640729146015916,0.5035927085398408,0.5035927085398408,0.1,scale,0.249709889308178,1020,1520,1620,1650
2025-08-13,0.9059240221977234,0.021479670578423482,1,1,0.5478790979132051,0.4521209020867949,0.5478790979132051,0.1,scale,0.249709889308178,1020,1520,1620,1650
2025-08-14,0.9253829717636108,0.01994093530902674,1,1,0.6072902852391753,0.3927097147608247,0.6072902852391753,0.1,scale,0.249709889308178,1020,1520,1620,1650
2025-08-15,0.943835973739624,-0.023896080439837486,0,1,0.5437562129595216,0.4562437870404784,0.5437562129595216,0.1,scale,0.249709889308178,1020,1520,1620,1650
2025-08-16,0.9212819933891296,0.04407666214193906,1,1,0.5131367647858565,0.48686323521414354,0.5131367647858565,0.1,scale,0.249709889308178,1020,1520,1620,1650
2025-08-17,0.9618890285491944,-0.04016471865468829,0,1,0.525776536451979,0.47422346354802103,0.525776536451979,0.1,scale,0.249709889308178,1020,1520,1620,1650
2025-08-18,0.9232550263404846,-0.0847176717819752,0,1,0.5162257431204395,0.48377425687956055,0.5162257431204395,0.1,scale,0.249709889308178,1020,1520,1620,1650
2025-08-19,0.8450390100479126,0.04234478221045013,1,1,0.5649123730556112,0.43508762694438885,0.5649123730556112,0.1,scale,0.249709889308178,1020,1520,1620,1650
2025-08-20,0.8808220028877258,-0.03383318194573848,0,0,0.44082580962726736,0.5591741903727326,0.5591741903727326,0.1,scale,0.249709889308178,1020,1520,1620,1650
2025-08-21,0.8510209918022156,0.09271214265147831,1,0,0.48953402262423307,0.5104659773757669,0.5104659773757669,0.1,scale,0.249709889308178,1020,1520,1620,1650
2025-08-22,0.9299209713935852,-0.018053089177087922,0,1,0.5282221832165642,0.4717778167834358,0.5282221832165642,0.1,scale,0.249709889308178,1020,1520,1620,1650
2025-08-23,0.9131330251693726,-0.0038614658256651557,0,0,0.45204567567922366,0.5479543243207763,0.5479543243207763,0.1,scale,0.249709889308178,1020,1520,1620,1650
2025-08-24,0.9096069931983948,-0.07912645792226858,0,0,0.48227711807778184,0.5177228819222182,0.5177228819222182,0.1,scale,0.249709889308178,1020,1520,1620,1650
2025-08-25,0.8376330137252808,0.03468105015601486,1,1,0.5593253597584485,0.44067464024155145,0.5593253597584485,0.1,scale,0.249709889308178,1020,1520,1620,1650
2025-08-26,0.8666830062866211,-0.019069252505823697,0,0,0.4223754839526004,0.5776245160473996,0.5776245160473996,0.1,scale,0.249709889308178,1020,1520,1620,1650
2025-08-27,0.8501560091972351,0.008932465677004453,1,0,0.4741121521782834,0.5258878478217166,0.5258878478217166,0.1,scale,0.249709889308178,1020,1520,1620,1650
2025-08-28,0.8577499985694885,-0.03568989240727505,0,0,0.4423926625271556,0.5576073374728444,0.5576073374728444,0.1,scale,0.249709889308178,1020,1520,1620,1650
2025-08-29,0.8271369934082031,-0.005720954069796891,0,1,0.5189403884120962,0.4810596115879038,0.5189403884120962,0.1,scale,0.249709889308178,1020,1520,1620,1650
2025-08-30,0.8224049806594849,-0.013428865432747794,0,0,0.4536451358459338,0.5463548641540662,0.5463548641540662,0.1,scale,0.249709889308178,1020,1520,1620,1650
2025-08-31,0.8113610148429871,-0.013773198645145035,0,0,0.47944044810103825,0.5205595518989617,0.5205595518989617,0.1,scale,0.249709889308178,1020,1520,1620,1650
2025-09-01,0.8001859784126282,0.04298380627689169,1,1,0.5326687859329948,0.4673312140670052,0.5326687859329948,0.1,scale,0.249709889308178,1020,1520,1620,1650
2025-09-02,0.8345810174942017,0.0023353182479064483,1,0,0.42495747389464134,0.5750425261053587,0.5750425261053587,0.1,scale,0.249709889308178,1020,1520,1620,1650
2025-09-03,0.8365300297737122,-0.03184946965170832,0,0,0.438192325376092,0.561807674623908,0.561807674623908,0.1,scale,0.249709889308178,1020,1520,1620,1650
2025-09-04,0.8098869919776917,0.026154267011165855,1,0,0.47520652662800256,0.5247934733719974,0.5247934733719974,0.1,scale,0.249709889308178,1020,1520,1620,1650
2025-09-05,0.8310689926147461,-0.015182861336249576,0,0,0.4535722951947741,0.546427704805226,0.546427704805226,0.1,scale,0.249709889308178,1020,1520,1620,1650
2025-09-06,0.8184509873390198,0.02029199067329901,1,0,0.4269418785529555,0.5730581214470445,0.5730581214470445,1.0,scale,0.24869915327450293,1050,1550,1650,1680
2025-09-07,0.8350589871406555,0.03591843377196158,1,0,0.4544050229224097,0.5455949770775903,0.5455949770775903,1.0,scale,0.24869915327450293,1050,1550,1650,1680
2025-09-08,0.8650529980659485,-2.425381451520714e-05,0,0,0.4994795919550105,0.5005204080449894,0.5005204080449894,1.0,scale,0.24869915327450293,1050,1550,1650,1680
2025-09-09,0.8650320172309875,0.02272286126984624,1,0,0.47809619382303825,0.5219038061769617,0.5219038061769617,1.0,scale,0.24869915327450293,1050,1550,1650,1680
2025-09-10,0.8846880197525024,0.010760849074845424,1,0,0.4734461258248352,0.5265538741751647,0.5265538741751647,1.0,scale,0.24869915327450293,1050,1550,1650,1680
2025-09-11,0.8942080140113831,0.02558577436118048,1,0,0.4969681685100702,0.5030318314899298,0.5030318314899298,1.0,scale,0.24869915327450293,1050,1550,1650,1680
2025-09-12,0.9170870184898376,0.01390924718287545,1,1,0.5630946257275624,0.4369053742724376,0.5630946257275624,1.0,scale,0.24869915327450293,1050,1550,1650,1680
2025-09-13,0.929843008518219,-0.043934309206876354,0,1,0.5775664170568626,0.4224335829431374,0.5775664170568626,1.0,scale,0.24869915327450293,1050,1550,1650,1680
2025-09-14,0.8889909982681274,-0.02866509587728805,0,1,0.5108319639958845,0.4891680360041155,0.5108319639958845,1.0,scale,0.24869915327450293,1050,1550,1650,1680
2025-09-15,0.8635079860687256,0.019897896496646084,1,0,0.48389440968924013,0.5161055903107599,0.5161055903107599,1.0,scale,0.24869915327450293,1050,1550,1650,1680
2025-09-16,0.8806899785995483,0.03679165127522377,1,0,0.43099981949674643,0.5690001805032536,0.5690001805032536,1.0,scale,0.24869915327450293,1050,1550,1650,1680
2025-09-17,0.9130920171737672,0.01343123524803147,1,0,0.49614737489465227,0.5038526251053477,0.5038526251053477,1.0,scale,0.24869915327450293,1050,1550,1650,1680
2025-09-18,0.9253559708595276,-0.037197541471611695,0,1,0.5542831837071938,0.44571681629280624,0.5542831837071938,1.0,scale,0.24869915327450293,1050,1550,1650,1680
2025-09-19,0.8909350037574768,0.003364997906995182,1,0,0.49470205641005127,0.5052979435899487,0.5052979435899487,1.0,scale,0.24869915327450293,1050,1550,1650,1680
2025-09-20,0.8939329981803894,-0.009685280556554376,0,0,0.44119810803827697,0.558801891961723,0.558801891961723,1.0,scale,0.24869915327450293,1050,1550,1650,1680
2025-09-21,0.8852750062942505,-0.06723671852118673,0,0,0.4756823129253009,0.5243176870746991,0.5243176870746991,1.0,scale,0.24869915327450293,1050,1550,1650,1680
2025-09-22,0.8257520198822021,-0.021959430684100112,0,0,0.47893615738164963,0.5210638426183504,0.5210638426183504,1.0,scale,0.24869915327450293,1050,1550,1650,1680
2025-09-23,0.8076189756393433,0.006893119633512468,1,1,0.5191293812441723,0.4808706187558277,0.5191293812441723,1.0,scale,0.24869915327450293,1050,1550,1650,1680
2025-09-24,0.81318598985672,-0.06197472593448494,0,1,0.5013899018106629,0.4986100981893371,0.5013899018106629,1.0,scale,0.24869915327450293,1050,1550,1650,1680
2025-09-25,0.7627890110015869,0.03854799180713453,1,1,0.6090021056568534,0.3909978943431466,0.6090021056568534,1.0,scale,0.24869915327450293,1050,1550,1650,1680
2025-09-26,0.7921929955482483,-0.01324420597025322,0,0,0.45886466461947334,0.5411353353805266,0.5411353353805266,1.0,scale,0.24869915327450293,1050,1550,1650,1680
2025-09-27,0.7817010283470154,0.033855652944501324,1,0,0.49036328926410006,0.5096367107358999,0.5096367107358999,1.0,scale,0.24869915327450293,1050,1550,1650,1680
2025-09-28,0.8081660270690918,-0.0016939582156973998,0,0,0.4873081782691038,0.5126918217308962,0.5126918217308962,1.0,scale,0.24869915327450293,1050,1550,1650,1680
2025-09-29,0.8067970275878906,0.0005031838513076536,1,0,0.48935511511232177,0.5106448848876782,0.5106448848876782,1.0,scale,0.24869915327450293,1050,1550,1650,1680
2025-09-30,0.8072029948234558,0.053068464822055406,1,0,0.48351698372187585,0.5164830162781242,0.5164830162781242,1.0,scale,0.24869915327450293,1050,1550,1650,1680
2025-10-01,0.8500400185585022,0.023857704466737184,1,0,0.47081029816888376,0.5291897018311162,0.5291897018311162,1.0,scale,0.24869915327450293,1050,1550,1650,1680
2025-10-02,0.8703200221061707,-0.004601772675183025,0,1,0.5073008552866619,0.4926991447133381,0.5073008552866619,1.0,scale,0.24869915327450293,1050,1550,1650,1680
2025-10-03,0.8663150072097778,-0.03046581912068469,0,1,0.5125072474647181,0.4874927525352819,0.5125072474647181,1.0,scale,0.24869915327450293,1050,1550,1650,1680
2025-10-04,0.8399220108985901,-0.0030598472716243386,0,0,0.48299103354960826,0.5170089664503917,0.5170089664503917,1.0,scale,0.24869915327450293,1050,1550,1650,1680
2025-10-05,0.8373519778251648,0.041158321193784264,1,0,0.4733414535751509,0.5266585464248491,0.5266585464248491,1.0,scale,0.24869915327450293,1050,1550,1650,1680
2025-10-06,0.8718159794807434,-0.058399926982571904,0,0,0.4836748304911534,0.5163251695088467,0.5163251695088467,1.0,scale,0.24738941409606988,1080,1580,1680,1710
2025-10-07,0.8209019899368286,0.021944171153280623,1,1,0.5423186624851186,0.4576813375148814,0.5423186624851186,1.0,scale,0.24738941409606988,1080,1580,1680,1710
2025-10-08,0.838916003704071,-0.027738189336521057,0,0,0.462392942490397,0.537607057509603,0.537607057509603,1.0,scale,0.24738941409606988,1080,1580,1680,1710
2025-10-09,0.8156459927558899,-0.221678264290186,0,0,0.49959826488938036,0.5004017351106196,0.5004017351106196,1.0,scale,0.24738941409606988,1080,1580,1680,1710
2025-10-10,0.6348350048065186,-0.0041822351898886945,0,1,0.5588410768439807,0.44115892315601934,0.5588410768439807,1.0,scale,0.24738941409606988,1080,1580,1680,1710
2025-10-11,0.6321799755096436,0.10966027481986984,1,1,0.6513370086447156,0.34866299135528445,0.6513370086447156,1.0,scale,0.24738941409606988,1080,1580,1680,1710
2025-10-12,0.7015050053596497,0.039562077645902693,1,0,0.49418246138484523,0.5058175386151548,0.5058175386151548,1.0,scale,0.24738941409606988,1080,1580,1680,1710
2025-10-13,0.7292580008506775,-0.040542565095853966,0,0,0.4896573316111598,0.5103426683888401,0.5103426683888401,1.0,scale,0.24738941409606988,1080,1580,1680,1710
2025-10-14,0.6996920108795166,-0.04414797863238107,0,1,0.5499995618290572,0.4500004381709428,0.5499995618290572,1.0,scale,0.24738941409606988,1080,1580,1680,1710
2025-10-15,0.66880202293396,-0.03567275509160084,0,1,0.5552586851553184,0.4447413148446816,0.5552586851553184,1.0,scale,0.24738941409606988,1080,1580,1680,1710
2025-10-16,0.6449440121650696,-0.031167063218292546,0,1,0.6127069583302551,0.3872930416697449,0.6127069583302551,1.0,scale,0.24738941409606988,1080,1580,1680,1710
2025-10-17,0.6248430013656616,0.015392641469729629,1,1,0.6390283948772276,0.3609716051227724,0.6390283948772276,1.0,scale,0.24738941409606988,1080,1580,1680,1710
2025-10-18,0.634460985660553,0.028512406748694152,1,1,0.5299877723329015,0.4700122276670985,0.5299877723329015,1.0,scale,0.24738941409606988,1080,1580,1680,1710
2025-10-19,0.652550995349884,0.016397166639462224,1,1,0.578414081364796,0.421585918635204,0.578414081364796,1.0,scale,0.24738941409606988,1080,1580,1680,1710
2025-10-20,0.6632509827613831,-0.030662578897964976,0,1,0.5431310002187503,0.45686899978124973,0.5431310002187503,1.0,scale,0.24738941409606988,1080,1580,1680,1710
2025-10-21,0.6429139971733093,-0.029462725286791835,0,1,0.5716980986591347,0.4283019013408653,0.5716980986591347,1.0,scale,0.24738941409606988,1080,1580,1680,1710
2025-10-22,0.6239719986915588,0.03024651161057923,1,1,0.5882828209236597,0.4117171790763403,0.5882828209236597,1.0,scale,0.24738941409606988,1080,1580,1680,1710
2025-10-23,0.6428449749946594,0.02029420270410731,1,1,0.506572091337428,0.493427908662572,0.506572091337428,1.0,scale,0.24738941409606988,1080,1580,1680,1710
2025-10-24,0.6558910012245178,-0.0018722240271173973,0,0,0.4832862945700345,0.5167137054299655,0.5167137054299655,1.0,scale,0.24738941409606988,1080,1580,1680,1710
2025-10-25,0.6546630263328552,0.040326044075694734,1,0,0.4833723574598699,0.5166276425401302,0.5166276425401302,1.0,scale,0.24738941409606988,1080,1580,1680,1710
2025-10-26,0.6810629963874817,-0.02011265023510156,0,0,0.49106600097744546,0.5089339990225545,0.5089339990225545,1.0,scale,0.24738941409606988,1080,1580,1680,1710
2025-10-27,0.6673650145530701,-0.03160488962336272,0,0,0.47047348670445954,0.5295265132955405,0.5295265132955405,1.0,scale,0.24738941409606988,1080,1580,1680,1710
2025-10-28,0.6462730169296265,-0.009451184589171935,0,0,0.49759245304499444,0.5024075469550056,0.5024075469550056,1.0,scale,0.24738941409606988,1080,1580,1680,1710
2025-10-29,0.6401649713516235,-0.0609873981698269,0,0,0.46744517472013847,0.5325548252798615,0.5325548252798615,1.0,scale,0.24738941409606988,1080,1580,1680,1710
2025-10-30,0.6011229753494263,0.013378356537371294,1,1,0.5618924510032753,0.43810754899672466,0.5618924510032753,1.0,scale,0.24738941409606988,1080,1580,1680,1710
2025-10-31,0.6091650128364563,0.004985473224167425,1,0,0.4845856803576884,0.5154143196423115,0.5154143196423115,1.0,scale,0.24738941409606988,1080,1580,1680,1710
2025-11-01,0.612201988697052,-0.0022835066928438286,0,0,0.46802177249710963,0.5319782275028904,0.5319782275028904,1.0,scale,0.24738941409606988,1080,1580,1680,1710
2025-11-02,0.61080402135849,-0.09575909108784686,0,0,0.4920423358493713,0.5079576641506287,0.5079576641506287,1.0,scale,0.24738941409606988,1080,1580,1680,1710
2025-11-03,0.5523139834403992,-0.055797945477861655,0,1,0.5723289988923729,0.4276710011076271,0.5723289988923729,1.0,scale,0.24738941409606988,1080,1580,1680,1710
2025-11-04,0.5214959979057312,0.047265988825786254,1,1,0.6635604382167917,0.33643956178320833,0.6635604382167917,1.0,scale,0.24738941409606988,1080,1580,1680,1710
2025-11-05,0.5461450219154358,-0.02776369606952811,0,0,0.4831737749361506,0.5168262250638493,0.5168262250638493,1.0,0.1,0.24470046589737604,1110,1610,1710,1740
2025-11-06,0.5309820175170898,0.0848032194333439,1,1,0.5289292238117248,0.4710707761882752,0.5289292238117248,1.0,0.1,0.24470046589737604,1110,1610,1710,1740
2025-11-07,0.5760110020637512,-0.013173409675490966,0,1,0.5201740570050262,0.47982594299497383,0.5201740570050262,1.0,0.1,0.24470046589737604,1110,1610,1710,1740
2025-11-08,0.5684229731559753,0.017965502217519802,1,0,0.4034516569084174,0.5965483430915826,0.5965483430915826,1.0,0.1,0.24470046589737604,1110,1610,1710,1740
2025-11-09,0.5786349773406982,0.02477388481362164,1,0,0.4733842899296297,0.5266157100703703,0.5266157100703703,1.0,0.1,0.24470046589737604,1110,1610,1710,1740
2025-11-10,0.5929700136184692,-0.06145680314374613,0,0,0.44746875163773003,0.55253124836227,0.55253124836227,1.0,0.1,0.24470046589737604,1110,1610,1710,1740
2025-11-11,0.5565279722213745,-0.02024506827146655,0,1,0.5476502960196936,0.4523497039803064,0.5476502960196936,1.0,0.1,0.24470046589737604,1110,1610,1710,1740
2025-11-12,0.545261025428772,-0.02594359268217339,0,1,0.5329929142263486,0.46700708577365135,0.5329929142263486,1.0,0.1,0.24470046589737604,1110,1610,1710,1740
2025-11-13,0.5311149954795837,-0.06155916455299304,0,1,0.5850188717081674,0.41498112829183265,0.5850188717081674,1.0,0.1,0.24470046589737604,1110,1610,1710,1740
2025-11-14,0.4984200000762939,0.009991628897047411,1,1,0.7027942027320198,0.29720579726798024,0.7027942027320198,1.0,0.1,0.24470046589737604,1110,1610,1710,1740
2025-11-15,0.5034000277519226,-0.036859384788691996,0,1,0.595364211944572,0.404635788055428,0.595364211944572,1.0,0.1,0.24470046589737604,1110,1610,1710,1740
2025-11-16,0.4848450124263763,-0.039833363442276504,0,1,0.7007675544294548,0.2992324455705452,0.7007675544294548,1.0,0.1,0.24470046589737604,1110,1610,1710,1740
2025-11-17,0.4655320048332214,0.020295042553254206,1,1,0.6823651779879444,0.3176348220120556,0.6823651779879444,1.0,0.1,0.24470046589737604,1110,1610,1710,1740
2025-11-18,0.4749799966812134,-0.024718898931614053,0,1,0.5891793478002108,0.41082065219978925,0.5891793478002108,1.0,0.1,0.24470046589737604,1110,1610,1710,1740
2025-11-19,0.4632390141487121,-0.06657472386600827,0,1,0.6275745703989382,0.37242542960106184,0.6275745703989382,1.0,0.1,0.24470046589737604,1110,1610,1710,1740
2025-11-20,0.4323990046977997,-0.05377443077536603,0,1,0.6827299962077225,0.31727000379227754,0.6827299962077225,1.0,0.1,0.24470046589737604,1110,1610,1710,1740
2025-11-21,0.4091469943523407,-0.011093771112258066,0,1,0.666365722918093,0.33363427708190696,0.666365722918093,1.0,0.1,0.24470046589737604,1110,1610,1710,1740
2025-11-22,0.4046080112457275,0.009740290351074377,1,1,0.6308438572796194,0.36915614272038055,0.6308438572796194,1.0,0.1,0.24470046589737604,1110,1610,1710,1740
2025-11-23,0.4085490107536316,0.047223172556265514,1,1,0.6789257482926279,0.32107425170737214,0.6789257482926279,1.0,0.1,0.24470046589737604,1110,1610,1710,1740
2025-11-24,0.4278419911861419,-0.014549740369789621,0,1,0.6366143684191509,0.36338563158084913,0.6366143684191509,1.0,0.1,0.24470046589737604,1110,1610,1710,1740
2025-11-25,0.4216170012950897,0.03321736390285546,1,1,0.5775177621036475,0.42248223789635253,0.5775177621036475,1.0,0.1,0.24470046589737604,1110,1610,1710,1740
2025-11-26,0.4356220066547394,-0.0044465199507780495,0,1,0.5231940815146024,0.47680591848539755,0.5231940815146024,1.0,0.1,0.24470046589737604,1110,1610,1710,1740
2025-11-27,0.4336850047111511,-0.031022493456937528,0,1,0.5096782392707946,0.4903217607292054,0.5096782392707946,1.0,0.1,0.24470046589737604,1110,1610,1710,1740
2025-11-28,0.4202310144901275,-0.011536519724355099,0,1,0.5528990177722017,0.44710098222779826,0.5528990177722017,1.0,0.1,0.24470046589737604,1110,1610,1710,1740
2025-11-29,0.4153830111026764,0.0012084998781383138,1,1,0.5350731317383342,0.46492686826166585,0.5350731317383342,1.0,0.1,0.24470046589737604,1110,1610,1710,1740
2025-11-30,0.4158850014209747,-0.07254651361522235,0,1,0.5391076026606287,0.46089239733937126,0.5391076026606287,1.0,0.1,0.24470046589737604,1110,1610,1710,1740
2025-12-01,0.3857139945030212,0.12509273772265384,1,1,0.5075289939537796,0.4924710060462204,0.5075289939537796,1.0,0.1,0.24470046589737604,1110,1610,1710,1740
2025-12-02,0.4339640140533447,0.03881655465375067,1,0,0.4492529501241408,0.5507470498758592,0.5507470498758592,1.0,0.1,0.24470046589737604,1110,1610,1710,1740
2025-12-03,0.4508090019226074,-0.025188078780218337,0,0,0.4415312289516119,0.5584687710483881,0.5584687710483881,1.0,0.1,0.24470046589737604,1110,1610,1710,1740
2025-12-04,0.4394539892673492,-0.052754073766537846,0,1,0.533239507770288,0.46676049222971205,0.533239507770288,1.0,0.1,0.24470046589737604,1110,1610,1710,1740
2025-12-05,0.4162710011005401,-0.005621311455105249,0,0,0.47572942898708626,0.5242705710129137,0.5242705710129137,0.1,scale,0.25123541552475065,1140,1640,1740,1770
2025-12-06,0.4139310121536255,0.006957626130193129,1,0,0.4575872162701622,0.5424127837298378,0.5424127837298378,0.1,scale,0.25123541552475065,1140,1640,1740,1770
2025-12-07,0.4168109893798828,0.03690163834090665,1,0,0.48243551011732383,0.5175644898826761,0.5175644898826761,0.1,scale,0.25123541552475065,1140,1640,1740,1770
2025-12-08,0.4321919977664947,0.0874912261841625,1,0,0.4484914282166601,0.5515085717833399,0.5515085717833399,0.1,scale,0.25123541552475065,1140,1640,1740,1770
2025-12-09,0.4700050055980682,-0.034265584435389185,0,1,0.512241239658386,0.48775876034161403,0.512241239658386,0.1,scale,0.25123541552475065,1140,1640,1740,1770
2025-12-10,0.453900009393692,-0.06291257650756332,0,0,0.45290777061361515,0.5470922293863849,0.5470922293863849,0.1,scale,0.25123541552475065,1140,1640,1740,1770
2025-12-11,0.4253439903259277,-0.038107924117527725,0,0,0.47637775544947647,0.5236222445505235,0.5236222445505235,0.1,scale,0.25123541552475065,1140,1640,1740,1770
2025-12-12,0.4091350138187408,0.004697670715507085,1,0,0.48075846880856915,0.5192415311914309,0.5192415311914309,0.1,scale,0.25123541552475065,1140,1640,1740,1770
2025-12-13,0.4110569953918457,-0.03520920794525617,0,0,0.4539980208307415,0.5460019791692585,0.5460019791692585,0.1,scale,0.25123541552475065,1140,1640,1740,1770
2025-12-14,0.396584004163742,-0.021415402891272528,0,0,0.4990249511198274,0.5009750488801725,0.5009750488801725,0.1,scale,0.25123541552475065,1140,1640,1740,1770
2025-12-15,0.3880909979343414,-0.00609137967987361,0,0,0.48520728119413303,0.514792718805867,0.514792718805867,0.1,scale,0.25123541552475065,1140,1640,1740,1770
2025-12-16,0.3857269883155823,-0.04984095465836369,0,0,0.4731097902101055,0.5268902097898944,0.5268902097898944,0.1,scale,0.25123541552475065,1140,1640,1740,1770
2025-12-17,0.3665019869804382,-0.041137552950674006,0,1,0.5142769152651356,0.48572308473486436,0.5142769152651356,0.1,scale,0.25123541552475065,1140,1640,1740,1770
2025-12-18,0.3514249920845032,0.07172232113221089,1,1,0.5167821646370991,0.48321783536290086,0.5167821646370991,0.1,scale,0.25123541552475065,1140,1640,1740,1770
2025-12-19,0.3766300082206726,-0.009385875774256758,0,0,0.43480592706670224,0.5651940729332978,0.5651940729332978,0.1,scale,0.25123541552475065,1140,1640,1740,1770
2025-12-20,0.3730950057506561,-0.019308744610488038,0,0,0.4432663217629636,0.5567336782370365,0.5567336782370365,0.1,scale,0.25123541552475065,1140,1640,1740,1770
2025-12-21,0.3658910095691681,0.013435647108700488,1,0,0.4690688917544351,0.5309311082455649,0.5309311082455649,0.1,scale,0.25123541552475065,1140,1640,1740,1770
2025-12-22,0.3708069920539856,-0.021453168558853375,0,0,0.45134367991676866,0.5486563200832313,0.5486563200832313,0.1,scale,0.25123541552475065,1140,1640,1740,1770
2025-12-23,0.36285200715065,-0.01774832030736362,0,0,0.46351138492574695,0.536488615074253,0.536488615074253,0.1,scale,0.25123541552475065,1140,1640,1740,1770
2025-12-24,0.3564119935035705,-0.037024543945323285,0,0,0.4659643051290056,0.5340356948709943,0.5340356948709943,0.1,scale,0.25123541552475065,1140,1640,1740,1770
2025-12-25,0.3432160019874573,0.018548041587236552,1,0,0.4950438324079419,0.5049561675920581,0.5049561675920581,0.1,scale,0.25123541552475065,1140,1640,1740,1770
2025-12-26,0.3495819866657257,0.05709680925658733,1,0,0.4589312960819745,0.5410687039180255,0.5410687039180255,0.1,scale,0.25123541552475065,1140,1640,1740,1770
2025-12-27,0.3695420026779175,-0.0028143259408318633,0,0,0.43076475194193015,0.5692352480580698,0.5692352480580698,0.1,scale,0.25123541552475065,1140,1640,1740,1770
2025-12-28,0.3685019910335541,-0.04229828445495809,0,0,0.44845716733882185,0.5515428326611782,0.5515428326611782,0.1,scale,0.25123541552475065,1140,1640,1740,1770
2025-12-29,0.3529149889945984,-0.005094637988519168,0,0,0.47930361611066785,0.5206963838893321,0.5206963838893321,0.1,scale,0.25123541552475065,1140,1640,1740,1770
2025-12-30,0.3511170148849487,-0.05208236076598516,0,0,0.4463329685247281,0.5536670314752719,0.5536670314752719,0.1,scale,0.25123541552475065,1140,1640,1740,1770
2025-12-31,0.332830011844635,0.07025201286327021,1,0,0.49853781635613803,0.501462183643862,0.501462183643862,0.1,scale,0.25123541552475065,1140,1640,1740,1770
2026-01-01,0.3562119901180267,0.10540355144379521,1,0,0.4366435004953364,0.5633564995046636,0.5633564995046636,0.1,scale,0.25123541552475065,1140,1640,1740,1770
2026-01-02,0.3937579989433288,-0.01113119673250551,0,1,0.5011203349088575,0.49887966509114245,0.5011203349088575,0.1,scale,0.25123541552475065,1140,1640,1740,1770
2026-01-03,0.3893750011920929,0.027521004753293443,1,0,0.4634305114432773,0.5365694885567227,0.5365694885567227,0.1,scale,0.25123541552475065,1140,1640,1740,1770
2026-01-04,0.4000909924507141,0.05444510044301509,1,0,0.45451041740748443,0.5454895825925156,0.5454895825925156,0.1,scale,0.2504687565661733,1170,1670,1770,1800
2026-01-05,0.4218739867210388,-0.005328579738172801,0,0,0.4785941894666667,0.5214058105333332,0.5214058105333332,0.1,scale,0.2504687565661733,1170,1670,1770,1800
2026-01-06,0.4196259975433349,-0.04226617989714998,0,0,0.4634766862292528,0.5365233137707472,0.5365233137707472,0.1,scale,0.2504687565661733,1170,1670,1770,1800
2026-01-07,0.4018900096416473,-0.015539119913095756,0,0,0.44538863824493596,0.5546113617550641,0.5546113617550641,0.1,scale,0.2504687565661733,1170,1670,1770,1800
2026-01-08,0.3956449925899505,-0.012490995728041021,0,0,0.4397141274414496,0.5602858725585504,0.5602858725585504,0.1,scale,0.2504687565661733,1170,1670,1770,1800
2026-01-09,0.3907029926776886,-0.0071281696762053315,0,0,0.428426358083484,0.571573641916516,0.571573641916516,0.1,scale,0.2504687565661733,1170,1670,1770,1800
2026-01-10,0.3879179954528808,0.006101778929421986,1,0,0.4186627784026982,0.5813372215973018,0.5813372215973018,0.1,scale,0.2504687565661733,1170,1670,1770,1800
2026-01-11,0.3902849853038788,-0.011222537073171113,0,0,0.4367862757531259,0.5632137242468741,0.5632137242468741,0.1,scale,0.2504687565661733,1170,1670,1770,1800
2026-01-12,0.385904997587204,0.09202782368714124,1,0,0.45016663960794456,0.5498333603920554,0.5498333603920554,0.1,scale,0.2504687565661733,1170,1670,1770,1800
2026-01-13,0.4214189946651459,-0.016306807232430498,0,0,0.45523461995336995,0.5447653800466301,0.5447653800466301,0.1,scale,0.2504687565661733,1170,1670,1770,1800
2026-01-14,0.4145469963550567,-0.05081449607541788,0,0,0.44342106008735466,0.5565789399126453,0.5565789399126453,0.1,scale,0.2504687565661733,1170,1670,1770,1800
2026-01-15,0.3934819996356964,0.005215001213733306,1,0,0.4357797804782164,0.5642202195217836,0.5642202195217836,0.1,scale,0.2504687565661733,1170,1670,1770,1800
2026-01-16,0.3955340087413788,0.0028720790113319072,1,0,0.41011151665590934,0.5898884833440907,0.5898884833440907,0.1,scale,0.2504687565661733,1170,1670,1770,1800
2026-01-17,0.3966700136661529,-0.05288279814699226,0,0,0.4081454605719205,0.5918545394280794,0.5918545394280794,0.1,scale,0.2504687565661733,1170,1670,1770,1800
2026-01-18,0.3756929934024811,-0.014820605632244188,0,0,0.46076958310857397,0.539230416891426,0.539230416891426,0.1,scale,0.2504687565661733,1170,1670,1770,1800
2026-01-19,0.3701249957084656,-0.05321718539818643,0,0,0.4996929772539045,0.5003070227460955,0.5003070227460955,0.1,scale,0.2504687565661733,1170,1670,1770,1800
2026-01-20,0.3504279851913452,0.04357246539753845,1,0,0.4997147495627662,0.5002852504372338,0.5002852504372338,0.1,scale,0.2504687565661733,1170,1670,1770,1800
2026-01-21,0.3656969964504242,-0.018594617853587847,0,0,0.4161922075257816,0.5838077924742184,0.5838077924742184,0.1,scale,0.2504687565661733,1170,1670,1770,1800
2026-01-22,0.3588970005512237,0.0033491148287516648,1,0,0.4285397480946491,0.5714602519053509,0.5714602519053509,0.1,scale,0.2504687565661733,1170,1670,1770,1800
2026-01-23,0.3600989878177643,-0.005376267998861484,0,0,0.4210908565519646,0.5789091434480353,0.5789091434480353,0.1,scale,0.2504687565661733,1170,1670,1770,1800
2026-01-24,0.3581629991531372,-0.05432720838718341,0,0,0.4158020251776501,0.5841979748223499,0.5841979748223499,0.1,scale,0.2504687565661733,1170,1670,1770,1800
2026-01-25,0.3387050032615661,0.03924653591615157,1,1,0.520437724654906,0.479562275345094,0.520437724654906,0.1,scale,0.2504687565661733,1170,1670,1770,1800
2026-01-26,0.3519980013370514,0.02359671539289354,1,0,0.4095915328210956,0.5904084671789044,0.5904084671789044,0.1,scale,0.2504687565661733,1170,1670,1770,1800
2026-01-27,0.3603039979934692,-0.006730386517688092,0,0,0.41064687891815727,0.5893531210818428,0.5893531210818428,0.1,scale,0.2504687565661733,1170,1670,1770,1800
2026-01-28,0.3578790128231048,-0.06669574624553232,0,0,0.42078012682751254,0.5792198731724875,0.5792198731724875,0.1,scale,0.2504687565661733,1170,1670,1770,1800
2026-01-29,0.3340100049972534,-0.04088202952375908,0,0,0.48849243097459905,0.511507569025401,0.511507569025401,0.1,scale,0.2504687565661733,1170,1670,1770,1800
2026-01-30,0.3203549981117248,-0.08384131848217502,0,0,0.49923321058383413,0.5007667894161658,0.5007667894161658,0.1,scale,0.2504687565661733,1170,1670,1770,1800
2026-01-31,0.2934960126876831,-0.02543142367069684,0,1,0.5805257635748812,0.41947423642511883,0.5805257635748812,0.1,scale,0.2504687565661733,1170,1670,1770,1800
2026-02-01,0.2860319912433624,0.04498803403878093,1,1,0.5260690573511853,0.47393094264881475,0.5260690573511853,0.1,scale,0.2504687565661733,1170,1670,1770,1800
2026-02-02,0.2989000082015991,-0.027139555427931006,0,0,0.46821346807233194,0.531786531927668,0.531786531927668,0.1,scale,0.2504687565661733,1170,1670,1770,1800
2026-02-03,0.2907879948616028,-0.015430512729745272,0,0,0.4717344373374824,0.5282655626625177,0.5282655626625177,0.1,scale,0.24397813173061514,1200,1700,1800,1830
2026-02-04,0.2863009870052337,-0.14465891239906625,0,0,0.4706795914188424,0.5293204085811576,0.5293204085811576,0.1,scale,0.24397813173061514,1200,1700,1800,1830
2026-02-05,0.2448849976062774,0.1280152055920325,1,1,0.6014550163593307,0.39854498364066926,0.6014550163593307,0.1,scale,0.24397813173061514,1200,1700,1800,1830
2026-02-06,0.2762340009212494,-0.014006230529595043,0,0,0.4606025040452264,0.5393974959547736,0.5393974959547736,0.1,scale,0.24397813173061514,1200,1700,1800,1830
2026-02-07,0.272365003824234,-0.0077176486447775305,0,0,0.45854901696870376,0.5414509830312962,0.5414509830312962,0.1,scale,0.24397813173061514,1200,1700,1800,1830
2026-02-08,0.2702629864215851,-0.00205347707746395,0,0,0.4469693566906543,0.5530306433093457,0.5530306433093457,0.1,scale,0.24397813173061514,1200,1700,1800,1830
2026-02-09,0.2697080075740814,-0.029802653046183347,0,0,0.45027043271974054,0.5497295672802595,0.5497295672802595,0.1,scale,0.24397813173061514,1200,1700,1800,1830
2026-02-10,0.2616699934005737,-0.023380592761794827,0,0,0.4680258718152822,0.5319741281847178,0.5319741281847178,0.1,scale,0.24397813173061514,1200,1700,1800,1830
2026-02-11,0.2555519938468933,0.03393438199060439,1,0,0.4838930930142967,0.5161069069857033,0.5161069069857033,0.1,scale,0.24397813173061514,1200,1700,1800,1830
2026-02-12,0.2642239928245544,0.03204857359997648,1,0,0.4309291092882375,0.5690708907117625,0.5690708907117625,0.1,scale,0.24397813173061514,1200,1700,1800,1830
2026-02-13,0.2726919949054718,0.08278206890145112,1,0,0.4237509044241738,0.5762490955758262,0.5762490955758262,0.1,scale,0.24397813173061514,1200,1700,1800,1830
2026-02-14,0.2952660024166107,-0.04567406272612329,0,0,0.45959951578714636,0.5404004842128536,0.5404004842128536,0.1,scale,0.24397813173061514,1200,1700,1800,1830
2026-02-15,0.2817800045013428,0.013169796026808234,1,0,0.4457430232268786,0.5542569767731214,0.5542569767731214,0.1,scale,0.24397813173061514,1200,1700,1800,1830
2026-02-16,0.2854909896850586,-0.015846358385751103,0,0,0.41408141844302193,0.5859185815569781,0.5859185815569781,0.1,scale,0.24397813173061514,1200,1700,1800,1830
2026-02-17,0.2809669971466064,-0.02626996141577853,0,0,0.42778537827361385,0.5722146217263862,0.5722146217263862,0.1,scale,0.24397813173061514,1200,1700,1800,1830
2026-02-18,0.2735860049724579,-0.0037977029033589016,0,0,0.4355175227398939,0.564482477260106,0.564482477260106,0.1,scale,0.24397813173061514,1200,1700,1800,1830
2026-02-19,0.2725470066070556,0.04534999934391548,1,0,0.4293459509142524,0.5706540490857476,0.5706540490857476,0.1,scale,0.24397813173061514,1200,1700,1800,1830
2026-02-20,0.2849070131778717,-0.01714600780573594,0,0,0.4233117718174758,0.5766882281825242,0.5766882281825242,0.1,scale,0.24397813173061514,1200,1700,1800,1830
2026-02-21,0.280021995306015,-0.03084042652713459,0,0,0.4144435630397821,0.585556436960218,0.585556436960218,0.1,scale,0.24397813173061514,1200,1700,1800,1830
2026-02-22,0.2713859975337982,-0.03364574675086862,0,0,0.42809654924221213,0.5719034507577878,0.5719034507577878,0.1,scale,0.24397813173061514,1200,1700,1800,1830
2026-02-23,0.2622550129890442,-0.013334366688038335,0,0,0.4742061193378761,0.5257938806621238,0.5257938806621238,0.1,scale,0.24397813173061514,1200,1700,1800,1830
2026-02-24,0.258758008480072,0.14652291661435823,1,0,0.4354612061836553,0.5645387938163446,0.5645387938163446,0.1,scale,0.24397813173061514,1200,1700,1800,1830
2026-02-25,0.296671986579895,-0.03269262837706155,0,1,0.5330284809498189,0.4669715190501811,0.5330284809498189,0.1,scale,0.24397813173061514,1200,1700,1800,1830
2026-02-26,0.2869729995727539,-0.03259195764224232,0,0,0.43298648207275686,0.5670135179272431,0.5670135179272431,0.1,scale,0.24397813173061514,1200,1700,1800,1830
2026-02-27,0.2776199877262115,0.014390178995362879,1,0,0.4264361529719759,0.5735638470280241,0.5735638470280241,0.1,scale,0.24397813173061514,1200,1700,1800,1830
2026-02-28,0.2816149890422821,-0.02853177085477443,0,0,0.42524405439911256,0.5747559456008875,0.5747559456008875,0.1,scale,0.24397813173061514,1200,1700,1800,1830
2026-03-01,0.2735800147056579,0.011919730033981057,1,0,0.4247465800507177,0.5752534199492823,0.5752534199492823,0.1,scale,0.24397813173061514,1200,1700,1800,1830
2026-03-02,0.2768410146236419,-0.05040077000892318,0,0,0.4133387338922425,0.5866612661077575,0.5866612661077575,0.1,scale,0.24397813173061514,1200,1700,1800,1830
2026-03-03,0.2628880143165588,0.050264718812641496,1,0,0.46040409186305037,0.5395959081369497,0.5395959081369497,0.1,scale,0.24397813173061514,1200,1700,1800,1830
2026-03-04,0.2761020064353943,-0.025755020861474298,0,0,0.4180054175237107,0.5819945824762893,0.5819945824762893,0.1,scale,0.24397813173061514,1200,1700,1800,1830
2026-03-05,0.2689909934997558,-0.03700497682210191,0,0,0.4101561953017723,0.5898438046982277,0.5898438046982277,0.1,scale,0.23877722567629178,1230,1730,1830,1860
2026-03-06,0.2590369880199432,-0.01684695264143732,0,0,0.42491862101134265,0.5750813789886573,0.5750813789886573,0.1,scale,0.23877722567629178,1230,1730,1830,1860
2026-03-07,0.2546730041503906,-0.021294009601414254,0,0,0.4279599747196461,0.5720400252803539,0.5720400252803539,0.1,scale,0.23877722567629178,1230,1730,1830,1860
2026-03-08,0.2492499947547912,0.023045176854218807,1,0,0.44140843261751156,0.5585915673824884,0.5585915673824884,0.1,scale,0.23877722567629178,1230,1730,1830,1860
2026-03-09,0.2549940049648285,0.027522215231822633,1,0,0.4155483772335118,0.5844516227664882,0.5844516227664882,0.1,scale,0.23877722567629178,1230,1730,1830,1860
2026-03-10,0.2620120048522949,0.0020037162475725623,1,0,0.40820085502176245,0.5917991449782376,0.5917991449782376,0.1,scale,0.23877722567629178,1230,1730,1830,1860
2026-03-11,0.2625370025634765,0.002517685894874555,1,0,0.40382111835010354,0.5961788816498965,0.5961788816498965,0.1,scale,0.23877722567629178,1230,1730,1830,1860
2026-03-12,0.2631979882717132,0.009483370754481468,1,0,0.4004157263890987,0.5995842736109013,0.5995842736109013,0.1,scale,0.23877722567629178,1230,1730,1830,1860
2026-03-13,0.2656939923763275,-0.008468335746624533,0,0,0.4231124012394634,0.5768875987605366,0.5768875987605366,0.1,scale,0.23877722567629178,1230,1730,1830,1860
2026-03-14,0.2634440064430237,0.024304971857686652,1,0,0.40235464500523,0.59764535499477,0.59764535499477,0.1,scale,0.23877722567629178,1230,1730,1830,1860
2026-03-15,0.2698470056056976,0.07609124813643686,1,0,0.4058925309193077,0.5941074690806922,0.5941074690806922,0.1,scale,0.23877722567629178,1230,1730,1830,1860
2026-03-16,0.2903800010681152,-0.004535417121668939,0,0,0.48756434604089294,0.5124356539591071,0.5124356539591071,0.1,scale,0.23877722567629178,1230,1730,1830,1860
2026-03-17,0.2890630066394806,-0.05144904114659288,0,0,0.4288780396063722,0.5711219603936277,0.5711219603936277,0.1,scale,0.23877722567629178,1230,1730,1830,1860
2026-03-18,0.2741909921169281,-0.024927820468911843,0,0,0.41774649403158975,0.5822535059684102,0.5822535059684102,0.1,scale,0.23877722567629178,1230,1730,1830,1860
2026-03-19,0.2673560082912445,-0.004626808289262763,0,0,0.41435162084171623,0.5856483791582838,0.5856483791582838,0.1,scale,0.23877722567629178,1230,1730,1830,1860
2026-03-20,0.2661190032958984,-0.031376995190757095,0,0,0.4124283093927291,0.5875716906072709,0.5875716906072709,0.1,scale,0.23877722567629178,1230,1730,1830,1860
2026-03-21,0.2577689886093139,-0.02783106409171987,0,0,0.4247162630099864,0.5752837369900137,0.5752837369900137,0.1,scale,0.23877722567629178,1230,1730,1830,1860
2026-03-22,0.2505950033664703,0.043919461720794084,1,0,0.45374833717588176,0.5462516628241183,0.5462516628241183,0.1,scale,0.23877722567629178,1230,1730,1830,1860
2026-03-23,0.2616010010242462,0.017538189490779565,1,0,0.4141472370950001,0.5858527629049999,0.5858527629049999,0.1,scale,0.23877722567629178,1230,1730,1830,1860
2026-03-24,0.2661890089511871,0.015470193592102,1,0,0.39944956675356563,0.6005504332464344,0.6005504332464344,0.1,scale,0.23877722567629178,1230,1730,1830,1860
2026-03-25,0.2703070044517517,-0.05746429051031765,0,0,0.411055088064468,0.588944911935532,0.588944911935532,0.1,scale,0.23877722567629178,1230,1730,1830,1860
2026-03-26,0.2547740042209625,-0.034344189012793236,0,0,0.42973544346401155,0.5702645565359885,0.5702645565359885,0.1,scale,0.23877722567629178,1230,1730,1830,1860
2026-03-27,0.2460239976644516,-0.0014836111391910434,0,0,0.4393104374133088,0.5606895625866912,0.5606895625866912,0.1,scale,0.23877722567629178,1230,1730,1830,1860
2026-03-28,0.2456589937210083,-0.024818911874732175,0,0,0.4221837934585718,0.5778162065414282,0.5778162065414282,0.1,scale,0.23877722567629178,1230,1730,1830,1860
2026-03-29,0.2395620048046112,0.015160977347762117,1,0,0.4455423059497836,0.5544576940502164,0.5544576940502164,0.1,scale,0.23877722567629178,1230,1730,1830,1860
2026-03-30,0.2431939989328384,-0.006706545821312915,0,0,0.422704399485505,0.577295600514495,0.577295600514495,0.1,scale,0.23877722567629178,1230,1730,1830,1860
2026-03-31,0.241563007235527,0.02688739060758616,1,0,0.43187546512884595,0.5681245348711541,0.5681245348711541,0.1,scale,0.23877722567629178,1230,1730,1830,1860
2026-04-01,0.2480580061674118,-0.035072494918120256,0,0,0.409471521903603,0.5905284780963971,0.5905284780963971,0.1,scale,0.23877722567629178,1230,1730,1830,1860
2026-04-02,0.2393579930067062,0.028451147145655886,1,0,0.43223631610022234,0.5677636838997777,0.5677636838997777,0.1,scale,0.23877722567629178,1230,1730,1830,1860
2026-04-03,0.2461680024862289,0.007234903273627413,1,0,0.40359055245339936,0.5964094475466006,0.5964094475466006,0.1,scale,0.23877722567629178,1230,1730,1830,1860
2026-04-04,0.2479490041732788,0.00999400465492628,1,0,0.40867730991250445,0.5913226900874955,0.5913226900874955,10.0,scale,0.24212682824628037,1260,1760,1860,1890
2026-04-05,0.2504270076751709,-0.017318470591707658,0,0,0.45362456394280465,0.5463754360571953,0.5463754360571953,10.0,scale,0.24212682824628037,1260,1760,1860,1890
2026-04-06,0.2460899949073791,0.07193308797794984,1,0,0.4288541783776249,0.571145821622375,0.571145821622375,10.0,scale,0.24212682824628037,1260,1760,1860,1890
2026-04-07,0.2637920081615448,-0.049588364133953844,0,0,0.4490277906624016,0.5509722093375984,0.5509722093375984,10.0,scale,0.24212682824628037,1260,1760,1860,1890
2026-04-08,0.2507109940052032,0.012392800445529373,1,0,0.4445174625758446,0.5554825374241554,0.5554825374241554,10.0,scale,0.24212682824628037,1260,1760,1860,1890
2026-04-09,0.25381800532341,0.0017374061537078767,1,0,0.4301673410772194,0.5698326589227807,0.5698326589227807,10.0,scale,0.24212682824628037,1260,1760,1860,1890
2026-04-10,0.2542589902877807,-0.018076037131032674,0,0,0.4031279080890765,0.5968720919109235,0.5968720919109235,10.0,scale,0.24212682824628037,1260,1760,1860,1890
2026-04-11,0.2496629953384399,-0.05363625511799763,0,0,0.4378429359042448,0.5621570640957552,0.5621570640957552,10.0,scale,0.24212682824628037,1260,1760,1860,1890
2026-04-12,0.2362720072269439,0.05206286651077141,1,0,0.4672476431748899,0.53275235682511,0.53275235682511,10.0,scale,0.24212682824628037,1260,1760,1860,1890
2026-04-13,0.2485730051994323,-0.03582853578933043,0,0,0.4131870197134998,0.5868129802865002,0.5868129802865002,10.0,scale,0.24212682824628037,1260,1760,1860,1890
2026-04-14,0.239666998386383,0.02603194025285105,1,0,0.4410092455541433,0.5589907544458568,0.5589907544458568,10.0,scale,0.24212682824628037,1260,1760,1860,1890
2026-04-15,0.2459059953689575,0.05424023746260542,1,0,0.44012157123788087,0.5598784287621191,0.5598784287621191,10.0,scale,0.24212682824628037,1260,1760,1860,1890
2026-04-16,0.2592439949512481,-0.0014696305288611766,0,0,0.440536896787789,0.559463103212211,0.559463103212211,10.0,scale,0.24212682824628037,1260,1760,1860,1890
2026-04-17,0.2588630020618438,-0.036138839956384894,0,0,0.44404945648222693,0.5559505435177731,0.5559505435177731,10.0,scale,0.24212682824628037,1260,1760,1860,1890
2026-04-18,0.2495079934597015,-0.027991068906375927,0,0,0.4230801591331251,0.576919840866875,0.576919840866875,10.0,scale,0.24212682824628037,1260,1760,1860,1890
2026-04-19,0.2425239980220794,0.023766751395194463,1,0,0.43145771795347115,0.5685422820465289,0.5685422820465289,10.0,scale,0.24212682824628037,1260,1760,1860,1890
2026-04-20,0.2482880055904388,0.0054855486562923605,1,0,0.40355023313225796,0.596449766867742,0.596449766867742,10.0,scale,0.24212682824628037,1260,1760,1860,1890
2026-04-21,0.2496500015258789,-0.004366132719834326,0,0,0.4209733779341228,0.5790266220658772,0.5790266220658772,10.0,scale,0.24212682824628037,1260,1760,1860,1890
2026-04-22,0.2485599964857101,0.005829593804867583,1,0,0.44431940419546917,0.5556805958045308,0.5556805958045308,10.0,scale,0.24212682824628037,1260,1760,1860,1890
2026-04-23,0.2500090003013611,0.0017558896209397545,1,0,0.41569028514621614,0.5843097148537839,0.5843097148537839,10.0,scale,0.24212682824628037,1260,1760,1860,1890
2026-04-24,0.2504479885101318,-0.0007106444350303276,0,0,0.4029301389081557,0.5970698610918443,0.5970698610918443,10.0,scale,0.24212682824628037,1260,1760,1860,1890
2026-04-25,0.2502700090408325,0.00822311622702876,1,0,0.4187473147673739,0.5812526852326261,0.5812526852326261,10.0,scale,0.24212682824628037,1260,1760,1860,1890
2026-04-26,0.2523280084133148,-0.0165538662360869,0,0,0.42954119118610556,0.5704588088138944,0.5704588088138944,10.0,scale,0.24212682824628037,1260,1760,1860,1890
2026-04-27,0.2481510043144226,-0.005424144839541567,0,0,0.4071528479012577,0.5928471520987423,0.5928471520987423,10.0,scale,0.24212682824628037,1260,1760,1860,1890
2026-04-28,0.2468049973249435,-0.009270471912272149,0,0,0.4206641782103924,0.5793358217896076,0.5793358217896076,10.0,scale,0.24212682824628037,1260,1760,1860,1890
2026-04-29,0.2445169985294342,0.006801160661865424,1,0,0.37752732695196306,0.622472673048037,0.622472673048037,10.0,scale,0.24212682824628037,1260,1760,1860,1890
2026-04-30,0.24617999792099,0.0078763454202746,1,0,0.40619906280180895,0.593800937198191,0.593800937198191,10.0,scale,0.24212682824628037,1260,1760,1860,1890
2026-05-01,0.2481189966201782,0.00791148439035183,1,0,0.41197689509616964,0.5880231049038304,0.5880231049038304,10.0,scale,0.24212682824628037,1260,1760,1860,1890
2026-05-02,0.2500819861888885,-0.0025871256372180795,0,0,0.41754432800421626,0.5824556719957837,0.5824556719957837,10.0,scale,0.24212682824628037,1260,1760,1860,1890
2026-05-03,0.2494349926710128,0.0018401606901221612,1,0,0.4243076086263053,0.5756923913736947,0.5756923913736947,10.0,scale,0.24212682824628037,1260,1760,1860,1890
2026-05-04,0.2498939931392669,0.04899683973299651,1,0,0.44574570386792467,0.5542542961320753,0.5542542961320753,1.0,0.01,0.24494750902924797,1290,1790,1890,1920
2026-05-05,0.2621380090713501,0.017452578999378243,1,0,0.4389872712372457,0.5610127287627543,0.5610127287627543,1.0,0.01,0.24494750902924797,1290,1790,1890,1920
2026-05-06,0.2667129933834076,-0.015334765905614223,0,0,0.44555736189451534,0.5544426381054847,0.5544426381054847,1.0,0.01,0.24494750902924797,1290,1790,1890,1920
2026-05-07,0.2626230120658874,0.04050286842077222,1,0,0.44151923726579123,0.5584807627342088,0.5584807627342088,1.0,0.01,0.24494750902924797,1290,1790,1890,1920
2026-05-08,0.2732599973678589,-0.009042669911192847,0,0,0.4404068858242896,0.5595931141757104,0.5595931141757104,1.0,0.01,0.24494750902924797,1290,1790,1890,1920
2026-05-09,0.2707889974117279,0.0432514422191701,1,0,0.4414409068956536,0.5585590931043465,0.5585590931043465,1.0,0.01,0.24494750902924797,1290,1790,1890,1920
2026-05-10,0.2825010120868683,-0.0069628525140569275,0,0,0.45637312419094495,0.543626875809055,0.543626875809055,1.0,0.01,0.24494750902924797,1290,1790,1890,1920
2026-05-11,0.2805339992046356,-0.034291782386763,0,0,0.4467923326944844,0.5532076673055156,0.5532076673055156,1.0,0.01,0.24494750902924797,1290,1790,1890,1920
2026-05-12,0.2709139883518219,-0.023088511847434323,0,0,0.44941949779523716,0.5505805022047628,0.5505805022047628,1.0,0.01,0.24494750902924797,1290,1790,1890,1920
2026-05-13,0.2646589875221252,0.020781529651206165,1,0,0.44970853225522245,0.5502914677447776,0.5502914677447776,1.0,0.01,0.24494750902924797,1290,1790,1890,1920
2026-05-14,0.2701590061187744,-0.032095970538217666,0,0,0.4423877719577374,0.5576122280422626,0.5576122280422626,1.0,0.01,0.24494750902924797,1290,1790,1890,1920
2026-05-15,0.2614879906177521,-0.024655003754809224,0,0,0.448234045255334,0.551765954744666,0.551765954744666,1.0,0.01,0.24494750902924797,1290,1790,1890,1920
2026-05-16,0.2550410032272339,-0.012409795278108149,0,0,0.4461502180891872,0.5538497819108128,0.5538497819108128,1.0,0.01,0.24494750902924797,1290,1790,1890,1920
2026-05-17,0.2518759965896606,-0.002072399449284834,0,0,0.44728024886107504,0.552719751138925,0.552719751138925,1.0,0.01,0.24494750902924797,1290,1790,1890,1920
2026-05-18,0.2513540089130401,-0.012452571667602719,0,0,0.44986502878356327,0.5501349712164367,0.5501349712164367,1.0,0.01,0.24494750902924797,1290,1790,1890,1920
2026-05-19,0.2482240051031112,0.0031302018828036626,1,0,0.439546784764233,0.5604532152357671,0.5604532152357671,1.0,0.01,0.24494750902924797,1290,1790,1890,1920
2026-05-20,0.249000996351242,0.005044112646582999,1,0,0.4398162138106576,0.5601837861893424,0.5601837861893424,1.0,0.01,0.24494750902924797,1290,1790,1890,1920
2026-05-21,0.2502569854259491,-0.03130377144561125,0,0,0.440022943058708,0.5599770569412921,0.5599770569412921,1.0,0.01,0.24494750902924797,1290,1790,1890,1920
2026-05-22,0.2424229979515075,0.0142437038117047,1,0,0.4443305573566085,0.5556694426433915,0.5556694426433915,1.0,0.01,0.24494750902924797,1290,1790,1890,1920
2026-05-23,0.2458759993314743,-0.01523939424957832,0,0,0.43431233739907504,0.565687662600925,0.565687662600925,1.0,0.01,0.24494750902924797,1290,1790,1890,1920
2026-05-24,0.2421289980411529,0.005501199396738654,1,0,0.43248341488171854,0.5675165851182815,0.5675165851182815,1.0,0.01,0.24494750902924797,1290,1790,1890,1920
2026-05-25,0.2434609979391098,-0.015033181663971829,0,0,0.43387996330893386,0.5661200366910661,0.5661200366910661,1.0,0.01,0.24494750902924797,1290,1790,1890,1920
2026-05-26,0.2398010045289993,-0.011421959409978477,0,0,0.44195958174260563,0.5580404182573944,0.5580404182573944,1.0,0.01,0.24494750902924797,1290,1790,1890,1920
2026-05-27,0.237062007188797,-0.011161696155915446,0,0,0.4379630753570802,0.5620369246429198,0.5620369246429198,1.0,0.01,0.24494750902924797,1290,1790,1890,1920
2026-05-28,0.2344159930944442,-0.007751126394353713,0,0,0.44042710002985763,0.5595728999701424,0.5595728999701424,1.0,0.01,0.24494750902924797,1290,1790,1890,1920
2026-05-29,0.2325990051031112,0.012222720139812626,1,0,0.43410834865577025,0.5658916513442298,0.5658916513442298,1.0,0.01,0.24494750902924797,1290,1790,1890,1920
2026-05-30,0.2354419976472854,-0.0006583442218776048,0,0,0.43235801161435794,0.5676419883856421,0.5676419883856421,1.0,0.01,0.24494750902924797,1290,1790,1890,1920
2026-05-31,0.235286995768547,-0.020124329291937748,0,0,0.4324425164598956,0.5675574835401044,0.5675574835401044,1.0,0.01,0.24494750902924797,1290,1790,1890,1920
2026-06-01,0.23055200278759,-0.07807352119297695,0,0,0.4464683483431228,0.5535316516568771,0.5535316516568771,1.0,0.01,0.24494750902924797,1290,1790,1890,1920
2026-06-02,0.2125519961118698,-0.05692253214585996,0,0,0.4669133234861144,0.5330866765138855,0.5330866765138855,1.0,0.01,0.24494750902924797,1290,1790,1890,1920
2026-06-03,0.2004529982805252,-0.10378494240298575,0,0,0.43707752953752876,0.5629224704624712,0.5629224704624712,1.0,0.01,0.2493333369129977,1320,1820,1920,1950
2026-06-04,0.1796489953994751,-0.12813875866370728,0,0,0.4428816882182099,0.5571183117817902,0.5571183117817902,1.0,0.01,0.2493333369129977,1320,1820,1920,1950
2026-06-05,0.1566289961338043,0.004003160820740037,1,0,0.4460572884191694,0.5539427115808306,0.5539427115808306,1.0,0.01,0.2493333369129977,1320,1820,1920,1950
2026-06-06,0.157256007194519,0.049079186057177315,1,0,0.43975193379848104,0.560248066201519,0.560248066201519,1.0,0.01,0.2493333369129977,1320,1820,1920,1950
2026-06-07,0.1649740040302276,0.03249597289114914,1,0,0.4346427936814816,0.5653572063185184,0.5653572063185184,1.0,0.01,0.2493333369129977,1320,1820,1920,1950
2026-06-08,0.1703349947929382,-0.029753071213091786,0,0,0.4321193893753258,0.5678806106246742,0.5678806106246742,1.0,0.01,0.2493333369129977,1320,1820,1920,1950
2026-06-09,0.1652670055627823,-0.02722867552180952,0,0,0.4338920513474285,0.5661079486525715,0.5661079486525715,1.0,0.01,0.2493333369129977,1320,1820,1920,1950
2026-06-10,0.1607670038938522,0.059520853440821586,1,0,0.4345910353516777,0.5654089646483222,0.5654089646483222,1.0,0.01,0.2493333369129977,1320,1820,1920,1950
2026-06-11,0.1703359931707382,-0.002911892209424116,0,0,0.42952814257956645,0.5704718574204335,0.5704718574204335,1.0,0.01,0.2493333369129977,1320,1820,1920,1950
2026-06-12,0.1698399931192398,0.011251851129813195,1,0,0.4308149837090331,0.5691850162909668,0.5691850162909668,1.0,0.01,0.2493333369129977,1320,1820,1920,1950
2026-06-13,0.171751007437706,0.06424414682784985,1,0,0.4297962748003064,0.5702037251996936,0.5702037251996936,1.0,0.01,0.2493333369129977,1320,1820,1920,1950
2026-06-14,0.1827850043773651,-0.023125515734161883,0,0,0.42915012501336197,0.570849874986638,0.570849874986638,1.0,0.01,0.2493333369129977,1320,1820,1920,1950
2026-06-15,0.1785580068826675,-0.03589871336683992,0,0,0.4335405573133559,0.566459442686644,0.566459442686644,1.0,0.01,0.2493333369129977,1320,1820,1920,1950
2026-06-16,0.1721480041742324,-0.032280366326118415,0,0,0.4314236180044588,0.5685763819955412,0.5685763819955412,1.0,0.01,0.2493333369129977,1320,1820,1920,1950
2026-06-17,0.166591003537178,-0.018986678841078186,0,0,0.4344408044522323,0.5655591955477677,0.5655591955477677,1.0,0.01,0.2493333369129977,1320,1820,1920,1950
2026-06-18,0.1634279936552047,-0.008162595793540839,0,0,0.43288778475728273,0.5671122152427173,0.5671122152427173,1.0,0.01,0.2493333369129977,1320,1820,1920,1950
2026-06-19,0.1620939970016479,0.006058222031663618,1,0,0.43278830097216514,0.5672116990278349,0.5672116990278349,1.0,0.01,0.2493333369129977,1320,1820,1920,1950
2026-06-20,0.1630759984254837,-0.03950302658709104,0,0,0.4321251945291603,0.5678748054708397,0.5678748054708397,1.0,0.01,0.2493333369129977,1320,1820,1920,1950
2026-06-21,0.1566340029239654,0.011415084198018954,1,0,0.4347767524997931,0.5652232475002069,0.5652232475002069,1.0,0.01,0.2493333369129977,1320,1820,1920,1950
2026-06-22,0.1584219932556152,-0.044564464911884705,0,0,0.4324336321476896,0.5675663678523104,0.5675663678523104,1.0,0.01,0.2493333369129977,1320,1820,1920,1950
2026-06-23,0.1513620018959045,-0.02542910169317303,0,0,0.43546019000203157,0.5645398099979684,0.5645398099979684,1.0,0.01,0.2493333369129977,1320,1820,1920,1950
2026-06-24,0.1475130021572113,-0.02768573544133346,0,0,0.43572947577860827,0.5642705242213917,0.5642705242213917,1.0,0.01,0.2493333369129977,1320,1820,1920,1950
2026-06-25,0.1434289962053299,0.033305673753191156,1,0,0.43368506538966717,0.5663149346103329,0.5663149346103329,1.0,0.01,0.2493333369129977,1320,1820,1920,1950
2026-06-26,0.1482059955596923,-0.02095730356599923,0,0,0.4307149846151311,0.569285015384869,0.569285015384869,1.0,0.01,0.2493333369129977,1320,1820,1920,1950
2026-06-27,0.1450999975204467,-0.009862186336199175,0,0,0.43129903290079996,0.5687009670992,0.5687009670992,1.0,0.01,0.2493333369129977,1320,1820,1920,1950
2026-06-28,0.143668994307518,0.013350152357582967,1,0,0.43094393332507275,0.5690560666749273,0.5690560666749273,1.0,0.01,0.2493333369129977,1320,1820,1920,1950
2026-06-29,0.1455869972705841,-0.009787948592134499,0,0,0.43126716538874066,0.5687328346112593,0.5687328346112593,1.0,0.01,0.2493333369129977,1320,1820,1920,1950
2026-06-30,0.1441619992256164,0.06852010037058065,1,0,0.43054865139739334,0.5694513486026067,0.5694513486026067,1.0,0.01,0.2493333369129977,1320,1820,1920,1950
2026-07-01,0.1540399938821792,0.047085214156800115,1,0,0.4315064051740086,0.5684935948259914,0.5684935948259914,1.0,0.01,0.2493333369129977,1320,1820,1920,1950
2026-07-02,0.1612929999828338,0.1154793106920704,1,0,0.42825164823727085,0.5717483517627291,0.5717483517627291,1.0,0.01,0.2493333369129977,1320,1820,1920,1950
2026-07-03,0.1799190044403076,0.06731913441597581,1,0,0.43600590731384775,0.5639940926861522,0.5639940926861522,1.0,0.01,0.2455635932331116,1350,1850,1950,1980
2026-07-04,0.1920309960842132,-0.013877958392430556,0,0,0.4351272054088572,0.5648727945911428,0.5648727945911428,1.0,0.01,0.2455635932331116,1350,1850,1950,1980
2026-07-05,0.1893659979104995,-0.02816770074165853,0,0,0.43376734711286175,0.5662326528871382,0.5662326528871382,1.0,0.01,0.2455635932331116,1350,1850,1950,1980
2026-07-06,0.184031993150711,-0.05183334199717582,0,0,0.43277606719524264,0.5672239328047574,0.5672239328047574,1.0,0.01,0.2455635932331116,1350,1850,1950,1980
2026-07-07,0.1744929999113083,-0.043514673364972056,0,0,0.433219391854478,0.566780608145522,0.566780608145522,1.0,0.01,0.2455635932331116,1350,1850,1950,1980
2026-07-08,0.1668999940156936,-0.0023366878654814682,0,0,0.4352243621797006,0.5647756378202994,0.5647756378202994,1.0,0.01,0.2455635932331116,1350,1850,1950,1980
2026-07-09,0.1665100008249282,4.805671444030324e-05,1,0,0.43383664301890507,0.5661633569810949,0.5661633569810949,1.0,0.01,0.2455635932331116,1350,1850,1950,1980
2026-07-10,0.1665180027484893,-0.0033089529562586595,0,0,0.43424772429238495,0.565752275707615,0.565752275707615,1.0,0.01,0.2455635932331116,1350,1850,1950,1980
2026-07-11,0.1659670025110244,-0.024149349376635043,0,0,0.4332830635010955,0.5667169364989044,0.5667169364989044,1.0,0.01,0.2455635932331116,1350,1850,1950,1980
2026-07-12,0.1619590073823928,-0.029192598872837316,0,0,0.4342985750825865,0.5657014249174135,0.5657014249174135,1.0,0.01,0.2455635932331116,1350,1850,1950,1980
2026-07-13,0.1572310030460357,0.05084871536945057,1,0,0.43579959910970073,0.5642004008902992,0.5642004008902992,1.0,0.01,0.2455635932331116,1350,1850,1950,1980
2026-07-14,0.1652259975671768,-0.0007686598884267815,0,0,0.43227307563562717,0.5677269243643728,0.5677269243643728,1.0,0.01,0.2455635932331116,1350,1850,1950,1980
2026-07-15,0.1650989949703216,-0.026820267796526465,0,0,0.4321536335928103,0.5678463664071898,0.5678463664071898,1.0,0.01,0.2455635932331116,1350,1850,1950,1980
2026-07-16,0.1606709957122802,0.03716911039125814,1,0,0.43236920432915843,0.5676307956708415,0.5676307956708415,1.0,0.01,0.2455635932331116,1350,1850,1950,1980
2026-07-17,0.1666429936885833,-0.0001259923124121709,0,0,0.4312603587126099,0.5687396412873901,0.5687396412873901,1.0,0.01,0.2455635932331116,1350,1850,1950,1980
2026-07-18,0.1666219979524612,-0.003834977386940719,0,0,0.4280243020084832,0.5719756979915168,0.5719756979915168,1.0,0.01,0.2455635932331116,1350,1850,1950,1980
2026-07-19,0.1659830063581466,0.022899863550640776,1,0,0.42839174476279557,0.5716082552372044,0.5716082552372044,1.0,0.01,0.2455635932331116,1350,1850,1950,1980
2026-07-20,0.1697839945554733,0.0209913787164151,1,0,0.4341852707719933,0.5658147292280067,0.5658147292280067,1.0,0.01,0.2455635932331116,1350,1850,1950,1980
2026-07-21,0.173347994685173,0.004961151230526761,1,0,0.4296289417129798,0.5703710582870203,0.5703710582870203,1.0,0.01,0.2455635932331116,1350,1850,1950,1980
2026-07-22,0.1742080003023147,-0.03379294718174419,0,0,0.4301799805012995,0.5698200194987004,0.5698200194987004,1.0,0.01,0.2455635932331116,1350,1850,1950,1980
2026-07-23,0.1683209985494613,-0.026716759484096353,0,0,0.4313934423153436,0.5686065576846564,0.5686065576846564,1.0,0.01,0.2455635932331116,1350,1850,1950,1980
2026-07-24,0.1638240069150924,0.004956502353138159,1,0,0.432131617723672,0.567868382276328,0.567868382276328,1.0,0.01,0.2455635932331116,1350,1850,1950,1980
2026-07-25,0.1646360009908676,0.00653561761808219,1,0,0.4303252546424508,0.5696747453575493,0.5696747453575493,1.0,0.01,0.2455635932331116,1350,1850,1950,1980
2026-07-26,0.1657119989395141,-0.062059426959203634,0,0,0.43124727730756823,0.5687527226924318,0.5687527226924318,1.0,0.01,0.2455635932331116,1350,1850,1950,1980
2026-07-27,0.1554280072450637,0.039638862473547976,1,0,0.4385418190841478,0.5614581809158522,0.5614581809158522,1.0,0.01,0.2455635932331116,1350,1850,1950,1980
2026-07-28,0.1615889966487884,0.0026301049404584553,1,0,0.4309240759692917,0.5690759240307083,0.5690759240307083,1.0,0.01,0.2455635932331116,1350,1850,1950,1980
2026-07-29,0.1620139926671981,0.047347845381614295,1,0,0.4317160042946951,0.568283995705305,0.568283995705305,1.0,0.01,0.2455635932331116,1350,1850,1950,1980
2026-07-30,0.1696850061416626,-0.010142378818354114,0,0,0.4308630990746146,0.5691369009253854,0.5691369009253854,1.0,0.01,0.2455635932331116,1350,1850,1950,1980
2026-07-31,0.1679639965295791,0.03722229659613796,1,0,0.43057542424281986,0.5694245757571801,0.5694245757571801,1.0,0.01,0.2455635932331116,1350,1850,1950,1980
2026-08-01,0.1742160022258758,0.08689213422677367,1,0,0.4302061565150191,0.569793843484981,0.569793843484981,1.0,0.01,0.2455635932331116,1350,1850,1950,1980
2026-08-02,0.1893540024757385,0.022370785622032763,1,0,0.45092627416053954,0.5490737258394605,0.5490737258394605,1.0,0.01,0.24465968565950777,1380,1880,1980,2010
2026-08-03,0.1935900002717971,-0.004132437831969149,0,0,0.4402291724529692,0.5597708275470308,0.5597708275470308,1.0,0.01,0.24465968565950777,1380,1880,1980,2010
2026-08-04,0.192790001630783,-0.007879011136103675,0,0,0.43678377190655204,0.563216228093448,0.563216228093448,1.0,0.01,0.24465968565950777,1380,1880,1980,2010
2026-08-05,0.1912710070610046,0.049756621621411146,1,0,0.4351962057870331,0.5648037942129669,0.5648037942129669,1.0,0.01,0.24465968565950777,1380,1880,1980,2010
2026-08-06,0.2007880061864853,0.0015538802292152099,1,0,0.44687641069138256,0.5531235893086175,0.5531235893086175,1.0,0.01,0.24465968565950777,1380,1880,1980,2010
2026-08-07,0.201100006699562,-0.00936853978924801,0,0,0.4382558605784583,0.5617441394215417,0.5617441394215417,1.0,0.01,0.24465968565950777,1380,1880,1980,2010
2026-08-08,0.1992159932851791,-0.02289972016938413,0,0,0.43704972715823265,0.5629502728417674,0.5629502728417674,1.0,0.01,0.24465968565950777,1380,1880,1980,2010
2026-08-09,0.1946540027856826,-0.0184892316923303,0,0,0.441172022416722,0.5588279775832781,0.5588279775832781,1.0,0.01,0.24465968565950777,1380,1880,1980,2010
2026-08-10,0.1910549998283386,-0.021669176516540545,0,0,0.44342383501739674,0.5565761649826033,0.5565761649826033,1.0,0.01,0.24465968565950777,1380,1880,1980,2010
2026-08-11,0.1869149953126907,-0.024123275731559035,0,0,0.44308323224777063,0.5569167677522293,0.5569167677522293,1.0,0.01,0.24465968565950777,1380,1880,1980,2010
2026-08-12,0.1824059933423996,-0.0008332612398979089,0,0,0.44082483334366335,0.5591751666563367,0.5591751666563367,1.0,0.01,0.24465968565950777,1380,1880,1980,2010
2026-08-13,0.1822540014982223,-0.013173890729996973,0,0,0.43774529558644626,0.5622547044135537,0.5622547044135537,1.0,0.01,0.24465968565950777,1380,1880,1980,2010
2026-08-14,0.17985300719738,-0.020689193487410495,0,0,0.43913276231612064,0.5608672376838794,0.5608672376838794,1.0,0.01,0.24465968565950777,1380,1880,1980,2010
2026-08-15,0.1761319935321808,-0.007295589566784222,0,0,0.43689882483351333,0.5631011751664867,0.5631011751664867,1.0,0.01,0.24465968565950777,1380,1880,1980,2010
2026-08-16,0.1748470067977905,-0.004781322035585345,0,0,0.43742724512381403,0.562572754876186,0.562572754876186,1.0,0.01,0.24465968565950777,1380,1880,1980,2010
2026-08-17,0.1740110069513321,0.0014538845512219734,1,0,0.43515575451714894,0.5648442454828511,0.5648442454828511,1.0,0.01,0.24465968565950777,1380,1880,1980,2010
2026-08-18,0.1742639988660812,0.0723672233623911,1,0,0.431013485207605,0.5689865147923949,0.5689865147923949,1.0,0.01,0.24465968565950777,1380,1880,1980,2010
2026-08-19,0.1868750005960464,0.06514512554811391,1,0,0.4431241947570975,0.5568758052429025,0.5568758052429025,1.0,0.01,0.24465968565950777,1380,1880,1980,2010
2026-08-20,0.1990489959716797,0.15153056396669196,1,0,0.4359438384944256,0.5640561615055744,0.5640561615055744,1.0,0.01,0.24465968565950777,1380,1880,1980,2010
2026-08-21,0.2292110025882721,-0.01288771551850243,0,0,0.4591196373727743,0.5408803626272257,0.5408803626272257,1.0,0.01,0.24465968565950777,1380,1880,1980,2010
2026-08-22,0.2262569963932037,0.0026739595030245145,1,0,0.44720081877519774,0.5527991812248023,0.5527991812248023,1.0,0.01,0.24465968565950777,1380,1880,1980,2010
2026-08-23,0.2268619984388351,-0.025134239651728674,0,0,0.4385459949687799,0.5614540050312201,0.5614540050312201,1.0,0.01,0.24465968565950777,1380,1880,1980,2010
2026-08-24,0.2211599946022033,-0.05452156868346647,0,0,0.43999749674519717,0.5600025032548028,0.5600025032548028,1.0,0.01,0.24465968565950777,1380,1880,1980,2010
2026-08-25,0.2091020047664642,0.016790832317721938,1,0,0.44238827293679955,0.5576117270632004,0.5576117270632004,1.0,0.01,0.24465968565950777,1380,1880,1980,2010
2026-08-26,0.2126130014657974,0.005653474432018912,1,0,0.4355425379100465,0.5644574620899535,0.5644574620899535,1.0,0.01,0.24465968565950777,1380,1880,1980,2010
2026-08-27,0.2138150036334991,-0.05028649618834391,0,0,0.44045533519487506,0.559544664805125,0.559544664805125,1.0,0.01,0.24465968565950777,1380,1880,1980,2010
2026-08-28,0.2030629962682724,-0.007347442385436276,0,0,0.44608103988506886,0.5539189601149311,0.5539189601149311,1.0,0.01,0.24465968565950777,1380,1880,1980,2010
2026-08-29,0.2015710026025772,-0.0439745812899508,0,0,0.4368290427289123,0.5631709572710877,0.5631709572710877,1.0,0.01,0.24465968565950777,1380,1880,1980,2010
2026-08-30,0.1927070021629333,0.026236689578721606,1,0,0.4541083565086738,0.5458916434913261,0.5458916434913261,1.0,0.01,0.24465968565950777,1380,1880,1980,2010
2026-08-31,0.1977629959583282,-0.0062953739738466075,0,0,0.4378946481105187,0.5621053518894813,0.5621053518894813,1.0,0.01,0.24465968565950777,1380,1880,1980,2010
