timestamp,close,future_return_1d,y_true,prediction,prob_positive,prob_negative,confidence,selected_C,selected_gamma,validation_brier,fold_start,train_end,validation_end,test_end
2022-10-22,19208.189453125,0.018680488353712166,1,0,0.42978817466858493,0.570211825331415,0.570211825331415,1.0,scale,0.2448147979249365,0,500,600,630
2022-10-23,19567.0078125,-0.011316781236911488,0,0,0.43053856942520286,0.5694614305747971,0.5694614305747971,1.0,scale,0.2448147979249365,0,500,600,630
2022-10-24,19345.572265625,0.03878330120960949,1,0,0.4307420905368221,0.5692579094631779,0.5692579094631779,1.0,scale,0.2448147979249365,0,500,600,630
2022-10-25,20095.857421875,0.03356831063305088,1,0,0.431348228592539,0.568651771407461,0.568651771407461,1.0,scale,0.2448147979249365,0,500,600,630
2022-10-26,20770.44140625,-0.0233314959115013,0,0,0.4310157835948137,0.5689842164051864,0.5689842164051864,1.0,scale,0.2448147979249365,0,500,600,630
2022-10-27,20285.8359375,0.015257721000682789,1,0,0.42950403922143626,0.5704959607785638,0.5704959607785638,1.0,scale,0.2448147979249365,0,500,600,630
2022-10-28,20595.3515625,0.01083375534148523,1,0,0.42984318658727705,0.570156813412723,0.570156813412723,1.0,scale,0.2448147979249365,0,500,600,630
2022-10-29,20818.4765625,-0.008784170461560437,0,0,0.4299715272786322,0.5700284727213678,0.5700284727213678,1.0,scale,0.2448147979249365,0,500,600,630
2022-10-30,20635.603515625,-0.006776156462742766,0,0,0.429636955986633,0.570363044013367,0.570363044013367,1.0,scale,0.2448147979249365,0,500,600,630
2022-10-31,20495.7734375,-0.0005123007449325812,0,0,0.4308608147697491,0.569139185230251,0.569139185230251,1.0,scale,0.2448147979249365,0,500,600,630
2022-11-01,20485.2734375,-0.015902620594443806,0,0,0.4307675077004409,0.5692324922995591,0.5692324922995591,1.0,scale,0.2448147979249365,0,500,600,630
2022-11-02,20159.50390625,0.0025042468919260763,1,0,0.43156756717625927,0.5684324328237407,0.5684324328237407,1.0,scale,0.2448147979249365,0,500,600,630
2022-11-03,20209.98828125,0.0463751969796804,1,0,0.4311210099401842,0.5688789900598158,0.5688789900598158,1.0,scale,0.2448147979249365,0,500,600,630
2022-11-04,21147.23046875,0.006405611254872046,1,0,0.4315466337446484,0.5684533662553516,0.5684533662553516,1.0,scale,0.2448147979249365,0,500,600,630
2022-11-05,21282.69140625,-0.01673684363155281,0,0,0.4315771408045569,0.5684228591954431,0.5684228591954431,1.0,scale,0.2448147979249365,0,500,600,630
2022-11-06,20926.486328125,-0.015466997985227438,0,0,0.43040269336266407,0.5695973066373359,0.5695973066373359,1.0,scale,0.2448147979249365,0,500,600,630
2022-11-07,20602.81640625,-0.10006131594948431,0,0,0.43153880516037235,0.5684611948396276,0.5684611948396276,1.0,scale,0.2448147979249365,0,500,600,630
2022-11-08,18541.271484375,-0.14349022466876316,0,0,0.4332751629943914,0.5667248370056086,0.5667248370056086,1.0,scale,0.2448147979249365,0,500,600,630
2022-11-09,15880.7802734375,0.10742489862358795,1,0,0.4354929004005205,0.5645070995994794,0.5645070995994794,1.0,scale,0.2448147979249365,0,500,600,630
2022-11-10,17586.771484375,-0.03141443647663533,0,0,0.433760999385983,0.566239000614017,0.566239000614017,1.0,scale,0.2448147979249365,0,500,600,630
2022-11-11,17034.29296875,-0.013802006476365758,0,0,0.43457902068685256,0.5654209793131475,0.5654209793131475,1.0,scale,0.2448147979249365,0,500,600,630
2022-11-12,16799.185546875,-0.026538209918333333,0,0,0.4342040668922644,0.5657959331077356,0.5657959331077356,1.0,scale,0.2448147979249365,0,500,600,630
2022-11-13,16353.365234375,0.016194463988263186,1,0,0.43460978102327813,0.5653902189767219,0.5653902189767219,1.0,scale,0.2448147979249365,0,500,600,630
2022-11-14,16618.19921875,0.016031463998783302,1,0,0.43360632404211885,0.5663936759578811,0.5663936759578811,1.0,scale,0.2448147979249365,0,500,600,630
2022-11-15,16884.61328125,-0.0127437818409466,0,0,0.4328623706222603,0.5671376293777397,0.5671376293777397,1.0,scale,0.2448147979249365,0,500,600,630
2022-11-16,16669.439453125,0.0010845070736082985,1,0,0.43383669447840534,0.5661633055215947,0.5661633055215947,1.0,scale,0.2448147979249365,0,500,600,630
2022-11-17,16687.517578125,0.0006148167681003791,1,0,0.4350835766518719,0.5649164233481281,0.5649164233481281,1.0,scale,0.2448147979249365,0,500,600,630
2022-11-18,16697.77734375,0.0008246325823211276,1,0,0.4352090951818043,0.5647909048181957,0.5647909048181957,1.0,scale,0.2448147979249365,0,500,600,630
2022-11-19,16711.546875,-0.025115259939095247,0,0,0.4353070228267049,0.5646929771732951,0.5646929771732951,1.0,scale,0.2448147979249365,0,500,600,630
2022-11-20,16291.83203125,-0.030969374751391165,0,0,0.4357244766321767,0.5642755233678233,0.5642755233678233,1.0,scale,0.2448147979249365,0,500,600,630
2022-11-21,15787.2841796875,0.025494274188105903,1,0,0.4643654119750514,0.5356345880249487,0.5356345880249487,1.0,0.01,0.2478141392675693,30,530,630,660
2022-11-22,16189.76953125,0.02600021570334854,1,0,0.4258437320785579,0.574156267921442,0.574156267921442,1.0,0.01,0.2478141392675693,30,530,630,660
2022-11-23,16610.70703125,-0.0003757930043709612,0,0,0.4173309465076701,0.5826690534923299,0.5826690534923299,1.0,0.01,0.2478141392675693,30,530,630,660
2022-11-24,16604.46484375,-0.004975953615638518,0,0,0.41230960568914476,0.5876903943108552,0.5876903943108552,1.0,0.01,0.2478141392675693,30,530,630,660
2022-11-25,16521.841796875,-0.0034839061881034583,0,0,0.41204031552054304,0.587959684479457,0.587959684479457,1.0,0.01,0.2478141392675693,30,530,630,660
2022-11-26,16464.28125,-0.0011937537130568554,0,0,0.41899407810377887,0.5810059218962211,0.5810059218962211,1.0,0.01,0.2478141392675693,30,530,630,660
2022-11-27,16444.626953125,-0.013822428939733733,0,0,0.4207597386551038,0.5792402613448961,0.5792402613448961,1.0,0.01,0.2478141392675693,30,530,630,660
2022-11-28,16217.322265625,0.014038085481754337,1,0,0.4305860524630567,0.5694139475369433,0.5694139475369433,1.0,0.01,0.2478141392675693,30,530,630,660
2022-11-29,16444.982421875,0.044000289316970864,1,0,0.4112923375436445,0.5887076624563554,0.5887076624563554,1.0,0.01,0.2478141392675693,30,530,630,660
2022-11-30,17168.56640625,-0.011732697360023692,0,0,0.41027635867180917,0.5897236413281908,0.5897236413281908,1.0,0.01,0.2478141392675693,30,530,630,660
2022-12-01,16967.1328125,0.007162515027905547,1,0,0.440987213397499,0.559012786602501,0.559012786602501,1.0,0.01,0.2478141392675693,30,530,630,660
2022-12-02,17088.66015625,-0.010558102652595158,0,0,0.4402024234064062,0.5597975765935939,0.5597975765935939,1.0,0.01,0.2478141392675693,30,530,630,660
2022-12-03,16908.236328125,0.013144481522908036,1,0,0.44697260543428213,0.5530273945657178,0.5530273945657178,1.0,0.01,0.2478141392675693,30,530,630,660
2022-12-04,17130.486328125,-0.00908673304822849,0,0,0.44472385678958687,0.5552761432104132,0.5552761432104132,1.0,0.01,0.2478141392675693,30,530,630,660
2022-12-05,16974.826171875,0.006755753090715411,1,0,0.4560312904047157,0.5439687095952843,0.5439687095952843,1.0,0.01,0.2478141392675693,30,530,630,660
2022-12-06,17089.50390625,-0.01412428087141393,0,0,0.44100905638305254,0.5589909436169475,0.5589909436169475,1.0,0.01,0.2478141392675693,30,530,630,660
2022-12-07,16848.126953125,0.022871839541696026,1,0,0.4487314914423502,0.5512685085576499,0.5512685085576499,1.0,0.01,0.2478141392675693,30,530,630,660
2022-12-08,17233.474609375,-0.005821360340788395,0,0,0.4372302728598999,0.5627697271401001,0.5627697271401001,1.0,0.01,0.2478141392675693,30,530,630,660
2022-12-09,17133.15234375,-0.00025843080632004245,0,0,0.4287424327020357,0.5712575672979643,0.5712575672979643,1.0,0.01,0.2478141392675693,30,530,630,660
2022-12-10,17128.724609375,-0.0014321702613265819,0,0,0.4089700053093878,0.5910299946906121,0.5910299946906121,1.0,0.01,0.2478141392675693,30,530,630,660
2022-12-11,17104.193359375,0.005977723618808328,1,0,0.4222136950080567,0.5777863049919433,0.5777863049919433,1.0,0.01,0.2478141392675693,30,530,630,660
2022-12-12,17206.4375,0.033410801008343594,1,0,0.42743948067612525,0.5725605193238748,0.5725605193238748,1.0,0.01,0.2478141392675693,30,530,630,660
2022-12-13,17781.318359375,0.0019307922256450727,1,0,0.42023096464100645,0.5797690353589935,0.5797690353589935,1.0,0.01,0.2478141392675693,30,530,630,660
2022-12-14,17815.650390625,-0.02530276169357326,0,0,0.41043813956038466,0.5895618604396153,0.5895618604396153,1.0,0.01,0.2478141392675693,30,530,630,660
2022-12-15,17364.865234375,-0.04131220425223303,0,0,0.41659176765074524,0.5834082323492548,0.5834082323492548,1.0,0.01,0.2478141392675693,30,530,630,660
2022-12-16,16647.484375,0.008866650272798315,1,0,0.4447790818048115,0.5552209181951885,0.5552209181951885,1.0,0.01,0.2478141392675693,30,530,630,660
2022-12-17,16795.091796875,-0.0022098857704312413,0,0,0.4225107123567439,0.577489287643256,0.577489287643256,1.0,0.01,0.2478141392675693,30,530,630,660
2022-12-18,16757.9765625,-0.01899375344110854,0,0,0.4266771338712445,0.5733228661287555,0.5733228661287555,1.0,0.01,0.2478141392675693,30,530,630,660
2022-12-19,16439.6796875,0.028384068842582266,1,0,0.4551463482939247,0.5448536517060754,0.5448536517060754,1.0,0.01,0.2478141392675693,30,530,630,660
2022-12-20,16906.3046875,-0.005250676176186131,0,0,0.43594591406956085,0.5640540859304392,0.5640540859304392,1.0,0.01,0.2478141392675693,30,530,630,660
2022-12-21,16817.53515625,0.0007615052090579333,1,0,0.3794128901209134,0.6205871098790866,0.6205871098790866,1.0,0.1,0.24498526550051775,60,560,660,690
2022-12-22,16830.341796875,-0.001983838015767403,0,0,0.36534196128592844,0.6346580387140716,0.6346580387140716,1.0,0.1,0.24498526550051775,60,560,660,690
2022-12-23,16796.953125,0.003024520816182319,1,0,0.35993923727888055,0.6400607627211194,0.6400607627211194,1.0,0.1,0.24498526550051775,60,560,660,690
2022-12-24,16847.755859375,-0.000342451024228807,0,0,0.36665023969634214,0.6333497603036579,0.6333497603036579,1.0,0.1,0.24498526550051775,60,560,660,690
2022-12-25,16841.986328125,0.004620497716771643,1,0,0.3696843218873249,0.6303156781126751,0.6303156781126751,1.0,0.1,0.24498526550051775,60,560,660,690
2022-12-26,16919.8046875,-0.011975957353969946,0,0,0.36181836720012706,0.6381816327998729,0.6381816327998729,1.0,0.1,0.24498526550051775,60,560,660,690
2022-12-27,16717.173828125,-0.009846255365429935,0,0,0.4163395953428282,0.5836604046571718,0.5836604046571718,1.0,0.1,0.24498526550051775,60,560,660,690
2022-12-28,16552.572265625,0.0054232979508825885,1,0,0.4042173510518681,0.5957826489481319,0.5957826489481319,1.0,0.1,0.24498526550051775,60,560,660,690
2022-12-29,16642.341796875,-0.002388838052975517,0,0,0.37872146102146914,0.6212785389785309,0.6212785389785309,1.0,0.1,0.24498526550051775,60,560,660,690
2022-12-30,16602.5859375,-0.0033181483870876605,0,0,0.3927797160193243,0.6072202839806757,0.6072202839806757,1.0,0.1,0.24498526550051775,60,560,660,690
2022-12-31,16547.49609375,0.0046885633896178724,1,0,0.39131198390003896,0.608688016099961,0.608688016099961,1.0,0.1,0.24498526550051775,60,560,660,690
2023-01-01,16625.080078125,0.0038129515588565255,1,0,0.39194832179540917,0.6080516782045908,0.6080516782045908,1.0,0.1,0.24498526550051775,60,560,660,690
2023-01-02,16688.470703125,-0.000516121662866742,0,0,0.4005829069085356,0.5994170930914644,0.5994170930914644,1.0,0.1,0.24498526550051775,60,560,660,690
2023-01-03,16679.857421875,0.010994150293785143,1,0,0.4018666700315019,0.5981333299684981,0.5981333299684981,1.0,0.1,0.24498526550051775,60,560,660,690
2023-01-04,16863.23828125,-0.0015715814888571655,0,0,0.40092383006909027,0.5990761699309097,0.5990761699309097,1.0,0.1,0.24498526550051775,60,560,660,690
2023-01-05,16836.736328125,0.006844106816741524,1,0,0.40855104661386926,0.5914489533861307,0.5914489533861307,1.0,0.1,0.24498526550051775,60,560,660,690
2023-01-06,16951.96875,0.00018342264818071996,1,0,0.40270513658795853,0.5972948634120414,0.5972948634120414,1.0,0.1,0.24498526550051775,60,560,660,690
2023-01-07,16955.078125,0.008025112314249405,1,0,0.4270275284816148,0.5729724715183853,0.5729724715183853,1.0,0.1,0.24498526550051775,60,560,660,690
2023-01-08,17091.14453125,0.006167530562816603,1,0,0.4017912668935149,0.5982087331064851,0.5982087331064851,1.0,0.1,0.24498526550051775,60,560,660,690
2023-01-09,17196.5546875,0.014522576515372032,1,0,0.42014130687822226,0.5798586931217777,0.5798586931217777,1.0,0.1,0.24498526550051775,60,560,660,690
2023-01-10,17446.29296875,0.02800615102017323,1,0,0.44032415929190816,0.5596758407080918,0.5596758407080918,1.0,0.1,0.24498526550051775,60,560,660,690
2023-01-11,17934.896484375,0.052115795988246116,1,0,0.44169091486791057,0.5583090851320894,0.5583090851320894,1.0,0.1,0.24498526550051775,60,560,660,690
2023-01-12,18869.587890625,0.05511441660269112,1,0,0.4558028954392317,0.5441971045607683,0.5441971045607683,1.0,0.1,0.24498526550051775,60,560,660,690
2023-01-13,19909.57421875,0.05357847423830919,1,0,0.477912085918851,0.522087914081149,0.522087914081149,1.0,0.1,0.24498526550051775,60,560,660,690
2023-01-14,20976.298828125,-0.004552757413617381,0,0,0.4632248156942751,0.5367751843057249,0.5367751843057249,1.0,0.1,0.24498526550051775,60,560,660,690
2023-01-15,20880.798828125,0.013832516023570829,1,0,0.48751861121226425,0.5124813887877357,0.5124813887877357,1.0,0.1,0.24498526550051775,60,560,660,690
2023-01-16,21169.6328125,-0.00038325091993141047,0,0,0.44140863120042106,0.5585913687995789,0.5585913687995789,1.0,0.1,0.24498526550051775,60,560,660,690
2023-01-17,21161.51953125,-0.022339524368838015,0,0,0.44132023235812046,0.5586797676418795,0.5586797676418795,1.0,0.1,0.24498526550051775,60,560,660,690
2023-01-18,20688.78125,0.019238045679950355,1,0,0.40502470145346053,0.5949752985465395,0.5949752985465395,1.0,0.1,0.24498526550051775,60,560,660,690
2023-01-19,21086.79296875,0.07539125404137925,1,0,0.4498767687663256,0.5501232312336743,0.5501232312336743,1.0,0.1,0.24498526550051775,60,560,660,690
2023-01-20,22676.552734375,0.004457126566322689,1,0,0.49898657765686405,0.501013422343136,0.501013422343136,0.1,scale,0.25382123640297094,90,590,690,720
2023-01-21,22777.625,-0.002511630794474806,0,0,0.49355762667834274,0.5064423733216572,0.5064423733216572,0.1,scale,0.25382123640297094,90,590,690,720
2023-01-22,22720.416015625,0.009419529327844067,1,0,0.4938272951910201,0.5061727048089799,0.5061727048089799,0.1,scale,0.25382123640297094,90,590,690,720
2023-01-23,22934.431640625,-0.012991945703908492,0,0,0.48716357582180314,0.5128364241781969,0.5128364241781969,0.1,scale,0.25382123640297094,90,590,690,720
2023-01-24,22636.46875,0.021266153759075257,1,0,0.483313584893146,0.516686415106854,0.516686415106854,0.1,scale,0.25382123640297094,90,590,690,720
2023-01-25,23117.859375,-0.003680359408276712,0,0,0.4830387436104011,0.5169612563895989,0.5169612563895989,0.1,scale,0.25382123640297094,90,590,690,720
2023-01-26,23032.77734375,0.0019950339114214177,1,0,0.48075917981350685,0.5192408201864931,0.5192408201864931,0.1,scale,0.25382123640297094,90,590,690,720
2023-01-27,23078.728515625,-0.0020641809553220147,0,0,0.48480355593557617,0.5151964440644239,0.5151964440644239,0.1,scale,0.25382123640297094,90,590,690,720
2023-01-28,23031.08984375,0.03228143207915801,1,0,0.48839103141559365,0.5116089685844063,0.5116089685844063,0.1,scale,0.25382123640297094,90,590,690,720
2023-01-29,23774.56640625,-0.03930367092328346,0,1,0.5017335934957475,0.49826640650425247,0.5017335934957475,0.1,scale,0.25382123640297094,90,590,690,720
2023-01-30,22840.138671875,0.013097316769725253,1,0,0.47726305098237537,0.5227369490176246,0.5227369490176246,0.1,scale,0.25382123640297094,90,590,690,720
2023-01-31,23139.283203125,0.025259482888651652,1,0,0.46749712470460875,0.5325028752953913,0.5325028752953913,0.1,scale,0.25382123640297094,90,590,690,720
2023-02-01,23723.76953125,-0.01061797692681965,0,0,0.4742022880258017,0.5257977119741983,0.5257977119741983,0.1,scale,0.25382123640297094,90,590,690,720
2023-02-02,23471.87109375,-0.0009606745041729203,0,0,0.46899711060655414,0.5310028893934459,0.5310028893934459,0.1,scale,0.25382123640297094,90,590,690,720
2023-02-03,23449.322265625,-0.005009723012217249,0,0,0.46318129156683296,0.536818708433167,0.536818708433167,0.1,scale,0.25382123640297094,90,590,690,720
2023-02-04,23331.84765625,-0.01612309690031044,0,0,0.4703076786235928,0.5296923213764072,0.5296923213764072,0.1,scale,0.25382123640297094,90,590,690,720
2023-02-05,22955.666015625,-0.008518883333286542,0,0,0.4808750771896359,0.519124922810364,0.519124922810364,0.1,scale,0.25382123640297094,90,590,690,720
2023-02-06,22760.109375,0.022151986720186922,1,0,0.4787795999884511,0.5212204000115489,0.5212204000115489,0.1,scale,0.25382123640297094,90,590,690,720
2023-02-07,23264.291015625,-0.013965290320121615,0,0,0.466814474026768,0.533185525973232,0.533185525973232,0.1,scale,0.25382123640297094,90,590,690,720
2023-02-08,22939.3984375,-0.04883996317743455,0,0,0.47130906552185586,0.5286909344781441,0.5286909344781441,0.1,scale,0.25382123640297094,90,590,690,720
2023-02-09,21819.0390625,-0.007693073387383564,0,1,0.5241234117407324,0.4758765882592676,0.5241234117407324,0.1,scale,0.25382123640297094,90,590,690,720
2023-02-10,21651.18359375,0.010146854341645195,1,1,0.509575944773405,0.49042405522659505,0.509575944773405,0.1,scale,0.25382123640297094,90,590,690,720
2023-02-11,21870.875,-0.003779998514005456,0,0,0.48790170210645606,0.512098297893544,0.512098297893544,0.1,scale,0.25382123640297094,90,590,690,720
2023-02-12,21788.203125,0.0009132665684197239,1,0,0.48695304685221524,0.5130469531477848,0.5130469531477848,0.1,scale,0.25382123640297094,90,590,690,720
2023-02-13,21808.1015625,0.018924303145655852,1,0,0.4854281112129624,0.5145718887870376,0.5145718887870376,0.1,scale,0.25382123640297094,90,590,690,720
2023-02-14,22220.8046875,0.09392266116037784,1,0,0.46665741905636887,0.5333425809436312,0.5333425809436312,0.1,scale,0.25382123640297094,90,590,690,720
2023-02-15,24307.841796875,-0.028154173176657027,0,0,0.48792305639102895,0.512076943608971,0.512076943608971,0.1,scale,0.25382123640297094,90,590,690,720
2023-02-16,23623.474609375,0.03988096453648349,1,0,0.4624387713652648,0.5375612286347352,0.5375612286347352,0.1,scale,0.25382123640297094,90,590,690,720
2023-02-17,24565.6015625,0.0030805588480080637,1,0,0.46930071544049684,0.5306992845595031,0.5306992845595031,0.1,scale,0.25382123640297094,90,590,690,720
2023-02-18,24641.27734375,-0.012728023845912761,0,0,0.46950239150578577,0.5304976084942142,0.5304976084942142,0.1,scale,0.25382123640297094,90,590,690,720
2023-02-19,24327.642578125,0.020614650916729094,1,0,0.4597884440311888,0.5402115559688112,0.5402115559688112,0.1,scale,0.25322308195403753,120,620,720,750
2023-02-20,24829.1484375,-0.01581991113645098,0,0,0.45793584840242035,0.5420641515975797,0.5420641515975797,0.1,scale,0.25322308195403753,120,620,720,750
2023-02-21,24436.353515625,-0.01012875204423358,0,0,0.4588612501093463,0.5411387498906537,0.5411387498906537,0.1,scale,0.25322308195403753,120,620,720,750
2023-02-22,24188.84375,-0.00997780485063493,0,0,0.46418726343279454,0.5358127365672054,0.5358127365672054,0.1,scale,0.25322308195403753,120,620,720,750
2023-02-23,23947.4921875,-0.03129201289670536,0,0,0.4710417096170158,0.5289582903829841,0.5289582903829841,0.1,scale,0.25322308195403753,120,620,720,750
2023-02-24,23198.126953125,-0.0009807668166905703,0,0,0.49616791219377593,0.5038320878062241,0.5038320878062241,0.1,scale,0.25322308195403753,120,620,720,750
2023-02-25,23175.375,0.016648614774302573,1,0,0.4878512227134461,0.5121487772865538,0.5121487772865538,0.1,scale,0.25322308195403753,120,620,720,750
2023-02-26,23561.212890625,-0.0016273269569350157,0,0,0.47356392068084924,0.5264360793191507,0.5264360793191507,0.1,scale,0.25322308195403753,120,620,720,750
2023-02-27,23522.87109375,-0.01596393470118429,0,0,0.4820153370883183,0.5179846629116818,0.5179846629116818,0.1,scale,0.25322308195403753,120,620,720,750
2023-02-28,23147.353515625,0.02156606219747892,1,0,0.4761060049748759,0.5238939950251241,0.5238939950251241,0.1,scale,0.25322308195403753,120,620,720,750
2023-03-01,23646.55078125,-0.007235050302163204,0,0,0.46198101287916576,0.5380189871208343,0.5380189871208343,0.1,scale,0.25322308195403753,120,620,720,750
2023-03-02,23475.466796875,-0.047402129167592566,0,0,0.4575314877801728,0.5424685122198272,0.5424685122198272,0.1,scale,0.25322308195403753,120,620,720,750
2023-03-03,22362.6796875,-0.0004172164631153219,0,1,0.5127620285125307,0.4872379714874693,0.5127620285125307,0.1,scale,0.25322308195403753,120,620,720,750
2023-03-04,22353.349609375,0.0036756935285233716,1,0,0.4932110745917754,0.5067889254082246,0.5067889254082246,0.1,scale,0.25322308195403753,120,620,720,750
2023-03-05,22435.513671875,-0.00025655126328649747,0,0,0.49491298563281366,0.5050870143671864,0.5050870143671864,0.1,scale,0.25322308195403753,120,620,720,750
2023-03-06,22429.7578125,-0.00936203961743065,0,0,0.49574015037266156,0.5042598496273385,0.5042598496273385,0.1,scale,0.25322308195403753,120,620,720,750
2023-03-07,22219.76953125,-0.022578517406286358,0,0,0.4987702913997777,0.5012297086002223,0.5012297086002223,0.1,scale,0.25322308195403753,120,620,720,750
2023-03-08,21718.080078125,-0.06239311158608585,0,1,0.5071200340343573,0.49287996596564265,0.5071200340343573,0.1,scale,0.25322308195403753,120,620,720,750
2023-03-09,20363.021484375,-0.008632183779056501,0,1,0.5709898919188295,0.42901010808117046,0.5709898919188295,0.1,scale,0.25322308195403753,120,620,720,750
2023-03-10,20187.244140625,0.022051846825845045,1,1,0.5556332840032605,0.4443667159967395,0.5556332840032605,0.1,scale,0.25322308195403753,120,620,720,750
2023-03-11,20632.41015625,0.07422977009964415,1,1,0.5081682672914954,0.49183173270850455,0.5081682672914954,0.1,scale,0.25322308195403753,120,620,720,750
2023-03-12,22163.94921875,0.09175187888693825,1,0,0.4743468126103016,0.5256531873896984,0.5256531873896984,0.1,scale,0.25322308195403753,120,620,720,750
2023-03-13,24197.533203125,0.022669294883089997,1,1,0.5158823126380142,0.4841176873619858,0.5158823126380142,0.1,scale,0.25322308195403753,120,620,720,750
2023-03-14,24746.07421875,-0.014956444322371198,0,1,0.5080785246576679,0.4919214753423321,0.5080785246576679,0.1,scale,0.25322308195403753,120,620,720,750
2023-03-15,24375.9609375,0.027766213062754286,1,0,0.48628948794577154,0.5137105120542285,0.5137105120542285,0.1,scale,0.25322308195403753,120,620,720,750
2023-03-16,25052.7890625,0.0946457745317153,1,0,0.4868415373231846,0.5131584626768154,0.5131584626768154,0.1,scale,0.25322308195403753,120,620,720,750
2023-03-17,27423.9296875,-0.01670259464889101,0,1,0.5175656332968921,0.4824343667031079,0.5175656332968921,0.1,scale,0.25322308195403753,120,620,720,750
2023-03-18,26965.87890625,0.039783493752593824,1,1,0.5126803477779113,0.48731965222208873,0.5126803477779113,0.1,scale,0.25322308195403753,120,620,720,750
2023-03-19,28038.67578125,-0.00968089417783835,0,1,0.5035451714304562,0.4964548285695438,0.5035451714304562,0.1,scale,0.25322308195403753,120,620,720,750
2023-03-20,27767.236328125,0.014714466837708162,1,0,0.4851170141261632,0.5148829858738369,0.5148829858738369,0.1,scale,0.25322308195403753,120,620,720,750
2023-03-21,28175.81640625,-0.030820008681536337,0,0,0.47985088520420005,0.5201491147958,0.5201491147958,0.1,scale,0.25381935157900193,150,650,750,780
2023-03-22,27307.4375,0.03759177902540278,1,0,0.4810232932778403,0.5189767067221597,0.5189767067221597,0.1,scale,0.25381935157900193,150,650,750,780
2023-03-23,28333.97265625,-0.02967065403073854,0,0,0.4834951522993767,0.5165048477006233,0.5165048477006233,0.1,scale,0.25381935157900193,150,650,750,780
2023-03-24,27493.28515625,5.17171735541222e-05,1,0,0.48917059419419223,0.5108294058058078,0.5108294058058078,0.1,scale,0.25381935157900193,150,650,750,780
2023-03-25,27494.70703125,0.018171608313816145,1,0,0.4870115100976292,0.5129884899023708,0.5129884899023708,0.1,scale,0.25381935157900193,150,650,750,780
2023-03-26,27994.330078125,-0.03052194511765327,0,0,0.481694755013815,0.518305244986185,0.518305244986185,0.1,scale,0.25381935157900193,150,650,750,780
2023-03-27,27139.888671875,0.004725228944394866,1,0,0.4889999252622165,0.5110000747377835,0.5110000747377835,0.1,scale,0.25381935157900193,150,650,750,780
2023-03-28,27268.130859375,0.0396180637553154,1,0,0.4793160047383077,0.5206839952616923,0.5206839952616923,0.1,scale,0.25381935157900193,150,650,750,780
2023-03-29,28348.44140625,-0.0111074503792854,0,0,0.4739031280639264,0.5260968719360736,0.5260968719360736,0.1,scale,0.25381935157900193,150,650,750,780
2023-03-30,28033.5625,0.015871042968584437,1,0,0.47388633672689584,0.5261136632731042,0.5261136632731042,0.1,scale,0.25381935157900193,150,650,750,780
2023-03-31,28478.484375,-0.0023684272611504964,0,0,0.46772481418910294,0.5322751858108971,0.5322751858108971,0.1,scale,0.25381935157900193,150,650,750,780
2023-04-01,28411.03515625,-0.00745226498561502,0,0,0.4706951871723123,0.5293048128276877,0.5293048128276877,0.1,scale,0.25381935157900193,150,650,750,780
2023-04-02,28199.30859375,-0.014507018470504951,0,0,0.466818183736335,0.533181816263665,0.533181816263665,0.1,scale,0.25381935157900193,150,650,750,780
2023-04-03,27790.220703125,0.0135971982612757,1,0,0.48437457612206647,0.5156254238779335,0.5156254238779335,0.1,scale,0.25381935157900193,150,650,750,780
2023-04-04,28168.08984375,0.000351267384649967,1,0,0.46741189243485876,0.5325881075651413,0.5325881075651413,0.1,scale,0.25381935157900193,150,650,750,780
2023-04-05,28177.984375,-0.004749940528704033,0,0,0.4728630872922432,0.5271369127077568,0.5271369127077568,0.1,scale,0.25381935157900193,150,650,750,780
2023-04-06,28044.140625,-0.004217681389550476,0,0,0.472043418262063,0.527956581737937,0.527956581737937,0.1,scale,0.25381935157900193,150,650,750,780
2023-04-07,27925.859375,0.0007854922772632111,1,0,0.4763832415751117,0.5236167584248883,0.5236167584248883,0.1,scale,0.25381935157900193,150,650,750,780
2023-04-08,27947.794921875,0.013784839213681899,1,0,0.4711379004880761,0.528862099511924,0.528862099511924,0.1,scale,0.25381935157900193,150,650,750,780
2023-04-09,28333.05078125,0.04658621825410658,1,0,0.46742410002922163,0.5325758999707784,0.5325758999707784,0.1,scale,0.25381935157900193,150,650,750,780
2023-04-10,29652.98046875,0.019629666758571807,1,0,0.47841637331509024,0.5215836266849098,0.5215836266849098,0.1,scale,0.25381935157900193,150,650,750,780
2023-04-11,30235.05859375,-0.003175315803583212,0,0,0.47169259093764393,0.5283074090623561,0.5283074090623561,0.1,scale,0.25381935157900193,150,650,750,780
2023-04-12,30139.052734375,0.00862713483952482,1,0,0.46020823748039225,0.5397917625196078,0.5397917625196078,0.1,scale,0.25381935157900193,150,650,750,780
2023-04-13,30399.06640625,0.002849851088919886,1,0,0.4631467462058399,0.5368532537941602,0.5368532537941602,0.1,scale,0.25381935157900193,150,650,750,780
2023-04-14,30485.69921875,-0.005484641300179338,0,0,0.46035645143905224,0.5396435485609478,0.5396435485609478,0.1,scale,0.25381935157900193,150,650,750,780
2023-04-15,30318.49609375,-0.00010358775680330279,0,0,0.4693045617689919,0.5306954382310081,0.5306954382310081,0.1,scale,0.25381935157900193,150,650,750,780
2023-04-16,30315.35546875,-0.028708571396173888,0,0,0.45908692309162974,0.5409130769083703,0.5409130769083703,0.1,scale,0.25381935157900193,150,650,750,780
2023-04-17,29445.044921875,0.032348662229154,1,0,0.4721251549666976,0.5278748450333024,0.5278748450333024,0.1,scale,0.25381935157900193,150,650,750,780
2023-04-18,30397.552734375,-0.0518092051895368,0,0,0.46110896627231956,0.5388910337276804,0.5388910337276804,0.1,scale,0.25381935157900193,150,650,750,780
2023-04-19,28822.6796875,-0.020008250880993006,0,0,0.49111292815893004,0.50888707184107,0.50888707184107,0.1,scale,0.25381935157900193,150,650,750,780
2023-04-20,28245.98828125,-0.034308522518338824,0,1,0.5050905289311317,0.4949094710688683,0.5050905289311317,0.1,scale,0.24832211962575518,180,680,780,810
2023-04-21,27276.91015625,0.01981858797984626,1,1,0.5536742243194698,0.4463257756805302,0.5536742243194698,0.1,scale,0.24832211962575518,180,680,780,810
2023-04-22,27817.5,-0.008128524647254443,0,0,0.4974608449343806,0.5025391550656194,0.5025391550656194,0.1,scale,0.24832211962575518,180,680,780,810
2023-04-23,27591.384765625,-0.002393679129772508,0,1,0.5015355944800275,0.4984644055199725,0.5015355944800275,0.1,scale,0.24832211962575518,180,680,780,810
2023-04-24,27525.33984375,0.02841955147295372,1,1,0.5031500614247681,0.49684993857523185,0.5031500614247681,0.1,scale,0.24832211962575518,180,680,780,810
2023-04-25,28307.59765625,0.004066170397882152,1,0,0.4705245246160789,0.529475475383921,0.529475475383921,0.1,scale,0.24832211962575518,180,680,780,810
2023-04-26,28422.701171875,0.036980508331842854,1,0,0.4864392010765873,0.5135607989234128,0.5135607989234128,0.1,scale,0.24832211962575518,180,680,780,810
2023-04-27,29473.787109375,-0.00453030993708059,0,0,0.45248252330878436,0.5475174766912156,0.5475174766912156,0.1,scale,0.24832211962575518,180,680,780,810
2023-04-28,29340.26171875,-0.0031279011203009244,0,0,0.4504866182765147,0.5495133817234853,0.5495133817234853,0.1,scale,0.24832211962575518,180,680,780,810
2023-04-29,29248.48828125,0.000694680667924441,1,0,0.45239974577197384,0.5476002542280262,0.5476002542280262,0.1,scale,0.24832211962575518,180,680,780,810
2023-04-30,29268.806640625,-0.04022160164248023,0,0,0.45522498445244064,0.5447750155475594,0.5447750155475594,0.1,scale,0.24832211962575518,180,680,780,810
2023-05-01,28091.568359375,0.020966033026897257,1,0,0.49166936291919044,0.5083306370808096,0.5083306370808096,0.1,scale,0.24832211962575518,180,680,780,810
2023-05-02,28680.537109375,0.01135862564681589,1,0,0.4662199826580774,0.5337800173419226,0.5337800173419226,0.1,scale,0.24832211962575518,180,680,780,810
2023-05-03,29006.30859375,-0.005467695268338013,0,0,0.45490106875444847,0.5450989312455515,0.5450989312455515,0.1,scale,0.24832211962575518,180,680,780,810
2023-05-04,28847.7109375,0.023803407820215394,1,0,0.45942469722915324,0.5405753027708468,0.5405753027708468,0.1,scale,0.24832211962575518,180,680,780,810
2023-05-05,29534.384765625,-0.021323001096775096,0,0,0.45690426687975816,0.5430957331202418,0.5430957331202418,0.1,scale,0.24832211962575518,180,680,780,810
2023-05-06,28904.623046875,-0.015556145829018653,0,0,0.45862787140668393,0.5413721285933161,0.5413721285933161,0.1,scale,0.24832211962575518,180,680,780,810
2023-05-07,28454.978515625,-0.026733637409259936,0,0,0.4701114782589457,0.5298885217410543,0.5298885217410543,0.1,scale,0.24832211962575518,180,680,780,810
2023-05-08,27694.2734375,-0.0012817829272578907,0,1,0.5101443921279799,0.4898556078720201,0.5101443921279799,0.1,scale,0.24832211962575518,180,680,780,810
2023-05-09,27658.775390625,-0.0013384371045779275,0,0,0.4935399818300634,0.5064600181699366,0.5064600181699366,0.1,scale,0.24832211962575518,180,680,780,810
2023-05-10,27621.755859375,-0.022481076150133283,0,1,0.5009562416716852,0.4990437583283148,0.5009562416716852,0.1,scale,0.24832211962575518,180,680,780,810
2023-05-11,27000.7890625,-0.007251596524522896,0,1,0.5139548958463287,0.4860451041536713,0.5139548958463287,0.1,scale,0.24832211962575518,180,680,780,810
2023-05-12,26804.990234375,-0.0007801573211611013,0,1,0.523147978054107,0.47685202194589305,0.523147978054107,0.1,scale,0.24832211962575518,180,680,780,810
2023-05-13,26784.078125,0.005471927993601522,1,1,0.5091876140533269,0.4908123859466731,0.5091876140533269,0.1,scale,0.24832211962575518,180,680,780,810
2023-05-14,26930.638671875,0.009730726801279843,1,0,0.49235907274049373,0.5076409272595063,0.5076409272595063,0.1,scale,0.24832211962575518,180,680,780,810
2023-05-15,27192.693359375,-0.005738415341494774,0,0,0.4795130032789033,0.5204869967210968,0.5204869967210968,0.1,scale,0.24832211962575518,180,680,780,810
2023-05-16,27036.650390625,0.013394867282656264,1,0,0.4808285014970601,0.5191714985029399,0.5191714985029399,0.1,scale,0.24832211962575518,180,680,780,810
2023-05-17,27398.802734375,-0.02067950762275983,0,0,0.4739148657345358,0.5260851342654642,0.5260851342654642,0.1,scale,0.24832211962575518,180,680,780,810
2023-05-18,26832.208984375,0.0021585968530852817,1,0,0.4857088230591467,0.5142911769408534,0.5142911769408534,0.1,scale,0.24832211962575518,180,680,780,810
2023-05-19,26890.12890625,0.008905016115201336,1,0,0.49093858548987546,0.5090614145101245,0.5090614145101245,0.1,scale,0.24832211962575518,180,680,780,810
2023-05-20,27129.5859375,-0.013850552916312875,0,0,0.48286071333423985,0.5171392866657601,0.5171392866657601,0.1,scale,0.24753725379525437,210,710,810,840
2023-05-21,26753.826171875,0.0036425134576618667,1,0,0.4891132465869554,0.5108867534130446,0.5108867534130446,0.1,scale,0.24753725379525437,210,710,810,840
2023-05-22,26851.27734375,0.013945303754316907,1,0,0.4808818108126322,0.5191181891873677,0.5191181891873677,0.1,scale,0.24753725379525437,210,710,810,840
2023-05-23,27225.7265625,-0.03272302765106416,0,0,0.46852000262263666,0.5314799973773634,0.5314799973773634,0.1,scale,0.24753725379525437,210,710,810,840
2023-05-24,26334.818359375,0.005368887301425707,1,0,0.49591294293759947,0.5040870570624005,0.5040870570624005,0.1,scale,0.24753725379525437,210,710,810,840
2023-05-25,26476.20703125,0.009181223884829448,1,0,0.4769748235109297,0.5230251764890703,0.5230251764890703,0.1,scale,0.24753725379525437,210,710,810,840
2023-05-26,26719.291015625,0.005578834405180588,1,0,0.4702017156448764,0.5297982843551237,0.5297982843551237,0.1,scale,0.24753725379525437,210,710,810,840
2023-05-27,26868.353515625,0.0453058267244435,1,0,0.47237597373950024,0.5276240262604998,0.5276240262604998,0.1,scale,0.24753725379525437,210,710,810,840
2023-05-28,28085.646484375,-0.0120973437068298,0,0,0.4796880248976202,0.5203119751023798,0.5203119751023798,0.1,scale,0.24753725379525437,210,710,810,840
2023-05-29,27745.884765625,-0.0015690671469931194,0,0,0.4484462590081317,0.5515537409918683,0.5515537409918683,0.1,scale,0.24753725379525437,210,710,810,840
2023-05-30,27702.349609375,-0.01742420455507676,0,0,0.45096935989747666,0.5490306401025233,0.5490306401025233,0.1,scale,0.24753725379525437,210,710,810,840
2023-05-31,27219.658203125,-0.014683709247646393,0,0,0.4644636497792865,0.5355363502207136,0.5355363502207136,0.1,scale,0.24753725379525437,210,710,810,840
2023-06-01,26819.97265625,0.01601855426947596,1,0,0.47049682983928603,0.529503170160714,0.529503170160714,0.1,scale,0.24753725379525437,210,710,810,840
2023-06-02,27249.58984375,-0.0064023326039167605,0,0,0.45964037913789496,0.5403596208621051,0.5403596208621051,0.1,scale,0.24753725379525437,210,710,810,840
2023-06-03,27075.12890625,0.001622799291266075,1,0,0.4704043657614211,0.5295956342385789,0.5295956342385789,0.1,scale,0.24753725379525437,210,710,810,840
2023-06-04,27119.06640625,-0.05011119223804861,0,0,0.4687583575339902,0.5312416424660098,0.5312416424660098,0.1,scale,0.24753725379525437,210,710,810,840
2023-06-05,25760.09765625,0.057402171630208665,1,1,0.5276729996453203,0.47232700035467967,0.5276729996453203,0.1,scale,0.24753725379525437,210,710,810,840
2023-06-06,27238.783203125,-0.03277624957004588,0,0,0.4623438907020958,0.5376561092979042,0.5376561092979042,0.1,scale,0.24753725379525437,210,710,810,840
2023-06-07,26345.998046875,0.0061572444403654725,1,0,0.47864298614275375,0.5213570138572463,0.5213570138572463,0.1,scale,0.24753725379525437,210,710,810,840
2023-06-08,26508.216796875,-0.0010503081775867784,0,0,0.4617522298854886,0.5382477701145114,0.5382477701145114,0.1,scale,0.24753725379525437,210,710,810,840
2023-06-09,26480.375,-0.02375852931180167,0,0,0.4688880934719979,0.5311119065280021,0.5311119065280021,0.1,scale,0.24753725379525437,210,710,810,840
2023-06-10,25851.240234375,0.0034399794195076883,1,1,0.5102983215682003,0.4897016784317997,0.5102983215682003,0.1,scale,0.24753725379525437,210,710,810,840
2023-06-11,25940.16796875,-0.001452109670044499,0,0,0.48482457731132383,0.5151754226886762,0.5151754226886762,0.1,scale,0.24753725379525437,210,710,810,840
2023-06-12,25902.5,0.0006265231396582749,1,0,0.478866820358403,0.521133179641597,0.521133179641597,0.1,scale,0.24753725379525437,210,710,810,840
2023-06-13,25918.728515625,-0.030636253390914137,0,0,0.4847266278913618,0.5152733721086382,0.5152733721086382,0.1,scale,0.24753725379525437,210,710,810,840
2023-06-14,25124.67578125,0.017979087727655774,1,1,0.5073431537436766,0.49265684625632344,0.5073431537436766,0.1,scale,0.24753725379525437,210,710,810,840
2023-06-15,25576.39453125,0.029365685552642073,1,0,0.48009460351401495,0.519905396485985,0.519905396485985,0.1,scale,0.24753725379525437,210,710,810,840
2023-06-16,26327.462890625,0.006959002900740696,1,0,0.457124140304131,0.5428758596958689,0.5428758596958689,0.1,scale,0.24753725379525437,210,710,810,840
2023-06-17,26510.67578125,-0.006580854145875503,0,0,0.4556185065704529,0.5443814934295471,0.5443814934295471,0.1,scale,0.24753725379525437,210,710,810,840
2023-06-18,26336.212890625,0.019547852547670663,1,0,0.453945484870407,0.546054515129593,0.546054515129593,0.1,scale,0.24753725379525437,210,710,810,840
2023-06-19,26851.029296875,0.05498705349618893,1,0,0.45987683690701275,0.5401231630929872,0.5401231630929872,0.1,scale,0.24957748070619978,240,740,840,870
2023-06-20,28327.48828125,0.06000562340273241,1,1,0.5011398208089287,0.4988601791910713,0.5011398208089287,0.1,scale,0.24957748070619978,240,740,840,870
2023-06-21,30027.296875,-0.0038303689299371557,0,1,0.528558921710639,0.471441078289361,0.528558921710639,0.1,scale,0.24957748070619978,240,740,840,870
2023-06-22,29912.28125,0.02618280743799839,1,1,0.5045584368158076,0.4954415631841924,0.5045584368158076,0.1,scale,0.24957748070619978,240,740,840,870
2023-06-23,30695.46875,-0.0047815994828226405,0,0,0.49377358962777385,0.5062264103722262,0.5062264103722262,0.1,scale,0.24957748070619978,240,740,840,870
2023-06-24,30548.6953125,-0.002240147837737516,0,0,0.4890355960872568,0.5109644039127432,0.5109644039127432,0.1,scale,0.24957748070619978,240,740,840,870
2023-06-25,30480.26171875,-0.006861189753050945,0,0,0.47304736677331555,0.5269526332266845,0.5269526332266845,0.1,scale,0.24957748070619978,240,740,840,870
2023-06-26,30271.130859375,0.013776598074988877,1,0,0.4756377964390851,0.5243622035609149,0.5243622035609149,0.1,scale,0.24957748070619978,240,740,840,870
2023-06-27,30688.1640625,-0.01961401038928634,0,0,0.46871593692599617,0.5312840630740039,0.5312840630740039,0.1,scale,0.24957748070619978,240,740,840,870
2023-06-28,30086.24609375,0.011935868224670187,1,0,0.487755253891334,0.512244746108666,0.512244746108666,0.1,scale,0.24957748070619978,240,740,840,870
2023-06-29,30445.3515625,0.0010477918298796851,1,0,0.48064320469385763,0.5193567953061424,0.5193567953061424,0.1,scale,0.24957748070619978,240,740,840,870
2023-06-30,30477.251953125,0.0037019798257575953,1,1,0.5237889913561983,0.4762110086438017,0.5237889913561983,0.1,scale,0.24957748070619978,240,740,840,870
2023-07-01,30590.078125,0.0010033124506771962,1,0,0.49837428837775805,0.501625711622242,0.501625711622242,0.1,scale,0.24957748070619978,240,740,840,870
2023-07-02,30620.76953125,0.01749367929268808,1,0,0.4883639222638693,0.5116360777361306,0.5116360777361306,0.1,scale,0.24957748070619978,240,740,840,870
2023-07-03,31156.439453125,-0.012159843310882601,0,0,0.49422777745960905,0.5057722225403909,0.5057722225403909,0.1,scale,0.24957748070619978,240,740,840,870
2023-07-04,30777.58203125,-0.0085586975402272,0,0,0.47581695987002987,0.5241830401299701,0.5241830401299701,0.1,scale,0.24957748070619978,240,740,840,870
2023-07-05,30514.166015625,-0.019821224171432172,0,0,0.47487989726645197,0.525120102733548,0.525120102733548,0.1,scale,0.24957748070619978,240,740,840,870
2023-07-06,29909.337890625,0.014474667943441766,1,1,0.5229700910423271,0.47702990895767294,0.5229700910423271,0.1,scale,0.24957748070619978,240,740,840,870
2023-07-07,30342.265625,-0.0016387902600796256,0,0,0.47660796243997383,0.5233920375600262,0.5233920375600262,0.1,scale,0.24957748070619978,240,740,840,870
2023-07-08,30292.541015625,-0.004004505286051452,0,0,0.4785926228021132,0.5214073771978869,0.5214073771978869,0.1,scale,0.24957748070619978,240,740,840,870
2023-07-09,30171.234375,0.008061862007427312,1,0,0.4765097610905806,0.5234902389094194,0.5234902389094194,0.1,scale,0.24957748070619978,240,740,840,870
2023-07-10,30414.470703125,0.006788889103658935,1,1,0.5139761663653465,0.4860238336346535,0.5139761663653465,0.1,scale,0.24957748070619978,240,740,840,870
2023-07-11,30620.951171875,-0.007488490028050299,0,0,0.468394076169139,0.531605923830861,0.531605923830861,0.1,scale,0.24957748070619978,240,740,840,870
2023-07-12,30391.646484375,0.03568093437476372,1,0,0.47880825386608805,0.521191746133912,0.521191746133912,0.1,scale,0.24957748070619978,240,740,840,870
2023-07-13,31476.048828125,-0.036280934592069825,0,0,0.48730534176068074,0.5126946582393193,0.5126946582393193,0.1,scale,0.24957748070619978,240,740,840,870
2023-07-14,30334.068359375,-0.001261344778969442,0,0,0.4741474340616937,0.5258525659383063,0.5258525659383063,0.1,scale,0.24957748070619978,240,740,840,870
2023-07-15,30295.806640625,-0.001540603578530031,0,0,0.4738811134817337,0.5261188865182663,0.5261188865182663,0.1,scale,0.24957748070619978,240,740,840,870
2023-07-16,30249.1328125,-0.0034131272874816654,0,0,0.47792656137209644,0.5220734386279036,0.5220734386279036,0.1,scale,0.24957748070619978,240,740,840,870
2023-07-17,30145.888671875,-0.009597533349379406,0,1,0.5043143165938909,0.4956856834061091,0.5043143165938909,0.1,scale,0.24957748070619978,240,740,840,870
2023-07-18,29856.5625,0.0019212301525000086,1,0,0.4851394272335356,0.5148605727664644,0.5148605727664644,0.1,scale,0.24957748070619978,240,740,840,870
2023-07-19,29913.923828125,-0.0040752996439197275,0,0,0.4535170843884432,0.5464829156115568,0.5464829156115568,1.0,scale,0.2459803327550261,270,770,870,900
2023-07-20,29792.015625,0.0039181140710413676,1,1,0.5115829005078996,0.48841709949210044,0.5115829005078996,1.0,scale,0.2459803327550261,270,770,870,900
2023-07-21,29908.744140625,-0.004578641136054662,0,1,0.5202934679991071,0.47970653200089286,0.5202934679991071,1.0,scale,0.2459803327550261,270,770,870,900
2023-07-22,29771.802734375,0.010504447141318263,1,1,0.5206584200523732,0.47934157994762683,0.5206584200523732,1.0,scale,0.2459803327550261,270,770,870,900
2023-07-23,30084.5390625,-0.03016908602087709,0,1,0.5127519125818294,0.4872480874181706,0.5127519125818294,1.0,scale,0.2459803327550261,270,770,870,900
2023-07-24,29176.916015625,0.0017299501204297574,1,1,0.5346370837791907,0.4653629162208093,0.5346370837791907,1.0,scale,0.2459803327550261,270,770,870,900
2023-07-25,29227.390625,0.004365152978824893,1,0,0.48679160512581304,0.513208394874187,0.513208394874187,1.0,scale,0.2459803327550261,270,770,870,900
2023-07-26,29354.97265625,-0.004915119656712763,0,1,0.5086131551262176,0.49138684487378237,0.5086131551262176,1.0,scale,0.2459803327550261,270,770,870,900
2023-07-27,29210.689453125,0.0037163327075591113,1,0,0.49200598305894994,0.5079940169410501,0.5079940169410501,1.0,scale,0.2459803327550261,270,770,870,900
2023-07-28,29319.24609375,0.001284885528077373,1,1,0.5090336623888223,0.4909663376111777,0.5090336623888223,1.0,scale,0.2459803327550261,270,770,870,900
2023-07-29,29356.91796875,-0.002779902682116475,0,0,0.4998174112895913,0.5001825887104088,0.5001825887104088,1.0,scale,0.2459803327550261,270,770,870,900
2023-07-30,29275.30859375,-0.0015438698273756435,0,1,0.5229363237870528,0.4770636762129472,0.5229363237870528,1.0,scale,0.2459803327550261,270,770,870,900
2023-07-31,29230.111328125,0.015245275282999904,1,1,0.5342543905362286,0.4657456094637714,0.5342543905362286,1.0,scale,0.2459803327550261,270,770,870,900
2023-08-01,29675.732421875,-0.01764989082843693,0,1,0.5220918124474068,0.47790818755259323,0.5220918124474068,1.0,scale,0.2459803327550261,270,770,870,900
2023-08-02,29151.958984375,0.0009166006009861949,1,1,0.5145639656143676,0.48543603438563243,0.5145639656143676,1.0,scale,0.2459803327550261,270,770,870,900
2023-08-03,29178.6796875,-0.0035843942133476636,0,1,0.5102372369337417,0.4897627630662583,0.5102372369337417,1.0,scale,0.2459803327550261,270,770,870,900
2023-08-04,29074.091796875,-0.0010994270766331304,0,1,0.516694877774112,0.48330512222588795,0.516694877774112,1.0,scale,0.2459803327550261,270,770,870,900
2023-08-05,29042.126953125,-9.347950838400898e-06,0,1,0.5142474762832455,0.4857525237167545,0.5142474762832455,1.0,scale,0.2459803327550261,270,770,870,900
2023-08-06,29041.85546875,0.004776645775930843,1,1,0.5188206378867348,0.4811793621132652,0.5188206378867348,1.0,scale,0.2459803327550261,270,770,870,900
2023-08-07,29180.578125,0.020044635853149417,1,1,0.5364717476602696,0.4635282523397304,0.5364717476602696,1.0,scale,0.2459803327550261,270,770,870,900
2023-08-08,29765.4921875,-0.006853508270246889,0,1,0.5316120823897169,0.4683879176102831,0.5316120823897169,1.0,scale,0.2459803327550261,270,770,870,900
2023-08-09,29561.494140625,-0.004461964714047806,0,1,0.5209147466913874,0.4790852533086126,0.5209147466913874,1.0,scale,0.2459803327550261,270,770,870,900
2023-08-10,29429.591796875,-0.001083159880198692,0,1,0.5316662977378406,0.4683337022621594,0.5316662977378406,1.0,scale,0.2459803327550261,270,770,870,900
2023-08-11,29397.71484375,0.0006207965516027425,1,1,0.5264176837874803,0.47358231621251967,0.5264176837874803,1.0,scale,0.2459803327550261,270,770,870,900
2023-08-12,29415.96484375,-0.004523080645381872,0,1,0.5371469895035093,0.46285301049649075,0.5371469895035093,1.0,scale,0.2459803327550261,270,770,870,900
2023-08-13,29282.9140625,0.004286776125049352,1,1,0.5410182735081778,0.45898172649182223,0.5410182735081778,1.0,scale,0.2459803327550261,270,770,870,900
2023-08-14,29408.443359375,-0.008096168172366025,0,1,0.540639955751212,0.45936004424878796,0.540639955751212,1.0,scale,0.2459803327550261,270,770,870,900
2023-08-15,29170.34765625,-0.016063173634291772,0,1,0.5557309184488904,0.44426908155110956,0.5557309184488904,1.0,scale,0.2459803327550261,270,770,870,900
2023-08-16,28701.779296875,-0.07097917151940503,0,1,0.5624600444889907,0.4375399555110093,0.5624600444889907,1.0,scale,0.2459803327550261,270,770,870,900
2023-08-17,26664.55078125,-0.02306411031148714,0,1,0.556292373945006,0.44370762605499403,0.556292373945006,1.0,scale,0.2459803327550261,270,770,870,900
2023-08-18,26049.556640625,0.0017907574452629138,1,1,0.5646688126480575,0.43533118735194254,0.5646688126480575,0.1,scale,0.2471934510406325,300,800,900,930
2023-08-19,26096.205078125,0.00357825614760654,1,1,0.5335678788667677,0.4664321211332323,0.5335678788667677,0.1,scale,0.2471934510406325,300,800,900,930
2023-08-20,26189.583984375,-0.002498831574187843,0,1,0.5180590916626349,0.48194090833736514,0.5180590916626349,0.1,scale,0.2471934510406325,300,800,900,930
2023-08-21,26124.140625,-0.0035401882238949023,0,1,0.5405678829623769,0.4594321170376231,0.5405678829623769,0.1,scale,0.2471934510406325,300,800,900,930
2023-08-22,26031.65625,0.015365306423789304,1,1,0.5282678118135865,0.4717321881864135,0.5282678118135865,0.1,scale,0.2471934510406325,300,800,900,930
2023-08-23,26431.640625,-0.01018731988472621,0,0,0.49531107216944853,0.5046889278305515,0.5046889278305515,0.1,scale,0.2471934510406325,300,800,900,930
2023-08-24,26162.373046875,-0.004384352975912553,0,0,0.4843777415083523,0.5156222584916477,0.5156222584916477,0.1,scale,0.2471934510406325,300,800,900,930
2023-08-25,26047.66796875,-0.0015051281432193475,0,0,0.49024441175265887,0.5097555882473411,0.5097555882473411,0.1,scale,0.2471934510406325,300,800,900,930
2023-08-26,26008.462890625,0.0031232321991347956,1,0,0.4873956180878361,0.512604381912164,0.512604381912164,0.1,scale,0.2471934510406325,300,800,900,930
2023-08-27,26089.693359375,0.0006307866874213364,1,0,0.4932425765428638,0.5067574234571361,0.5067574234571361,0.1,scale,0.2471934510406325,300,800,900,930
2023-08-28,26106.150390625,0.062101924766441385,1,1,0.513416545166338,0.48658345483366205,0.513416545166338,0.1,scale,0.2471934510406325,300,800,900,930
2023-08-29,27727.392578125,-0.015512708305083889,0,1,0.5228573163938939,0.4771426836061061,0.5228573163938939,0.1,scale,0.2471934510406325,300,800,900,930
2023-08-30,27297.265625,-0.0500340578984273,0,0,0.4195691059668206,0.5804308940331794,0.5804308940331794,0.1,scale,0.2471934510406325,300,800,900,930
2023-08-31,25931.47265625,-0.005042060225742162,0,0,0.4768970610831101,0.52310293891689,0.52310293891689,0.1,scale,0.2471934510406325,300,800,900,930
2023-09-01,25800.724609375,0.0026384615075991658,1,0,0.46322832661896163,0.5367716733810384,0.5367716733810384,0.1,scale,0.2471934510406325,300,800,900,930
2023-09-02,25868.798828125,0.0038953327054152,1,0,0.44697407718100285,0.5530259228189971,0.5530259228189971,0.1,scale,0.2471934510406325,300,800,900,930
2023-09-03,25969.56640625,-0.006051329012069284,0,0,0.4321448059807472,0.5678551940192528,0.5678551940192528,0.1,scale,0.2471934510406325,300,800,900,930
2023-09-04,25812.416015625,-0.0012565113521479931,0,0,0.4543737046394321,0.545626295360568,0.545626295360568,0.1,scale,0.2471934510406325,300,800,900,930
2023-09-05,25779.982421875,-0.0010374752516241204,0,0,0.45877156704469046,0.5412284329553095,0.5412284329553095,0.1,scale,0.2471934510406325,300,800,900,930
2023-09-06,25753.236328125,0.018908652030005024,1,0,0.4621363298854843,0.5378636701145156,0.5378636701145156,0.1,scale,0.2471934510406325,300,800,900,930
2023-09-07,26240.1953125,-0.012749181613965876,0,0,0.42915953731325723,0.5708404626867427,0.5708404626867427,0.1,scale,0.2471934510406325,300,800,900,930
2023-09-08,25905.654296875,-0.0003851113886439439,0,0,0.43817000480766866,0.5618299951923313,0.5618299951923313,0.1,scale,0.2471934510406325,300,800,900,930
2023-09-09,25895.677734375,-0.0024502611024840304,0,0,0.4398208353189774,0.5601791646810226,0.5601791646810226,0.1,scale,0.2471934510406325,300,800,900,930
2023-09-10,25832.2265625,-0.02592003689674205,0,0,0.46538522240433877,0.5346147775956612,0.5346147775956612,0.1,scale,0.2471934510406325,300,800,900,930
2023-09-11,25162.654296875,0.026654161568650414,1,1,0.5170491521634654,0.48295084783653464,0.5170491521634654,0.1,scale,0.2471934510406325,300,800,900,930
2023-09-12,25833.34375,0.01528956036711282,1,0,0.46100238997704157,0.5389976100229584,0.5389976100229584,0.1,scale,0.2471934510406325,300,800,900,930
2023-09-13,26228.32421875,0.011870739692642074,1,0,0.42107725115402495,0.578922748845975,0.578922748845975,0.1,scale,0.2471934510406325,300,800,900,930
2023-09-14,26539.673828125,0.0026006171627044328,1,0,0.4232736994976153,0.5767263005023847,0.5767263005023847,0.1,scale,0.2471934510406325,300,800,900,930
2023-09-15,26608.693359375,-0.001518755875352329,0,0,0.4203830829627492,0.5796169170372508,0.5796169170372508,0.1,scale,0.2471934510406325,300,800,900,930
2023-09-16,26568.28125,-0.0012832501161511578,0,0,0.4301066746500971,0.5698933253499029,0.5698933253499029,0.1,scale,0.2471934510406325,300,800,900,930
2023-09-17,26534.1875,0.008294723552398242,1,0,0.4593092513296605,0.5406907486703395,0.5406907486703395,1.0,scale,0.24543457723820208,330,830,930,960
2023-09-18,26754.28125,0.017075246134672373,1,0,0.47860913869562816,0.5213908613043718,0.5213908613043718,1.0,scale,0.24543457723820208,330,830,930,960
2023-09-19,27211.1171875,-0.00290724465500225,0,0,0.48367352584606343,0.5163264741539366,0.5163264741539366,1.0,scale,0.24543457723820208,330,830,930,960
2023-09-20,27132.0078125,-0.02080107760178318,0,0,0.47580350686858436,0.5241964931314156,0.5241964931314156,1.0,scale,0.24543457723820208,330,830,930,960
2023-09-21,26567.6328125,0.0004492514240630463,1,0,0.46167280188401294,0.5383271981159871,0.5383271981159871,1.0,scale,0.24543457723820208,330,830,930,960
2023-09-22,26579.568359375,-6.686879658768241e-06,0,0,0.471726501045155,0.528273498954845,0.528273498954845,1.0,scale,0.24543457723820208,330,830,930,960
2023-09-23,26579.390625,-0.01213588594546644,0,0,0.47406303349419743,0.5259369665058026,0.5259369665058026,1.0,scale,0.24543457723820208,330,830,930,960
2023-09-24,26256.826171875,0.0015864178176880905,1,0,0.4669102734749766,0.5330897265250234,0.5330897265250234,1.0,scale,0.24543457723820208,330,830,930,960
2023-09-25,26298.48046875,-0.0030887894396227633,0,0,0.47446668148831816,0.5255333185116818,0.5255333185116818,1.0,scale,0.24543457723820208,330,830,930,960
2023-09-26,26217.25,0.005167086436411061,1,0,0.48942824647090677,0.5105717535290932,0.5105717535290932,1.0,scale,0.24543457723820208,330,830,930,960
2023-09-27,26352.716796875,0.02537992888096885,1,0,0.4789351987249935,0.5210648012750065,0.5210648012750065,1.0,scale,0.24543457723820208,330,830,930,960
2023-09-28,27021.546875,-0.004064392478456136,0,0,0.47943469813553946,0.5205653018644605,0.5205653018644605,1.0,scale,0.24543457723820208,330,830,930,960
2023-09-29,26911.720703125,0.0020881352448591795,1,0,0.4804791878995671,0.5195208121004329,0.5195208121004329,1.0,scale,0.24543457723820208,330,830,930,960
2023-09-30,26967.916015625,0.037668241913332734,1,0,0.49574234449754234,0.5042576555024576,0.5042576555024576,1.0,scale,0.24543457723820208,330,830,930,960
2023-10-01,27983.75,-0.016186709920936293,0,0,0.4968523435693875,0.5031476564306125,0.5031476564306125,1.0,scale,0.24543457723820208,330,830,930,960
2023-10-02,27530.78515625,-0.003661597010505724,0,0,0.4749296643244323,0.5250703356755677,0.5250703356755677,1.0,scale,0.24543457723820208,330,830,930,960
2023-10-03,27429.978515625,0.013467601347721292,1,0,0.48626890223158903,0.513731097768411,0.513731097768411,1.0,scale,0.24543457723820208,330,830,930,960
2023-10-04,27799.39453125,-0.01379463216164356,0,0,0.47799532545181295,0.522004674548187,0.522004674548187,1.0,scale,0.24543457723820208,330,830,930,960
2023-10-05,27415.912109375,0.01935684447622399,1,0,0.47336533033831346,0.5266346696616866,0.5266346696616866,1.0,scale,0.24543457723820208,330,830,930,960
2023-10-06,27946.59765625,0.0007958817661306572,1,0,0.4833195154109695,0.5166804845890305,0.5166804845890305,1.0,scale,0.24543457723820208,330,830,930,960
2023-10-07,27968.83984375,-0.001206700034343422,0,1,0.5006451597919988,0.49935484020800125,0.5006451597919988,1.0,scale,0.24543457723820208,330,830,930,960
2023-10-08,27935.08984375,-0.012579594744121514,0,0,0.48811416817675934,0.5118858318232407,0.5118858318232407,1.0,scale,0.24543457723820208,330,830,930,960
2023-10-09,27583.677734375,-0.006984500217130485,0,0,0.4737481297008952,0.5262518702991048,0.5262518702991048,1.0,scale,0.24543457723820208,330,830,930,960
2023-10-10,27391.01953125,-0.018900326735168282,0,0,0.4934619164927373,0.5065380835072627,0.5065380835072627,1.0,scale,0.24543457723820208,330,830,930,960
2023-10-11,26873.3203125,-0.0043359541366684295,0,0,0.47671085839432015,0.5232891416056799,0.5232891416056799,1.0,scale,0.24543457723820208,330,830,930,960
2023-10-12,26756.798828125,0.003945769916393171,1,0,0.4974861130498483,0.5025138869501518,0.5025138869501518,1.0,scale,0.24543457723820208,330,830,930,960
2023-10-13,26862.375,-2.4866332556272575e-05,0,0,0.4844263391816965,0.5155736608183035,0.5155736608183035,1.0,scale,0.24543457723820208,330,830,930,960
2023-10-14,26861.70703125,0.011091823470242623,1,1,0.5151915778485874,0.4848084221514126,0.5151915778485874,1.0,scale,0.24543457723820208,330,830,930,960
2023-10-15,27159.65234375,0.05006744695824206,1,0,0.48400545385966354,0.5159945461403365,0.5159945461403365,1.0,scale,0.24543457723820208,330,830,930,960
2023-10-16,28519.466796875,-0.0036367703063566736,0,0,0.4988165004358388,0.5011834995641612,0.5011834995641612,1.0,scale,0.24543457723820208,330,830,930,960
2023-10-17,28415.748046875,-0.0030759792019486865,0,0,0.4618465324130516,0.5381534675869484,0.5381534675869484,0.1,scale,0.24815426247473174,360,860,960,990
2023-10-18,28328.341796875,0.013818840741083749,1,0,0.44179550642417165,0.5582044935758284,0.5582044935758284,0.1,scale,0.24815426247473174,360,860,960,990
2023-10-19,28719.806640625,0.033535830870205396,1,0,0.4434512787501679,0.5565487212498321,0.5565487212498321,0.1,scale,0.24815426247473174,360,860,960,990
2023-10-20,29682.94921875,0.007932597562652743,1,0,0.4591598339353821,0.5408401660646178,0.5408401660646178,0.1,scale,0.24815426247473174,360,860,960,990
2023-10-21,29918.412109375,0.002523007395046406,1,0,0.4765236072292269,0.5234763927707731,0.5234763927707731,0.1,scale,0.24815426247473174,360,860,960,990
2023-10-22,29993.896484375,0.10309890521346299,1,0,0.4547398551643746,0.5452601448356253,0.5452601448356253,0.1,scale,0.24815426247473174,360,860,960,990
2023-10-23,33086.234375,0.02464145540134477,1,1,0.5293656254514806,0.4706343745485194,0.5293656254514806,0.1,scale,0.24815426247473174,360,860,960,990
2023-10-24,33901.52734375,0.017736456610143003,1,0,0.48758809077375337,0.5124119092262467,0.5124119092262467,0.1,scale,0.24815426247473174,360,860,960,990
2023-10-25,34502.8203125,-0.010033147199696724,0,1,0.5174223911131584,0.48257760888684165,0.5174223911131584,0.1,scale,0.24815426247473174,360,860,960,990
2023-10-26,34156.6484375,-0.007226928505637331,0,0,0.492693282252143,0.507306717747857,0.507306717747857,0.1,scale,0.24815426247473174,360,860,960,990
2023-10-27,33909.80078125,0.005301518539129857,1,0,0.47871992038217426,0.5212800796178257,0.5212800796178257,0.1,scale,0.24815426247473174,360,860,960,990
2023-10-28,34089.57421875,0.013168432293093613,1,0,0.48431232061266033,0.5156876793873397,0.5156876793873397,0.1,scale,0.24815426247473174,360,860,960,990
2023-10-29,34538.48046875,-0.0010457086417764438,0,0,0.46964108784267994,0.53035891215732,0.53035891215732,0.1,scale,0.24815426247473174,360,860,960,990
2023-10-30,34502.36328125,0.004794395311462418,1,0,0.4725596322756087,0.5274403677243913,0.5274403677243913,0.1,scale,0.24815426247473174,360,860,960,990
2023-10-31,34667.78125,0.022195613001625203,1,0,0.4772663075689197,0.5227336924310804,0.5227336924310804,0.1,scale,0.24815426247473174,360,860,960,990
2023-11-01,35437.25390625,-0.014081557224217889,0,0,0.4621087693305076,0.5378912306694924,0.5378912306694924,0.1,scale,0.24815426247473174,360,860,960,990
2023-11-02,34938.2421875,-0.005893770145759425,0,0,0.4668654129041252,0.5331345870958748,0.5331345870958748,0.1,scale,0.24815426247473174,360,860,960,990
2023-11-03,34732.32421875,0.010073356782761111,1,0,0.4652292642334112,0.5347707357665887,0.5347707357665887,0.1,scale,0.24815426247473174,360,860,960,990
2023-11-04,35082.1953125,-0.0009360829177728069,0,0,0.47426629729900704,0.525733702700993,0.525733702700993,0.1,scale,0.24815426247473174,360,860,960,990
2023-11-05,35049.35546875,-0.0003419285416157436,0,0,0.4562938025715198,0.5437061974284803,0.5437061974284803,0.1,scale,0.24815426247473174,360,860,960,990
2023-11-06,35037.37109375,0.011593090279608864,1,0,0.45313301270994827,0.5468669872900518,0.5468669872900518,0.1,scale,0.24815426247473174,360,860,960,990
2023-11-07,35443.5625,0.005973294692089626,1,0,0.454847424541514,0.545152575458486,0.545152575458486,0.1,scale,0.24815426247473174,360,860,960,990
2023-11-08,35655.27734375,0.029107827327892632,1,0,0.4538689990126426,0.5461310009873575,0.5461310009873575,0.1,scale,0.24815426247473174,360,860,960,990
2023-11-09,36693.125,0.01691989303173269,1,0,0.49537943902333376,0.5046205609766663,0.5046205609766663,0.1,scale,0.24815426247473174,360,860,960,990
2023-11-10,37313.96875,-0.0047145338500075296,0,0,0.4849475926573524,0.5150524073426477,0.5150524073426477,0.1,scale,0.24815426247473174,360,860,960,990
2023-11-11,37138.05078125,-0.002249209321512735,0,0,0.4785277673679747,0.5214722326320254,0.5214722326320254,0.1,scale,0.24815426247473174,360,860,960,990
2023-11-12,37054.51953125,-0.014901395821212304,0,0,0.4624659254648216,0.5375340745351784,0.5375340745351784,0.1,scale,0.24815426247473174,360,860,960,990
2023-11-13,36502.35546875,-0.026428838121854925,0,0,0.4673351164953708,0.5326648835046293,0.5326648835046293,0.1,scale,0.24815426247473174,360,860,960,990
2023-11-14,35537.640625,0.06592844558740318,1,0,0.46291660157385,0.53708339842615,0.53708339842615,0.1,scale,0.24815426247473174,360,860,960,990
2023-11-15,37880.58203125,-0.04555929205565723,0,0,0.4303591507295839,0.5696408492704161,0.5696408492704161,0.1,scale,0.24815426247473174,360,860,960,990
2023-11-16,36154.76953125,0.012222842746045792,1,0,0.46036477306293966,0.5396352269370603,0.5396352269370603,0.1,scale,0.25093144648449695,390,890,990,1020
2023-11-17,36596.68359375,-0.000300039994658885,0,0,0.42569574767312474,0.5743042523268753,0.5743042523268753,0.1,scale,0.25093144648449695,390,890,990,1020
2023-11-18,36585.703125,0.021889527372586093,1,0,0.4436088638458275,0.5563911361541725,0.5563911361541725,0.1,scale,0.25093144648449695,390,890,990,1020
2023-11-19,37386.546875,0.0024182537251242753,1,0,0.41966501709787685,0.5803349829021232,0.5803349829021232,0.1,scale,0.25093144648449695,390,890,990,1020
2023-11-20,37476.95703125,-0.04437779006078835,0,0,0.4566119389460548,0.5433880610539452,0.5433880610539452,0.1,scale,0.25093144648449695,390,890,990,1020
2023-11-21,35813.8125,0.045192824521265385,1,0,0.4752878977700343,0.5247121022299657,0.5247121022299657,0.1,scale,0.25093144648449695,390,890,990,1020
2023-11-22,37432.33984375,-0.003812712499291715,0,0,0.4218206370921952,0.5781793629078048,0.5781793629078048,0.1,scale,0.25093144648449695,390,890,990,1020
2023-11-23,37289.62109375,0.011549062275727495,1,0,0.4310711057939295,0.5689288942060705,0.5689288942060705,0.1,scale,0.25093144648449695,390,890,990,1020
2023-11-24,37720.28125,0.0020283973558654633,1,0,0.4543257502638743,0.5456742497361258,0.5456742497361258,0.1,scale,0.25093144648449695,390,890,990,1020
2023-11-25,37796.79296875,-0.008404730932136117,0,0,0.4418763135505907,0.5581236864494092,0.5581236864494092,0.1,scale,0.25093144648449695,390,890,990,1020
2023-11-26,37479.12109375,-0.006002091789647501,0,0,0.4535514864323012,0.5464485135676989,0.5464485135676989,0.1,scale,0.25093144648449695,390,890,990,1020
2023-11-27,37254.16796875,0.01548599794884531,1,0,0.4468018848185076,0.5531981151814924,0.5531981151814924,0.1,scale,0.25093144648449695,390,890,990,1020
2023-11-28,37831.0859375,0.0007244373065387055,1,0,0.4217178521507033,0.5782821478492968,0.5782821478492968,0.1,scale,0.25093144648449695,390,890,990,1020
2023-11-29,37858.4921875,-0.0038497596002547985,0,0,0.43413796534621796,0.565862034653782,0.565862034653782,0.1,scale,0.25093144648449695,390,890,990,1020
2023-11-30,37712.74609375,0.025879947957747618,1,0,0.44026087372399797,0.5597391262760021,0.5597391262760021,0.1,scale,0.25093144648449695,390,890,990,1020
2023-12-01,38688.75,0.020356874575942596,1,0,0.43673971749751506,0.5632602825024849,0.5632602825024849,0.1,scale,0.25093144648449695,390,890,990,1020
2023-12-02,39476.33203125,0.012717964611113297,1,0,0.44757615974725956,0.5524238402527404,0.5524238402527404,0.1,scale,0.25093144648449695,390,890,990,1020
2023-12-03,39978.390625,0.05006972516793251,1,0,0.44041965649412496,0.559580343505875,0.559580343505875,0.1,scale,0.25093144648449695,390,890,990,1020
2023-12-04,41980.09765625,0.05003682455553493,1,1,0.5322089836938643,0.46779101630613573,0.5322089836938643,0.1,scale,0.25093144648449695,390,890,990,1020
2023-12-05,44080.6484375,-0.007581629055975703,0,0,0.49387533556001406,0.5061246644399859,0.5061246644399859,0.1,scale,0.25093144648449695,390,890,990,1020
2023-12-06,43746.4453125,-0.010372985662227885,0,0,0.49107058405933696,0.508929415940663,0.508929415940663,0.1,scale,0.25093144648449695,390,890,990,1020
2023-12-07,43292.6640625,0.02018673414826888,1,0,0.4667600678198521,0.533239932180148,0.533239932180148,0.1,scale,0.25093144648449695,390,890,990,1020
2023-12-08,44166.6015625,-0.009976252913108663,0,0,0.4598232466418651,0.540176753358135,0.540176753358135,0.1,scale,0.25093144648449695,390,890,990,1020
2023-12-09,43725.984375,0.0012284421841561866,1,0,0.46593847544726347,0.5340615245527365,0.5340615245527365,0.1,scale,0.25093144648449695,390,890,990,1020
2023-12-10,43779.69921875,-0.05792335792051162,0,0,0.46382440876114894,0.5361755912388511,0.5361755912388511,0.1,scale,0.25093144648449695,390,890,990,1020
2023-12-11,41243.83203125,0.005004157345118276,1,1,0.5398806968738681,0.4601193031261319,0.5398806968738681,0.1,scale,0.25093144648449695,390,890,990,1020
2023-12-12,41450.22265625,0.03475299863154757,1,0,0.4766928415593781,0.5233071584406219,0.5233071584406219,0.1,scale,0.25093144648449695,390,890,990,1020
2023-12-13,42890.7421875,0.0031062756659134827,1,0,0.44112590245635414,0.5588740975436459,0.5588740975436459,0.1,scale,0.25093144648449695,390,890,990,1020
2023-12-14,43023.97265625,-0.025432678020983368,0,0,0.4369700449521836,0.5630299550478164,0.5630299550478164,0.1,scale,0.25093144648449695,390,890,990,1020
2023-12-15,41929.7578125,0.007401888090740938,1,0,0.45382672062469803,0.546173279375302,0.546173279375302,0.1,scale,0.25093144648449695,390,890,990,1020
2023-12-16,42240.1171875,-0.02072563201266564,0,0,0.48238566005008077,0.5176143399499192,0.5176143399499192,1.0,0.1,0.25398723566648873,420,920,1020,1050
2023-12-17,41364.6640625,0.030433584522719714,1,0,0.48830717693953263,0.5116928230604674,0.5116928230604674,1.0,0.1,0.25398723566648873,420,920,1020,1050
2023-12-18,42623.5390625,-0.008282083715112631,0,0,0.48131614347053797,0.518683856529462,0.518683856529462,1.0,0.1,0.25398723566648873,420,920,1020,1050
2023-12-19,42270.52734375,0.032687613405284255,1,0,0.47592880282880273,0.5240711971711973,0.5240711971711973,1.0,0.1,0.25398723566648873,420,920,1020,1050
2023-12-20,43652.25,0.0049688697318006625,1,0,0.4744596981140483,0.5255403018859517,0.5255403018859517,1.0,0.1,0.25398723566648873,420,920,1020,1050
2023-12-21,43869.15234375,0.002934864092908329,1,0,0.4763717089220497,0.5236282910779503,0.5236282910779503,1.0,0.1,0.25398723566648873,420,920,1020,1050
2023-12-22,43997.90234375,-0.005872083923035065,0,0,0.4769852791579368,0.5230147208420632,0.5230147208420632,1.0,0.1,0.25398723566648873,420,920,1020,1050
2023-12-23,43739.54296875,-0.01653939964043194,0,0,0.4809113947422231,0.5190886052577769,0.5190886052577769,1.0,0.1,0.25398723566648873,420,920,1020,1050
2023-12-24,43016.1171875,0.013879063861056418,1,0,0.4839350974781117,0.5160649025218883,0.5160649025218883,1.0,0.1,0.25398723566648873,420,920,1020,1050
2023-12-25,43613.140625,-0.025055253200995553,0,0,0.48378959560872403,0.516210404391276,0.516210404391276,1.0,0.1,0.25398723566648873,420,920,1020,1050
2023-12-26,42520.40234375,0.021694364920222586,1,0,0.48566778232640906,0.5143322176735909,0.5143322176735909,1.0,0.1,0.25398723566648873,420,920,1020,1050
2023-12-27,43442.85546875,-0.01876027694786908,0,0,0.48352395646034657,0.5164760435396534,0.5164760435396534,1.0,0.1,0.25398723566648873,420,920,1020,1050
2023-12-28,42627.85546875,-0.012396896798793966,0,0,0.48291965501335976,0.5170803449866402,0.5170803449866402,1.0,0.1,0.25398723566648873,420,920,1020,1050
2023-12-29,42099.40234375,0.0013658151137276864,1,0,0.4831348579424324,0.5168651420575676,0.5168651420575676,1.0,0.1,0.25398723566648873,420,920,1020,1050
2023-12-30,42156.90234375,0.002568622223877659,1,0,0.4867479236867176,0.5132520763132824,0.5132520763132824,1.0,0.1,0.25398723566648873,420,920,1020,1050
2023-12-31,42265.1875,0.0450049945064126,1,0,0.482420652931359,0.517579347068641,0.517579347068641,1.0,0.1,0.25398723566648873,420,920,1020,1050
2024-01-01,44167.33203125,0.017900939051301412,1,0,0.4815403166520378,0.5184596833479622,0.5184596833479622,1.0,0.1,0.25398723566648873,420,920,1020,1050
2024-01-02,44957.96875,-0.04692812036242189,0,0,0.4984473533204674,0.5015526466795326,0.5015526466795326,1.0,0.1,0.25398723566648873,420,920,1020,1050
2024-01-03,42848.17578125,0.03108057856532498,1,0,0.47668112502887966,0.5233188749711204,0.5233188749711204,1.0,0.1,0.25398723566648873,420,920,1020,1050
2024-01-04,44179.921875,-0.0003900067727314882,0,0,0.47173658812163455,0.5282634118783655,0.5282634118783655,1.0,0.1,0.25398723566648873,420,920,1020,1050
2024-01-05,44162.69140625,-0.003928567037593367,0,0,0.47097437332592473,0.5290256266740753,0.5290256266740753,1.0,0.1,0.25398723566648873,420,920,1020,1050
2024-01-06,43989.1953125,-0.0010479313368322307,0,0,0.4731567671512189,0.5268432328487811,0.5268432328487811,1.0,0.1,0.25398723566648873,420,920,1020,1050
2024-01-07,43943.09765625,0.06889378335779228,1,0,0.4745174820076414,0.5254825179923586,0.5254825179923586,1.0,0.1,0.25398723566648873,420,920,1020,1050
2024-01-08,46970.50390625,-0.017687130611972357,0,1,0.5032858172971845,0.49671418270281553,0.5032858172971845,1.0,0.1,0.25398723566648873,420,920,1020,1050
2024-01-09,46139.73046875,0.010577584004972662,1,0,0.48034915707961023,0.5196508429203898,0.5196508429203898,1.0,0.1,0.25398723566648873,420,920,1020,1050
2024-01-10,46627.77734375,-0.005558733892443213,0,0,0.4797065088307505,0.5202934911692495,0.5202934911692495,1.0,0.1,0.25398723566648873,420,920,1020,1050
2024-01-11,46368.5859375,-0.07581464687080208,0,0,0.4767432523265045,0.5232567476734955,0.5232567476734955,1.0,0.1,0.25398723566648873,420,920,1020,1050
2024-01-12,42853.16796875,-0.0002516769882185965,0,0,0.489462288527158,0.510537711472842,0.510537711472842,1.0,0.1,0.25398723566648873,420,920,1020,1050
2024-01-13,42842.3828125,-0.0244177193838242,0,0,0.48111708433847294,0.5188829156615271,0.5188829156615271,1.0,0.1,0.25398723566648873,420,920,1020,1050
2024-01-14,41796.26953125,0.01712351907901466,1,0,0.495404651751501,0.504595348248499,0.504595348248499,1.0,0.1,0.25398723566648873,420,920,1020,1050
2024-01-15,42511.96875,0.015124600939588229,1,0,0.49113345135986664,0.5088665486401334,0.5088665486401334,10.0,scale,0.25357628026952045,450,950,1050,1080
2024-01-16,43154.9453125,-0.009553782672285682,0,0,0.4980485371202485,0.5019514628797515,0.5019514628797515,10.0,scale,0.25357628026952045,450,950,1050,1080
2024-01-17,42742.65234375,-0.034639725632667706,0,1,0.5031409238991628,0.49685907610083724,0.5031409238991628,10.0,scale,0.25357628026952045,450,950,1050,1080
2024-01-18,41262.05859375,0.00863620644230223,1,0,0.4962292076458759,0.5037707923541241,0.5037707923541241,10.0,scale,0.25357628026952045,450,950,1050,1080
2024-01-19,41618.40625,0.0011336255217606617,1,0,0.49421363903645904,0.5057863609635409,0.5057863609635409,10.0,scale,0.25357628026952045,450,950,1050,1080
2024-01-20,41665.5859375,-0.0028752933279206916,0,0,0.49529662222120635,0.5047033777787937,0.5047033777787937,10.0,scale,0.25357628026952045,450,950,1050,1080
2024-01-21,41545.78515625,-0.049064374667218136,0,0,0.49565036302947946,0.5043496369705205,0.5043496369705205,10.0,scale,0.25357628026952045,450,950,1050,1080
2024-01-22,39507.3671875,0.008560013431039293,1,0,0.4843867083126352,0.5156132916873648,0.5156132916873648,10.0,scale,0.25357628026952045,450,950,1050,1080
2024-01-23,39845.55078125,0.005810521700930993,1,0,0.4897755904093219,0.510224409590678,0.510224409590678,10.0,scale,0.25357628026952045,450,950,1050,1080
2024-01-24,40077.07421875,-0.0035747525934159974,0,0,0.4926413532017993,0.5073586467982008,0.5073586467982008,10.0,scale,0.25357628026952045,450,950,1050,1080
2024-01-25,39933.80859375,0.04715459322091098,1,0,0.4951728180142211,0.5048271819857789,0.5048271819857789,10.0,scale,0.25357628026952045,450,950,1050,1080
2024-01-26,41816.87109375,0.007250269707417489,1,0,0.49628581489383633,0.5037141851061637,0.5037141851061637,10.0,scale,0.25357628026952045,450,950,1050,1080
2024-01-27,42120.0546875,-0.002005242826170095,0,0,0.49715887335537634,0.5028411266446237,0.5028411266446237,10.0,scale,0.25357628026952045,450,950,1050,1080
2024-01-28,42035.59375,0.029799801358818767,1,0,0.4958224383164736,0.5041775616835265,0.5041775616835265,10.0,scale,0.25357628026952045,450,950,1050,1080
2024-01-29,43288.24609375,-0.007753530092744043,0,0,0.4970561518973708,0.5029438481026292,0.5029438481026292,10.0,scale,0.25357628026952045,450,950,1050,1080
2024-01-30,42952.609375,-0.00861423582021903,0,0,0.4976443994702312,0.5023556005297688,0.5023556005297688,10.0,scale,0.25357628026952045,450,950,1050,1080
2024-01-31,42582.60546875,0.011581441842771323,1,0,0.4977483975337059,0.5022516024662941,0.5022516024662941,10.0,scale,0.25357628026952045,450,950,1050,1080
2024-02-01,43075.7734375,0.0025556346111748063,1,1,0.5003987191941932,0.4996012808058068,0.5003987191941932,10.0,scale,0.25357628026952045,450,950,1050,1080
2024-02-02,43185.859375,-0.0044831659668692625,0,0,0.49790803597158667,0.5020919640284134,0.5020919640284134,10.0,scale,0.25357628026952045,450,950,1050,1080
2024-02-03,42992.25,-0.009505619472114146,0,0,0.49468617296783324,0.5053138270321668,0.5053138270321668,10.0,scale,0.25357628026952045,450,950,1050,1080
2024-02-04,42583.58203125,0.0017632602500394778,1,0,0.49681346242581326,0.5031865375741867,0.5031865375741867,10.0,scale,0.25357628026952045,450,950,1050,1080
2024-02-05,42658.66796875,0.009986338686479135,1,0,0.4955593642293065,0.5044406357706934,0.5044406357706934,10.0,scale,0.25357628026952045,450,950,1050,1080
2024-02-06,43084.671875,0.028630850081180936,1,0,0.4939005795202196,0.5060994204797804,0.5060994204797804,10.0,scale,0.25357628026952045,450,950,1050,1080
2024-02-07,44318.22265625,0.022188248784866804,1,0,0.4944307250661138,0.5055692749338863,0.5055692749338863,10.0,scale,0.25357628026952045,450,950,1050,1080
2024-02-08,45301.56640625,0.040741037427910465,1,0,0.49465516714621094,0.5053448328537891,0.5053448328537891,10.0,scale,0.25357628026952045,450,950,1050,1080
2024-02-09,47147.19921875,0.013236801662479536,1,0,0.4910912172830427,0.5089087827169573,0.5089087827169573,10.0,scale,0.25357628026952045,450,950,1050,1080
2024-02-10,47771.27734375,0.010940478338881565,1,0,0.48335950766389385,0.5166404923361061,0.5166404923361061,10.0,scale,0.25357628026952045,450,950,1050,1080
2024-02-11,48293.91796875,0.034461993507690414,1,0,0.49667878527366077,0.5033212147263393,0.5033212147263393,10.0,scale,0.25357628026952045,450,950,1050,1080
2024-02-12,49958.22265625,-0.004319233922406296,0,0,0.4960463189659249,0.5039536810340751,0.5039536810340751,10.0,scale,0.25357628026952045,450,950,1050,1080
2024-02-13,49742.44140625,0.041900916949929146,1,0,0.49782245993193347,0.5021775400680666,0.5021775400680666,10.0,scale,0.25357628026952045,450,950,1050,1080
2024-02-14,51826.6953125,0.0021583350882306007,1,0,0.47826282145809,0.52173717854191,0.52173717854191,1.0,0.01,0.25168455471253415,480,980,1080,1110
2024-02-15,51938.5546875,0.004267512618200353,1,0,0.48108661870601327,0.5189133812939868,0.5189133812939868,1.0,0.01,0.25168455471253415,480,980,1080,1110
2024-02-16,52160.203125,-0.009532306269177337,0,0,0.48077281620109863,0.5192271837989013,0.5192271837989013,1.0,0.01,0.25168455471253415,480,980,1080,1110
2024-02-17,51662.99609375,0.008895163192163213,1,0,0.48266637455716743,0.5173336254428326,0.5173336254428326,1.0,0.01,0.25168455471253415,480,980,1080,1110
2024-02-18,52122.546875,-0.006588364620277343,0,0,0.48237846131383755,0.5176215386861625,0.5176215386861625,1.0,0.01,0.25168455471253415,480,980,1080,1110
2024-02-19,51779.14453125,0.009767068832988945,1,0,0.495147794608353,0.504852205391647,0.504852205391647,1.0,0.01,0.25168455471253415,480,980,1080,1110
2024-02-20,52284.875,-0.008524364120598982,0,1,0.5027267995373365,0.49727320046266354,0.5027267995373365,1.0,0.01,0.25168455471253415,480,980,1080,1110
2024-02-21,51839.1796875,-0.010305082651198116,0,0,0.4932111448793155,0.5067888551206845,0.5067888551206845,1.0,0.01,0.25168455471253415,480,980,1080,1110
2024-02-22,51304.97265625,-0.011168964874795462,0,0,0.4952413973333716,0.5047586026666284,0.5047586026666284,1.0,0.01,0.25168455471253415,480,980,1080,1110
2024-02-23,50731.94921875,0.016540904827679226,1,0,0.49706197615762393,0.5029380238423761,0.5029380238423761,1.0,0.01,0.25168455471253415,480,980,1080,1110
2024-02-24,51571.1015625,0.003143945229742817,1,0,0.4823543817675272,0.5176456182324728,0.5176456182324728,1.0,0.01,0.25168455471253415,480,980,1080,1110
2024-02-25,51733.23828125,0.053914352844811164,1,0,0.489196991430523,0.510803008569477,0.510803008569477,1.0,0.01,0.25168455471253415,480,980,1080,1110
2024-02-26,54522.40234375,0.04700762695380023,1,1,0.5234222941618963,0.47657770583810366,0.5234222941618963,1.0,0.01,0.25168455471253415,480,980,1080,1110
2024-02-27,57085.37109375,0.09493531994124749,1,0,0.485012507801519,0.514987492198481,0.514987492198481,1.0,0.01,0.25168455471253415,480,980,1080,1110
2024-02-28,62504.7890625,-0.020900898468654838,0,1,0.5071682989365747,0.49283170106342533,0.5071682989365747,1.0,0.01,0.25168455471253415,480,980,1080,1110
2024-02-29,61198.3828125,0.020298739001094468,1,0,0.49643668551048403,0.503563314489516,0.503563314489516,1.0,0.01,0.25168455471253415,480,980,1080,1110
2024-03-01,62440.6328125,-0.006578811548619723,0,0,0.4997490305914101,0.5002509694085899,0.5002509694085899,1.0,0.01,0.25168455471253415,480,980,1080,1110
2024-03-02,62029.84765625,0.01833832389535761,1,1,0.5010083393430563,0.49899166065694367,0.5010083393430563,1.0,0.01,0.25168455471253415,480,980,1080,1110
2024-03-03,63167.37109375,0.08173591649219114,1,0,0.4997803513837198,0.5002196486162802,0.5002196486162802,1.0,0.01,0.25168455471253415,480,980,1080,1110
2024-03-04,68330.4140625,-0.06628402455760396,0,1,0.548245598482127,0.45175440151787305,0.548245598482127,1.0,0.01,0.25168455471253415,480,980,1080,1110
2024-03-05,63801.19921875,0.03613733749494208,1,1,0.5399646724535753,0.46003532754642473,0.5399646724535753,1.0,0.01,0.25168455471253415,480,980,1080,1110
2024-03-06,66106.8046875,0.012384196927533564,1,0,0.4965552489822003,0.5034447510177997,0.5034447510177997,1.0,0.01,0.25168455471253415,480,980,1080,1110
2024-03-07,66925.484375,0.020539401213709896,1,1,0.5079842046769841,0.49201579532301587,0.5079842046769841,1.0,0.01,0.25168455471253415,480,980,1080,1110
2024-03-08,68300.09375,0.0029105240064184468,1,1,0.512940341597424,0.48705965840257603,0.512940341597424,1.0,0.01,0.25168455471253415,480,980,1080,1110
2024-03-09,68498.8828125,0.007604594828588107,1,1,0.5155603496671085,0.4844396503328915,0.5155603496671085,1.0,0.01,0.25168455471253415,480,980,1080,1110
2024-03-10,69019.7890625,0.04497430707429584,1,1,0.529057670386694,0.47094232961330595,0.529057670386694,1.0,0.01,0.25168455471253415,480,980,1080,1110
2024-03-11,72123.90625,-0.008909905479502545,0,1,0.5256727075997819,0.4743272924002181,0.5256727075997819,1.0,0.01,0.25168455471253415,480,980,1080,1110
2024-03-12,71481.2890625,0.022414410239567806,1,1,0.5254818787561673,0.47451812124383275,0.5254818787561673,1.0,0.01,0.25168455471253415,480,980,1080,1110
2024-03-13,73083.5,-0.0230819028918976,0,1,0.512787311210834,0.487212688789166,0.512787311210834,1.0,0.01,0.25168455471253415,480,980,1080,1110
2024-03-14,71396.59375,-0.027911980219644583,0,1,0.5306225841748786,0.4693774158251214,0.5306225841748786,1.0,0.01,0.25168455471253415,480,980,1080,1110
2024-03-15,69403.7734375,-0.05891115205258901,0,1,0.5634872742490946,0.4365127257509054,0.5634872742490946,1.0,0.01,0.24734215868362316,510,1010,1110,1140
2024-03-16,65315.1171875,0.04708722796395115,1,1,0.5722925016445302,0.42770749835546984,0.5722925016445302,1.0,0.01,0.24734215868362316,510,1010,1110,1140
2024-03-17,68390.625,-0.0123120859035869,0,1,0.5409151957644271,0.45908480423557285,0.5409151957644271,1.0,0.01,0.24734215868362316,510,1010,1110,1140
2024-03-18,67548.59375,-0.08343356981432348,0,1,0.5509169786208143,0.44908302137918565,0.5509169786208143,1.0,0.01,0.24734215868362316,510,1010,1110,1140
2024-03-19,61912.7734375,0.09692504638897836,1,1,0.5866869831383816,0.41331301686161837,0.5866869831383816,1.0,0.01,0.24734215868362316,510,1010,1110,1140
2024-03-20,67913.671875,-0.03566706353999505,0,1,0.5223000710464175,0.4776999289535825,0.5223000710464175,1.0,0.01,0.24734215868362316,510,1010,1110,1140
2024-03-21,65491.390625,-0.02615044343853401,0,1,0.5502075155744245,0.4497924844255755,0.5502075155744245,1.0,0.01,0.24734215868362316,510,1010,1110,1140
2024-03-22,63778.76171875,0.004444134671348854,1,1,0.5480937418976648,0.4519062581023352,0.5480937418976648,1.0,0.01,0.24734215868362316,510,1010,1110,1140
2024-03-23,64062.203125,0.04951388799118828,1,1,0.5387491872219552,0.4612508127780448,0.5387491872219552,1.0,0.01,0.24734215868362316,510,1010,1110,1140
2024-03-24,67234.171875,0.04052464020923141,1,1,0.5264852425875064,0.4735147574124936,0.5264852425875064,1.0,0.01,0.24734215868362316,510,1010,1110,1140
2024-03-25,69958.8125,0.00041486463910467286,1,1,0.5384688288560834,0.4615311711439166,0.5384688288560834,1.0,0.01,0.24734215868362316,510,1010,1110,1140
2024-03-26,69987.8359375,-0.007608353371227561,0,1,0.5353717170854568,0.46462828291454317,0.5353717170854568,1.0,0.01,0.24734215868362316,510,1010,1110,1140
2024-03-27,69455.34375,0.018567460837021654,1,1,0.5405443859375244,0.4594556140624756,0.5405443859375244,1.0,0.01,0.24734215868362316,510,1010,1110,1140
2024-03-28,70744.953125,-0.01204502883045766,0,1,0.5314645699269013,0.4685354300730987,0.5314645699269013,1.0,0.01,0.24734215868362316,510,1010,1110,1140
2024-03-29,69892.828125,-0.0035414711944022903,0,1,0.5392289018102896,0.4607710981897104,0.5392289018102896,1.0,0.01,0.24734215868362316,510,1010,1110,1140
2024-03-30,69645.3046875,0.02424203264779501,1,1,0.5359415163904307,0.46405848360956925,0.5359415163904307,1.0,0.01,0.24734215868362316,510,1010,1110,1140
2024-03-31,71333.6484375,-0.022871394296192005,0,1,0.5335837268098806,0.46641627319011936,0.5335837268098806,1.0,0.01,0.24734215868362316,510,1010,1110,1140
2024-04-01,69702.1484375,-0.061047985989492126,0,1,0.580655063366246,0.41934493663375405,0.580655063366246,1.0,0.01,0.24734215868362316,510,1010,1110,1140
2024-04-02,65446.97265625,0.008156830210526378,1,1,0.5969432334382271,0.4030567665617729,0.5969432334382271,1.0,0.01,0.24734215868362316,510,1010,1110,1140
2024-04-03,65980.8125,0.038314642609167615,1,1,0.5534465176117306,0.4465534823882694,0.5534465176117306,1.0,0.01,0.24734215868362316,510,1010,1110,1140
2024-04-04,68508.84375,-0.009797320875087778,0,1,0.5357874476657448,0.4642125523342552,0.5357874476657448,1.0,0.01,0.24734215868362316,510,1010,1110,1140
2024-04-05,67837.640625,0.015602971156545964,1,1,0.5428017028529292,0.45719829714707083,0.5428017028529292,1.0,0.01,0.24734215868362316,510,1010,1110,1140
2024-04-06,68896.109375,0.006770270726916605,1,1,0.5258538074566614,0.47414619254333856,0.5258538074566614,1.0,0.01,0.24734215868362316,510,1010,1110,1140
2024-04-07,69362.5546875,0.03270935878474601,1,1,0.535744814676471,0.46425518532352905,0.535744814676471,1.0,0.01,0.24734215868362316,510,1010,1110,1140
2024-04-08,71631.359375,-0.03479403115822832,0,1,0.5474693018680047,0.4525306981319953,0.5474693018680047,1.0,0.01,0.24734215868362316,510,1010,1110,1140
2024-04-09,69139.015625,0.0209558550176423,1,1,0.5458978353531782,0.45410216464682185,0.5458978353531782,1.0,0.01,0.24734215868362316,510,1010,1110,1140
2024-04-10,70587.8828125,-0.007469744331340511,0,1,0.5307095978554544,0.46929040214454565,0.5307095978554544,1.0,0.01,0.24734215868362316,510,1010,1110,1140
2024-04-11,70060.609375,-0.04088948430588779,0,1,0.5360056219390668,0.46399437806093324,0.5360056219390668,1.0,0.01,0.24734215868362316,510,1010,1110,1140
2024-04-12,67195.8671875,-0.05021729270691988,0,1,0.5743358768314094,0.4256641231685906,0.5743358768314094,1.0,0.01,0.24734215868362316,510,1010,1110,1140
2024-04-13,63821.47265625,0.03004089104268326,1,1,0.5916512288740626,0.40834877112593737,0.5916512288740626,1.0,0.01,0.24734215868362316,510,1010,1110,1140
2024-04-14,65738.7265625,-0.03517737178558533,0,1,0.5912993869457883,0.4087006130542117,0.5912993869457883,1.0,0.01,0.24733438533600485,540,1040,1140,1170
2024-04-15,63426.2109375,0.006080330797783695,1,1,0.6373497115109431,0.3626502884890569,0.6373497115109431,1.0,0.01,0.24733438533600485,540,1040,1140,1170
2024-04-16,63811.86328125,-0.03972884891052719,0,1,0.5871692469681394,0.41283075303186056,0.5871692469681394,1.0,0.01,0.24733438533600485,540,1040,1140,1170
2024-04-17,61276.69140625,0.03649124077498622,1,1,0.6516641744017537,0.3483358255982463,0.6516641744017537,1.0,0.01,0.24733438533600485,540,1040,1140,1170
2024-04-18,63512.75390625,0.005208661031110617,1,1,0.5633270602558359,0.4366729397441641,0.5633270602558359,1.0,0.01,0.24733438533600485,540,1040,1140,1170
2024-04-19,63843.5703125,0.018026421268684478,1,1,0.5883710775183864,0.41162892248161365,0.5883710775183864,1.0,0.01,0.24733438533600485,540,1040,1140,1170
2024-04-20,64994.44140625,-0.0010431180502996629,0,1,0.5214732920854427,0.4785267079145573,0.5214732920854427,1.0,0.01,0.24733438533600485,540,1040,1140,1170
2024-04-21,64926.64453125,0.029433758205850147,1,1,0.5481206442084327,0.45187935579156735,0.5481206442084327,1.0,0.01,0.24733438533600485,540,1040,1140,1170
2024-04-22,66837.6796875,-0.006439574982440521,0,1,0.5442469590921563,0.45575304090784374,0.5442469590921563,1.0,0.01,0.24733438533600485,540,1040,1140,1170
2024-04-23,66407.2734375,-0.03208044676017341,0,1,0.5348833251072681,0.4651166748927319,0.5348833251072681,1.0,0.01,0.24733438533600485,540,1040,1140,1170
2024-04-24,64276.8984375,0.0031863484195515657,1,1,0.5884829669374364,0.4115170330625636,0.5884829669374364,1.0,0.01,0.24733438533600485,540,1040,1140,1170
2024-04-25,64481.70703125,-0.011265004482557628,0,1,0.5745735951743266,0.4254264048256734,0.5745735951743266,1.0,0.01,0.24733438533600485,540,1040,1140,1170
2024-04-26,63755.3203125,-0.005272966802647994,0,1,0.5717870003895731,0.4282129996104269,0.5717870003895731,1.0,0.01,0.24733438533600485,540,1040,1140,1170
2024-04-27,63419.140625,-0.004823625063903991,0,1,0.562262331126282,0.437737668873718,0.562262331126282,1.0,0.01,0.24733438533600485,540,1040,1140,1170
2024-04-28,63113.23046875,0.011533090916022948,1,1,0.5708622498231865,0.42913775017681355,0.5708622498231865,1.0,0.01,0.24733438533600485,540,1040,1140,1170
2024-04-29,63841.12109375,-0.050191249309274655,0,1,0.5814708479987533,0.41852915200124674,0.5814708479987533,1.0,0.01,0.24733438533600485,540,1040,1140,1170
2024-04-30,60636.85546875,-0.03929695449375714,0,1,0.6412784828874487,0.3587215171125513,0.6412784828874487,1.0,0.01,0.24733438533600485,540,1040,1140,1170
2024-05-01,58254.01171875,0.014924669552331737,1,1,0.6711663321047411,0.3288336678952589,0.6711663321047411,1.0,0.01,0.24733438533600485,540,1040,1140,1170
2024-05-02,59123.43359375,0.06370405294167747,1,1,0.6175568084983997,0.38244319150160033,0.6175568084983997,1.0,0.01,0.24733438533600485,540,1040,1140,1170
2024-05-03,62889.8359375,0.015926845790239064,1,1,0.5418754400843123,0.4581245599156877,0.5418754400843123,1.0,0.01,0.24733438533600485,540,1040,1140,1170
2024-05-04,63891.47265625,0.002185896653241981,1,1,0.5264577615484599,0.4735422384515401,0.5264577615484599,1.0,0.01,0.24733438533600485,540,1040,1140,1170
2024-05-05,64031.1328125,-0.013574390387488533,0,1,0.5372342490604385,0.4627657509395615,0.5372342490604385,1.0,0.01,0.24733438533600485,540,1040,1140,1170
2024-05-06,63161.94921875,-0.01309542885757653,0,1,0.5980349509093782,0.4019650490906218,0.5980349509093782,1.0,0.01,0.24733438533600485,540,1040,1140,1170
2024-05-07,62334.81640625,-0.018398626419713127,0,1,0.5725597754277356,0.4274402245722644,0.5725597754277356,1.0,0.01,0.24733438533600485,540,1040,1140,1170
2024-05-08,61187.94140625,0.03043115176709965,1,1,0.5901129167135669,0.4098870832864331,0.5901129167135669,1.0,0.01,0.24733438533600485,540,1040,1140,1170
2024-05-09,63049.9609375,-0.035799920573900024,0,1,0.5468197071195368,0.45318029288046324,0.5468197071195368,1.0,0.01,0.24733438533600485,540,1040,1140,1170
2024-05-10,60792.77734375,1.5356984674586016e-05,1,1,0.6124224589129541,0.3875775410870459,0.6124224589129541,1.0,0.01,0.24733438533600485,540,1040,1140,1170
2024-05-11,60793.7109375,0.010768936188532141,1,1,0.57464067557716,0.42535932442283997,0.57464067557716,1.0,0.01,0.24733438533600485,540,1040,1140,1170
2024-05-12,61448.39453125,0.023646747788683697,1,1,0.5789620112056932,0.42103798879430676,0.5789620112056932,1.0,0.01,0.24733438533600485,540,1040,1140,1170
2024-05-13,62901.44921875,-0.02144084393922019,0,1,0.6064330231915183,0.39356697680848174,0.6064330231915183,1.0,0.01,0.24733438533600485,540,1040,1140,1170
2024-05-14,61552.7890625,0.07659609250545496,1,1,0.5362037830985528,0.46379621690144723,0.5362037830985528,0.1,scale,0.2497360493075131,570,1070,1170,1200
2024-05-15,66267.4921875,-0.01563225228621834,0,1,0.560796248058892,0.43920375194110794,0.560796248058892,0.1,scale,0.2497360493075131,570,1070,1170,1200
2024-05-16,65231.58203125,0.02790508695432159,1,1,0.5227437193071681,0.4772562806928319,0.5227437193071681,0.1,scale,0.2497360493075131,570,1070,1170,1200
2024-05-17,67051.875,-0.0016564833198177142,0,1,0.5360877503053793,0.46391224969462075,0.5360877503053793,0.1,scale,0.2497360493075131,570,1070,1170,1200
2024-05-18,66940.8046875,-0.009895869986810912,0,1,0.5158231732979133,0.4841768267020867,0.5158231732979133,0.1,scale,0.2497360493075131,570,1070,1170,1200
2024-05-19,66278.3671875,0.07800174241430358,1,1,0.5216458158368398,0.4783541841631602,0.5216458158368398,0.1,scale,0.2497360493075131,570,1070,1170,1200
2024-05-20,71448.1953125,-0.018358253231772315,0,1,0.5847092003332841,0.4152907996667159,0.5847092003332841,0.1,scale,0.2497360493075131,570,1070,1170,1200
2024-05-21,70136.53125,-0.01446030042296964,0,1,0.536701991134443,0.46329800886555705,0.536701991134443,0.1,scale,0.2497360493075131,570,1070,1170,1200
2024-05-22,69122.3359375,-0.017255976976508713,0,1,0.5263759666464138,0.47362403335358616,0.5263759666464138,0.1,scale,0.2497360493075131,570,1070,1170,1200
2024-05-23,67929.5625,0.008781729788116976,1,1,0.5504817607474982,0.4495182392525018,0.5504817607474982,0.1,scale,0.2497360493075131,570,1070,1170,1200
2024-05-24,68526.1015625,0.010796524727518797,1,1,0.5244753153144273,0.47552468468557274,0.5244753153144273,0.1,scale,0.2497360493075131,570,1070,1170,1200
2024-05-25,69265.9453125,-0.010796814497022966,0,1,0.5247726319451508,0.4752273680548492,0.5247726319451508,0.1,scale,0.2497360493075131,570,1070,1170,1200
2024-05-26,68518.09375,0.012791671360530277,1,1,0.5319361417570085,0.46806385824299146,0.5319361417570085,0.1,scale,0.2497360493075131,570,1070,1170,1200
2024-05-27,69394.5546875,-0.015827408107827234,0,1,0.5591235789065755,0.4408764210934245,0.5591235789065755,0.1,scale,0.2497360493075131,570,1070,1170,1200
2024-05-28,68296.21875,-0.01051485738366742,0,1,0.552109950760058,0.447890049239942,0.552109950760058,0.1,scale,0.2497360493075131,570,1070,1170,1200
2024-05-29,67578.09375,0.011644282841286824,1,1,0.5380612729083207,0.46193872709167927,0.5380612729083207,0.1,scale,0.2497360493075131,570,1070,1170,1200
2024-05-30,68364.9921875,-0.012778150001159894,0,1,0.5319666826935497,0.46803331730645026,0.5319666826935497,0.1,scale,0.2497360493075131,570,1070,1170,1200
2024-05-31,67491.4140625,0.0031933460054698326,1,1,0.5378318782496688,0.4621681217503312,0.5378318782496688,0.1,scale,0.2497360493075131,570,1070,1170,1200
2024-06-01,67706.9375,0.0006596674454519835,1,1,0.5303284812646977,0.46967151873530233,0.5303284812646977,0.1,scale,0.2497360493075131,570,1070,1170,1200
2024-06-02,67751.6015625,0.015544720172089965,1,1,0.5483019169079192,0.4516980830920808,0.5483019169079192,0.1,scale,0.2497360493075131,570,1070,1170,1200
2024-06-03,68804.78125,0.025622992224831664,1,1,0.5728703625171712,0.42712963748282884,0.5728703625171712,0.1,scale,0.2497360493075131,570,1070,1170,1200
2024-06-04,70567.765625,0.007298724608017615,1,1,0.5191176661085206,0.4808823338914794,0.5191176661085206,0.1,scale,0.2497360493075131,570,1070,1170,1200
2024-06-05,71082.8203125,-0.004581363662391591,0,1,0.5210544146407367,0.47894558535926335,0.5210544146407367,0.1,scale,0.2497360493075131,570,1070,1170,1200
2024-06-06,70757.1640625,-0.01999201273457618,0,1,0.521895954081514,0.478104045918486,0.521895954081514,0.1,scale,0.2497360493075131,570,1070,1170,1200
2024-06-07,69342.5859375,-0.0005308786729295578,0,1,0.549958102573934,0.45004189742606604,0.549958102573934,0.1,scale,0.2497360493075131,570,1070,1170,1200
2024-06-08,69305.7734375,0.00493781012787653,1,1,0.530663549112692,0.469336450887308,0.530663549112692,0.1,scale,0.2497360493075131,570,1070,1170,1200
2024-06-09,69647.9921875,-0.0019485261992140401,0,1,0.5228960811341749,0.47710391886582515,0.5228960811341749,0.1,scale,0.2497360493075131,570,1070,1170,1200
2024-06-10,69512.28125,-0.03136496113771259,0,1,0.5520671478897601,0.4479328521102399,0.5520671478897601,0.1,scale,0.2497360493075131,570,1070,1170,1200
2024-06-11,67332.03125,0.013502581655740586,1,1,0.5937443933402844,0.4062556066597156,0.5937443933402844,0.1,scale,0.2497360493075131,570,1070,1170,1200
2024-06-12,68241.1875,-0.021757960505889518,0,1,0.5316146765296687,0.46838532347033135,0.5316146765296687,0.1,scale,0.2497360493075131,570,1070,1170,1200
2024-06-13,66756.3984375,-0.011164543099157487,0,1,0.5952272611984986,0.40477273880150144,0.5952272611984986,1.0,0.01,0.2483079719446062,600,1100,1200,1230
2024-06-14,66011.09375,0.0027253941690672523,1,1,0.5875927120402336,0.41240728795976644,0.5875927120402336,1.0,0.01,0.2483079719446062,600,1100,1200,1230
2024-06-15,66191.0,0.006768999939568809,1,1,0.5699872769053945,0.4300127230946055,0.5699872769053945,1.0,0.01,0.2483079719446062,600,1100,1200,1230
2024-06-16,66639.046875,-0.0022321747830370553,0,1,0.5587880511454515,0.4412119488545485,0.5587880511454515,1.0,0.01,0.2483079719446062,600,1100,1200,1230
2024-06-17,66490.296875,-0.02029695827328193,0,1,0.6290723058181532,0.3709276941818468,0.6290723058181532,1.0,0.01,0.2483079719446062,600,1100,1200,1230
2024-06-18,65140.74609375,-0.0027701435671353414,0,1,0.6266324551076784,0.3733675448923216,0.6266324551076784,1.0,0.01,0.2483079719446062,600,1100,1200,1230
2024-06-19,64960.296875,-0.00202647819256907,0,1,0.6042999818386731,0.39570001816132694,0.6042999818386731,1.0,0.01,0.2483079719446062,600,1100,1200,1230
2024-06-20,64828.65625,-0.011298352821403679,0,1,0.6215011137394268,0.37849888626057315,0.6215011137394268,1.0,0.01,0.2483079719446062,600,1100,1200,1230
2024-06-21,64096.19921875,0.0024397531859308152,1,1,0.6181812245766851,0.3818187754233149,0.6181812245766851,1.0,0.01,0.2483079719446062,600,1100,1200,1230
2024-06-22,64252.578125,-0.01668075089399379,0,1,0.5923855344117223,0.40761446558827774,0.5923855344117223,1.0,0.01,0.2483079719446062,600,1100,1200,1230
2024-06-23,63180.796875,-0.04595356431233677,0,1,0.6440882214159372,0.35591177858406275,0.6440882214159372,1.0,0.01,0.2483079719446062,600,1100,1200,1230
2024-06-24,60277.4140625,0.025336630415439876,1,1,0.7610684311768864,0.23893156882311362,0.7610684311768864,1.0,0.01,0.2483079719446062,600,1100,1200,1230
2024-06-25,61804.640625,-0.016072632592061153,0,1,0.615359936597984,0.38464006340201595,0.615359936597984,1.0,0.01,0.2483079719446062,600,1100,1200,1230
2024-06-26,60811.27734375,0.013048951973404943,1,1,0.6518062656356851,0.3481937343643149,0.6518062656356851,1.0,0.01,0.2483079719446062,600,1100,1200,1230
2024-06-27,61604.80078125,-0.020853310881755127,0,1,0.5959987633048625,0.40400123669513754,0.5959987633048625,1.0,0.01,0.2483079719446062,600,1100,1200,1230
2024-06-28,60320.13671875,0.009403861104374522,1,1,0.6480602985631102,0.3519397014368898,0.6480602985631102,1.0,0.01,0.2483079719446062,600,1100,1200,1230
2024-06-29,60887.37890625,0.029413551620566913,1,1,0.5898872528480417,0.41011274715195833,0.5898872528480417,1.0,0.01,0.2483079719446062,600,1100,1200,1230
2024-06-30,62678.29296875,0.002771094932125795,1,1,0.5720941766555173,0.4279058233444827,0.5720941766555173,1.0,0.01,0.2483079719446062,600,1100,1200,1230
2024-07-01,62851.98046875,-0.013093697885290578,0,1,0.5456892377541824,0.45431076224581757,0.5456892377541824,1.0,0.01,0.2483079719446062,600,1100,1200,1230
2024-07-02,62029.015625,-0.02990687070088416,0,1,0.5433980223711962,0.45660197762880383,0.5433980223711962,1.0,0.01,0.2483079719446062,600,1100,1200,1230
2024-07-03,60173.921875,-0.05311634426354228,0,1,0.6186273698448979,0.38137263015510214,0.6186273698448979,1.0,0.01,0.2483079719446062,600,1100,1200,1230
2024-07-04,56977.703125,-0.005534237213954074,0,1,0.7051631121461381,0.29483688785386186,0.7051631121461381,1.0,0.01,0.2483079719446062,600,1100,1200,1230
2024-07-05,56662.375,0.02896391234041995,1,1,0.6873259206685329,0.31267407933146707,0.6873259206685329,1.0,0.01,0.2483079719446062,600,1100,1200,1230
2024-07-06,58303.5390625,-0.042097439142912196,0,1,0.5820655071118859,0.41793449288811413,0.5820655071118859,1.0,0.01,0.2483079719446062,600,1100,1200,1230
2024-07-07,55849.109375,0.015326802715911692,1,1,0.6592300140517937,0.3407699859482063,0.6592300140517937,1.0,0.01,0.2483079719446062,600,1100,1200,1230
2024-07-08,56705.09765625,0.02299844211812685,1,1,0.6414975822426741,0.35850241775732594,0.6414975822426741,1.0,0.01,0.2483079719446062,600,1100,1200,1230
2024-07-09,58009.2265625,-0.004598069730556098,0,1,0.5545801624210251,0.44541983757897485,0.5545801624210251,1.0,0.01,0.2483079719446062,600,1100,1200,1230
2024-07-10,57742.49609375,-0.006885432015347748,0,1,0.5505277321986016,0.4494722678013984,0.5505277321986016,1.0,0.01,0.2483079719446062,600,1100,1200,1230
2024-07-11,57344.9140625,0.009670444019596935,1,1,0.5694253322425666,0.43057466775743336,0.5694253322425666,1.0,0.01,0.2483079719446062,600,1100,1200,1230
2024-07-12,57899.46484375,0.023013827240820017,1,1,0.5471814389778381,0.4528185610221619,0.5471814389778381,1.0,0.01,0.2483079719446062,600,1100,1200,1230
2024-07-13,59231.953125,0.026266900915231206,1,0,0.477235320474381,0.522764679525619,0.522764679525619,1.0,0.01,0.2526817983058539,630,1130,1230,1260
2024-07-14,60787.79296875,0.06715755212726138,1,0,0.48694605204863173,0.5130539479513683,0.5130539479513683,1.0,0.01,0.2526817983058539,630,1130,1230,1260
2024-07-15,64870.15234375,0.003499237870556282,1,1,0.5022290190533745,0.49777098094662553,0.5022290190533745,1.0,0.01,0.2526817983058539,630,1130,1230,1260
2024-07-16,65097.1484375,-0.01502916014346345,0,0,0.4673381454239503,0.5326618545760498,0.5326618545760498,1.0,0.01,0.2526817983058539,630,1130,1230,1260
2024-07-17,64118.79296875,-0.0022571629283560934,0,0,0.4615532262568591,0.5384467737431409,0.5384467737431409,1.0,0.01,0.2526817983058539,630,1130,1230,1260
2024-07-18,63974.06640625,0.042768734230136385,1,0,0.4635332936166787,0.5364667063833213,0.5364667063833213,1.0,0.01,0.2526817983058539,630,1130,1230,1260
2024-07-19,66710.15625,0.0067979482134701286,1,0,0.47108898995015813,0.5289110100498419,0.5289110100498419,1.0,0.01,0.2526817983058539,630,1130,1230,1260
2024-07-20,67163.6484375,0.014753144342986024,1,0,0.4605608864642363,0.5394391135357637,0.5394391135357637,1.0,0.01,0.2526817983058539,630,1130,1230,1260
2024-07-21,68154.5234375,-0.00835268752223095,0,0,0.4887859845391533,0.5112140154608467,0.5112140154608467,1.0,0.01,0.2526817983058539,630,1130,1230,1260
2024-07-22,67585.25,-0.02452573786440093,0,1,0.5042050739468126,0.4957949260531874,0.5042050739468126,1.0,0.01,0.2526817983058539,630,1130,1230,1260
2024-07-23,65927.671875,-0.008426492953570563,0,0,0.4899793329453801,0.5100206670546199,0.5100206670546199,1.0,0.01,0.2526817983058539,630,1130,1230,1260
2024-07-24,65372.1328125,0.00619673448871394,1,0,0.4903894824462814,0.5096105175537187,0.5096105175537187,1.0,0.01,0.2526817983058539,630,1130,1230,1260
2024-07-25,65777.2265625,0.032455548053117234,1,1,0.502006964524298,0.49799303547570195,0.502006964524298,1.0,0.01,0.2526817983058539,630,1130,1230,1260
2024-07-26,67912.0625,-0.0014537411892032726,0,0,0.462898867038981,0.537101132961019,0.537101132961019,1.0,0.01,0.2526817983058539,630,1130,1230,1260
2024-07-27,67813.3359375,0.006525726007755361,1,0,0.4822184008764645,0.5177815991235355,0.5177815991235355,1.0,0.01,0.2526817983058539,630,1130,1230,1260
2024-07-28,68255.8671875,-0.021037797689324123,0,0,0.4690543832476853,0.5309456167523148,0.5309456167523148,1.0,0.01,0.2526817983058539,630,1130,1230,1260
2024-07-29,66819.9140625,-0.009262185475442442,0,1,0.5739303053359813,0.42606969466401867,0.5739303053359813,1.0,0.01,0.2526817983058539,630,1130,1230,1260
2024-07-30,66201.015625,-0.023893373992326827,0,0,0.4957658874705588,0.5042341125294412,0.5042341125294412,1.0,0.01,0.2526817983058539,630,1130,1230,1260
2024-07-31,64619.25,0.011424614182306447,1,1,0.5298168424114384,0.47018315758856155,0.5298168424114384,1.0,0.01,0.2526817983058539,630,1130,1230,1260
2024-08-01,65357.5,-0.06032105869640059,0,1,0.5063846279651254,0.4936153720348746,0.5063846279651254,1.0,0.01,0.2526817983058539,630,1130,1230,1260
2024-08-02,61415.06640625,-0.011967302150066583,0,1,0.6103071802823825,0.3896928197176175,0.6103071802823825,1.0,0.01,0.2526817983058539,630,1130,1230,1260
2024-08-03,60680.09375,-0.04223983565450573,0,1,0.5806669491713777,0.41933305082862227,0.5806669491713777,1.0,0.01,0.2526817983058539,630,1130,1230,1260
2024-08-04,58116.9765625,-0.07098647891315102,0,1,0.6688009325758424,0.3311990674241576,0.6688009325758424,1.0,0.01,0.2526817983058539,630,1130,1230,1260
2024-08-05,53991.45703125,0.03783671505322772,1,1,0.7810594452085344,0.21894055479146557,0.7810594452085344,1.0,0.01,0.2526817983058539,630,1130,1230,1260
2024-08-06,56034.31640625,-0.017968550940289485,0,1,0.5997313024837586,0.4002686975162414,0.5997313024837586,1.0,0.01,0.2526817983058539,630,1130,1230,1260
2024-08-07,55027.4609375,0.12144256099404904,1,1,0.6277932725003472,0.3722067274996528,0.6277932725003472,1.0,0.01,0.2526817983058539,630,1130,1230,1260
2024-08-08,61710.13671875,-0.013450358103773374,0,0,0.4632554132834667,0.5367445867165332,0.5367445867165332,1.0,0.01,0.2526817983058539,630,1130,1230,1260
2024-08-09,60880.11328125,0.001079157301276501,1,0,0.4851853815387671,0.5148146184612329,0.5148146184612329,1.0,0.01,0.2526817983058539,630,1130,1230,1260
2024-08-10,60945.8125,-0.036529632368097475,0,0,0.46641906093276153,0.5335809390672385,0.5335809390672385,1.0,0.01,0.2526817983058539,630,1130,1230,1260
2024-08-11,58719.484375,0.010814659848586317,1,1,0.6019113705823581,0.3980886294176419,0.6019113705823581,1.0,0.01,0.2526817983058539,630,1130,1230,1260
2024-08-12,59354.515625,0.021144992390795814,1,1,0.5600688652070008,0.43993113479299917,0.5600688652070008,1.0,0.01,0.25598705703325714,660,1160,1260,1290
2024-08-13,60609.56640625,-0.0308911115194338,0,0,0.4928225523650786,0.5071774476349213,0.5071774476349213,1.0,0.01,0.25598705703325714,660,1160,1260,1290
2024-08-14,58737.26953125,-0.020041310813293967,0,1,0.5448418149558584,0.4551581850441416,0.5448418149558584,1.0,0.01,0.25598705703325714,660,1160,1260,1290
2024-08-15,57560.09765625,0.023175912946963972,1,1,0.5901020596854513,0.40989794031454874,0.5901020596854513,1.0,0.01,0.25598705703325714,660,1160,1260,1290
2024-08-16,58894.10546875,0.00993082725079053,1,1,0.5183307690585812,0.4816692309414188,0.5183307690585812,1.0,0.01,0.25598705703325714,660,1160,1260,1290
2024-08-17,59478.97265625,-0.016728732324455264,0,0,0.4890055985469754,0.5109944014530245,0.5109944014530245,1.0,0.01,0.25598705703325714,660,1160,1260,1290
2024-08-18,58483.96484375,0.01726094125025579,1,1,0.5363243918173917,0.46367560818260833,0.5363243918173917,1.0,0.01,0.25598705703325714,660,1160,1260,1290
2024-08-19,59493.453125,-0.008079210921579816,0,1,0.5098677684731222,0.4901322315268778,0.5098677684731222,1.0,0.01,0.25598705703325714,660,1160,1260,1290
2024-08-20,59012.79296875,0.03664287570061453,1,1,0.5172425140313905,0.48275748596860946,0.5172425140313905,1.0,0.01,0.25598705703325714,660,1160,1260,1290
2024-08-21,61175.19140625,-0.012967304646127387,0,0,0.461928193090529,0.538071806909471,0.538071806909471,1.0,0.01,0.25598705703325714,660,1160,1260,1290
2024-08-22,60381.9140625,0.061482671821355916,1,0,0.47978861262410605,0.520211387375894,0.520211387375894,1.0,0.01,0.25598705703325714,660,1160,1260,1290
2024-08-23,64094.35546875,0.0013205019089592707,1,0,0.47045883860201204,0.5295411613979879,0.5295411613979879,1.0,0.01,0.25598705703325714,660,1160,1260,1290
2024-08-24,64178.9921875,0.0024081210374646833,1,0,0.44442648747965247,0.5555735125203476,0.5555735125203476,1.0,0.01,0.25598705703325714,660,1160,1260,1290
2024-08-25,64333.54296875,-0.022583597070127692,0,0,0.4545365239157838,0.5454634760842162,0.5454634760842162,1.0,0.01,0.25598705703325714,660,1160,1260,1290
2024-08-26,62880.66015625,-0.05369739018896724,0,1,0.5107296792031963,0.48927032079680366,0.5107296792031963,1.0,0.01,0.25598705703325714,660,1160,1260,1290
2024-08-27,59504.1328125,-0.00800797843742207,0,1,0.584146233609473,0.41585376639052696,0.584146233609473,1.0,0.01,0.25598705703325714,660,1160,1260,1290
2024-08-28,59027.625,0.006108236397788236,1,1,0.551875395888761,0.448124604111239,0.551875395888761,1.0,0.01,0.25598705703325714,660,1160,1260,1290
2024-08-29,59388.1796875,-0.004524521990973862,0,1,0.5133100272846879,0.4866899727153121,0.5133100272846879,1.0,0.01,0.25598705703325714,660,1160,1260,1290
2024-08-30,59119.4765625,-0.002530098940268344,0,1,0.5220539043808703,0.4779460956191297,0.5220539043808703,1.0,0.01,0.25598705703325714,660,1160,1260,1290
2024-08-31,58969.8984375,-0.027885585694078285,0,0,0.49792203270093444,0.5020779672990656,0.5020779672990656,1.0,0.01,0.25598705703325714,660,1160,1260,1290
2024-09-01,57325.48828125,0.031172733823612075,1,1,0.6317854421824717,0.3682145578175283,0.6317854421824717,1.0,0.01,0.25598705703325714,660,1160,1260,1290
2024-09-02,59112.48046875,-0.02844504270361159,0,1,0.5116922658575049,0.48830773414249506,0.5116922658575049,1.0,0.01,0.25598705703325714,660,1160,1260,1290
2024-09-03,57431.0234375,0.00941156177702851,1,1,0.5568777527843106,0.4431222472156894,0.5568777527843106,1.0,0.01,0.25598705703325714,660,1160,1260,1290
2024-09-04,57971.5390625,-0.031240343288065575,0,1,0.5398993772012425,0.4601006227987575,0.5398993772012425,1.0,0.01,0.25598705703325714,660,1160,1260,1290
2024-09-05,56160.48828125,-0.03938239218868078,0,1,0.5813134576033812,0.41868654239661884,0.5813134576033812,1.0,0.01,0.25598705703325714,660,1160,1260,1290
2024-09-06,53948.75390625,0.003539165966313096,1,1,0.6718130909107332,0.32818690908926684,0.6718130909107332,1.0,0.01,0.25598705703325714,660,1160,1260,1290
2024-09-07,54139.6875,0.012964221602682846,1,1,0.5938457618058997,0.40615423819410035,0.5938457618058997,1.0,0.01,0.25598705703325714,660,1160,1260,1290
2024-09-08,54841.56640625,0.039713831911113884,1,1,0.569003920536441,0.430996079463559,0.569003920536441,1.0,0.01,0.25598705703325714,660,1160,1260,1290
2024-09-09,57019.53515625,0.011034389872275785,1,1,0.5536737485347479,0.44632625146525207,0.5536737485347479,1.0,0.01,0.25598705703325714,660,1160,1260,1290
2024-09-10,57648.7109375,-0.005300015516934153,0,0,0.4726364934635873,0.5273635065364126,0.5273635065364126,1.0,0.01,0.25598705703325714,660,1160,1260,1290
2024-09-11,57343.171875,0.013669279499548104,1,0,0.4954754974892913,0.5045245025107087,0.5045245025107087,1.0,0.01,0.2535279406347449,690,1190,1290,1320
2024-09-12,58127.01171875,0.04205082955798245,1,0,0.4606372874485049,0.539362712551495,0.539362712551495,1.0,0.01,0.2535279406347449,690,1190,1290,1320
2024-09-13,60571.30078125,-0.00934732588201681,0,0,0.43496261946383497,0.565037380536165,0.565037380536165,1.0,0.01,0.2535279406347449,690,1190,1290,1320
2024-09-14,60005.12109375,-0.013703582981947293,0,0,0.44414802288070887,0.5558519771192911,0.5558519771192911,1.0,0.01,0.2535279406347449,690,1190,1290,1320
2024-09-15,59182.8359375,-0.016733367188517922,0,0,0.4789489029126066,0.5210510970873934,0.5210510970873934,1.0,0.01,0.2535279406347449,690,1190,1290,1320
2024-09-16,58192.5078125,0.0363626062794542,1,1,0.5568826855603466,0.4431173144396534,0.5568826855603466,1.0,0.01,0.2535279406347449,690,1190,1290,1320
2024-09-17,60308.5390625,0.02223798894564699,1,0,0.45903489640363965,0.5409651035963603,0.5409651035963603,1.0,0.01,0.2535279406347449,690,1190,1290,1320
2024-09-18,61649.6796875,0.020937291974474137,1,0,0.4463818605235712,0.5536181394764288,0.5536181394764288,1.0,0.01,0.2535279406347449,690,1190,1290,1320
2024-09-19,62940.45703125,0.004012038411551844,1,0,0.43942395406310614,0.5605760459368938,0.5605760459368938,1.0,0.01,0.2535279406347449,690,1190,1290,1320
2024-09-20,63192.9765625,0.003194394254405042,1,0,0.43940708372310955,0.5605929162768905,0.5605929162768905,1.0,0.01,0.2535279406347449,690,1190,1290,1320
2024-09-21,63394.83984375,0.004004601863112578,1,0,0.4311193652608074,0.5688806347391926,0.5688806347391926,1.0,0.01,0.2535279406347449,690,1190,1290,1320
2024-09-22,63648.7109375,-0.005010473135318549,0,0,0.4736350595614976,0.5263649404385025,0.5263649404385025,1.0,0.01,0.2535279406347449,690,1190,1290,1320
2024-09-23,63329.80078125,0.01535087678718594,1,0,0.4947482418639972,0.5052517581360028,0.5052517581360028,1.0,0.01,0.2535279406347449,690,1190,1290,1320
2024-09-24,64301.96875,-0.018021597802944433,0,0,0.44759792486394256,0.5524020751360574,0.5524020751360574,1.0,0.01,0.2535279406347449,690,1190,1290,1320
2024-09-25,63143.14453125,0.032273891570151925,1,0,0.47532835133218265,0.5246716486678173,0.5246716486678173,1.0,0.01,0.2535279406347449,690,1190,1290,1320
2024-09-26,65181.01953125,0.00935309904070647,1,0,0.4686462255257923,0.5313537744742076,0.5313537744742076,1.0,0.01,0.2535279406347449,690,1190,1290,1320
2024-09-27,65790.6640625,0.0014741358273548943,1,0,0.44292964211585767,0.5570703578841423,0.5570703578841423,1.0,0.01,0.2535279406347449,690,1190,1290,1320
2024-09-28,65887.6484375,-0.003829909793174213,0,0,0.4361450451868591,0.5638549548131409,0.5638549548131409,1.0,0.01,0.2535279406347449,690,1190,1290,1320
2024-09-29,65635.3046875,-0.035130555094979754,0,0,0.4629098091659136,0.5370901908340864,0.5370901908340864,1.0,0.01,0.2535279406347449,690,1190,1290,1320
2024-09-30,63329.5,-0.039357521968434894,0,1,0.6160655390998732,0.38393446090012684,0.6160655390998732,1.0,0.01,0.2535279406347449,690,1190,1290,1320
2024-10-01,60837.0078125,-0.0033568819965540397,0,1,0.5807247287817555,0.4192752712182445,0.5807247287817555,1.0,0.01,0.2535279406347449,690,1190,1290,1320
2024-10-02,60632.78515625,0.0020882627636797935,1,1,0.5345409241388263,0.46545907586117374,0.5345409241388263,1.0,0.01,0.2535279406347449,690,1190,1290,1320
2024-10-03,60759.40234375,0.021528753876634443,1,1,0.525455265708469,0.474544734291531,0.525455265708469,1.0,0.01,0.2535279406347449,690,1190,1290,1320
2024-10-04,62067.4765625,0.0003620681473552878,1,0,0.4721021997418473,0.5278978002581527,0.5278978002581527,1.0,0.01,0.2535279406347449,690,1190,1290,1320
2024-10-05,62089.94921875,0.011741093613744757,1,0,0.4670056768332907,0.5329943231667094,0.5329943231667094,1.0,0.01,0.2535279406347449,690,1190,1290,1320
2024-10-06,62818.953125,-0.009269383518558882,0,0,0.47378143837228875,0.5262185616277113,0.5262185616277113,1.0,0.01,0.2535279406347449,690,1190,1290,1320
2024-10-07,62236.66015625,-0.001682150134457161,0,1,0.5842500131076896,0.41574998689231035,0.5842500131076896,1.0,0.01,0.2535279406347449,690,1190,1290,1320
2024-10-08,62131.96875,-0.024944762232405493,0,0,0.4823361823664584,0.5176638176335415,0.5176638176335415,1.0,0.01,0.2535279406347449,690,1190,1290,1320
2024-10-09,60582.1015625,-0.005077433013489285,0,1,0.5258425253964188,0.47415747460358115,0.5258425253964188,1.0,0.01,0.2535279406347449,690,1190,1290,1320
2024-10-10,60274.5,0.036011743668549645,1,1,0.5339051381599318,0.4660948618400682,0.5339051381599318,1.0,0.01,0.2535279406347449,690,1190,1290,1320
2024-10-11,62445.08984375,0.011977460447594401,1,1,0.5000609811648382,0.4999390188351618,0.5000609811648382,1.0,0.01,0.24834178604615875,720,1220,1320,1350
2024-10-12,63193.0234375,-0.005406426515387475,0,0,0.48658654032133053,0.5134134596786695,0.5134134596786695,1.0,0.01,0.24834178604615875,720,1220,1320,1350
2024-10-13,62851.375,0.050830232433260125,1,1,0.5076989008685847,0.4923010991314153,0.5076989008685847,1.0,0.01,0.24834178604615875,720,1220,1320,1350
2024-10-14,66046.125,0.015064992457922477,1,1,0.5327133715765376,0.46728662842346236,0.5327133715765376,1.0,0.01,0.24834178604615875,720,1220,1320,1350
2024-10-15,67041.109375,0.008526251733136592,1,0,0.4817039243647986,0.5182960756352014,0.5182960756352014,1.0,0.01,0.24834178604615875,720,1220,1320,1350
2024-10-16,67612.71875,-0.0031485616380424464,0,0,0.47799955048619763,0.5220004495138024,0.5220004495138024,1.0,0.01,0.24834178604615875,720,1220,1320,1350
2024-10-17,67399.8359375,0.015118035686984221,1,0,0.48464985741144273,0.5153501425885573,0.5153501425885573,1.0,0.01,0.24834178604615875,720,1220,1320,1350
2024-10-18,68418.7890625,-0.0008192879217548965,0,0,0.4865811865230231,0.5134188134769768,0.5134188134769768,1.0,0.01,0.24834178604615875,720,1220,1320,1350
2024-10-19,68362.734375,0.009346740674458287,1,0,0.48029514298687426,0.5197048570131257,0.5197048570131257,1.0,0.01,0.24834178604615875,720,1220,1320,1350
2024-10-20,69001.703125,-0.023678423698328066,0,0,0.49823309412184075,0.5017669058781593,0.5017669058781593,1.0,0.01,0.24834178604615875,720,1220,1320,1350
2024-10-21,67367.8515625,-9.567341618454961e-05,0,1,0.5518322527362449,0.4481677472637551,0.5518322527362449,1.0,0.01,0.24834178604615875,720,1220,1320,1350
2024-10-22,67361.40625,-0.01379441121005398,0,1,0.5055241443781368,0.49447585562186325,0.5055241443781368,1.0,0.01,0.24834178604615875,720,1220,1320,1350
2024-10-23,66432.1953125,0.02602442034118191,1,1,0.5219911292752094,0.4780088707247906,0.5219911292752094,1.0,0.01,0.24834178604615875,720,1220,1320,1350
2024-10-24,68161.0546875,-0.022280180844656217,0,0,0.4924022401478221,0.5075977598521779,0.5075977598521779,1.0,0.01,0.24834178604615875,720,1220,1320,1350
2024-10-25,66642.4140625,0.00558625096700216,1,1,0.5315952131751744,0.46840478682482556,0.5315952131751744,1.0,0.01,0.24834178604615875,720,1220,1320,1350
2024-10-26,67014.6953125,0.01364777618155344,1,0,0.49374963248507964,0.5062503675149204,0.5062503675149204,1.0,0.01,0.24834178604615875,720,1220,1320,1350
2024-10-27,67929.296875,0.029125296867722028,1,0,0.4946533073317707,0.5053466926682293,0.5053466926682293,1.0,0.01,0.24834178604615875,720,1220,1320,1350
2024-10-28,69907.7578125,0.04023493905417541,1,1,0.5388374307637928,0.46116256923620724,0.5388374307637928,1.0,0.01,0.24834178604615875,720,1220,1320,1350
2024-10-29,72720.4921875,-0.005238593875544262,0,0,0.4921791897034573,0.5078208102965427,0.5078208102965427,1.0,0.01,0.24834178604615875,720,1220,1320,1350
2024-10-30,72339.5390625,-0.029366396164960396,0,0,0.48403980399245927,0.5159601960075407,0.5159601960075407,1.0,0.01,0.24834178604615875,720,1220,1320,1350
2024-10-31,70215.1875,-0.010435331387529279,0,1,0.5120478712279263,0.4879521287720737,0.5120478712279263,1.0,0.01,0.24834178604615875,720,1220,1320,1350
2024-11-01,69482.46875,-0.0027804900426771084,0,1,0.5422944028326556,0.4577055971673444,0.5422944028326556,1.0,0.01,0.24834178604615875,720,1220,1320,1350
2024-11-02,69289.2734375,-0.00791112711687536,0,1,0.5312550848453714,0.46874491515462857,0.5312550848453714,1.0,0.01,0.24834178604615875,720,1220,1320,1350
2024-11-03,68741.1171875,-0.013523338185854272,0,1,0.5549662820065302,0.4450337179934698,0.5549662820065302,1.0,0.01,0.24834178604615875,720,1220,1320,1350
2024-11-04,67811.5078125,0.02282879023690776,1,1,0.5413040195501917,0.4586959804498083,0.5413040195501917,1.0,0.01,0.24834178604615875,720,1220,1320,1350
2024-11-05,69359.5625,0.09053568676993895,1,1,0.5292205775394506,0.4707794224605494,0.5292205775394506,1.0,0.01,0.24834178604615875,720,1220,1320,1350
2024-11-06,75639.078125,0.003513808689745934,1,1,0.5519945394457133,0.4480054605542867,0.5519945394457133,1.0,0.01,0.24834178604615875,720,1220,1320,1350
2024-11-07,75904.859375,0.008439738809541852,1,1,0.5289189964996188,0.4710810035003812,0.5289189964996188,1.0,0.01,0.24834178604615875,720,1220,1320,1350
2024-11-08,76545.4765625,0.0030490452928257916,1,1,0.5343054271237493,0.4656945728762507,0.5343054271237493,1.0,0.01,0.24834178604615875,720,1220,1320,1350
2024-11-09,76778.8671875,0.048129393514959595,1,1,0.5343679729415852,0.4656320270584148,0.5343679729415852,1.0,0.01,0.24834178604615875,720,1220,1320,1350
2024-11-10,80474.1875,0.10223522760015435,1,1,0.5597933570808793,0.4402066429191207,0.5597933570808793,1.0,0.01,0.24579608949422443,750,1250,1350,1380
2024-11-11,88701.484375,-0.008406532091926988,0,1,0.5287926660274402,0.47120733397255976,0.5287926660274402,1.0,0.01,0.24579608949422443,750,1250,1350,1380
2024-11-12,87955.8125,0.029882636380625716,1,1,0.5506080400883988,0.4493919599116012,0.5506080400883988,1.0,0.01,0.24579608949422443,750,1250,1350,1380
2024-11-13,90584.1640625,-0.03680261786927608,0,1,0.5368071420662296,0.4631928579337704,0.5368071420662296,1.0,0.01,0.24579608949422443,750,1250,1350,1380
2024-11-14,87250.4296875,0.04373133907381366,1,1,0.5569219897700945,0.44307801022990545,0.5569219897700945,1.0,0.01,0.24579608949422443,750,1250,1350,1380
2024-11-15,91066.0078125,-0.005573223886622736,0,1,0.5365338017299303,0.46346619827006974,0.5365338017299303,1.0,0.01,0.24579608949422443,750,1250,1350,1380
2024-11-16,90558.4765625,-0.007869224693816235,0,1,0.5521501354335907,0.4478498645664093,0.5521501354335907,1.0,0.01,0.24579608949422443,750,1250,1350,1380
2024-11-17,89845.8515625,0.007755383808848215,1,1,0.558332033153793,0.441667966846207,0.558332033153793,1.0,0.01,0.24579608949422443,750,1250,1350,1380
2024-11-18,90542.640625,0.019892819836786257,1,1,0.5680834320435335,0.4319165679564665,0.5680834320435335,1.0,0.01,0.24579608949422443,750,1250,1350,1380
2024-11-19,92343.7890625,0.02161166598491282,1,1,0.5528751909125229,0.4471248090874771,0.5528751909125229,1.0,0.01,0.24579608949422443,750,1250,1350,1380
2024-11-20,94339.4921875,0.044151545428309014,1,1,0.5499646929067331,0.4500353070932669,0.5499646929067331,1.0,0.01,0.24579608949422443,750,1250,1350,1380
2024-11-21,98504.7265625,0.005004201495724558,1,1,0.5541372407898304,0.4458627592101696,0.5541372407898304,1.0,0.01,0.24579608949422443,750,1250,1350,1380
2024-11-22,98997.6640625,-0.012327389984975179,0,1,0.5578196543592314,0.4421803456407686,0.5578196543592314,1.0,0.01,0.24579608949422443,750,1250,1350,1380
2024-11-23,97777.28125,0.002419161787646784,1,1,0.5631824635691567,0.4368175364308433,0.5631824635691567,1.0,0.01,0.24579608949422443,750,1250,1350,1380
2024-11-24,98013.8203125,-0.05011051933125821,0,1,0.5683547869030086,0.43164521309699144,0.5683547869030086,1.0,0.01,0.24579608949422443,750,1250,1350,1380
2024-11-25,93102.296875,-0.011997304040733403,0,1,0.5874159421410169,0.4125840578589831,0.5874159421410169,1.0,0.01,0.24579608949422443,750,1250,1350,1380
2024-11-26,91985.3203125,0.04323745271515378,1,1,0.5699941010164322,0.4300058989835678,0.5699941010164322,1.0,0.01,0.24579608949422443,750,1250,1350,1380
2024-11-27,95962.53125,-0.0032310787967048116,0,1,0.5401234517990248,0.45987654820097523,0.5401234517990248,1.0,0.01,0.24579608949422443,750,1250,1350,1380
2024-11-28,95652.46875,0.018912786163713058,1,1,0.5509449564162148,0.44905504358378523,0.5509449564162148,1.0,0.01,0.24579608949422443,750,1250,1350,1380
2024-11-29,97461.5234375,-0.010388394458550332,0,1,0.54433733320746,0.45566266679253997,0.54433733320746,1.0,0.01,0.24579608949422443,750,1250,1350,1380
2024-11-30,96449.0546875,0.008613193542348574,1,1,0.547132535851094,0.452867464148906,0.547132535851094,1.0,0.01,0.24579608949422443,750,1250,1350,1380
2024-12-01,97279.7890625,-0.01454037255458307,0,1,0.5285137174143096,0.47148628258569036,0.5285137174143096,1.0,0.01,0.24579608949422443,750,1250,1350,1380
2024-12-02,95865.3046875,0.0014276215513644441,1,1,0.5819612661918344,0.4180387338081656,0.5819612661918344,1.0,0.01,0.24579608949422443,750,1250,1350,1380
2024-12-03,96002.1640625,0.02881567529768403,1,1,0.5279369442301879,0.4720630557698121,0.5279369442301879,1.0,0.01,0.24579608949422443,750,1250,1350,1380
2024-12-04,98768.53125,-0.022020788503929523,0,1,0.5167569469307159,0.48324305306928406,0.5167569469307159,1.0,0.01,0.24579608949422443,750,1250,1350,1380
2024-12-05,96593.5703125,0.03444474217316973,1,1,0.5823608766700356,0.41763912332996445,0.5823608766700356,1.0,0.01,0.24579608949422443,750,1250,1350,1380
2024-12-06,99920.7109375,2.627082989481444e-05,1,0,0.48396665713785714,0.5160333428621429,0.5160333428621429,1.0,0.01,0.24579608949422443,750,1250,1350,1380
2024-12-07,99923.3359375,0.013136868131795154,1,0,0.49705165956166414,0.5029483404383359,0.5029483404383359,1.0,0.01,0.24579608949422443,750,1250,1350,1380
2024-12-08,101236.015625,-0.03756861480096407,0,1,0.5056332688790123,0.4943667311209877,0.5056332688790123,1.0,0.01,0.24579608949422443,750,1250,1350,1380
2024-12-09,97432.71875,-0.007772430783165474,0,1,0.6088605493003569,0.39113945069964307,0.6088605493003569,1.0,0.01,0.24579608949422443,750,1250,1350,1380
2024-12-10,96675.4296875,0.04652269534294651,1,1,0.5260243795652845,0.4739756204347155,0.5260243795652845,0.1,scale,0.24670891793832678,780,1280,1380,1410
2024-12-11,101173.03125,-0.011169293200355757,0,1,0.5069582208660357,0.4930417791339643,0.5069582208660357,0.1,scale,0.24670891793832678,780,1280,1380,1410
2024-12-12,100043.0,0.014156490833941326,1,1,0.5129734451405205,0.48702655485947954,0.5129734451405205,0.1,scale,0.24670891793832678,780,1280,1380,1410
2024-12-13,101459.2578125,-0.0008504799301751742,0,1,0.5061588375530804,0.49384116244691956,0.5061588375530804,0.1,scale,0.24670891793832678,780,1280,1380,1410
2024-12-14,101372.96875,0.02886101293644905,1,1,0.5088347806291107,0.4911652193708893,0.5088347806291107,0.1,scale,0.24670891793832678,780,1280,1380,1410
2024-12-15,104298.6953125,0.016596788984881483,1,1,0.5093380877746769,0.49066191222532307,0.5093380877746769,0.1,scale,0.24670891793832678,780,1280,1380,1410
2024-12-16,106029.71875,0.001045771070669721,1,1,0.5230656627327971,0.4769343372672029,0.5230656627327971,0.1,scale,0.24670891793832678,780,1280,1380,1410
2024-12-17,106140.6015625,-0.057462106019896764,0,1,0.512791331879311,0.48720866812068897,0.512791331879311,0.1,scale,0.24670891793832678,780,1280,1380,1410
2024-12-18,100041.5390625,-0.025495268879325628,0,1,0.5422068491242272,0.45779315087577277,0.5422068491242272,0.1,scale,0.24670891793832678,780,1280,1380,1410
2024-12-19,97490.953125,0.002717960528709318,1,1,0.5386080629089349,0.4613919370910651,0.5386080629089349,0.1,scale,0.24670891793832678,780,1280,1380,1410
2024-12-20,97755.9296875,-0.005433973434635808,0,1,0.5307076247494658,0.46929237525053424,0.5307076247494658,0.1,scale,0.24670891793832678,780,1280,1380,1410
2024-12-21,97224.7265625,-0.021802983021374844,0,1,0.5118771467314104,0.4881228532685896,0.5118771467314104,0.1,scale,0.24670891793832678,780,1280,1380,1410
2024-12-22,95104.9375,-0.004402456102765462,0,1,0.5259386195745344,0.47406138042546564,0.5259386195745344,0.1,scale,0.24670891793832678,780,1280,1380,1410
2024-12-23,94686.2421875,0.04213760595334648,1,1,0.53531505298766,0.46468494701234,0.53531505298766,0.1,scale,0.24670891793832678,780,1280,1380,1410
2024-12-24,98676.09375,0.0063146152104343045,1,0,0.48322693506142084,0.5167730649385791,0.5167730649385791,0.1,scale,0.24670891793832678,780,1280,1380,1410
2024-12-25,99299.1953125,-0.03528406928650052,0,0,0.4787252202602786,0.5212747797397215,0.5212747797397215,0.1,scale,0.24670891793832678,780,1280,1380,1410
2024-12-26,95795.515625,-0.017022260795415023,0,1,0.5150316328747809,0.48496836712521907,0.5150316328747809,0.1,scale,0.24670891793832678,780,1280,1380,1410
2024-12-27,94164.859375,0.010609799867287384,1,1,0.5140204429352725,0.4859795570647275,0.5140204429352725,0.1,scale,0.24670891793832678,780,1280,1380,1410
2024-12-28,95163.9296875,-0.017167251608511402,0,0,0.48631216452960957,0.5136878354703904,0.5136878354703904,0.1,scale,0.24670891793832678,780,1280,1380,1410
2024-12-29,93530.2265625,-0.00948373223930199,0,1,0.514301177244562,0.48569882275543796,0.514301177244562,0.1,scale,0.24670891793832678,780,1280,1380,1410
2024-12-30,92643.2109375,0.008484077565384274,1,1,0.5394866106103997,0.4605133893896003,0.5394866106103997,0.1,scale,0.24670891793832678,780,1280,1380,1410
2024-12-31,93429.203125,0.010602195613021781,1,1,0.5012390916647412,0.49876090833525877,0.5012390916647412,0.1,scale,0.24670891793832678,780,1280,1380,1410
2025-01-01,94419.7578125,0.026129247147606893,1,0,0.484603561416886,0.515396438583114,0.515396438583114,0.1,scale,0.24670891793832678,780,1280,1380,1410
2025-01-02,96886.875,0.012597729955682757,1,1,0.5103879401807511,0.48961205981924893,0.5103879401807511,0.1,scale,0.24670891793832678,780,1280,1380,1410
2025-01-03,98107.4296875,0.0013128146911018934,1,0,0.473295407270646,0.526704592729354,0.526704592729354,0.1,scale,0.24670891793832678,780,1280,1380,1410
2025-01-04,98236.2265625,0.0008014800420892421,1,0,0.4716661571263254,0.5283338428736746,0.5283338428736746,0.1,scale,0.24670891793832678,780,1280,1380,1410
2025-01-05,98314.9609375,0.03827621924594227,1,0,0.47443958003859754,0.5255604199614025,0.5255604199614025,0.1,scale,0.24670891793832678,780,1280,1380,1410
2025-01-06,102078.0859375,-0.05050430525956884,0,1,0.5305304949019394,0.4694695050980606,0.5305304949019394,0.1,scale,0.24670891793832678,780,1280,1380,1410
2025-01-07,96922.703125,-0.019388436629511285,0,0,0.49700359279711676,0.5029964072028832,0.5029964072028832,0.1,scale,0.24670891793832678,780,1280,1380,1410
2025-01-08,95043.5234375,-0.026929603222076492,0,0,0.49908780730256236,0.5009121926974376,0.5009121926974376,0.1,scale,0.24670891793832678,780,1280,1380,1410
2025-01-09,92484.0390625,0.023976181025154863,1,1,0.5165346797188292,0.48346532028117084,0.5165346797188292,1.0,scale,0.24770041938024914,810,1310,1410,1440
2025-01-10,94701.453125,-0.001424047578467369,0,1,0.5064601377719311,0.4935398622280689,0.5064601377719311,1.0,scale,0.24770041938024914,810,1310,1410,1440
2025-01-11,94566.59375,-0.0008264678561502592,0,0,0.4926701864088896,0.5073298135911104,0.5073298135911104,1.0,scale,0.24770041938024914,810,1310,1410,1440
2025-01-12,94488.4375,0.00029724205673309356,1,1,0.5086084164716357,0.4913915835283643,0.5086084164716357,1.0,scale,0.24770041938024914,810,1310,1410,1440
2025-01-13,94516.5234375,0.021345722040169157,1,1,0.5275828083202556,0.4724171916797444,0.5275828083202556,1.0,scale,0.24770041938024914,810,1310,1410,1440
2025-01-14,96534.046875,0.041129999632577796,1,1,0.5026664476436936,0.4973335523563064,0.5026664476436936,1.0,scale,0.24770041938024914,810,1310,1410,1440
2025-01-15,100504.4921875,-0.0074383335632930425,0,1,0.5248000237957511,0.4751999762042489,0.5248000237957511,1.0,scale,0.24770041938024914,810,1310,1410,1440
2025-01-16,99756.90625,0.04716598568833419,1,1,0.5092746297731714,0.4907253702268286,0.5092746297731714,1.0,scale,0.24770041938024914,810,1310,1410,1440
2025-01-17,104462.0390625,-0.000516635042589142,0,1,0.5289754151394651,0.4710245848605349,0.5289754151394651,1.0,scale,0.24770041938024914,810,1310,1410,1440
2025-01-18,104408.0703125,-0.03178356737719257,0,1,0.5071221232959613,0.4928778767040387,0.5071221232959613,1.0,scale,0.24770041938024914,810,1310,1410,1440
2025-01-19,101089.609375,0.009170622908047932,1,1,0.510004495189107,0.48999550481089305,0.510004495189107,1.0,scale,0.24770041938024914,810,1310,1410,1440
2025-01-20,102016.6640625,0.040479676535688514,1,1,0.5094572873364162,0.49054271266358385,0.5094572873364162,1.0,scale,0.24770041938024914,810,1310,1410,1440
2025-01-21,106146.265625,-0.023488299826845638,0,1,0.5013495331159691,0.4986504668840309,0.5013495331159691,1.0,scale,0.24770041938024914,810,1310,1410,1440
2025-01-22,103653.0703125,0.002962783076025932,1,0,0.49981432708054346,0.5001856729194565,0.5001856729194565,1.0,scale,0.24770041938024914,810,1310,1410,1440
2025-01-23,103960.171875,0.008265785680243276,1,1,0.5212138101691456,0.4787861898308544,0.5212138101691456,1.0,scale,0.24770041938024914,810,1310,1410,1440
2025-01-24,104819.484375,-0.0010001569662844156,0,0,0.4986008875876134,0.5013991124123867,0.5013991124123867,1.0,scale,0.24770041938024914,810,1310,1410,1440
2025-01-25,104714.6484375,-0.019406534499448846,0,1,0.5008784973787139,0.4991215026212861,0.5008784973787139,1.0,scale,0.24770041938024914,810,1310,1410,1440
2025-01-26,102682.5,-0.005792734886665207,0,1,0.5055536204823465,0.49444637951765347,0.5055536204823465,1.0,scale,0.24770041938024914,810,1310,1410,1440
2025-01-27,102087.6875,-0.007397669160641884,0,1,0.5257652098560464,0.47423479014395364,0.5257652098560464,1.0,scale,0.24770041938024914,810,1310,1410,1440
2025-01-28,101332.4765625,0.023395602825692086,1,1,0.5058292150140612,0.4941707849859388,0.5058292150140612,1.0,scale,0.24770041938024914,810,1310,1410,1440
2025-01-29,103703.2109375,0.009952379879751394,1,1,0.5043148585866764,0.49568514141332365,0.5043148585866764,1.0,scale,0.24770041938024914,810,1310,1410,1440
2025-01-30,104735.3046875,-0.022249243050878498,0,1,0.5041922828342688,0.49580771716573124,0.5041922828342688,1.0,scale,0.24770041938024914,810,1310,1410,1440
2025-01-31,102405.0234375,-0.017080384621634526,0,1,0.512213731971851,0.48778626802814895,0.512213731971851,1.0,scale,0.24770041938024914,810,1310,1410,1440
2025-02-01,100655.90625,-0.02947596219670423,0,1,0.5080849505718016,0.4919150494281984,0.5080849505718016,1.0,scale,0.24770041938024914,810,1310,1410,1440
2025-02-02,97688.9765625,0.03804365081173988,1,1,0.5421900022657963,0.4578099977342037,0.5421900022657963,1.0,scale,0.24770041938024914,810,1310,1410,1440
2025-02-03,101405.421875,-0.034846278405663456,0,1,0.5200387368379454,0.47996126316205456,0.5200387368379454,1.0,scale,0.24770041938024914,810,1310,1410,1440
2025-02-04,97871.8203125,-0.012836943218062724,0,1,0.5097426149164943,0.4902573850835057,0.5097426149164943,1.0,scale,0.24770041938024914,810,1310,1410,1440
2025-02-05,96615.4453125,-0.00022924323774897726,0,1,0.5108046565836376,0.4891953434163624,0.5108046565836376,1.0,scale,0.24770041938024914,810,1310,1410,1440
2025-02-06,96593.296875,-0.0006647556256734743,0,1,0.5176802681099396,0.4823197318900604,0.5176802681099396,1.0,scale,0.24770041938024914,810,1310,1410,1440
2025-02-07,96529.0859375,-0.00048309597099249757,0,1,0.5233933365502682,0.4766066634497318,0.5233933365502682,1.0,scale,0.24770041938024914,810,1310,1410,1440
2025-02-08,96482.453125,0.00018283765004545316,1,0,0.4782412474761328,0.5217587525238672,0.5217587525238672,1.0,0.01,0.24839945001795247,840,1340,1440,1470
2025-02-09,96500.09375,0.009714611676219231,1,1,0.5050869820849069,0.4949130179150931,0.5050869820849069,1.0,0.01,0.24839945001795247,840,1340,1440,1470
2025-02-10,97437.5546875,-0.017345724709743937,0,1,0.5050410869603233,0.49495891303967665,0.5050410869603233,1.0,0.01,0.24839945001795247,840,1340,1440,1470
2025-02-11,95747.4296875,0.02233406885677658,1,1,0.5000362461942183,0.49996375380578173,0.5000362461942183,1.0,0.01,0.24839945001795247,840,1340,1440,1470
2025-02-12,97885.859375,-0.012892487184132717,0,0,0.4852191888917573,0.5147808111082427,0.5147808111082427,1.0,0.01,0.24839945001795247,840,1340,1440,1470
2025-02-13,96623.8671875,0.009160278803397981,1,0,0.4871688246635714,0.5128311753364285,0.5128311753364285,1.0,0.01,0.24839945001795247,840,1340,1440,1470
2025-02-14,97508.96875,0.0007320640697474623,1,0,0.47196990478891293,0.528030095211087,0.528030095211087,1.0,0.01,0.24839945001795247,840,1340,1440,1470
2025-02-15,97580.3515625,-0.014401672980240199,0,0,0.4623534076918387,0.5376465923081613,0.5376465923081613,1.0,0.01,0.24839945001795247,840,1340,1440,1470
2025-02-16,96175.03125,-0.004176223623530095,0,0,0.49109497842242644,0.5089050215775736,0.5089050215775736,1.0,0.01,0.24839945001795247,840,1340,1440,1470
2025-02-17,95773.3828125,-0.0024415545387781457,0,1,0.5268966898479903,0.4731033101520097,0.5268966898479903,1.0,0.01,0.24839945001795247,840,1340,1440,1470
2025-02-18,95539.546875,0.011472343504350446,1,1,0.508241605825817,0.491758394174183,0.508241605825817,1.0,0.01,0.24839945001795247,840,1340,1440,1470
2025-02-19,96635.609375,0.017574558032842136,1,0,0.468969105435538,0.531030894564462,0.531030894564462,1.0,0.01,0.24839945001795247,840,1340,1440,1470
2025-02-20,98333.9375,-0.02245807176184722,0,0,0.46736763311502755,0.5326323668849724,0.5326323668849724,1.0,0.01,0.24839945001795247,840,1340,1440,1470
2025-02-21,96125.546875,0.0047043783073406065,1,1,0.5167267102128664,0.4832732897871336,0.5167267102128664,1.0,0.01,0.24839945001795247,840,1340,1440,1470
2025-02-22,96577.7578125,-0.0031460239332733453,0,0,0.45582882773155936,0.5441711722684406,0.5441711722684406,1.0,0.01,0.24839945001795247,840,1340,1440,1470
2025-02-23,96273.921875,-0.05043681513571874,0,0,0.4795689386540092,0.5204310613459908,0.5204310613459908,1.0,0.01,0.24839945001795247,840,1340,1440,1470
2025-02-24,91418.171875,-0.029337712021491935,0,1,0.5886685616363015,0.41133143836369845,0.5886685616363015,1.0,0.01,0.24839945001795247,840,1340,1440,1470
2025-02-25,88736.171875,-0.04946290046952739,0,1,0.5830977649510122,0.4169022350489878,0.5830977649510122,1.0,0.01,0.24839945001795247,840,1340,1440,1470
2025-02-26,84347.0234375,0.004234922709094535,1,1,0.5807414719857957,0.41925852801420427,0.5807414719857957,1.0,0.01,0.24839945001795247,840,1340,1440,1470
2025-02-27,84704.2265625,-0.003910297790814532,0,1,0.552207551888446,0.44779244811155405,0.552207551888446,1.0,0.01,0.24839945001795247,840,1340,1440,1470
2025-02-28,84373.0078125,0.019661575342751147,1,1,0.574331091273997,0.42566890872600305,0.574331091273997,1.0,0.01,0.24839945001795247,840,1340,1440,1470
2025-03-01,86031.9140625,0.09550452979612856,1,0,0.4823229041034144,0.5176770958965856,0.5176770958965856,1.0,0.01,0.24839945001795247,840,1340,1440,1470
2025-03-02,94248.3515625,-0.08682040111941614,0,0,0.485687407873998,0.514312592126002,0.514312592126002,1.0,0.01,0.24839945001795247,840,1340,1440,1470
2025-03-03,86065.671875,0.013437685575495406,1,1,0.5479931121443271,0.4520068878556729,0.5479931121443271,1.0,0.01,0.24839945001795247,840,1340,1440,1470
2025-03-04,87222.1953125,0.03899657851208138,1,0,0.48507703707901373,0.5149229629209863,0.5149229629209863,1.0,0.01,0.24839945001795247,840,1340,1440,1470
2025-03-05,90623.5625,-0.007303133084179958,0,0,0.4494596394065231,0.5505403605934769,0.5505403605934769,1.0,0.01,0.24839945001795247,840,1340,1440,1470
2025-03-06,89961.7265625,-0.0357824911826653,0,0,0.4774388048291989,0.5225611951708011,0.5225611951708011,1.0,0.01,0.24839945001795247,840,1340,1440,1470
2025-03-07,86742.671875,-0.006779571257010009,0,1,0.5293422299417948,0.4706577700582052,0.5293422299417948,1.0,0.01,0.24839945001795247,840,1340,1440,1470
2025-03-08,86154.59375,-0.0644603432710168,0,0,0.48351962058638215,0.5164803794136179,0.5164803794136179,1.0,0.01,0.24839945001795247,840,1340,1440,1470
2025-03-09,80601.0390625,-0.02567012890361897,0,1,0.5957498360776532,0.4042501639223468,0.5957498360776532,1.0,0.01,0.24839945001795247,840,1340,1440,1470
2025-03-10,78532.0,0.05513944554449135,1,0,0.4857586602987999,0.5142413397012001,0.5142413397012001,1.0,scale,0.2503374886694086,870,1370,1470,1500
2025-03-11,82862.2109375,0.010380466895202334,1,0,0.48877480792354056,0.5112251920764594,0.5112251920764594,1.0,scale,0.2503374886694086,870,1370,1470,1500
2025-03-12,83722.359375,-0.0317197970748182,0,0,0.49312054985965076,0.5068794501403493,0.5068794501403493,1.0,scale,0.2503374886694086,870,1370,1470,1500
2025-03-13,81066.703125,0.03580259620308812,1,0,0.49110888920449,0.5088911107955101,0.5088911107955101,1.0,scale,0.2503374886694086,870,1370,1470,1500
2025-03-14,83969.1015625,0.004454112352525463,1,0,0.4943956540575971,0.5056043459424029,0.5056043459424029,1.0,scale,0.2503374886694086,870,1370,1470,1500
2025-03-15,84343.109375,-0.020907717157540473,0,0,0.49493598220321894,0.5050640177967811,0.5050640177967811,1.0,scale,0.2503374886694086,870,1370,1470,1500
2025-03-16,82579.6875,0.018115835083536647,1,0,0.4912794407906034,0.5087205592093966,0.5087205592093966,1.0,scale,0.2503374886694086,870,1370,1470,1500
2025-03-17,84075.6875,-0.016142449028442418,0,0,0.4954902523038125,0.5045097476961875,0.5045097476961875,1.0,scale,0.2503374886694086,870,1370,1470,1500
2025-03-18,82718.5,0.049997601050550955,1,0,0.4940831982194349,0.5059168017805651,0.5059168017805651,1.0,scale,0.2503374886694086,870,1370,1470,1500
2025-03-19,86854.2265625,-0.030937253791171848,0,0,0.49597426771826675,0.5040257322817332,0.5040257322817332,1.0,scale,0.2503374886694086,870,1370,1470,1500
2025-03-20,84167.1953125,-0.0014727011460912154,0,0,0.49584447224957534,0.5041555277504246,0.5041555277504246,1.0,scale,0.2503374886694086,870,1370,1470,1500
2025-03-21,84043.2421875,-0.0025077306278807887,0,0,0.4962378356539887,0.5037621643460113,0.5037621643460113,1.0,scale,0.2503374886694086,870,1370,1470,1500
2025-03-22,83832.484375,0.026503933905394295,1,0,0.49639261130159223,0.5036073886984078,0.5036073886984078,1.0,scale,0.2503374886694086,870,1370,1470,1500
2025-03-23,86054.375,0.016786352378946434,1,0,0.4968136072292022,0.5031863927707978,0.5031863927707978,1.0,scale,0.2503374886694086,870,1370,1470,1500
2025-03-24,87498.9140625,-0.0003109860024155253,0,0,0.49357398430427296,0.506426015695727,0.506426015695727,1.0,scale,0.2503374886694086,870,1370,1470,1500
2025-03-25,87471.703125,-0.00652577110204744,0,0,0.4960419943736035,0.5039580056263965,0.5039580056263965,1.0,scale,0.2503374886694086,870,1370,1470,1500
2025-03-26,86900.8828125,0.003178549412391707,1,0,0.4974464821188904,0.5025535178811096,0.5025535178811096,1.0,scale,0.2503374886694086,870,1370,1470,1500
2025-03-27,87177.1015625,-0.032393289916566204,0,0,0.49673275318842286,0.5032672468115771,0.5032672468115771,1.0,scale,0.2503374886694086,870,1370,1470,1500
2025-03-28,84353.1484375,-0.020812056603918605,0,0,0.4947335993284111,0.5052664006715889,0.5052664006715889,1.0,scale,0.2503374886694086,870,1370,1470,1500
2025-03-29,82597.5859375,-0.0031848691098436133,0,0,0.4954504950606933,0.5045495049393067,0.5045495049393067,1.0,scale,0.2503374886694086,870,1370,1470,1500
2025-03-30,82334.5234375,0.0026038970780313253,1,0,0.4935139698331301,0.5064860301668699,0.5064860301668699,1.0,scale,0.2503374886694086,870,1370,1470,1500
2025-03-31,82548.9140625,0.0317418810684309,1,0,0.4912305592804869,0.5087694407195131,0.5087694407195131,1.0,scale,0.2503374886694086,870,1370,1470,1500
2025-04-01,85169.171875,-0.031507420800550134,0,0,0.49604089388394834,0.5039591061160517,0.5039591061160517,1.0,scale,0.2503374886694086,870,1370,1470,1500
2025-04-02,82485.7109375,0.007481504135517403,1,0,0.4899150831535644,0.5100849168464356,0.5100849168464356,1.0,scale,0.2503374886694086,870,1370,1470,1500
2025-04-03,83102.828125,0.008916382019940938,1,0,0.49550738772710284,0.5044926122728972,0.5044926122728972,1.0,scale,0.2503374886694086,870,1370,1470,1500
2025-04-04,83843.8046875,-0.004043325726492686,0,0,0.4968945534017426,0.5031054465982574,0.5031054465982574,1.0,scale,0.2503374886694086,870,1370,1470,1500
2025-04-05,83504.796875,-0.06335339642726368,0,0,0.4974969697909554,0.5025030302090445,0.5025030302090445,1.0,scale,0.2503374886694086,870,1370,1470,1500
2025-04-06,78214.484375,0.013051950296130821,1,0,0.4874418458728785,0.5125581541271216,0.5125581541271216,1.0,scale,0.2503374886694086,870,1370,1470,1500
2025-04-07,79235.3359375,-0.03739976334343409,0,0,0.48823438215429454,0.5117656178457055,0.5117656178457055,1.0,scale,0.2503374886694086,870,1370,1470,1500
2025-04-08,76271.953125,0.0826253916648998,1,0,0.4866296068576485,0.5133703931423514,0.5133703931423514,1.0,scale,0.2503374886694086,870,1370,1470,1500
2025-04-09,82573.953125,-0.0356990599146636,0,0,0.47314045011897443,0.5268595498810256,0.5268595498810256,1.0,0.01,0.24655022952155142,900,1400,1500,1530
2025-04-10,79626.140625,0.04745546227457886,1,1,0.5036714404874537,0.4963285595125463,0.5036714404874537,1.0,0.01,0.24655022952155142,900,1400,1500,1530
2025-04-11,83404.8359375,0.022567917271733462,1,0,0.4467091557010988,0.5532908442989012,0.5532908442989012,1.0,0.01,0.24655022952155142,900,1400,1500,1530
2025-04-12,85287.109375,-0.01878516957885823,0,0,0.43859095417785404,0.5614090458221459,0.5614090458221459,1.0,0.01,0.24655022952155142,900,1400,1500,1530
2025-04-13,83684.9765625,0.010245734631468162,1,0,0.476492471024959,0.523507528975041,0.523507528975041,1.0,0.01,0.24655022952155142,900,1400,1500,1530
2025-04-14,84542.390625,-0.01033089354397465,0,0,0.4625764979865346,0.5374235020134654,0.5374235020134654,1.0,0.01,0.24655022952155142,900,1400,1500,1530
2025-04-15,83668.9921875,0.004360934564412222,1,0,0.4683172727782876,0.5316827272217124,0.5316827272217124,1.0,0.01,0.24655022952155142,900,1400,1500,1530
2025-04-16,84033.8671875,0.01025637449930672,1,0,0.4701070203046598,0.5298929796953402,0.5298929796953402,1.0,0.01,0.24655022952155142,900,1400,1500,1530
2025-04-17,84895.75,-0.005241078764249063,0,0,0.4491552006169681,0.5508447993830319,0.5508447993830319,1.0,0.01,0.24655022952155142,900,1400,1500,1530
2025-04-18,84450.8046875,0.007254038339443714,1,0,0.46359268661598435,0.5364073133840157,0.5364073133840157,1.0,0.01,0.24655022952155142,900,1400,1500,1530
2025-04-19,85063.4140625,0.0013036230231544543,1,0,0.4724299896862284,0.5275700103137716,0.5275700103137716,1.0,0.01,0.24655022952155142,900,1400,1500,1530
2025-04-20,85174.3046875,0.027527099529631727,1,0,0.4632591975588887,0.5367408024411113,0.5367408024411113,1.0,0.01,0.24655022952155142,900,1400,1500,1530
2025-04-21,87518.90625,0.06767662701452015,1,1,0.5137910533897585,0.4862089466102415,0.5137910533897585,1.0,0.01,0.24655022952155142,900,1400,1500,1530
2025-04-22,93441.890625,0.0027527134594511615,1,0,0.4295432082851226,0.5704567917148774,0.5704567917148774,1.0,0.01,0.24655022952155142,900,1400,1500,1530
2025-04-23,93699.109375,0.0026114175645013393,1,0,0.44156480608185894,0.5584351939181411,0.5584351939181411,1.0,0.01,0.24655022952155142,900,1400,1500,1530
2025-04-24,93943.796875,0.008267742531563593,1,0,0.4487560885132826,0.5512439114867174,0.5512439114867174,1.0,0.01,0.24655022952155142,900,1400,1500,1530
2025-04-25,94720.5,-0.0007767095032226168,0,0,0.45854044324740606,0.5414595567525939,0.5414595567525939,1.0,0.01,0.24655022952155142,900,1400,1500,1530
2025-04-26,94646.9296875,-0.00942540809771053,0,0,0.45032534898889776,0.5496746510111022,0.5496746510111022,1.0,0.01,0.24655022952155142,900,1400,1500,1530
2025-04-27,93754.84375,0.013054325526514532,1,0,0.477193409113032,0.522806590886968,0.522806590886968,1.0,0.01,0.24655022952155142,900,1400,1500,1530
2025-04-28,94978.75,-0.007306486319308303,0,0,0.48871531686532355,0.5112846831346765,0.5112846831346765,1.0,0.01,0.24655022952155142,900,1400,1500,1530
2025-04-29,94284.7890625,-0.0008217291810309613,0,0,0.48227502959967555,0.5177249704003244,0.5177249704003244,1.0,0.01,0.24655022952155142,900,1400,1500,1530
2025-04-30,94207.3125,0.02425526614507767,1,0,0.48646069118319263,0.5135393088168074,0.5135393088168074,1.0,0.01,0.24655022952155142,900,1400,1500,1530
2025-05-01,96492.3359375,0.0043291974532626565,1,0,0.46884123956926976,0.5311587604307302,0.5311587604307302,1.0,0.01,0.24655022952155142,900,1400,1500,1530
2025-05-02,96910.0703125,-0.010507405827035687,0,0,0.47496610172056114,0.5250338982794389,0.5250338982794389,1.0,0.01,0.24655022952155142,900,1400,1500,1530
2025-05-03,95891.796875,-0.016433317174712747,0,0,0.4841885779909043,0.5158114220090957,0.5158114220090957,1.0,0.01,0.24655022952155142,900,1400,1500,1530
2025-05-04,94315.9765625,0.0045811763897039,1,1,0.5084754248458122,0.4915245751541878,0.5084754248458122,1.0,0.01,0.24655022952155142,900,1400,1500,1530
2025-05-05,94748.0546875,0.02168299794413664,1,1,0.5006478536034986,0.4993521463965014,0.5006478536034986,1.0,0.01,0.24655022952155142,900,1400,1500,1530
2025-05-06,96802.4765625,0.0023743581586117557,1,0,0.46465360109010545,0.5353463989098945,0.5353463989098945,1.0,0.01,0.24655022952155142,900,1400,1500,1530
2025-05-07,97032.3203125,0.06399043746457878,1,1,0.5381037167859429,0.46189628321405707,0.5381037167859429,1.0,0.01,0.24655022952155142,900,1400,1500,1530
2025-05-08,103241.4609375,-0.002621130818400763,0,0,0.43335717501897353,0.5666428249810265,0.5666428249810265,1.0,0.01,0.24655022952155142,900,1400,1500,1530
2025-05-09,102970.8515625,0.016756941758927724,1,1,0.5046070414743433,0.4953929585256567,0.5046070414743433,1.0,0.01,0.24754535319056317,930,1430,1530,1560
2025-05-10,104696.328125,-0.005635047193781384,0,0,0.49336588276487464,0.5066341172351254,0.5066341172351254,1.0,0.01,0.24754535319056317,930,1430,1530,1560
2025-05-11,104106.359375,-0.01242389281274392,0,1,0.5162702412589303,0.4837297587410697,0.5162702412589303,1.0,0.01,0.24754535319056317,930,1430,1530,1560
2025-05-12,102812.953125,0.013197358248725033,1,1,0.5321105149146168,0.4678894850853832,0.5321105149146168,1.0,0.01,0.24754535319056317,930,1430,1530,1560
2025-05-13,104169.8125,-0.006051642240404331,0,1,0.5081516404696862,0.4918483595303138,0.5081516404696862,1.0,0.01,0.24754535319056317,930,1430,1530,1560
2025-05-14,103539.4140625,0.00198211052629782,1,1,0.5256725472285807,0.4743274527714193,0.5256725472285807,1.0,0.01,0.24754535319056317,930,1430,1530,1560
2025-05-15,103744.640625,-0.0024613470244020386,0,1,0.5225375272763517,0.4774624727236483,0.5225375272763517,1.0,0.01,0.24754535319056317,930,1430,1530,1560
2025-05-16,103489.2890625,-0.0028814878109744146,0,1,0.5228406820653932,0.47715931793460675,0.5228406820653932,1.0,0.01,0.24754535319056317,930,1430,1530,1560
2025-05-17,103191.0859375,0.03154266519659865,1,1,0.5247505964378947,0.4752494035621053,0.5247505964378947,1.0,0.01,0.24754535319056317,930,1430,1530,1560
2025-05-18,106446.0078125,-0.007889709931436006,0,1,0.507237460455068,0.492762539544932,0.507237460455068,1.0,0.01,0.24754535319056317,930,1430,1530,1560
2025-05-19,105606.1796875,0.011220046530480143,1,1,0.5302511156249742,0.4697488843750258,0.5302511156249742,1.0,0.01,0.24754535319056317,930,1430,1530,1560
2025-05-20,106791.0859375,0.027034018449719976,1,1,0.5051740518233074,0.49482594817669256,0.5051740518233074,1.0,0.01,0.24754535319056317,930,1430,1530,1560
2025-05-21,109678.078125,0.018191448638679386,1,1,0.5245712793671014,0.47542872063289865,0.5245712793671014,1.0,0.01,0.24754535319056317,930,1430,1530,1560
2025-05-22,111673.28125,-0.03927066820202352,0,0,0.4962473964546238,0.5037526035453762,0.5037526035453762,1.0,0.01,0.24754535319056317,930,1430,1530,1560
2025-05-23,107287.796875,0.004691674073487251,1,1,0.5451891006496425,0.45481089935035746,0.5451891006496425,1.0,0.01,0.24754535319056317,930,1430,1530,1560
2025-05-24,107791.15625,0.011543009819045436,1,1,0.5121759215998314,0.4878240784001686,0.5121759215998314,1.0,0.01,0.24754535319056317,930,1430,1530,1560
2025-05-25,109035.390625,0.003714175371671846,1,1,0.5142636572154082,0.48573634278459177,0.5142636572154082,1.0,0.01,0.24754535319056317,930,1430,1530,1560
2025-05-26,109440.3671875,-0.004072780217708405,0,1,0.5152277526083828,0.4847722473916172,0.5152277526083828,1.0,0.01,0.24754535319056317,930,1430,1530,1560
2025-05-27,108994.640625,-0.010939184653144474,0,1,0.5276185682709983,0.4723814317290017,0.5276185682709983,1.0,0.01,0.24754535319056317,930,1430,1530,1560
2025-05-28,107802.328125,-0.020041963379443528,0,1,0.5300362875026169,0.4699637124973831,0.5300362875026169,1.0,0.01,0.24754535319056317,930,1430,1530,1560
2025-05-29,105641.7578125,-0.015554336978341854,0,1,0.5500913119951321,0.44990868800486794,0.5500913119951321,1.0,0.01,0.24754535319056317,930,1430,1530,1560
2025-05-30,103998.5703125,0.006149348357177731,1,1,0.5446182989593766,0.45538170104062337,0.5446182989593766,1.0,0.01,0.24754535319056317,930,1430,1530,1560
2025-05-31,104638.09375,0.009690618169351017,1,1,0.5168909226814169,0.4831090773185831,0.5168909226814169,1.0,0.01,0.24754535319056317,930,1430,1530,1560
2025-06-01,105652.1015625,0.0021715582000447764,1,1,0.5088496006150129,0.49115039938498706,0.5088496006150129,1.0,0.01,0.24754535319056317,930,1430,1530,1560
2025-06-02,105881.53125,-0.004241178746647534,0,1,0.5140029874288139,0.4859970125711861,0.5140029874288139,1.0,0.01,0.24754535319056317,930,1430,1530,1560
2025-06-03,105432.46875,-0.0066439151364365845,0,1,0.5111769656847103,0.48882303431528973,0.5111769656847103,1.0,0.01,0.24754535319056317,930,1430,1530,1560
2025-06-04,104731.984375,-0.030134359325224014,0,1,0.5119452267023935,0.4880547732976065,0.5119452267023935,1.0,0.01,0.24754535319056317,930,1430,1530,1560
2025-06-05,101575.953125,0.027707252931573167,1,1,0.5501264500337388,0.44987354996626117,0.5501264500337388,1.0,0.01,0.24754535319056317,930,1430,1530,1560
2025-06-06,104390.34375,0.011737496074678777,1,0,0.48729520702076384,0.5127047929792361,0.5127047929792361,1.0,0.01,0.24754535319056317,930,1430,1530,1560
2025-06-07,105615.625,0.0016855786016509722,1,0,0.48355513176891496,0.516444868231085,0.516444868231085,1.0,0.01,0.24754535319056317,930,1430,1530,1560
2025-06-08,105793.6484375,0.04253991795791734,1,0,0.4808238219099855,0.5191761780900145,0.5191761780900145,1.0,0.01,0.2464645723254864,960,1460,1560,1590
2025-06-09,110294.1015625,-0.0003342625487465778,0,0,0.46595488681610564,0.5340451131838944,0.5340451131838944,1.0,0.01,0.2464645723254864,960,1460,1560,1590
2025-06-10,110257.234375,-0.014244955298426398,0,0,0.469902353992,0.530097646008,0.530097646008,1.0,0.01,0.2464645723254864,960,1460,1560,1590
2025-06-11,108686.625,-0.025371753999169577,0,0,0.48507333111230555,0.5149266688876944,0.5149266688876944,1.0,0.01,0.2464645723254864,960,1460,1560,1590
2025-06-12,105929.0546875,0.0015285141831733462,1,1,0.516538305881834,0.483461694118166,0.516538305881834,1.0,0.01,0.2464645723254864,960,1460,1560,1590
2025-06-13,106090.96875,-0.0058304915798971235,0,1,0.5099794413637425,0.4900205586362575,0.5099794413637425,1.0,0.01,0.2464645723254864,960,1460,1560,1590
2025-06-14,105472.40625,0.0007548627203146641,1,0,0.4979991759629069,0.5020008240370931,0.5020008240370931,1.0,0.01,0.2464645723254864,960,1460,1560,1590
2025-06-15,105552.0234375,0.011792615001237072,1,1,0.5007224171744552,0.4992775828255448,0.5007224171744552,1.0,0.01,0.2464645723254864,960,1460,1560,1590
2025-06-16,106796.7578125,-0.020559056941174436,0,1,0.5018552885016934,0.49814471149830664,0.5018552885016934,1.0,0.01,0.2464645723254864,960,1460,1560,1590
2025-06-17,104601.1171875,0.0026979724986506692,1,1,0.5227622282582002,0.4772377717417998,0.5227622282582002,1.0,0.01,0.2464645723254864,960,1460,1560,1590
2025-06-18,104883.328125,-0.0018977187896134229,0,0,0.4963135440032105,0.5036864559967895,0.5036864559967895,1.0,0.01,0.2464645723254864,960,1460,1560,1590
2025-06-19,104684.2890625,-0.013131746055793259,0,0,0.4950027449340242,0.5049972550659758,0.5049972550659758,1.0,0.01,0.2464645723254864,960,1460,1560,1590
2025-06-20,103309.6015625,-0.010184874363913243,0,1,0.5232973856452452,0.4767026143547548,0.5232973856452452,1.0,0.01,0.2464645723254864,960,1460,1560,1590
2025-06-21,102257.40625,-0.012422235919953284,0,1,0.5106831045744912,0.4893168954255088,0.5106831045744912,1.0,0.01,0.2464645723254864,960,1460,1560,1590
2025-06-22,100987.140625,0.04545759771084712,1,1,0.5506290191526503,0.4493709808473497,0.5506290191526503,1.0,0.01,0.2464645723254864,960,1460,1560,1590
2025-06-23,105577.7734375,0.004431419225533917,1,0,0.4657443785479381,0.534255621452062,0.534255621452062,1.0,0.01,0.2464645723254864,960,1460,1560,1590
2025-06-24,106045.6328125,0.012406215749838134,1,0,0.4674449627310357,0.5325550372689642,0.5325550372689642,1.0,0.01,0.2464645723254864,960,1460,1560,1590
2025-06-25,107361.2578125,-0.003737454466123835,0,0,0.46694772999830875,0.5330522700016913,0.5330522700016913,1.0,0.01,0.2464645723254864,960,1460,1560,1590
2025-06-26,106960.0,0.0012007263229245613,1,0,0.4724591198401669,0.5275408801598331,0.5275408801598331,1.0,0.01,0.2464645723254864,960,1460,1560,1590
2025-06-27,107088.4296875,0.002234353778444831,1,0,0.4748973991201759,0.5251026008798241,0.5251026008798241,1.0,0.01,0.2464645723254864,960,1460,1560,1590
2025-06-28,107327.703125,0.009856422495764683,1,0,0.4655436248115816,0.5344563751884184,0.5344563751884184,1.0,0.01,0.2464645723254864,960,1460,1560,1590
2025-06-29,108385.5703125,-0.011535062936840146,0,0,0.4727174472944445,0.5272825527055556,0.5272825527055556,1.0,0.01,0.2464645723254864,960,1460,1560,1590
2025-06-30,107135.3359375,-0.013413452013053329,0,0,0.49426363961437303,0.505736360385627,0.505736360385627,1.0,0.01,0.2464645723254864,960,1460,1560,1590
2025-07-01,105698.28125,0.02990624847553991,1,0,0.4990478525977767,0.5009521474022234,0.5009521474022234,1.0,0.01,0.2464645723254864,960,1460,1560,1590
2025-07-02,108859.3203125,0.007244728772290987,1,0,0.47338998968952894,0.526610010310471,0.526610010310471,1.0,0.01,0.2464645723254864,960,1460,1560,1590
2025-07-03,109647.9765625,-0.014716556343200904,0,0,0.47038117911560584,0.5296188208843942,0.5296188208843942,1.0,0.01,0.2464645723254864,960,1460,1560,1590
2025-07-04,108034.3359375,0.0018220480395592098,1,0,0.48790689165356255,0.5120931083464375,0.5120931083464375,1.0,0.01,0.2464645723254864,960,1460,1560,1590
2025-07-05,108231.1796875,0.009247710575546852,1,0,0.47925168407610014,0.5207483159238999,0.5207483159238999,1.0,0.01,0.2464645723254864,960,1460,1560,1590
2025-07-06,109232.0703125,-0.008534295352390808,0,0,0.4878290632580618,0.5121709367419383,0.5121709367419383,1.0,0.01,0.2464645723254864,960,1460,1560,1590
2025-07-07,108299.8515625,0.006005750382996888,1,0,0.4951994281412495,0.5048005718587505,0.5048005718587505,1.0,0.01,0.2464645723254864,960,1460,1560,1590
2025-07-08,108950.2734375,0.021810695604753683,1,0,0.48904428783651305,0.5109557121634869,0.5109557121634869,1.0,0.01,0.25060720337215786,990,1490,1590,1620
2025-07-09,111326.5546875,0.041864660687494615,1,0,0.4873581049508965,0.5126418950491035,0.5126418950491035,1.0,0.01,0.25060720337215786,990,1490,1590,1620
2025-07-10,115987.203125,0.013189291760499877,1,0,0.49038575889461244,0.5096142411053876,0.5096142411053876,1.0,0.01,0.25060720337215786,990,1490,1590,1620
2025-07-11,117516.9921875,-0.0006957770402219454,0,0,0.48447972792409955,0.5155202720759005,0.5155202720759005,1.0,0.01,0.25060720337215786,990,1490,1590,1620
2025-07-12,117435.2265625,0.014313342548076147,1,0,0.4863981826767979,0.5136018173232021,0.5136018173232021,1.0,0.01,0.25060720337215786,990,1490,1590,1620
2025-07-13,119116.1171875,0.006158578325259345,1,0,0.490686466646664,0.5093135333533361,0.5093135333533361,1.0,0.01,0.25060720337215786,990,1490,1590,1620
2025-07-14,119849.703125,-0.01729262210051885,0,1,0.5655194124757925,0.4344805875242075,0.5655194124757925,1.0,0.01,0.25060720337215786,990,1490,1590,1620
2025-07-15,117777.1875,0.00816219450392297,1,1,0.5122775793582296,0.4877224206417704,0.5122775793582296,1.0,0.01,0.25060720337215786,990,1490,1590,1620
2025-07-16,118738.5078125,0.004643278306736054,1,1,0.500663313811111,0.49933668618888905,0.500663313811111,1.0,0.01,0.25060720337215786,990,1490,1590,1620
2025-07-17,119289.84375,-0.01078563897020779,0,1,0.5083492359640075,0.4916507640359925,0.5083492359640075,1.0,0.01,0.25060720337215786,990,1490,1590,1620
2025-07-18,118003.2265625,-0.0005360022928398989,0,1,0.5235785949775911,0.47642140502240893,0.5235785949775911,1.0,0.01,0.25060720337215786,990,1490,1590,1620
2025-07-19,117939.9765625,-0.00541960002562214,0,1,0.5101002334434445,0.48989976655655554,0.5101002334434445,1.0,0.01,0.25060720337215786,990,1490,1590,1620
2025-07-20,117300.7890625,0.0011828564931994912,1,1,0.5243963211704311,0.4756036788295689,0.5243963211704311,1.0,0.01,0.25060720337215786,990,1490,1590,1620
2025-07-21,117439.5390625,0.02176332622218302,1,1,0.5208691373260966,0.47913086267390337,0.5208691373260966,1.0,0.01,0.25060720337215786,990,1490,1590,1620
2025-07-22,119995.4140625,-0.010337504434577038,0,1,0.5025668665015008,0.49743313349849916,0.5025668665015008,1.0,0.01,0.25060720337215786,990,1490,1590,1620
2025-07-23,118754.9609375,-0.0032584822936673197,0,1,0.5120917615680555,0.48790823843194453,0.5120917615680555,1.0,0.01,0.25060720337215786,990,1490,1590,1620
2025-07-24,118368.0,-0.006185093838706357,0,1,0.5073219045571556,0.49267809544284435,0.5073219045571556,1.0,0.01,0.25060720337215786,990,1490,1590,1620
2025-07-25,117635.8828125,0.002647868724685587,1,1,0.5174476292573007,0.4825523707426993,0.5174476292573007,1.0,0.01,0.25060720337215786,990,1490,1590,1620
2025-07-26,117947.3671875,0.012727075099638885,1,0,0.48910481895647917,0.5108951810435208,0.5108951810435208,1.0,0.01,0.25060720337215786,990,1490,1590,1620
2025-07-27,119448.4921875,-0.012758768211219684,0,0,0.4922697221231386,0.5077302778768614,0.5077302778768614,1.0,0.01,0.25060720337215786,990,1490,1590,1620
2025-07-28,117924.4765625,-1.9742508661990676e-05,0,1,0.5094845647436198,0.4905154352563802,0.5094845647436198,1.0,0.01,0.25060720337215786,990,1490,1590,1620
2025-07-29,117922.1484375,-0.0007713643170961237,0,1,0.5013721985578109,0.4986278014421891,0.5013721985578109,1.0,0.01,0.25060720337215786,990,1490,1590,1620
2025-07-30,117831.1875,-0.017592832754910526,0,0,0.49884118743349737,0.5011588125665026,0.5011588125665026,1.0,0.01,0.25060720337215786,990,1490,1590,1620
2025-07-31,115758.203125,-0.021062154747402473,0,1,0.5120242793667437,0.48797572063325634,0.5120242793667437,1.0,0.01,0.25060720337215786,990,1490,1590,1620
2025-08-01,113320.0859375,-0.006999393518263508,0,1,0.5213508748766216,0.4786491251233784,0.5213508748766216,1.0,0.01,0.25060720337215786,990,1490,1590,1620
2025-08-02,112526.9140625,0.015025363723748075,1,0,0.49732332237209786,0.5026766776279021,0.5026766776279021,1.0,0.01,0.25060720337215786,990,1490,1590,1620
2025-08-03,114217.671875,0.007478798363486527,1,0,0.4829698572820566,0.5170301427179433,0.5170301427179433,1.0,0.01,0.25060720337215786,990,1490,1590,1620
2025-08-04,115071.8828125,-0.008085706753543476,0,0,0.47686415466211374,0.5231358453378863,0.5231358453378863,1.0,0.01,0.25060720337215786,990,1490,1590,1620
2025-08-05,114141.4453125,0.007767158415357134,1,1,0.5145522328980505,0.4854477671019495,0.5145522328980505,1.0,0.01,0.25060720337215786,990,1490,1590,1620
2025-08-06,115028.0,0.021463456180234486,1,0,0.4785053982920743,0.5214946017079257,0.5214946017079257,1.0,0.01,0.25060720337215786,990,1490,1590,1620
2025-08-07,117496.8984375,-0.0068782400705657,0,1,0.5084330053718126,0.4915669946281874,0.5084330053718126,10.0,scale,0.24935781738135643,1020,1520,1620,1650
2025-08-08,116688.7265625,-0.0016142706587778388,0,1,0.5130494171578672,0.4869505828421328,0.5130494171578672,10.0,scale,0.24935781738135643,1020,1520,1620,1650
2025-08-09,116500.359375,0.02408918266480664,1,1,0.5081045550659945,0.4918954449340055,0.5081045550659945,10.0,scale,0.24935781738135643,1020,1520,1620,1650
2025-08-10,119306.7578125,-0.004822128356753663,0,1,0.5021845222264251,0.49781547777357493,0.5021845222264251,10.0,scale,0.24935781738135643,1020,1520,1620,1650
2025-08-11,118731.4453125,0.012140515376580119,1,1,0.5141359357750785,0.48586406422492145,0.5141359357750785,10.0,scale,0.24935781738135643,1020,1520,1620,1650
2025-08-12,120172.90625,0.026388279596092357,1,1,0.5005322725007416,0.4994677274992584,0.5005322725007416,10.0,scale,0.24935781738135643,1020,1520,1620,1650
2025-08-13,123344.0625,-0.040411222672351976,0,0,0.4957347574516293,0.5042652425483707,0.5042652425483707,10.0,scale,0.24935781738135643,1020,1520,1620,1650
2025-08-14,118359.578125,-0.008121240187970669,0,1,0.5297239392610721,0.4702760607389279,0.5297239392610721,10.0,scale,0.24935781738135643,1020,1520,1620,1650
2025-08-15,117398.3515625,0.0007921746665282559,1,1,0.5248676225467059,0.47513237745329406,0.5248676225467059,10.0,scale,0.24935781738135643,1020,1520,1620,1650
2025-08-16,117491.3515625,-0.00032588834829794244,0,1,0.520651226605484,0.479348773394516,0.520651226605484,10.0,scale,0.24935781738135643,1020,1520,1620,1650
2025-08-17,117453.0625,-0.01022323279139703,0,1,0.5218806083304965,0.47811939166950346,0.5218806083304965,10.0,scale,0.24935781738135643,1020,1520,1620,1650
2025-08-18,116252.3125,-0.029428514056440758,0,1,0.5266886356267714,0.4733113643732286,0.5266886356267714,10.0,scale,0.24935781738135643,1020,1520,1620,1650
2025-08-19,112831.1796875,0.012794003430595335,1,1,0.547301061982537,0.45269893801746297,0.547301061982537,10.0,scale,0.24935781738135643,1020,1520,1620,1650
2025-08-20,114274.7421875,-0.01623902974513114,0,1,0.5410668308103759,0.4589331691896241,0.5410668308103759,10.0,scale,0.24935781738135643,1020,1520,1620,1650
2025-08-21,112419.03125,0.03962900798880531,1,1,0.5433042745941922,0.45669572540580783,0.5433042745941922,10.0,scale,0.24935781738135643,1020,1520,1620,1650
2025-08-22,116874.0859375,-0.012832252765613172,0,1,0.5206000871629729,0.4793999128370271,0.5206000871629729,10.0,scale,0.24935781738135643,1020,1520,1620,1650
2025-08-23,115374.328125,-0.016605933647771742,0,1,0.5563098848345426,0.4436901151654574,0.5563098848345426,10.0,scale,0.24935781738135643,1020,1520,1620,1650
2025-08-24,113458.4296875,-0.029385900493979156,0,1,0.5435011594754869,0.45649884052451306,0.5435011594754869,10.0,scale,0.24935781738135643,1020,1520,1620,1650
2025-08-25,110124.3515625,0.015240086898922645,1,1,0.5603391769910129,0.4396608230089871,0.5603391769910129,10.0,scale,0.24935781738135643,1020,1520,1620,1650
2025-08-26,111802.65625,-0.005193022862549412,0,1,0.5371888254224838,0.4628111745775162,0.5371888254224838,10.0,scale,0.24935781738135643,1020,1520,1620,1650
2025-08-27,111222.0625,0.01189280397942638,1,1,0.5438102137629717,0.4561897862370283,0.5438102137629717,10.0,scale,0.24935781738135643,1020,1520,1620,1650
2025-08-28,112544.8046875,-0.036731759955323295,0,1,0.5330846502238136,0.46691534977618643,0.5330846502238136,10.0,scale,0.24935781738135643,1020,1520,1620,1650
2025-08-29,108410.8359375,0.003664157476186425,1,1,0.5548888346779229,0.44511116532207706,0.5548888346779229,10.0,scale,0.24935781738135643,1020,1520,1620,1650
2025-08-30,108808.0703125,-0.00525107534173741,0,1,0.5350423919486159,0.4649576080513841,0.5350423919486159,10.0,scale,0.24935781738135643,1020,1520,1620,1650
2025-08-31,108236.7109375,0.009367272930950854,1,1,0.5360364697534232,0.46396353024657677,0.5360364697534232,10.0,scale,0.24935781738135643,1020,1520,1620,1650
2025-09-01,109250.59375,0.017848801737061493,1,1,0.5174165814515426,0.48258341854845743,0.5174165814515426,10.0,scale,0.24935781738135643,1020,1520,1620,1650
2025-09-02,111200.5859375,0.004699840343410866,1,1,0.5228462229183213,0.4771537770816787,0.5228462229183213,10.0,scale,0.24935781738135643,1020,1520,1620,1650
2025-09-03,111723.2109375,-0.008947195185422974,0,1,0.5280411067934864,0.47195889320651363,0.5280411067934864,10.0,scale,0.24935781738135643,1020,1520,1620,1650
2025-09-04,110723.6015625,-0.0006558419928113235,0,1,0.5236813790392504,0.4763186209607496,0.5236813790392504,10.0,scale,0.24935781738135643,1020,1520,1620,1650
2025-09-05,110650.984375,-0.0038525555367432407,0,1,0.5334082908456087,0.4665917091543913,0.5334082908456087,10.0,scale,0.24935781738135643,1020,1520,1620,1650
2025-09-06,110224.6953125,0.008554542812086785,1,0,0.4834546978159941,0.5165453021840059,0.5165453021840059,1.0,0.01,0.2493462819728537,1050,1550,1650,1680
2025-09-07,111167.6171875,0.008130177859939192,1,0,0.4931869794071939,0.5068130205928061,0.5068130205928061,1.0,0.01,0.2493462819728537,1050,1550,1650,1680
2025-09-08,112071.4296875,-0.004826232823193166,0,1,0.5039398647259631,0.4960601352740369,0.5039398647259631,1.0,0.01,0.2493462819728537,1050,1550,1650,1680
2025-09-09,111530.546875,0.02174124101370767,1,0,0.4941067024978008,0.5058932975021992,0.5058932975021992,1.0,0.01,0.2493462819728537,1050,1550,1650,1680
2025-09-10,113955.359375,0.013620945043858246,1,0,0.4748307024427646,0.5251692975572354,0.5251692975572354,1.0,0.01,0.2493462819728537,1050,1550,1650,1680
2025-09-11,115507.5390625,0.005142859655061782,1,0,0.4537546845011416,0.5462453154988585,0.5462453154988585,1.0,0.01,0.2493462819728537,1050,1550,1650,1680
2025-09-12,116101.578125,-0.0013011908618274504,0,0,0.4708323142833491,0.529167685716651,0.529167685716651,1.0,0.01,0.2493462819728537,1050,1550,1650,1680
2025-09-13,115950.5078125,-0.004681752350561785,0,0,0.45844507887518987,0.5415549211248101,0.5415549211248101,1.0,0.01,0.2493462819728537,1050,1550,1650,1680
2025-09-14,115407.65625,0.0003224981011604733,1,0,0.4707195884246042,0.5292804115753957,0.5292804115753957,1.0,0.01,0.2493462819728537,1050,1550,1650,1680
2025-09-15,115444.875,0.012112382641498831,1,0,0.48958445235720394,0.5104155476427961,0.5104155476427961,1.0,0.01,0.2493462819728537,1050,1550,1650,1680
2025-09-16,116843.1875,-0.0032066883445814875,0,0,0.45826272043643984,0.5417372795635602,0.5417372795635602,1.0,0.01,0.2493462819728537,1050,1550,1650,1680
2025-09-17,116468.5078125,0.005741425944741474,1,0,0.47888866340206515,0.5211113365979348,0.5211113365979348,1.0,0.01,0.2493462819728537,1050,1550,1650,1680
2025-09-18,117137.203125,-0.012364506846338497,0,0,0.4660045793725415,0.5339954206274584,0.5339954206274584,1.0,0.01,0.2493462819728537,1050,1550,1650,1680
2025-09-19,115688.859375,0.0002861257573012477,1,0,0.4776535840251593,0.5223464159748408,0.5223464159748408,1.0,0.01,0.2493462819728537,1050,1550,1650,1680
2025-09-20,115721.9609375,-0.003593675600818802,0,0,0.4695842177775066,0.5304157822224934,0.5304157822224934,1.0,0.01,0.2493462819728537,1050,1550,1650,1680
2025-09-21,115306.09375,-0.02218083931492132,0,0,0.47880013833063256,0.5211998616693674,0.5211998616693674,1.0,0.01,0.2493462819728537,1050,1550,1650,1680
2025-09-22,112748.5078125,-0.00651013327573835,0,1,0.5688581730665231,0.4311418269334769,0.5688581730665231,1.0,0.01,0.2493462819728537,1050,1550,1650,1680
2025-09-23,112014.5,0.011731809832655538,1,0,0.49472755652026845,0.5052724434797315,0.5052724434797315,1.0,0.01,0.2493462819728537,1050,1550,1650,1680
2025-09-24,113328.6328125,-0.03776048156409062,0,0,0.48465902210342454,0.5153409778965754,0.5153409778965754,1.0,0.01,0.2493462819728537,1050,1550,1650,1680
2025-09-25,109049.2890625,0.0060847628462732395,1,1,0.5625067667816951,0.4374932332183049,0.5625067667816951,1.0,0.01,0.2493462819728537,1050,1550,1650,1680
2025-09-26,109712.828125,-0.0002814877077529365,0,1,0.509187148753252,0.490812851246748,0.509187148753252,1.0,0.01,0.2493462819728537,1050,1550,1650,1680
2025-09-27,109681.9453125,0.02225248016477188,1,1,0.5023457078742147,0.49765429212578527,0.5023457078742147,1.0,0.01,0.2493462819728537,1050,1550,1650,1680
2025-09-28,112122.640625,0.02031473906432546,1,0,0.49021671078726403,0.509783289212736,0.509783289212736,1.0,0.01,0.2493462819728537,1050,1550,1650,1680
2025-09-29,114400.3828125,-0.003009577997342028,0,0,0.49471688422662974,0.5052831157733703,0.5052831157733703,1.0,0.01,0.2493462819728537,1050,1550,1650,1680
2025-09-30,114056.0859375,0.04026829179914837,1,0,0.47080241498856096,0.529197585011439,0.529197585011439,1.0,0.01,0.2493462819728537,1050,1550,1650,1680
2025-10-01,118648.9296875,0.017128920845327356,1,0,0.44299649894460585,0.5570035010553942,0.5570035010553942,1.0,0.01,0.2493462819728537,1050,1550,1650,1680
2025-10-02,120681.2578125,0.013136036748664148,1,0,0.43830676263937196,0.561693237360628,0.561693237360628,1.0,0.01,0.2493462819728537,1050,1550,1650,1680
2025-10-03,122266.53125,0.001299606980548873,1,0,0.4498450321852937,0.5501549678147063,0.5501549678147063,1.0,0.01,0.2493462819728537,1050,1550,1650,1680
2025-10-04,122425.4296875,0.008887425412982486,1,0,0.4410451985060874,0.5589548014939125,0.5589548014939125,1.0,0.01,0.2493462819728537,1050,1550,1650,1680
2025-10-05,123513.4765625,0.010031736794915869,1,0,0.4816558320500948,0.5183441679499052,0.5183441679499052,1.0,0.01,0.2493462819728537,1050,1550,1650,1680
2025-10-06,124752.53125,-0.026461574802715715,0,1,0.5308920605492644,0.4691079394507356,0.5308920605492644,1.0,scale,0.24972149696285817,1080,1580,1680,1710
2025-10-07,121451.3828125,0.01567280940669602,1,1,0.5275276698814472,0.47247233011855283,0.5275276698814472,1.0,scale,0.24972149696285817,1080,1580,1680,1710
2025-10-08,123354.8671875,-0.013370216251727518,0,1,0.5239613759300321,0.4760386240699679,0.5239613759300321,1.0,scale,0.24972149696285817,1080,1580,1680,1710
2025-10-09,121705.5859375,-0.06976852117831744,0,1,0.5382912960479622,0.4617087039520378,0.5382912960479622,1.0,scale,0.24972149696285817,1080,1580,1680,1710
2025-10-10,113214.3671875,-0.02125599811033263,0,1,0.5294131050895933,0.47058689491040673,0.5294131050895933,1.0,scale,0.24972149696285817,1080,1580,1680,1710
2025-10-11,110807.8828125,0.03936437283871608,1,1,0.5499220049290134,0.45007799507098656,0.5499220049290134,1.0,scale,0.24972149696285817,1080,1580,1680,1710
2025-10-12,115169.765625,0.000879679657679322,1,1,0.5143560531537371,0.4856439468462629,0.5143560531537371,1.0,scale,0.24972149696285817,1080,1580,1680,1710
2025-10-13,115271.078125,-0.01867262888064536,0,1,0.5003691524914092,0.49963084750859077,0.5003691524914092,1.0,scale,0.24972149696285817,1080,1580,1680,1710
2025-10-14,113118.6640625,-0.02064646024028005,0,1,0.5190600628691044,0.48093993713089556,0.5190600628691044,1.0,scale,0.24972149696285817,1080,1580,1680,1710
2025-10-15,110783.1640625,-0.023443318504017374,0,1,0.5084722054792442,0.4915277945207558,0.5084722054792442,1.0,scale,0.24972149696285817,1080,1580,1680,1710
2025-10-16,108186.0390625,-0.01588236351834038,0,1,0.5287603119134759,0.47123968808652406,0.5287603119134759,1.0,scale,0.24972149696285817,1080,1580,1680,1710
2025-10-17,106467.7890625,0.006861009972426446,1,1,0.5335587563220665,0.4664412436779335,0.5335587563220665,1.0,scale,0.24972149696285817,1080,1580,1680,1710
2025-10-18,107198.265625,0.013698405510000455,1,1,0.5147046884174296,0.48529531158257044,0.5147046884174296,1.0,scale,0.24972149696285817,1080,1580,1680,1710
2025-10-19,108666.7109375,0.01768912239467313,1,1,0.5377667937845219,0.46223320621547814,0.5377667937845219,1.0,scale,0.24972149696285817,1080,1580,1680,1710
2025-10-20,110588.9296875,-0.019098105646452646,0,1,0.5318817898600302,0.4681182101399698,0.5318817898600302,1.0,scale,0.24972149696285817,1080,1580,1680,1710
2025-10-21,108476.890625,-0.007267028792566799,0,1,0.5428973406250119,0.45710265937498806,0.5428973406250119,1.0,scale,0.24972149696285817,1080,1580,1680,1710
2025-10-22,107688.5859375,0.022111355667553845,1,1,0.5255978766859483,0.47440212331405174,0.5255978766859483,1.0,scale,0.24972149696285817,1080,1580,1680,1710
2025-10-23,110069.7265625,0.008759859251149305,1,1,0.5114746206930655,0.4885253793069345,0.5114746206930655,1.0,scale,0.24972149696285817,1080,1580,1680,1710
2025-10-24,111033.921875,0.005474045023684315,1,1,0.5118460092407079,0.4881539907592921,0.5118460092407079,1.0,scale,0.24972149696285817,1080,1580,1680,1710
2025-10-25,111641.7265625,0.025355383127430242,1,1,0.5134835516523171,0.48651644834768293,0.5134835516523171,1.0,scale,0.24972149696285817,1080,1580,1680,1710
2025-10-26,114472.4453125,-0.0030847352525406047,0,1,0.5353113509046569,0.46468864909534313,0.5353113509046569,1.0,scale,0.24972149696285817,1080,1580,1680,1710
2025-10-27,114119.328125,-0.01019252462848308,0,1,0.5158334603284228,0.4841665396715772,0.5158334603284228,1.0,scale,0.24972149696285817,1080,1580,1680,1710
2025-10-28,112956.1640625,-0.025681284408657135,0,1,0.5038402687958513,0.4961597312041487,0.5038402687958513,1.0,scale,0.24972149696285817,1080,1580,1680,1710
2025-10-29,110055.3046875,-0.015898895718551742,0,0,0.4941440941054068,0.5058559058945933,0.5058559058945933,1.0,scale,0.24972149696285817,1080,1580,1680,1710
2025-10-30,108305.546875,0.011547120379193476,1,1,0.5017497166208575,0.49825028337914246,0.5017497166208575,1.0,scale,0.24972149696285817,1080,1580,1680,1710
2025-10-31,109556.1640625,0.004635536182247879,1,1,0.5052730763595265,0.49472692364047355,0.5052730763595265,1.0,scale,0.24972149696285817,1080,1580,1680,1710
2025-11-01,110064.015625,0.005229768982454308,1,1,0.5029780991242444,0.4970219008757556,0.5029780991242444,1.0,scale,0.24972149696285817,1080,1580,1680,1710
2025-11-02,110639.625,-0.03698585893164408,0,1,0.5125023365889633,0.48749766341103673,0.5125023365889633,1.0,scale,0.24972149696285817,1080,1580,1680,1710
2025-11-03,106547.5234375,-0.046523840630681046,0,1,0.5306495465922817,0.4693504534077183,0.5306495465922817,1.0,scale,0.24972149696285817,1080,1580,1680,1710
2025-11-04,101590.5234375,0.02265282648549194,1,1,0.5214144927931449,0.4785855072068551,0.5214144927931449,1.0,scale,0.24972149696285817,1080,1580,1680,1710
2025-11-05,103891.8359375,-0.02493503798083263,0,1,0.5173063546322294,0.4826936453677706,0.5173063546322294,0.1,scale,0.25103941914398936,1110,1610,1710,1740
2025-11-06,101301.2890625,0.020445121741957006,1,1,0.5307502024860907,0.4692497975139093,0.5307502024860907,0.1,scale,0.25103941914398936,1110,1610,1710,1740
2025-11-07,103372.40625,-0.010547196317199026,0,1,0.5208753285785467,0.4791246714214533,0.5208753285785467,0.1,scale,0.25103941914398936,1110,1610,1710,1740
2025-11-08,102282.1171875,0.02383137448193029,1,1,0.5192962624871886,0.48070373751281137,0.5192962624871886,0.1,scale,0.25103941914398936,1110,1610,1710,1740
2025-11-09,104719.640625,0.012194017448672767,1,1,0.5126513375408185,0.4873486624591815,0.5126513375408185,0.1,scale,0.25103941914398936,1110,1610,1710,1740
2025-11-10,105996.59375,-0.028294541304540788,0,1,0.5053591650902511,0.49464083490974886,0.5053591650902511,0.1,scale,0.25103941914398936,1110,1610,1710,1740
2025-11-11,102997.46875,-0.012954505253314763,0,1,0.5127365451820163,0.4872634548179837,0.5127365451820163,0.1,scale,0.25103941914398936,1110,1610,1710,1740
2025-11-12,101663.1875,-0.01933536967351135,0,1,0.5170916870084044,0.48290831299159565,0.5170916870084044,0.1,scale,0.25103941914398936,1110,1610,1710,1740
2025-11-13,99697.4921875,-0.053157837862490065,0,1,0.5326669175813201,0.4673330824186799,0.5326669175813201,0.1,scale,0.25103941914398936,1110,1610,1710,1740
2025-11-14,94397.7890625,0.012196889211437911,1,1,0.5472708070525916,0.45272919294740843,0.5472708070525916,0.1,scale,0.25103941914398936,1110,1610,1710,1740
2025-11-15,95549.1484375,-0.01435983820826503,0,1,0.5356004155455645,0.4643995844544355,0.5356004155455645,0.1,scale,0.25103941914398936,1110,1610,1710,1740
2025-11-16,94177.078125,-0.02212006537551514,0,1,0.5487576125293959,0.4512423874706041,0.5487576125293959,0.1,scale,0.25103941914398936,1110,1610,1710,1740
2025-11-17,92093.875,0.009284005043766586,1,1,0.5464836910469147,0.45351630895308526,0.5464836910469147,0.1,scale,0.25103941914398936,1110,1610,1710,1740
2025-11-18,92948.875,-0.015953746750565823,0,1,0.5382747673601745,0.46172523263982546,0.5382747673601745,0.1,scale,0.25103941914398936,1110,1610,1710,1740
2025-11-19,91465.9921875,-0.05285126891851111,0,1,0.5400153612503525,0.45998463874964746,0.5400153612503525,0.1,scale,0.25103941914398936,1110,1610,1710,1740
2025-11-20,86631.8984375,-0.017790340109098413,0,1,0.5484576340414682,0.4515423659585318,0.5484576340414682,0.1,scale,0.25103941914398936,1110,1610,1710,1740
2025-11-21,85090.6875,-0.0051983141515926645,0,1,0.5489214660076634,0.45107853399233655,0.5489214660076634,0.1,scale,0.25103941914398936,1110,1610,1710,1740
2025-11-22,84648.359375,0.025477734635657168,1,1,0.5436857743525034,0.4563142256474966,0.5436857743525034,0.1,scale,0.25103941914398936,1110,1610,1710,1740
2025-11-23,86805.0078125,0.01688329653360121,1,1,0.5426066915075933,0.45739330849240667,0.5426066915075933,0.1,scale,0.25103941914398936,1110,1610,1710,1740
2025-11-24,88270.5625,-0.010520742688141405,0,1,0.5380035014024581,0.4619964985975419,0.5380035014024581,0.1,scale,0.25103941914398936,1110,1610,1710,1740
2025-11-25,87341.890625,0.03636830551491177,1,1,0.5372448878648901,0.4627551121351099,0.5372448878648901,0.1,scale,0.25103941914398936,1110,1610,1710,1740
2025-11-26,90518.3671875,0.008473504729832548,1,1,0.5300643191389756,0.46993568086102444,0.5300643191389756,0.1,scale,0.25103941914398936,1110,1610,1710,1740
2025-11-27,91285.375,-0.004010602738938163,0,1,0.5254035937613014,0.4745964062386986,0.5254035937613014,0.1,scale,0.25103941914398936,1110,1610,1710,1740
2025-11-28,90919.265625,-0.0007425028351905061,0,1,0.5238515040042766,0.4761484959957234,0.5238515040042766,0.1,scale,0.25103941914398936,1110,1610,1710,1740
2025-11-29,90851.7578125,-0.005035073877646679,0,1,0.5214498794633243,0.47855012053667567,0.5214498794633243,0.1,scale,0.25103941914398936,1110,1610,1710,1740
2025-11-30,90394.3125,-0.045055292472078956,0,1,0.5225718764556488,0.47742812354435116,0.5225718764556488,0.1,scale,0.25103941914398936,1110,1610,1710,1740
2025-12-01,86321.5703125,0.05825464938016567,1,1,0.5439836867307685,0.45601631326923153,0.5439836867307685,0.1,scale,0.25103941914398936,1110,1610,1710,1740
2025-12-02,91350.203125,0.023837949867722363,1,1,0.5185442934163759,0.48145570658362413,0.5185442934163759,0.1,scale,0.25103941914398936,1110,1610,1710,1740
2025-12-03,93527.8046875,-0.014821043775501641,0,1,0.5097694032458752,0.49023059675412484,0.5097694032458752,0.1,scale,0.25103941914398936,1110,1610,1710,1740
2025-12-04,92141.625,-0.029887330373216225,0,1,0.5095142833526097,0.49048571664739027,0.5095142833526097,0.1,scale,0.25103941914398936,1110,1610,1710,1740
2025-12-05,89387.7578125,-0.0012908122468182626,0,0,0.47078006343035855,0.5292199365696415,0.5292199365696415,10.0,scale,0.24815690407775887,1140,1640,1740,1770
2025-12-06,89272.375,0.012694471554050235,1,0,0.47849249791294973,0.5215075020870503,0.5215075020870503,10.0,scale,0.24815690407775887,1140,1640,1740,1770
2025-12-07,90405.640625,0.0025945560296725123,1,0,0.4724874295869264,0.5275125704130736,0.5275125704130736,10.0,scale,0.24815690407775887,1140,1640,1740,1770
2025-12-08,90640.203125,0.022633530616329445,1,0,0.4762116694864322,0.5237883305135678,0.5237883305135678,10.0,scale,0.24815690407775887,1140,1640,1740,1770
2025-12-09,92691.7109375,-0.007236522211271801,0,0,0.47880160881979505,0.521198391180205,0.521198391180205,10.0,scale,0.24815690407775887,1140,1640,1740,1770
2025-12-10,92020.9453125,0.005329119618741718,1,0,0.4843322648385953,0.5156677351614047,0.5156677351614047,10.0,scale,0.24815690407775887,1140,1640,1740,1770
2025-12-11,92511.3359375,-0.024223213861206738,0,0,0.48932756247759507,0.510672437522405,0.510672437522405,10.0,scale,0.24815690407775887,1140,1640,1740,1770
2025-12-12,90270.4140625,0.00031346787642294593,1,0,0.49023598926894185,0.5097640107310581,0.5097640107310581,10.0,scale,0.24815690407775887,1140,1640,1740,1770
2025-12-13,90298.7109375,-0.023516739363752315,0,0,0.49387278870430856,0.5061272112956914,0.5061272112956914,10.0,scale,0.24815690407775887,1140,1640,1740,1770
2025-12-14,88175.1796875,-0.019908078936967,0,0,0.49097320741480976,0.5090267925851902,0.5090267925851902,10.0,scale,0.24815690407775887,1140,1640,1740,1770
2025-12-15,86419.78125,0.01648005936140917,1,0,0.48626659764276653,0.5137334023572335,0.5137334023572335,10.0,scale,0.24815690407775887,1140,1640,1740,1770
2025-12-16,87843.984375,-0.01935507109105894,0,0,0.4938296492391309,0.506170350760869,0.506170350760869,10.0,scale,0.24815690407775887,1140,1640,1740,1770
2025-12-17,86143.7578125,-0.007908292107279613,0,0,0.48886800141311,0.5111319985868901,0.5111319985868901,10.0,scale,0.24815690407775887,1140,1640,1740,1770
2025-12-18,85462.5078125,0.03090097713717843,1,0,0.4874513837292835,0.5125486162707165,0.5125486162707165,10.0,scale,0.24815690407775887,1140,1640,1740,1770
2025-12-19,88103.3828125,0.002731077738661547,1,0,0.4889021001219393,0.5110978998780606,0.5110978998780606,10.0,scale,0.24815690407775887,1140,1640,1740,1770
2025-12-20,88344.0,0.0031439599746445612,1,0,0.4912402951608875,0.5087597048391125,0.5087597048391125,10.0,scale,0.24815690407775887,1140,1640,1740,1770
2025-12-21,88621.75,-0.0014864790528285043,0,0,0.49438087561017746,0.5056191243898225,0.5056191243898225,10.0,scale,0.24815690407775887,1140,1640,1740,1770
2025-12-22,88490.015625,-0.01215974047919599,0,0,0.4975744266787595,0.5024255733212405,0.5024255733212405,10.0,scale,0.24815690407775887,1140,1640,1740,1770
2025-12-23,87414.0,0.0022646365284737513,1,1,0.5007589741058872,0.4992410258941128,0.5007589741058872,10.0,scale,0.24815690407775887,1140,1640,1740,1770
2025-12-24,87611.9609375,-0.004305562231041726,0,1,0.5079908394056661,0.49200916059433386,0.5079908394056661,10.0,scale,0.24815690407775887,1140,1640,1740,1770
2025-12-25,87234.7421875,0.0007644603322913834,1,1,0.5080811630659252,0.4919188369340748,0.5080811630659252,10.0,scale,0.24815690407775887,1140,1640,1740,1770
2025-12-26,87301.4296875,0.005735605525503784,1,1,0.5016239520391115,0.4983760479608885,0.5016239520391115,10.0,scale,0.24815690407775887,1140,1640,1740,1770
2025-12-27,87802.15625,0.00038358610925337544,1,0,0.4961078680831178,0.5038921319168822,0.5038921319168822,10.0,scale,0.24815690407775887,1140,1640,1740,1770
2025-12-28,87835.8359375,-0.007943173820266769,0,1,0.501620266940052,0.498379733059948,0.501620266940052,10.0,scale,0.24815690407775887,1140,1640,1740,1770
2025-12-29,87138.140625,0.014826942349620564,1,1,0.5016215403056556,0.49837845969434436,0.5016215403056556,10.0,scale,0.24815690407775887,1140,1640,1740,1770
2025-12-30,88430.1328125,-0.01041844740246467,0,0,0.4938678455308518,0.5061321544691482,0.5061321544691482,10.0,scale,0.24815690407775887,1140,1640,1740,1770
2025-12-31,87508.828125,0.013977518339667538,1,1,0.5000866183826073,0.49991338161739274,0.5000866183826073,10.0,scale,0.24815690407775887,1140,1640,1740,1770
2026-01-01,88731.984375,0.013667122921255048,1,0,0.4748977226370797,0.5251022773629204,0.5251022773629204,10.0,scale,0.24815690407775887,1140,1640,1740,1770
2026-01-02,89944.6953125,0.007321078638514056,1,1,0.5032014019967039,0.49679859800329607,0.5032014019967039,10.0,scale,0.24815690407775887,1140,1640,1740,1770
2026-01-03,90603.1875,0.008943445698309516,1,0,0.4736356293063369,0.5263643706936632,0.5263643706936632,10.0,scale,0.24815690407775887,1140,1640,1740,1770
2026-01-04,91413.4921875,0.027009825802690735,1,0,0.4913069954423851,0.5086930045576149,0.5086930045576149,10.0,scale,0.24894248264434496,1170,1670,1770,1800
2026-01-05,93882.5546875,-0.0016352711961346023,0,0,0.4929158760366126,0.5070841239633874,0.5070841239633874,10.0,scale,0.24894248264434496,1170,1670,1770,1800
2026-01-06,93729.03125,-0.025829527204251357,0,0,0.48597615635658276,0.5140238436434172,0.5140238436434172,10.0,scale,0.24894248264434496,1170,1670,1770,1800
2026-01-07,91308.0546875,-0.003076724046541912,0,0,0.4997164490561183,0.5002835509438817,0.5002835509438817,10.0,scale,0.24894248264434496,1170,1670,1770,1800
2026-01-08,91027.125,-0.005646925984974294,0,1,0.501071436679595,0.498928563320405,0.501071436679595,10.0,scale,0.24894248264434496,1170,1670,1770,1800
2026-01-09,90513.1015625,-0.001397069847536736,0,1,0.5013967520358932,0.4986032479641068,0.5013967520358932,10.0,scale,0.24894248264434496,1170,1670,1770,1800
2026-01-10,90386.6484375,0.004876964768804504,1,0,0.4960240888016963,0.5039759111983038,0.5039759111983038,10.0,scale,0.24894248264434496,1170,1670,1770,1800
2026-01-11,90827.4609375,0.004024457429802286,1,1,0.501491351663226,0.498508648336774,0.501491351663226,10.0,scale,0.24894248264434496,1170,1670,1770,1800
2026-01-12,91192.9921875,0.04527528885126264,1,1,0.504611093533211,0.495388906466789,0.504611093533211,10.0,scale,0.24894248264434496,1170,1670,1770,1800
2026-01-13,95321.78125,0.016864423365986925,1,0,0.4849229113739683,0.5150770886260316,0.5150770886260316,10.0,scale,0.24894248264434496,1170,1670,1770,1800
2026-01-14,96929.328125,-0.01421799419905967,0,0,0.48668275841516473,0.5133172415848353,0.5133172415848353,10.0,scale,0.24894248264434496,1170,1670,1770,1800
2026-01-15,95551.1875,-0.00027284132392391136,0,0,0.49577378415295376,0.5042262158470463,0.5042262158470463,10.0,scale,0.24894248264434496,1170,1670,1770,1800
2026-01-16,95525.1171875,-0.004451136256293897,0,0,0.49608837173372405,0.5039116282662759,0.5039116282662759,10.0,scale,0.24894248264434496,1170,1670,1770,1800
2026-01-17,95099.921875,-0.01541002514624834,0,0,0.49831872590159576,0.5016812740984042,0.5016812740984042,10.0,scale,0.24894248264434496,1170,1670,1770,1800
2026-01-18,93634.4296875,-0.011543146480490485,0,1,0.5045417394116506,0.4954582605883494,0.5045417394116506,10.0,scale,0.24894248264434496,1170,1670,1770,1800
2026-01-19,92553.59375,-0.04584033237499219,0,1,0.5043066049876965,0.4956933950123035,0.5043066049876965,10.0,scale,0.24894248264434496,1170,1670,1770,1800
2026-01-20,88310.90625,0.012071608510981546,1,1,0.5015749939006373,0.4984250060993627,0.5015749939006373,10.0,scale,0.24894248264434496,1170,1670,1770,1800
2026-01-21,89376.9609375,0.000956534957143873,1,1,0.5017100059097994,0.4982899940902006,0.5017100059097994,10.0,scale,0.24894248264434496,1170,1670,1770,1800
2026-01-22,89462.453125,0.00046300848627667257,1,1,0.5021343950580708,0.4978656049419292,0.5021343950580708,10.0,scale,0.24894248264434496,1170,1670,1770,1800
2026-01-23,89503.875,-0.00439244250598092,0,1,0.5007990259987083,0.4992009740012917,0.5007990259987083,10.0,scale,0.24894248264434496,1170,1670,1770,1800
2026-01-24,89110.734375,-0.028487203509257375,0,0,0.49993029596927985,0.5000697040307202,0.5000697040307202,10.0,scale,0.24894248264434496,1170,1670,1770,1800
2026-01-25,86572.21875,0.019578126787931138,1,0,0.49575904240965674,0.5042409575903433,0.5042409575903433,10.0,scale,0.24894248264434496,1170,1670,1770,1800
2026-01-26,88267.140625,0.009464787027023913,1,1,0.5024578398108456,0.4975421601891544,0.5024578398108456,10.0,scale,0.24894248264434496,1170,1670,1770,1800
2026-01-27,89102.5703125,0.0009202877056453396,1,1,0.5038142878784283,0.4961857121215717,0.5038142878784283,10.0,scale,0.24894248264434496,1170,1670,1770,1800
2026-01-28,89184.5703125,-0.05183614563372574,0,1,0.5022843343354231,0.4977156656645769,0.5022843343354231,10.0,scale,0.24894248264434496,1170,1670,1770,1800
2026-01-29,84561.5859375,-0.005119696877728619,0,0,0.49709536904055546,0.5029046309594445,0.5029046309594445,10.0,scale,0.24894248264434496,1170,1670,1770,1800
2026-01-30,84128.65625,-0.06546567255435032,0,0,0.4958098829856845,0.5041901170143155,0.5041901170143155,10.0,scale,0.24894248264434496,1170,1670,1770,1800
2026-01-31,78621.1171875,-0.02094439679701987,0,0,0.48766410147608114,0.5123358985239188,0.5123358985239188,10.0,scale,0.24894248264434496,1170,1670,1770,1800
2026-02-01,76974.4453125,0.022271291537603544,1,1,0.5029776473999761,0.4970223526000239,0.5029776473999761,10.0,scale,0.24894248264434496,1170,1670,1770,1800
2026-02-02,78688.765625,-0.03882661934945053,0,0,0.49743046235983945,0.5025695376401605,0.5025695376401605,10.0,scale,0.24894248264434496,1170,1670,1770,1800
2026-02-03,75633.546875,-0.03455931736640505,0,1,0.5064435812846897,0.4935564187153103,0.5064435812846897,10.0,scale,0.2503309223613593,1200,1700,1800,1830
2026-02-04,73019.703125,-0.14129892381358544,0,1,0.5035177104828771,0.4964822895171229,0.5035177104828771,10.0,scale,0.2503309223613593,1200,1700,1800,1830
2026-02-05,62702.09765625,0.1252476912623226,1,0,0.4936416604956783,0.5063583395043216,0.5063583395043216,10.0,scale,0.2503309223613593,1200,1700,1800,1830
2026-02-06,70555.390625,-0.018048541205989532,0,1,0.502258588345248,0.49774141165475205,0.502258588345248,10.0,scale,0.2503309223613593,1200,1700,1800,1830
2026-02-07,69281.96875,0.014184900201757111,1,0,0.4926072330625081,0.5073927669374919,0.5073927669374919,10.0,scale,0.2503309223613593,1200,1700,1800,1830
2026-02-08,70264.7265625,-0.00204861414171964,0,1,0.5034969913164463,0.4965030086835537,0.5034969913164463,10.0,scale,0.2503309223613593,1200,1700,1800,1830
2026-02-09,70120.78125,-0.018921927121284043,0,0,0.49610029139622847,0.5038997086037715,0.5038997086037715,10.0,scale,0.2503309223613593,1200,1700,1800,1830
2026-02-10,68793.9609375,-0.02619404614799148,0,0,0.4932389642801818,0.5067610357198182,0.5067610357198182,10.0,scale,0.2503309223613593,1200,1700,1800,1830
2026-02-11,66991.96875,-0.011495780977477277,0,0,0.4936739158655861,0.5063260841344139,0.5063260841344139,10.0,scale,0.2503309223613593,1200,1700,1800,1830
2026-02-12,66221.84375,0.039805596623848194,1,0,0.4960744739642643,0.5039255260357357,0.5039255260357357,10.0,scale,0.2503309223613593,1200,1700,1800,1830
2026-02-13,68857.84375,0.013212456278809848,1,1,0.5010456286063427,0.4989543713936573,0.5010456286063427,10.0,scale,0.2503309223613593,1200,1700,1800,1830
2026-02-14,69767.625,-0.014038567315427408,0,1,0.5060883988581476,0.4939116011418524,0.5060883988581476,10.0,scale,0.2503309223613593,1200,1700,1800,1830
2026-02-15,68788.1875,0.000799101589935125,1,1,0.5029215401468015,0.49707845985319854,0.5029215401468015,10.0,scale,0.2503309223613593,1200,1700,1800,1830
2026-02-16,68843.15625,-0.019594358734823403,0,0,0.49969383641119103,0.500306163588809,0.500306163588809,10.0,scale,0.2503309223613593,1200,1700,1800,1830
2026-02-17,67494.21875,-0.015836888807606253,0,0,0.49944016599740265,0.5005598340025974,0.5005598340025974,10.0,scale,0.2503309223613593,1200,1700,1800,1830
2026-02-18,66425.3203125,0.008012052068341324,1,0,0.4986553664280919,0.5013446335719081,0.5013446335719081,10.0,scale,0.2503309223613593,1200,1700,1800,1830
2026-02-19,66957.5234375,0.015650197075734784,1,1,0.5046349938995034,0.4953650061004966,0.5046349938995034,10.0,scale,0.2503309223613593,1200,1700,1800,1830
2026-02-20,68005.421875,-2.435467576455963e-05,0,0,0.4990577270852733,0.5009422729147267,0.5009422729147267,10.0,scale,0.2503309223613593,1200,1700,1800,1830
2026-02-21,68003.765625,-0.005064057803784272,0,0,0.4897063905442103,0.5102936094557897,0.5102936094557897,10.0,scale,0.2503309223613593,1200,1700,1800,1830
2026-02-22,67659.390625,-0.04497014110892317,0,0,0.4930395839905448,0.5069604160094552,0.5069604160094552,10.0,scale,0.2503309223613593,1200,1700,1800,1830
2026-02-23,64616.73828125,-0.008305824880296298,0,0,0.4941884780113926,0.5058115219886075,0.5058115219886075,10.0,scale,0.2503309223613593,1200,1700,1800,1830
2026-02-24,64080.04296875,0.060550552894326426,1,0,0.4928507749772324,0.5071492250227676,0.5071492250227676,10.0,scale,0.2503309223613593,1200,1700,1800,1830
2026-02-25,67960.125,-0.007450715585058165,0,1,0.5229114033626141,0.4770885966373859,0.5229114033626141,10.0,scale,0.2503309223613593,1200,1700,1800,1830
2026-02-26,67453.7734375,-0.023304501473983996,0,1,0.5080241421060844,0.4919758578939156,0.5080241421060844,10.0,scale,0.2503309223613593,1200,1700,1800,1830
2026-02-27,65881.796875,0.016910019957618205,1,0,0.4982778049386,0.5017221950613999,0.5017221950613999,10.0,scale,0.2503309223613593,1200,1700,1800,1830
2026-02-28,66995.859375,-0.018773664883674046,0,1,0.5113343748894117,0.4886656251105883,0.5113343748894117,10.0,scale,0.2503309223613593,1200,1700,1800,1830
2026-03-01,65738.1015625,0.04620988327616793,1,0,0.4925748693211137,0.5074251306788863,0.5074251306788863,10.0,scale,0.2503309223613593,1200,1700,1800,1830
2026-03-02,68775.8515625,-0.007011227255569463,0,1,0.5032102277996293,0.4967897722003707,0.5032102277996293,10.0,scale,0.2503309223613593,1200,1700,1800,1830
2026-03-03,68293.6484375,0.06467555605177866,1,1,0.5013954346462218,0.4986045653537782,0.5013954346462218,10.0,scale,0.2503309223613593,1200,1700,1800,1830
2026-03-04,72710.578125,-0.025710882421896564,0,0,0.4994132693428186,0.5005867306571814,0.5005867306571814,10.0,scale,0.2503309223613593,1200,1700,1800,1830
2026-03-05,70841.125,-0.03817885179689062,0,0,0.48511985242761496,0.514880147572385,0.514880147572385,1.0,0.01,0.2493346153819758,1230,1730,1830,1860
2026-03-06,68136.4921875,-0.01267893913767526,0,0,0.49316049061924294,0.5068395093807571,0.5068395093807571,1.0,0.01,0.2493346153819758,1230,1730,1830,1860
2026-03-07,67272.59375,-0.01936617019467901,0,0,0.490360293078768,0.509639706921232,0.509639706921232,1.0,0.01,0.2493346153819758,1230,1730,1830,1860
2026-03-08,65969.78125,0.03687448277691541,1,1,0.5003863247891438,0.4996136752108562,0.5003863247891438,1.0,0.01,0.2493346153819758,1230,1730,1830,1860
2026-03-09,68402.3828125,0.022287806357257578,1,0,0.4884869684653423,0.5115130315346577,0.5115130315346577,1.0,0.01,0.2493346153819758,1230,1730,1830,1860
2026-03-10,69926.921875,0.003975020350486469,1,0,0.48227850609563927,0.5177214939043607,0.5177214939043607,1.0,0.01,0.2493346153819758,1230,1730,1830,1860
2026-03-11,70204.8828125,0.004110513591636167,1,0,0.48263419390428125,0.5173658060957187,0.5173658060957187,1.0,0.01,0.2493346153819758,1230,1730,1830,1860
2026-03-12,70493.4609375,0.006735442992662266,1,0,0.48175016392730435,0.5182498360726957,0.5182498360726957,1.0,0.01,0.2493346153819758,1230,1730,1830,1860
2026-03-13,70968.265625,0.0034714019404360474,1,0,0.4852311235746054,0.5147688764253946,0.5147688764253946,1.0,0.01,0.2493346153819758,1230,1730,1830,1860
2026-03-14,71214.625,0.022120302711697182,1,0,0.47518988596365913,0.5248101140363408,0.5248101140363408,1.0,0.01,0.2493346153819758,1230,1730,1830,1860
2026-03-15,72789.9140625,0.028454105238008953,1,0,0.4781619751879118,0.5218380248120882,0.5218380248120882,1.0,0.01,0.2493346153819758,1230,1730,1830,1860
2026-03-16,74861.0859375,-0.01253801442025071,0,0,0.4846104022249284,0.5153895977750715,0.5153895977750715,1.0,0.01,0.2493346153819758,1230,1730,1830,1860
2026-03-17,73922.4765625,-0.0362122396594321,0,0,0.4802544688116328,0.5197455311883672,0.5197455311883672,1.0,0.01,0.2493346153819758,1230,1730,1830,1860
2026-03-18,71245.578125,-0.01870697238447039,0,0,0.48810109664081014,0.5118989033591899,0.5118989033591899,1.0,0.01,0.2493346153819758,1230,1730,1830,1860
2026-03-19,69912.7890625,0.008722250723753211,1,0,0.49017514300830517,0.5098248569916948,0.5098248569916948,1.0,0.01,0.2493346153819758,1230,1730,1830,1860
2026-03-20,70522.5859375,-0.025680602546325204,0,0,0.48377537414486066,0.5162246258551393,0.5162246258551393,1.0,0.01,0.2493346153819758,1230,1730,1830,1860
2026-03-21,68711.5234375,-0.012607965253281006,0,0,0.48967626156017335,0.5103237384398267,0.5103237384398267,1.0,0.01,0.2493346153819758,1230,1730,1830,1860
2026-03-22,67845.2109375,0.04524488014825101,1,0,0.49742353128524885,0.5025764687147511,0.5025764687147511,1.0,0.01,0.2493346153819758,1230,1730,1830,1860
2026-03-23,70914.859375,-0.005598262529164066,0,0,0.48859385409298617,0.5114061459070138,0.5114061459070138,1.0,0.01,0.2493346153819758,1230,1730,1830,1860
2026-03-24,70517.859375,0.011231529778693128,1,0,0.4845197851597704,0.5154802148402295,0.5154802148402295,1.0,0.01,0.2493346153819758,1230,1730,1830,1860
2026-03-25,71309.8828125,-0.03531428903229905,0,0,0.48027251960568373,0.5197274803943163,0.5197274803943163,1.0,0.01,0.2493346153819758,1230,1730,1830,1860
2026-03-26,68791.625,-0.035662044616623034,0,0,0.49377644693658035,0.5062235530634196,0.5062235530634196,1.0,0.01,0.2493346153819758,1230,1730,1830,1860
2026-03-27,66338.375,-0.0002815819275042708,0,1,0.5015091694115149,0.4984908305884851,0.5015091694115149,1.0,0.01,0.2493346153819758,1230,1730,1830,1860
2026-03-28,66319.6953125,-0.005500227885263609,0,0,0.49020150366260135,0.5097984963373987,0.5097984963373987,1.0,0.01,0.2493346153819758,1230,1730,1830,1860
2026-03-29,65954.921875,0.011167073154841889,1,0,0.4953116174653647,0.5046883825346353,0.5046883825346353,1.0,0.01,0.2493346153819758,1230,1730,1830,1860
2026-03-30,66691.4453125,0.02311941479563351,1,0,0.49946053257579953,0.5005394674242005,0.5005394674242005,1.0,0.01,0.2493346153819758,1230,1730,1830,1860
2026-03-31,68233.3125,-0.002268068291422898,0,0,0.48665818229792057,0.5133418177020794,0.5133418177020794,1.0,0.01,0.2493346153819758,1230,1730,1830,1860
2026-04-01,68078.5546875,-0.017479577533077273,0,0,0.4879698452580435,0.5120301547419566,0.5120301547419566,1.0,0.01,0.2493346153819758,1230,1730,1830,1860
2026-04-02,66888.5703125,0.0006358522809097877,1,0,0.49295402731670845,0.5070459726832915,0.5070459726832915,1.0,0.01,0.2493346153819758,1230,1730,1830,1860
2026-04-03,66931.1015625,0.005369911059425414,1,0,0.48521898640392713,0.5147810135960729,0.5147810135960729,1.0,0.01,0.2493346153819758,1230,1730,1830,1860
2026-04-04,67290.515625,0.02513553056906015,1,0,0.4904455972526578,0.5095544027473422,0.5095544027473422,1.0,0.01,0.2486967737628443,1260,1760,1860,1890
2026-04-05,68981.8984375,-0.0017695992030517527,0,0,0.4910097086110467,0.5089902913889532,0.5089902913889532,1.0,0.01,0.2486967737628443,1260,1760,1860,1890
2026-04-06,68859.828125,0.04474125312086663,1,0,0.49692451446235614,0.5030754855376438,0.5030754855376438,1.0,0.01,0.2486967737628443,1260,1760,1860,1890
2026-04-07,71940.703125,-0.011361353371537541,0,0,0.4835121704377115,0.5164878295622886,0.5164878295622886,1.0,0.01,0.2486967737628443,1260,1760,1860,1890
2026-04-08,71123.359375,0.009061281070850802,1,0,0.4882791777259333,0.5117208222740667,0.5117208222740667,1.0,0.01,0.2486967737628443,1260,1760,1860,1890
2026-04-09,71767.828125,0.016876904061948084,1,0,0.4846334996700577,0.5153665003299424,0.5153665003299424,1.0,0.01,0.2486967737628443,1260,1760,1860,1890
2026-04-10,72979.046875,0.0010307967248304184,1,0,0.4845073421187449,0.5154926578812551,0.5154926578812551,1.0,0.01,0.2486967737628443,1260,1760,1860,1890
2026-04-11,73054.2734375,-0.031495312720733026,0,0,0.4845026974749463,0.5154973025250538,0.5154973025250538,1.0,0.01,0.2486967737628443,1260,1760,1860,1890
2026-04-12,70753.40625,0.05273575609654846,1,0,0.4967495404026843,0.5032504595973157,0.5032504595973157,1.0,0.01,0.2486967737628443,1260,1760,1860,1890
2026-04-13,74484.640625,-0.004068372317531099,0,0,0.48838651579444287,0.5116134842055571,0.5116134842055571,1.0,0.01,0.2486967737628443,1260,1760,1860,1890
2026-04-14,74181.609375,0.008404626904874313,1,0,0.4894951168030901,0.5105048831969099,0.5105048831969099,1.0,0.01,0.2486967737628443,1260,1760,1860,1890
2026-04-15,74805.078125,0.004639453579876829,1,0,0.4849488789544761,0.515051121045524,0.515051121045524,1.0,0.01,0.2486967737628443,1260,1760,1860,1890
2026-04-16,75152.1328125,0.02627659540184779,1,0,0.48893908838793854,0.5110609116120615,0.5110609116120615,1.0,0.01,0.2486967737628443,1260,1760,1860,1890
2026-04-17,77126.875,-0.01816051878803593,0,0,0.4877937914764914,0.5122062085235086,0.5122062085235086,1.0,0.01,0.2486967737628443,1260,1760,1860,1890
2026-04-18,75726.2109375,-0.024692366775663332,0,0,0.4888693306427212,0.5111306693572788,0.5111306693572788,1.0,0.01,0.2486967737628443,1260,1760,1860,1890
2026-04-19,73856.3515625,0.027298557704868998,1,0,0.49583167330542477,0.5041683266945752,0.5041683266945752,1.0,0.01,0.2486967737628443,1260,1760,1860,1890
2026-04-20,75872.5234375,0.0063296958930805225,1,0,0.48875918007912916,0.5112408199208709,0.5112408199208709,1.0,0.01,0.2486967737628443,1260,1760,1860,1890
2026-04-21,76352.7734375,0.024233934691509473,1,0,0.4871744183627681,0.5128255816372319,0.5128255816372319,1.0,0.01,0.2486967737628443,1260,1760,1860,1890
2026-04-22,78203.1015625,0.0008420581944230676,1,0,0.4876577474528104,0.5123422525471897,0.5123422525471897,1.0,0.01,0.2486967737628443,1260,1760,1860,1890
2026-04-23,78268.953125,-0.010395445352393673,0,0,0.48701170578051006,0.5129882942194899,0.5129882942194899,1.0,0.01,0.2486967737628443,1260,1760,1860,1890
2026-04-24,77455.3125,0.0020231423764509593,1,0,0.4899386536824907,0.5100613463175093,0.5100613463175093,1.0,0.01,0.2486967737628443,1260,1760,1860,1890
2026-04-25,77612.015625,0.013471154293320797,1,0,0.48563184760666533,0.5143681523933347,0.5143681523933347,1.0,0.01,0.2486967737628443,1260,1760,1860,1890
2026-04-26,78657.5390625,-0.01641182876919478,0,0,0.4883412054129245,0.5116587945870755,0.5116587945870755,1.0,0.01,0.2486967737628443,1260,1760,1860,1890
2026-04-27,77366.625,-0.013131671764148978,0,0,0.497142117379185,0.502857882620815,0.502857882620815,1.0,0.01,0.2486967737628443,1260,1760,1860,1890
2026-04-28,76350.671875,-0.007525003361340765,0,0,0.49199541660610024,0.5080045833938998,0.5080045833938998,1.0,0.01,0.2486967737628443,1260,1760,1860,1890
2026-04-29,75776.1328125,0.00697036758667724,1,0,0.4968606658140625,0.5031393341859375,0.5031393341859375,1.0,0.01,0.2486967737628443,1260,1760,1860,1890
2026-04-30,76304.3203125,0.024568460603834108,1,0,0.4894308311651355,0.5105691688348645,0.5105691688348645,1.0,0.01,0.2486967737628443,1260,1760,1860,1890
2026-05-01,78179.0,0.006117371672699878,1,0,0.48768779191416123,0.5123122080858388,0.5123122080858388,1.0,0.01,0.2486967737628443,1260,1760,1860,1890
2026-05-02,78657.25,-0.00151319093281288,0,0,0.48350832400555016,0.5164916759944498,0.5164916759944498,1.0,0.01,0.2486967737628443,1260,1760,1860,1890
2026-05-03,78538.2265625,0.016421044171065935,1,0,0.49126416959807767,0.5087358304019223,0.5087358304019223,1.0,0.01,0.2486967737628443,1260,1760,1860,1890
2026-05-04,79827.90625,0.013768974900303155,1,1,0.500090105607811,0.499909894392189,0.500090105607811,10.0,scale,0.24964012822424275,1290,1790,1890,1920
2026-05-05,80927.0546875,0.006184292316489204,1,0,0.49991824500695886,0.5000817549930412,0.5000817549930412,10.0,scale,0.24964012822424275,1290,1790,1890,1920
2026-05-06,81427.53125,-0.017408596831308243,0,0,0.49994866310280256,0.5000513368971975,0.5000513368971975,10.0,scale,0.24964012822424275,1290,1790,1890,1920
2026-05-07,80009.9921875,0.0022093920105095144,1,1,0.5003449768329057,0.4996550231670943,0.5003449768329057,10.0,scale,0.24964012822424275,1290,1790,1890,1920
2026-05-08,80186.765625,0.0059561145630133705,1,0,0.4999421969479372,0.5000578030520628,0.5000578030520628,10.0,scale,0.24964012822424275,1290,1790,1890,1920
2026-05-09,80664.3671875,0.01828022150812214,1,0,0.4998370721189088,0.5001629278810912,0.5001629278810912,10.0,scale,0.24964012822424275,1290,1790,1890,1920
2026-05-10,82138.9296875,-0.004999247178679611,0,0,0.4997261474832077,0.5002738525167922,0.5002738525167922,10.0,scale,0.24964012822424275,1290,1790,1890,1920
2026-05-11,81728.296875,-0.015304426194186482,0,0,0.49995784965162293,0.5000421503483771,0.5000421503483771,10.0,scale,0.24964012822424275,1290,1790,1890,1920
2026-05-12,80477.4921875,-0.014915661104390687,0,0,0.4999083388396429,0.5000916611603571,0.5000916611603571,10.0,scale,0.24964012822424275,1290,1790,1890,1920
2026-05-13,79277.1171875,0.022378876470797504,1,0,0.4998571619174441,0.5001428380825559,0.5001428380825559,10.0,scale,0.24964012822424275,1290,1790,1890,1920
2026-05-14,81051.25,-0.024497713637975926,0,0,0.49997253628088023,0.5000274637191198,0.5000274637191198,10.0,scale,0.24964012822424275,1290,1790,1890,1920
2026-05-15,79065.6796875,-0.0118160267665125,0,1,0.500328535392146,0.49967146460785405,0.500328535392146,10.0,scale,0.24964012822424275,1290,1790,1890,1920
2026-05-16,78131.4375,-0.008985959556932488,0,1,0.5002632034637007,0.4997367965362993,0.5002632034637007,10.0,scale,0.24964012822424275,1290,1790,1890,1920
2026-05-17,77429.3515625,-0.006136945201154598,0,1,0.5001627175523432,0.4998372824476568,0.5001627175523432,10.0,scale,0.24964012822424275,1290,1790,1890,1920
2026-05-18,76954.171875,-0.002641385386229267,0,1,0.5003207407646254,0.4996792592353746,0.5003207407646254,10.0,scale,0.24964012822424275,1290,1790,1890,1920
2026-05-19,76750.90625,0.009209887179670861,1,1,0.5003826504482238,0.49961734955177617,0.5003826504482238,10.0,scale,0.24964012822424275,1290,1790,1890,1920
2026-05-20,77457.7734375,0.0010508749979196708,1,1,0.500374286236283,0.499625713763717,0.500374286236283,10.0,scale,0.24964012822424275,1290,1790,1890,1920
2026-05-21,77539.171875,-0.02645023976792371,0,1,0.5001437625039608,0.49985623749603925,0.5001437625039608,10.0,scale,0.24964012822424275,1290,1790,1890,1920
2026-05-22,75488.2421875,0.015699464786268935,1,1,0.5005505134055719,0.4994494865944281,0.5005505134055719,10.0,scale,0.24964012822424275,1290,1790,1890,1920
2026-05-23,76673.3671875,0.004013881531345742,1,1,0.5005160000965948,0.4994839999034052,0.5005160000965948,10.0,scale,0.24964012822424275,1290,1790,1890,1920
2026-05-24,76981.125,0.0038815318365379436,1,1,0.5005409710372113,0.4994590289627887,0.5005409710372113,10.0,scale,0.24964012822424275,1290,1790,1890,1920
2026-05-25,77279.9296875,-0.01881724424932052,0,1,0.5002976184258324,0.4997023815741676,0.5002976184258324,10.0,scale,0.24964012822424275,1290,1790,1890,1920
2026-05-26,75825.734375,-0.019532039646005694,0,1,0.5005326860132834,0.4994673139867166,0.5005326860132834,10.0,scale,0.24964012822424275,1290,1790,1890,1920
2026-05-27,74344.703125,-0.010870289388891785,0,1,0.5006758817191599,0.4993241182808401,0.5006758817191599,10.0,scale,0.24964012822424275,1290,1790,1890,1920
2026-05-28,73536.5546875,-0.00223060831034394,0,1,0.5008138709100365,0.4991861290899635,0.5008138709100365,10.0,scale,0.24964012822424275,1290,1790,1890,1920
2026-05-29,73372.5234375,0.0052105676905831455,1,1,0.5003909656365279,0.49960903436347215,0.5003909656365279,10.0,scale,0.24964012822424275,1290,1790,1890,1920
2026-05-30,73754.8359375,-0.002374738351372918,0,0,0.49995623895233104,0.5000437610476689,0.5000437610476689,10.0,scale,0.24964012822424275,1290,1790,1890,1920
2026-05-31,73579.6875,-0.030713830668280595,0,1,0.5000724815070765,0.4999275184929235,0.5000724815070765,10.0,scale,0.24964012822424275,1290,1790,1890,1920
2026-06-01,71319.7734375,-0.06472422674681189,0,1,0.5004521814879147,0.4995478185120853,0.5004521814879147,10.0,scale,0.24964012822424275,1290,1790,1890,1920
2026-06-02,66703.65625,-0.04031696632071802,0,1,0.5013846939808863,0.49861530601911375,0.5013846939808863,10.0,scale,0.24964012822424275,1290,1790,1890,1920
2026-06-03,64014.3671875,-0.0033241439086123536,0,0,0.38628681042254154,0.6137131895774585,0.6137131895774585,0.1,scale,0.24956318976931702,1320,1820,1920,1950
2026-06-04,63801.57421875,-0.04512280904119048,0,0,0.3826251149204515,0.6173748850795485,0.6173748850795485,0.1,scale,0.24956318976931702,1320,1820,1920,1950
2026-06-05,60922.66796875,-0.0009069515189049637,0,0,0.3816360310774984,0.6183639689225016,0.6183639689225016,0.1,scale,0.24956318976931702,1320,1820,1920,1950
2026-06-06,60867.4140625,0.03897168140434348,1,0,0.3903434905250567,0.6096565094749433,0.6096565094749433,0.1,scale,0.24956318976931702,1320,1820,1920,1950
2026-06-07,63239.51953125,-0.0023550097882448773,0,0,0.4053926224365645,0.5946073775634355,0.5946073775634355,0.1,scale,0.24956318976931702,1320,1820,1920,1950
2026-06-08,63090.58984375,-0.022932240724538477,0,0,0.41450840544578593,0.5854915945542141,0.5854915945542141,0.1,scale,0.24956318976931702,1320,1820,1920,1950
2026-06-09,61643.78125,-0.0031550982687325035,0,0,0.4039906257663873,0.5960093742336128,0.5960093742336128,0.1,scale,0.24956318976931702,1320,1820,1920,1950
2026-06-10,61449.2890625,0.0343659895373587,1,0,0.41540371169694557,0.5845962883030544,0.5845962883030544,0.1,scale,0.24956318976931702,1320,1820,1920,1950
2026-06-11,63561.0546875,-0.000280918383714468,0,0,0.45033762493188667,0.5496623750681133,0.5496623750681133,0.1,scale,0.24956318976931702,1320,1820,1920,1950
2026-06-12,63543.19921875,0.013819338824553329,1,0,0.4569878771861584,0.5430121228138416,0.5430121228138416,0.1,scale,0.24956318976931702,1320,1820,1920,1950
2026-06-13,64421.32421875,0.020010054657876974,1,0,0.47291153292346455,0.5270884670765354,0.5270884670765354,0.1,scale,0.24956318976931702,1320,1820,1920,1950
2026-06-14,65710.3984375,0.00881293640382963,1,0,0.47253681852064505,0.5274631814793549,0.5274631814793549,0.1,scale,0.24956318976931702,1320,1820,1920,1950
2026-06-15,66289.5,-0.010391681563445165,0,0,0.47481111975379564,0.5251888802462044,0.5251888802462044,0.1,scale,0.24956318976931702,1320,1820,1920,1950
2026-06-16,65600.640625,-0.01802109402037566,0,0,0.49813779112353823,0.5018622088764617,0.5018622088764617,0.1,scale,0.24956318976931702,1320,1820,1920,1950
2026-06-17,64418.4453125,-0.0236263487711752,0,0,0.47962821517274024,0.5203717848272598,0.5203717848272598,0.1,scale,0.24956318976931702,1320,1820,1920,1950
2026-06-18,62896.47265625,0.010244823819797633,1,0,0.4536021675866021,0.5463978324133979,0.5463978324133979,0.1,scale,0.24956318976931702,1320,1820,1920,1950
2026-06-19,63540.8359375,0.01099827903487749,1,0,0.4887423848472271,0.5112576151527729,0.5112576151527729,0.1,scale,0.24956318976931702,1320,1820,1920,1950
2026-06-20,64239.67578125,-0.015599965388407244,0,1,0.5026532425774113,0.4973467574225887,0.5026532425774113,0.1,scale,0.24956318976931702,1320,1820,1920,1950
2026-06-21,63237.5390625,0.01129971875635083,1,0,0.4783969319481285,0.5216030680518715,0.5216030680518715,0.1,scale,0.24956318976931702,1320,1820,1920,1950
2026-06-22,63952.10546875,-0.02007886883610832,0,0,0.47211695903753925,0.5278830409624607,0.5278830409624607,0.1,scale,0.24956318976931702,1320,1820,1920,1950
2026-06-23,62668.01953125,-0.026694424544815853,0,0,0.47286772734046206,0.527132272659538,0.527132272659538,0.1,scale,0.24956318976931702,1320,1820,1920,1950
2026-06-24,60995.1328125,-0.02087801063020267,0,0,0.4426002401807196,0.5573997598192804,0.5573997598192804,0.1,scale,0.24956318976931702,1320,1820,1920,1950
2026-06-25,59721.67578125,0.004935459402204856,1,0,0.43231524122925286,0.5676847587707472,0.5676847587707472,0.1,scale,0.24956318976931702,1320,1820,1920,1950
2026-06-26,60016.4296875,-0.0012718522519159503,0,0,0.44776002953191385,0.5522399704680861,0.5522399704680861,0.1,scale,0.24956318976931702,1320,1820,1920,1950
2026-06-27,59940.09765625,-0.006802755224698642,0,0,0.4576399417637993,0.5423600582362007,0.5423600582362007,0.1,scale,0.24956318976931702,1320,1820,1920,1950
2026-06-28,59532.33984375,0.010179997360940662,1,0,0.4434597823560648,0.5565402176439351,0.5565402176439351,0.1,scale,0.24956318976931702,1320,1820,1920,1950
2026-06-29,60138.37890625,-0.026264750729518727,0,0,0.43553334759035883,0.5644666524096411,0.5644666524096411,0.1,scale,0.24956318976931702,1320,1820,1920,1950
2026-06-30,58558.859375,0.024674292718837698,1,0,0.43382587828402625,0.5661741217159737,0.5661741217159737,0.1,scale,0.24956318976931702,1320,1820,1920,1950
2026-07-01,60003.7578125,0.024690836420271145,1,0,0.4774814388112894,0.5225185611887107,0.5225185611887107,0.1,scale,0.24956318976931702,1320,1820,1920,1950
2026-07-02,61485.30078125,0.017221977026140145,1,1,0.5120351866165446,0.48796481338345543,0.5120351866165446,0.1,scale,0.24956318976931702,1320,1820,1920,1950
2026-07-03,62544.19921875,0.008699535297381988,1,1,0.5179054415081367,0.48209455849186333,0.5179054415081367,0.1,scale,0.24707869884491537,1350,1850,1950,1980
2026-07-04,63088.3046875,0.00728468021571449,1,1,0.5275051968244474,0.4724948031755526,0.5275051968244474,0.1,scale,0.24707869884491537,1350,1850,1950,1980
2026-07-05,63547.8828125,0.0070361559301554966,1,1,0.5330733803912505,0.4669266196087495,0.5330733803912505,0.1,scale,0.24707869884491537,1350,1850,1950,1980
2026-07-06,63995.015625,-0.010901178582999993,0,0,0.48477581556955374,0.5152241844304463,0.5152241844304463,0.1,scale,0.24707869884491537,1350,1850,1950,1980
2026-07-07,63297.39453125,-0.01642753734494773,0,1,0.5273609144635727,0.4726390855364273,0.5273609144635727,0.1,scale,0.24707869884491537,1350,1850,1950,1980
2026-07-08,62257.57421875,0.015027476262771566,1,1,0.5104171270804617,0.4895828729195383,0.5104171270804617,0.1,scale,0.24707869884491537,1350,1850,1950,1980
2026-07-09,63193.1484375,0.014779959704393386,1,1,0.5241939219442877,0.4758060780557123,0.5241939219442877,0.1,scale,0.24707869884491537,1350,1850,1950,1980
2026-07-10,64127.140625,-0.005069823448876076,0,1,0.5306481905508474,0.46935180944915256,0.5306481905508474,0.1,scale,0.24707869884491537,1350,1850,1950,1980
2026-07-11,63802.02734375,-0.0006866332556169086,0,1,0.5238265253765299,0.47617347462347015,0.5238265253765299,0.1,scale,0.24707869884491537,1350,1850,1950,1980
2026-07-12,63758.21875,-0.023825911169295333,0,1,0.5099891572287597,0.4900108427712403,0.5099891572287597,0.1,scale,0.24707869884491537,1350,1850,1950,1980
2026-07-13,62239.12109375,0.043654089899621606,1,0,0.44802149853768747,0.5519785014623125,0.5519785014623125,0.1,scale,0.24707869884491537,1350,1850,1950,1980
2026-07-14,64956.11328125,-0.0037523532264722714,0,1,0.545783634884738,0.454216365115262,0.545783634884738,0.1,scale,0.24707869884491537,1350,1850,1950,1980
2026-07-15,64712.375,-0.014264562998962727,0,1,0.5493959803183723,0.45060401968162767,0.5493959803183723,0.1,scale,0.24707869884491537,1350,1850,1950,1980
2026-07-16,63789.28125,0.0017272445360874134,1,1,0.5345434712973123,0.4654565287026877,0.5345434712973123,0.1,scale,0.24707869884491537,1350,1850,1950,1980
2026-07-17,63899.4609375,0.014039877830542169,1,1,0.5329331219195879,0.46706687808041214,0.5329331219195879,0.1,scale,0.24707869884491537,1350,1850,1950,1980
2026-07-18,64796.6015625,-0.0016327534538667088,0,1,0.5519266037157873,0.4480733962842127,0.5519266037157873,0.1,scale,0.24707869884491537,1350,1850,1950,1980
2026-07-19,64690.8046875,0.008335383349377112,1,1,0.544498862122071,0.455501137877929,0.544498862122071,0.1,scale,0.24707869884491537,1350,1850,1950,1980
2026-07-20,65230.02734375,0.019547709976119876,1,0,0.48698525076941973,0.5130147492305803,0.5130147492305803,0.1,scale,0.24707869884491537,1350,1850,1950,1980
2026-07-21,66505.125,-0.0060796536357160536,0,1,0.5453253451260346,0.4546746548739654,0.5453253451260346,0.1,scale,0.24707869884491537,1350,1850,1950,1980
2026-07-22,66100.796875,-0.01597536527429344,0,1,0.5359696527008126,0.46403034729918735,0.5359696527008126,0.1,scale,0.24707869884491537,1350,1850,1950,1980
2026-07-23,65044.8125,-0.01454868374399576,0,1,0.5256870323424364,0.4743129676575636,0.5256870323424364,0.1,scale,0.24707869884491537,1350,1850,1950,1980
2026-07-24,64098.49609375,0.003327947132145015,1,0,0.4969667611016504,0.5030332388983496,0.5030332388983496,0.1,scale,0.24707869884491537,1350,1850,1950,1980
2026-07-25,64311.8125,0.0159922142024842,1,1,0.5130121511616348,0.4869878488383652,0.5130121511616348,0.1,scale,0.24707869884491537,1350,1850,1950,1980
2026-07-26,65340.30078125,-0.024722909512739144,0,1,0.5372854576264082,0.4627145423735918,0.5372854576264082,0.1,scale,0.24707869884491537,1350,1850,1950,1980
2026-07-27,63724.8984375,0.0022983927372384194,1,0,0.4601156583662915,0.5398843416337085,0.5398843416337085,0.1,scale,0.24707869884491537,1350,1850,1950,1980
2026-07-28,63871.36328125,0.0005762314378343625,1,1,0.5008337014263441,0.4991662985736559,0.5008337014263441,0.1,scale,0.24707869884491537,1350,1850,1950,1980
2026-07-29,63908.16796875,0.012786168825862365,1,0,0.49407943816538924,0.5059205618346108,0.5059205618346108,0.1,scale,0.24707869884491537,1350,1850,1950,1980
2026-07-30,64725.30859375,-0.02953346289931147,0,1,0.5313492668955844,0.46865073310441563,0.5313492668955844,0.1,scale,0.24707869884491537,1350,1850,1950,1980
2026-07-31,62813.74609375,-0.0008027825816142586,0,0,0.47713290928802354,0.5228670907119765,0.5228670907119765,0.1,scale,0.24707869884491537,1350,1850,1950,1980
2026-08-01,62763.3203125,0.011450632055819865,1,0,0.49777931823346727,0.5022206817665327,0.5022206817665327,0.1,scale,0.24707869884491537,1350,1850,1950,1980
2026-08-02,63482.0,-0.0003324022951387562,0,1,0.5009425489421712,0.49905745105782884,0.5009425489421712,0.1,scale,0.2468371563089955,1380,1880,1980,2010
2026-08-03,63460.8984375,0.009376713884472476,1,0,0.48733099307926087,0.5126690069207391,0.5126690069207391,0.1,scale,0.2468371563089955,1380,1880,1980,2010
2026-08-04,64055.953125,0.008454278620180888,1,1,0.5132661486548099,0.4867338513451901,0.5132661486548099,0.1,scale,0.2468371563089955,1380,1880,1980,2010
2026-08-05,64597.5,-0.005191945798986075,0,1,0.5214418068442652,0.4785581931557348,0.5214418068442652,0.1,scale,0.2468371563089955,1380,1880,1980,2010
2026-08-06,64262.11328125,0.009618079665306256,1,1,0.5157907766312818,0.4842092233687182,0.5157907766312818,0.1,scale,0.2468371563089955,1380,1880,1980,2010
2026-08-07,64880.19140625,0.0003775589007839475,1,1,0.5161151060095813,0.4838848939904187,0.5161151060095813,0.1,scale,0.2468371563089955,1380,1880,1980,2010
2026-08-08,64904.6875,-0.0009213630564047781,0,1,0.5142201982189473,0.48577980178105273,0.5142201982189473,0.1,scale,0.2468371563089955,1380,1880,1980,2010
2026-08-09,64844.88671875,-0.014408241397696031,0,1,0.5075286077967492,0.49247139220325076,0.5075286077967492,0.1,scale,0.2468371563089955,1380,1880,1980,2010
2026-08-10,63910.5859375,-0.005612699871830218,0,0,0.47720418862673447,0.5227958113732656,0.5227958113732656,0.1,scale,0.2468371563089955,1380,1880,1980,2010
2026-08-11,63551.875,-0.0023514869742238265,0,0,0.4913644434433699,0.5086355565566301,0.5086355565566301,0.1,scale,0.2468371563089955,1380,1880,1980,2010
2026-08-12,63402.43359375,-4.127897545336268e-06,0,0,0.48472984307953976,0.5152701569204603,0.5152701569204603,0.1,scale,0.2468371563089955,1380,1880,1980,2010
2026-08-13,63402.171875,-0.006728131109467572,0,0,0.48493438337553835,0.5150656166244616,0.5150656166244616,0.1,scale,0.2468371563089955,1380,1880,1980,2010
2026-08-14,62975.59375,0.0007737372464233783,1,0,0.4790791529923338,0.5209208470076663,0.5209208470076663,0.1,scale,0.2468371563089955,1380,1880,1980,2010
2026-08-15,63024.3203125,-0.0032633111746420695,0,0,0.48264103114965734,0.5173589688503426,0.5173589688503426,0.1,scale,0.2468371563089955,1380,1880,1980,2010
2026-08-16,62818.65234375,0.02686465722418352,1,0,0.476495004313322,0.523504995686678,0.523504995686678,0.1,scale,0.2468371563089955,1380,1880,1980,2010
2026-08-17,64506.25390625,0.002704497946874218,1,0,0.46398204144878785,0.5360179585512121,0.5360179585512121,0.1,scale,0.2468371563089955,1380,1880,1980,2010
2026-08-18,64680.7109375,0.07089403465170441,1,1,0.5148580674697276,0.4851419325302724,0.5148580674697276,0.1,scale,0.2468371563089955,1380,1880,1980,2010
2026-08-19,69266.1875,0.054378195891032766,1,0,0.452148237930469,0.547851762069531,0.547851762069531,0.1,scale,0.2468371563089955,1380,1880,1980,2010
2026-08-20,73032.7578125,0.0726034432536855,1,0,0.4757840343138373,0.5242159656861627,0.5242159656861627,0.1,scale,0.2468371563089955,1380,1880,1980,2010
2026-08-21,78335.1875,-0.01597970819307737,0,0,0.45158608194079775,0.5484139180592023,0.5484139180592023,0.1,scale,0.2468371563089955,1380,1880,1980,2010
2026-08-22,77083.4140625,0.008715903034020478,1,0,0.4589541463363983,0.5410458536636017,0.5410458536636017,0.1,scale,0.2468371563089955,1380,1880,1980,2010
2026-08-23,77755.265625,0.01555159949979279,1,0,0.481786277105184,0.518213722894816,0.518213722894816,0.1,scale,0.2468371563089955,1380,1880,1980,2010
2026-08-24,78964.484375,-0.005059335417207933,0,0,0.4719979947056119,0.5280020052943881,0.5280020052943881,0.1,scale,0.2468371563089955,1380,1880,1980,2010
2026-08-25,78564.9765625,0.005886150963618109,1,0,0.476621506095379,0.523378493904621,0.523378493904621,0.1,scale,0.2468371563089955,1380,1880,1980,2010
2026-08-26,79027.421875,0.015565700592456544,1,0,0.4859124624459043,0.5140875375540956,0.5140875375540956,0.1,scale,0.2468371563089955,1380,1880,1980,2010
2026-08-27,80257.5390625,-0.030243264724449048,0,0,0.48916364625089653,0.5108363537491034,0.5108363537491034,0.1,scale,0.2468371563089955,1380,1880,1980,2010
2026-08-28,77830.2890625,0.005338839705019138,1,0,0.45487157205790796,0.545128427942092,0.545128427942092,0.1,scale,0.2468371563089955,1380,1880,1980,2010
2026-08-29,78245.8125,-0.007390071992670499,0,0,0.4730044218071031,0.5269955781928969,0.5269955781928969,0.1,scale,0.2468371563089955,1380,1880,1980,2010
2026-08-30,77667.5703125,0.011344020373690089,1,0,0.4574809946169706,0.5425190053830293,0.5425190053830293,0.1,scale,0.2468371563089955,1380,1880,1980,2010
2026-08-31,78548.6328125,-0.014577055914304693,0,0,0.4727633274935038,0.5272366725064962,0.5272366725064962,0.1,scale,0.2468371563089955,1380,1880,1980,2010
