timestamp,close,future_return_1d,y_true,prediction,prob_positive,prob_negative,confidence,selected_C,selected_gamma,validation_brier,fold_start,train_end,validation_end,test_end
2022-10-22,19208.189453125,0.018680488353712166,1,1,0.5285773999891628,0.47142260001083724,0.5285773999891628,1.0,0.01,0.24696928585936107,0,500,600,630
2022-10-23,19567.0078125,-0.011316781236911488,0,0,0.4885829103235134,0.5114170896764866,0.5114170896764866,1.0,0.01,0.24696928585936107,0,500,600,630
2022-10-24,19345.572265625,0.03878330120960949,1,0,0.4780568876384271,0.521943112361573,0.521943112361573,1.0,0.01,0.24696928585936107,0,500,600,630
2022-10-25,20095.857421875,0.03356831063305088,1,0,0.4818470378829307,0.5181529621170693,0.5181529621170693,1.0,0.01,0.24696928585936107,0,500,600,630
2022-10-26,20770.44140625,-0.0233314959115013,0,1,0.5051232650831,0.4948767349169,0.5051232650831,1.0,0.01,0.24696928585936107,0,500,600,630
2022-10-27,20285.8359375,0.015257721000682789,1,0,0.4998832337948035,0.5001167662051965,0.5001167662051965,1.0,0.01,0.24696928585936107,0,500,600,630
2022-10-28,20595.3515625,0.01083375534148523,1,1,0.5129353357332124,0.48706466426678763,0.5129353357332124,1.0,0.01,0.24696928585936107,0,500,600,630
2022-10-29,20818.4765625,-0.008784170461560437,0,1,0.5070414892077673,0.49295851079223274,0.5070414892077673,1.0,0.01,0.24696928585936107,0,500,600,630
2022-10-30,20635.603515625,-0.006776156462742766,0,1,0.5073017702577802,0.4926982297422198,0.5073017702577802,1.0,0.01,0.24696928585936107,0,500,600,630
2022-10-31,20495.7734375,-0.0005123007449325812,0,0,0.45686237070370367,0.5431376292962964,0.5431376292962964,1.0,0.01,0.24696928585936107,0,500,600,630
2022-11-01,20485.2734375,-0.015902620594443806,0,1,0.5021387615268822,0.4978612384731178,0.5021387615268822,1.0,0.01,0.24696928585936107,0,500,600,630
2022-11-02,20159.50390625,0.0025042468919260763,1,0,0.4622612890759153,0.5377387109240848,0.5377387109240848,1.0,0.01,0.24696928585936107,0,500,600,630
2022-11-03,20209.98828125,0.0463751969796804,1,1,0.5132306278230144,0.48676937217698557,0.5132306278230144,1.0,0.01,0.24696928585936107,0,500,600,630
2022-11-04,21147.23046875,0.006405611254872046,1,0,0.4869006580306273,0.5130993419693727,0.5130993419693727,1.0,0.01,0.24696928585936107,0,500,600,630
2022-11-05,21282.69140625,-0.01673684363155281,0,1,0.5330519477376264,0.46694805226237357,0.5330519477376264,1.0,0.01,0.24696928585936107,0,500,600,630
2022-11-06,20926.486328125,-0.015466997985227438,0,0,0.4982811941759675,0.5017188058240325,0.5017188058240325,1.0,0.01,0.24696928585936107,0,500,600,630
2022-11-07,20602.81640625,-0.10006131594948431,0,0,0.4463458716640023,0.5536541283359977,0.5536541283359977,1.0,0.01,0.24696928585936107,0,500,600,630
2022-11-08,18541.271484375,-0.14349022466876316,0,0,0.33380076601055914,0.6661992339894409,0.6661992339894409,1.0,0.01,0.24696928585936107,0,500,600,630
2022-11-09,15880.7802734375,0.10742489862358795,1,0,0.3183793466109588,0.6816206533890412,0.6816206533890412,1.0,0.01,0.24696928585936107,0,500,600,630
2022-11-10,17586.771484375,-0.03141443647663533,0,0,0.4196321944526329,0.5803678055473671,0.5803678055473671,1.0,0.01,0.24696928585936107,0,500,600,630
2022-11-11,17034.29296875,-0.013802006476365758,0,0,0.3723214218176219,0.6276785781823782,0.6276785781823782,1.0,0.01,0.24696928585936107,0,500,600,630
2022-11-12,16799.185546875,-0.026538209918333333,0,0,0.4184131201202514,0.5815868798797486,0.5815868798797486,1.0,0.01,0.24696928585936107,0,500,600,630
2022-11-13,16353.365234375,0.016194463988263186,1,0,0.3695747353147105,0.6304252646852895,0.6304252646852895,1.0,0.01,0.24696928585936107,0,500,600,630
2022-11-14,16618.19921875,0.016031463998783302,1,0,0.37112693243652245,0.6288730675634775,0.6288730675634775,1.0,0.01,0.24696928585936107,0,500,600,630
2022-11-15,16884.61328125,-0.0127437818409466,0,0,0.4244668368987549,0.575533163101245,0.575533163101245,1.0,0.01,0.24696928585936107,0,500,600,630
2022-11-16,16669.439453125,0.0010845070736082985,1,0,0.3779956394302076,0.6220043605697925,0.6220043605697925,1.0,0.01,0.24696928585936107,0,500,600,630
2022-11-17,16687.517578125,0.0006148167681003791,1,0,0.3914508994818765,0.6085491005181235,0.6085491005181235,1.0,0.01,0.24696928585936107,0,500,600,630
2022-11-18,16697.77734375,0.0008246325823211276,1,0,0.37752748032635486,0.6224725196736451,0.6224725196736451,1.0,0.01,0.24696928585936107,0,500,600,630
2022-11-19,16711.546875,-0.025115259939095247,0,0,0.3997160860839662,0.6002839139160339,0.6002839139160339,1.0,0.01,0.24696928585936107,0,500,600,630
2022-11-20,16291.83203125,-0.030969374751391165,0,0,0.3391489735141086,0.6608510264858913,0.6608510264858913,1.0,0.01,0.24696928585936107,0,500,600,630
2022-11-21,15787.2841796875,0.025494274188105903,1,0,0.48078612559460493,0.5192138744053951,0.5192138744053951,1.0,0.01,0.25121042857591797,30,530,630,660
2022-11-22,16189.76953125,0.02600021570334854,1,0,0.44173323870005576,0.5582667612999442,0.5582667612999442,1.0,0.01,0.25121042857591797,30,530,630,660
2022-11-23,16610.70703125,-0.0003757930043709612,0,0,0.43664798981962033,0.5633520101803797,0.5633520101803797,1.0,0.01,0.25121042857591797,30,530,630,660
2022-11-24,16604.46484375,-0.004975953615638518,0,0,0.4336555292511973,0.5663444707488027,0.5663444707488027,1.0,0.01,0.25121042857591797,30,530,630,660
2022-11-25,16521.841796875,-0.0034839061881034583,0,0,0.43336356593497743,0.5666364340650225,0.5666364340650225,1.0,0.01,0.25121042857591797,30,530,630,660
2022-11-26,16464.28125,-0.0011937537130568554,0,0,0.4411793303264518,0.5588206696735483,0.5588206696735483,1.0,0.01,0.25121042857591797,30,530,630,660
2022-11-27,16444.626953125,-0.013822428939733733,0,0,0.4437426163363897,0.5562573836636103,0.5562573836636103,1.0,0.01,0.25121042857591797,30,530,630,660
2022-11-28,16217.322265625,0.014038085481754337,1,0,0.45467413099602255,0.5453258690039775,0.5453258690039775,1.0,0.01,0.25121042857591797,30,530,630,660
2022-11-29,16444.982421875,0.044000289316970864,1,0,0.43354643985861874,0.5664535601413813,0.5664535601413813,1.0,0.01,0.25121042857591797,30,530,630,660
2022-11-30,17168.56640625,-0.011732697360023692,0,0,0.4331419914946808,0.5668580085053192,0.5668580085053192,1.0,0.01,0.25121042857591797,30,530,630,660
2022-12-01,16967.1328125,0.007162515027905547,1,0,0.4303242685768677,0.5696757314231323,0.5696757314231323,1.0,0.01,0.25121042857591797,30,530,630,660
2022-12-02,17088.66015625,-0.010558102652595158,0,0,0.4291129565675717,0.5708870434324282,0.5708870434324282,1.0,0.01,0.25121042857591797,30,530,630,660
2022-12-03,16908.236328125,0.013144481522908036,1,0,0.43630396688940204,0.563696033110598,0.563696033110598,1.0,0.01,0.25121042857591797,30,530,630,660
2022-12-04,17130.486328125,-0.00908673304822849,0,0,0.43390141856995174,0.5660985814300483,0.5660985814300483,1.0,0.01,0.25121042857591797,30,530,630,660
2022-12-05,16974.826171875,0.006755753090715411,1,0,0.44643149437046803,0.553568505629532,0.553568505629532,1.0,0.01,0.25121042857591797,30,530,630,660
2022-12-06,17089.50390625,-0.01412428087141393,0,0,0.43116682515714777,0.5688331748428522,0.5688331748428522,1.0,0.01,0.25121042857591797,30,530,630,660
2022-12-07,16848.126953125,0.022871839541696026,1,0,0.43863443107062355,0.5613655689293764,0.5613655689293764,1.0,0.01,0.25121042857591797,30,530,630,660
2022-12-08,17233.474609375,-0.005821360340788395,0,0,0.42792461714269286,0.5720753828573071,0.5720753828573071,1.0,0.01,0.25121042857591797,30,530,630,660
2022-12-09,17133.15234375,-0.00025843080632004245,0,0,0.42372321606320307,0.5762767839367969,0.5762767839367969,1.0,0.01,0.25121042857591797,30,530,630,660
2022-12-10,17128.724609375,-0.0014321702613265819,0,0,0.4072462347767925,0.5927537652232076,0.5927537652232076,1.0,0.01,0.25121042857591797,30,530,630,660
2022-12-11,17104.193359375,0.005977723618808328,1,0,0.41995477358823846,0.5800452264117615,0.5800452264117615,1.0,0.01,0.25121042857591797,30,530,630,660
2022-12-12,17206.4375,0.033410801008343594,1,0,0.4253300325945469,0.5746699674054532,0.5746699674054532,1.0,0.01,0.25121042857591797,30,530,630,660
2022-12-13,17781.318359375,0.0019307922256450727,1,0,0.4188104974774069,0.581189502522593,0.581189502522593,1.0,0.01,0.25121042857591797,30,530,630,660
2022-12-14,17815.650390625,-0.02530276169357326,0,0,0.4115453743916951,0.588454625608305,0.588454625608305,1.0,0.01,0.25121042857591797,30,530,630,660
2022-12-15,17364.865234375,-0.04131220425223303,0,0,0.41663303159923754,0.5833669684007625,0.5833669684007625,1.0,0.01,0.25121042857591797,30,530,630,660
2022-12-16,16647.484375,0.008866650272798315,1,0,0.4422832491968416,0.5577167508031584,0.5577167508031584,1.0,0.01,0.25121042857591797,30,530,630,660
2022-12-17,16795.091796875,-0.0022098857704312413,0,0,0.41839665353254696,0.581603346467453,0.581603346467453,1.0,0.01,0.25121042857591797,30,530,630,660
2022-12-18,16757.9765625,-0.01899375344110854,0,0,0.4230438512707925,0.5769561487292074,0.5769561487292074,1.0,0.01,0.25121042857591797,30,530,630,660
2022-12-19,16439.6796875,0.028384068842582266,1,0,0.45024463731441045,0.5497553626855896,0.5497553626855896,1.0,0.01,0.25121042857591797,30,530,630,660
2022-12-20,16906.3046875,-0.005250676176186131,0,0,0.42958461233635287,0.5704153876636471,0.5704153876636471,1.0,0.01,0.25121042857591797,30,530,630,660
2022-12-21,16817.53515625,0.0007615052090579333,1,0,0.36826968799137877,0.6317303120086213,0.6317303120086213,0.1,scale,0.2479849423738961,60,560,660,690
2022-12-22,16830.341796875,-0.001983838015767403,0,0,0.3756434005587983,0.6243565994412017,0.6243565994412017,0.1,scale,0.2479849423738961,60,560,660,690
2022-12-23,16796.953125,0.003024520816182319,1,0,0.3682427100163008,0.6317572899836992,0.6317572899836992,0.1,scale,0.2479849423738961,60,560,660,690
2022-12-24,16847.755859375,-0.000342451024228807,0,0,0.37367621619635893,0.6263237838036411,0.6263237838036411,0.1,scale,0.2479849423738961,60,560,660,690
2022-12-25,16841.986328125,0.004620497716771643,1,0,0.384530374658633,0.615469625341367,0.615469625341367,0.1,scale,0.2479849423738961,60,560,660,690
2022-12-26,16919.8046875,-0.011975957353969946,0,0,0.37386943423089364,0.6261305657691063,0.6261305657691063,0.1,scale,0.2479849423738961,60,560,660,690
2022-12-27,16717.173828125,-0.009846255365429935,0,0,0.44211343833162586,0.5578865616683741,0.5578865616683741,0.1,scale,0.2479849423738961,60,560,660,690
2022-12-28,16552.572265625,0.0054232979508825885,1,0,0.42761797904721766,0.5723820209527823,0.5723820209527823,0.1,scale,0.2479849423738961,60,560,660,690
2022-12-29,16642.341796875,-0.002388838052975517,0,0,0.4011916533822979,0.5988083466177021,0.5988083466177021,0.1,scale,0.2479849423738961,60,560,660,690
2022-12-30,16602.5859375,-0.0033181483870876605,0,0,0.4118831320842471,0.5881168679157529,0.5881168679157529,0.1,scale,0.2479849423738961,60,560,660,690
2022-12-31,16547.49609375,0.0046885633896178724,1,0,0.4136389699533844,0.5863610300466156,0.5863610300466156,0.1,scale,0.2479849423738961,60,560,660,690
2023-01-01,16625.080078125,0.0038129515588565255,1,0,0.4059796228925952,0.5940203771074049,0.5940203771074049,0.1,scale,0.2479849423738961,60,560,660,690
2023-01-02,16688.470703125,-0.000516121662866742,0,0,0.42778523437400884,0.5722147656259912,0.5722147656259912,0.1,scale,0.2479849423738961,60,560,660,690
2023-01-03,16679.857421875,0.010994150293785143,1,0,0.43500639844514577,0.5649936015548542,0.5649936015548542,0.1,scale,0.2479849423738961,60,560,660,690
2023-01-04,16863.23828125,-0.0015715814888571655,0,0,0.43832481112981087,0.5616751888701892,0.5616751888701892,0.1,scale,0.2479849423738961,60,560,660,690
2023-01-05,16836.736328125,0.006844106816741524,1,0,0.42507686428772185,0.5749231357122782,0.5749231357122782,0.1,scale,0.2479849423738961,60,560,660,690
2023-01-06,16951.96875,0.00018342264818071996,1,0,0.42532306136413445,0.5746769386358656,0.5746769386358656,0.1,scale,0.2479849423738961,60,560,660,690
2023-01-07,16955.078125,0.008025112314249405,1,0,0.4410034146362519,0.5589965853637481,0.5589965853637481,0.1,scale,0.2479849423738961,60,560,660,690
2023-01-08,17091.14453125,0.006167530562816603,1,0,0.43649891981867367,0.5635010801813263,0.5635010801813263,0.1,scale,0.2479849423738961,60,560,660,690
2023-01-09,17196.5546875,0.014522576515372032,1,0,0.48833978211961215,0.5116602178803878,0.5116602178803878,0.1,scale,0.2479849423738961,60,560,660,690
2023-01-10,17446.29296875,0.02800615102017323,1,0,0.4519963672513988,0.5480036327486012,0.5480036327486012,0.1,scale,0.2479849423738961,60,560,660,690
2023-01-11,17934.896484375,0.052115795988246116,1,0,0.47274362867478703,0.527256371325213,0.527256371325213,0.1,scale,0.2479849423738961,60,560,660,690
2023-01-12,18869.587890625,0.05511441660269112,1,1,0.5164612552056953,0.4835387447943047,0.5164612552056953,0.1,scale,0.2479849423738961,60,560,660,690
2023-01-13,19909.57421875,0.05357847423830919,1,1,0.5077862110566095,0.4922137889433905,0.5077862110566095,0.1,scale,0.2479849423738961,60,560,660,690
2023-01-14,20976.298828125,-0.004552757413617381,0,1,0.5166520135720121,0.48334798642798793,0.5166520135720121,0.1,scale,0.2479849423738961,60,560,660,690
2023-01-15,20880.798828125,0.013832516023570829,1,1,0.5094057785566891,0.4905942214433109,0.5094057785566891,0.1,scale,0.2479849423738961,60,560,660,690
2023-01-16,21169.6328125,-0.00038325091993141047,0,0,0.4885576522716435,0.5114423477283565,0.5114423477283565,0.1,scale,0.2479849423738961,60,560,660,690
2023-01-17,21161.51953125,-0.022339524368838015,0,0,0.4641607566066333,0.5358392433933667,0.5358392433933667,0.1,scale,0.2479849423738961,60,560,660,690
2023-01-18,20688.78125,0.019238045679950355,1,0,0.4368039451125064,0.5631960548874936,0.5631960548874936,0.1,scale,0.2479849423738961,60,560,660,690
2023-01-19,21086.79296875,0.07539125404137925,1,0,0.42897595269011124,0.5710240473098888,0.5710240473098888,0.1,scale,0.2479849423738961,60,560,660,690
2023-01-20,22676.552734375,0.004457126566322689,1,1,0.5135801849953792,0.48641981500462084,0.5135801849953792,0.1,scale,0.2528846288093106,90,590,690,720
2023-01-21,22777.625,-0.002511630794474806,0,1,0.5066597847662164,0.4933402152337836,0.5066597847662164,0.1,scale,0.2528846288093106,90,590,690,720
2023-01-22,22720.416015625,0.009419529327844067,1,0,0.4996446945002967,0.5003553054997033,0.5003553054997033,0.1,scale,0.2528846288093106,90,590,690,720
2023-01-23,22934.431640625,-0.012991945703908492,0,0,0.4867856244024754,0.5132143755975246,0.5132143755975246,0.1,scale,0.2528846288093106,90,590,690,720
2023-01-24,22636.46875,0.021266153759075257,1,0,0.47759121809508515,0.5224087819049148,0.5224087819049148,0.1,scale,0.2528846288093106,90,590,690,720
2023-01-25,23117.859375,-0.003680359408276712,0,0,0.48108152052492736,0.5189184794750726,0.5189184794750726,0.1,scale,0.2528846288093106,90,590,690,720
2023-01-26,23032.77734375,0.0019950339114214177,1,0,0.4719247203841911,0.5280752796158089,0.5280752796158089,0.1,scale,0.2528846288093106,90,590,690,720
2023-01-27,23078.728515625,-0.0020641809553220147,0,0,0.4779618616174245,0.5220381383825755,0.5220381383825755,0.1,scale,0.2528846288093106,90,590,690,720
2023-01-28,23031.08984375,0.03228143207915801,1,0,0.4825960113618911,0.5174039886381089,0.5174039886381089,0.1,scale,0.2528846288093106,90,590,690,720
2023-01-29,23774.56640625,-0.03930367092328346,0,1,0.5216511500648064,0.47834884993519355,0.5216511500648064,0.1,scale,0.2528846288093106,90,590,690,720
2023-01-30,22840.138671875,0.013097316769725253,1,0,0.46244925157328987,0.5375507484267101,0.5375507484267101,0.1,scale,0.2528846288093106,90,590,690,720
2023-01-31,23139.283203125,0.025259482888651652,1,0,0.4409741678765976,0.5590258321234024,0.5590258321234024,0.1,scale,0.2528846288093106,90,590,690,720
2023-02-01,23723.76953125,-0.01061797692681965,0,0,0.45979965229732345,0.5402003477026766,0.5402003477026766,0.1,scale,0.2528846288093106,90,590,690,720
2023-02-02,23471.87109375,-0.0009606745041729203,0,0,0.45497898653981644,0.5450210134601836,0.5450210134601836,0.1,scale,0.2528846288093106,90,590,690,720
2023-02-03,23449.322265625,-0.005009723012217249,0,0,0.442729749338432,0.557270250661568,0.557270250661568,0.1,scale,0.2528846288093106,90,590,690,720
2023-02-04,23331.84765625,-0.01612309690031044,0,0,0.45034855392361445,0.5496514460763855,0.5496514460763855,0.1,scale,0.2528846288093106,90,590,690,720
2023-02-05,22955.666015625,-0.008518883333286542,0,0,0.46664947478227287,0.5333505252177271,0.5333505252177271,0.1,scale,0.2528846288093106,90,590,690,720
2023-02-06,22760.109375,0.022151986720186922,1,0,0.4637283907092959,0.536271609290704,0.536271609290704,0.1,scale,0.2528846288093106,90,590,690,720
2023-02-07,23264.291015625,-0.013965290320121615,0,0,0.4462488889961462,0.5537511110038538,0.5537511110038538,0.1,scale,0.2528846288093106,90,590,690,720
2023-02-08,22939.3984375,-0.04883996317743455,0,0,0.44791286401380775,0.5520871359861923,0.5520871359861923,0.1,scale,0.2528846288093106,90,590,690,720
2023-02-09,21819.0390625,-0.007693073387383564,0,1,0.5291611464506369,0.47083885354936306,0.5291611464506369,0.1,scale,0.2528846288093106,90,590,690,720
2023-02-10,21651.18359375,0.010146854341645195,1,0,0.4936156706752692,0.5063843293247308,0.5063843293247308,0.1,scale,0.2528846288093106,90,590,690,720
2023-02-11,21870.875,-0.003779998514005456,0,0,0.4616689629814209,0.5383310370185791,0.5383310370185791,0.1,scale,0.2528846288093106,90,590,690,720
2023-02-12,21788.203125,0.0009132665684197239,1,0,0.474687776328978,0.5253122236710219,0.5253122236710219,0.1,scale,0.2528846288093106,90,590,690,720
2023-02-13,21808.1015625,0.018924303145655852,1,0,0.48077461621956435,0.5192253837804357,0.5192253837804357,0.1,scale,0.2528846288093106,90,590,690,720
2023-02-14,22220.8046875,0.09392266116037784,1,0,0.4485911615088328,0.5514088384911672,0.5514088384911672,0.1,scale,0.2528846288093106,90,590,690,720
2023-02-15,24307.841796875,-0.028154173176657027,0,1,0.5095634226055279,0.4904365773944721,0.5095634226055279,0.1,scale,0.2528846288093106,90,590,690,720
2023-02-16,23623.474609375,0.03988096453648349,1,0,0.47364966299156525,0.5263503370084348,0.5263503370084348,0.1,scale,0.2528846288093106,90,590,690,720
2023-02-17,24565.6015625,0.0030805588480080637,1,0,0.4821289861481299,0.5178710138518701,0.5178710138518701,0.1,scale,0.2528846288093106,90,590,690,720
2023-02-18,24641.27734375,-0.012728023845912761,0,0,0.45931649697357946,0.5406835030264205,0.5406835030264205,0.1,scale,0.2528846288093106,90,590,690,720
2023-02-19,24327.642578125,0.020614650916729094,1,0,0.46691424487429073,0.5330857551257093,0.5330857551257093,0.1,scale,0.2529094553752427,120,620,720,750
2023-02-20,24829.1484375,-0.01581991113645098,0,0,0.4563259936849107,0.5436740063150893,0.5436740063150893,0.1,scale,0.2529094553752427,120,620,720,750
2023-02-21,24436.353515625,-0.01012875204423358,0,0,0.451859907613895,0.5481400923861051,0.5481400923861051,0.1,scale,0.2529094553752427,120,620,720,750
2023-02-22,24188.84375,-0.00997780485063493,0,0,0.4323157815413107,0.5676842184586893,0.5676842184586893,0.1,scale,0.2529094553752427,120,620,720,750
2023-02-23,23947.4921875,-0.03129201289670536,0,0,0.4436208819999655,0.5563791180000345,0.5563791180000345,0.1,scale,0.2529094553752427,120,620,720,750
2023-02-24,23198.126953125,-0.0009807668166905703,0,0,0.4761387243169046,0.5238612756830954,0.5238612756830954,0.1,scale,0.2529094553752427,120,620,720,750
2023-02-25,23175.375,0.016648614774302573,1,0,0.4621266509395139,0.5378733490604861,0.5378733490604861,0.1,scale,0.2529094553752427,120,620,720,750
2023-02-26,23561.212890625,-0.0016273269569350157,0,0,0.44204101156392106,0.5579589884360789,0.5579589884360789,0.1,scale,0.2529094553752427,120,620,720,750
2023-02-27,23522.87109375,-0.01596393470118429,0,0,0.46712202845208484,0.5328779715479152,0.5328779715479152,0.1,scale,0.2529094553752427,120,620,720,750
2023-02-28,23147.353515625,0.02156606219747892,1,0,0.44562711600802735,0.5543728839919726,0.5543728839919726,0.1,scale,0.2529094553752427,120,620,720,750
2023-03-01,23646.55078125,-0.007235050302163204,0,0,0.44854273154760216,0.5514572684523978,0.5514572684523978,0.1,scale,0.2529094553752427,120,620,720,750
2023-03-02,23475.466796875,-0.047402129167592566,0,0,0.43306541543237115,0.5669345845676288,0.5669345845676288,0.1,scale,0.2529094553752427,120,620,720,750
2023-03-03,22362.6796875,-0.0004172164631153219,0,1,0.531385957331628,0.46861404266837203,0.531385957331628,0.1,scale,0.2529094553752427,120,620,720,750
2023-03-04,22353.349609375,0.0036756935285233716,1,0,0.4916480228939838,0.5083519771060162,0.5083519771060162,0.1,scale,0.2529094553752427,120,620,720,750
2023-03-05,22435.513671875,-0.00025655126328649747,0,0,0.4957912482296497,0.5042087517703503,0.5042087517703503,0.1,scale,0.2529094553752427,120,620,720,750
2023-03-06,22429.7578125,-0.00936203961743065,0,1,0.5094996745542766,0.4905003254457234,0.5094996745542766,0.1,scale,0.2529094553752427,120,620,720,750
2023-03-07,22219.76953125,-0.022578517406286358,0,1,0.5134141023891827,0.4865858976108173,0.5134141023891827,0.1,scale,0.2529094553752427,120,620,720,750
2023-03-08,21718.080078125,-0.06239311158608585,0,1,0.5160564002235575,0.4839435997764425,0.5160564002235575,0.1,scale,0.2529094553752427,120,620,720,750
2023-03-09,20363.021484375,-0.008632183779056501,0,1,0.614304215145148,0.385695784854852,0.614304215145148,0.1,scale,0.2529094553752427,120,620,720,750
2023-03-10,20187.244140625,0.022051846825845045,1,1,0.590855205845846,0.40914479415415395,0.590855205845846,0.1,scale,0.2529094553752427,120,620,720,750
2023-03-11,20632.41015625,0.07422977009964415,1,1,0.5122777632650427,0.4877222367349573,0.5122777632650427,0.1,scale,0.2529094553752427,120,620,720,750
2023-03-12,22163.94921875,0.09175187888693825,1,0,0.48084986010276276,0.5191501398972372,0.5191501398972372,0.1,scale,0.2529094553752427,120,620,720,750
2023-03-13,24197.533203125,0.022669294883089997,1,1,0.5565203687465015,0.44347963125349854,0.5565203687465015,0.1,scale,0.2529094553752427,120,620,720,750
2023-03-14,24746.07421875,-0.014956444322371198,0,1,0.5452847486207244,0.4547152513792756,0.5452847486207244,0.1,scale,0.2529094553752427,120,620,720,750
2023-03-15,24375.9609375,0.027766213062754286,1,1,0.5075650914356604,0.4924349085643396,0.5075650914356604,0.1,scale,0.2529094553752427,120,620,720,750
2023-03-16,25052.7890625,0.0946457745317153,1,1,0.5098580404508226,0.4901419595491774,0.5098580404508226,0.1,scale,0.2529094553752427,120,620,720,750
2023-03-17,27423.9296875,-0.01670259464889101,0,1,0.5526076859821968,0.4473923140178032,0.5526076859821968,0.1,scale,0.2529094553752427,120,620,720,750
2023-03-18,26965.87890625,0.039783493752593824,1,1,0.5491439893671805,0.45085601063281955,0.5491439893671805,0.1,scale,0.2529094553752427,120,620,720,750
2023-03-19,28038.67578125,-0.00968089417783835,0,1,0.5338578251626527,0.4661421748373473,0.5338578251626527,0.1,scale,0.2529094553752427,120,620,720,750
2023-03-20,27767.236328125,0.014714466837708162,1,1,0.5011314769029631,0.4988685230970369,0.5011314769029631,0.1,scale,0.2529094553752427,120,620,720,750
2023-03-21,28175.81640625,-0.030820008681536337,0,0,0.47907974621458144,0.5209202537854185,0.5209202537854185,0.1,scale,0.25071696843422075,150,650,750,780
2023-03-22,27307.4375,0.03759177902540278,1,0,0.4835134187799625,0.5164865812200374,0.5164865812200374,0.1,scale,0.25071696843422075,150,650,750,780
2023-03-23,28333.97265625,-0.02967065403073854,0,0,0.479012423527317,0.520987576472683,0.520987576472683,0.1,scale,0.25071696843422075,150,650,750,780
2023-03-24,27493.28515625,5.17171735541222e-05,1,0,0.48967078231455324,0.5103292176854468,0.5103292176854468,0.1,scale,0.25071696843422075,150,650,750,780
2023-03-25,27494.70703125,0.018171608313816145,1,0,0.47552301794341184,0.5244769820565882,0.5244769820565882,0.1,scale,0.25071696843422075,150,650,750,780
2023-03-26,27994.330078125,-0.03052194511765327,0,0,0.4674568860081431,0.5325431139918568,0.5325431139918568,0.1,scale,0.25071696843422075,150,650,750,780
2023-03-27,27139.888671875,0.004725228944394866,1,0,0.4940071392406486,0.5059928607593513,0.5059928607593513,0.1,scale,0.25071696843422075,150,650,750,780
2023-03-28,27268.130859375,0.0396180637553154,1,0,0.46049168359524095,0.539508316404759,0.539508316404759,0.1,scale,0.25071696843422075,150,650,750,780
2023-03-29,28348.44140625,-0.0111074503792854,0,0,0.4634315411578859,0.5365684588421141,0.5365684588421141,0.1,scale,0.25071696843422075,150,650,750,780
2023-03-30,28033.5625,0.015871042968584437,1,0,0.4605280622634697,0.5394719377365302,0.5394719377365302,0.1,scale,0.25071696843422075,150,650,750,780
2023-03-31,28478.484375,-0.0023684272611504964,0,0,0.45395268388352533,0.5460473161164747,0.5460473161164747,0.1,scale,0.25071696843422075,150,650,750,780
2023-04-01,28411.03515625,-0.00745226498561502,0,0,0.4565269117325262,0.5434730882674739,0.5434730882674739,0.1,scale,0.25071696843422075,150,650,750,780
2023-04-02,28199.30859375,-0.014507018470504951,0,0,0.45381518622209666,0.5461848137779033,0.5461848137779033,0.1,scale,0.25071696843422075,150,650,750,780
2023-04-03,27790.220703125,0.0135971982612757,1,0,0.4922280246801884,0.5077719753198116,0.5077719753198116,0.1,scale,0.25071696843422075,150,650,750,780
2023-04-04,28168.08984375,0.000351267384649967,1,0,0.4480398605272724,0.5519601394727276,0.5519601394727276,0.1,scale,0.25071696843422075,150,650,750,780
2023-04-05,28177.984375,-0.004749940528704033,0,0,0.45996968604034116,0.5400303139596588,0.5400303139596588,0.1,scale,0.25071696843422075,150,650,750,780
2023-04-06,28044.140625,-0.004217681389550476,0,0,0.4589522861586919,0.5410477138413081,0.5410477138413081,0.1,scale,0.25071696843422075,150,650,750,780
2023-04-07,27925.859375,0.0007854922772632111,1,0,0.46447178742188805,0.535528212578112,0.535528212578112,0.1,scale,0.25071696843422075,150,650,750,780
2023-04-08,27947.794921875,0.013784839213681899,1,0,0.45512403018165826,0.5448759698183417,0.5448759698183417,0.1,scale,0.25071696843422075,150,650,750,780
2023-04-09,28333.05078125,0.04658621825410658,1,0,0.4588050817549004,0.5411949182450996,0.5411949182450996,0.1,scale,0.25071696843422075,150,650,750,780
2023-04-10,29652.98046875,0.019629666758571807,1,0,0.49805111443473427,0.5019488855652657,0.5019488855652657,0.1,scale,0.25071696843422075,150,650,750,780
2023-04-11,30235.05859375,-0.003175315803583212,0,0,0.4837087847069358,0.5162912152930642,0.5162912152930642,0.1,scale,0.25071696843422075,150,650,750,780
2023-04-12,30139.052734375,0.00862713483952482,1,0,0.46005824356374087,0.5399417564362592,0.5399417564362592,0.1,scale,0.25071696843422075,150,650,750,780
2023-04-13,30399.06640625,0.002849851088919886,1,0,0.46153751512097857,0.5384624848790214,0.5384624848790214,0.1,scale,0.25071696843422075,150,650,750,780
2023-04-14,30485.69921875,-0.005484641300179338,0,0,0.4587675787573116,0.5412324212426884,0.5412324212426884,0.1,scale,0.25071696843422075,150,650,750,780
2023-04-15,30318.49609375,-0.00010358775680330279,0,0,0.46708834222147505,0.5329116577785249,0.5329116577785249,0.1,scale,0.25071696843422075,150,650,750,780
2023-04-16,30315.35546875,-0.028708571396173888,0,0,0.450928121018962,0.549071878981038,0.549071878981038,0.1,scale,0.25071696843422075,150,650,750,780
2023-04-17,29445.044921875,0.032348662229154,1,0,0.4653087675565166,0.5346912324434834,0.5346912324434834,0.1,scale,0.25071696843422075,150,650,750,780
2023-04-18,30397.552734375,-0.0518092051895368,0,0,0.4476858492809048,0.5523141507190952,0.5523141507190952,0.1,scale,0.25071696843422075,150,650,750,780
2023-04-19,28822.6796875,-0.020008250880993006,0,0,0.48987743347365065,0.5101225665263494,0.5101225665263494,0.1,scale,0.25071696843422075,150,650,750,780
2023-04-20,28245.98828125,-0.034308522518338824,0,0,0.48682331654455907,0.513176683455441,0.513176683455441,0.1,scale,0.2465353686544644,180,680,780,810
2023-04-21,27276.91015625,0.01981858797984626,1,1,0.5662247376248379,0.43377526237516206,0.5662247376248379,0.1,scale,0.2465353686544644,180,680,780,810
2023-04-22,27817.5,-0.008128524647254443,0,0,0.4717570105961108,0.5282429894038891,0.5282429894038891,0.1,scale,0.2465353686544644,180,680,780,810
2023-04-23,27591.384765625,-0.002393679129772508,0,0,0.480038398512188,0.519961601487812,0.519961601487812,0.1,scale,0.2465353686544644,180,680,780,810
2023-04-24,27525.33984375,0.02841955147295372,1,1,0.507888146183909,0.492111853816091,0.507888146183909,0.1,scale,0.2465353686544644,180,680,780,810
2023-04-25,28307.59765625,0.004066170397882152,1,0,0.4462437949954444,0.5537562050045556,0.5537562050045556,0.1,scale,0.2465353686544644,180,680,780,810
2023-04-26,28422.701171875,0.036980508331842854,1,1,0.5016979099371589,0.4983020900628411,0.5016979099371589,0.1,scale,0.2465353686544644,180,680,780,810
2023-04-27,29473.787109375,-0.00453030993708059,0,0,0.4429087685384525,0.5570912314615475,0.5570912314615475,0.1,scale,0.2465353686544644,180,680,780,810
2023-04-28,29340.26171875,-0.0031279011203009244,0,0,0.43246087033809816,0.5675391296619019,0.5675391296619019,0.1,scale,0.2465353686544644,180,680,780,810
2023-04-29,29248.48828125,0.000694680667924441,1,0,0.4283099750918931,0.5716900249081069,0.5716900249081069,0.1,scale,0.2465353686544644,180,680,780,810
2023-04-30,29268.806640625,-0.04022160164248023,0,0,0.4379830692374187,0.5620169307625813,0.5620169307625813,0.1,scale,0.2465353686544644,180,680,780,810
2023-05-01,28091.568359375,0.020966033026897257,1,0,0.4826256888824815,0.5173743111175185,0.5173743111175185,0.1,scale,0.2465353686544644,180,680,780,810
2023-05-02,28680.537109375,0.01135862564681589,1,0,0.4306159419598183,0.5693840580401817,0.5693840580401817,0.1,scale,0.2465353686544644,180,680,780,810
2023-05-03,29006.30859375,-0.005467695268338013,0,0,0.4194693263320678,0.5805306736679322,0.5805306736679322,0.1,scale,0.2465353686544644,180,680,780,810
2023-05-04,28847.7109375,0.023803407820215394,1,0,0.4205091615279693,0.5794908384720308,0.5794908384720308,0.1,scale,0.2465353686544644,180,680,780,810
2023-05-05,29534.384765625,-0.021323001096775096,0,0,0.43506482766888255,0.5649351723311175,0.5649351723311175,0.1,scale,0.2465353686544644,180,680,780,810
2023-05-06,28904.623046875,-0.015556145829018653,0,0,0.41770446571992953,0.5822955342800704,0.5822955342800704,0.1,scale,0.2465353686544644,180,680,780,810
2023-05-07,28454.978515625,-0.026733637409259936,0,0,0.43046443601737505,0.569535563982625,0.569535563982625,0.1,scale,0.2465353686544644,180,680,780,810
2023-05-08,27694.2734375,-0.0012817829272578907,0,1,0.5133470678370681,0.48665293216293193,0.5133470678370681,0.1,scale,0.2465353686544644,180,680,780,810
2023-05-09,27658.775390625,-0.0013384371045779275,0,0,0.4662314242742396,0.5337685757257604,0.5337685757257604,0.1,scale,0.2465353686544644,180,680,780,810
2023-05-10,27621.755859375,-0.022481076150133283,0,0,0.49504454199996667,0.5049554580000333,0.5049554580000333,0.1,scale,0.2465353686544644,180,680,780,810
2023-05-11,27000.7890625,-0.007251596524522896,0,1,0.5124948117345428,0.4875051882654572,0.5124948117345428,0.1,scale,0.2465353686544644,180,680,780,810
2023-05-12,26804.990234375,-0.0007801573211611013,0,1,0.5308139021405716,0.46918609785942844,0.5308139021405716,0.1,scale,0.2465353686544644,180,680,780,810
2023-05-13,26784.078125,0.005471927993601522,1,1,0.5096202680199273,0.4903797319800727,0.5096202680199273,0.1,scale,0.2465353686544644,180,680,780,810
2023-05-14,26930.638671875,0.009730726801279843,1,0,0.4829884427641674,0.5170115572358326,0.5170115572358326,0.1,scale,0.2465353686544644,180,680,780,810
2023-05-15,27192.693359375,-0.005738415341494774,0,0,0.47616736774609103,0.523832632253909,0.523832632253909,0.1,scale,0.2465353686544644,180,680,780,810
2023-05-16,27036.650390625,0.013394867282656264,1,0,0.4709708884040052,0.5290291115959949,0.5290291115959949,0.1,scale,0.2465353686544644,180,680,780,810
2023-05-17,27398.802734375,-0.02067950762275983,0,0,0.46838682104012863,0.5316131789598714,0.5316131789598714,0.1,scale,0.2465353686544644,180,680,780,810
2023-05-18,26832.208984375,0.0021585968530852817,1,0,0.4792582432869866,0.5207417567130135,0.5207417567130135,0.1,scale,0.2465353686544644,180,680,780,810
2023-05-19,26890.12890625,0.008905016115201336,1,0,0.49740101913985857,0.5025989808601414,0.5025989808601414,0.1,scale,0.2465353686544644,180,680,780,810
2023-05-20,27129.5859375,-0.013850552916312875,0,0,0.4840943387448058,0.5159056612551942,0.5159056612551942,0.1,scale,0.24574292160669828,210,710,810,840
2023-05-21,26753.826171875,0.0036425134576618667,1,0,0.4992799546603006,0.5007200453396994,0.5007200453396994,0.1,scale,0.24574292160669828,210,710,810,840
2023-05-22,26851.27734375,0.013945303754316907,1,0,0.48267878065335773,0.5173212193466423,0.5173212193466423,0.1,scale,0.24574292160669828,210,710,810,840
2023-05-23,27225.7265625,-0.03272302765106416,0,0,0.45913063580471575,0.5408693641952842,0.5408693641952842,0.1,scale,0.24574292160669828,210,710,810,840
2023-05-24,26334.818359375,0.005368887301425707,1,1,0.5022248382602499,0.4977751617397501,0.5022248382602499,0.1,scale,0.24574292160669828,210,710,810,840
2023-05-25,26476.20703125,0.009181223884829448,1,0,0.4599963376766309,0.540003662323369,0.540003662323369,0.1,scale,0.24574292160669828,210,710,810,840
2023-05-26,26719.291015625,0.005578834405180588,1,0,0.44720314799697236,0.5527968520030276,0.5527968520030276,0.1,scale,0.24574292160669828,210,710,810,840
2023-05-27,26868.353515625,0.0453058267244435,1,0,0.4590999073992484,0.5409000926007517,0.5409000926007517,0.1,scale,0.24574292160669828,210,710,810,840
2023-05-28,28085.646484375,-0.0120973437068298,0,1,0.5120031541755165,0.48799684582448355,0.5120031541755165,0.1,scale,0.24574292160669828,210,710,810,840
2023-05-29,27745.884765625,-0.0015690671469931194,0,0,0.41911656363410205,0.5808834363658979,0.5808834363658979,0.1,scale,0.24574292160669828,210,710,810,840
2023-05-30,27702.349609375,-0.01742420455507676,0,0,0.4159353611113564,0.5840646388886436,0.5840646388886436,0.1,scale,0.24574292160669828,210,710,810,840
2023-05-31,27219.658203125,-0.014683709247646393,0,0,0.4407687719997152,0.5592312280002848,0.5592312280002848,0.1,scale,0.24574292160669828,210,710,810,840
2023-06-01,26819.97265625,0.01601855426947596,1,0,0.4434414146298002,0.5565585853701998,0.5565585853701998,0.1,scale,0.24574292160669828,210,710,810,840
2023-06-02,27249.58984375,-0.0064023326039167605,0,0,0.42632251122487463,0.5736774887751254,0.5736774887751254,0.1,scale,0.24574292160669828,210,710,810,840
2023-06-03,27075.12890625,0.001622799291266075,1,0,0.44516877983889125,0.5548312201611088,0.5548312201611088,0.1,scale,0.24574292160669828,210,710,810,840
2023-06-04,27119.06640625,-0.05011119223804861,0,0,0.44691734324622884,0.5530826567537712,0.5530826567537712,0.1,scale,0.24574292160669828,210,710,810,840
2023-06-05,25760.09765625,0.057402171630208665,1,1,0.5819863493712083,0.4180136506287917,0.5819863493712083,0.1,scale,0.24574292160669828,210,710,810,840
2023-06-06,27238.783203125,-0.03277624957004588,0,0,0.4344510580885979,0.5655489419114021,0.5655489419114021,0.1,scale,0.24574292160669828,210,710,810,840
2023-06-07,26345.998046875,0.0061572444403654725,1,0,0.4515267238861454,0.5484732761138547,0.5484732761138547,0.1,scale,0.24574292160669828,210,710,810,840
2023-06-08,26508.216796875,-0.0010503081775867784,0,0,0.4200997514633579,0.5799002485366421,0.5799002485366421,0.1,scale,0.24574292160669828,210,710,810,840
2023-06-09,26480.375,-0.02375852931180167,0,0,0.42841824037552706,0.571581759624473,0.571581759624473,0.1,scale,0.24574292160669828,210,710,810,840
2023-06-10,25851.240234375,0.0034399794195076883,1,1,0.548434223964233,0.451565776035767,0.548434223964233,0.1,scale,0.24574292160669828,210,710,810,840
2023-06-11,25940.16796875,-0.001452109670044499,0,0,0.4658238158050705,0.5341761841949295,0.5341761841949295,0.1,scale,0.24574292160669828,210,710,810,840
2023-06-12,25902.5,0.0006265231396582749,1,0,0.4627596320181773,0.5372403679818227,0.5372403679818227,0.1,scale,0.24574292160669828,210,710,810,840
2023-06-13,25918.728515625,-0.030636253390914137,0,0,0.47394762764700904,0.526052372352991,0.526052372352991,0.1,scale,0.24574292160669828,210,710,810,840
2023-06-14,25124.67578125,0.017979087727655774,1,1,0.5125174559664627,0.4874825440335373,0.5125174559664627,0.1,scale,0.24574292160669828,210,710,810,840
2023-06-15,25576.39453125,0.029365685552642073,1,0,0.45708992057102554,0.5429100794289745,0.5429100794289745,0.1,scale,0.24574292160669828,210,710,810,840
2023-06-16,26327.462890625,0.006959002900740696,1,0,0.41821635093601656,0.5817836490639834,0.5817836490639834,0.1,scale,0.24574292160669828,210,710,810,840
2023-06-17,26510.67578125,-0.006580854145875503,0,0,0.4214988022916065,0.5785011977083935,0.5785011977083935,0.1,scale,0.24574292160669828,210,710,810,840
2023-06-18,26336.212890625,0.019547852547670663,1,0,0.41071417081445977,0.5892858291855403,0.5892858291855403,0.1,scale,0.24574292160669828,210,710,810,840
2023-06-19,26851.029296875,0.05498705349618893,1,0,0.44821718788124704,0.5517828121187529,0.5517828121187529,0.1,scale,0.24788643629492677,240,740,840,870
2023-06-20,28327.48828125,0.06000562340273241,1,1,0.5360351311079531,0.4639648688920469,0.5360351311079531,0.1,scale,0.24788643629492677,240,740,840,870
2023-06-21,30027.296875,-0.0038303689299371557,0,1,0.5721365770451919,0.42786342295480806,0.5721365770451919,0.1,scale,0.24788643629492677,240,740,840,870
2023-06-22,29912.28125,0.02618280743799839,1,1,0.5384614437786069,0.46153855622139306,0.5384614437786069,0.1,scale,0.24788643629492677,240,740,840,870
2023-06-23,30695.46875,-0.0047815994828226405,0,1,0.523573381281401,0.47642661871859904,0.523573381281401,0.1,scale,0.24788643629492677,240,740,840,870
2023-06-24,30548.6953125,-0.002240147837737516,0,0,0.49901227374805174,0.5009877262519482,0.5009877262519482,0.1,scale,0.24788643629492677,240,740,840,870
2023-06-25,30480.26171875,-0.006861189753050945,0,0,0.4796446582301703,0.5203553417698297,0.5203553417698297,0.1,scale,0.24788643629492677,240,740,840,870
2023-06-26,30271.130859375,0.013776598074988877,1,0,0.4804272930469226,0.5195727069530773,0.5195727069530773,0.1,scale,0.24788643629492677,240,740,840,870
2023-06-27,30688.1640625,-0.01961401038928634,0,0,0.4597576181757966,0.5402423818242035,0.5402423818242035,0.1,scale,0.24788643629492677,240,740,840,870
2023-06-28,30086.24609375,0.011935868224670187,1,0,0.47863862826989056,0.5213613717301094,0.5213613717301094,0.1,scale,0.24788643629492677,240,740,840,870
2023-06-29,30445.3515625,0.0010477918298796851,1,0,0.46981344281268345,0.5301865571873166,0.5301865571873166,0.1,scale,0.24788643629492677,240,740,840,870
2023-06-30,30477.251953125,0.0037019798257575953,1,1,0.5452905888233208,0.4547094111766792,0.5452905888233208,0.1,scale,0.24788643629492677,240,740,840,870
2023-07-01,30590.078125,0.0010033124506771962,1,0,0.4973992859488221,0.5026007140511779,0.5026007140511779,0.1,scale,0.24788643629492677,240,740,840,870
2023-07-02,30620.76953125,0.01749367929268808,1,0,0.4843689291273937,0.5156310708726063,0.5156310708726063,0.1,scale,0.24788643629492677,240,740,840,870
2023-07-03,31156.439453125,-0.012159843310882601,0,1,0.5028987762585543,0.4971012237414457,0.5028987762585543,0.1,scale,0.24788643629492677,240,740,840,870
2023-07-04,30777.58203125,-0.0085586975402272,0,0,0.46199522761251344,0.5380047723874866,0.5380047723874866,0.1,scale,0.24788643629492677,240,740,840,870
2023-07-05,30514.166015625,-0.019821224171432172,0,0,0.46472169921024736,0.5352783007897526,0.5352783007897526,0.1,scale,0.24788643629492677,240,740,840,870
2023-07-06,29909.337890625,0.014474667943441766,1,1,0.5353537668862464,0.46464623311375364,0.5353537668862464,0.1,scale,0.24788643629492677,240,740,840,870
2023-07-07,30342.265625,-0.0016387902600796256,0,0,0.4652378093563017,0.5347621906436983,0.5347621906436983,0.1,scale,0.24788643629492677,240,740,840,870
2023-07-08,30292.541015625,-0.004004505286051452,0,0,0.4681865276200474,0.5318134723799526,0.5318134723799526,0.1,scale,0.24788643629492677,240,740,840,870
2023-07-09,30171.234375,0.008061862007427312,1,0,0.4657226686620935,0.5342773313379066,0.5342773313379066,0.1,scale,0.24788643629492677,240,740,840,870
2023-07-10,30414.470703125,0.006788889103658935,1,1,0.5306905473789036,0.46930945262109636,0.5306905473789036,0.1,scale,0.24788643629492677,240,740,840,870
2023-07-11,30620.951171875,-0.007488490028050299,0,0,0.45624844799775977,0.5437515520022402,0.5437515520022402,0.1,scale,0.24788643629492677,240,740,840,870
2023-07-12,30391.646484375,0.03568093437476372,1,0,0.4739141744043294,0.5260858255956706,0.5260858255956706,0.1,scale,0.24788643629492677,240,740,840,870
2023-07-13,31476.048828125,-0.036280934592069825,0,1,0.5024151731632276,0.4975848268367724,0.5024151731632276,0.1,scale,0.24788643629492677,240,740,840,870
2023-07-14,30334.068359375,-0.001261344778969442,0,0,0.45775090784267,0.54224909215733,0.54224909215733,0.1,scale,0.24788643629492677,240,740,840,870
2023-07-15,30295.806640625,-0.001540603578530031,0,0,0.4591664881471241,0.540833511852876,0.540833511852876,0.1,scale,0.24788643629492677,240,740,840,870
2023-07-16,30249.1328125,-0.0034131272874816654,0,0,0.45907522336779716,0.5409247766322028,0.5409247766322028,0.1,scale,0.24788643629492677,240,740,840,870
2023-07-17,30145.888671875,-0.009597533349379406,0,1,0.5105224415410368,0.48947755845896324,0.5105224415410368,0.1,scale,0.24788643629492677,240,740,840,870
2023-07-18,29856.5625,0.0019212301525000086,1,0,0.46818053934829307,0.5318194606517069,0.5318194606517069,0.1,scale,0.24788643629492677,240,740,840,870
2023-07-19,29913.923828125,-0.0040752996439197275,0,0,0.4259696730238155,0.5740303269761845,0.5740303269761845,0.1,scale,0.24434862748380692,270,770,870,900
2023-07-20,29792.015625,0.0039181140710413676,1,0,0.46541188470448447,0.5345881152955155,0.5345881152955155,0.1,scale,0.24434862748380692,270,770,870,900
2023-07-21,29908.744140625,-0.004578641136054662,0,0,0.4734626466258977,0.5265373533741022,0.5265373533741022,0.1,scale,0.24434862748380692,270,770,870,900
2023-07-22,29771.802734375,0.010504447141318263,1,0,0.47610061097572076,0.5238993890242792,0.5238993890242792,0.1,scale,0.24434862748380692,270,770,870,900
2023-07-23,30084.5390625,-0.03016908602087709,0,0,0.47149703283083183,0.5285029671691681,0.5285029671691681,0.1,scale,0.24434862748380692,270,770,870,900
2023-07-24,29176.916015625,0.0017299501204297574,1,1,0.5367231967034624,0.46327680329653764,0.5367231967034624,0.1,scale,0.24434862748380692,270,770,870,900
2023-07-25,29227.390625,0.004365152978824893,1,0,0.4672236167545099,0.5327763832454901,0.5327763832454901,0.1,scale,0.24434862748380692,270,770,870,900
2023-07-26,29354.97265625,-0.004915119656712763,0,0,0.4827268168171964,0.5172731831828036,0.5172731831828036,0.1,scale,0.24434862748380692,270,770,870,900
2023-07-27,29210.689453125,0.0037163327075591113,1,0,0.49255239056675776,0.5074476094332423,0.5074476094332423,0.1,scale,0.24434862748380692,270,770,870,900
2023-07-28,29319.24609375,0.001284885528077373,1,0,0.48331365907724266,0.5166863409227573,0.5166863409227573,0.1,scale,0.24434862748380692,270,770,870,900
2023-07-29,29356.91796875,-0.002779902682116475,0,0,0.4845547869527758,0.5154452130472242,0.5154452130472242,0.1,scale,0.24434862748380692,270,770,870,900
2023-07-30,29275.30859375,-0.0015438698273756435,0,1,0.5026709198293633,0.4973290801706367,0.5026709198293633,0.1,scale,0.24434862748380692,270,770,870,900
2023-07-31,29230.111328125,0.015245275282999904,1,1,0.5114254915307335,0.48857450846926653,0.5114254915307335,0.1,scale,0.24434862748380692,270,770,870,900
2023-08-01,29675.732421875,-0.01764989082843693,0,1,0.509966840116548,0.490033159883452,0.509966840116548,0.1,scale,0.24434862748380692,270,770,870,900
2023-08-02,29151.958984375,0.0009166006009861949,1,0,0.47953532264472143,0.5204646773552786,0.5204646773552786,0.1,scale,0.24434862748380692,270,770,870,900
2023-08-03,29178.6796875,-0.0035843942133476636,0,0,0.4749206937825659,0.5250793062174341,0.5250793062174341,0.1,scale,0.24434862748380692,270,770,870,900
2023-08-04,29074.091796875,-0.0010994270766331304,0,0,0.4791604173966819,0.5208395826033181,0.5208395826033181,0.1,scale,0.24434862748380692,270,770,870,900
2023-08-05,29042.126953125,-9.347950838400898e-06,0,0,0.48627752567701127,0.5137224743229887,0.5137224743229887,0.1,scale,0.24434862748380692,270,770,870,900
2023-08-06,29041.85546875,0.004776645775930843,1,0,0.4910551705393454,0.5089448294606547,0.5089448294606547,0.1,scale,0.24434862748380692,270,770,870,900
2023-08-07,29180.578125,0.020044635853149417,1,1,0.5415756472813986,0.4584243527186014,0.5415756472813986,0.1,scale,0.24434862748380692,270,770,870,900
2023-08-08,29765.4921875,-0.006853508270246889,0,0,0.49140191481778706,0.5085980851822129,0.5085980851822129,0.1,scale,0.24434862748380692,270,770,870,900
2023-08-09,29561.494140625,-0.004461964714047806,0,0,0.4745416405289536,0.5254583594710465,0.5254583594710465,0.1,scale,0.24434862748380692,270,770,870,900
2023-08-10,29429.591796875,-0.001083159880198692,0,0,0.48019342460175785,0.5198065753982422,0.5198065753982422,0.1,scale,0.24434862748380692,270,770,870,900
2023-08-11,29397.71484375,0.0006207965516027425,1,0,0.4742811257701695,0.5257188742298304,0.5257188742298304,0.1,scale,0.24434862748380692,270,770,870,900
2023-08-12,29415.96484375,-0.004523080645381872,0,0,0.4894533173490963,0.5105466826509037,0.5105466826509037,0.1,scale,0.24434862748380692,270,770,870,900
2023-08-13,29282.9140625,0.004286776125049352,1,0,0.49609355834632174,0.5039064416536783,0.5039064416536783,0.1,scale,0.24434862748380692,270,770,870,900
2023-08-14,29408.443359375,-0.008096168172366025,0,1,0.5471950234755472,0.45280497652445284,0.5471950234755472,0.1,scale,0.24434862748380692,270,770,870,900
2023-08-15,29170.34765625,-0.016063173634291772,0,1,0.5060226802946413,0.49397731970535874,0.5060226802946413,0.1,scale,0.24434862748380692,270,770,870,900
2023-08-16,28701.779296875,-0.07097917151940503,0,1,0.5159088264020032,0.4840911735979968,0.5159088264020032,0.1,scale,0.24434862748380692,270,770,870,900
2023-08-17,26664.55078125,-0.02306411031148714,0,1,0.6055861464864799,0.3944138535135201,0.6055861464864799,0.1,scale,0.24434862748380692,270,770,870,900
2023-08-18,26049.556640625,0.0017907574452629138,1,1,0.5525755591773716,0.44742444082262844,0.5525755591773716,1.0,0.01,0.24714248436109798,300,800,900,930
2023-08-19,26096.205078125,0.00357825614760654,1,1,0.5135864582972157,0.4864135417027843,0.5135864582972157,1.0,0.01,0.24714248436109798,300,800,900,930
2023-08-20,26189.583984375,-0.002498831574187843,0,1,0.50262227303836,0.49737772696163995,0.50262227303836,1.0,0.01,0.24714248436109798,300,800,900,930
2023-08-21,26124.140625,-0.0035401882238949023,0,1,0.5422295116454261,0.4577704883545739,0.5422295116454261,1.0,0.01,0.24714248436109798,300,800,900,930
2023-08-22,26031.65625,0.015365306423789304,1,1,0.5209256961960554,0.47907430380394456,0.5209256961960554,1.0,0.01,0.24714248436109798,300,800,900,930
2023-08-23,26431.640625,-0.01018731988472621,0,0,0.49141867172647197,0.5085813282735281,0.5085813282735281,1.0,0.01,0.24714248436109798,300,800,900,930
2023-08-24,26162.373046875,-0.004384352975912553,0,0,0.48115651905201834,0.5188434809479816,0.5188434809479816,1.0,0.01,0.24714248436109798,300,800,900,930
2023-08-25,26047.66796875,-0.0015051281432193475,0,0,0.49155615098420685,0.5084438490157932,0.5084438490157932,1.0,0.01,0.24714248436109798,300,800,900,930
2023-08-26,26008.462890625,0.0031232321991347956,1,0,0.47464917206115836,0.5253508279388417,0.5253508279388417,1.0,0.01,0.24714248436109798,300,800,900,930
2023-08-27,26089.693359375,0.0006307866874213364,1,0,0.49674465351406893,0.5032553464859311,0.5032553464859311,1.0,0.01,0.24714248436109798,300,800,900,930
2023-08-28,26106.150390625,0.062101924766441385,1,1,0.5279491066348192,0.4720508933651808,0.5279491066348192,1.0,0.01,0.24714248436109798,300,800,900,930
2023-08-29,27727.392578125,-0.015512708305083889,0,1,0.5653421942368824,0.43465780576311763,0.5653421942368824,1.0,0.01,0.24714248436109798,300,800,900,930
2023-08-30,27297.265625,-0.0500340578984273,0,0,0.42273510435809586,0.5772648956419042,0.5772648956419042,1.0,0.01,0.24714248436109798,300,800,900,930
2023-08-31,25931.47265625,-0.005042060225742162,0,0,0.4895616181846366,0.5104383818153634,0.5104383818153634,1.0,0.01,0.24714248436109798,300,800,900,930
2023-09-01,25800.724609375,0.0026384615075991658,1,0,0.459500891999435,0.540499108000565,0.540499108000565,1.0,0.01,0.24714248436109798,300,800,900,930
2023-09-02,25868.798828125,0.0038953327054152,1,0,0.43997293057144216,0.5600270694285578,0.5600270694285578,1.0,0.01,0.24714248436109798,300,800,900,930
2023-09-03,25969.56640625,-0.006051329012069284,0,0,0.4419730301290846,0.5580269698709154,0.5580269698709154,1.0,0.01,0.24714248436109798,300,800,900,930
2023-09-04,25812.416015625,-0.0012565113521479931,0,0,0.4661961945432293,0.5338038054567706,0.5338038054567706,1.0,0.01,0.24714248436109798,300,800,900,930
2023-09-05,25779.982421875,-0.0010374752516241204,0,0,0.4647849906918799,0.53521500930812,0.53521500930812,1.0,0.01,0.24714248436109798,300,800,900,930
2023-09-06,25753.236328125,0.018908652030005024,1,0,0.47033176501034907,0.5296682349896509,0.5296682349896509,1.0,0.01,0.24714248436109798,300,800,900,930
2023-09-07,26240.1953125,-0.012749181613965876,0,0,0.43572059126869483,0.5642794087313052,0.5642794087313052,1.0,0.01,0.24714248436109798,300,800,900,930
2023-09-08,25905.654296875,-0.0003851113886439439,0,0,0.4535971228403043,0.5464028771596957,0.5464028771596957,1.0,0.01,0.24714248436109798,300,800,900,930
2023-09-09,25895.677734375,-0.0024502611024840304,0,0,0.43518224052020277,0.5648177594797972,0.5648177594797972,1.0,0.01,0.24714248436109798,300,800,900,930
2023-09-10,25832.2265625,-0.02592003689674205,0,0,0.4813557648563817,0.5186442351436182,0.5186442351436182,1.0,0.01,0.24714248436109798,300,800,900,930
2023-09-11,25162.654296875,0.026654161568650414,1,1,0.537278526056067,0.46272147394393304,0.537278526056067,1.0,0.01,0.24714248436109798,300,800,900,930
2023-09-12,25833.34375,0.01528956036711282,1,0,0.46688759539338265,0.5331124046066174,0.5331124046066174,1.0,0.01,0.24714248436109798,300,800,900,930
2023-09-13,26228.32421875,0.011870739692642074,1,0,0.42261752134776337,0.5773824786522366,0.5773824786522366,1.0,0.01,0.24714248436109798,300,800,900,930
2023-09-14,26539.673828125,0.0026006171627044328,1,0,0.42935809370880074,0.5706419062911993,0.5706419062911993,1.0,0.01,0.24714248436109798,300,800,900,930
2023-09-15,26608.693359375,-0.001518755875352329,0,0,0.42148008921806684,0.5785199107819332,0.5785199107819332,1.0,0.01,0.24714248436109798,300,800,900,930
2023-09-16,26568.28125,-0.0012832501161511578,0,0,0.42086863427868176,0.5791313657213182,0.5791313657213182,1.0,0.01,0.24714248436109798,300,800,900,930
2023-09-17,26534.1875,0.008294723552398242,1,0,0.4321841449856056,0.5678158550143944,0.5678158550143944,0.1,scale,0.2448418862922821,330,830,930,960
2023-09-18,26754.28125,0.017075246134672373,1,1,0.5435685008152669,0.45643149918473314,0.5435685008152669,0.1,scale,0.2448418862922821,330,830,930,960
2023-09-19,27211.1171875,-0.00290724465500225,0,0,0.47111370292312865,0.5288862970768713,0.5288862970768713,0.1,scale,0.2448418862922821,330,830,930,960
2023-09-20,27132.0078125,-0.02080107760178318,0,0,0.4593751942007441,0.540624805799256,0.540624805799256,0.1,scale,0.2448418862922821,330,830,930,960
2023-09-21,26567.6328125,0.0004492514240630463,1,0,0.43785804670731426,0.5621419532926857,0.5621419532926857,0.1,scale,0.2448418862922821,330,830,930,960
2023-09-22,26579.568359375,-6.686879658768241e-06,0,0,0.4482247314731216,0.5517752685268784,0.5517752685268784,0.1,scale,0.2448418862922821,330,830,930,960
2023-09-23,26579.390625,-0.01213588594546644,0,0,0.4536650799364808,0.5463349200635192,0.5463349200635192,0.1,scale,0.2448418862922821,330,830,930,960
2023-09-24,26256.826171875,0.0015864178176880905,1,0,0.44259083046454384,0.5574091695354562,0.5574091695354562,0.1,scale,0.2448418862922821,330,830,930,960
2023-09-25,26298.48046875,-0.0030887894396227633,0,0,0.47310327820523296,0.5268967217947671,0.5268967217947671,0.1,scale,0.2448418862922821,330,830,930,960
2023-09-26,26217.25,0.005167086436411061,1,0,0.46853464288008545,0.5314653571199146,0.5314653571199146,0.1,scale,0.2448418862922821,330,830,930,960
2023-09-27,26352.716796875,0.02537992888096885,1,0,0.46127012950734525,0.5387298704926547,0.5387298704926547,0.1,scale,0.2448418862922821,330,830,930,960
2023-09-28,27021.546875,-0.004064392478456136,0,0,0.4692257738660274,0.5307742261339726,0.5307742261339726,0.1,scale,0.2448418862922821,330,830,930,960
2023-09-29,26911.720703125,0.0020881352448591795,1,0,0.4645172665295256,0.5354827334704744,0.5354827334704744,0.1,scale,0.2448418862922821,330,830,930,960
2023-09-30,26967.916015625,0.037668241913332734,1,0,0.49290264202693135,0.5070973579730687,0.5070973579730687,0.1,scale,0.2448418862922821,330,830,930,960
2023-10-01,27983.75,-0.016186709920936293,0,1,0.518975807069828,0.48102419293017196,0.518975807069828,0.1,scale,0.2448418862922821,330,830,930,960
2023-10-02,27530.78515625,-0.003661597010505724,0,1,0.521525578777466,0.47847442122253403,0.521525578777466,0.1,scale,0.2448418862922821,330,830,930,960
2023-10-03,27429.978515625,0.013467601347721292,1,0,0.45432194135500076,0.5456780586449992,0.5456780586449992,0.1,scale,0.2448418862922821,330,830,930,960
2023-10-04,27799.39453125,-0.01379463216164356,0,0,0.43691605200371947,0.5630839479962806,0.5630839479962806,0.1,scale,0.2448418862922821,330,830,930,960
2023-10-05,27415.912109375,0.01935684447622399,1,0,0.43735168220472526,0.5626483177952748,0.5626483177952748,0.1,scale,0.2448418862922821,330,830,930,960
2023-10-06,27946.59765625,0.0007958817661306572,1,0,0.44618872384163544,0.5538112761583646,0.5538112761583646,0.1,scale,0.2448418862922821,330,830,930,960
2023-10-07,27968.83984375,-0.001206700034343422,0,0,0.46921069682818545,0.5307893031718145,0.5307893031718145,0.1,scale,0.2448418862922821,330,830,930,960
2023-10-08,27935.08984375,-0.012579594744121514,0,0,0.46083542617227374,0.5391645738277262,0.5391645738277262,0.1,scale,0.2448418862922821,330,830,930,960
2023-10-09,27583.677734375,-0.006984500217130485,0,0,0.4711771838427624,0.5288228161572376,0.5288228161572376,0.1,scale,0.2448418862922821,330,830,930,960
2023-10-10,27391.01953125,-0.018900326735168282,0,0,0.4553706644656323,0.5446293355343677,0.5446293355343677,0.1,scale,0.2448418862922821,330,830,930,960
2023-10-11,26873.3203125,-0.0043359541366684295,0,0,0.4737598177826071,0.5262401822173929,0.5262401822173929,0.1,scale,0.2448418862922821,330,830,930,960
2023-10-12,26756.798828125,0.003945769916393171,1,0,0.4744290432058256,0.5255709567941744,0.5255709567941744,0.1,scale,0.2448418862922821,330,830,930,960
2023-10-13,26862.375,-2.4866332556272575e-05,0,0,0.49654385495120734,0.5034561450487927,0.5034561450487927,0.1,scale,0.2448418862922821,330,830,930,960
2023-10-14,26861.70703125,0.011091823470242623,1,1,0.5040959536406471,0.4959040463593529,0.5040959536406471,0.1,scale,0.2448418862922821,330,830,930,960
2023-10-15,27159.65234375,0.05006744695824206,1,0,0.4781602964106013,0.5218397035893987,0.5218397035893987,0.1,scale,0.2448418862922821,330,830,930,960
2023-10-16,28519.466796875,-0.0036367703063566736,0,1,0.5727438486263663,0.4272561513736337,0.5727438486263663,0.1,scale,0.2448418862922821,330,830,930,960
2023-10-17,28415.748046875,-0.0030759792019486865,0,0,0.4552978558970908,0.5447021441029092,0.5447021441029092,0.1,scale,0.24928261351792017,360,860,960,990
2023-10-18,28328.341796875,0.013818840741083749,1,0,0.4345105592632425,0.5654894407367574,0.5654894407367574,0.1,scale,0.24928261351792017,360,860,960,990
2023-10-19,28719.806640625,0.033535830870205396,1,0,0.4382441327191481,0.5617558672808519,0.5617558672808519,0.1,scale,0.24928261351792017,360,860,960,990
2023-10-20,29682.94921875,0.007932597562652743,1,0,0.4679853108576795,0.5320146891423205,0.5320146891423205,0.1,scale,0.24928261351792017,360,860,960,990
2023-10-21,29918.412109375,0.002523007395046406,1,0,0.4717222221087758,0.5282777778912242,0.5282777778912242,0.1,scale,0.24928261351792017,360,860,960,990
2023-10-22,29993.896484375,0.10309890521346299,1,0,0.44898126685370615,0.5510187331462939,0.5510187331462939,0.1,scale,0.24928261351792017,360,860,960,990
2023-10-23,33086.234375,0.02464145540134477,1,1,0.5328542317093177,0.46714576829068233,0.5328542317093177,0.1,scale,0.24928261351792017,360,860,960,990
2023-10-24,33901.52734375,0.017736456610143003,1,0,0.4979104784783484,0.5020895215216516,0.5020895215216516,0.1,scale,0.24928261351792017,360,860,960,990
2023-10-25,34502.8203125,-0.010033147199696724,0,1,0.5228673134249161,0.4771326865750839,0.5228673134249161,0.1,scale,0.24928261351792017,360,860,960,990
2023-10-26,34156.6484375,-0.007226928505637331,0,0,0.48924093697545257,0.5107590630245474,0.5107590630245474,0.1,scale,0.24928261351792017,360,860,960,990
2023-10-27,33909.80078125,0.005301518539129857,1,0,0.4706673185699398,0.5293326814300602,0.5293326814300602,0.1,scale,0.24928261351792017,360,860,960,990
2023-10-28,34089.57421875,0.013168432293093613,1,0,0.47407905981214515,0.5259209401878548,0.5259209401878548,0.1,scale,0.24928261351792017,360,860,960,990
2023-10-29,34538.48046875,-0.0010457086417764438,0,0,0.46424777393177186,0.5357522260682281,0.5357522260682281,0.1,scale,0.24928261351792017,360,860,960,990
2023-10-30,34502.36328125,0.004794395311462418,1,0,0.47326434688212693,0.5267356531178731,0.5267356531178731,0.1,scale,0.24928261351792017,360,860,960,990
2023-10-31,34667.78125,0.022195613001625203,1,0,0.4678445753452856,0.5321554246547144,0.5321554246547144,0.1,scale,0.24928261351792017,360,860,960,990
2023-11-01,35437.25390625,-0.014081557224217889,0,0,0.46961649631596947,0.5303835036840305,0.5303835036840305,0.1,scale,0.24928261351792017,360,860,960,990
2023-11-02,34938.2421875,-0.005893770145759425,0,0,0.46633296112254824,0.5336670388774518,0.5336670388774518,0.1,scale,0.24928261351792017,360,860,960,990
2023-11-03,34732.32421875,0.010073356782761111,1,0,0.46208700160999006,0.5379129983900099,0.5379129983900099,0.1,scale,0.24928261351792017,360,860,960,990
2023-11-04,35082.1953125,-0.0009360829177728069,0,0,0.4701966401509119,0.5298033598490881,0.5298033598490881,0.1,scale,0.24928261351792017,360,860,960,990
2023-11-05,35049.35546875,-0.0003419285416157436,0,0,0.458931902099782,0.541068097900218,0.541068097900218,0.1,scale,0.24928261351792017,360,860,960,990
2023-11-06,35037.37109375,0.011593090279608864,1,0,0.4540404519814692,0.5459595480185309,0.5459595480185309,0.1,scale,0.24928261351792017,360,860,960,990
2023-11-07,35443.5625,0.005973294692089626,1,0,0.463034261605486,0.536965738394514,0.536965738394514,0.1,scale,0.24928261351792017,360,860,960,990
2023-11-08,35655.27734375,0.029107827327892632,1,0,0.45594656433857483,0.5440534356614252,0.5440534356614252,0.1,scale,0.24928261351792017,360,860,960,990
2023-11-09,36693.125,0.01691989303173269,1,1,0.5088706803999508,0.49112931960004924,0.5088706803999508,0.1,scale,0.24928261351792017,360,860,960,990
2023-11-10,37313.96875,-0.0047145338500075296,0,0,0.4885551703454743,0.5114448296545258,0.5114448296545258,0.1,scale,0.24928261351792017,360,860,960,990
2023-11-11,37138.05078125,-0.002249209321512735,0,0,0.4805180238929513,0.5194819761070487,0.5194819761070487,0.1,scale,0.24928261351792017,360,860,960,990
2023-11-12,37054.51953125,-0.014901395821212304,0,0,0.4635207852997445,0.5364792147002555,0.5364792147002555,0.1,scale,0.24928261351792017,360,860,960,990
2023-11-13,36502.35546875,-0.026428838121854925,0,0,0.47529247410873676,0.5247075258912632,0.5247075258912632,0.1,scale,0.24928261351792017,360,860,960,990
2023-11-14,35537.640625,0.06592844558740318,1,0,0.4625584207007947,0.5374415792992053,0.5374415792992053,0.1,scale,0.24928261351792017,360,860,960,990
2023-11-15,37880.58203125,-0.04555929205565723,0,0,0.4376691131807799,0.56233088681922,0.56233088681922,0.1,scale,0.24928261351792017,360,860,960,990
2023-11-16,36154.76953125,0.012222842746045792,1,0,0.46668550084652877,0.5333144991534713,0.5333144991534713,0.1,scale,0.25353823172064555,390,890,990,1020
2023-11-17,36596.68359375,-0.000300039994658885,0,0,0.4305798631724291,0.5694201368275709,0.5694201368275709,0.1,scale,0.25353823172064555,390,890,990,1020
2023-11-18,36585.703125,0.021889527372586093,1,0,0.4433572711121472,0.5566427288878528,0.5566427288878528,0.1,scale,0.25353823172064555,390,890,990,1020
2023-11-19,37386.546875,0.0024182537251242753,1,0,0.43029225257439385,0.5697077474256061,0.5697077474256061,0.1,scale,0.25353823172064555,390,890,990,1020
2023-11-20,37476.95703125,-0.04437779006078835,0,0,0.47191247258546243,0.5280875274145376,0.5280875274145376,0.1,scale,0.25353823172064555,390,890,990,1020
2023-11-21,35813.8125,0.045192824521265385,1,0,0.483307797002351,0.5166922029976491,0.5166922029976491,0.1,scale,0.25353823172064555,390,890,990,1020
2023-11-22,37432.33984375,-0.003812712499291715,0,0,0.42732632938322007,0.5726736706167799,0.5726736706167799,0.1,scale,0.25353823172064555,390,890,990,1020
2023-11-23,37289.62109375,0.011549062275727495,1,0,0.430742610260897,0.569257389739103,0.569257389739103,0.1,scale,0.25353823172064555,390,890,990,1020
2023-11-24,37720.28125,0.0020283973558654633,1,0,0.4686352101728748,0.5313647898271252,0.5313647898271252,0.1,scale,0.25353823172064555,390,890,990,1020
2023-11-25,37796.79296875,-0.008404730932136117,0,0,0.44097277461856144,0.5590272253814386,0.5590272253814386,0.1,scale,0.25353823172064555,390,890,990,1020
2023-11-26,37479.12109375,-0.006002091789647501,0,0,0.46267820038725777,0.5373217996127422,0.5373217996127422,0.1,scale,0.25353823172064555,390,890,990,1020
2023-11-27,37254.16796875,0.01548599794884531,1,0,0.45302685557197964,0.5469731444280204,0.5469731444280204,0.1,scale,0.25353823172064555,390,890,990,1020
2023-11-28,37831.0859375,0.0007244373065387055,1,0,0.42837180413227643,0.5716281958677236,0.5716281958677236,0.1,scale,0.25353823172064555,390,890,990,1020
2023-11-29,37858.4921875,-0.0038497596002547985,0,0,0.4371891469871805,0.5628108530128195,0.5628108530128195,0.1,scale,0.25353823172064555,390,890,990,1020
2023-11-30,37712.74609375,0.025879947957747618,1,0,0.443143515196367,0.556856484803633,0.556856484803633,0.1,scale,0.25353823172064555,390,890,990,1020
2023-12-01,38688.75,0.020356874575942596,1,0,0.44653555662669175,0.5534644433733082,0.5534644433733082,0.1,scale,0.25353823172064555,390,890,990,1020
2023-12-02,39476.33203125,0.012717964611113297,1,0,0.4499573768550769,0.5500426231449231,0.5500426231449231,0.1,scale,0.25353823172064555,390,890,990,1020
2023-12-03,39978.390625,0.05006972516793251,1,0,0.44870118046292357,0.5512988195370765,0.5512988195370765,0.1,scale,0.25353823172064555,390,890,990,1020
2023-12-04,41980.09765625,0.05003682455553493,1,1,0.5344404460552772,0.4655595539447228,0.5344404460552772,0.1,scale,0.25353823172064555,390,890,990,1020
2023-12-05,44080.6484375,-0.007581629055975703,0,0,0.49960530609774234,0.5003946939022577,0.5003946939022577,0.1,scale,0.25353823172064555,390,890,990,1020
2023-12-06,43746.4453125,-0.010372985662227885,0,0,0.49471478723338913,0.5052852127666109,0.5052852127666109,0.1,scale,0.25353823172064555,390,890,990,1020
2023-12-07,43292.6640625,0.02018673414826888,1,0,0.4700803303306445,0.5299196696693556,0.5299196696693556,0.1,scale,0.25353823172064555,390,890,990,1020
2023-12-08,44166.6015625,-0.009976252913108663,0,0,0.4620475285022299,0.5379524714977701,0.5379524714977701,0.1,scale,0.25353823172064555,390,890,990,1020
2023-12-09,43725.984375,0.0012284421841561866,1,0,0.464899770838082,0.535100229161918,0.535100229161918,0.1,scale,0.25353823172064555,390,890,990,1020
2023-12-10,43779.69921875,-0.05792335792051162,0,0,0.46293883957104887,0.5370611604289511,0.5370611604289511,0.1,scale,0.25353823172064555,390,890,990,1020
2023-12-11,41243.83203125,0.005004157345118276,1,1,0.5337323196213601,0.46626768037863986,0.5337323196213601,0.1,scale,0.25353823172064555,390,890,990,1020
2023-12-12,41450.22265625,0.03475299863154757,1,0,0.471727404609311,0.528272595390689,0.528272595390689,0.1,scale,0.25353823172064555,390,890,990,1020
2023-12-13,42890.7421875,0.0031062756659134827,1,0,0.44467543964523704,0.555324560354763,0.555324560354763,0.1,scale,0.25353823172064555,390,890,990,1020
2023-12-14,43023.97265625,-0.025432678020983368,0,0,0.44159736403843003,0.5584026359615699,0.5584026359615699,0.1,scale,0.25353823172064555,390,890,990,1020
2023-12-15,41929.7578125,0.007401888090740938,1,0,0.4544855297085443,0.5455144702914557,0.5455144702914557,0.1,scale,0.25353823172064555,390,890,990,1020
2023-12-16,42240.1171875,-0.02072563201266564,0,0,0.47165532318057146,0.5283446768194285,0.5283446768194285,1.0,0.01,0.25395006713278984,420,920,1020,1050
2023-12-17,41364.6640625,0.030433584522719714,1,1,0.5009063944424719,0.49909360555752813,0.5009063944424719,1.0,0.01,0.25395006713278984,420,920,1020,1050
2023-12-18,42623.5390625,-0.008282083715112631,0,0,0.48855767013097623,0.5114423298690238,0.5114423298690238,1.0,0.01,0.25395006713278984,420,920,1020,1050
2023-12-19,42270.52734375,0.032687613405284255,1,0,0.48039076846432216,0.5196092315356778,0.5196092315356778,1.0,0.01,0.25395006713278984,420,920,1020,1050
2023-12-20,43652.25,0.0049688697318006625,1,0,0.4687828247636089,0.5312171752363911,0.5312171752363911,1.0,0.01,0.25395006713278984,420,920,1020,1050
2023-12-21,43869.15234375,0.002934864092908329,1,0,0.46382972239362036,0.5361702776063797,0.5361702776063797,1.0,0.01,0.25395006713278984,420,920,1020,1050
2023-12-22,43997.90234375,-0.005872083923035065,0,0,0.4680109552672295,0.5319890447327704,0.5319890447327704,1.0,0.01,0.25395006713278984,420,920,1020,1050
2023-12-23,43739.54296875,-0.01653939964043194,0,0,0.470971790475396,0.5290282095246039,0.5290282095246039,1.0,0.01,0.25395006713278984,420,920,1020,1050
2023-12-24,43016.1171875,0.013879063861056418,1,0,0.49947413925109635,0.5005258607489036,0.5005258607489036,1.0,0.01,0.25395006713278984,420,920,1020,1050
2023-12-25,43613.140625,-0.025055253200995553,0,0,0.473402850068975,0.526597149931025,0.526597149931025,1.0,0.01,0.25395006713278984,420,920,1020,1050
2023-12-26,42520.40234375,0.021694364920222586,1,1,0.505701873485376,0.494298126514624,0.505701873485376,1.0,0.01,0.25395006713278984,420,920,1020,1050
2023-12-27,43442.85546875,-0.01876027694786908,0,0,0.4708619874280641,0.5291380125719358,0.5291380125719358,1.0,0.01,0.25395006713278984,420,920,1020,1050
2023-12-28,42627.85546875,-0.012396896798793966,0,0,0.4911510870869836,0.5088489129130165,0.5088489129130165,1.0,0.01,0.25395006713278984,420,920,1020,1050
2023-12-29,42099.40234375,0.0013658151137276864,1,0,0.497169889454994,0.5028301105450059,0.5028301105450059,1.0,0.01,0.25395006713278984,420,920,1020,1050
2023-12-30,42156.90234375,0.002568622223877659,1,0,0.4853688349357285,0.5146311650642714,0.5146311650642714,1.0,0.01,0.25395006713278984,420,920,1020,1050
2023-12-31,42265.1875,0.0450049945064126,1,0,0.48397654071737267,0.5160234592826274,0.5160234592826274,1.0,0.01,0.25395006713278984,420,920,1020,1050
2024-01-01,44167.33203125,0.017900939051301412,1,0,0.46506003210713015,0.5349399678928699,0.5349399678928699,1.0,0.01,0.25395006713278984,420,920,1020,1050
2024-01-02,44957.96875,-0.04692812036242189,0,1,0.5276737233312927,0.4723262766687073,0.5276737233312927,1.0,0.01,0.25395006713278984,420,920,1020,1050
2024-01-03,42848.17578125,0.03108057856532498,1,1,0.5014906132359296,0.4985093867640704,0.5014906132359296,1.0,0.01,0.25395006713278984,420,920,1020,1050
2024-01-04,44179.921875,-0.0003900067727314882,0,0,0.4578190175260169,0.5421809824739832,0.5421809824739832,1.0,0.01,0.25395006713278984,420,920,1020,1050
2024-01-05,44162.69140625,-0.003928567037593367,0,0,0.472960446127663,0.5270395538723369,0.5270395538723369,1.0,0.01,0.25395006713278984,420,920,1020,1050
2024-01-06,43989.1953125,-0.0010479313368322307,0,0,0.4692257555701647,0.5307742444298353,0.5307742444298353,1.0,0.01,0.25395006713278984,420,920,1020,1050
2024-01-07,43943.09765625,0.06889378335779228,1,0,0.4797082237507608,0.5202917762492392,0.5202917762492392,1.0,0.01,0.25395006713278984,420,920,1020,1050
2024-01-08,46970.50390625,-0.017687130611972357,0,1,0.5313739731696067,0.46862602683039334,0.5313739731696067,1.0,0.01,0.25395006713278984,420,920,1020,1050
2024-01-09,46139.73046875,0.010577584004972662,1,0,0.4688651045137812,0.5311348954862187,0.5311348954862187,1.0,0.01,0.25395006713278984,420,920,1020,1050
2024-01-10,46627.77734375,-0.005558733892443213,0,0,0.47168097513625434,0.5283190248637457,0.5283190248637457,1.0,0.01,0.25395006713278984,420,920,1020,1050
2024-01-11,46368.5859375,-0.07581464687080208,0,0,0.46687306277261936,0.5331269372273806,0.5331269372273806,1.0,0.01,0.25395006713278984,420,920,1020,1050
2024-01-12,42853.16796875,-0.0002516769882185965,0,1,0.5423655497618741,0.4576344502381259,0.5423655497618741,1.0,0.01,0.25395006713278984,420,920,1020,1050
2024-01-13,42842.3828125,-0.0244177193838242,0,1,0.5003847878434554,0.4996152121565446,0.5003847878434554,1.0,0.01,0.25395006713278984,420,920,1020,1050
2024-01-14,41796.26953125,0.01712351907901466,1,1,0.5340536388285461,0.46594636117145394,0.5340536388285461,1.0,0.01,0.25395006713278984,420,920,1020,1050
2024-01-15,42511.96875,0.015124600939588229,1,0,0.48028931912252865,0.5197106808774714,0.5197106808774714,10.0,scale,0.25349055624475086,450,950,1050,1080
2024-01-16,43154.9453125,-0.009553782672285682,0,1,0.5008080901503144,0.49919190984968564,0.5008080901503144,10.0,scale,0.25349055624475086,450,950,1050,1080
2024-01-17,42742.65234375,-0.034639725632667706,0,1,0.5149248098568373,0.4850751901431627,0.5149248098568373,10.0,scale,0.25349055624475086,450,950,1050,1080
2024-01-18,41262.05859375,0.00863620644230223,1,0,0.4894924289960476,0.5105075710039524,0.5105075710039524,10.0,scale,0.25349055624475086,450,950,1050,1080
2024-01-19,41618.40625,0.0011336255217606617,1,0,0.49614139851746036,0.5038586014825397,0.5038586014825397,10.0,scale,0.25349055624475086,450,950,1050,1080
2024-01-20,41665.5859375,-0.0028752933279206916,0,1,0.5007874578908474,0.49921254210915256,0.5007874578908474,10.0,scale,0.25349055624475086,450,950,1050,1080
2024-01-21,41545.78515625,-0.049064374667218136,0,0,0.4942765244159095,0.5057234755840905,0.5057234755840905,10.0,scale,0.25349055624475086,450,950,1050,1080
2024-01-22,39507.3671875,0.008560013431039293,1,0,0.46390937255262227,0.5360906274473778,0.5360906274473778,10.0,scale,0.25349055624475086,450,950,1050,1080
2024-01-23,39845.55078125,0.005810521700930993,1,0,0.4831383361204606,0.5168616638795394,0.5168616638795394,10.0,scale,0.25349055624475086,450,950,1050,1080
2024-01-24,40077.07421875,-0.0035747525934159974,0,0,0.4920867590400049,0.5079132409599951,0.5079132409599951,10.0,scale,0.25349055624475086,450,950,1050,1080
2024-01-25,39933.80859375,0.04715459322091098,1,0,0.4978744618804448,0.5021255381195552,0.5021255381195552,10.0,scale,0.25349055624475086,450,950,1050,1080
2024-01-26,41816.87109375,0.007250269707417489,1,0,0.49994181608492577,0.5000581839150742,0.5000581839150742,10.0,scale,0.25349055624475086,450,950,1050,1080
2024-01-27,42120.0546875,-0.002005242826170095,0,1,0.500269785797073,0.49973021420292696,0.500269785797073,10.0,scale,0.25349055624475086,450,950,1050,1080
2024-01-28,42035.59375,0.029799801358818767,1,1,0.5031180943662356,0.49688190563376444,0.5031180943662356,10.0,scale,0.25349055624475086,450,950,1050,1080
2024-01-29,43288.24609375,-0.007753530092744043,0,1,0.511115244028345,0.48888475597165504,0.511115244028345,10.0,scale,0.25349055624475086,450,950,1050,1080
2024-01-30,42952.609375,-0.00861423582021903,0,1,0.5123118793032484,0.4876881206967516,0.5123118793032484,10.0,scale,0.25349055624475086,450,950,1050,1080
2024-01-31,42582.60546875,0.011581441842771323,1,1,0.5134304864180386,0.48656951358196143,0.5134304864180386,10.0,scale,0.25349055624475086,450,950,1050,1080
2024-02-01,43075.7734375,0.0025556346111748063,1,1,0.531142825010112,0.468857174989888,0.531142825010112,10.0,scale,0.25349055624475086,450,950,1050,1080
2024-02-02,43185.859375,-0.0044831659668692625,0,1,0.5140657298078286,0.4859342701921714,0.5140657298078286,10.0,scale,0.25349055624475086,450,950,1050,1080
2024-02-03,42992.25,-0.009505619472114146,0,1,0.500320876722913,0.49967912327708697,0.500320876722913,10.0,scale,0.25349055624475086,450,950,1050,1080
2024-02-04,42583.58203125,0.0017632602500394778,1,1,0.5089113811332077,0.49108861886679234,0.5089113811332077,10.0,scale,0.25349055624475086,450,950,1050,1080
2024-02-05,42658.66796875,0.009986338686479135,1,0,0.4960356431762834,0.5039643568237167,0.5039643568237167,10.0,scale,0.25349055624475086,450,950,1050,1080
2024-02-06,43084.671875,0.028630850081180936,1,0,0.49662270719604257,0.5033772928039575,0.5033772928039575,10.0,scale,0.25349055624475086,450,950,1050,1080
2024-02-07,44318.22265625,0.022188248784866804,1,1,0.500720854170046,0.49927914582995403,0.500720854170046,10.0,scale,0.25349055624475086,450,950,1050,1080
2024-02-08,45301.56640625,0.040741037427910465,1,1,0.5035168840409867,0.4964831159590133,0.5035168840409867,10.0,scale,0.25349055624475086,450,950,1050,1080
2024-02-09,47147.19921875,0.013236801662479536,1,0,0.4854717709271936,0.5145282290728064,0.5145282290728064,10.0,scale,0.25349055624475086,450,950,1050,1080
2024-02-10,47771.27734375,0.010940478338881565,1,0,0.4664976196527918,0.5335023803472082,0.5335023803472082,10.0,scale,0.25349055624475086,450,950,1050,1080
2024-02-11,48293.91796875,0.034461993507690414,1,1,0.512094885627465,0.48790511437253503,0.512094885627465,10.0,scale,0.25349055624475086,450,950,1050,1080
2024-02-12,49958.22265625,-0.004319233922406296,0,0,0.4980620174534045,0.5019379825465955,0.5019379825465955,10.0,scale,0.25349055624475086,450,950,1050,1080
2024-02-13,49742.44140625,0.041900916949929146,1,1,0.5160065533236421,0.4839934466763579,0.5160065533236421,10.0,scale,0.25349055624475086,450,950,1050,1080
2024-02-14,51826.6953125,0.0021583350882306007,1,0,0.47879870201558455,0.5212012979844154,0.5212012979844154,1.0,0.01,0.2509686151323935,480,980,1080,1110
2024-02-15,51938.5546875,0.004267512618200353,1,0,0.482740189365061,0.517259810634939,0.517259810634939,1.0,0.01,0.2509686151323935,480,980,1080,1110
2024-02-16,52160.203125,-0.009532306269177337,0,0,0.4816708474229648,0.5183291525770353,0.5183291525770353,1.0,0.01,0.2509686151323935,480,980,1080,1110
2024-02-17,51662.99609375,0.008895163192163213,1,0,0.48370599528067565,0.5162940047193243,0.5162940047193243,1.0,0.01,0.2509686151323935,480,980,1080,1110
2024-02-18,52122.546875,-0.006588364620277343,0,0,0.48249392071878083,0.5175060792812192,0.5175060792812192,1.0,0.01,0.2509686151323935,480,980,1080,1110
2024-02-19,51779.14453125,0.009767068832988945,1,0,0.497768309380636,0.502231690619364,0.502231690619364,1.0,0.01,0.2509686151323935,480,980,1080,1110
2024-02-20,52284.875,-0.008524364120598982,0,1,0.5067469404679603,0.4932530595320397,0.5067469404679603,1.0,0.01,0.2509686151323935,480,980,1080,1110
2024-02-21,51839.1796875,-0.010305082651198116,0,0,0.49547112536005783,0.5045288746399421,0.5045288746399421,1.0,0.01,0.2509686151323935,480,980,1080,1110
2024-02-22,51304.97265625,-0.011168964874795462,0,0,0.4978517386177186,0.5021482613822814,0.5021482613822814,1.0,0.01,0.2509686151323935,480,980,1080,1110
2024-02-23,50731.94921875,0.016540904827679226,1,0,0.4998469144939293,0.5001530855060707,0.5001530855060707,1.0,0.01,0.2509686151323935,480,980,1080,1110
2024-02-24,51571.1015625,0.003143945229742817,1,0,0.4823539805068194,0.5176460194931807,0.5176460194931807,1.0,0.01,0.2509686151323935,480,980,1080,1110
2024-02-25,51733.23828125,0.053914352844811164,1,0,0.49175542009327516,0.5082445799067248,0.5082445799067248,1.0,0.01,0.2509686151323935,480,980,1080,1110
2024-02-26,54522.40234375,0.04700762695380023,1,1,0.5316942306482251,0.4683057693517749,0.5316942306482251,1.0,0.01,0.2509686151323935,480,980,1080,1110
2024-02-27,57085.37109375,0.09493531994124749,1,0,0.4867383206781778,0.5132616793218222,0.5132616793218222,1.0,0.01,0.2509686151323935,480,980,1080,1110
2024-02-28,62504.7890625,-0.020900898468654838,0,1,0.5109051523745644,0.48909484762543565,0.5109051523745644,1.0,0.01,0.2509686151323935,480,980,1080,1110
2024-02-29,61198.3828125,0.020298739001094468,1,1,0.5017030433975265,0.49829695660247353,0.5017030433975265,1.0,0.01,0.2509686151323935,480,980,1080,1110
2024-03-01,62440.6328125,-0.006578811548619723,0,0,0.4898155356117817,0.5101844643882183,0.5101844643882183,1.0,0.01,0.2509686151323935,480,980,1080,1110
2024-03-02,62029.84765625,0.01833832389535761,1,0,0.49292011054875606,0.5070798894512439,0.5070798894512439,1.0,0.01,0.2509686151323935,480,980,1080,1110
2024-03-03,63167.37109375,0.08173591649219114,1,0,0.4927487967692826,0.5072512032307174,0.5072512032307174,1.0,0.01,0.2509686151323935,480,980,1080,1110
2024-03-04,68330.4140625,-0.06628402455760396,0,1,0.5557141952737278,0.4442858047262722,0.5557141952737278,1.0,0.01,0.2509686151323935,480,980,1080,1110
2024-03-05,63801.19921875,0.03613733749494208,1,1,0.5527151885134631,0.44728481148653687,0.5527151885134631,1.0,0.01,0.2509686151323935,480,980,1080,1110
2024-03-06,66106.8046875,0.012384196927533564,1,0,0.48994389136692074,0.5100561086330793,0.5100561086330793,1.0,0.01,0.2509686151323935,480,980,1080,1110
2024-03-07,66925.484375,0.020539401213709896,1,1,0.5029845817333705,0.49701541826662954,0.5029845817333705,1.0,0.01,0.2509686151323935,480,980,1080,1110
2024-03-08,68300.09375,0.0029105240064184468,1,1,0.5107412324901571,0.4892587675098429,0.5107412324901571,1.0,0.01,0.2509686151323935,480,980,1080,1110
2024-03-09,68498.8828125,0.007604594828588107,1,1,0.5092682754689964,0.49073172453100355,0.5092682754689964,1.0,0.01,0.2509686151323935,480,980,1080,1110
2024-03-10,69019.7890625,0.04497430707429584,1,1,0.534359950529395,0.465640049470605,0.534359950529395,1.0,0.01,0.2509686151323935,480,980,1080,1110
2024-03-11,72123.90625,-0.008909905479502545,0,1,0.5286028045944486,0.47139719540555136,0.5286028045944486,1.0,0.01,0.2509686151323935,480,980,1080,1110
2024-03-12,71481.2890625,0.022414410239567806,1,1,0.5236831537159876,0.4763168462840124,0.5236831537159876,1.0,0.01,0.2509686151323935,480,980,1080,1110
2024-03-13,73083.5,-0.0230819028918976,0,1,0.5061657472875118,0.49383425271248815,0.5061657472875118,1.0,0.01,0.2509686151323935,480,980,1080,1110
2024-03-14,71396.59375,-0.027911980219644583,0,1,0.5370723528019536,0.46292764719804635,0.5370723528019536,1.0,0.01,0.2509686151323935,480,980,1080,1110
2024-03-15,69403.7734375,-0.05891115205258901,0,1,0.5733189507111787,0.42668104928882133,0.5733189507111787,1.0,0.01,0.24733867664537107,510,1010,1110,1140
2024-03-16,65315.1171875,0.04708722796395115,1,1,0.589060740173492,0.41093925982650803,0.589060740173492,1.0,0.01,0.24733867664537107,510,1010,1110,1140
2024-03-17,68390.625,-0.0123120859035869,0,1,0.5458023327011204,0.45419766729887956,0.5458023327011204,1.0,0.01,0.24733867664537107,510,1010,1110,1140
2024-03-18,67548.59375,-0.08343356981432348,0,1,0.5656703159476489,0.43432968405235106,0.5656703159476489,1.0,0.01,0.24733867664537107,510,1010,1110,1140
2024-03-19,61912.7734375,0.09692504638897836,1,1,0.6196678567429034,0.38033214325709663,0.6196678567429034,1.0,0.01,0.24733867664537107,510,1010,1110,1140
2024-03-20,67913.671875,-0.03566706353999505,0,1,0.5257352199744036,0.47426478002559636,0.5257352199744036,1.0,0.01,0.24733867664537107,510,1010,1110,1140
2024-03-21,65491.390625,-0.02615044343853401,0,1,0.5659067935062446,0.4340932064937554,0.5659067935062446,1.0,0.01,0.24733867664537107,510,1010,1110,1140
2024-03-22,63778.76171875,0.004444134671348854,1,1,0.5663508619310539,0.4336491380689461,0.5663508619310539,1.0,0.01,0.24733867664537107,510,1010,1110,1140
2024-03-23,64062.203125,0.04951388799118828,1,1,0.5513642693598342,0.4486357306401658,0.5513642693598342,1.0,0.01,0.24733867664537107,510,1010,1110,1140
2024-03-24,67234.171875,0.04052464020923141,1,1,0.5348725341227869,0.4651274658772131,0.5348725341227869,1.0,0.01,0.24733867664537107,510,1010,1110,1140
2024-03-25,69958.8125,0.00041486463910467286,1,1,0.548257962845862,0.45174203715413797,0.548257962845862,1.0,0.01,0.24733867664537107,510,1010,1110,1140
2024-03-26,69987.8359375,-0.007608353371227561,0,1,0.5404375896102679,0.4595624103897321,0.5404375896102679,1.0,0.01,0.24733867664537107,510,1010,1110,1140
2024-03-27,69455.34375,0.018567460837021654,1,1,0.5533896228405699,0.4466103771594301,0.5533896228405699,1.0,0.01,0.24733867664537107,510,1010,1110,1140
2024-03-28,70744.953125,-0.01204502883045766,0,1,0.5373014553750006,0.4626985446249994,0.5373014553750006,1.0,0.01,0.24733867664537107,510,1010,1110,1140
2024-03-29,69892.828125,-0.0035414711944022903,0,1,0.5472341470133777,0.4527658529866223,0.5472341470133777,1.0,0.01,0.24733867664537107,510,1010,1110,1140
2024-03-30,69645.3046875,0.02424203264779501,1,1,0.5428272633852521,0.4571727366147479,0.5428272633852521,1.0,0.01,0.24733867664537107,510,1010,1110,1140
2024-03-31,71333.6484375,-0.022871394296192005,0,1,0.5419364023277687,0.45806359767223126,0.5419364023277687,1.0,0.01,0.24733867664537107,510,1010,1110,1140
2024-04-01,69702.1484375,-0.061047985989492126,0,1,0.5837905910722544,0.4162094089277456,0.5837905910722544,1.0,0.01,0.24733867664537107,510,1010,1110,1140
2024-04-02,65446.97265625,0.008156830210526378,1,1,0.600116245227474,0.399883754772526,0.600116245227474,1.0,0.01,0.24733867664537107,510,1010,1110,1140
2024-04-03,65980.8125,0.038314642609167615,1,1,0.5486906279203091,0.4513093720796909,0.5486906279203091,1.0,0.01,0.24733867664537107,510,1010,1110,1140
2024-04-04,68508.84375,-0.009797320875087778,0,1,0.5287240329368744,0.4712759670631256,0.5287240329368744,1.0,0.01,0.24733867664537107,510,1010,1110,1140
2024-04-05,67837.640625,0.015602971156545964,1,1,0.5387408319867302,0.4612591680132698,0.5387408319867302,1.0,0.01,0.24733867664537107,510,1010,1110,1140
2024-04-06,68896.109375,0.006770270726916605,1,1,0.5198271583907876,0.48017284160921236,0.5198271583907876,1.0,0.01,0.24733867664537107,510,1010,1110,1140
2024-04-07,69362.5546875,0.03270935878474601,1,1,0.5305150684900019,0.46948493150999815,0.5305150684900019,1.0,0.01,0.24733867664537107,510,1010,1110,1140
2024-04-08,71631.359375,-0.03479403115822832,0,1,0.5447682426375242,0.4552317573624758,0.5447682426375242,1.0,0.01,0.24733867664537107,510,1010,1110,1140
2024-04-09,69139.015625,0.0209558550176423,1,1,0.5440492305149938,0.45595076948500624,0.5440492305149938,1.0,0.01,0.24733867664537107,510,1010,1110,1140
2024-04-10,70587.8828125,-0.007469744331340511,0,1,0.5254838866647658,0.47451611333523425,0.5254838866647658,1.0,0.01,0.24733867664537107,510,1010,1110,1140
2024-04-11,70060.609375,-0.04088948430588779,0,1,0.5321771980344236,0.46782280196557635,0.5321771980344236,1.0,0.01,0.24733867664537107,510,1010,1110,1140
2024-04-12,67195.8671875,-0.05021729270691988,0,1,0.5744198730304887,0.4255801269695113,0.5744198730304887,1.0,0.01,0.24733867664537107,510,1010,1110,1140
2024-04-13,63821.47265625,0.03004089104268326,1,1,0.590901896102829,0.40909810389717105,0.590901896102829,1.0,0.01,0.24733867664537107,510,1010,1110,1140
2024-04-14,65738.7265625,-0.03517737178558533,0,1,0.5661757596292105,0.4338242403707895,0.5661757596292105,1.0,0.01,0.24675467159816747,540,1040,1140,1170
2024-04-15,63426.2109375,0.006080330797783695,1,1,0.6169960886343487,0.38300391136565126,0.6169960886343487,1.0,0.01,0.24675467159816747,540,1040,1140,1170
2024-04-16,63811.86328125,-0.03972884891052719,0,1,0.5650010817420257,0.4349989182579743,0.5650010817420257,1.0,0.01,0.24675467159816747,540,1040,1140,1170
2024-04-17,61276.69140625,0.03649124077498622,1,1,0.6287366895936028,0.37126331040639715,0.6287366895936028,1.0,0.01,0.24675467159816747,540,1040,1140,1170
2024-04-18,63512.75390625,0.005208661031110617,1,1,0.5349679628216238,0.46503203717837616,0.5349679628216238,1.0,0.01,0.24675467159816747,540,1040,1140,1170
2024-04-19,63843.5703125,0.018026421268684478,1,1,0.5669372698511855,0.43306273014881447,0.5669372698511855,1.0,0.01,0.24675467159816747,540,1040,1140,1170
2024-04-20,64994.44140625,-0.0010431180502996629,0,1,0.505024042383924,0.49497595761607605,0.505024042383924,1.0,0.01,0.24675467159816747,540,1040,1140,1170
2024-04-21,64926.64453125,0.029433758205850147,1,1,0.5299800639694316,0.47001993603056835,0.5299800639694316,1.0,0.01,0.24675467159816747,540,1040,1140,1170
2024-04-22,66837.6796875,-0.006439574982440521,0,1,0.5308632575106441,0.4691367424893559,0.5308632575106441,1.0,0.01,0.24675467159816747,540,1040,1140,1170
2024-04-23,66407.2734375,-0.03208044676017341,0,1,0.5206656155933911,0.4793343844066089,0.5206656155933911,1.0,0.01,0.24675467159816747,540,1040,1140,1170
2024-04-24,64276.8984375,0.0031863484195515657,1,1,0.5755314410810602,0.42446855891893975,0.5755314410810602,1.0,0.01,0.24675467159816747,540,1040,1140,1170
2024-04-25,64481.70703125,-0.011265004482557628,0,1,0.5574992254348176,0.44250077456518244,0.5574992254348176,1.0,0.01,0.24675467159816747,540,1040,1140,1170
2024-04-26,63755.3203125,-0.005272966802647994,0,1,0.5545348049548283,0.4454651950451717,0.5545348049548283,1.0,0.01,0.24675467159816747,540,1040,1140,1170
2024-04-27,63419.140625,-0.004823625063903991,0,1,0.5459858912256669,0.4540141087743331,0.5459858912256669,1.0,0.01,0.24675467159816747,540,1040,1140,1170
2024-04-28,63113.23046875,0.011533090916022948,1,1,0.5540608825748389,0.4459391174251611,0.5540608825748389,1.0,0.01,0.24675467159816747,540,1040,1140,1170
2024-04-29,63841.12109375,-0.050191249309274655,0,1,0.5679090610238773,0.4320909389761227,0.5679090610238773,1.0,0.01,0.24675467159816747,540,1040,1140,1170
2024-04-30,60636.85546875,-0.03929695449375714,0,1,0.6250001719123662,0.37499982808763377,0.6250001719123662,1.0,0.01,0.24675467159816747,540,1040,1140,1170
2024-05-01,58254.01171875,0.014924669552331737,1,1,0.6375808914892314,0.36241910851076864,0.6375808914892314,1.0,0.01,0.24675467159816747,540,1040,1140,1170
2024-05-02,59123.43359375,0.06370405294167747,1,1,0.5766371103086659,0.42336288969133407,0.5766371103086659,1.0,0.01,0.24675467159816747,540,1040,1140,1170
2024-05-03,62889.8359375,0.015926845790239064,1,1,0.5042535138609334,0.4957464861390666,0.5042535138609334,1.0,0.01,0.24675467159816747,540,1040,1140,1170
2024-05-04,63891.47265625,0.002185896653241981,1,0,0.4957927773099271,0.5042072226900729,0.5042072226900729,1.0,0.01,0.24675467159816747,540,1040,1140,1170
2024-05-05,64031.1328125,-0.013574390387488533,0,1,0.507493749771297,0.492506250228703,0.507493749771297,1.0,0.01,0.24675467159816747,540,1040,1140,1170
2024-05-06,63161.94921875,-0.01309542885757653,0,1,0.5678487758938067,0.43215122410619333,0.5678487758938067,1.0,0.01,0.24675467159816747,540,1040,1140,1170
2024-05-07,62334.81640625,-0.018398626419713127,0,1,0.5387840748588616,0.4612159251411384,0.5387840748588616,1.0,0.01,0.24675467159816747,540,1040,1140,1170
2024-05-08,61187.94140625,0.03043115176709965,1,1,0.5579934083627452,0.44200659163725475,0.5579934083627452,1.0,0.01,0.24675467159816747,540,1040,1140,1170
2024-05-09,63049.9609375,-0.035799920573900024,0,1,0.5150162499954873,0.48498375000451266,0.5150162499954873,1.0,0.01,0.24675467159816747,540,1040,1140,1170
2024-05-10,60792.77734375,1.5356984674586016e-05,1,1,0.581712176031338,0.41828782396866204,0.581712176031338,1.0,0.01,0.24675467159816747,540,1040,1140,1170
2024-05-11,60793.7109375,0.010768936188532141,1,1,0.5408073418160846,0.4591926581839154,0.5408073418160846,1.0,0.01,0.24675467159816747,540,1040,1140,1170
2024-05-12,61448.39453125,0.023646747788683697,1,1,0.5443225995302479,0.45567740046975214,0.5443225995302479,1.0,0.01,0.24675467159816747,540,1040,1140,1170
2024-05-13,62901.44921875,-0.02144084393922019,0,1,0.5858241234883512,0.4141758765116488,0.5858241234883512,1.0,0.01,0.24675467159816747,540,1040,1140,1170
2024-05-14,61552.7890625,0.07659609250545496,1,1,0.5183331456341246,0.4816668543658754,0.5183331456341246,0.1,scale,0.2495085051884935,570,1070,1170,1200
2024-05-15,66267.4921875,-0.01563225228621834,0,1,0.5643684818735193,0.4356315181264807,0.5643684818735193,0.1,scale,0.2495085051884935,570,1070,1170,1200
2024-05-16,65231.58203125,0.02790508695432159,1,1,0.5154516344392845,0.48454836556071545,0.5154516344392845,0.1,scale,0.2495085051884935,570,1070,1170,1200
2024-05-17,67051.875,-0.0016564833198177142,0,1,0.5357104719613989,0.46428952803860113,0.5357104719613989,0.1,scale,0.2495085051884935,570,1070,1170,1200
2024-05-18,66940.8046875,-0.009895869986810912,0,1,0.5105055856467532,0.4894944143532468,0.5105055856467532,0.1,scale,0.2495085051884935,570,1070,1170,1200
2024-05-19,66278.3671875,0.07800174241430358,1,1,0.5145138744454874,0.48548612555451265,0.5145138744454874,0.1,scale,0.2495085051884935,570,1070,1170,1200
2024-05-20,71448.1953125,-0.018358253231772315,0,1,0.5971360698326327,0.4028639301673673,0.5971360698326327,0.1,scale,0.2495085051884935,570,1070,1170,1200
2024-05-21,70136.53125,-0.01446030042296964,0,1,0.5492673200936309,0.4507326799063691,0.5492673200936309,0.1,scale,0.2495085051884935,570,1070,1170,1200
2024-05-22,69122.3359375,-0.017255976976508713,0,1,0.5289194215604884,0.47108057843951157,0.5289194215604884,0.1,scale,0.2495085051884935,570,1070,1170,1200
2024-05-23,67929.5625,0.008781729788116976,1,1,0.5528798340350216,0.4471201659649784,0.5528798340350216,0.1,scale,0.2495085051884935,570,1070,1170,1200
2024-05-24,68526.1015625,0.010796524727518797,1,1,0.5195715836248315,0.48042841637516853,0.5195715836248315,0.1,scale,0.2495085051884935,570,1070,1170,1200
2024-05-25,69265.9453125,-0.010796814497022966,0,1,0.5225391509570899,0.4774608490429101,0.5225391509570899,0.1,scale,0.2495085051884935,570,1070,1170,1200
2024-05-26,68518.09375,0.012791671360530277,1,1,0.5322631047907228,0.4677368952092772,0.5322631047907228,0.1,scale,0.2495085051884935,570,1070,1170,1200
2024-05-27,69394.5546875,-0.015827408107827234,0,1,0.5610295056867372,0.43897049431326285,0.5610295056867372,0.1,scale,0.2495085051884935,570,1070,1170,1200
2024-05-28,68296.21875,-0.01051485738366742,0,1,0.5530967733418071,0.44690322665819293,0.5530967733418071,0.1,scale,0.2495085051884935,570,1070,1170,1200
2024-05-29,67578.09375,0.011644282841286824,1,1,0.5328159434412723,0.46718405655872774,0.5328159434412723,0.1,scale,0.2495085051884935,570,1070,1170,1200
2024-05-30,68364.9921875,-0.012778150001159894,0,1,0.5249965155768521,0.4750034844231479,0.5249965155768521,0.1,scale,0.2495085051884935,570,1070,1170,1200
2024-05-31,67491.4140625,0.0031933460054698326,1,1,0.5316418140259178,0.4683581859740822,0.5316418140259178,0.1,scale,0.2495085051884935,570,1070,1170,1200
2024-06-01,67706.9375,0.0006596674454519835,1,1,0.5292558437451947,0.47074415625480526,0.5292558437451947,0.1,scale,0.2495085051884935,570,1070,1170,1200
2024-06-02,67751.6015625,0.015544720172089965,1,1,0.5489484263023114,0.45105157369768856,0.5489484263023114,0.1,scale,0.2495085051884935,570,1070,1170,1200
2024-06-03,68804.78125,0.025622992224831664,1,1,0.5807393945786085,0.41926060542139154,0.5807393945786085,0.1,scale,0.2495085051884935,570,1070,1170,1200
2024-06-04,70567.765625,0.007298724608017615,1,1,0.5195615575639183,0.4804384424360817,0.5195615575639183,0.1,scale,0.2495085051884935,570,1070,1170,1200
2024-06-05,71082.8203125,-0.004581363662391591,0,1,0.5242779915797096,0.47572200842029044,0.5242779915797096,0.1,scale,0.2495085051884935,570,1070,1170,1200
2024-06-06,70757.1640625,-0.01999201273457618,0,1,0.524991984555088,0.475008015444912,0.524991984555088,0.1,scale,0.2495085051884935,570,1070,1170,1200
2024-06-07,69342.5859375,-0.0005308786729295578,0,1,0.5551501752027556,0.44484982479724444,0.5551501752027556,0.1,scale,0.2495085051884935,570,1070,1170,1200
2024-06-08,69305.7734375,0.00493781012787653,1,1,0.5327691447776581,0.46723085522234187,0.5327691447776581,0.1,scale,0.2495085051884935,570,1070,1170,1200
2024-06-09,69647.9921875,-0.0019485261992140401,0,1,0.5218372929358666,0.47816270706413344,0.5218372929358666,0.1,scale,0.2495085051884935,570,1070,1170,1200
2024-06-10,69512.28125,-0.03136496113771259,0,1,0.5561992043089538,0.44380079569104625,0.5561992043089538,0.1,scale,0.2495085051884935,570,1070,1170,1200
2024-06-11,67332.03125,0.013502581655740586,1,1,0.5982968466319217,0.40170315336807827,0.5982968466319217,0.1,scale,0.2495085051884935,570,1070,1170,1200
2024-06-12,68241.1875,-0.021757960505889518,0,1,0.5267041896292964,0.47329581037070356,0.5267041896292964,0.1,scale,0.2495085051884935,570,1070,1170,1200
2024-06-13,66756.3984375,-0.011164543099157487,0,1,0.5858648280842114,0.41413517191578864,0.5858648280842114,1.0,0.01,0.24790923247970847,600,1100,1200,1230
2024-06-14,66011.09375,0.0027253941690672523,1,1,0.5770689652034543,0.4229310347965457,0.5770689652034543,1.0,0.01,0.24790923247970847,600,1100,1200,1230
2024-06-15,66191.0,0.006768999939568809,1,1,0.5535594801674751,0.44644051983252486,0.5535594801674751,1.0,0.01,0.24790923247970847,600,1100,1200,1230
2024-06-16,66639.046875,-0.0022321747830370553,0,1,0.5432193274843283,0.45678067251567167,0.5432193274843283,1.0,0.01,0.24790923247970847,600,1100,1200,1230
2024-06-17,66490.296875,-0.02029695827328193,0,1,0.6290803252553705,0.3709196747446295,0.6290803252553705,1.0,0.01,0.24790923247970847,600,1100,1200,1230
2024-06-18,65140.74609375,-0.0027701435671353414,0,1,0.6229942231700304,0.3770057768299696,0.6229942231700304,1.0,0.01,0.24790923247970847,600,1100,1200,1230
2024-06-19,64960.296875,-0.00202647819256907,0,1,0.5975786174076093,0.4024213825923907,0.5975786174076093,1.0,0.01,0.24790923247970847,600,1100,1200,1230
2024-06-20,64828.65625,-0.011298352821403679,0,1,0.6164568321097341,0.3835431678902659,0.6164568321097341,1.0,0.01,0.24790923247970847,600,1100,1200,1230
2024-06-21,64096.19921875,0.0024397531859308152,1,1,0.6135294144898435,0.38647058551015645,0.6135294144898435,1.0,0.01,0.24790923247970847,600,1100,1200,1230
2024-06-22,64252.578125,-0.01668075089399379,0,1,0.5847376944541225,0.4152623055458775,0.5847376944541225,1.0,0.01,0.24790923247970847,600,1100,1200,1230
2024-06-23,63180.796875,-0.04595356431233677,0,1,0.6415967392710897,0.35840326072891027,0.6415967392710897,1.0,0.01,0.24790923247970847,600,1100,1200,1230
2024-06-24,60277.4140625,0.025336630415439876,1,1,0.7823181061877219,0.2176818938122781,0.7823181061877219,1.0,0.01,0.24790923247970847,600,1100,1200,1230
2024-06-25,61804.640625,-0.016072632592061153,0,1,0.5924000794856401,0.4075999205143599,0.5924000794856401,1.0,0.01,0.24790923247970847,600,1100,1200,1230
2024-06-26,60811.27734375,0.013048951973404943,1,1,0.6384280491474186,0.3615719508525814,0.6384280491474186,1.0,0.01,0.24790923247970847,600,1100,1200,1230
2024-06-27,61604.80078125,-0.020853310881755127,0,1,0.5765744701354106,0.42342552986458937,0.5765744701354106,1.0,0.01,0.24790923247970847,600,1100,1200,1230
2024-06-28,60320.13671875,0.009403861104374522,1,1,0.6340502668469444,0.36594973315305557,0.6340502668469444,1.0,0.01,0.24790923247970847,600,1100,1200,1230
2024-06-29,60887.37890625,0.029413551620566913,1,1,0.5665907118136843,0.43340928818631574,0.5665907118136843,1.0,0.01,0.24790923247970847,600,1100,1200,1230
2024-06-30,62678.29296875,0.002771094932125795,1,1,0.5487726203647627,0.4512273796352373,0.5487726203647627,1.0,0.01,0.24790923247970847,600,1100,1200,1230
2024-07-01,62851.98046875,-0.013093697885290578,0,1,0.5530042810181655,0.44699571898183454,0.5530042810181655,1.0,0.01,0.24790923247970847,600,1100,1200,1230
2024-07-02,62029.015625,-0.02990687070088416,0,1,0.5448620102774366,0.45513798972256336,0.5448620102774366,1.0,0.01,0.24790923247970847,600,1100,1200,1230
2024-07-03,60173.921875,-0.05311634426354228,0,1,0.6330168022742643,0.36698319772573573,0.6330168022742643,1.0,0.01,0.24790923247970847,600,1100,1200,1230
2024-07-04,56977.703125,-0.005534237213954074,0,1,0.7266583194544888,0.2733416805455112,0.7266583194544888,1.0,0.01,0.24790923247970847,600,1100,1200,1230
2024-07-05,56662.375,0.02896391234041995,1,1,0.6984476960067397,0.3015523039932603,0.6984476960067397,1.0,0.01,0.24790923247970847,600,1100,1200,1230
2024-07-06,58303.5390625,-0.042097439142912196,0,1,0.5682096290924042,0.43179037090759576,0.5682096290924042,1.0,0.01,0.24790923247970847,600,1100,1200,1230
2024-07-07,55849.109375,0.015326802715911692,1,1,0.6710697893527349,0.32893021064726513,0.6710697893527349,1.0,0.01,0.24790923247970847,600,1100,1200,1230
2024-07-08,56705.09765625,0.02299844211812685,1,1,0.6549427158404956,0.34505728415950443,0.6549427158404956,1.0,0.01,0.24790923247970847,600,1100,1200,1230
2024-07-09,58009.2265625,-0.004598069730556098,0,1,0.5414609225322506,0.45853907746774936,0.5414609225322506,1.0,0.01,0.24790923247970847,600,1100,1200,1230
2024-07-10,57742.49609375,-0.006885432015347748,0,1,0.5463922708818499,0.45360772911815006,0.5463922708818499,1.0,0.01,0.24790923247970847,600,1100,1200,1230
2024-07-11,57344.9140625,0.009670444019596935,1,1,0.5683939052000232,0.4316060947999768,0.5683939052000232,1.0,0.01,0.24790923247970847,600,1100,1200,1230
2024-07-12,57899.46484375,0.023013827240820017,1,1,0.5380730261554295,0.4619269738445705,0.5380730261554295,1.0,0.01,0.24790923247970847,600,1100,1200,1230
2024-07-13,59231.953125,0.026266900915231206,1,0,0.46852275240859886,0.5314772475914011,0.5314772475914011,1.0,0.01,0.2518655409763445,630,1130,1230,1260
2024-07-14,60787.79296875,0.06715755212726138,1,0,0.48946019168339844,0.5105398083166015,0.5105398083166015,1.0,0.01,0.2518655409763445,630,1130,1230,1260
2024-07-15,64870.15234375,0.003499237870556282,1,1,0.5097711160771595,0.4902288839228405,0.5097711160771595,1.0,0.01,0.2518655409763445,630,1130,1230,1260
2024-07-16,65097.1484375,-0.01502916014346345,0,0,0.4697820420097689,0.5302179579902311,0.5302179579902311,1.0,0.01,0.2518655409763445,630,1130,1230,1260
2024-07-17,64118.79296875,-0.0022571629283560934,0,0,0.4611543384842459,0.5388456615157541,0.5388456615157541,1.0,0.01,0.2518655409763445,630,1130,1230,1260
2024-07-18,63974.06640625,0.042768734230136385,1,0,0.4574078032317085,0.5425921967682915,0.5425921967682915,1.0,0.01,0.2518655409763445,630,1130,1230,1260
2024-07-19,66710.15625,0.0067979482134701286,1,0,0.46644152365538977,0.5335584763446102,0.5335584763446102,1.0,0.01,0.2518655409763445,630,1130,1230,1260
2024-07-20,67163.6484375,0.014753144342986024,1,0,0.4536695566282729,0.5463304433717271,0.5463304433717271,1.0,0.01,0.2518655409763445,630,1130,1230,1260
2024-07-21,68154.5234375,-0.00835268752223095,0,0,0.4902291552328097,0.5097708447671903,0.5097708447671903,1.0,0.01,0.2518655409763445,630,1130,1230,1260
2024-07-22,67585.25,-0.02452573786440093,0,1,0.5106887803540522,0.4893112196459478,0.5106887803540522,1.0,0.01,0.2518655409763445,630,1130,1230,1260
2024-07-23,65927.671875,-0.008426492953570563,0,0,0.4913441319205099,0.5086558680794901,0.5086558680794901,1.0,0.01,0.2518655409763445,630,1130,1230,1260
2024-07-24,65372.1328125,0.00619673448871394,1,0,0.48799682799345667,0.5120031720065433,0.5120031720065433,1.0,0.01,0.2518655409763445,630,1130,1230,1260
2024-07-25,65777.2265625,0.032455548053117234,1,1,0.5049847522867432,0.4950152477132568,0.5049847522867432,1.0,0.01,0.2518655409763445,630,1130,1230,1260
2024-07-26,67912.0625,-0.0014537411892032726,0,0,0.45420477179033686,0.5457952282096632,0.5457952282096632,1.0,0.01,0.2518655409763445,630,1130,1230,1260
2024-07-27,67813.3359375,0.006525726007755361,1,0,0.4842409547581686,0.5157590452418315,0.5157590452418315,1.0,0.01,0.2518655409763445,630,1130,1230,1260
2024-07-28,68255.8671875,-0.021037797689324123,0,0,0.46349886093102377,0.5365011390689762,0.5365011390689762,1.0,0.01,0.2518655409763445,630,1130,1230,1260
2024-07-29,66819.9140625,-0.009262185475442442,0,1,0.6005625536527787,0.39943744634722134,0.6005625536527787,1.0,0.01,0.2518655409763445,630,1130,1230,1260
2024-07-30,66201.015625,-0.023893373992326827,0,0,0.49712423548057394,0.5028757645194261,0.5028757645194261,1.0,0.01,0.2518655409763445,630,1130,1230,1260
2024-07-31,64619.25,0.011424614182306447,1,1,0.5389180983755031,0.4610819016244969,0.5389180983755031,1.0,0.01,0.2518655409763445,630,1130,1230,1260
2024-08-01,65357.5,-0.06032105869640059,0,1,0.5155302229532299,0.4844697770467701,0.5155302229532299,1.0,0.01,0.2518655409763445,630,1130,1230,1260
2024-08-02,61415.06640625,-0.011967302150066583,0,1,0.6352062111883928,0.3647937888116072,0.6352062111883928,1.0,0.01,0.2518655409763445,630,1130,1230,1260
2024-08-03,60680.09375,-0.04223983565450573,0,1,0.5909066619438818,0.40909333805611825,0.5909066619438818,1.0,0.01,0.2518655409763445,630,1130,1230,1260
2024-08-04,58116.9765625,-0.07098647891315102,0,1,0.6856007063462981,0.3143992936537019,0.6856007063462981,1.0,0.01,0.2518655409763445,630,1130,1230,1260
2024-08-05,53991.45703125,0.03783671505322772,1,1,0.8138908277896425,0.1861091722103575,0.8138908277896425,1.0,0.01,0.2518655409763445,630,1130,1230,1260
2024-08-06,56034.31640625,-0.017968550940289485,0,1,0.5856414836861557,0.41435851631384435,0.5856414836861557,1.0,0.01,0.2518655409763445,630,1130,1230,1260
2024-08-07,55027.4609375,0.12144256099404904,1,1,0.6258422166901194,0.3741577833098806,0.6258422166901194,1.0,0.01,0.2518655409763445,630,1130,1230,1260
2024-08-08,61710.13671875,-0.013450358103773374,0,0,0.45103208705324016,0.5489679129467598,0.5489679129467598,1.0,0.01,0.2518655409763445,630,1130,1230,1260
2024-08-09,60880.11328125,0.001079157301276501,1,0,0.48112074168672553,0.5188792583132744,0.5188792583132744,1.0,0.01,0.2518655409763445,630,1130,1230,1260
2024-08-10,60945.8125,-0.036529632368097475,0,0,0.4585665349222036,0.5414334650777963,0.5414334650777963,1.0,0.01,0.2518655409763445,630,1130,1230,1260
2024-08-11,58719.484375,0.010814659848586317,1,1,0.6103087050733996,0.3896912949266004,0.6103087050733996,1.0,0.01,0.2518655409763445,630,1130,1230,1260
2024-08-12,59354.515625,0.021144992390795814,1,1,0.5029866662334213,0.49701333376657875,0.5029866662334213,10.0,scale,0.25460440572486304,660,1160,1260,1290
2024-08-13,60609.56640625,-0.0308911115194338,0,1,0.5195213645363236,0.4804786354636764,0.5195213645363236,10.0,scale,0.25460440572486304,660,1160,1260,1290
2024-08-14,58737.26953125,-0.020041310813293967,0,0,0.4857449258677419,0.5142550741322581,0.5142550741322581,10.0,scale,0.25460440572486304,660,1160,1260,1290
2024-08-15,57560.09765625,0.023175912946963972,1,1,0.5029283291211941,0.4970716708788059,0.5029283291211941,10.0,scale,0.25460440572486304,660,1160,1260,1290
2024-08-16,58894.10546875,0.00993082725079053,1,1,0.5123888800388284,0.48761111996117157,0.5123888800388284,10.0,scale,0.25460440572486304,660,1160,1260,1290
2024-08-17,59478.97265625,-0.016728732324455264,0,1,0.5076050568817106,0.49239494311828935,0.5076050568817106,10.0,scale,0.25460440572486304,660,1160,1260,1290
2024-08-18,58483.96484375,0.01726094125025579,1,1,0.5153188479234532,0.48468115207654683,0.5153188479234532,10.0,scale,0.25460440572486304,660,1160,1260,1290
2024-08-19,59493.453125,-0.008079210921579816,0,1,0.5429721227831015,0.4570278772168985,0.5429721227831015,10.0,scale,0.25460440572486304,660,1160,1260,1290
2024-08-20,59012.79296875,0.03664287570061453,1,1,0.5386347850017005,0.4613652149982995,0.5386347850017005,10.0,scale,0.25460440572486304,660,1160,1260,1290
2024-08-21,61175.19140625,-0.012967304646127387,0,1,0.5329981380236095,0.4670018619763905,0.5329981380236095,10.0,scale,0.25460440572486304,660,1160,1260,1290
2024-08-22,60381.9140625,0.061482671821355916,1,1,0.5395662296446998,0.4604337703553002,0.5395662296446998,10.0,scale,0.25460440572486304,660,1160,1260,1290
2024-08-23,64094.35546875,0.0013205019089592707,1,0,0.4912584855717433,0.5087415144282568,0.5087415144282568,10.0,scale,0.25460440572486304,660,1160,1260,1290
2024-08-24,64178.9921875,0.0024081210374646833,1,1,0.5205841432108449,0.4794158567891551,0.5205841432108449,10.0,scale,0.25460440572486304,660,1160,1260,1290
2024-08-25,64333.54296875,-0.022583597070127692,0,1,0.5110017084118581,0.4889982915881419,0.5110017084118581,10.0,scale,0.25460440572486304,660,1160,1260,1290
2024-08-26,62880.66015625,-0.05369739018896724,0,1,0.5146958761299609,0.4853041238700391,0.5146958761299609,10.0,scale,0.25460440572486304,660,1160,1260,1290
2024-08-27,59504.1328125,-0.00800797843742207,0,1,0.5054141774960355,0.49458582250396455,0.5054141774960355,10.0,scale,0.25460440572486304,660,1160,1260,1290
2024-08-28,59027.625,0.006108236397788236,1,1,0.5085118691480611,0.4914881308519389,0.5085118691480611,10.0,scale,0.25460440572486304,660,1160,1260,1290
2024-08-29,59388.1796875,-0.004524521990973862,0,1,0.5163045098150576,0.4836954901849424,0.5163045098150576,10.0,scale,0.25460440572486304,660,1160,1260,1290
2024-08-30,59119.4765625,-0.002530098940268344,0,1,0.5084662197726401,0.49153378022735994,0.5084662197726401,10.0,scale,0.25460440572486304,660,1160,1260,1290
2024-08-31,58969.8984375,-0.027885585694078285,0,1,0.5102574914626039,0.4897425085373961,0.5102574914626039,10.0,scale,0.25460440572486304,660,1160,1260,1290
2024-09-01,57325.48828125,0.031172733823612075,1,0,0.48358670279925425,0.5164132972007458,0.5164132972007458,10.0,scale,0.25460440572486304,660,1160,1260,1290
2024-09-02,59112.48046875,-0.02844504270361159,0,1,0.5330315402619601,0.4669684597380399,0.5330315402619601,10.0,scale,0.25460440572486304,660,1160,1260,1290
2024-09-03,57431.0234375,0.00941156177702851,1,1,0.5242464352500524,0.47575356474994757,0.5242464352500524,10.0,scale,0.25460440572486304,660,1160,1260,1290
2024-09-04,57971.5390625,-0.031240343288065575,0,1,0.5165470944729329,0.4834529055270671,0.5165470944729329,10.0,scale,0.25460440572486304,660,1160,1260,1290
2024-09-05,56160.48828125,-0.03938239218868078,0,1,0.5243187764684332,0.47568122353156683,0.5243187764684332,10.0,scale,0.25460440572486304,660,1160,1260,1290
2024-09-06,53948.75390625,0.003539165966313096,1,0,0.49313622961549536,0.5068637703845047,0.5068637703845047,10.0,scale,0.25460440572486304,660,1160,1260,1290
2024-09-07,54139.6875,0.012964221602682846,1,0,0.4999448564975442,0.5000551435024558,0.5000551435024558,10.0,scale,0.25460440572486304,660,1160,1260,1290
2024-09-08,54841.56640625,0.039713831911113884,1,1,0.5043369340029115,0.49566306599708854,0.5043369340029115,10.0,scale,0.25460440572486304,660,1160,1260,1290
2024-09-09,57019.53515625,0.011034389872275785,1,1,0.5259331937448684,0.47406680625513165,0.5259331937448684,10.0,scale,0.25460440572486304,660,1160,1260,1290
2024-09-10,57648.7109375,-0.005300015516934153,0,1,0.5330857032325336,0.46691429676746643,0.5330857032325336,10.0,scale,0.25460440572486304,660,1160,1260,1290
2024-09-11,57343.171875,0.013669279499548104,1,0,0.4892431555430361,0.5107568444569639,0.5107568444569639,1.0,0.01,0.25353969948489835,690,1190,1290,1320
2024-09-12,58127.01171875,0.04205082955798245,1,0,0.45981162518080676,0.5401883748191932,0.5401883748191932,1.0,0.01,0.25353969948489835,690,1190,1290,1320
2024-09-13,60571.30078125,-0.00934732588201681,0,0,0.4437182514120576,0.5562817485879423,0.5562817485879423,1.0,0.01,0.25353969948489835,690,1190,1290,1320
2024-09-14,60005.12109375,-0.013703582981947293,0,0,0.45125817385013456,0.5487418261498654,0.5487418261498654,1.0,0.01,0.25353969948489835,690,1190,1290,1320
2024-09-15,59182.8359375,-0.016733367188517922,0,0,0.48187275769001325,0.5181272423099867,0.5181272423099867,1.0,0.01,0.25353969948489835,690,1190,1290,1320
2024-09-16,58192.5078125,0.0363626062794542,1,1,0.5496484810961718,0.4503515189038282,0.5496484810961718,1.0,0.01,0.25353969948489835,690,1190,1290,1320
2024-09-17,60308.5390625,0.02223798894564699,1,0,0.46133602339596913,0.5386639766040309,0.5386639766040309,1.0,0.01,0.25353969948489835,690,1190,1290,1320
2024-09-18,61649.6796875,0.020937291974474137,1,0,0.45342093958795693,0.5465790604120431,0.5465790604120431,1.0,0.01,0.25353969948489835,690,1190,1290,1320
2024-09-19,62940.45703125,0.004012038411551844,1,0,0.44947553188652645,0.5505244681134736,0.5505244681134736,1.0,0.01,0.25353969948489835,690,1190,1290,1320
2024-09-20,63192.9765625,0.003194394254405042,1,0,0.448203587564546,0.551796412435454,0.551796412435454,1.0,0.01,0.25353969948489835,690,1190,1290,1320
2024-09-21,63394.83984375,0.004004601863112578,1,0,0.44047229544108407,0.559527704558916,0.559527704558916,1.0,0.01,0.25353969948489835,690,1190,1290,1320
2024-09-22,63648.7109375,-0.005010473135318549,0,0,0.4832555021288534,0.5167444978711466,0.5167444978711466,1.0,0.01,0.25353969948489835,690,1190,1290,1320
2024-09-23,63329.80078125,0.01535087678718594,1,1,0.5038083720522959,0.4961916279477041,0.5038083720522959,1.0,0.01,0.25353969948489835,690,1190,1290,1320
2024-09-24,64301.96875,-0.018021597802944433,0,0,0.45980816418511156,0.5401918358148885,0.5401918358148885,1.0,0.01,0.25353969948489835,690,1190,1290,1320
2024-09-25,63143.14453125,0.032273891570151925,1,0,0.483378351135246,0.5166216488647539,0.5166216488647539,1.0,0.01,0.25353969948489835,690,1190,1290,1320
2024-09-26,65181.01953125,0.00935309904070647,1,0,0.4796892609180728,0.5203107390819273,0.5203107390819273,1.0,0.01,0.25353969948489835,690,1190,1290,1320
2024-09-27,65790.6640625,0.0014741358273548943,1,0,0.4561767020047084,0.5438232979952916,0.5438232979952916,1.0,0.01,0.25353969948489835,690,1190,1290,1320
2024-09-28,65887.6484375,-0.003829909793174213,0,0,0.4492238516945087,0.5507761483054914,0.5507761483054914,1.0,0.01,0.25353969948489835,690,1190,1290,1320
2024-09-29,65635.3046875,-0.035130555094979754,0,0,0.4742908874032226,0.5257091125967774,0.5257091125967774,1.0,0.01,0.25353969948489835,690,1190,1290,1320
2024-09-30,63329.5,-0.039357521968434894,0,1,0.612637645708281,0.38736235429171895,0.612637645708281,1.0,0.01,0.25353969948489835,690,1190,1290,1320
2024-10-01,60837.0078125,-0.0033568819965540397,0,1,0.5763102256525247,0.42368977434747535,0.5763102256525247,1.0,0.01,0.25353969948489835,690,1190,1290,1320
2024-10-02,60632.78515625,0.0020882627636797935,1,1,0.5307024681088721,0.4692975318911279,0.5307024681088721,1.0,0.01,0.25353969948489835,690,1190,1290,1320
2024-10-03,60759.40234375,0.021528753876634443,1,1,0.5232642368054052,0.47673576319459476,0.5232642368054052,1.0,0.01,0.25353969948489835,690,1190,1290,1320
2024-10-04,62067.4765625,0.0003620681473552878,1,0,0.47437002691935143,0.5256299730806486,0.5256299730806486,1.0,0.01,0.25353969948489835,690,1190,1290,1320
2024-10-05,62089.94921875,0.011741093613744757,1,0,0.4680645954867735,0.5319354045132265,0.5319354045132265,1.0,0.01,0.25353969948489835,690,1190,1290,1320
2024-10-06,62818.953125,-0.009269383518558882,0,0,0.47854474811758047,0.5214552518824196,0.5214552518824196,1.0,0.01,0.25353969948489835,690,1190,1290,1320
2024-10-07,62236.66015625,-0.001682150134457161,0,1,0.5824129842730321,0.4175870157269679,0.5824129842730321,1.0,0.01,0.25353969948489835,690,1190,1290,1320
2024-10-08,62131.96875,-0.024944762232405493,0,0,0.48791621639058497,0.512083783609415,0.512083783609415,1.0,0.01,0.25353969948489835,690,1190,1290,1320
2024-10-09,60582.1015625,-0.005077433013489285,0,1,0.5269906251444141,0.4730093748555859,0.5269906251444141,1.0,0.01,0.25353969948489835,690,1190,1290,1320
2024-10-10,60274.5,0.036011743668549645,1,1,0.5354258519735192,0.4645741480264808,0.5354258519735192,1.0,0.01,0.25353969948489835,690,1190,1290,1320
2024-10-11,62445.08984375,0.011977460447594401,1,1,0.5434618595356415,0.4565381404643585,0.5434618595356415,10.0,scale,0.2477833019558747,720,1220,1320,1350
2024-10-12,63193.0234375,-0.005406426515387475,0,1,0.5425942857320897,0.4574057142679103,0.5425942857320897,10.0,scale,0.2477833019558747,720,1220,1320,1350
2024-10-13,62851.375,0.050830232433260125,1,1,0.5294807807454498,0.4705192192545502,0.5294807807454498,10.0,scale,0.2477833019558747,720,1220,1320,1350
2024-10-14,66046.125,0.015064992457922477,1,1,0.5638577909617701,0.43614220903822987,0.5638577909617701,10.0,scale,0.2477833019558747,720,1220,1320,1350
2024-10-15,67041.109375,0.008526251733136592,1,1,0.5215956520571191,0.4784043479428809,0.5215956520571191,10.0,scale,0.2477833019558747,720,1220,1320,1350
2024-10-16,67612.71875,-0.0031485616380424464,0,1,0.5092981902173708,0.49070180978262923,0.5092981902173708,10.0,scale,0.2477833019558747,720,1220,1320,1350
2024-10-17,67399.8359375,0.015118035686984221,1,1,0.5478177448536335,0.45218225514636645,0.5478177448536335,10.0,scale,0.2477833019558747,720,1220,1320,1350
2024-10-18,68418.7890625,-0.0008192879217548965,0,1,0.564353791165819,0.43564620883418104,0.564353791165819,10.0,scale,0.2477833019558747,720,1220,1320,1350
2024-10-19,68362.734375,0.009346740674458287,1,1,0.5257680807376686,0.47423191926233144,0.5257680807376686,10.0,scale,0.2477833019558747,720,1220,1320,1350
2024-10-20,69001.703125,-0.023678423698328066,0,1,0.5692845906314447,0.43071540936855535,0.5692845906314447,10.0,scale,0.2477833019558747,720,1220,1320,1350
2024-10-21,67367.8515625,-9.567341618454961e-05,0,1,0.5145849121972063,0.48541508780279374,0.5145849121972063,10.0,scale,0.2477833019558747,720,1220,1320,1350
2024-10-22,67361.40625,-0.01379441121005398,0,1,0.5216449320451773,0.47835506795482274,0.5216449320451773,10.0,scale,0.2477833019558747,720,1220,1320,1350
2024-10-23,66432.1953125,0.02602442034118191,1,0,0.49587377551419176,0.5041262244858082,0.5041262244858082,10.0,scale,0.2477833019558747,720,1220,1320,1350
2024-10-24,68161.0546875,-0.022280180844656217,0,1,0.5399097666447342,0.4600902333552658,0.5399097666447342,10.0,scale,0.2477833019558747,720,1220,1320,1350
2024-10-25,66642.4140625,0.00558625096700216,1,1,0.5079095280370445,0.4920904719629555,0.5079095280370445,10.0,scale,0.2477833019558747,720,1220,1320,1350
2024-10-26,67014.6953125,0.01364777618155344,1,1,0.5220598082587767,0.47794019174122326,0.5220598082587767,10.0,scale,0.2477833019558747,720,1220,1320,1350
2024-10-27,67929.296875,0.029125296867722028,1,1,0.5423303390659289,0.45766966093407113,0.5423303390659289,10.0,scale,0.2477833019558747,720,1220,1320,1350
2024-10-28,69907.7578125,0.04023493905417541,1,1,0.5305991900550641,0.46940080994493594,0.5305991900550641,10.0,scale,0.2477833019558747,720,1220,1320,1350
2024-10-29,72720.4921875,-0.005238593875544262,0,1,0.5517001921465734,0.4482998078534266,0.5517001921465734,10.0,scale,0.2477833019558747,720,1220,1320,1350
2024-10-30,72339.5390625,-0.029366396164960396,0,1,0.5339737632169719,0.4660262367830281,0.5339737632169719,10.0,scale,0.2477833019558747,720,1220,1320,1350
2024-10-31,70215.1875,-0.010435331387529279,0,1,0.518347500100676,0.481652499899324,0.518347500100676,10.0,scale,0.2477833019558747,720,1220,1320,1350
2024-11-01,69482.46875,-0.0027804900426771084,0,1,0.5109960362528561,0.48900396374714394,0.5109960362528561,10.0,scale,0.2477833019558747,720,1220,1320,1350
2024-11-02,69289.2734375,-0.00791112711687536,0,1,0.5448515527921473,0.45514844720785275,0.5448515527921473,10.0,scale,0.2477833019558747,720,1220,1320,1350
2024-11-03,68741.1171875,-0.013523338185854272,0,0,0.48529265765350144,0.5147073423464985,0.5147073423464985,10.0,scale,0.2477833019558747,720,1220,1320,1350
2024-11-04,67811.5078125,0.02282879023690776,1,0,0.4728323973530559,0.5271676026469441,0.5271676026469441,10.0,scale,0.2477833019558747,720,1220,1320,1350
2024-11-05,69359.5625,0.09053568676993895,1,1,0.5311704651750535,0.4688295348249465,0.5311704651750535,10.0,scale,0.2477833019558747,720,1220,1320,1350
2024-11-06,75639.078125,0.003513808689745934,1,1,0.5334287842176361,0.46657121578236393,0.5334287842176361,10.0,scale,0.2477833019558747,720,1220,1320,1350
2024-11-07,75904.859375,0.008439738809541852,1,1,0.5138397499195988,0.4861602500804012,0.5138397499195988,10.0,scale,0.2477833019558747,720,1220,1320,1350
2024-11-08,76545.4765625,0.0030490452928257916,1,1,0.5516973510514468,0.4483026489485532,0.5516973510514468,10.0,scale,0.2477833019558747,720,1220,1320,1350
2024-11-09,76778.8671875,0.048129393514959595,1,1,0.532863574530728,0.46713642546927203,0.532863574530728,10.0,scale,0.2477833019558747,720,1220,1320,1350
2024-11-10,80474.1875,0.10223522760015435,1,1,0.5022486460277719,0.49775135397222814,0.5022486460277719,1.0,scale,0.24860278843966743,750,1250,1350,1380
2024-11-11,88701.484375,-0.008406532091926988,0,1,0.5378974163358113,0.46210258366418866,0.5378974163358113,1.0,scale,0.24860278843966743,750,1250,1350,1380
2024-11-12,87955.8125,0.029882636380625716,1,1,0.5169117168516323,0.4830882831483677,0.5169117168516323,1.0,scale,0.24860278843966743,750,1250,1350,1380
2024-11-13,90584.1640625,-0.03680261786927608,0,1,0.5275761243701336,0.47242387562986643,0.5275761243701336,1.0,scale,0.24860278843966743,750,1250,1350,1380
2024-11-14,87250.4296875,0.04373133907381366,1,1,0.5030699276194419,0.4969300723805581,0.5030699276194419,1.0,scale,0.24860278843966743,750,1250,1350,1380
2024-11-15,91066.0078125,-0.005573223886622736,0,1,0.5229061615996877,0.4770938384003123,0.5229061615996877,1.0,scale,0.24860278843966743,750,1250,1350,1380
2024-11-16,90558.4765625,-0.007869224693816235,0,1,0.5085018026625987,0.4914981973374013,0.5085018026625987,1.0,scale,0.24860278843966743,750,1250,1350,1380
2024-11-17,89845.8515625,0.007755383808848215,1,1,0.5128414044413906,0.4871585955586094,0.5128414044413906,1.0,scale,0.24860278843966743,750,1250,1350,1380
2024-11-18,90542.640625,0.019892819836786257,1,1,0.511268312750104,0.488731687249896,0.511268312750104,1.0,scale,0.24860278843966743,750,1250,1350,1380
2024-11-19,92343.7890625,0.02161166598491282,1,1,0.5155371907362595,0.4844628092637405,0.5155371907362595,1.0,scale,0.24860278843966743,750,1250,1350,1380
2024-11-20,94339.4921875,0.044151545428309014,1,1,0.5185030055355508,0.48149699446444916,0.5185030055355508,1.0,scale,0.24860278843966743,750,1250,1350,1380
2024-11-21,98504.7265625,0.005004201495724558,1,1,0.5163663882966579,0.48363361170334207,0.5163663882966579,1.0,scale,0.24860278843966743,750,1250,1350,1380
2024-11-22,98997.6640625,-0.012327389984975179,0,1,0.5114628634850545,0.48853713651494546,0.5114628634850545,1.0,scale,0.24860278843966743,750,1250,1350,1380
2024-11-23,97777.28125,0.002419161787646784,1,1,0.5095876156421155,0.4904123843578845,0.5095876156421155,1.0,scale,0.24860278843966743,750,1250,1350,1380
2024-11-24,98013.8203125,-0.05011051933125821,0,1,0.511568497152071,0.488431502847929,0.511568497152071,1.0,scale,0.24860278843966743,750,1250,1350,1380
2024-11-25,93102.296875,-0.011997304040733403,0,1,0.507607137715327,0.49239286228467305,0.507607137715327,1.0,scale,0.24860278843966743,750,1250,1350,1380
2024-11-26,91985.3203125,0.04323745271515378,1,1,0.5072864724759589,0.4927135275240411,0.5072864724759589,1.0,scale,0.24860278843966743,750,1250,1350,1380
2024-11-27,95962.53125,-0.0032310787967048116,0,1,0.5192735362402588,0.48072646375974115,0.5192735362402588,1.0,scale,0.24860278843966743,750,1250,1350,1380
2024-11-28,95652.46875,0.018912786163713058,1,1,0.5203863969665186,0.47961360303348144,0.5203863969665186,1.0,scale,0.24860278843966743,750,1250,1350,1380
2024-11-29,97461.5234375,-0.010388394458550332,0,1,0.5275991504896328,0.4724008495103672,0.5275991504896328,1.0,scale,0.24860278843966743,750,1250,1350,1380
2024-11-30,96449.0546875,0.008613193542348574,1,1,0.5201257300065172,0.4798742699934828,0.5201257300065172,1.0,scale,0.24860278843966743,750,1250,1350,1380
2024-12-01,97279.7890625,-0.01454037255458307,0,1,0.5257156476492707,0.4742843523507293,0.5257156476492707,1.0,scale,0.24860278843966743,750,1250,1350,1380
2024-12-02,95865.3046875,0.0014276215513644441,1,1,0.5081209812397581,0.49187901876024187,0.5081209812397581,1.0,scale,0.24860278843966743,750,1250,1350,1380
2024-12-03,96002.1640625,0.02881567529768403,1,1,0.5225162583327994,0.47748374166720065,0.5225162583327994,1.0,scale,0.24860278843966743,750,1250,1350,1380
2024-12-04,98768.53125,-0.022020788503929523,0,1,0.5296135283046342,0.47038647169536585,0.5296135283046342,1.0,scale,0.24860278843966743,750,1250,1350,1380
2024-12-05,96593.5703125,0.03444474217316973,1,1,0.5057370541002121,0.4942629458997879,0.5057370541002121,1.0,scale,0.24860278843966743,750,1250,1350,1380
2024-12-06,99920.7109375,2.627082989481444e-05,1,1,0.5360983683324437,0.46390163166755627,0.5360983683324437,1.0,scale,0.24860278843966743,750,1250,1350,1380
2024-12-07,99923.3359375,0.013136868131795154,1,1,0.5283476409267982,0.4716523590732018,0.5283476409267982,1.0,scale,0.24860278843966743,750,1250,1350,1380
2024-12-08,101236.015625,-0.03756861480096407,0,1,0.5348615361674832,0.4651384638325168,0.5348615361674832,1.0,scale,0.24860278843966743,750,1250,1350,1380
2024-12-09,97432.71875,-0.007772430783165474,0,0,0.4961201570940419,0.5038798429059581,0.5038798429059581,1.0,scale,0.24860278843966743,750,1250,1350,1380
2024-12-10,96675.4296875,0.04652269534294651,1,1,0.5316222505374129,0.46837774946258715,0.5316222505374129,0.1,scale,0.2474415364187928,780,1280,1380,1410
2024-12-11,101173.03125,-0.011169293200355757,0,1,0.5136069741619637,0.48639302583803634,0.5136069741619637,0.1,scale,0.2474415364187928,780,1280,1380,1410
2024-12-12,100043.0,0.014156490833941326,1,1,0.5206484768554984,0.4793515231445016,0.5206484768554984,0.1,scale,0.2474415364187928,780,1280,1380,1410
2024-12-13,101459.2578125,-0.0008504799301751742,0,1,0.5130007918667197,0.48699920813328035,0.5130007918667197,0.1,scale,0.2474415364187928,780,1280,1380,1410
2024-12-14,101372.96875,0.02886101293644905,1,1,0.5157324385095388,0.48426756149046124,0.5157324385095388,0.1,scale,0.2474415364187928,780,1280,1380,1410
2024-12-15,104298.6953125,0.016596788984881483,1,1,0.5159778877506452,0.48402211224935476,0.5159778877506452,0.1,scale,0.2474415364187928,780,1280,1380,1410
2024-12-16,106029.71875,0.001045771070669721,1,1,0.5285385218091389,0.47146147819086115,0.5285385218091389,0.1,scale,0.2474415364187928,780,1280,1380,1410
2024-12-17,106140.6015625,-0.057462106019896764,0,1,0.5209250994566199,0.4790749005433801,0.5209250994566199,0.1,scale,0.2474415364187928,780,1280,1380,1410
2024-12-18,100041.5390625,-0.025495268879325628,0,1,0.546467434817538,0.453532565182462,0.546467434817538,0.1,scale,0.2474415364187928,780,1280,1380,1410
2024-12-19,97490.953125,0.002717960528709318,1,1,0.5418955380413764,0.45810446195862364,0.5418955380413764,0.1,scale,0.2474415364187928,780,1280,1380,1410
2024-12-20,97755.9296875,-0.005433973434635808,0,1,0.5322432436372799,0.46775675636272007,0.5322432436372799,0.1,scale,0.2474415364187928,780,1280,1380,1410
2024-12-21,97224.7265625,-0.021802983021374844,0,1,0.5150675459309135,0.48493245406908647,0.5150675459309135,0.1,scale,0.2474415364187928,780,1280,1380,1410
2024-12-22,95104.9375,-0.004402456102765462,0,1,0.5260418021166311,0.4739581978833689,0.5260418021166311,0.1,scale,0.2474415364187928,780,1280,1380,1410
2024-12-23,94686.2421875,0.04213760595334648,1,1,0.5316934463478566,0.46830655365214335,0.5316934463478566,0.1,scale,0.2474415364187928,780,1280,1380,1410
2024-12-24,98676.09375,0.0063146152104343045,1,0,0.482506738092824,0.5174932619071759,0.5174932619071759,0.1,scale,0.2474415364187928,780,1280,1380,1410
2024-12-25,99299.1953125,-0.03528406928650052,0,0,0.4784416530184683,0.5215583469815317,0.5215583469815317,0.1,scale,0.2474415364187928,780,1280,1380,1410
2024-12-26,95795.515625,-0.017022260795415023,0,1,0.5139979960270977,0.4860020039729023,0.5139979960270977,0.1,scale,0.2474415364187928,780,1280,1380,1410
2024-12-27,94164.859375,0.010609799867287384,1,1,0.5098656686348646,0.4901343313651354,0.5098656686348646,0.1,scale,0.2474415364187928,780,1280,1380,1410
2024-12-28,95163.9296875,-0.017167251608511402,0,0,0.48437634622312126,0.5156236537768788,0.5156236537768788,0.1,scale,0.2474415364187928,780,1280,1380,1410
2024-12-29,93530.2265625,-0.00948373223930199,0,1,0.5098394070808768,0.4901605929191232,0.5098394070808768,0.1,scale,0.2474415364187928,780,1280,1380,1410
2024-12-30,92643.2109375,0.008484077565384274,1,1,0.5349370769839867,0.46506292301601326,0.5349370769839867,0.1,scale,0.2474415364187928,780,1280,1380,1410
2024-12-31,93429.203125,0.010602195613021781,1,0,0.49819135377471563,0.5018086462252844,0.5018086462252844,0.1,scale,0.2474415364187928,780,1280,1380,1410
2025-01-01,94419.7578125,0.026129247147606893,1,0,0.48150088316624423,0.5184991168337558,0.5184991168337558,0.1,scale,0.2474415364187928,780,1280,1380,1410
2025-01-02,96886.875,0.012597729955682757,1,1,0.5070895871183014,0.49291041288169857,0.5070895871183014,0.1,scale,0.2474415364187928,780,1280,1380,1410
2025-01-03,98107.4296875,0.0013128146911018934,1,0,0.47065377017513865,0.5293462298248613,0.5293462298248613,0.1,scale,0.2474415364187928,780,1280,1380,1410
2025-01-04,98236.2265625,0.0008014800420892421,1,0,0.46969742001000636,0.5303025799899936,0.5303025799899936,0.1,scale,0.2474415364187928,780,1280,1380,1410
2025-01-05,98314.9609375,0.03827621924594227,1,0,0.47091546757764463,0.5290845324223554,0.5290845324223554,0.1,scale,0.2474415364187928,780,1280,1380,1410
2025-01-06,102078.0859375,-0.05050430525956884,0,1,0.5314518916958619,0.46854810830413807,0.5314518916958619,0.1,scale,0.2474415364187928,780,1280,1380,1410
2025-01-07,96922.703125,-0.019388436629511285,0,0,0.4957425028643327,0.5042574971356673,0.5042574971356673,0.1,scale,0.2474415364187928,780,1280,1380,1410
2025-01-08,95043.5234375,-0.026929603222076492,0,0,0.49299860737307455,0.5070013926269255,0.5070013926269255,0.1,scale,0.2474415364187928,780,1280,1380,1410
2025-01-09,92484.0390625,0.023976181025154863,1,1,0.5038048595152184,0.49619514048478164,0.5038048595152184,10.0,scale,0.24786056372106033,810,1310,1410,1440
2025-01-10,94701.453125,-0.001424047578467369,0,1,0.5286808188652337,0.47131918113476634,0.5286808188652337,10.0,scale,0.24786056372106033,810,1310,1410,1440
2025-01-11,94566.59375,-0.0008264678561502592,0,1,0.5379143120000797,0.46208568799992034,0.5379143120000797,10.0,scale,0.24786056372106033,810,1310,1410,1440
2025-01-12,94488.4375,0.00029724205673309356,1,1,0.5280778265920612,0.47192217340793885,0.5280778265920612,10.0,scale,0.24786056372106033,810,1310,1410,1440
2025-01-13,94516.5234375,0.021345722040169157,1,0,0.49908071081589245,0.5009192891841076,0.5009192891841076,10.0,scale,0.24786056372106033,810,1310,1410,1440
2025-01-14,96534.046875,0.041129999632577796,1,1,0.5313184025599712,0.4686815974400288,0.5313184025599712,10.0,scale,0.24786056372106033,810,1310,1410,1440
2025-01-15,100504.4921875,-0.0074383335632930425,0,1,0.5064289827107302,0.4935710172892698,0.5064289827107302,10.0,scale,0.24786056372106033,810,1310,1410,1440
2025-01-16,99756.90625,0.04716598568833419,1,1,0.5240150280263789,0.4759849719736211,0.5240150280263789,10.0,scale,0.24786056372106033,810,1310,1410,1440
2025-01-17,104462.0390625,-0.000516635042589142,0,1,0.5093536865774227,0.49064631342257725,0.5093536865774227,10.0,scale,0.24786056372106033,810,1310,1410,1440
2025-01-18,104408.0703125,-0.03178356737719257,0,1,0.5126776135593695,0.48732238644063053,0.5126776135593695,10.0,scale,0.24786056372106033,810,1310,1410,1440
2025-01-19,101089.609375,0.009170622908047932,1,1,0.5091758333779739,0.4908241666220261,0.5091758333779739,10.0,scale,0.24786056372106033,810,1310,1410,1440
2025-01-20,102016.6640625,0.040479676535688514,1,1,0.5300038463763292,0.46999615362367075,0.5300038463763292,10.0,scale,0.24786056372106033,810,1310,1410,1440
2025-01-21,106146.265625,-0.023488299826845638,0,1,0.5229962122179111,0.47700378778208885,0.5229962122179111,10.0,scale,0.24786056372106033,810,1310,1410,1440
2025-01-22,103653.0703125,0.002962783076025932,1,1,0.5238722946210126,0.4761277053789874,0.5238722946210126,10.0,scale,0.24786056372106033,810,1310,1410,1440
2025-01-23,103960.171875,0.008265785680243276,1,1,0.5297423522956138,0.47025764770438616,0.5297423522956138,10.0,scale,0.24786056372106033,810,1310,1410,1440
2025-01-24,104819.484375,-0.0010001569662844156,0,1,0.5185076883107125,0.4814923116892875,0.5185076883107125,10.0,scale,0.24786056372106033,810,1310,1410,1440
2025-01-25,104714.6484375,-0.019406534499448846,0,1,0.5172563381655275,0.4827436618344725,0.5172563381655275,10.0,scale,0.24786056372106033,810,1310,1410,1440
2025-01-26,102682.5,-0.005792734886665207,0,1,0.5106656400802237,0.48933435991977625,0.5106656400802237,10.0,scale,0.24786056372106033,810,1310,1410,1440
2025-01-27,102087.6875,-0.007397669160641884,0,1,0.5049818630055404,0.4950181369944596,0.5049818630055404,10.0,scale,0.24786056372106033,810,1310,1410,1440
2025-01-28,101332.4765625,0.023395602825692086,1,0,0.4945877901630497,0.5054122098369502,0.5054122098369502,10.0,scale,0.24786056372106033,810,1310,1410,1440
2025-01-29,103703.2109375,0.009952379879751394,1,1,0.5116666890938539,0.48833331090614607,0.5116666890938539,10.0,scale,0.24786056372106033,810,1310,1410,1440
2025-01-30,104735.3046875,-0.022249243050878498,0,1,0.5136796012966077,0.4863203987033923,0.5136796012966077,10.0,scale,0.24786056372106033,810,1310,1410,1440
2025-01-31,102405.0234375,-0.017080384621634526,0,1,0.5013083489633178,0.4986916510366822,0.5013083489633178,10.0,scale,0.24786056372106033,810,1310,1410,1440
2025-02-01,100655.90625,-0.02947596219670423,0,1,0.5082064793092476,0.49179352069075244,0.5082064793092476,10.0,scale,0.24786056372106033,810,1310,1410,1440
2025-02-02,97688.9765625,0.03804365081173988,1,0,0.4841236139846242,0.5158763860153758,0.5158763860153758,10.0,scale,0.24786056372106033,810,1310,1410,1440
2025-02-03,101405.421875,-0.034846278405663456,0,1,0.5166443467061528,0.4833556532938472,0.5166443467061528,10.0,scale,0.24786056372106033,810,1310,1410,1440
2025-02-04,97871.8203125,-0.012836943218062724,0,1,0.5175893974785952,0.4824106025214048,0.5175893974785952,10.0,scale,0.24786056372106033,810,1310,1410,1440
2025-02-05,96615.4453125,-0.00022924323774897726,0,1,0.5216692051508127,0.4783307948491873,0.5216692051508127,10.0,scale,0.24786056372106033,810,1310,1410,1440
2025-02-06,96593.296875,-0.0006647556256734743,0,1,0.5168106025898982,0.4831893974101018,0.5168106025898982,10.0,scale,0.24786056372106033,810,1310,1410,1440
2025-02-07,96529.0859375,-0.00048309597099249757,0,1,0.509577361372166,0.490422638627834,0.509577361372166,10.0,scale,0.24786056372106033,810,1310,1410,1440
2025-02-08,96482.453125,0.00018283765004545316,1,0,0.4828181144730549,0.5171818855269451,0.5171818855269451,1.0,0.01,0.24929397180231377,840,1340,1440,1470
2025-02-09,96500.09375,0.009714611676219231,1,1,0.5006721807667277,0.4993278192332723,0.5006721807667277,1.0,0.01,0.24929397180231377,840,1340,1440,1470
2025-02-10,97437.5546875,-0.017345724709743937,0,0,0.49967857128296567,0.5003214287170343,0.5003214287170343,1.0,0.01,0.24929397180231377,840,1340,1440,1470
2025-02-11,95747.4296875,0.02233406885677658,1,0,0.4976236413411121,0.5023763586588879,0.5023763586588879,1.0,0.01,0.24929397180231377,840,1340,1440,1470
2025-02-12,97885.859375,-0.012892487184132717,0,0,0.4855538221538485,0.5144461778461515,0.5144461778461515,1.0,0.01,0.24929397180231377,840,1340,1440,1470
2025-02-13,96623.8671875,0.009160278803397981,1,0,0.48849282741040834,0.5115071725895917,0.5115071725895917,1.0,0.01,0.24929397180231377,840,1340,1440,1470
2025-02-14,97508.96875,0.0007320640697474623,1,0,0.4770144597690932,0.5229855402309068,0.5229855402309068,1.0,0.01,0.24929397180231377,840,1340,1440,1470
2025-02-15,97580.3515625,-0.014401672980240199,0,0,0.47086639360010285,0.5291336063998971,0.5291336063998971,1.0,0.01,0.24929397180231377,840,1340,1440,1470
2025-02-16,96175.03125,-0.004176223623530095,0,0,0.4911015074938982,0.5088984925061018,0.5088984925061018,1.0,0.01,0.24929397180231377,840,1340,1440,1470
2025-02-17,95773.3828125,-0.0024415545387781457,0,1,0.5152747791664775,0.48472522083352254,0.5152747791664775,1.0,0.01,0.24929397180231377,840,1340,1440,1470
2025-02-18,95539.546875,0.011472343504350446,1,1,0.5024193548750528,0.49758064512494715,0.5024193548750528,1.0,0.01,0.24929397180231377,840,1340,1440,1470
2025-02-19,96635.609375,0.017574558032842136,1,0,0.47496099160916444,0.5250390083908356,0.5250390083908356,1.0,0.01,0.24929397180231377,840,1340,1440,1470
2025-02-20,98333.9375,-0.02245807176184722,0,0,0.4738403972687327,0.5261596027312673,0.5261596027312673,1.0,0.01,0.24929397180231377,840,1340,1440,1470
2025-02-21,96125.546875,0.0047043783073406065,1,1,0.509158584797892,0.490841415202108,0.509158584797892,1.0,0.01,0.24929397180231377,840,1340,1440,1470
2025-02-22,96577.7578125,-0.0031460239332733453,0,0,0.4668242393790783,0.5331757606209218,0.5331757606209218,1.0,0.01,0.24929397180231377,840,1340,1440,1470
2025-02-23,96273.921875,-0.05043681513571874,0,0,0.48292176721069036,0.5170782327893096,0.5170782327893096,1.0,0.01,0.24929397180231377,840,1340,1440,1470
2025-02-24,91418.171875,-0.029337712021491935,0,1,0.5590213369046049,0.44097866309539513,0.5590213369046049,1.0,0.01,0.24929397180231377,840,1340,1440,1470
2025-02-25,88736.171875,-0.04946290046952739,0,1,0.5534608819474112,0.44653911805258883,0.5534608819474112,1.0,0.01,0.24929397180231377,840,1340,1440,1470
2025-02-26,84347.0234375,0.004234922709094535,1,1,0.5530035088394296,0.4469964911605704,0.5530035088394296,1.0,0.01,0.24929397180231377,840,1340,1440,1470
2025-02-27,84704.2265625,-0.003910297790814532,0,1,0.530185713749381,0.46981428625061905,0.530185713749381,1.0,0.01,0.24929397180231377,840,1340,1440,1470
2025-02-28,84373.0078125,0.019661575342751147,1,1,0.5441180005842416,0.45588199941575835,0.5441180005842416,1.0,0.01,0.24929397180231377,840,1340,1440,1470
2025-03-01,86031.9140625,0.09550452979612856,1,0,0.4860938991731239,0.5139061008268762,0.5139061008268762,1.0,0.01,0.24929397180231377,840,1340,1440,1470
2025-03-02,94248.3515625,-0.08682040111941614,0,0,0.4908410210387057,0.5091589789612943,0.5091589789612943,1.0,0.01,0.24929397180231377,840,1340,1440,1470
2025-03-03,86065.671875,0.013437685575495406,1,1,0.5296957695055681,0.47030423049443193,0.5296957695055681,1.0,0.01,0.24929397180231377,840,1340,1440,1470
2025-03-04,87222.1953125,0.03899657851208138,1,0,0.484643242322645,0.515356757677355,0.515356757677355,1.0,0.01,0.24929397180231377,840,1340,1440,1470
2025-03-05,90623.5625,-0.007303133084179958,0,0,0.46083884296905897,0.539161157030941,0.539161157030941,1.0,0.01,0.24929397180231377,840,1340,1440,1470
2025-03-06,89961.7265625,-0.0357824911826653,0,0,0.48162004571469175,0.5183799542853083,0.5183799542853083,1.0,0.01,0.24929397180231377,840,1340,1440,1470
2025-03-07,86742.671875,-0.006779571257010009,0,1,0.5175314359332439,0.4824685640667561,0.5175314359332439,1.0,0.01,0.24929397180231377,840,1340,1440,1470
2025-03-08,86154.59375,-0.0644603432710168,0,0,0.4837778457589686,0.5162221542410315,0.5162221542410315,1.0,0.01,0.24929397180231377,840,1340,1440,1470
2025-03-09,80601.0390625,-0.02567012890361897,0,1,0.5608178064627122,0.4391821935372878,0.5608178064627122,1.0,0.01,0.24929397180231377,840,1340,1440,1470
2025-03-10,78532.0,0.05513944554449135,1,0,0.47457014546032367,0.5254298545396763,0.5254298545396763,10.0,scale,0.24993534947429477,870,1370,1470,1500
2025-03-11,82862.2109375,0.010380466895202334,1,0,0.48260946859470527,0.5173905314052947,0.5173905314052947,10.0,scale,0.24993534947429477,870,1370,1470,1500
2025-03-12,83722.359375,-0.0317197970748182,0,0,0.4848035989326792,0.5151964010673208,0.5151964010673208,10.0,scale,0.24993534947429477,870,1370,1470,1500
2025-03-13,81066.703125,0.03580259620308812,1,0,0.493715399176286,0.5062846008237141,0.5062846008237141,10.0,scale,0.24993534947429477,870,1370,1470,1500
2025-03-14,83969.1015625,0.004454112352525463,1,1,0.5137560845466137,0.4862439154533863,0.5137560845466137,10.0,scale,0.24993534947429477,870,1370,1470,1500
2025-03-15,84343.109375,-0.020907717157540473,0,0,0.47376209750314924,0.5262379024968508,0.5262379024968508,10.0,scale,0.24993534947429477,870,1370,1470,1500
2025-03-16,82579.6875,0.018115835083536647,1,0,0.4512364066896672,0.5487635933103328,0.5487635933103328,10.0,scale,0.24993534947429477,870,1370,1470,1500
2025-03-17,84075.6875,-0.016142449028442418,0,1,0.5074322369979355,0.4925677630020645,0.5074322369979355,10.0,scale,0.24993534947429477,870,1370,1470,1500
2025-03-18,82718.5,0.049997601050550955,1,0,0.48589416151399384,0.5141058384860062,0.5141058384860062,10.0,scale,0.24993534947429477,870,1370,1470,1500
2025-03-19,86854.2265625,-0.030937253791171848,0,1,0.510775684967657,0.489224315032343,0.510775684967657,10.0,scale,0.24993534947429477,870,1370,1470,1500
2025-03-20,84167.1953125,-0.0014727011460912154,0,0,0.48453756346454163,0.5154624365354583,0.5154624365354583,10.0,scale,0.24993534947429477,870,1370,1470,1500
2025-03-21,84043.2421875,-0.0025077306278807887,0,0,0.48591311593428377,0.5140868840657162,0.5140868840657162,10.0,scale,0.24993534947429477,870,1370,1470,1500
2025-03-22,83832.484375,0.026503933905394295,1,0,0.4959606047304223,0.5040393952695776,0.5040393952695776,10.0,scale,0.24993534947429477,870,1370,1470,1500
2025-03-23,86054.375,0.016786352378946434,1,1,0.5210811937473215,0.47891880625267846,0.5210811937473215,10.0,scale,0.24993534947429477,870,1370,1470,1500
2025-03-24,87498.9140625,-0.0003109860024155253,0,0,0.49991798919926,0.50008201080074,0.50008201080074,10.0,scale,0.24993534947429477,870,1370,1470,1500
2025-03-25,87471.703125,-0.00652577110204744,0,1,0.5152596854382844,0.4847403145617156,0.5152596854382844,10.0,scale,0.24993534947429477,870,1370,1470,1500
2025-03-26,86900.8828125,0.003178549412391707,1,1,0.5224666846588027,0.47753331534119725,0.5224666846588027,10.0,scale,0.24993534947429477,870,1370,1470,1500
2025-03-27,87177.1015625,-0.032393289916566204,0,1,0.5209165672394068,0.4790834327605932,0.5209165672394068,10.0,scale,0.24993534947429477,870,1370,1470,1500
2025-03-28,84353.1484375,-0.020812056603918605,0,0,0.4930913155380815,0.5069086844619185,0.5069086844619185,10.0,scale,0.24993534947429477,870,1370,1470,1500
2025-03-29,82597.5859375,-0.0031848691098436133,0,0,0.4951619232020668,0.5048380767979332,0.5048380767979332,10.0,scale,0.24993534947429477,870,1370,1470,1500
2025-03-30,82334.5234375,0.0026038970780313253,1,0,0.47993093652370894,0.520069063476291,0.520069063476291,10.0,scale,0.24993534947429477,870,1370,1470,1500
2025-03-31,82548.9140625,0.0317418810684309,1,0,0.46730142434318744,0.5326985756568126,0.5326985756568126,10.0,scale,0.24993534947429477,870,1370,1470,1500
2025-04-01,85169.171875,-0.031507420800550134,0,1,0.5028624160675212,0.49713758393247875,0.5028624160675212,10.0,scale,0.24993534947429477,870,1370,1470,1500
2025-04-02,82485.7109375,0.007481504135517403,1,0,0.47394894543848365,0.5260510545615164,0.5260510545615164,10.0,scale,0.24993534947429477,870,1370,1470,1500
2025-04-03,83102.828125,0.008916382019940938,1,1,0.5184695459938954,0.4815304540061046,0.5184695459938954,10.0,scale,0.24993534947429477,870,1370,1470,1500
2025-04-04,83843.8046875,-0.004043325726492686,0,1,0.5345354009614005,0.4654645990385995,0.5345354009614005,10.0,scale,0.24993534947429477,870,1370,1470,1500
2025-04-05,83504.796875,-0.06335339642726368,0,1,0.5161462642816452,0.48385373571835477,0.5161462642816452,10.0,scale,0.24993534947429477,870,1370,1470,1500
2025-04-06,78214.484375,0.013051950296130821,1,0,0.46148894501444476,0.5385110549855552,0.5385110549855552,10.0,scale,0.24993534947429477,870,1370,1470,1500
2025-04-07,79235.3359375,-0.03739976334343409,0,0,0.44273634515984794,0.5572636548401521,0.5572636548401521,10.0,scale,0.24993534947429477,870,1370,1470,1500
2025-04-08,76271.953125,0.0826253916648998,1,1,0.5059956671825846,0.4940043328174154,0.5059956671825846,10.0,scale,0.24993534947429477,870,1370,1470,1500
2025-04-09,82573.953125,-0.0356990599146636,0,0,0.473200778007369,0.526799221992631,0.526799221992631,1.0,0.01,0.24706347970175555,900,1400,1500,1530
2025-04-10,79626.140625,0.04745546227457886,1,0,0.4912809599057691,0.508719040094231,0.508719040094231,1.0,0.01,0.24706347970175555,900,1400,1500,1530
2025-04-11,83404.8359375,0.022567917271733462,1,0,0.45004621949556334,0.5499537805044367,0.5499537805044367,1.0,0.01,0.24706347970175555,900,1400,1500,1530
2025-04-12,85287.109375,-0.01878516957885823,0,0,0.44528306340380874,0.5547169365961913,0.5547169365961913,1.0,0.01,0.24706347970175555,900,1400,1500,1530
2025-04-13,83684.9765625,0.010245734631468162,1,0,0.48069574882026467,0.5193042511797353,0.5193042511797353,1.0,0.01,0.24706347970175555,900,1400,1500,1530
2025-04-14,84542.390625,-0.01033089354397465,0,0,0.46895419488290513,0.5310458051170949,0.5310458051170949,1.0,0.01,0.24706347970175555,900,1400,1500,1530
2025-04-15,83668.9921875,0.004360934564412222,1,0,0.47313955603953883,0.5268604439604612,0.5268604439604612,1.0,0.01,0.24706347970175555,900,1400,1500,1530
2025-04-16,84033.8671875,0.01025637449930672,1,0,0.4725507758533272,0.5274492241466728,0.5274492241466728,1.0,0.01,0.24706347970175555,900,1400,1500,1530
2025-04-17,84895.75,-0.005241078764249063,0,0,0.45700416245935443,0.5429958375406456,0.5429958375406456,1.0,0.01,0.24706347970175555,900,1400,1500,1530
2025-04-18,84450.8046875,0.007254038339443714,1,0,0.46704562832443164,0.5329543716755684,0.5329543716755684,1.0,0.01,0.24706347970175555,900,1400,1500,1530
2025-04-19,85063.4140625,0.0013036230231544543,1,0,0.4756360385688031,0.5243639614311969,0.5243639614311969,1.0,0.01,0.24706347970175555,900,1400,1500,1530
2025-04-20,85174.3046875,0.027527099529631727,1,0,0.46955902919653014,0.5304409708034699,0.5304409708034699,1.0,0.01,0.24706347970175555,900,1400,1500,1530
2025-04-21,87518.90625,0.06767662701452015,1,1,0.517915857979292,0.48208414202070804,0.517915857979292,1.0,0.01,0.24706347970175555,900,1400,1500,1530
2025-04-22,93441.890625,0.0027527134594511615,1,0,0.449671696535758,0.550328303464242,0.550328303464242,1.0,0.01,0.24706347970175555,900,1400,1500,1530
2025-04-23,93699.109375,0.0026114175645013393,1,0,0.4616547084812126,0.5383452915187874,0.5383452915187874,1.0,0.01,0.24706347970175555,900,1400,1500,1530
2025-04-24,93943.796875,0.008267742531563593,1,0,0.46892453860146316,0.5310754613985369,0.5310754613985369,1.0,0.01,0.24706347970175555,900,1400,1500,1530
2025-04-25,94720.5,-0.0007767095032226168,0,0,0.47945511015403935,0.5205448898459606,0.5205448898459606,1.0,0.01,0.24706347970175555,900,1400,1500,1530
2025-04-26,94646.9296875,-0.00942540809771053,0,0,0.4701446745088751,0.5298553254911249,0.5298553254911249,1.0,0.01,0.24706347970175555,900,1400,1500,1530
2025-04-27,93754.84375,0.013054325526514532,1,0,0.4948406503861727,0.5051593496138274,0.5051593496138274,1.0,0.01,0.24706347970175555,900,1400,1500,1530
2025-04-28,94978.75,-0.007306486319308303,0,1,0.506240591581446,0.49375940841855404,0.506240591581446,1.0,0.01,0.24706347970175555,900,1400,1500,1530
2025-04-29,94284.7890625,-0.0008217291810309613,0,0,0.49412486642045117,0.5058751335795488,0.5058751335795488,1.0,0.01,0.24706347970175555,900,1400,1500,1530
2025-04-30,94207.3125,0.02425526614507767,1,0,0.49858277694017855,0.5014172230598215,0.5014172230598215,1.0,0.01,0.24706347970175555,900,1400,1500,1530
2025-05-01,96492.3359375,0.0043291974532626565,1,0,0.4828438154057421,0.5171561845942578,0.5171561845942578,1.0,0.01,0.24706347970175555,900,1400,1500,1530
2025-05-02,96910.0703125,-0.010507405827035687,0,0,0.4873069929714331,0.5126930070285669,0.5126930070285669,1.0,0.01,0.24706347970175555,900,1400,1500,1530
2025-05-03,95891.796875,-0.016433317174712747,0,0,0.49423581180106796,0.5057641881989321,0.5057641881989321,1.0,0.01,0.24706347970175555,900,1400,1500,1530
2025-05-04,94315.9765625,0.0045811763897039,1,1,0.51536708648666,0.48463291351334004,0.51536708648666,1.0,0.01,0.24706347970175555,900,1400,1500,1530
2025-05-05,94748.0546875,0.02168299794413664,1,1,0.5091827544427188,0.49081724555728123,0.5091827544427188,1.0,0.01,0.24706347970175555,900,1400,1500,1530
2025-05-06,96802.4765625,0.0023743581586117557,1,0,0.47988701485811386,0.5201129851418862,0.5201129851418862,1.0,0.01,0.24706347970175555,900,1400,1500,1530
2025-05-07,97032.3203125,0.06399043746457878,1,1,0.545003142710516,0.454996857289484,0.545003142710516,1.0,0.01,0.24706347970175555,900,1400,1500,1530
2025-05-08,103241.4609375,-0.002621130818400763,0,0,0.45377631079937814,0.5462236892006218,0.5462236892006218,1.0,0.01,0.24706347970175555,900,1400,1500,1530
2025-05-09,102970.8515625,0.016756941758927724,1,1,0.5178291721616824,0.48217082783831755,0.5178291721616824,1.0,0.01,0.24784496283390817,930,1430,1530,1560
2025-05-10,104696.328125,-0.005635047193781384,0,1,0.5082869366330053,0.4917130633669947,0.5082869366330053,1.0,0.01,0.24784496283390817,930,1430,1530,1560
2025-05-11,104106.359375,-0.01242389281274392,0,1,0.5276220679734873,0.4723779320265127,0.5276220679734873,1.0,0.01,0.24784496283390817,930,1430,1530,1560
2025-05-12,102812.953125,0.013197358248725033,1,1,0.5412722509114859,0.4587277490885141,0.5412722509114859,1.0,0.01,0.24784496283390817,930,1430,1530,1560
2025-05-13,104169.8125,-0.006051642240404331,0,1,0.5191368143697499,0.4808631856302501,0.5191368143697499,1.0,0.01,0.24784496283390817,930,1430,1530,1560
2025-05-14,103539.4140625,0.00198211052629782,1,1,0.5341962258843462,0.46580377411565377,0.5341962258843462,1.0,0.01,0.24784496283390817,930,1430,1530,1560
2025-05-15,103744.640625,-0.0024613470244020386,0,1,0.5293704078045344,0.47062959219546563,0.5293704078045344,1.0,0.01,0.24784496283390817,930,1430,1530,1560
2025-05-16,103489.2890625,-0.0028814878109744146,0,1,0.5289944916458116,0.4710055083541884,0.5289944916458116,1.0,0.01,0.24784496283390817,930,1430,1530,1560
2025-05-17,103191.0859375,0.03154266519659865,1,1,0.5299382860750654,0.47006171392493457,0.5299382860750654,1.0,0.01,0.24784496283390817,930,1430,1530,1560
2025-05-18,106446.0078125,-0.007889709931436006,0,1,0.517249349979098,0.482750650020902,0.517249349979098,1.0,0.01,0.24784496283390817,930,1430,1530,1560
2025-05-19,105606.1796875,0.011220046530480143,1,1,0.5373329878716703,0.4626670121283297,0.5373329878716703,1.0,0.01,0.24784496283390817,930,1430,1530,1560
2025-05-20,106791.0859375,0.027034018449719976,1,1,0.514957629198455,0.485042370801545,0.514957629198455,1.0,0.01,0.24784496283390817,930,1430,1530,1560
2025-05-21,109678.078125,0.018191448638679386,1,1,0.5339339695091303,0.4660660304908697,0.5339339695091303,1.0,0.01,0.24784496283390817,930,1430,1530,1560
2025-05-22,111673.28125,-0.03927066820202352,0,1,0.5101226990685357,0.4898773009314643,0.5101226990685357,1.0,0.01,0.24784496283390817,930,1430,1530,1560
2025-05-23,107287.796875,0.004691674073487251,1,1,0.5518639918539875,0.4481360081460125,0.5518639918539875,1.0,0.01,0.24784496283390817,930,1430,1530,1560
2025-05-24,107791.15625,0.011543009819045436,1,1,0.5221258134975105,0.4778741865024895,0.5221258134975105,1.0,0.01,0.24784496283390817,930,1430,1530,1560
2025-05-25,109035.390625,0.003714175371671846,1,1,0.5236328188437752,0.4763671811562248,0.5236328188437752,1.0,0.01,0.24784496283390817,930,1430,1530,1560
2025-05-26,109440.3671875,-0.004072780217708405,0,1,0.5255963082392842,0.47440369176071584,0.5255963082392842,1.0,0.01,0.24784496283390817,930,1430,1530,1560
2025-05-27,108994.640625,-0.010939184653144474,0,1,0.5363557755168266,0.46364422448317344,0.5363557755168266,1.0,0.01,0.24784496283390817,930,1430,1530,1560
2025-05-28,107802.328125,-0.020041963379443528,0,1,0.5359817947494457,0.46401820525055426,0.5359817947494457,1.0,0.01,0.24784496283390817,930,1430,1530,1560
2025-05-29,105641.7578125,-0.015554336978341854,0,1,0.5518819429838957,0.4481180570161043,0.5518819429838957,1.0,0.01,0.24784496283390817,930,1430,1530,1560
2025-05-30,103998.5703125,0.006149348357177731,1,1,0.5462751426416483,0.45372485735835166,0.5462751426416483,1.0,0.01,0.24784496283390817,930,1430,1530,1560
2025-05-31,104638.09375,0.009690618169351017,1,1,0.5219430291559625,0.47805697084403753,0.5219430291559625,1.0,0.01,0.24784496283390817,930,1430,1530,1560
2025-06-01,105652.1015625,0.0021715582000447764,1,1,0.5167702512432008,0.48322974875679925,0.5167702512432008,1.0,0.01,0.24784496283390817,930,1430,1530,1560
2025-06-02,105881.53125,-0.004241178746647534,0,1,0.5223078464922274,0.4776921535077726,0.5223078464922274,1.0,0.01,0.24784496283390817,930,1430,1530,1560
2025-06-03,105432.46875,-0.0066439151364365845,0,1,0.5191029651950991,0.48089703480490087,0.5191029651950991,1.0,0.01,0.24784496283390817,930,1430,1530,1560
2025-06-04,104731.984375,-0.030134359325224014,0,1,0.5193116655900476,0.4806883344099524,0.5193116655900476,1.0,0.01,0.24784496283390817,930,1430,1530,1560
2025-06-05,101575.953125,0.027707252931573167,1,1,0.550850527191915,0.44914947280808504,0.550850527191915,1.0,0.01,0.24784496283390817,930,1430,1530,1560
2025-06-06,104390.34375,0.011737496074678777,1,0,0.49749464405781524,0.5025053559421848,0.5025053559421848,1.0,0.01,0.24784496283390817,930,1430,1530,1560
2025-06-07,105615.625,0.0016855786016509722,1,0,0.4957891119708317,0.5042108880291682,0.5042108880291682,1.0,0.01,0.24784496283390817,930,1430,1530,1560
2025-06-08,105793.6484375,0.04253991795791734,1,0,0.4928189208735736,0.5071810791264264,0.5071810791264264,1.0,0.01,0.24740600507276583,960,1460,1560,1590
2025-06-09,110294.1015625,-0.0003342625487465778,0,0,0.48206940860807584,0.5179305913919241,0.5179305913919241,1.0,0.01,0.24740600507276583,960,1460,1560,1590
2025-06-10,110257.234375,-0.014244955298426398,0,0,0.48505786530809925,0.5149421346919008,0.5149421346919008,1.0,0.01,0.24740600507276583,960,1460,1560,1590
2025-06-11,108686.625,-0.025371753999169577,0,0,0.49850801532152683,0.5014919846784731,0.5014919846784731,1.0,0.01,0.24740600507276583,960,1460,1560,1590
2025-06-12,105929.0546875,0.0015285141831733462,1,1,0.5239532325578876,0.4760467674421124,0.5239532325578876,1.0,0.01,0.24740600507276583,960,1460,1560,1590
2025-06-13,106090.96875,-0.0058304915798971235,0,1,0.5171111765505,0.4828888234495,0.5171111765505,1.0,0.01,0.24740600507276583,960,1460,1560,1590
2025-06-14,105472.40625,0.0007548627203146641,1,1,0.5039738484248393,0.4960261515751607,0.5039738484248393,1.0,0.01,0.24740600507276583,960,1460,1560,1590
2025-06-15,105552.0234375,0.011792615001237072,1,1,0.5079603821539667,0.49203961784603334,0.5079603821539667,1.0,0.01,0.24740600507276583,960,1460,1560,1590
2025-06-16,106796.7578125,-0.020559056941174436,0,1,0.5082658413959251,0.4917341586040749,0.5082658413959251,1.0,0.01,0.24740600507276583,960,1460,1560,1590
2025-06-17,104601.1171875,0.0026979724986506692,1,1,0.5244014745920264,0.47559852540797365,0.5244014745920264,1.0,0.01,0.24740600507276583,960,1460,1560,1590
2025-06-18,104883.328125,-0.0018977187896134229,0,1,0.5005568430827754,0.49944315691722463,0.5005568430827754,1.0,0.01,0.24740600507276583,960,1460,1560,1590
2025-06-19,104684.2890625,-0.013131746055793259,0,0,0.49856211982941234,0.5014378801705877,0.5014378801705877,1.0,0.01,0.24740600507276583,960,1460,1560,1590
2025-06-20,103309.6015625,-0.010184874363913243,0,1,0.5249512054858803,0.47504879451411974,0.5249512054858803,1.0,0.01,0.24740600507276583,960,1460,1560,1590
2025-06-21,102257.40625,-0.012422235919953284,0,1,0.5109616827904542,0.4890383172095458,0.5109616827904542,1.0,0.01,0.24740600507276583,960,1460,1560,1590
2025-06-22,100987.140625,0.04545759771084712,1,1,0.54801385994002,0.45198614005997995,0.54801385994002,1.0,0.01,0.24740600507276583,960,1460,1560,1590
2025-06-23,105577.7734375,0.004431419225533917,1,0,0.4747130285030723,0.5252869714969277,0.5252869714969277,1.0,0.01,0.24740600507276583,960,1460,1560,1590
2025-06-24,106045.6328125,0.012406215749838134,1,0,0.47699488252976846,0.5230051174702315,0.5230051174702315,1.0,0.01,0.24740600507276583,960,1460,1560,1590
2025-06-25,107361.2578125,-0.003737454466123835,0,0,0.4785510327458336,0.5214489672541665,0.5214489672541665,1.0,0.01,0.24740600507276583,960,1460,1560,1590
2025-06-26,106960.0,0.0012007263229245613,1,0,0.48154016013254647,0.5184598398674536,0.5184598398674536,1.0,0.01,0.24740600507276583,960,1460,1560,1590
2025-06-27,107088.4296875,0.002234353778444831,1,0,0.48458625224799884,0.5154137477520011,0.5154137477520011,1.0,0.01,0.24740600507276583,960,1460,1560,1590
2025-06-28,107327.703125,0.009856422495764683,1,0,0.47560949681310594,0.5243905031868941,0.5243905031868941,1.0,0.01,0.24740600507276583,960,1460,1560,1590
2025-06-29,108385.5703125,-0.011535062936840146,0,0,0.4841841917472806,0.5158158082527193,0.5158158082527193,1.0,0.01,0.24740600507276583,960,1460,1560,1590
2025-06-30,107135.3359375,-0.013413452013053329,0,1,0.5005483151022267,0.49945168489777325,0.5005483151022267,1.0,0.01,0.24740600507276583,960,1460,1560,1590
2025-07-01,105698.28125,0.02990624847553991,1,1,0.5064455146440217,0.49355448535597835,0.5064455146440217,1.0,0.01,0.24740600507276583,960,1460,1560,1590
2025-07-02,108859.3203125,0.007244728772290987,1,0,0.4835624407055543,0.5164375592944457,0.5164375592944457,1.0,0.01,0.24740600507276583,960,1460,1560,1590
2025-07-03,109647.9765625,-0.014716556343200904,0,0,0.48000248802704815,0.5199975119729519,0.5199975119729519,1.0,0.01,0.24740600507276583,960,1460,1560,1590
2025-07-04,108034.3359375,0.0018220480395592098,1,0,0.4965770639849001,0.5034229360150999,0.5034229360150999,1.0,0.01,0.24740600507276583,960,1460,1560,1590
2025-07-05,108231.1796875,0.009247710575546852,1,0,0.487763334659514,0.512236665340486,0.512236665340486,1.0,0.01,0.24740600507276583,960,1460,1560,1590
2025-07-06,109232.0703125,-0.008534295352390808,0,0,0.4957256596657251,0.5042743403342749,0.5042743403342749,1.0,0.01,0.24740600507276583,960,1460,1560,1590
2025-07-07,108299.8515625,0.006005750382996888,1,1,0.5044769530713634,0.4955230469286366,0.5044769530713634,1.0,0.01,0.24740600507276583,960,1460,1560,1590
2025-07-08,108950.2734375,0.021810695604753683,1,0,0.49792591428682054,0.5020740857131795,0.5020740857131795,1.0,0.01,0.2506112417745999,990,1490,1590,1620
2025-07-09,111326.5546875,0.041864660687494615,1,0,0.4959237587070768,0.5040762412929232,0.5040762412929232,1.0,0.01,0.2506112417745999,990,1490,1590,1620
2025-07-10,115987.203125,0.013189291760499877,1,0,0.4978804657942458,0.5021195342057543,0.5021195342057543,1.0,0.01,0.2506112417745999,990,1490,1590,1620
2025-07-11,117516.9921875,-0.0006957770402219454,0,0,0.4908551547375052,0.5091448452624948,0.5091448452624948,1.0,0.01,0.2506112417745999,990,1490,1590,1620
2025-07-12,117435.2265625,0.014313342548076147,1,0,0.4929601330376692,0.5070398669623308,0.5070398669623308,1.0,0.01,0.2506112417745999,990,1490,1590,1620
2025-07-13,119116.1171875,0.006158578325259345,1,0,0.4970023169453483,0.5029976830546516,0.5029976830546516,1.0,0.01,0.2506112417745999,990,1490,1590,1620
2025-07-14,119849.703125,-0.01729262210051885,0,1,0.5662767068563747,0.43372329314362534,0.5662767068563747,1.0,0.01,0.2506112417745999,990,1490,1590,1620
2025-07-15,117777.1875,0.00816219450392297,1,1,0.5168902143723243,0.4831097856276757,0.5168902143723243,1.0,0.01,0.2506112417745999,990,1490,1590,1620
2025-07-16,118738.5078125,0.004643278306736054,1,1,0.5069450449429379,0.4930549550570621,0.5069450449429379,1.0,0.01,0.2506112417745999,990,1490,1590,1620
2025-07-17,119289.84375,-0.01078563897020779,0,1,0.5131109179464537,0.4868890820535463,0.5131109179464537,1.0,0.01,0.2506112417745999,990,1490,1590,1620
2025-07-18,118003.2265625,-0.0005360022928398989,0,1,0.5271168129365627,0.47288318706343735,0.5271168129365627,1.0,0.01,0.2506112417745999,990,1490,1590,1620
2025-07-19,117939.9765625,-0.00541960002562214,0,1,0.5147246069360126,0.48527539306398737,0.5147246069360126,1.0,0.01,0.2506112417745999,990,1490,1590,1620
2025-07-20,117300.7890625,0.0011828564931994912,1,1,0.5283471063720206,0.47165289362797935,0.5283471063720206,1.0,0.01,0.2506112417745999,990,1490,1590,1620
2025-07-21,117439.5390625,0.02176332622218302,1,1,0.5246642869185179,0.47533571308148215,0.5246642869185179,1.0,0.01,0.2506112417745999,990,1490,1590,1620
2025-07-22,119995.4140625,-0.010337504434577038,0,1,0.5077216440521429,0.49227835594785707,0.5077216440521429,1.0,0.01,0.2506112417745999,990,1490,1590,1620
2025-07-23,118754.9609375,-0.0032584822936673197,0,1,0.5176249118640991,0.4823750881359009,0.5176249118640991,1.0,0.01,0.2506112417745999,990,1490,1590,1620
2025-07-24,118368.0,-0.006185093838706357,0,1,0.5151640288486963,0.4848359711513037,0.5151640288486963,1.0,0.01,0.2506112417745999,990,1490,1590,1620
2025-07-25,117635.8828125,0.002647868724685587,1,1,0.5253175864918253,0.47468241350817475,0.5253175864918253,1.0,0.01,0.2506112417745999,990,1490,1590,1620
2025-07-26,117947.3671875,0.012727075099638885,1,0,0.4989889196331518,0.5010110803668482,0.5010110803668482,1.0,0.01,0.2506112417745999,990,1490,1590,1620
2025-07-27,119448.4921875,-0.012758768211219684,0,1,0.5023248330966957,0.49767516690330427,0.5023248330966957,1.0,0.01,0.2506112417745999,990,1490,1590,1620
2025-07-28,117924.4765625,-1.9742508661990676e-05,0,1,0.5192158092470751,0.4807841907529249,0.5192158092470751,1.0,0.01,0.2506112417745999,990,1490,1590,1620
2025-07-29,117922.1484375,-0.0007713643170961237,0,1,0.5103342013543352,0.48966579864566484,0.5103342013543352,1.0,0.01,0.2506112417745999,990,1490,1590,1620
2025-07-30,117831.1875,-0.017592832754910526,0,1,0.5083233556266059,0.4916766443733941,0.5083233556266059,1.0,0.01,0.2506112417745999,990,1490,1590,1620
2025-07-31,115758.203125,-0.021062154747402473,0,1,0.5216209534363997,0.4783790465636003,0.5216209534363997,1.0,0.01,0.2506112417745999,990,1490,1590,1620
2025-08-01,113320.0859375,-0.006999393518263508,0,1,0.5398478354102553,0.4601521645897447,0.5398478354102553,1.0,0.01,0.2506112417745999,990,1490,1590,1620
2025-08-02,112526.9140625,0.015025363723748075,1,1,0.5185662810842467,0.48143371891575326,0.5185662810842467,1.0,0.01,0.2506112417745999,990,1490,1590,1620
2025-08-03,114217.671875,0.007478798363486527,1,1,0.5038320495769719,0.4961679504230281,0.5038320495769719,1.0,0.01,0.2506112417745999,990,1490,1590,1620
2025-08-04,115071.8828125,-0.008085706753543476,0,0,0.4970811493461082,0.5029188506538917,0.5029188506538917,1.0,0.01,0.2506112417745999,990,1490,1590,1620
2025-08-05,114141.4453125,0.007767158415357134,1,1,0.5329243436334274,0.46707565636657256,0.5329243436334274,1.0,0.01,0.2506112417745999,990,1490,1590,1620
2025-08-06,115028.0,0.021463456180234486,1,0,0.49942726458741754,0.5005727354125824,0.5005727354125824,1.0,0.01,0.2506112417745999,990,1490,1590,1620
2025-08-07,117496.8984375,-0.0068782400705657,0,1,0.5203106977486878,0.47968930225131223,0.5203106977486878,10.0,scale,0.24874281824796252,1020,1520,1620,1650
2025-08-08,116688.7265625,-0.0016142706587778388,0,1,0.5138226048838601,0.4861773951161399,0.5138226048838601,10.0,scale,0.24874281824796252,1020,1520,1620,1650
2025-08-09,116500.359375,0.02408918266480664,1,1,0.5118741453261666,0.4881258546738334,0.5118741453261666,10.0,scale,0.24874281824796252,1020,1520,1620,1650
2025-08-10,119306.7578125,-0.004822128356753663,0,1,0.523387736528055,0.47661226347194496,0.523387736528055,10.0,scale,0.24874281824796252,1020,1520,1620,1650
2025-08-11,118731.4453125,0.012140515376580119,1,1,0.5187743842373858,0.48122561576261424,0.5187743842373858,10.0,scale,0.24874281824796252,1020,1520,1620,1650
2025-08-12,120172.90625,0.026388279596092357,1,1,0.5135514237080023,0.48644857629199767,0.5135514237080023,10.0,scale,0.24874281824796252,1020,1520,1620,1650
2025-08-13,123344.0625,-0.040411222672351976,0,1,0.5170102180519982,0.4829897819480018,0.5170102180519982,10.0,scale,0.24874281824796252,1020,1520,1620,1650
2025-08-14,118359.578125,-0.008121240187970669,0,1,0.5075668885647006,0.49243311143529944,0.5075668885647006,10.0,scale,0.24874281824796252,1020,1520,1620,1650
2025-08-15,117398.3515625,0.0007921746665282559,1,1,0.5181536304915887,0.4818463695084113,0.5181536304915887,10.0,scale,0.24874281824796252,1020,1520,1620,1650
2025-08-16,117491.3515625,-0.00032588834829794244,0,1,0.5225312336259103,0.47746876637408975,0.5225312336259103,10.0,scale,0.24874281824796252,1020,1520,1620,1650
2025-08-17,117453.0625,-0.01022323279139703,0,1,0.5224732793494798,0.47752672065052015,0.5224732793494798,10.0,scale,0.24874281824796252,1020,1520,1620,1650
2025-08-18,116252.3125,-0.029428514056440758,0,1,0.5186782263970253,0.4813217736029747,0.5186782263970253,10.0,scale,0.24874281824796252,1020,1520,1620,1650
2025-08-19,112831.1796875,0.012794003430595335,1,1,0.5075169764562563,0.49248302354374374,0.5075169764562563,10.0,scale,0.24874281824796252,1020,1520,1620,1650
2025-08-20,114274.7421875,-0.01623902974513114,0,1,0.5337856437936807,0.46621435620631935,0.5337856437936807,10.0,scale,0.24874281824796252,1020,1520,1620,1650
2025-08-21,112419.03125,0.03962900798880531,1,1,0.5159506489101195,0.48404935108988045,0.5159506489101195,10.0,scale,0.24874281824796252,1020,1520,1620,1650
2025-08-22,116874.0859375,-0.012832252765613172,0,1,0.5303637305570302,0.46963626944296977,0.5303637305570302,10.0,scale,0.24874281824796252,1020,1520,1620,1650
2025-08-23,115374.328125,-0.016605933647771742,0,1,0.5339837699646186,0.4660162300353814,0.5339837699646186,10.0,scale,0.24874281824796252,1020,1520,1620,1650
2025-08-24,113458.4296875,-0.029385900493979156,0,1,0.517683986128861,0.482316013871139,0.517683986128861,10.0,scale,0.24874281824796252,1020,1520,1620,1650
2025-08-25,110124.3515625,0.015240086898922645,1,1,0.5161734036118654,0.48382659638813463,0.5161734036118654,10.0,scale,0.24874281824796252,1020,1520,1620,1650
2025-08-26,111802.65625,-0.005193022862549412,0,1,0.5292827800030512,0.4707172199969488,0.5292827800030512,10.0,scale,0.24874281824796252,1020,1520,1620,1650
2025-08-27,111222.0625,0.01189280397942638,1,1,0.5202990977885005,0.4797009022114995,0.5202990977885005,10.0,scale,0.24874281824796252,1020,1520,1620,1650
2025-08-28,112544.8046875,-0.036731759955323295,0,1,0.5308572759969968,0.46914272400300316,0.5308572759969968,10.0,scale,0.24874281824796252,1020,1520,1620,1650
2025-08-29,108410.8359375,0.003664157476186425,1,1,0.5218760598287203,0.4781239401712797,0.5218760598287203,10.0,scale,0.24874281824796252,1020,1520,1620,1650
2025-08-30,108808.0703125,-0.00525107534173741,0,1,0.5221673763477191,0.47783262365228085,0.5221673763477191,10.0,scale,0.24874281824796252,1020,1520,1620,1650
2025-08-31,108236.7109375,0.009367272930950854,1,1,0.5176357643260766,0.4823642356739234,0.5176357643260766,10.0,scale,0.24874281824796252,1020,1520,1620,1650
2025-09-01,109250.59375,0.017848801737061493,1,1,0.5214827463174192,0.4785172536825808,0.5214827463174192,10.0,scale,0.24874281824796252,1020,1520,1620,1650
2025-09-02,111200.5859375,0.004699840343410866,1,1,0.531622405437979,0.468377594562021,0.531622405437979,10.0,scale,0.24874281824796252,1020,1520,1620,1650
2025-09-03,111723.2109375,-0.008947195185422974,0,1,0.5329812721758804,0.4670187278241196,0.5329812721758804,10.0,scale,0.24874281824796252,1020,1520,1620,1650
2025-09-04,110723.6015625,-0.0006558419928113235,0,1,0.5319649348160953,0.4680350651839047,0.5319649348160953,10.0,scale,0.24874281824796252,1020,1520,1620,1650
2025-09-05,110650.984375,-0.0038525555367432407,0,1,0.5212700546825891,0.47872994531741087,0.5212700546825891,10.0,scale,0.24874281824796252,1020,1520,1620,1650
2025-09-06,110224.6953125,0.008554542812086785,1,1,0.5056104780927889,0.4943895219072111,0.5056104780927889,0.1,scale,0.24934027344871018,1050,1550,1650,1680
2025-09-07,111167.6171875,0.008130177859939192,1,0,0.4920199141285281,0.5079800858714719,0.5079800858714719,0.1,scale,0.24934027344871018,1050,1550,1650,1680
2025-09-08,112071.4296875,-0.004826232823193166,0,1,0.5009579350616687,0.49904206493833125,0.5009579350616687,0.1,scale,0.24934027344871018,1050,1550,1650,1680
2025-09-09,111530.546875,0.02174124101370767,1,0,0.49309273114865476,0.5069072688513452,0.5069072688513452,0.1,scale,0.24934027344871018,1050,1550,1650,1680
2025-09-10,113955.359375,0.013620945043858246,1,0,0.4806976586599678,0.5193023413400322,0.5193023413400322,0.1,scale,0.24934027344871018,1050,1550,1650,1680
2025-09-11,115507.5390625,0.005142859655061782,1,0,0.4738469295757018,0.5261530704242983,0.5261530704242983,0.1,scale,0.24934027344871018,1050,1550,1650,1680
2025-09-12,116101.578125,-0.0013011908618274504,0,1,0.5000161934996342,0.4999838065003658,0.5000161934996342,0.1,scale,0.24934027344871018,1050,1550,1650,1680
2025-09-13,115950.5078125,-0.004681752350561785,0,0,0.4962195963794078,0.5037804036205922,0.5037804036205922,0.1,scale,0.24934027344871018,1050,1550,1650,1680
2025-09-14,115407.65625,0.0003224981011604733,1,0,0.49174891299881585,0.5082510870011842,0.5082510870011842,0.1,scale,0.24934027344871018,1050,1550,1650,1680
2025-09-15,115444.875,0.012112382641498831,1,1,0.5020474400163595,0.4979525599836405,0.5020474400163595,0.1,scale,0.24934027344871018,1050,1550,1650,1680
2025-09-16,116843.1875,-0.0032066883445814875,0,0,0.48916116988390107,0.5108388301160989,0.5108388301160989,0.1,scale,0.24934027344871018,1050,1550,1650,1680
2025-09-17,116468.5078125,0.005741425944741474,1,0,0.4946823795037828,0.5053176204962172,0.5053176204962172,0.1,scale,0.24934027344871018,1050,1550,1650,1680
2025-09-18,117137.203125,-0.012364506846338497,0,1,0.5007781591681115,0.4992218408318885,0.5007781591681115,0.1,scale,0.24934027344871018,1050,1550,1650,1680
2025-09-19,115688.859375,0.0002861257573012477,1,0,0.496957621411136,0.503042378588864,0.503042378588864,0.1,scale,0.24934027344871018,1050,1550,1650,1680
2025-09-20,115721.9609375,-0.003593675600818802,0,0,0.49882104692713186,0.5011789530728681,0.5011789530728681,0.1,scale,0.24934027344871018,1050,1550,1650,1680
2025-09-21,115306.09375,-0.02218083931492132,0,0,0.49694617263822777,0.5030538273617722,0.5030538273617722,0.1,scale,0.24934027344871018,1050,1550,1650,1680
2025-09-22,112748.5078125,-0.00651013327573835,0,1,0.5531972365021522,0.44680276349784775,0.5531972365021522,0.1,scale,0.24934027344871018,1050,1550,1650,1680
2025-09-23,112014.5,0.011731809832655538,1,1,0.5073604627148849,0.4926395372851151,0.5073604627148849,0.1,scale,0.24934027344871018,1050,1550,1650,1680
2025-09-24,113328.6328125,-0.03776048156409062,0,0,0.4951013126802102,0.5048986873197898,0.5048986873197898,0.1,scale,0.24934027344871018,1050,1550,1650,1680
2025-09-25,109049.2890625,0.0060847628462732395,1,1,0.5501308834315289,0.44986911656847106,0.5501308834315289,0.1,scale,0.24934027344871018,1050,1550,1650,1680
2025-09-26,109712.828125,-0.0002814877077529365,0,1,0.5153738791072713,0.4846261208927287,0.5153738791072713,0.1,scale,0.24934027344871018,1050,1550,1650,1680
2025-09-27,109681.9453125,0.02225248016477188,1,1,0.5179248472942293,0.4820751527057707,0.5179248472942293,0.1,scale,0.24934027344871018,1050,1550,1650,1680
2025-09-28,112122.640625,0.02031473906432546,1,0,0.4898340974605829,0.5101659025394172,0.5101659025394172,0.1,scale,0.24934027344871018,1050,1550,1650,1680
2025-09-29,114400.3828125,-0.003009577997342028,0,1,0.5005467952327796,0.49945320476722044,0.5005467952327796,0.1,scale,0.24934027344871018,1050,1550,1650,1680
2025-09-30,114056.0859375,0.04026829179914837,1,0,0.4750899639639233,0.5249100360360768,0.5249100360360768,0.1,scale,0.24934027344871018,1050,1550,1650,1680
2025-10-01,118648.9296875,0.017128920845327356,1,0,0.48193993230756554,0.5180600676924345,0.5180600676924345,0.1,scale,0.24934027344871018,1050,1550,1650,1680
2025-10-02,120681.2578125,0.013136036748664148,1,0,0.4823918394669712,0.5176081605330288,0.5176081605330288,0.1,scale,0.24934027344871018,1050,1550,1650,1680
2025-10-03,122266.53125,0.001299606980548873,1,0,0.49445934902333516,0.5055406509766649,0.5055406509766649,0.1,scale,0.24934027344871018,1050,1550,1650,1680
2025-10-04,122425.4296875,0.008887425412982486,1,0,0.49058876076749774,0.5094112392325023,0.5094112392325023,0.1,scale,0.24934027344871018,1050,1550,1650,1680
2025-10-05,123513.4765625,0.010031736794915869,1,1,0.5111958876556686,0.4888041123443314,0.5111958876556686,0.1,scale,0.24934027344871018,1050,1550,1650,1680
2025-10-06,124752.53125,-0.026461574802715715,0,1,0.505163364861433,0.494836635138567,0.505163364861433,1.0,scale,0.24907773529205074,1080,1580,1680,1710
2025-10-07,121451.3828125,0.01567280940669602,1,1,0.514678599280495,0.485321400719505,0.514678599280495,1.0,scale,0.24907773529205074,1080,1580,1680,1710
2025-10-08,123354.8671875,-0.013370216251727518,0,1,0.5006394844383556,0.4993605155616444,0.5006394844383556,1.0,scale,0.24907773529205074,1080,1580,1680,1710
2025-10-09,121705.5859375,-0.06976852117831744,0,1,0.5241120666155454,0.47588793338445456,0.5241120666155454,1.0,scale,0.24907773529205074,1080,1580,1680,1710
2025-10-10,113214.3671875,-0.02125599811033263,0,1,0.5476721193972125,0.4523278806027875,0.5476721193972125,1.0,scale,0.24907773529205074,1080,1580,1680,1710
2025-10-11,110807.8828125,0.03936437283871608,1,1,0.5973622042028104,0.4026377957971896,0.5973622042028104,1.0,scale,0.24907773529205074,1080,1580,1680,1710
2025-10-12,115169.765625,0.000879679657679322,1,1,0.5180123577229672,0.48198764227703284,0.5180123577229672,1.0,scale,0.24907773529205074,1080,1580,1680,1710
2025-10-13,115271.078125,-0.01867262888064536,0,1,0.5079635038824322,0.49203649611756783,0.5079635038824322,1.0,scale,0.24907773529205074,1080,1580,1680,1710
2025-10-14,113118.6640625,-0.02064646024028005,0,1,0.5478869919030352,0.45211300809696475,0.5478869919030352,1.0,scale,0.24907773529205074,1080,1580,1680,1710
2025-10-15,110783.1640625,-0.023443318504017374,0,1,0.5425482331851947,0.45745176681480526,0.5425482331851947,1.0,scale,0.24907773529205074,1080,1580,1680,1710
2025-10-16,108186.0390625,-0.01588236351834038,0,1,0.5769212622752554,0.4230787377247446,0.5769212622752554,1.0,scale,0.24907773529205074,1080,1580,1680,1710
2025-10-17,106467.7890625,0.006861009972426446,1,1,0.5862861279826603,0.41371387201733967,0.5862861279826603,1.0,scale,0.24907773529205074,1080,1580,1680,1710
2025-10-18,107198.265625,0.013698405510000455,1,1,0.5436838330953772,0.45631616690462284,0.5436838330953772,1.0,scale,0.24907773529205074,1080,1580,1680,1710
2025-10-19,108666.7109375,0.01768912239467313,1,1,0.557758516768192,0.442241483231808,0.557758516768192,1.0,scale,0.24907773529205074,1080,1580,1680,1710
2025-10-20,110588.9296875,-0.019098105646452646,0,1,0.536683789397623,0.46331621060237704,0.536683789397623,1.0,scale,0.24907773529205074,1080,1580,1680,1710
2025-10-21,108476.890625,-0.007267028792566799,0,1,0.5664469525241009,0.43355304747589907,0.5664469525241009,1.0,scale,0.24907773529205074,1080,1580,1680,1710
2025-10-22,107688.5859375,0.022111355667553845,1,1,0.5517584052026533,0.4482415947973467,0.5517584052026533,1.0,scale,0.24907773529205074,1080,1580,1680,1710
2025-10-23,110069.7265625,0.008759859251149305,1,1,0.5246269012717418,0.47537309872825817,0.5246269012717418,1.0,scale,0.24907773529205074,1080,1580,1680,1710
2025-10-24,111033.921875,0.005474045023684315,1,1,0.5073345247728761,0.4926654752271239,0.5073345247728761,1.0,scale,0.24907773529205074,1080,1580,1680,1710
2025-10-25,111641.7265625,0.025355383127430242,1,1,0.5076425325495526,0.4923574674504474,0.5076425325495526,1.0,scale,0.24907773529205074,1080,1580,1680,1710
2025-10-26,114472.4453125,-0.0030847352525406047,0,1,0.5253624936327128,0.4746375063672872,0.5253624936327128,1.0,scale,0.24907773529205074,1080,1580,1680,1710
2025-10-27,114119.328125,-0.01019252462848308,0,1,0.5066545915686335,0.49334540843136654,0.5066545915686335,1.0,scale,0.24907773529205074,1080,1580,1680,1710
2025-10-28,112956.1640625,-0.025681284408657135,0,0,0.49956657384802955,0.5004334261519705,0.5004334261519705,1.0,scale,0.24907773529205074,1080,1580,1680,1710
2025-10-29,110055.3046875,-0.015898895718551742,0,1,0.5127755130172185,0.48722448698278154,0.5127755130172185,1.0,scale,0.24907773529205074,1080,1580,1680,1710
2025-10-30,108305.546875,0.011547120379193476,1,1,0.5296850877573975,0.47031491224260247,0.5296850877573975,1.0,scale,0.24907773529205074,1080,1580,1680,1710
2025-10-31,109556.1640625,0.004635536182247879,1,1,0.5130664844954643,0.4869335155045357,0.5130664844954643,1.0,scale,0.24907773529205074,1080,1580,1680,1710
2025-11-01,110064.015625,0.005229768982454308,1,1,0.5108009559989509,0.4891990440010491,0.5108009559989509,1.0,scale,0.24907773529205074,1080,1580,1680,1710
2025-11-02,110639.625,-0.03698585893164408,0,1,0.5071319350293949,0.4928680649706051,0.5071319350293949,1.0,scale,0.24907773529205074,1080,1580,1680,1710
2025-11-03,106547.5234375,-0.046523840630681046,0,1,0.5564617450587971,0.4435382549412029,0.5564617450587971,1.0,scale,0.24907773529205074,1080,1580,1680,1710
2025-11-04,101590.5234375,0.02265282648549194,1,1,0.5625287478030341,0.4374712521969659,0.5625287478030341,1.0,scale,0.24907773529205074,1080,1580,1680,1710
2025-11-05,103891.8359375,-0.02493503798083263,0,1,0.5205167777986998,0.47948322220130024,0.5205167777986998,1.0,scale,0.2502866793190325,1110,1610,1710,1740
2025-11-06,101301.2890625,0.020445121741957006,1,1,0.5315111866733598,0.46848881332664016,0.5315111866733598,1.0,scale,0.2502866793190325,1110,1610,1710,1740
2025-11-07,103372.40625,-0.010547196317199026,0,1,0.5282263767061233,0.47177362329387673,0.5282263767061233,1.0,scale,0.2502866793190325,1110,1610,1710,1740
2025-11-08,102282.1171875,0.02383137448193029,1,1,0.5167370419072744,0.48326295809272557,0.5167370419072744,1.0,scale,0.2502866793190325,1110,1610,1710,1740
2025-11-09,104719.640625,0.012194017448672767,1,1,0.5172245967271734,0.48277540327282664,0.5172245967271734,1.0,scale,0.2502866793190325,1110,1610,1710,1740
2025-11-10,105996.59375,-0.028294541304540788,0,1,0.5107291347980295,0.4892708652019705,0.5107291347980295,1.0,scale,0.2502866793190325,1110,1610,1710,1740
2025-11-11,102997.46875,-0.012954505253314763,0,1,0.5186896985473587,0.4813103014526413,0.5186896985473587,1.0,scale,0.2502866793190325,1110,1610,1710,1740
2025-11-12,101663.1875,-0.01933536967351135,0,1,0.5231793706245099,0.4768206293754901,0.5231793706245099,1.0,scale,0.2502866793190325,1110,1610,1710,1740
2025-11-13,99697.4921875,-0.053157837862490065,0,1,0.5382706200735783,0.4617293799264217,0.5382706200735783,1.0,scale,0.2502866793190325,1110,1610,1710,1740
2025-11-14,94397.7890625,0.012196889211437911,1,1,0.5341697783223497,0.4658302216776503,0.5341697783223497,1.0,scale,0.2502866793190325,1110,1610,1710,1740
2025-11-15,95549.1484375,-0.01435983820826503,0,1,0.5451575652743962,0.4548424347256038,0.5451575652743962,1.0,scale,0.2502866793190325,1110,1610,1710,1740
2025-11-16,94177.078125,-0.02212006537551514,0,1,0.5522772748560514,0.4477227251439486,0.5522772748560514,1.0,scale,0.2502866793190325,1110,1610,1710,1740
2025-11-17,92093.875,0.009284005043766586,1,1,0.547829410902894,0.45217058909710595,0.547829410902894,1.0,scale,0.2502866793190325,1110,1610,1710,1740
2025-11-18,92948.875,-0.015953746750565823,0,1,0.5459067934274748,0.45409320657252517,0.5459067934274748,1.0,scale,0.2502866793190325,1110,1610,1710,1740
2025-11-19,91465.9921875,-0.05285126891851111,0,1,0.5448275263168996,0.45517247368310043,0.5448275263168996,1.0,scale,0.2502866793190325,1110,1610,1710,1740
2025-11-20,86631.8984375,-0.017790340109098413,0,1,0.5356765973082294,0.46432340269177064,0.5356765973082294,1.0,scale,0.2502866793190325,1110,1610,1710,1740
2025-11-21,85090.6875,-0.0051983141515926645,0,1,0.5453031409883121,0.4546968590116879,0.5453031409883121,1.0,scale,0.2502866793190325,1110,1610,1710,1740
2025-11-22,84648.359375,0.025477734635657168,1,1,0.5437415057345567,0.4562584942654433,0.5437415057345567,1.0,scale,0.2502866793190325,1110,1610,1710,1740
2025-11-23,86805.0078125,0.01688329653360121,1,1,0.5459140821981753,0.4540859178018247,0.5459140821981753,1.0,scale,0.2502866793190325,1110,1610,1710,1740
2025-11-24,88270.5625,-0.010520742688141405,0,1,0.5393773458522604,0.4606226541477396,0.5393773458522604,1.0,scale,0.2502866793190325,1110,1610,1710,1740
2025-11-25,87341.890625,0.03636830551491177,1,1,0.5372504740628904,0.4627495259371096,0.5372504740628904,1.0,scale,0.2502866793190325,1110,1610,1710,1740
2025-11-26,90518.3671875,0.008473504729832548,1,1,0.5275177398396238,0.4724822601603762,0.5275177398396238,1.0,scale,0.2502866793190325,1110,1610,1710,1740
2025-11-27,91285.375,-0.004010602738938163,0,1,0.5251640692521417,0.47483593074785835,0.5251640692521417,1.0,scale,0.2502866793190325,1110,1610,1710,1740
2025-11-28,90919.265625,-0.0007425028351905061,0,1,0.5242458389117305,0.4757541610882695,0.5242458389117305,1.0,scale,0.2502866793190325,1110,1610,1710,1740
2025-11-29,90851.7578125,-0.005035073877646679,0,1,0.5238234577451062,0.4761765422548938,0.5238234577451062,1.0,scale,0.2502866793190325,1110,1610,1710,1740
2025-11-30,90394.3125,-0.045055292472078956,0,1,0.528359924735782,0.47164007526421803,0.528359924735782,1.0,scale,0.2502866793190325,1110,1610,1710,1740
2025-12-01,86321.5703125,0.05825464938016567,1,1,0.535930037670689,0.46406996232931097,0.535930037670689,1.0,scale,0.2502866793190325,1110,1610,1710,1740
2025-12-02,91350.203125,0.023837949867722363,1,1,0.5196196933550511,0.4803803066449489,0.5196196933550511,1.0,scale,0.2502866793190325,1110,1610,1710,1740
2025-12-03,93527.8046875,-0.014821043775501641,0,1,0.5065081151960626,0.49349188480393735,0.5065081151960626,1.0,scale,0.2502866793190325,1110,1610,1710,1740
2025-12-04,92141.625,-0.029887330373216225,0,1,0.5018524418987712,0.4981475581012288,0.5018524418987712,1.0,scale,0.2502866793190325,1110,1610,1710,1740
2025-12-05,89387.7578125,-0.0012908122468182626,0,0,0.4973049676028736,0.5026950323971264,0.5026950323971264,10.0,scale,0.24942991069653295,1140,1640,1740,1770
2025-12-06,89272.375,0.012694471554050235,1,1,0.5031831719668901,0.4968168280331099,0.5031831719668901,10.0,scale,0.24942991069653295,1140,1640,1740,1770
2025-12-07,90405.640625,0.0025945560296725123,1,0,0.49103665153246334,0.5089633484675367,0.5089633484675367,10.0,scale,0.24942991069653295,1140,1640,1740,1770
2025-12-08,90640.203125,0.022633530616329445,1,0,0.4884451326325741,0.511554867367426,0.511554867367426,10.0,scale,0.24942991069653295,1140,1640,1740,1770
2025-12-09,92691.7109375,-0.007236522211271801,0,0,0.4924979655382087,0.5075020344617913,0.5075020344617913,10.0,scale,0.24942991069653295,1140,1640,1740,1770
2025-12-10,92020.9453125,0.005329119618741718,1,1,0.5119188667812525,0.48808113321874746,0.5119188667812525,10.0,scale,0.24942991069653295,1140,1640,1740,1770
2025-12-11,92511.3359375,-0.024223213861206738,0,1,0.5110220351959182,0.48897796480408184,0.5110220351959182,10.0,scale,0.24942991069653295,1140,1640,1740,1770
2025-12-12,90270.4140625,0.00031346787642294593,1,1,0.501018223529729,0.498981776470271,0.501018223529729,10.0,scale,0.24942991069653295,1140,1640,1740,1770
2025-12-13,90298.7109375,-0.023516739363752315,0,1,0.5079484966489038,0.49205150335109615,0.5079484966489038,10.0,scale,0.24942991069653295,1140,1640,1740,1770
2025-12-14,88175.1796875,-0.019908078936967,0,1,0.5055386932041791,0.4944613067958209,0.5055386932041791,10.0,scale,0.24942991069653295,1140,1640,1740,1770
2025-12-15,86419.78125,0.01648005936140917,1,1,0.5011020944437315,0.49889790555626845,0.5011020944437315,10.0,scale,0.24942991069653295,1140,1640,1740,1770
2025-12-16,87843.984375,-0.01935507109105894,0,1,0.5001122252619059,0.4998877747380941,0.5001122252619059,10.0,scale,0.24942991069653295,1140,1640,1740,1770
2025-12-17,86143.7578125,-0.007908292107279613,0,1,0.5021866810101763,0.4978133189898237,0.5021866810101763,10.0,scale,0.24942991069653295,1140,1640,1740,1770
2025-12-18,85462.5078125,0.03090097713717843,1,1,0.5042957383961604,0.4957042616038396,0.5042957383961604,10.0,scale,0.24942991069653295,1140,1640,1740,1770
2025-12-19,88103.3828125,0.002731077738661547,1,0,0.49821356278389,0.50178643721611,0.50178643721611,10.0,scale,0.24942991069653295,1140,1640,1740,1770
2025-12-20,88344.0,0.0031439599746445612,1,1,0.5131059738782809,0.48689402612171906,0.5131059738782809,10.0,scale,0.24942991069653295,1140,1640,1740,1770
2025-12-21,88621.75,-0.0014864790528285043,0,1,0.5104891520538738,0.4895108479461262,0.5104891520538738,10.0,scale,0.24942991069653295,1140,1640,1740,1770
2025-12-22,88490.015625,-0.01215974047919599,0,1,0.5000158156351145,0.49998418436488545,0.5000158156351145,10.0,scale,0.24942991069653295,1140,1640,1740,1770
2025-12-23,87414.0,0.0022646365284737513,1,1,0.5018862288200253,0.4981137711799747,0.5018862288200253,10.0,scale,0.24942991069653295,1140,1640,1740,1770
2025-12-24,87611.9609375,-0.004305562231041726,0,1,0.5035353776924627,0.4964646223075373,0.5035353776924627,10.0,scale,0.24942991069653295,1140,1640,1740,1770
2025-12-25,87234.7421875,0.0007644603322913834,1,0,0.4995126898664946,0.5004873101335054,0.5004873101335054,10.0,scale,0.24942991069653295,1140,1640,1740,1770
2025-12-26,87301.4296875,0.005735605525503784,1,0,0.4952488521549379,0.5047511478450621,0.5047511478450621,10.0,scale,0.24942991069653295,1140,1640,1740,1770
2025-12-27,87802.15625,0.00038358610925337544,1,0,0.49297549455134293,0.5070245054486571,0.5070245054486571,10.0,scale,0.24942991069653295,1140,1640,1740,1770
2025-12-28,87835.8359375,-0.007943173820266769,0,1,0.5101112716852811,0.48988872831471886,0.5101112716852811,10.0,scale,0.24942991069653295,1140,1640,1740,1770
2025-12-29,87138.140625,0.014826942349620564,1,0,0.4822249225384194,0.5177750774615806,0.5177750774615806,10.0,scale,0.24942991069653295,1140,1640,1740,1770
2025-12-30,88430.1328125,-0.01041844740246467,0,1,0.5000420030050905,0.4999579969949095,0.5000420030050905,10.0,scale,0.24942991069653295,1140,1640,1740,1770
2025-12-31,87508.828125,0.013977518339667538,1,1,0.505779318598418,0.49422068140158204,0.505779318598418,10.0,scale,0.24942991069653295,1140,1640,1740,1770
2026-01-01,88731.984375,0.013667122921255048,1,0,0.4909717622653332,0.5090282377346669,0.5090282377346669,10.0,scale,0.24942991069653295,1140,1640,1740,1770
2026-01-02,89944.6953125,0.007321078638514056,1,0,0.4969877207892376,0.5030122792107624,0.5030122792107624,10.0,scale,0.24942991069653295,1140,1640,1740,1770
2026-01-03,90603.1875,0.008943445698309516,1,0,0.4876918988747091,0.5123081011252909,0.5123081011252909,10.0,scale,0.24942991069653295,1140,1640,1740,1770
2026-01-04,91413.4921875,0.027009825802690735,1,0,0.4970887862716529,0.5029112137283471,0.5029112137283471,10.0,scale,0.24951278093255108,1170,1670,1770,1800
2026-01-05,93882.5546875,-0.0016352711961346023,0,0,0.49679918776147647,0.5032008122385235,0.5032008122385235,10.0,scale,0.24951278093255108,1170,1670,1770,1800
2026-01-06,93729.03125,-0.025829527204251357,0,0,0.4967277416181983,0.5032722583818017,0.5032722583818017,10.0,scale,0.24951278093255108,1170,1670,1770,1800
2026-01-07,91308.0546875,-0.003076724046541912,0,0,0.49797588349000255,0.5020241165099975,0.5020241165099975,10.0,scale,0.24951278093255108,1170,1670,1770,1800
2026-01-08,91027.125,-0.005646925984974294,0,0,0.4980005600572656,0.5019994399427343,0.5019994399427343,10.0,scale,0.24951278093255108,1170,1670,1770,1800
2026-01-09,90513.1015625,-0.001397069847536736,0,0,0.4976644309783655,0.5023355690216345,0.5023355690216345,10.0,scale,0.24951278093255108,1170,1670,1770,1800
2026-01-10,90386.6484375,0.004876964768804504,1,0,0.49726425129847085,0.5027357487015292,0.5027357487015292,10.0,scale,0.24951278093255108,1170,1670,1770,1800
2026-01-11,90827.4609375,0.004024457429802286,1,0,0.49784641723146084,0.5021535827685392,0.5021535827685392,10.0,scale,0.24951278093255108,1170,1670,1770,1800
2026-01-12,91192.9921875,0.04527528885126264,1,0,0.49753926940740223,0.5024607305925978,0.5024607305925978,10.0,scale,0.24951278093255108,1170,1670,1770,1800
2026-01-13,95321.78125,0.016864423365986925,1,0,0.495925652852973,0.504074347147027,0.504074347147027,10.0,scale,0.24951278093255108,1170,1670,1770,1800
2026-01-14,96929.328125,-0.01421799419905967,0,0,0.4963455469362936,0.5036544530637064,0.5036544530637064,10.0,scale,0.24951278093255108,1170,1670,1770,1800
2026-01-15,95551.1875,-0.00027284132392391136,0,0,0.4976504949409159,0.502349505059084,0.502349505059084,10.0,scale,0.24951278093255108,1170,1670,1770,1800
2026-01-16,95525.1171875,-0.004451136256293897,0,0,0.4975790376704538,0.5024209623295461,0.5024209623295461,10.0,scale,0.24951278093255108,1170,1670,1770,1800
2026-01-17,95099.921875,-0.01541002514624834,0,0,0.4976814902306865,0.5023185097693135,0.5023185097693135,10.0,scale,0.24951278093255108,1170,1670,1770,1800
2026-01-18,93634.4296875,-0.011543146480490485,0,0,0.4978488206956635,0.5021511793043365,0.5021511793043365,10.0,scale,0.24951278093255108,1170,1670,1770,1800
2026-01-19,92553.59375,-0.04584033237499219,0,0,0.4979697555720453,0.5020302444279547,0.5020302444279547,10.0,scale,0.24951278093255108,1170,1670,1770,1800
2026-01-20,88310.90625,0.012071608510981546,1,0,0.49722886813213146,0.5027711318678685,0.5027711318678685,10.0,scale,0.24951278093255108,1170,1670,1770,1800
2026-01-21,89376.9609375,0.000956534957143873,1,0,0.49717905214395564,0.5028209478560444,0.5028209478560444,10.0,scale,0.24951278093255108,1170,1670,1770,1800
2026-01-22,89462.453125,0.00046300848627667257,1,0,0.49712559781270316,0.5028744021872968,0.5028744021872968,10.0,scale,0.24951278093255108,1170,1670,1770,1800
2026-01-23,89503.875,-0.00439244250598092,0,0,0.497371942325962,0.5026280576740381,0.5026280576740381,10.0,scale,0.24951278093255108,1170,1670,1770,1800
2026-01-24,89110.734375,-0.028487203509257375,0,0,0.4973125451465663,0.5026874548534337,0.5026874548534337,10.0,scale,0.24951278093255108,1170,1670,1770,1800
2026-01-25,86572.21875,0.019578126787931138,1,0,0.4961088368960585,0.5038911631039416,0.5038911631039416,10.0,scale,0.24951278093255108,1170,1670,1770,1800
2026-01-26,88267.140625,0.009464787027023913,1,0,0.49802339713608584,0.5019766028639141,0.5019766028639141,10.0,scale,0.24951278093255108,1170,1670,1770,1800
2026-01-27,89102.5703125,0.0009202877056453396,1,0,0.4973126983278711,0.5026873016721289,0.5026873016721289,10.0,scale,0.24951278093255108,1170,1670,1770,1800
2026-01-28,89184.5703125,-0.05183614563372574,0,0,0.49717419887209857,0.5028258011279014,0.5028258011279014,10.0,scale,0.24951278093255108,1170,1670,1770,1800
2026-01-29,84561.5859375,-0.005119696877728619,0,0,0.4969604726722775,0.5030395273277225,0.5030395273277225,10.0,scale,0.24951278093255108,1170,1670,1770,1800
2026-01-30,84128.65625,-0.06546567255435032,0,0,0.4963104832130417,0.5036895167869583,0.5036895167869583,10.0,scale,0.24951278093255108,1170,1670,1770,1800
2026-01-31,78621.1171875,-0.02094439679701987,0,0,0.49738631149988605,0.502613688500114,0.502613688500114,10.0,scale,0.24951278093255108,1170,1670,1770,1800
2026-02-01,76974.4453125,0.022271291537603544,1,0,0.4951681423804188,0.5048318576195812,0.5048318576195812,10.0,scale,0.24951278093255108,1170,1670,1770,1800
2026-02-02,78688.765625,-0.03882661934945053,0,0,0.49533818460550655,0.5046618153944935,0.5046618153944935,10.0,scale,0.24951278093255108,1170,1670,1770,1800
2026-02-03,75633.546875,-0.03455931736640505,0,1,0.5073152960179425,0.49268470398205755,0.5073152960179425,10.0,scale,0.2504761851311602,1200,1700,1800,1830
2026-02-04,73019.703125,-0.14129892381358544,0,1,0.5091906025749044,0.49080939742509555,0.5091906025749044,10.0,scale,0.2504761851311602,1200,1700,1800,1830
2026-02-05,62702.09765625,0.1252476912623226,1,1,0.5125409625728656,0.48745903742713437,0.5125409625728656,10.0,scale,0.2504761851311602,1200,1700,1800,1830
2026-02-06,70555.390625,-0.018048541205989532,0,0,0.4903278805623675,0.5096721194376326,0.5096721194376326,10.0,scale,0.2504761851311602,1200,1700,1800,1830
2026-02-07,69281.96875,0.014184900201757111,1,1,0.5013986666754051,0.4986013333245949,0.5013986666754051,10.0,scale,0.2504761851311602,1200,1700,1800,1830
2026-02-08,70264.7265625,-0.00204861414171964,0,0,0.48919626860676396,0.5108037313932361,0.5108037313932361,10.0,scale,0.2504761851311602,1200,1700,1800,1830
2026-02-09,70120.78125,-0.018921927121284043,0,0,0.49457604450246845,0.5054239554975315,0.5054239554975315,10.0,scale,0.2504761851311602,1200,1700,1800,1830
2026-02-10,68793.9609375,-0.02619404614799148,0,0,0.49872109651041724,0.5012789034895828,0.5012789034895828,10.0,scale,0.2504761851311602,1200,1700,1800,1830
2026-02-11,66991.96875,-0.011495780977477277,0,0,0.4971022473599274,0.5028977526400726,0.5028977526400726,10.0,scale,0.2504761851311602,1200,1700,1800,1830
2026-02-12,66221.84375,0.039805596623848194,1,1,0.5014842442935601,0.4985157557064399,0.5014842442935601,10.0,scale,0.2504761851311602,1200,1700,1800,1830
2026-02-13,68857.84375,0.013212456278809848,1,0,0.49616612123493575,0.5038338787650642,0.5038338787650642,10.0,scale,0.2504761851311602,1200,1700,1800,1830
2026-02-14,69767.625,-0.014038567315427408,0,0,0.49589413387317516,0.5041058661268248,0.5041058661268248,10.0,scale,0.2504761851311602,1200,1700,1800,1830
2026-02-15,68788.1875,0.000799101589935125,1,0,0.49922904119660483,0.5007709588033952,0.5007709588033952,10.0,scale,0.2504761851311602,1200,1700,1800,1830
2026-02-16,68843.15625,-0.019594358734823403,0,0,0.49962042074128915,0.5003795792587109,0.5003795792587109,10.0,scale,0.2504761851311602,1200,1700,1800,1830
2026-02-17,67494.21875,-0.015836888807606253,0,0,0.4938244452184249,0.5061755547815752,0.5061755547815752,10.0,scale,0.2504761851311602,1200,1700,1800,1830
2026-02-18,66425.3203125,0.008012052068341324,1,0,0.4940176619248845,0.5059823380751155,0.5059823380751155,10.0,scale,0.2504761851311602,1200,1700,1800,1830
2026-02-19,66957.5234375,0.015650197075734784,1,0,0.4979366227689497,0.5020633772310503,0.5020633772310503,10.0,scale,0.2504761851311602,1200,1700,1800,1830
2026-02-20,68005.421875,-2.435467576455963e-05,0,1,0.5126709131034912,0.4873290868965088,0.5126709131034912,10.0,scale,0.2504761851311602,1200,1700,1800,1830
2026-02-21,68003.765625,-0.005064057803784272,0,1,0.5161525716938906,0.4838474283061094,0.5161525716938906,10.0,scale,0.2504761851311602,1200,1700,1800,1830
2026-02-22,67659.390625,-0.04497014110892317,0,1,0.5110302006047671,0.4889697993952329,0.5110302006047671,10.0,scale,0.2504761851311602,1200,1700,1800,1830
2026-02-23,64616.73828125,-0.008305824880296298,0,1,0.5189670205766621,0.4810329794233379,0.5189670205766621,10.0,scale,0.2504761851311602,1200,1700,1800,1830
2026-02-24,64080.04296875,0.060550552894326426,1,1,0.5104150651324949,0.4895849348675051,0.5104150651324949,10.0,scale,0.2504761851311602,1200,1700,1800,1830
2026-02-25,67960.125,-0.007450715585058165,0,0,0.49486036742676776,0.5051396325732322,0.5051396325732322,10.0,scale,0.2504761851311602,1200,1700,1800,1830
2026-02-26,67453.7734375,-0.023304501473983996,0,1,0.5017872575133584,0.4982127424866416,0.5017872575133584,10.0,scale,0.2504761851311602,1200,1700,1800,1830
2026-02-27,65881.796875,0.016910019957618205,1,1,0.5033496150956194,0.4966503849043806,0.5033496150956194,10.0,scale,0.2504761851311602,1200,1700,1800,1830
2026-02-28,66995.859375,-0.018773664883674046,0,0,0.4969339353258335,0.5030660646741665,0.5030660646741665,10.0,scale,0.2504761851311602,1200,1700,1800,1830
2026-03-01,65738.1015625,0.04620988327616793,1,1,0.5009879165844237,0.49901208341557635,0.5009879165844237,10.0,scale,0.2504761851311602,1200,1700,1800,1830
2026-03-02,68775.8515625,-0.007011227255569463,0,0,0.49459069414497436,0.5054093058550256,0.5054093058550256,10.0,scale,0.2504761851311602,1200,1700,1800,1830
2026-03-03,68293.6484375,0.06467555605177866,1,0,0.49241280215664185,0.5075871978433582,0.5075871978433582,10.0,scale,0.2504761851311602,1200,1700,1800,1830
2026-03-04,72710.578125,-0.025710882421896564,0,1,0.5103779719704724,0.4896220280295276,0.5103779719704724,10.0,scale,0.2504761851311602,1200,1700,1800,1830
2026-03-05,70841.125,-0.03817885179689062,0,0,0.4691909016056514,0.5308090983943485,0.5308090983943485,1.0,0.1,0.24962694987442766,1230,1730,1830,1860
2026-03-06,68136.4921875,-0.01267893913767526,0,0,0.4770415808099191,0.5229584191900809,0.5229584191900809,1.0,0.1,0.24962694987442766,1230,1730,1830,1860
2026-03-07,67272.59375,-0.01936617019467901,0,0,0.46981891688271676,0.5301810831172833,0.5301810831172833,1.0,0.1,0.24962694987442766,1230,1730,1830,1860
2026-03-08,65969.78125,0.03687448277691541,1,1,0.5000178225643486,0.49998217743565143,0.5000178225643486,1.0,0.1,0.24962694987442766,1230,1730,1830,1860
2026-03-09,68402.3828125,0.022287806357257578,1,0,0.47051359372552926,0.5294864062744707,0.5294864062744707,1.0,0.1,0.24962694987442766,1230,1730,1830,1860
2026-03-10,69926.921875,0.003975020350486469,1,0,0.46114754509268663,0.5388524549073134,0.5388524549073134,1.0,0.1,0.24962694987442766,1230,1730,1830,1860
2026-03-11,70204.8828125,0.004110513591636167,1,0,0.46216827944609673,0.5378317205539033,0.5378317205539033,1.0,0.1,0.24962694987442766,1230,1730,1830,1860
2026-03-12,70493.4609375,0.006735442992662266,1,0,0.45663099931707024,0.5433690006829297,0.5433690006829297,1.0,0.1,0.24962694987442766,1230,1730,1830,1860
2026-03-13,70968.265625,0.0034714019404360474,1,0,0.45980820370217346,0.5401917962978265,0.5401917962978265,1.0,0.1,0.24962694987442766,1230,1730,1830,1860
2026-03-14,71214.625,0.022120302711697182,1,0,0.45970556172220256,0.5402944382777974,0.5402944382777974,1.0,0.1,0.24962694987442766,1230,1730,1830,1860
2026-03-15,72789.9140625,0.028454105238008953,1,0,0.4679366756788678,0.5320633243211321,0.5320633243211321,1.0,0.1,0.24962694987442766,1230,1730,1830,1860
2026-03-16,74861.0859375,-0.01253801442025071,0,0,0.4830873631959415,0.5169126368040585,0.5169126368040585,1.0,0.1,0.24962694987442766,1230,1730,1830,1860
2026-03-17,73922.4765625,-0.0362122396594321,0,0,0.46767081548355854,0.5323291845164415,0.5323291845164415,1.0,0.1,0.24962694987442766,1230,1730,1830,1860
2026-03-18,71245.578125,-0.01870697238447039,0,0,0.467891092343896,0.5321089076561041,0.5321089076561041,1.0,0.1,0.24962694987442766,1230,1730,1830,1860
2026-03-19,69912.7890625,0.008722250723753211,1,0,0.4815239509293222,0.5184760490706778,0.5184760490706778,1.0,0.1,0.24962694987442766,1230,1730,1830,1860
2026-03-20,70522.5859375,-0.025680602546325204,0,0,0.4665131467741598,0.5334868532258402,0.5334868532258402,1.0,0.1,0.24962694987442766,1230,1730,1830,1860
2026-03-21,68711.5234375,-0.012607965253281006,0,0,0.47559797497836725,0.5244020250216328,0.5244020250216328,1.0,0.1,0.24962694987442766,1230,1730,1830,1860
2026-03-22,67845.2109375,0.04524488014825101,1,0,0.493665906496706,0.5063340935032941,0.5063340935032941,1.0,0.1,0.24962694987442766,1230,1730,1830,1860
2026-03-23,70914.859375,-0.005598262529164066,0,0,0.4684880200784065,0.5315119799215935,0.5315119799215935,1.0,0.1,0.24962694987442766,1230,1730,1830,1860
2026-03-24,70517.859375,0.011231529778693128,1,0,0.4580095229361789,0.5419904770638211,0.5419904770638211,1.0,0.1,0.24962694987442766,1230,1730,1830,1860
2026-03-25,71309.8828125,-0.03531428903229905,0,0,0.46689767287372114,0.5331023271262789,0.5331023271262789,1.0,0.1,0.24962694987442766,1230,1730,1830,1860
2026-03-26,68791.625,-0.035662044616623034,0,0,0.47709740024458636,0.5229025997554136,0.5229025997554136,1.0,0.1,0.24962694987442766,1230,1730,1830,1860
2026-03-27,66338.375,-0.0002815819275042708,0,0,0.498920205234967,0.501079794765033,0.501079794765033,1.0,0.1,0.24962694987442766,1230,1730,1830,1860
2026-03-28,66319.6953125,-0.005500227885263609,0,0,0.4838680040780879,0.5161319959219122,0.5161319959219122,1.0,0.1,0.24962694987442766,1230,1730,1830,1860
2026-03-29,65954.921875,0.011167073154841889,1,0,0.49911742860899494,0.500882571391005,0.500882571391005,1.0,0.1,0.24962694987442766,1230,1730,1830,1860
2026-03-30,66691.4453125,0.02311941479563351,1,1,0.5025366009786008,0.49746339902139924,0.5025366009786008,1.0,0.1,0.24962694987442766,1230,1730,1830,1860
2026-03-31,68233.3125,-0.002268068291422898,0,0,0.47772848719436095,0.522271512805639,0.522271512805639,1.0,0.1,0.24962694987442766,1230,1730,1830,1860
2026-04-01,68078.5546875,-0.017479577533077273,0,0,0.4686522050275204,0.5313477949724796,0.5313477949724796,1.0,0.1,0.24962694987442766,1230,1730,1830,1860
2026-04-02,66888.5703125,0.0006358522809097877,1,0,0.4793740943184785,0.5206259056815215,0.5206259056815215,1.0,0.1,0.24962694987442766,1230,1730,1830,1860
2026-04-03,66931.1015625,0.005369911059425414,1,0,0.48443299022898595,0.5155670097710141,0.5155670097710141,1.0,0.1,0.24962694987442766,1230,1730,1830,1860
2026-04-04,67290.515625,0.02513553056906015,1,0,0.49254427657867883,0.5074557234213212,0.5074557234213212,10.0,scale,0.24923332010010546,1260,1760,1860,1890
2026-04-05,68981.8984375,-0.0017695992030517527,0,0,0.49015693582230263,0.5098430641776974,0.5098430641776974,10.0,scale,0.24923332010010546,1260,1760,1860,1890
2026-04-06,68859.828125,0.04474125312086663,1,0,0.4930260248947134,0.5069739751052866,0.5069739751052866,10.0,scale,0.24923332010010546,1260,1760,1860,1890
2026-04-07,71940.703125,-0.011361353371537541,0,0,0.49685345865990127,0.5031465413400987,0.5031465413400987,10.0,scale,0.24923332010010546,1260,1760,1860,1890
2026-04-08,71123.359375,0.009061281070850802,1,0,0.49015364682648055,0.5098463531735195,0.5098463531735195,10.0,scale,0.24923332010010546,1260,1760,1860,1890
2026-04-09,71767.828125,0.016876904061948084,1,0,0.4921966667130248,0.5078033332869751,0.5078033332869751,10.0,scale,0.24923332010010546,1260,1760,1860,1890
2026-04-10,72979.046875,0.0010307967248304184,1,0,0.49339965081922704,0.5066003491807729,0.5066003491807729,10.0,scale,0.24923332010010546,1260,1760,1860,1890
2026-04-11,73054.2734375,-0.031495312720733026,0,0,0.4942166372764733,0.5057833627235266,0.5057833627235266,10.0,scale,0.24923332010010546,1260,1760,1860,1890
2026-04-12,70753.40625,0.05273575609654846,1,0,0.49240836090694257,0.5075916390930575,0.5075916390930575,10.0,scale,0.24923332010010546,1260,1760,1860,1890
2026-04-13,74484.640625,-0.004068372317531099,0,0,0.4907991168433562,0.5092008831566438,0.5092008831566438,10.0,scale,0.24923332010010546,1260,1760,1860,1890
2026-04-14,74181.609375,0.008404626904874313,1,0,0.4906557150661217,0.5093442849338783,0.5093442849338783,10.0,scale,0.24923332010010546,1260,1760,1860,1890
2026-04-15,74805.078125,0.004639453579876829,1,0,0.49295223285053635,0.5070477671494636,0.5070477671494636,10.0,scale,0.24923332010010546,1260,1760,1860,1890
2026-04-16,75152.1328125,0.02627659540184779,1,0,0.4907177381792549,0.5092822618207451,0.5092822618207451,10.0,scale,0.24923332010010546,1260,1760,1860,1890
2026-04-17,77126.875,-0.01816051878803593,0,0,0.492919009157826,0.5070809908421741,0.5070809908421741,10.0,scale,0.24923332010010546,1260,1760,1860,1890
2026-04-18,75726.2109375,-0.024692366775663332,0,0,0.49415035941781865,0.5058496405821813,0.5058496405821813,10.0,scale,0.24923332010010546,1260,1760,1860,1890
2026-04-19,73856.3515625,0.027298557704868998,1,0,0.4943759163489038,0.5056240836510961,0.5056240836510961,10.0,scale,0.24923332010010546,1260,1760,1860,1890
2026-04-20,75872.5234375,0.0063296958930805225,1,0,0.48724881151681304,0.512751188483187,0.512751188483187,10.0,scale,0.24923332010010546,1260,1760,1860,1890
2026-04-21,76352.7734375,0.024233934691509473,1,0,0.48930698051976546,0.5106930194802346,0.5106930194802346,10.0,scale,0.24923332010010546,1260,1760,1860,1890
2026-04-22,78203.1015625,0.0008420581944230676,1,0,0.49298714324686815,0.5070128567531318,0.5070128567531318,10.0,scale,0.24923332010010546,1260,1760,1860,1890
2026-04-23,78268.953125,-0.010395445352393673,0,0,0.49003939451100764,0.5099606054889924,0.5099606054889924,10.0,scale,0.24923332010010546,1260,1760,1860,1890
2026-04-24,77455.3125,0.0020231423764509593,1,0,0.48965941719059985,0.5103405828094001,0.5103405828094001,10.0,scale,0.24923332010010546,1260,1760,1860,1890
2026-04-25,77612.015625,0.013471154293320797,1,0,0.4919274306749707,0.5080725693250293,0.5080725693250293,10.0,scale,0.24923332010010546,1260,1760,1860,1890
2026-04-26,78657.5390625,-0.01641182876919478,0,0,0.48790730367769614,0.5120926963223038,0.5120926963223038,10.0,scale,0.24923332010010546,1260,1760,1860,1890
2026-04-27,77366.625,-0.013131671764148978,0,0,0.49373256607610305,0.506267433923897,0.506267433923897,10.0,scale,0.24923332010010546,1260,1760,1860,1890
2026-04-28,76350.671875,-0.007525003361340765,0,0,0.4944685204429764,0.5055314795570236,0.5055314795570236,10.0,scale,0.24923332010010546,1260,1760,1860,1890
2026-04-29,75776.1328125,0.00697036758667724,1,0,0.4984441180627774,0.5015558819372226,0.5015558819372226,10.0,scale,0.24923332010010546,1260,1760,1860,1890
2026-04-30,76304.3203125,0.024568460603834108,1,0,0.497727629297957,0.502272370702043,0.502272370702043,10.0,scale,0.24923332010010546,1260,1760,1860,1890
2026-05-01,78179.0,0.006117371672699878,1,0,0.49554467623062226,0.5044553237693777,0.5044553237693777,10.0,scale,0.24923332010010546,1260,1760,1860,1890
2026-05-02,78657.25,-0.00151319093281288,0,0,0.49524217679659716,0.5047578232034029,0.5047578232034029,10.0,scale,0.24923332010010546,1260,1760,1860,1890
2026-05-03,78538.2265625,0.016421044171065935,1,0,0.49395353306152134,0.5060464669384787,0.5060464669384787,10.0,scale,0.24923332010010546,1260,1760,1860,1890
2026-05-04,79827.90625,0.013768974900303155,1,0,0.48377109291129555,0.5162289070887045,0.5162289070887045,1.0,0.01,0.2506547701165021,1290,1790,1890,1920
2026-05-05,80927.0546875,0.006184292316489204,1,1,0.5234980271643719,0.4765019728356281,0.5234980271643719,1.0,0.01,0.2506547701165021,1290,1790,1890,1920
2026-05-06,81427.53125,-0.017408596831308243,0,1,0.5170911557681885,0.48290884423181146,0.5170911557681885,1.0,0.01,0.2506547701165021,1290,1790,1890,1920
2026-05-07,80009.9921875,0.0022093920105095144,1,1,0.5102992348477693,0.4897007651522307,0.5102992348477693,1.0,0.01,0.2506547701165021,1290,1790,1890,1920
2026-05-08,80186.765625,0.0059561145630133705,1,1,0.5134762003995481,0.4865237996004519,0.5134762003995481,1.0,0.01,0.2506547701165021,1290,1790,1890,1920
2026-05-09,80664.3671875,0.01828022150812214,1,1,0.5207825184964489,0.47921748150355115,0.5207825184964489,1.0,0.01,0.2506547701165021,1290,1790,1890,1920
2026-05-10,82138.9296875,-0.004999247178679611,0,1,0.5091724416151292,0.4908275583848708,0.5091724416151292,1.0,0.01,0.2506547701165021,1290,1790,1890,1920
2026-05-11,81728.296875,-0.015304426194186482,0,1,0.5045976337327042,0.49540236626729584,0.5045976337327042,1.0,0.01,0.2506547701165021,1290,1790,1890,1920
2026-05-12,80477.4921875,-0.014915661104390687,0,1,0.5014888029751072,0.49851119702489277,0.5014888029751072,1.0,0.01,0.2506547701165021,1290,1790,1890,1920
2026-05-13,79277.1171875,0.022378876470797504,1,0,0.4978053606847331,0.502194639315267,0.502194639315267,1.0,0.01,0.2506547701165021,1290,1790,1890,1920
2026-05-14,81051.25,-0.024497713637975926,0,1,0.5100949373190556,0.48990506268094436,0.5100949373190556,1.0,0.01,0.2506547701165021,1290,1790,1890,1920
2026-05-15,79065.6796875,-0.0118160267665125,0,0,0.49936082309163027,0.5006391769083698,0.5006391769083698,1.0,0.01,0.2506547701165021,1290,1790,1890,1920
2026-05-16,78131.4375,-0.008985959556932488,0,1,0.5035713470173447,0.49642865298265526,0.5035713470173447,1.0,0.01,0.2506547701165021,1290,1790,1890,1920
2026-05-17,77429.3515625,-0.006136945201154598,0,0,0.4981326193249848,0.5018673806750151,0.5018673806750151,1.0,0.01,0.2506547701165021,1290,1790,1890,1920
2026-05-18,76954.171875,-0.002641385386229267,0,0,0.47768799650176214,0.5223120034982378,0.5223120034982378,1.0,0.01,0.2506547701165021,1290,1790,1890,1920
2026-05-19,76750.90625,0.009209887179670861,1,1,0.505147435517726,0.494852564482274,0.505147435517726,1.0,0.01,0.2506547701165021,1290,1790,1890,1920
2026-05-20,77457.7734375,0.0010508749979196708,1,1,0.5064852134340363,0.4935147865659637,0.5064852134340363,1.0,0.01,0.2506547701165021,1290,1790,1890,1920
2026-05-21,77539.171875,-0.02645023976792371,0,1,0.503585659498161,0.49641434050183897,0.503585659498161,1.0,0.01,0.2506547701165021,1290,1790,1890,1920
2026-05-22,75488.2421875,0.015699464786268935,1,0,0.4905907188084577,0.5094092811915423,0.5094092811915423,1.0,0.01,0.2506547701165021,1290,1790,1890,1920
2026-05-23,76673.3671875,0.004013881531345742,1,1,0.5069149691559761,0.4930850308440239,0.5069149691559761,1.0,0.01,0.2506547701165021,1290,1790,1890,1920
2026-05-24,76981.125,0.0038815318365379436,1,1,0.5135237530565976,0.4864762469434024,0.5135237530565976,1.0,0.01,0.2506547701165021,1290,1790,1890,1920
2026-05-25,77279.9296875,-0.01881724424932052,0,1,0.5106277816594376,0.48937221834056244,0.5106277816594376,1.0,0.01,0.2506547701165021,1290,1790,1890,1920
2026-05-26,75825.734375,-0.019532039646005694,0,0,0.4833106754980413,0.5166893245019587,0.5166893245019587,1.0,0.01,0.2506547701165021,1290,1790,1890,1920
2026-05-27,74344.703125,-0.010870289388891785,0,0,0.49244539813751925,0.5075546018624808,0.5075546018624808,1.0,0.01,0.2506547701165021,1290,1790,1890,1920
2026-05-28,73536.5546875,-0.00223060831034394,0,0,0.4844315638244467,0.5155684361755533,0.5155684361755533,1.0,0.01,0.2506547701165021,1290,1790,1890,1920
2026-05-29,73372.5234375,0.0052105676905831455,1,0,0.49618344416053284,0.5038165558394672,0.5038165558394672,1.0,0.01,0.2506547701165021,1290,1790,1890,1920
2026-05-30,73754.8359375,-0.002374738351372918,0,1,0.5051918092097817,0.4948081907902183,0.5051918092097817,1.0,0.01,0.2506547701165021,1290,1790,1890,1920
2026-05-31,73579.6875,-0.030713830668280595,0,0,0.49784813328223254,0.5021518667177675,0.5021518667177675,1.0,0.01,0.2506547701165021,1290,1790,1890,1920
2026-06-01,71319.7734375,-0.06472422674681189,0,0,0.4561445815301651,0.5438554184698349,0.5438554184698349,1.0,0.01,0.2506547701165021,1290,1790,1890,1920
2026-06-02,66703.65625,-0.04031696632071802,0,0,0.44760198840688803,0.552398011593112,0.552398011593112,1.0,0.01,0.2506547701165021,1290,1790,1890,1920
2026-06-03,64014.3671875,-0.0033241439086123536,0,0,0.3909267693975789,0.6090732306024211,0.6090732306024211,0.1,scale,0.24929740592262573,1320,1820,1920,1950
2026-06-04,63801.57421875,-0.04512280904119048,0,0,0.38805341396719767,0.6119465860328024,0.6119465860328024,0.1,scale,0.24929740592262573,1320,1820,1920,1950
2026-06-05,60922.66796875,-0.0009069515189049637,0,0,0.39101423708712496,0.608985762912875,0.608985762912875,0.1,scale,0.24929740592262573,1320,1820,1920,1950
2026-06-06,60867.4140625,0.03897168140434348,1,0,0.39554524565859506,0.6044547543414049,0.6044547543414049,0.1,scale,0.24929740592262573,1320,1820,1920,1950
2026-06-07,63239.51953125,-0.0023550097882448773,0,0,0.40631896706901827,0.5936810329309817,0.5936810329309817,0.1,scale,0.24929740592262573,1320,1820,1920,1950
2026-06-08,63090.58984375,-0.022932240724538477,0,0,0.41277009079913446,0.5872299092008655,0.5872299092008655,0.1,scale,0.24929740592262573,1320,1820,1920,1950
2026-06-09,61643.78125,-0.0031550982687325035,0,0,0.40119564329038543,0.5988043567096146,0.5988043567096146,0.1,scale,0.24929740592262573,1320,1820,1920,1950
2026-06-10,61449.2890625,0.0343659895373587,1,0,0.41089567809744343,0.5891043219025566,0.5891043219025566,0.1,scale,0.24929740592262573,1320,1820,1920,1950
2026-06-11,63561.0546875,-0.000280918383714468,0,0,0.4455085686342338,0.5544914313657662,0.5544914313657662,0.1,scale,0.24929740592262573,1320,1820,1920,1950
2026-06-12,63543.19921875,0.013819338824553329,1,0,0.450336122016346,0.549663877983654,0.549663877983654,0.1,scale,0.24929740592262573,1320,1820,1920,1950
2026-06-13,64421.32421875,0.020010054657876974,1,0,0.4664167082484551,0.5335832917515448,0.5335832917515448,0.1,scale,0.24929740592262573,1320,1820,1920,1950
2026-06-14,65710.3984375,0.00881293640382963,1,0,0.4667622704962713,0.5332377295037287,0.5332377295037287,0.1,scale,0.24929740592262573,1320,1820,1920,1950
2026-06-15,66289.5,-0.010391681563445165,0,0,0.46899014150168955,0.5310098584983105,0.5310098584983105,0.1,scale,0.24929740592262573,1320,1820,1920,1950
2026-06-16,65600.640625,-0.01802109402037566,0,0,0.4935627906189633,0.5064372093810368,0.5064372093810368,0.1,scale,0.24929740592262573,1320,1820,1920,1950
2026-06-17,64418.4453125,-0.0236263487711752,0,0,0.4769649898859101,0.5230350101140899,0.5230350101140899,0.1,scale,0.24929740592262573,1320,1820,1920,1950
2026-06-18,62896.47265625,0.010244823819797633,1,0,0.45054010312949205,0.549459896870508,0.549459896870508,0.1,scale,0.24929740592262573,1320,1820,1920,1950
2026-06-19,63540.8359375,0.01099827903487749,1,0,0.48854982752810044,0.5114501724718996,0.5114501724718996,0.1,scale,0.24929740592262573,1320,1820,1920,1950
2026-06-20,64239.67578125,-0.015599965388407244,0,1,0.5033350470388114,0.4966649529611886,0.5033350470388114,0.1,scale,0.24929740592262573,1320,1820,1920,1950
2026-06-21,63237.5390625,0.01129971875635083,1,0,0.4762840959747032,0.5237159040252968,0.5237159040252968,0.1,scale,0.24929740592262573,1320,1820,1920,1950
2026-06-22,63952.10546875,-0.02007886883610832,0,0,0.4723186005942734,0.5276813994057266,0.5276813994057266,0.1,scale,0.24929740592262573,1320,1820,1920,1950
2026-06-23,62668.01953125,-0.026694424544815853,0,0,0.47269853109003773,0.5273014689099622,0.5273014689099622,0.1,scale,0.24929740592262573,1320,1820,1920,1950
2026-06-24,60995.1328125,-0.02087801063020267,0,0,0.4414063246507672,0.5585936753492329,0.5585936753492329,0.1,scale,0.24929740592262573,1320,1820,1920,1950
2026-06-25,59721.67578125,0.004935459402204856,1,0,0.4281988154237947,0.5718011845762053,0.5718011845762053,0.1,scale,0.24929740592262573,1320,1820,1920,1950
2026-06-26,60016.4296875,-0.0012718522519159503,0,0,0.44453297646600576,0.5554670235339942,0.5554670235339942,0.1,scale,0.24929740592262573,1320,1820,1920,1950
2026-06-27,59940.09765625,-0.006802755224698642,0,0,0.452012491681813,0.547987508318187,0.547987508318187,0.1,scale,0.24929740592262573,1320,1820,1920,1950
2026-06-28,59532.33984375,0.010179997360940662,1,0,0.4371848815633355,0.5628151184366645,0.5628151184366645,0.1,scale,0.24929740592262573,1320,1820,1920,1950
2026-06-29,60138.37890625,-0.026264750729518727,0,0,0.43241477748329665,0.5675852225167033,0.5675852225167033,0.1,scale,0.24929740592262573,1320,1820,1920,1950
2026-06-30,58558.859375,0.024674292718837698,1,0,0.4272632903300078,0.5727367096699922,0.5727367096699922,0.1,scale,0.24929740592262573,1320,1820,1920,1950
2026-07-01,60003.7578125,0.024690836420271145,1,0,0.4815293570280415,0.5184706429719586,0.5184706429719586,0.1,scale,0.24929740592262573,1320,1820,1920,1950
2026-07-02,61485.30078125,0.017221977026140145,1,1,0.5138179581426846,0.4861820418573154,0.5138179581426846,0.1,scale,0.24929740592262573,1320,1820,1920,1950
2026-07-03,62544.19921875,0.008699535297381988,1,1,0.5125357026742047,0.4874642973257953,0.5125357026742047,0.1,scale,0.24683904474599797,1350,1850,1950,1980
2026-07-04,63088.3046875,0.00728468021571449,1,1,0.5236826018651279,0.47631739813487206,0.5236826018651279,0.1,scale,0.24683904474599797,1350,1850,1950,1980
2026-07-05,63547.8828125,0.0070361559301554966,1,1,0.5290297573738197,0.47097024262618026,0.5290297573738197,0.1,scale,0.24683904474599797,1350,1850,1950,1980
2026-07-06,63995.015625,-0.010901178582999993,0,0,0.47869248759895944,0.5213075124010406,0.5213075124010406,0.1,scale,0.24683904474599797,1350,1850,1950,1980
2026-07-07,63297.39453125,-0.01642753734494773,0,1,0.5276849766365789,0.4723150233634211,0.5276849766365789,0.1,scale,0.24683904474599797,1350,1850,1950,1980
2026-07-08,62257.57421875,0.015027476262771566,1,1,0.5175479274431781,0.4824520725568219,0.5175479274431781,0.1,scale,0.24683904474599797,1350,1850,1950,1980
2026-07-09,63193.1484375,0.014779959704393386,1,1,0.5271521486631084,0.47284785133689156,0.5271521486631084,0.1,scale,0.24683904474599797,1350,1850,1950,1980
2026-07-10,64127.140625,-0.005069823448876076,0,1,0.529643460463359,0.470356539536641,0.529643460463359,0.1,scale,0.24683904474599797,1350,1850,1950,1980
2026-07-11,63802.02734375,-0.0006866332556169086,0,1,0.5224513258938219,0.4775486741061781,0.5224513258938219,0.1,scale,0.24683904474599797,1350,1850,1950,1980
2026-07-12,63758.21875,-0.023825911169295333,0,1,0.5108026158038224,0.48919738419617764,0.5108026158038224,0.1,scale,0.24683904474599797,1350,1850,1950,1980
2026-07-13,62239.12109375,0.043654089899621606,1,0,0.45463816836182674,0.5453618316381732,0.5453618316381732,0.1,scale,0.24683904474599797,1350,1850,1950,1980
2026-07-14,64956.11328125,-0.0037523532264722714,0,1,0.5391014728203629,0.4608985271796371,0.5391014728203629,0.1,scale,0.24683904474599797,1350,1850,1950,1980
2026-07-15,64712.375,-0.014264562998962727,0,1,0.5486569870609427,0.4513430129390573,0.5486569870609427,0.1,scale,0.24683904474599797,1350,1850,1950,1980
2026-07-16,63789.28125,0.0017272445360874134,1,1,0.538466099799487,0.461533900200513,0.538466099799487,0.1,scale,0.24683904474599797,1350,1850,1950,1980
2026-07-17,63899.4609375,0.014039877830542169,1,1,0.5423000339299385,0.45769996607006147,0.5423000339299385,0.1,scale,0.24683904474599797,1350,1850,1950,1980
2026-07-18,64796.6015625,-0.0016327534538667088,0,1,0.5550341241692452,0.44496587583075475,0.5550341241692452,0.1,scale,0.24683904474599797,1350,1850,1950,1980
2026-07-19,64690.8046875,0.008335383349377112,1,1,0.5478952407860612,0.4521047592139388,0.5478952407860612,0.1,scale,0.24683904474599797,1350,1850,1950,1980
2026-07-20,65230.02734375,0.019547709976119876,1,0,0.4803754976676582,0.5196245023323418,0.5196245023323418,0.1,scale,0.24683904474599797,1350,1850,1950,1980
2026-07-21,66505.125,-0.0060796536357160536,0,1,0.5396315473526359,0.46036845264736415,0.5396315473526359,0.1,scale,0.24683904474599797,1350,1850,1950,1980
2026-07-22,66100.796875,-0.01597536527429344,0,1,0.5322143949269311,0.4677856050730689,0.5322143949269311,0.1,scale,0.24683904474599797,1350,1850,1950,1980
2026-07-23,65044.8125,-0.01454868374399576,0,1,0.5291027443799938,0.47089725562000617,0.5291027443799938,0.1,scale,0.24683904474599797,1350,1850,1950,1980
2026-07-24,64098.49609375,0.003327947132145015,1,1,0.5049624970045916,0.4950375029954084,0.5049624970045916,0.1,scale,0.24683904474599797,1350,1850,1950,1980
2026-07-25,64311.8125,0.0159922142024842,1,1,0.5189119082875006,0.48108809171249944,0.5189119082875006,0.1,scale,0.24683904474599797,1350,1850,1950,1980
2026-07-26,65340.30078125,-0.024722909512739144,0,1,0.5398050235185021,0.4601949764814979,0.5398050235185021,0.1,scale,0.24683904474599797,1350,1850,1950,1980
2026-07-27,63724.8984375,0.0022983927372384194,1,0,0.46474301235332277,0.5352569876466773,0.5352569876466773,0.1,scale,0.24683904474599797,1350,1850,1950,1980
2026-07-28,63871.36328125,0.0005762314378343625,1,1,0.507154397949856,0.49284560205014405,0.507154397949856,0.1,scale,0.24683904474599797,1350,1850,1950,1980
2026-07-29,63908.16796875,0.012786168825862365,1,1,0.5008775306084908,0.49912246939150917,0.5008775306084908,0.1,scale,0.24683904474599797,1350,1850,1950,1980
2026-07-30,64725.30859375,-0.02953346289931147,0,1,0.5320252072795922,0.46797479272040776,0.5320252072795922,0.1,scale,0.24683904474599797,1350,1850,1950,1980
2026-07-31,62813.74609375,-0.0008027825816142586,0,0,0.4852929516266683,0.5147070483733317,0.5147070483733317,0.1,scale,0.24683904474599797,1350,1850,1950,1980
2026-08-01,62763.3203125,0.011450632055819865,1,1,0.5028295144954606,0.49717048550453935,0.5028295144954606,0.1,scale,0.24683904474599797,1350,1850,1950,1980
2026-08-02,63482.0,-0.0003324022951387562,0,1,0.5056282559757851,0.4943717440242149,0.5056282559757851,0.1,scale,0.24690642249381944,1380,1880,1980,2010
2026-08-03,63460.8984375,0.009376713884472476,1,0,0.48836590013911074,0.5116340998608893,0.5116340998608893,0.1,scale,0.24690642249381944,1380,1880,1980,2010
2026-08-04,64055.953125,0.008454278620180888,1,1,0.5133454501876666,0.48665454981233336,0.5133454501876666,0.1,scale,0.24690642249381944,1380,1880,1980,2010
2026-08-05,64597.5,-0.005191945798986075,0,1,0.5218591886745886,0.4781408113254114,0.5218591886745886,0.1,scale,0.24690642249381944,1380,1880,1980,2010
2026-08-06,64262.11328125,0.009618079665306256,1,1,0.517272268841124,0.482727731158876,0.517272268841124,0.1,scale,0.24690642249381944,1380,1880,1980,2010
2026-08-07,64880.19140625,0.0003775589007839475,1,1,0.5154593016536744,0.4845406983463256,0.5154593016536744,0.1,scale,0.24690642249381944,1380,1880,1980,2010
2026-08-08,64904.6875,-0.0009213630564047781,0,1,0.5129600490598354,0.4870399509401646,0.5129600490598354,0.1,scale,0.24690642249381944,1380,1880,1980,2010
2026-08-09,64844.88671875,-0.014408241397696031,0,1,0.5075947903304714,0.4924052096695286,0.5075947903304714,0.1,scale,0.24690642249381944,1380,1880,1980,2010
2026-08-10,63910.5859375,-0.005612699871830218,0,0,0.4792445017464606,0.5207554982535394,0.5207554982535394,0.1,scale,0.24690642249381944,1380,1880,1980,2010
2026-08-11,63551.875,-0.0023514869742238265,0,0,0.49434197429159116,0.5056580257084089,0.5056580257084089,0.1,scale,0.24690642249381944,1380,1880,1980,2010
2026-08-12,63402.43359375,-4.127897545336268e-06,0,0,0.48756160282299676,0.5124383971770032,0.5124383971770032,0.1,scale,0.24690642249381944,1380,1880,1980,2010
2026-08-13,63402.171875,-0.006728131109467572,0,0,0.4849286382543969,0.5150713617456031,0.5150713617456031,0.1,scale,0.24690642249381944,1380,1880,1980,2010
2026-08-14,62975.59375,0.0007737372464233783,1,0,0.47927089789411936,0.5207291021058806,0.5207291021058806,0.1,scale,0.24690642249381944,1380,1880,1980,2010
2026-08-15,63024.3203125,-0.0032633111746420695,0,0,0.48067909859985763,0.5193209014001423,0.5193209014001423,0.1,scale,0.24690642249381944,1380,1880,1980,2010
2026-08-16,62818.65234375,0.02686465722418352,1,0,0.4756366292285881,0.5243633707714119,0.5243633707714119,0.1,scale,0.24690642249381944,1380,1880,1980,2010
2026-08-17,64506.25390625,0.002704497946874218,1,0,0.45984035542990775,0.5401596445700922,0.5401596445700922,0.1,scale,0.24690642249381944,1380,1880,1980,2010
2026-08-18,64680.7109375,0.07089403465170441,1,1,0.5112373841896707,0.4887626158103293,0.5112373841896707,0.1,scale,0.24690642249381944,1380,1880,1980,2010
2026-08-19,69266.1875,0.054378195891032766,1,0,0.4334257401060725,0.5665742598939275,0.5665742598939275,0.1,scale,0.24690642249381944,1380,1880,1980,2010
2026-08-20,73032.7578125,0.0726034432536855,1,0,0.45432835007473066,0.5456716499252694,0.5456716499252694,0.1,scale,0.24690642249381944,1380,1880,1980,2010
2026-08-21,78335.1875,-0.01597970819307737,0,0,0.44934825375135634,0.5506517462486437,0.5506517462486437,0.1,scale,0.24690642249381944,1380,1880,1980,2010
2026-08-22,77083.4140625,0.008715903034020478,1,0,0.4322571065469931,0.5677428934530069,0.5677428934530069,0.1,scale,0.24690642249381944,1380,1880,1980,2010
2026-08-23,77755.265625,0.01555159949979279,1,0,0.45504217605087277,0.5449578239491273,0.5449578239491273,0.1,scale,0.24690642249381944,1380,1880,1980,2010
2026-08-24,78964.484375,-0.005059335417207933,0,0,0.449594980916998,0.550405019083002,0.550405019083002,0.1,scale,0.24690642249381944,1380,1880,1980,2010
2026-08-25,78564.9765625,0.005886150963618109,1,0,0.44724130395152617,0.5527586960484738,0.5527586960484738,0.1,scale,0.24690642249381944,1380,1880,1980,2010
2026-08-26,79027.421875,0.015565700592456544,1,0,0.4576579433646086,0.5423420566353914,0.5423420566353914,0.1,scale,0.24690642249381944,1380,1880,1980,2010
2026-08-27,80257.5390625,-0.030243264724449048,0,0,0.4624726650155208,0.5375273349844791,0.5375273349844791,0.1,scale,0.24690642249381944,1380,1880,1980,2010
2026-08-28,77830.2890625,0.005338839705019138,1,0,0.43763109286107593,0.5623689071389241,0.5623689071389241,0.1,scale,0.24690642249381944,1380,1880,1980,2010
2026-08-29,78245.8125,-0.007390071992670499,0,0,0.4554064617773066,0.5445935382226934,0.5445935382226934,0.1,scale,0.24690642249381944,1380,1880,1980,2010
2026-08-30,77667.5703125,0.011344020373690089,1,0,0.44412318855514077,0.5558768114448592,0.5558768114448592,0.1,scale,0.24690642249381944,1380,1880,1980,2010
2026-08-31,78548.6328125,-0.014577055914304693,0,0,0.4577847266976807,0.5422152733023193,0.5422152733023193,0.1,scale,0.24690642249381944,1380,1880,1980,2010
