timestamp,close,future_return_1d,y_true,prediction,prob_positive,prob_negative,confidence,selected_C,selected_gamma,validation_brier,fold_start,train_end,validation_end,test_end
2022-10-22,0.0596939995884895,0.010939100920333011,1,0,0.4827032958695288,0.5172967041304712,0.5172967041304712,1.0,scale,0.24988100424694767,0,500,600,630
2022-10-23,0.0603469982743263,-0.013936056640563521,0,0,0.48901338923472404,0.510986610765276,0.510986610765276,1.0,scale,0.24988100424694767,0,500,600,630
2022-10-24,0.0595059990882873,0.056733769388337185,1,1,0.5088587183661328,0.49114128163386717,0.5088587183661328,1.0,scale,0.24988100424694767,0,500,600,630
2022-10-25,0.0628819987177848,0.15772406215776358,1,0,0.49006453970259983,0.5099354602974002,0.5099354602974002,1.0,scale,0.24988100424694767,0,500,600,630
2022-10-26,0.0728000029921531,0.057939519505118,1,0,0.469181342678967,0.530818657321033,0.530818657321033,1.0,scale,0.24988100424694767,0,500,600,630
2022-10-27,0.0770180001854896,0.08931680697087518,1,1,0.5353509695397851,0.4646490304602149,0.5353509695397851,1.0,scale,0.24988100424694767,0,500,600,630
2022-10-28,0.0838970020413398,0.44943197283593594,1,1,0.5188334576489879,0.4811665423510121,0.5188334576489879,1.0,scale,0.24988100424694767,0,500,600,630
2022-10-29,0.1216029971837997,-0.03125741746449062,0,1,0.5502922520190311,0.4497077479809689,0.5502922520190311,1.0,scale,0.24988100424694767,0,500,600,630
2022-10-30,0.1178020015358924,0.07830091953655227,1,1,0.5479628996527222,0.45203710034727784,0.5479628996527222,1.0,scale,0.24988100424694767,0,500,600,630
2022-10-31,0.1270260065793991,0.12240791941318796,1,1,0.5583408583993607,0.44165914160063935,0.5583408583993607,1.0,scale,0.24988100424694767,0,500,600,630
2022-11-01,0.1425749957561493,-0.1034192352336103,0,1,0.5490851209798283,0.4509148790201717,0.5490851209798283,1.0,scale,0.24988100424694767,0,500,600,630
2022-11-02,0.1278299987316131,-0.040976270282330085,0,1,0.5371604567744078,0.4628395432255922,0.5371604567744078,1.0,scale,0.24988100424694767,0,500,600,630
2022-11-03,0.1225920021533966,0.030083468963815196,1,1,0.5730623088120248,0.4269376911879752,0.5730623088120248,1.0,scale,0.24988100424694767,0,500,600,630
2022-11-04,0.1262799948453903,-0.014982523467147235,0,1,0.542387079426381,0.457612920573619,0.542387079426381,1.0,scale,0.24988100424694767,0,500,600,630
2022-11-05,0.124388001859188,-0.07864103635353514,0,1,0.5524717639838244,0.44752823601617564,0.5524717639838244,1.0,scale,0.24988100424694767,0,500,600,630
2022-11-06,0.114606000483036,-0.02885538094559814,0,1,0.5512316682208954,0.4487683317791046,0.5512316682208954,1.0,scale,0.24988100424694767,0,500,600,630
2022-11-07,0.1112990006804466,-0.20565326748380164,0,1,0.5414992025783045,0.45850079742169547,0.5414992025783045,1.0,scale,0.24988100424694767,0,500,600,630
2022-11-08,0.0884099975228309,-0.15973300273575564,0,1,0.6265154902590462,0.3734845097409538,0.6265154902590462,1.0,scale,0.24988100424694767,0,500,600,630
2022-11-09,0.0742880031466484,0.20866087834566804,1,1,0.6331795553454421,0.3668204446545579,0.6331795553454421,1.0,scale,0.24988100424694767,0,500,600,630
2022-11-10,0.0897890031337738,-0.0546169550842589,0,1,0.5184805558633457,0.48151944413665426,0.5184805558633457,1.0,scale,0.24988100424694767,0,500,600,630
2022-11-11,0.0848850011825561,0.03715617701705054,1,1,0.6423052152525485,0.35769478474745153,0.6423052152525485,1.0,scale,0.24988100424694767,0,500,600,630
2022-11-12,0.0880390033125877,-0.035734164269220825,0,1,0.5430214032349665,0.4569785967650335,0.5430214032349665,1.0,scale,0.24988100424694767,0,500,600,630
2022-11-13,0.0848930031061172,0.011614560670013985,1,1,0.5831279875830186,0.41687201241698135,0.5831279875830186,1.0,scale,0.24988100424694767,0,500,600,630
2022-11-14,0.0858789980411529,0.012715586123226652,1,1,0.5503891629772217,0.44961083702277826,0.5503891629772217,1.0,scale,0.24988100424694767,0,500,600,630
2022-11-15,0.0869709998369216,-0.01595932511211695,0,1,0.5197297397139425,0.48027026028605746,0.5197297397139425,1.0,scale,0.24988100424694767,0,500,600,630
2022-11-16,0.0855830013751983,-0.009557963971724592,0,1,0.5446481094428349,0.4553518905571651,0.5446481094428349,1.0,scale,0.24988100424694767,0,500,600,630
2022-11-17,0.0847650021314621,-0.0010972169557331712,0,1,0.5245181922317088,0.4754818077682912,0.5245181922317088,1.0,scale,0.24988100424694767,0,500,600,630
2022-11-18,0.0846719965338707,-0.0010746639332391839,0,1,0.5185898055267574,0.4814101944732426,0.5185898055267574,1.0,scale,0.24988100424694767,0,500,600,630
2022-11-19,0.0845810025930404,-0.08757288189939083,0,1,0.5165140277244868,0.48348597227551315,0.5165140277244868,1.0,scale,0.24988100424694767,0,500,600,630
2022-11-20,0.077174000442028,-0.03191486794079135,0,1,0.6113057360972184,0.3886942639027816,0.6113057360972184,1.0,scale,0.24988100424694767,0,500,600,630
2022-11-21,0.0747110024094581,0.05055476711588658,1,1,0.5126157054177356,0.4873842945822644,0.5126157054177356,1.0,scale,0.25189298265539467,30,530,630,660
2022-11-22,0.0784879997372627,0.04201915595082428,1,0,0.4649966534844758,0.5350033465155242,0.5350033465155242,1.0,scale,0.25189298265539467,30,530,630,660
2022-11-23,0.081785999238491,-0.0037292075679887793,0,0,0.46689630639230983,0.5331036936076902,0.5331036936076902,1.0,scale,0.25189298265539467,30,530,630,660
2022-11-24,0.0814810022711753,0.09810871148511935,1,0,0.4508097442704149,0.5491902557295851,0.5491902557295851,1.0,scale,0.25189298265539467,30,530,630,660
2022-11-25,0.0894749984145164,-0.005442858438299503,0,0,0.43215303313003955,0.5678469668699604,0.5678469668699604,1.0,scale,0.25189298265539467,30,530,630,660
2022-11-26,0.0889879986643791,0.10927314640347574,1,0,0.46074098589287926,0.5392590141071207,0.5392590141071207,1.0,scale,0.25189298265539467,30,530,630,660
2022-11-27,0.0987119972705841,-0.036368377752115544,0,0,0.426410221613786,0.573589778386214,0.573589778386214,1.0,scale,0.25189298265539467,30,530,630,660
2022-11-28,0.0951220020651817,0.07076171575614998,1,0,0.48677490351746544,0.5132250964825346,0.5132250964825346,1.0,scale,0.25189298265539467,30,530,630,660
2022-11-29,0.101852998137474,0.049159071101975815,1,0,0.44213058064000804,0.557869419359992,0.557869419359992,1.0,scale,0.25189298265539467,30,530,630,660
2022-11-30,0.1068599969148635,-0.04937296174043737,0,0,0.4566193731005967,0.5433806268994033,0.5433806268994033,1.0,scale,0.25189298265539467,30,530,630,660
2022-12-01,0.1015840023756027,0.0055519967400041725,1,0,0.4912603252215552,0.5087396747784447,0.5087396747784447,1.0,scale,0.25189298265539467,30,530,630,660
2022-12-02,0.1021479964256286,-0.02275130283779725,0,0,0.4716431243403275,0.5283568756596725,0.5283568756596725,1.0,scale,0.25189298265539467,30,530,630,660
2022-12-03,0.0998239964246749,0.04469870840377266,1,0,0.49240698286581525,0.5075930171341847,0.5075930171341847,1.0,scale,0.25189298265539467,30,530,630,660
2022-12-04,0.1042860001325607,-0.02696429171045589,0,0,0.4598350939377852,0.5401649060622148,0.5401649060622148,1.0,scale,0.25189298265539467,30,530,630,660
2022-12-05,0.1014740020036697,-0.011786313998712106,0,0,0.499876047073336,0.500123952926664,0.500123952926664,1.0,scale,0.25189298265539467,30,530,630,660
2022-12-06,0.1002779975533485,-0.04482533545185252,0,0,0.4864394110718545,0.5135605889281455,0.5135605889281455,1.0,scale,0.25189298265539467,30,530,630,660
2022-12-07,0.0957830026745796,0.028783791131411274,1,1,0.5087528867045655,0.49124711329543447,0.5087528867045655,1.0,scale,0.25189298265539467,30,530,630,660
2022-12-08,0.0985400006175041,-0.019058258413564566,0,0,0.4640528478150927,0.5359471521849073,0.5359471521849073,1.0,scale,0.25189298265539467,30,530,630,660
2022-12-09,0.0966619998216629,-0.0021208202344522586,0,0,0.48046558369177333,0.5195344163082267,0.5195344163082267,1.0,scale,0.25189298265539467,30,530,630,660
2022-12-10,0.0964569970965385,-0.037135727217766035,0,0,0.4680635266365349,0.5319364733634651,0.5319364733634651,1.0,scale,0.25189298265539467,30,530,630,660
2022-12-11,0.0928749963641166,-0.028177595535700206,0,0,0.4798110259000716,0.5201889740999284,0.5201889740999284,1.0,scale,0.25189298265539467,30,530,630,660
2022-12-12,0.0902580022811889,0.007556076229067399,1,0,0.4918517368259672,0.5081482631740328,0.5081482631740328,1.0,scale,0.25189298265539467,30,530,630,660
2022-12-13,0.0909399986267089,-0.02667691319508103,0,0,0.4436464326360143,0.5563535673639857,0.5563535673639857,1.0,scale,0.25189298265539467,30,530,630,660
2022-12-14,0.0885140001773834,-0.0428407120854053,0,0,0.44476717350045264,0.5552328264995474,0.5552328264995474,1.0,scale,0.25189298265539467,30,530,630,660
2022-12-15,0.0847219973802566,-0.10363300459037061,0,0,0.4581514097895516,0.5418485902104484,0.5418485902104484,1.0,scale,0.25189298265539467,30,530,630,660
2022-12-16,0.0759420022368431,0.04378341770528782,1,1,0.5198924201516983,0.48010757984830166,0.5198924201516983,1.0,scale,0.25189298265539467,30,530,630,660
2022-12-17,0.0792670026421547,-0.007897425302685557,0,0,0.43543083579979625,0.5645691642002038,0.5645691642002038,1.0,scale,0.25189298265539467,30,530,630,660
2022-12-18,0.0786409974098205,-0.09170786666737374,0,0,0.4786512259121548,0.5213487740878452,0.5213487740878452,1.0,scale,0.25189298265539467,30,530,630,660
2022-12-19,0.0714289993047714,0.049083669012263575,1,0,0.4904331287496261,0.5095668712503739,0.5095668712503739,1.0,scale,0.25189298265539467,30,530,630,660
2022-12-20,0.074934996664524,-0.016761147410342403,0,1,0.5130204575719614,0.48697954242803865,0.5130204575719614,1.0,scale,0.25189298265539467,30,530,630,660
2022-12-21,0.0736790001392364,0.044626023912563095,1,0,0.4510833937112813,0.5489166062887187,0.5489166062887187,1.0,scale,0.25112348386793276,60,560,660,690
2022-12-22,0.0769670009613037,0.0021047718099389545,1,0,0.45899234843745956,0.5410076515625404,0.5410076515625404,1.0,scale,0.25112348386793276,60,560,660,690
2022-12-23,0.0771289989352226,0.006728986515655233,1,0,0.45166132911014034,0.5483386708898597,0.5483386708898597,1.0,scale,0.25112348386793276,60,560,660,690
2022-12-24,0.0776479989290237,-0.021842134200649177,0,0,0.4631417319060278,0.5368582680939722,0.5368582680939722,1.0,scale,0.25112348386793276,60,560,660,690
2022-12-25,0.0759520009160041,-0.0022251095118204223,0,0,0.4844536034020062,0.5155463965979938,0.5155463965979938,1.0,scale,0.25112348386793276,60,560,660,690
2022-12-26,0.0757829993963241,-0.027169652384888,0,1,0.5350336226174511,0.46496637738254887,0.5350336226174511,1.0,scale,0.25112348386793276,60,560,660,690
2022-12-27,0.0737240016460418,-0.04534481218320008,0,1,0.5448777773387924,0.4551222226612076,0.5448777773387924,1.0,scale,0.25112348386793276,60,560,660,690
2022-12-28,0.0703810006380081,0.009391747821228646,1,1,0.5223492786226218,0.4776507213773782,0.5223492786226218,1.0,scale,0.25112348386793276,60,560,660,690
2022-12-29,0.071042001247406,-0.037133029389532224,0,0,0.4574280122067631,0.5425719877932369,0.5425719877932369,1.0,scale,0.25112348386793276,60,560,660,690
2022-12-30,0.0684039965271949,0.02763001837811485,1,0,0.4630038736813127,0.5369961263186873,0.5369961263186873,1.0,scale,0.25112348386793276,60,560,660,690
2022-12-31,0.0702940002083778,-0.0009815891356809159,0,0,0.3650694469459751,0.6349305530540249,0.6349305530540249,1.0,scale,0.25112348386793276,60,560,660,690
2023-01-01,0.0702250003814697,0.017500933643416428,1,0,0.3852302945848512,0.6147697054151489,0.6147697054151489,1.0,scale,0.25112348386793276,60,560,660,690
2023-01-02,0.0714540034532547,-0.013799120244694874,0,0,0.407318946269909,0.5926810537300911,0.5926810537300911,1.0,scale,0.25112348386793276,60,560,660,690
2023-01-03,0.0704680010676384,0.03929444267346671,1,0,0.3856579672413642,0.6143420327586357,0.6143420327586357,1.0,scale,0.25112348386793276,60,560,660,690
2023-01-04,0.0732370018959045,-0.023034874702229424,0,0,0.35604327526427343,0.6439567247357265,0.6439567247357265,1.0,scale,0.25112348386793276,60,560,660,690
2023-01-05,0.0715499967336654,0.01285821362247419,1,0,0.40105959139575875,0.5989404086042412,0.5989404086042412,1.0,scale,0.25112348386793276,60,560,660,690
2023-01-06,0.0724700018763542,-0.0034221059656150965,0,0,0.42504445786897904,0.574955542131021,0.574955542131021,1.0,scale,0.25112348386793276,60,560,660,690
2023-01-07,0.072222001850605,0.019093878943077902,1,0,0.43922374506239964,0.5607762549376003,0.5607762549376003,1.0,scale,0.25112348386793276,60,560,660,690
2023-01-08,0.0736010000109672,0.02965989270297431,1,0,0.4326542576544861,0.5673457423455139,0.5673457423455139,1.0,scale,0.25112348386793276,60,560,660,690
2023-01-09,0.0757839977741241,0.025665099813637626,1,0,0.43194548386341286,0.5680545161365871,0.5680545161365871,1.0,scale,0.25112348386793276,60,560,660,690
2023-01-10,0.0777290016412735,0.00545481907212042,1,0,0.43032906020830325,0.5696709397916968,0.5696709397916968,1.0,scale,0.25112348386793276,60,560,660,690
2023-01-11,0.0781529992818832,0.027292674458444743,1,0,0.4633482153616357,0.5366517846383643,0.5366517846383643,1.0,scale,0.25112348386793276,60,560,660,690
2023-01-12,0.0802860036492347,0.05171511548325225,1,0,0.44890180292027343,0.5510981970797266,0.5510981970797266,1.0,scale,0.25112348386793276,60,560,660,690
2023-01-13,0.0844380035996437,0.034167066896306775,1,0,0.4644838979239625,0.5355161020760375,0.5355161020760375,1.0,scale,0.25112348386793276,60,560,660,690
2023-01-14,0.0873230025172233,-0.013650509650140585,0,0,0.4867346318009251,0.5132653681990749,0.5132653681990749,1.0,scale,0.25112348386793276,60,560,660,690
2023-01-15,0.0861309990286827,-0.0289674833029957,0,0,0.4726872029656961,0.5273127970343039,0.5273127970343039,1.0,scale,0.25112348386793276,60,560,660,690
2023-01-16,0.083636000752449,-0.007819564036455229,0,0,0.47556402398908026,0.5244359760109197,0.5244359760109197,1.0,scale,0.25112348386793276,60,560,660,690
2023-01-17,0.0829820036888122,-0.03363382744088994,0,0,0.47906072899070257,0.5209392710092975,0.5209392710092975,1.0,scale,0.25112348386793276,60,560,660,690
2023-01-18,0.0801910012960434,0.018318778294709848,1,0,0.4453255025094952,0.5546744974905048,0.5546744974905048,1.0,scale,0.25112348386793276,60,560,660,690
2023-01-19,0.0816600024700164,0.05808222827644083,1,0,0.46526916140411223,0.5347308385958878,0.5347308385958878,1.0,scale,0.25112348386793276,60,560,660,690
2023-01-20,0.0864029973745346,-0.018957620601658398,0,0,0.4085592168496396,0.5914407831503604,0.5914407831503604,1.0,0.1,0.2516010359981597,90,590,690,720
2023-01-21,0.0847650021314621,0.04175067412524536,1,0,0.44528893639202827,0.5547110636079717,0.5547110636079717,1.0,0.1,0.2516010359981597,90,590,690,720
2023-01-22,0.0883039981126785,0.0034087183202238247,1,0,0.4456361102719962,0.5543638897280039,0.5543638897280039,1.0,0.1,0.2516010359981597,90,590,690,720
2023-01-23,0.0886050015687942,-0.052536577679017205,0,0,0.37937131962056725,0.6206286803794328,0.6206286803794328,1.0,0.1,0.2516010359981597,90,590,690,720
2023-01-24,0.0839499980211258,0.03149496724140666,1,0,0.42958202401415424,0.5704179759858458,0.5704179759858458,1.0,0.1,0.2516010359981597,90,590,690,720
2023-01-25,0.0865940004587173,-0.002552129714475604,0,0,0.334072685995265,0.665927314004735,0.665927314004735,1.0,0.1,0.2516010359981597,90,590,690,720
2023-01-26,0.0863730013370513,0.008683243409610242,1,0,0.3761823201091965,0.6238176798908035,0.6238176798908035,1.0,0.1,0.2516010359981597,90,590,690,720
2023-01-27,0.0871229991316795,0.007632904948247976,1,0,0.44146702930236065,0.5585329706976394,0.5585329706976394,1.0,0.1,0.2516010359981597,90,590,690,720
2023-01-28,0.0877880007028579,0.02785115745058886,1,0,0.445305481493784,0.554694518506216,0.554694518506216,1.0,0.1,0.2516010359981597,90,590,690,720
2023-01-29,0.0902329981327056,-0.021012284173189677,0,0,0.4456361102719962,0.5543638897280039,0.5543638897280039,1.0,0.1,0.2516010359981597,90,590,690,720
2023-01-30,0.0883369967341423,0.08863784940965491,1,0,0.44199452400368006,0.55800547599632,0.55800547599632,1.0,0.1,0.2516010359981597,90,590,690,720
2023-01-31,0.0961669981479644,-0.02075551570907541,0,0,0.4456357624607509,0.5543642375392491,0.5543642375392491,1.0,0.1,0.2516010359981597,90,590,690,720
2023-02-01,0.0941710025072097,-0.03389578539138438,0,0,0.44563539815079567,0.5543646018492043,0.5543646018492043,1.0,0.1,0.2516010359981597,90,590,690,720
2023-02-02,0.0909790024161338,0.022071010593322393,1,0,0.4457898658405615,0.5542101341594385,0.5542101341594385,1.0,0.1,0.2516010359981597,90,590,690,720
2023-02-03,0.0929870009422302,0.030057920737816213,1,0,0.44482063808611905,0.555179361913881,0.555179361913881,1.0,0.1,0.2516010359981597,90,590,690,720
2023-02-04,0.095781996846199,-0.03849360459788753,0,0,0.3960735438621102,0.6039264561378899,0.6039264561378899,1.0,0.1,0.2516010359981597,90,590,690,720
2023-02-05,0.0920950025320053,-0.027645419197587784,0,0,0.3776236114073182,0.6223763885926819,0.6223763885926819,1.0,0.1,0.2516010359981597,90,590,690,720
2023-02-06,0.0895489975810051,0.033802718231862094,1,0,0.364083796142842,0.635916203857158,0.635916203857158,1.0,0.1,0.2516010359981597,90,590,690,720
2023-02-07,0.0925759971141815,-0.02614069313193923,0,0,0.3953785027581828,0.6046214972418171,0.6046214972418171,1.0,0.1,0.2516010359981597,90,590,690,720
2023-02-08,0.0901559963822364,-0.09623319898387861,0,1,0.5578899059523158,0.4421100940476842,0.5578899059523158,1.0,0.1,0.2516010359981597,90,590,690,720
2023-02-09,0.0814799964427948,-0.004786367302300976,0,1,0.5089425488506404,0.4910574511493596,0.5089425488506404,1.0,0.1,0.2516010359981597,90,590,690,720
2023-02-10,0.0810900032520294,0.01580958194793025,1,1,0.5235335721115709,0.4764664278884291,0.5235335721115709,1.0,0.1,0.2516010359981597,90,590,690,720
2023-02-11,0.0823720023036003,-0.0027679631555723727,0,0,0.4600492007770949,0.5399507992229051,0.5399507992229051,1.0,0.1,0.2516010359981597,90,590,690,720
2023-02-12,0.0821439996361732,0.00014612005009184692,1,1,0.542647319315501,0.45735268068449897,0.542647319315501,1.0,0.1,0.2516010359981597,90,590,690,720
2023-02-13,0.0821560025215148,0.01677296533751682,1,1,0.5338713094289986,0.46612869057100137,0.5338713094289986,1.0,0.1,0.2516010359981597,90,590,690,720
2023-02-14,0.0835340023040771,0.06891800240890311,1,0,0.41598226918089326,0.5840177308191068,0.5840177308191068,1.0,0.1,0.2516010359981597,90,590,690,720
2023-02-15,0.0892909988760948,-0.047563610633292064,0,0,0.44143672923973876,0.5585632707602612,0.5585632707602612,1.0,0.1,0.2516010359981597,90,590,690,720
2023-02-16,0.0850439965724945,0.032006992563435865,1,1,0.5135125858399996,0.4864874141600004,0.5135125858399996,1.0,0.1,0.2516010359981597,90,590,690,720
2023-02-17,0.0877659991383552,0.013228375841157991,1,0,0.3713900740510868,0.6286099259489132,0.6286099259489132,1.0,0.1,0.2516010359981597,90,590,690,720
2023-02-18,0.0889270007610321,-0.022051798069302686,0,0,0.39247902033664867,0.6075209796633514,0.6075209796633514,1.0,0.1,0.2516010359981597,90,590,690,720
2023-02-19,0.0869660004973411,0.014281407414889369,1,0,0.4487431753376567,0.5512568246623433,0.5512568246623433,1.0,0.01,0.24663849893121814,120,620,720,750
2023-02-20,0.0882079973816871,-0.03168642285205159,0,1,0.5289480382508817,0.47105196174911834,0.5289480382508817,1.0,0.01,0.24663849893121814,120,620,720,750
2023-02-21,0.0854130014777183,0.001416616051429287,1,0,0.46906239977509007,0.53093760022491,0.53093760022491,1.0,0.01,0.24663849893121814,120,620,720,750
2023-02-22,0.0855339989066124,-0.014520505298742381,0,0,0.4218902104062178,0.5781097895937821,0.5781097895937821,1.0,0.01,0.24663849893121814,120,620,720,750
2023-02-23,0.0842920020222663,-0.04024110704742412,0,0,0.47749771758485093,0.5225022824151491,0.5225022824151491,1.0,0.01,0.24663849893121814,120,620,720,750
2023-02-24,0.0808999985456466,-0.0014091636064638147,0,1,0.5131146147625413,0.4868853852374587,0.5131146147625413,1.0,0.01,0.24663849893121814,120,620,720,750
2023-02-25,0.0807859972119331,0.01752785436902471,1,0,0.4868908490370944,0.5131091509629055,0.5131091509629055,1.0,0.01,0.24663849893121814,120,620,720,750
2023-02-26,0.0822020024061203,-0.010316083635171558,0,0,0.4885652408996269,0.5114347591003732,0.5114347591003732,1.0,0.01,0.24663849893121814,120,620,720,750
2023-02-27,0.0813539996743202,-0.007436660128000705,0,0,0.497376465240095,0.5026235347599051,0.5026235347599051,1.0,0.01,0.24663849893121814,120,620,720,750
2023-02-28,0.0807489976286888,0.015046668894025172,1,0,0.49584664952322666,0.5041533504767733,0.5041533504767733,1.0,0.01,0.24663849893121814,120,620,720,750
2023-03-01,0.0819640010595321,-0.01761754498809276,0,0,0.4501906437313083,0.5498093562686917,0.5498093562686917,1.0,0.01,0.24663849893121814,120,620,720,750
2023-03-02,0.0805199965834617,-0.04648525877768095,0,1,0.5490276519961217,0.4509723480038783,0.5490276519961217,1.0,0.01,0.24663849893121814,120,620,720,750
2023-03-03,0.0767770037055015,-0.028927974101477627,0,1,0.5025247942059183,0.49747520579408167,0.5025247942059183,1.0,0.01,0.24663849893121814,120,620,720,750
2023-03-04,0.0745560005307197,0.0032056403600890793,1,0,0.46337331406954696,0.536626685930453,0.536626685930453,1.0,0.01,0.24663849893121814,120,620,720,750
2023-03-05,0.0747950002551078,0.00013368111674583183,1,0,0.422747334552,0.577252665448,0.577252665448,1.0,0.01,0.24663849893121814,120,620,720,750
2023-03-06,0.0748049989342689,-0.010119662471412827,0,0,0.4241092117453955,0.5758907882546045,0.5758907882546045,1.0,0.01,0.24663849893121814,120,620,720,750
2023-03-07,0.0740479975938797,-0.03940683926454591,0,0,0.4277974572564045,0.5722025427435955,0.5722025427435955,1.0,0.01,0.24663849893121814,120,620,720,750
2023-03-08,0.0711300000548362,-0.07230425518966421,0,0,0.387492142445803,0.612507857554197,0.612507857554197,1.0,0.01,0.24663849893121814,120,620,720,750
2023-03-09,0.0659869983792305,-0.0023337332223065665,0,0,0.44845969580248335,0.5515403041975167,0.5515403041975167,1.0,0.01,0.24663849893121814,120,620,720,750
2023-03-10,0.0658330023288726,0.011559473587238411,1,0,0.4722386564939508,0.5277613435060492,0.5277613435060492,1.0,0.01,0.24663849893121814,120,620,720,750
2023-03-11,0.0665939971804618,0.06617718876337841,1,0,0.4537438100338568,0.5462561899661432,0.5462561899661432,1.0,0.01,0.24663849893121814,120,620,720,750
2023-03-12,0.0710010007023811,0.028731972078974932,1,0,0.39596171577250455,0.6040382842274954,0.6040382842274954,1.0,0.01,0.24663849893121814,120,620,720,750
2023-03-13,0.0730409994721412,0.023904367027062,1,0,0.41858818091298433,0.5814118190870157,0.5814118190870157,1.0,0.01,0.24663849893121814,120,620,720,750
2023-03-14,0.0747869983315467,-0.06580016360254737,0,0,0.4140570570918199,0.5859429429081802,0.5859429429081802,1.0,0.01,0.24663849893121814,120,620,720,750
2023-03-15,0.0698660016059875,0.04082100350038487,1,0,0.4790339367077959,0.5209660632922041,0.5209660632922041,1.0,0.01,0.24663849893121814,120,620,720,750
2023-03-16,0.0727180019021034,0.052132853895653364,1,0,0.4008205634632043,0.5991794365367957,0.5991794365367957,1.0,0.01,0.24663849893121814,120,620,720,750
2023-03-17,0.0765089988708496,-0.04521035627699477,0,0,0.39765640608579256,0.6023435939142074,0.6023435939142074,1.0,0.01,0.24663849893121814,120,620,720,750
2023-03-18,0.0730499997735023,0.02413416960703696,1,0,0.478342557736665,0.521657442263335,0.521657442263335,1.0,0.01,0.24663849893121814,120,620,720,750
2023-03-19,0.07481300085783,-0.04445749729291204,0,0,0.42303930611624047,0.5769606938837595,0.5769606938837595,1.0,0.01,0.24663849893121814,120,620,720,750
2023-03-20,0.0714870020747184,0.0756361008431321,1,0,0.4945586076453503,0.5054413923546497,0.5054413923546497,1.0,0.01,0.24663849893121814,120,620,720,750
2023-03-21,0.076894000172615,-0.037649200070771216,0,0,0.42715773318588623,0.5728422668141138,0.5728422668141138,1.0,0.01,0.25011650500196186,150,650,750,780
2023-03-22,0.0739990025758743,0.0461222326509374,1,0,0.48622358903002166,0.5137764109699783,0.5137764109699783,1.0,0.01,0.25011650500196186,150,650,750,780
2023-03-23,0.0774120017886161,-0.03529170131114667,0,0,0.44005321606870956,0.5599467839312904,0.5599467839312904,1.0,0.01,0.25011650500196186,150,650,750,780
2023-03-24,0.0746800005435943,-0.008516388683258547,0,0,0.41444886191211416,0.5855511380878858,0.5855511380878858,1.0,0.01,0.25011650500196186,150,650,750,780
2023-03-25,0.0740439966320991,0.005037624709235411,1,0,0.4763864096461776,0.5236135903538224,0.5236135903538224,1.0,0.01,0.25011650500196186,150,650,750,780
2023-03-26,0.0744170024991035,-0.020452377188370785,0,0,0.46797022528156584,0.5320297747184342,0.5320297747184342,1.0,0.01,0.25011650500196186,150,650,750,780
2023-03-27,0.0728949978947639,0.012730635056866557,1,0,0.4885270157553327,0.5114729842446673,0.5114729842446673,1.0,0.01,0.25011650500196186,150,650,750,780
2023-03-28,0.0738229975104332,0.024436851525807324,1,0,0.4593117902677903,0.5406882097322097,0.5406882097322097,1.0,0.01,0.25011650500196186,150,650,750,780
2023-03-29,0.0756269991397857,-0.018273906938821805,0,0,0.45373747979535956,0.5462625202046405,0.5462625202046405,1.0,0.01,0.25011650500196186,150,650,750,780
2023-03-30,0.0742449983954429,0.037578342989635694,1,0,0.4724600420924047,0.5275399579075952,0.5275399579075952,1.0,0.01,0.25011650500196186,150,650,750,780
2023-03-31,0.0770350024104118,0.09107542625762988,1,0,0.4310998147395894,0.5689001852604105,0.5689001852604105,1.0,0.01,0.25011650500196186,150,650,750,780
2023-04-01,0.0840509980916976,-0.059035554404370916,0,0,0.4709967717316221,0.5290032282683779,0.5290032282683779,1.0,0.01,0.25011650500196186,150,650,750,780
2023-04-02,0.0790890008211135,0.21482125634447335,1,1,0.554395722423992,0.44560427757600796,0.554395722423992,1.0,0.01,0.25011650500196186,150,650,750,780
2023-04-03,0.0960789993405342,-0.009575429577981298,0,0,0.4960138907447796,0.5039861092552205,0.5039861092552205,1.0,0.01,0.25011650500196186,150,650,750,780
2023-04-04,0.095159001648426,-0.024611445718278446,0,0,0.4959286149283344,0.5040713850716656,0.5040713850716656,1.0,0.01,0.25011650500196186,150,650,750,780
2023-04-05,0.0928170010447502,-0.07978062059192914,0,0,0.4960138793051039,0.5039861206948961,0.5039861206948961,1.0,0.01,0.25011650500196186,150,650,750,780
2023-04-06,0.0854120030999183,-0.03460875337638725,0,0,0.4960138076568732,0.5039861923431268,0.5039861923431268,1.0,0.01,0.25011650500196186,150,650,750,780
2023-04-07,0.08245600014925,-0.012746207053962566,0,0,0.4958217651937446,0.5041782348062553,0.5041782348062553,1.0,0.01,0.25011650500196186,150,650,750,780
2023-04-08,0.0814049988985061,0.023155879455910133,1,0,0.49580951874783574,0.5041904812521643,0.5041904812521643,1.0,0.01,0.25011650500196186,150,650,750,780
2023-04-09,0.0832900032401084,0.018753743069032547,1,0,0.4957722751103572,0.5042277248896427,0.5042277248896427,1.0,0.01,0.25011650500196186,150,650,750,780
2023-04-10,0.0848520025610923,-0.007247922338068591,0,0,0.49897273514173196,0.5010272648582681,0.5010272648582681,1.0,0.01,0.25011650500196186,150,650,750,780
2023-04-11,0.0842370018362999,-0.00954449452459305,0,1,0.5540261569461467,0.44597384305385335,0.5540261569461467,1.0,0.01,0.25011650500196186,150,650,750,780
2023-04-12,0.0834330022335052,0.048553926760293464,1,0,0.450257317981939,0.549742682018061,0.549742682018061,1.0,0.01,0.25011650500196186,150,650,750,780
2023-04-13,0.0874840021133422,0.014871267896586993,1,0,0.4959772717597474,0.5040227282402526,0.5040227282402526,1.0,0.01,0.25011650500196186,150,650,750,780
2023-04-14,0.0887850001454353,0.002128725321761671,1,0,0.4735118550483685,0.5264881449516314,0.5264881449516314,1.0,0.01,0.25011650500196186,150,650,750,780
2023-04-15,0.0889739990234375,0.016836366242925616,1,0,0.49017812489661416,0.5098218751033858,0.5098218751033858,1.0,0.01,0.25011650500196186,150,650,750,780
2023-04-16,0.0904719978570938,0.010798944506547059,1,0,0.4962846128286756,0.5037153871713245,0.5037153871713245,1.0,0.01,0.25011650500196186,150,650,750,780
2023-04-17,0.091448999941349,0.027775041658937072,1,0,0.4960140276779254,0.5039859723220745,0.5039859723220745,1.0,0.01,0.25011650500196186,150,650,750,780
2023-04-18,0.0939889997243881,-0.06512466518007565,0,0,0.49601389028475434,0.5039861097152456,0.5039861097152456,1.0,0.01,0.25011650500196186,150,650,750,780
2023-04-19,0.0878679975867271,-0.044737571547172617,0,0,0.4960139916119819,0.5039860083880181,0.5039860083880181,1.0,0.01,0.25011650500196186,150,650,750,780
2023-04-20,0.0839369967579841,-0.06502492980323771,0,0,0.47419347006718193,0.5258065299328181,0.5258065299328181,1.0,0.1,0.2470103260928415,180,680,780,810
2023-04-21,0.0784789994359016,0.024159347241830886,1,0,0.47419347006718193,0.5258065299328181,0.5258065299328181,1.0,0.1,0.2470103260928415,180,680,780,810
2023-04-22,0.080375000834465,-0.01934685175314632,0,0,0.4741934700671208,0.5258065299328791,0.5258065299328791,1.0,0.1,0.2470103260928415,180,680,780,810
2023-04-23,0.0788199976086616,-0.0004567521763073623,0,0,0.47419347004782103,0.525806529952179,0.525806529952179,1.0,0.1,0.2470103260928415,180,680,780,810
2023-04-24,0.0787839964032173,0.013492640442419601,1,0,0.4741934198261174,0.5258065801738826,0.5258065801738826,1.0,0.1,0.2470103260928415,180,680,780,810
2023-04-25,0.0798470005393028,-0.015329363957785835,0,0,0.46872693986723735,0.5312730601327627,0.5312730601327627,1.0,0.1,0.2470103260928415,180,680,780,810
2023-04-26,0.0786229968070983,0.019930633208878445,1,0,0.45624845708715506,0.543751542912845,0.543751542912845,1.0,0.1,0.2470103260928415,180,680,780,810
2023-04-27,0.0801900029182434,0.0021697643390448107,1,0,0.45266927888605146,0.5473307211139485,0.5473307211139485,1.0,0.1,0.2470103260928415,180,680,780,810
2023-04-28,0.0803639963269233,0.015753356140717045,1,0,0.4583782580087919,0.5416217419912082,0.5416217419912082,1.0,0.1,0.2470103260928415,180,680,780,810
2023-04-29,0.0816299989819526,-0.0227979737122187,0,0,0.49163566525818175,0.5083643347418183,0.5083643347418183,1.0,0.1,0.2470103260928415,180,680,780,810
2023-04-30,0.0797690004110336,-0.011896887230402609,0,0,0.4744398679647347,0.5255601320352653,0.5255601320352653,1.0,0.1,0.2470103260928415,180,680,780,810
2023-05-01,0.0788199976086616,-0.0001776153433942218,0,0,0.4741927776892545,0.5258072223107455,0.5258072223107455,1.0,0.1,0.2470103260928415,180,680,780,810
2023-05-02,0.07880599796772,0.011509325469345688,1,0,0.4741933880488014,0.5258066119511986,0.5258066119511986,1.0,0.1,0.2470103260928415,180,680,780,810
2023-05-03,0.0797130018472671,-0.015856866753940158,0,0,0.4741932721644749,0.5258067278355252,0.5258067278355252,1.0,0.1,0.2470103260928415,180,680,780,810
2023-05-04,0.0784490033984184,0.024742130182718647,1,0,0.47419347006718193,0.5258065299328181,0.5258065299328181,1.0,0.1,0.2470103260928415,180,680,780,810
2023-05-05,0.0803899988532066,-0.042194253942370974,0,0,0.47419347006718193,0.5258065299328181,0.5258065299328181,1.0,0.1,0.2470103260928415,180,680,780,810
2023-05-06,0.0769980028271675,-0.00374038523597231,0,0,0.4741934698655778,0.5258065301344221,0.5258065301344221,1.0,0.1,0.2470103260928415,180,680,780,810
2023-05-07,0.0767100006341934,-0.05523404496689144,0,0,0.47419347006718143,0.5258065299328185,0.5258065299328185,1.0,0.1,0.2470103260928415,180,680,780,810
2023-05-08,0.0724729970097541,0.009189628916393078,1,0,0.47419346977086824,0.5258065302291317,0.5258065302291317,1.0,0.1,0.2470103260928415,180,680,780,810
2023-05-09,0.0731389969587326,0.0011895217769979372,1,0,0.474193228743991,0.525806771256009,0.525806771256009,1.0,0.1,0.2470103260928415,180,680,780,810
2023-05-10,0.0732259973883628,-0.015581854183872479,0,0,0.474193469748869,0.525806530251131,0.525806530251131,1.0,0.1,0.2470103260928415,180,680,780,810
2023-05-11,0.0720850005745887,0.005188274831694262,1,0,0.4741362223883386,0.5258637776116615,0.5258637776116615,1.0,0.1,0.2470103260928415,180,680,780,810
2023-05-12,0.0724589973688125,-0.009412169230671008,0,0,0.47419149599125654,0.5258085040087435,0.5258085040087435,1.0,0.1,0.2470103260928415,180,680,780,810
2023-05-13,0.0717770010232925,0.0029117437806640556,1,0,0.4741778885002711,0.5258221114997289,0.5258221114997289,1.0,0.1,0.2470103260928415,180,680,780,810
2023-05-14,0.0719859972596168,0.00083348884270662,1,0,0.46255293058363484,0.5374470694163651,0.5374470694163651,1.0,0.1,0.2470103260928415,180,680,780,810
2023-05-15,0.0720459967851638,0.009480085006489336,1,0,0.45327899666510657,0.5467210033348935,0.5467210033348935,1.0,0.1,0.2470103260928415,180,680,780,810
2023-05-16,0.0727289989590644,0.030001779435807174,1,0,0.47414460036045036,0.5258553996395496,0.5258553996395496,1.0,0.1,0.2470103260928415,180,680,780,810
2023-05-17,0.0749109983444213,-0.018221603630814043,0,0,0.4677902188504731,0.5322097811495269,0.5322097811495269,1.0,0.1,0.2470103260928415,180,680,780,810
2023-05-18,0.0735459998250007,-0.00025832785695090177,0,0,0.45735373163029164,0.5426462683697084,0.5426462683697084,1.0,0.1,0.2470103260928415,180,680,780,810
2023-05-19,0.0735270008444786,0.001944850078941407,1,0,0.46363017852758537,0.5363698214724146,0.5363698214724146,1.0,0.1,0.2470103260928415,180,680,780,810
2023-05-20,0.0736699998378753,-0.020741174495490067,0,0,0.44925897275941784,0.5507410272405822,0.5507410272405822,1.0,0.1,0.24749863873311245,210,710,810,840
2023-05-21,0.0721419975161552,0.011865552449799033,1,1,0.552871558847247,0.44712844115275296,0.552871558847247,1.0,0.1,0.24749863873311245,210,710,810,840
2023-05-22,0.0729980021715164,-0.0018356487581790981,0,1,0.5007074312065815,0.49929256879341855,0.5007074312065815,1.0,0.1,0.24749863873311245,210,710,810,840
2023-05-23,0.0728640034794807,-0.029218863964434072,0,1,0.5007043185925119,0.49929568140748815,0.5007043185925119,1.0,0.1,0.24749863873311245,210,710,810,840
2023-05-24,0.0707350000739097,0.0019791674456763886,1,1,0.5007074450067567,0.4992925549932433,0.5007074450067567,1.0,0.1,0.24749863873311245,210,710,810,840
2023-05-25,0.0708749964833259,0.0015379470834773201,1,1,0.5007074450067567,0.4992925549932433,0.5007074450067567,1.0,0.1,0.24749863873311245,210,710,810,840
2023-05-26,0.0709839984774589,0.023934980184860066,1,1,0.5007074450067567,0.4992925549932433,0.5007074450067567,1.0,0.1,0.24749863873311245,210,710,810,840
2023-05-27,0.072682999074459,0.012795341877639865,1,1,0.5007074450067567,0.4992925549932433,0.5007074450067567,1.0,0.1,0.24749863873311245,210,710,810,840
2023-05-28,0.0736130028963089,-0.0058142724264867995,0,1,0.5007074450067567,0.4992925549932433,0.5007074450067567,1.0,0.1,0.24749863873311245,210,710,810,840
2023-05-29,0.073184996843338,-0.01125909676379,0,1,0.5007074450067567,0.4992925549932433,0.5007074450067567,1.0,0.1,0.24749863873311245,210,710,810,840
2023-05-30,0.0723609998822212,-0.009687577255203639,0,1,0.5007074450067567,0.4992925549932433,0.5007074450067567,1.0,0.1,0.24749863873311245,210,710,810,840
2023-05-31,0.0716599971055984,-0.0023443440983096364,0,1,0.5007074450067567,0.4992925549932433,0.5007074450067567,1.0,0.1,0.24749863873311245,210,710,810,840
2023-06-01,0.071492001414299,0.01566610327722473,1,1,0.5007074450067567,0.4992925549932433,0.5007074450067567,1.0,0.1,0.24749863873311245,210,710,810,840
2023-06-02,0.0726120024919509,0.0008125536512182396,1,1,0.5007074450067567,0.4992925549932433,0.5007074450067567,1.0,0.1,0.24749863873311245,210,710,810,840
2023-06-03,0.072671003639698,-0.0027521759096023057,0,1,0.5007074450067567,0.4992925549932433,0.5007074450067567,1.0,0.1,0.24749863873311245,210,710,810,840
2023-06-04,0.0724710002541542,-0.08138426114073705,0,1,0.5007074450067567,0.4992925549932433,0.5007074450067567,1.0,0.1,0.24749863873311245,210,710,810,840
2023-06-05,0.0665730014443397,0.057080155433346214,1,1,0.5007074450067567,0.4992925549932433,0.5007074450067567,1.0,0.1,0.24749863873311245,210,710,810,840
2023-06-06,0.070372998714447,-0.043667308114170744,0,1,0.5007074450067567,0.4992925549932433,0.5007074450067567,1.0,0.1,0.24749863873311245,210,710,810,840
2023-06-07,0.0672999992966651,0.009895987458227395,1,1,0.5007074450067567,0.4992925549932433,0.5007074450067567,1.0,0.1,0.24749863873311245,210,710,810,840
2023-06-08,0.0679659992456436,0.022408307080650003,1,1,0.5007074450067567,0.4992925549932433,0.5007074450067567,1.0,0.1,0.24749863873311245,210,710,810,840
2023-06-09,0.0694890022277832,-0.10978720561796274,0,1,0.5007074450067567,0.4992925549932433,0.5007074450067567,1.0,0.1,0.24749863873311245,210,710,810,840
2023-06-10,0.0618599988520145,-0.004413198415914699,0,1,0.5007074450067567,0.4992925549932433,0.5007074450067567,1.0,0.1,0.24749863873311245,210,710,810,840
2023-06-11,0.0615869984030723,-0.002078316084299092,0,1,0.5007074450067567,0.4992925549932433,0.5007074450067567,1.0,0.1,0.24749863873311245,210,710,810,840
2023-06-12,0.0614590011537075,0.004295548945236538,1,1,0.5007074450067567,0.4992925549932433,0.5007074450067567,1.0,0.1,0.24749863873311245,210,710,810,840
2023-06-13,0.0617230013012886,-0.021645105253647268,0,1,0.5007074450067567,0.4992925549932433,0.5007074450067567,1.0,0.1,0.24749863873311245,210,710,810,840
2023-06-14,0.0603870004415512,0.01848080063111568,1,1,0.5007074450067567,0.4992925549932433,0.5007074450067567,1.0,0.1,0.24749863873311245,210,710,810,840
2023-06-15,0.0615030005574226,0.009739372023017445,1,1,0.5007074450067023,0.4992925549932977,0.5007074450067023,1.0,0.1,0.24749863873311245,210,710,810,840
2023-06-16,0.0621020011603832,0.001851787532844762,1,1,0.5007067703967727,0.4992932296032273,0.5007067703967727,1.0,0.1,0.24749863873311245,210,710,810,840
2023-06-17,0.0622170008718967,-0.0008036524693459945,0,0,0.4994053983327847,0.5005946016672154,0.5005946016672154,1.0,0.1,0.24749863873311245,210,710,810,840
2023-06-18,0.0621670000255107,0.0027989264270302794,1,0,0.4679452719233892,0.5320547280766108,0.5320547280766108,1.0,0.1,0.24749863873311245,210,710,810,840
2023-06-19,0.0623410008847713,0.011292754773287061,1,0,0.4594808041605087,0.5405191958394913,0.5405191958394913,1.0,0.1,0.24837892521783134,240,740,840,870
2023-06-20,0.0630450025200843,0.04217622888485284,1,0,0.47952509618126554,0.5204749038187344,0.5204749038187344,1.0,0.1,0.24837892521783134,240,740,840,870
2023-06-21,0.0657040029764175,-0.0009284876288206956,0,1,0.5052236671386803,0.4947763328613197,0.5052236671386803,1.0,0.1,0.24837892521783134,240,740,840,870
2023-06-22,0.0656429976224899,0.03855703690184398,1,0,0.49593183382406303,0.504068166175937,0.504068166175937,1.0,0.1,0.24837892521783134,240,740,840,870
2023-06-23,0.0681739971041679,-0.021004990186509698,0,0,0.4637192648087371,0.5362807351912628,0.5362807351912628,1.0,0.1,0.24837892521783134,240,740,840,870
2023-06-24,0.0667420029640197,0.0003295393147557668,1,1,0.5393216898232672,0.4606783101767328,0.5393216898232672,1.0,0.1,0.24837892521783134,240,740,840,870
2023-06-25,0.0667639970779419,-0.030180856591383254,0,1,0.5215233722843461,0.4784766277156539,0.5215233722843461,1.0,0.1,0.24837892521783134,240,740,840,870
2023-06-26,0.064749002456665,0.012293589847445885,1,1,0.567630922877989,0.432369077122011,0.567630922877989,1.0,0.1,0.24837892521783134,240,740,840,870
2023-06-27,0.0655450001358985,-0.04490047572545264,0,1,0.5125209849037259,0.4874790150962741,0.5125209849037259,1.0,0.1,0.24837892521783134,240,740,840,870
2023-06-28,0.0626019984483718,0.012858982149884124,1,1,0.5815095797636368,0.4184904202363632,0.5815095797636368,1.0,0.1,0.24837892521783134,240,740,840,870
2023-06-29,0.0634069964289665,0.04844892855669802,1,1,0.5025366192476546,0.4974633807523454,0.5025366192476546,1.0,0.1,0.24837892521783134,240,740,840,870
2023-06-30,0.0664789974689483,0.03006973256853973,1,1,0.5098497933475906,0.4901502066524094,0.5098497933475906,1.0,0.1,0.24837892521783134,240,740,840,870
2023-07-01,0.0684780031442642,-0.006425442733851705,0,1,0.5192545281124592,0.4807454718875408,0.5192545281124592,1.0,0.1,0.24837892521783134,240,740,840,870
2023-07-02,0.0680380016565322,0.0046297016197940355,1,1,0.5171961606065987,0.4828038393934013,0.5171961606065987,1.0,0.1,0.24837892521783134,240,740,840,870
2023-07-03,0.068352997303009,0.008602399951864514,1,1,0.5092834331439589,0.49071656685604115,0.5092834331439589,1.0,0.1,0.24837892521783134,240,740,840,870
2023-07-04,0.0689409971237182,-0.027675793982213537,0,1,0.5338004275355532,0.46619957246444677,0.5338004275355532,1.0,0.1,0.24837892521783134,240,740,840,870
2023-07-05,0.0670330002903938,-0.029940479161038147,0,1,0.5117776095046609,0.4882223904953391,0.5117776095046609,1.0,0.1,0.24837892521783134,240,740,840,870
2023-07-06,0.0650260001420974,0.0061360216195855966,1,1,0.5277245657793538,0.4722754342206462,0.5277245657793538,1.0,0.1,0.24837892521783134,240,740,840,870
2023-07-07,0.0654250010848045,0.005135633589733901,1,0,0.47697252610231783,0.5230274738976821,0.5230274738976821,1.0,0.1,0.24837892521783134,240,740,840,870
2023-07-08,0.065760999917984,-0.00495734788742519,0,0,0.48678356726141536,0.5132164327385846,0.5132164327385846,1.0,0.1,0.24837892521783134,240,740,840,870
2023-07-09,0.0654349997639656,-0.0029342318740031015,0,1,0.5079771627667702,0.4920228372332298,0.5079771627667702,1.0,0.1,0.24837892521783134,240,740,840,870
2023-07-10,0.0652429983019828,0.0006744498283453026,1,1,0.5508170892864149,0.44918291071358507,0.5508170892864149,1.0,0.1,0.24837892521783134,240,740,840,870
2023-07-11,0.0652870014309883,-0.0033084653506981754,0,0,0.487342753188088,0.5126572468119119,0.5126572468119119,1.0,0.1,0.24837892521783134,240,740,840,870
2023-07-12,0.0650710016489029,0.08353945105855698,1,1,0.5335198057253698,0.46648019427463017,0.5335198057253698,1.0,0.1,0.24837892521783134,240,740,840,870
2023-07-13,0.0705069974064827,-0.02805388274626397,0,0,0.4638038995567198,0.5361961004432803,0.5361961004432803,1.0,0.1,0.24837892521783134,240,740,840,870
2023-07-14,0.0685290023684501,0.04958486300049647,1,1,0.5379409859692427,0.46205901403075733,0.5379409859692427,1.0,0.1,0.24837892521783134,240,740,840,870
2023-07-15,0.0719270035624504,-0.032991816035813915,0,1,0.5054817323375933,0.4945182676624067,0.5054817323375933,1.0,0.1,0.24837892521783134,240,740,840,870
2023-07-16,0.0695540010929107,0.0050463933980196,1,1,0.5015411122634545,0.49845888773654545,0.5015411122634545,1.0,0.1,0.24837892521783134,240,740,840,870
2023-07-17,0.0699049979448318,-0.018911397720648093,0,1,0.5164931079433113,0.48350689205668873,0.5164931079433113,1.0,0.1,0.24837892521783134,240,740,840,870
2023-07-18,0.068582996726036,0.022979550147125716,1,0,0.4960621658007792,0.5039378341992208,0.5039378341992208,1.0,0.1,0.24837892521783134,240,740,840,870
2023-07-19,0.0701590031385421,0.005088364334319806,1,1,0.5170300998229383,0.48296990017706165,0.5170300998229383,1.0,0.1,0.250775939951151,270,770,870,900
2023-07-20,0.0705159977078437,0.03940949001304683,1,1,0.5325323125531284,0.4674676874468716,0.5325323125531284,1.0,0.1,0.250775939951151,270,770,870,900
2023-07-21,0.073294997215271,-0.03904767151939681,0,1,0.5190062842732283,0.48099371572677174,0.5190062842732283,1.0,0.1,0.250775939951151,270,770,870,900
2023-07-22,0.070432998239994,0.019678300523296333,1,1,0.5257648949267861,0.47423510507321387,0.5257648949267861,1.0,0.1,0.250775939951151,270,770,870,900
2023-07-23,0.0718189999461174,0.03409958915420108,1,1,0.5106184246241244,0.48938157537587557,0.5106184246241244,1.0,0.1,0.250775939951151,270,770,870,900
2023-07-24,0.0742679983377456,0.10202243520870025,1,0,0.49023214160278905,0.509767858397211,0.509767858397211,1.0,0.1,0.250775939951151,270,770,870,900
2023-07-25,0.0818450003862381,-0.047492182557203444,0,1,0.5131335589194637,0.48686644108053634,0.5131335589194637,1.0,0.1,0.250775939951151,270,770,870,900
2023-07-26,0.0779580026865005,-0.005079732620903443,0,1,0.5390347119631521,0.4609652880368479,0.5390347119631521,1.0,0.1,0.250775939951151,270,770,870,900
2023-07-27,0.0775619968771934,-0.0031071464079203137,0,1,0.5119050830063726,0.4880949169936274,0.5119050830063726,1.0,0.1,0.250775939951151,270,770,870,900
2023-07-28,0.0773210003972053,0.037079167368883725,1,1,0.513500370931976,0.486499629068024,0.513500370931976,1.0,0.1,0.250775939951151,270,770,870,900
2023-07-29,0.0801879987120628,-0.02652515630210417,0,1,0.5060498961061817,0.4939501038938183,0.5060498961061817,1.0,0.1,0.250775939951151,270,770,870,900
2023-07-30,0.0780609995126724,-0.0031129589383396272,0,1,0.5379927888542879,0.4620072111457121,0.5379927888542879,1.0,0.1,0.250775939951151,270,770,870,900
2023-07-31,0.0778179988265037,0.002878533360205271,1,1,0.5210443328137327,0.47895566718626725,0.5210443328137327,1.0,0.1,0.250775939951151,270,770,870,900
2023-08-01,0.0780420005321502,-0.04906335504295145,0,1,0.5233669172502107,0.4766330827497893,0.5233669172502107,1.0,0.1,0.250775939951151,270,770,870,900
2023-08-02,0.0742129981517791,-0.008057867418956532,0,1,0.5481287969392389,0.4518712030607611,0.5481287969392389,1.0,0.1,0.250775939951151,270,770,870,900
2023-08-03,0.0736149996519088,-0.0027032202418553197,0,1,0.5219244189801616,0.4780755810198384,0.5219244189801616,1.0,0.1,0.250775939951151,270,770,870,900
2023-08-04,0.0734160020947456,0.03091966503239596,1,1,0.5039320557633915,0.4960679442366085,0.5039320557633915,1.0,0.1,0.250775939951151,270,770,870,900
2023-08-05,0.0756860002875328,-0.018761708902473417,0,1,0.5108773885458292,0.4891226114541708,0.5108773885458292,1.0,0.1,0.250775939951151,270,770,870,900
2023-08-06,0.0742660015821456,-0.01136457803084956,0,1,0.5148330226166716,0.48516697738332837,0.5148330226166716,1.0,0.1,0.250775939951151,270,770,870,900
2023-08-07,0.0734219998121261,0.02130156535052863,1,1,0.5169013811901327,0.48309861880986726,0.5169013811901327,1.0,0.1,0.250775939951151,270,770,870,900
2023-08-08,0.0749860033392906,0.00437410843373387,1,0,0.46679103882199785,0.5332089611780022,0.5332089611780022,1.0,0.1,0.250775939951151,270,770,870,900
2023-08-09,0.075314000248909,0.006492770323196062,1,1,0.5015998487484031,0.49840015125159687,0.5015998487484031,1.0,0.1,0.250775939951151,270,770,870,900
2023-08-10,0.0758029967546463,-0.0018072349550918299,0,1,0.5003024223574606,0.4996975776425394,0.5003024223574606,1.0,0.1,0.250775939951151,270,770,870,900
2023-08-11,0.0756660029292106,0.014220361945816773,1,0,0.4927875099791004,0.5072124900208996,0.5072124900208996,1.0,0.1,0.250775939951151,270,770,870,900
2023-08-12,0.0767420008778572,-0.02552713619246072,0,1,0.5000424198455362,0.4999575801544638,0.5000424198455362,1.0,0.1,0.250775939951151,270,770,870,900
2023-08-13,0.0747829973697662,-0.0006953131569303883,0,1,0.5067473713236184,0.49325262867638164,0.5067473713236184,1.0,0.1,0.250775939951151,270,770,870,900
2023-08-14,0.0747309997677803,-0.051758958547789446,0,1,0.510720853212022,0.489279146787978,0.510720853212022,1.0,0.1,0.250775939951151,270,770,870,900
2023-08-15,0.0708630010485649,-0.051931165270451496,0,1,0.5294551476114933,0.47054485238850674,0.5294551476114933,1.0,0.1,0.250775939951151,270,770,870,900
2023-08-16,0.0671830028295517,-0.08927859689591555,0,1,0.5359076810462222,0.4640923189537778,0.5359076810462222,1.0,0.1,0.250775939951151,270,770,870,900
2023-08-17,0.061184998601675,0.03348864661664663,1,1,0.5789106146761585,0.42108938532384155,0.5789106146761585,1.0,0.1,0.250775939951151,270,770,870,900
2023-08-18,0.0632340013980865,0.008286670490498915,1,0,0.48406495099231533,0.5159350490076846,0.5159350490076846,1.0,scale,0.24911815343457872,300,800,900,930
2023-08-19,0.0637580007314682,0.0011293078525447253,1,0,0.48107458890053034,0.5189254110994697,0.5189254110994697,1.0,scale,0.24911815343457872,300,800,900,930
2023-08-20,0.0638300031423568,-0.020382350283957185,0,0,0.4851639732493583,0.5148360267506418,0.5148360267506418,1.0,scale,0.24911815343457872,300,800,900,930
2023-08-21,0.0625289976596832,0.001119571045576473,1,1,0.5008746414849164,0.49912535851508355,0.5008746414849164,1.0,scale,0.24911815343457872,300,800,900,930
2023-08-22,0.0625990033149719,0.01883408221191951,1,0,0.48199251668504434,0.5180074833149557,0.5180074833149557,1.0,scale,0.24911815343457872,300,800,900,930
2023-08-23,0.0637779980897903,-0.01163404141381763,0,0,0.4746510766144447,0.5253489233855553,0.5253489233855553,1.0,scale,0.24911815343457872,300,800,900,930
2023-08-24,0.0630360022187233,0.0007614163099805005,1,0,0.47792422801599266,0.5220757719840073,0.5220757719840073,1.0,scale,0.24911815343457872,300,800,900,930
2023-08-25,0.0630839988589286,-0.003424002694699446,0,0,0.477134078192059,0.522865921807941,0.522865921807941,1.0,scale,0.24911815343457872,300,800,900,930
2023-08-26,0.0628679990768432,0.0048196255036738744,1,0,0.4716106884225274,0.5283893115774726,0.5283893115774726,1.0,scale,0.24911815343457872,300,800,900,930
2023-08-27,0.0631709992885589,0.004226607292560969,1,0,0.4765836004916289,0.5234163995083712,0.5234163995083712,1.0,scale,0.24911815343457872,300,800,900,930
2023-08-28,0.0634379982948303,0.04653365598277981,1,0,0.4779922022596302,0.5220077977403699,0.5220077977403699,1.0,scale,0.24911815343457872,300,800,900,930
2023-08-29,0.0663900002837181,-0.008314484303448166,0,0,0.4844853519817177,0.5155146480182823,0.5155146480182823,1.0,scale,0.24911815343457872,300,800,900,930
2023-08-30,0.0658380016684532,-0.031182599423966395,0,0,0.4856859523346299,0.51431404766537,0.51431404766537,1.0,scale,0.24911815343457872,300,800,900,930
2023-08-31,0.0637850016355514,0.0010033783128717833,1,1,0.5139328735895479,0.48606712641045213,0.5139328735895479,1.0,scale,0.24911815343457872,300,800,900,930
2023-09-01,0.063849002122879,-0.005560075372814444,0,0,0.49288048714879334,0.5071195128512067,0.5071195128512067,1.0,scale,0.24911815343457872,300,800,900,930
2023-09-02,0.0634939968585968,-0.005055491538391577,0,0,0.4954938622181709,0.5045061377818292,0.5045061377818292,1.0,scale,0.24911815343457872,300,800,900,930
2023-09-03,0.0631730034947395,0.00018988229302707715,1,0,0.49364075616894776,0.5063592438310522,0.5063592438310522,1.0,scale,0.24911815343457872,300,800,900,930
2023-09-04,0.0631849989295005,0.012772053500794245,1,0,0.4991717107145837,0.5008282892854163,0.5008282892854163,1.0,scale,0.24911815343457872,300,800,900,930
2023-09-05,0.0639920011162757,-0.005922671236616606,0,0,0.49346383942021926,0.5065361605797807,0.5065361605797807,1.0,scale,0.24911815343457872,300,800,900,930
2023-09-06,0.0636129975318908,-0.0005344347945033245,0,0,0.49452156441495704,0.505478435585043,0.505478435585043,1.0,scale,0.24911815343457872,300,800,900,930
2023-09-07,0.0635790005326271,0.0011009642196588842,1,0,0.4915924725348203,0.5084075274651797,0.5084075274651797,1.0,scale,0.24911815343457872,300,800,900,930
2023-09-08,0.0636489987373352,-0.0038335098557579217,0,0,0.49293677910182415,0.5070632208981758,0.5070632208981758,1.0,scale,0.24911815343457872,300,800,900,930
2023-09-09,0.0634049996733665,-0.03277344794258519,0,0,0.49125000428953985,0.5087499957104602,0.5087499957104602,1.0,scale,0.24911815343457872,300,800,900,930
2023-09-10,0.0613269992172718,-0.014104676850030584,0,1,0.5183522362478573,0.4816477637521427,0.5183522362478573,1.0,scale,0.24911815343457872,300,800,900,930
2023-09-11,0.0604620017111301,0.008087666499590584,1,0,0.49638373985467,0.50361626014533,0.50361626014533,1.0,scale,0.24911815343457872,300,800,900,930
2023-09-12,0.0609509982168674,0.005397823622648401,1,0,0.4736061196734444,0.5263938803265555,0.5263938803265555,1.0,scale,0.24911815343457872,300,800,900,930
2023-09-13,0.0612800009548664,0.012924289007870904,1,0,0.47400942624475056,0.5259905737552495,0.5259905737552495,1.0,scale,0.24911815343457872,300,800,900,930
2023-09-14,0.0620720013976097,0.007749098175128699,1,0,0.48103151054280574,0.5189684894571942,0.5189684894571942,1.0,scale,0.24911815343457872,300,800,900,930
2023-09-15,0.0625530034303665,-0.006474547394494823,0,0,0.4820690831890492,0.5179309168109508,0.5179309168109508,1.0,scale,0.24911815343457872,300,800,900,930
2023-09-16,0.0621480010449886,-0.010153196177100199,0,0,0.4902010181244369,0.509798981875563,0.509798981875563,1.0,scale,0.24911815343457872,300,800,900,930
2023-09-17,0.0615170001983642,0.00811156117137779,1,1,0.5105200136836793,0.4894799863163207,0.5105200136836793,0.1,scale,0.2497496704158248,330,830,930,960
2023-09-18,0.0620159991085529,0.01117460958967964,1,1,0.508378102503759,0.49162189749624097,0.508378102503759,0.1,scale,0.2497496704158248,330,830,930,960
2023-09-19,0.0627090036869049,-0.0012598821860455578,0,1,0.5055896602071486,0.4944103397928514,0.5055896602071486,0.1,scale,0.2497496704158248,330,830,930,960
2023-09-20,0.0626299977302551,-0.020501350454958267,0,1,0.5080961215668592,0.49190387843314076,0.5080961215668592,0.1,scale,0.2497496704158248,330,830,930,960
2023-09-21,0.0613459981977939,0.003015708390878391,1,1,0.5195592774566464,0.48044072254335357,0.5195592774566464,0.1,scale,0.2497496704158248,330,830,930,960
2023-09-22,0.0615309998393058,-0.0003900199926114567,0,1,0.5048853914240783,0.4951146085759217,0.5048853914240783,0.1,scale,0.2497496704158248,330,830,930,960
2023-09-23,0.0615070015192031,-0.012421368982220349,0,1,0.5079889382617836,0.4920110617382164,0.5079889382617836,0.1,scale,0.2497496704158248,330,830,930,960
2023-09-24,0.0607430003583431,0.0035559616879501377,1,1,0.512318959808548,0.487681040191452,0.512318959808548,0.1,scale,0.2497496704158248,330,830,930,960
2023-09-25,0.0609590001404285,-0.005905623086716938,0,1,0.510240509408536,0.48975949059146395,0.510240509408536,0.1,scale,0.2497496704158248,330,830,930,960
2023-09-26,0.060598999261856,-0.0015676600118510464,0,1,0.511976384401221,0.48802361559877905,0.511976384401221,0.1,scale,0.2497496704158248,330,830,930,960
2023-09-27,0.060504000633955,0.016197291628273325,1,1,0.5100390362502015,0.4899609637497985,0.5100390362502015,0.1,scale,0.2497496704158248,330,830,930,960
2023-09-28,0.0614840015769004,0.011287476629081805,1,1,0.5055461371216943,0.4944538628783057,0.5055461371216943,0.1,scale,0.2497496704158248,330,830,930,960
2023-09-29,0.0621780008077621,-0.0005950590685391832,0,1,0.5066426749088336,0.49335732509116637,0.5066426749088336,0.1,scale,0.2497496704158248,330,830,930,960
2023-09-30,0.0621410012245178,0.016929235252307828,1,1,0.508537019436256,0.49146298056374405,0.508537019436256,0.1,scale,0.2497496704158248,330,830,930,960
2023-10-01,0.0631930008530616,-0.01792923781904432,0,1,0.5080331771180513,0.4919668228819487,0.5080331771180513,0.1,scale,0.2497496704158248,330,830,930,960
2023-10-02,0.062059998512268,-0.0108604280278215,0,1,0.5156703968249574,0.4843296031750426,0.5156703968249574,0.1,scale,0.2497496704158248,330,830,930,960
2023-10-03,0.0613860003650188,0.0016615913688036166,1,1,0.5092473544397017,0.4907526455602983,0.5092473544397017,0.1,scale,0.2497496704158248,330,830,930,960
2023-10-04,0.0614879988133907,-0.009188783003350132,0,1,0.5089438819850416,0.4910561180149584,0.5089438819850416,0.1,scale,0.2497496704158248,330,830,930,960
2023-10-05,0.0609229989349842,0.008256321598777427,1,1,0.5113002507649194,0.48869974923508064,0.5113002507649194,0.1,scale,0.2497496704158248,330,830,930,960
2023-10-06,0.0614259988069534,0.00047213534231071996,1,1,0.5085992624027933,0.4914007375972067,0.5085992624027933,0.1,scale,0.2497496704158248,330,830,930,960
2023-10-07,0.0614550001919269,-0.007273636104575654,0,1,0.5095747456215868,0.4904252543784132,0.5095747456215868,0.1,scale,0.2497496704158248,330,830,930,960
2023-10-08,0.0610079988837242,-0.03653615408711519,0,1,0.5113396051607367,0.48866039483926327,0.5113396051607367,0.1,scale,0.2497496704158248,330,830,930,960
2023-10-09,0.0587790012359619,0.004185160341043659,1,1,0.5241251672009616,0.4758748327990384,0.5241251672009616,0.1,scale,0.2497496704158248,330,830,930,960
2023-10-10,0.0590250007808208,-0.009402815618866356,0,1,0.507963683151862,0.492036316848138,0.507963683151862,0.1,scale,0.2497496704158248,330,830,930,960
2023-10-11,0.0584699995815753,-0.009799864559223548,0,1,0.5136087417140275,0.4863912582859725,0.5136087417140275,0.1,scale,0.2497496704158248,330,830,930,960
2023-10-12,0.057897001504898,0.008653287356109596,1,1,0.5105067165171875,0.4894932834828125,0.5105067165171875,0.1,scale,0.2497496704158248,330,830,930,960
2023-10-13,0.058398000895977,0.02501796684811941,1,1,0.5082661481965435,0.4917338518034565,0.5082661481965435,0.1,scale,0.2497496704158248,330,830,930,960
2023-10-14,0.059859000146389,-0.008503338067714195,0,1,0.5033637331511932,0.4966362668488068,0.5033637331511932,0.1,scale,0.2497496704158248,330,830,930,960
2023-10-15,0.0593499988317489,0.012872808355497423,1,1,0.5087126113761515,0.49128738862384846,0.5087126113761515,0.1,scale,0.2497496704158248,330,830,930,960
2023-10-16,0.060113999992609,-0.0165352594072814,0,1,0.511267593945153,0.488732406054847,0.511267593945153,0.1,scale,0.2497496704158248,330,830,930,960
2023-10-17,0.0591199994087219,-0.007560852289970721,0,1,0.5124637688152629,0.4875362311847371,0.5124637688152629,10.0,scale,0.25017427753421945,360,860,960,990
2023-10-18,0.0586730018258094,0.0035791306543007106,1,1,0.5140392201749203,0.4859607798250797,0.5140392201749203,10.0,scale,0.25017427753421945,360,860,960,990
2023-10-19,0.058883000165224,0.01837541205919102,1,1,0.5023452361028052,0.49765476389719476,0.5023452361028052,10.0,scale,0.25017427753421945,360,860,960,990
2023-10-20,0.0599649995565414,0.020395257869733063,1,0,0.4961342412022857,0.5038657587977142,0.5038657587977142,10.0,scale,0.25017427753421945,360,860,960,990
2023-10-21,0.0611880011856555,0.006667933432568995,1,1,0.5013408024883409,0.4986591975116591,0.5013408024883409,10.0,scale,0.25017427753421945,360,860,960,990
2023-10-22,0.0615959987044334,0.08911291810179267,1,0,0.4723698090042821,0.527630190995718,0.527630190995718,10.0,scale,0.25017427753421945,360,860,960,990
2023-10-23,0.0670849978923797,-0.007885498838515859,0,1,0.58045982719525,0.41954017280475,0.58045982719525,10.0,scale,0.25017427753421945,360,860,960,990
2023-10-24,0.0665559992194175,0.02712001965746147,1,0,0.43195278102197665,0.5680472189780233,0.5680472189780233,10.0,scale,0.25017427753421945,360,860,960,990
2023-10-25,0.0683609992265701,0.05128651423207864,1,0,0.4628378030713072,0.5371621969286928,0.5371621969286928,10.0,scale,0.25017427753421945,360,860,960,990
2023-10-26,0.0718669965863227,-0.05546347772222604,0,1,0.5176069755937319,0.4823930244062681,0.5176069755937319,10.0,scale,0.25017427753421945,360,860,960,990
2023-10-27,0.0678810030221939,0.01649936767588911,1,0,0.4426389911890754,0.5573610088109247,0.5573610088109247,10.0,scale,0.25017427753421945,360,860,960,990
2023-10-28,0.0690009966492652,0.005188336619279754,1,1,0.5289587210108164,0.4710412789891836,0.5289587210108164,10.0,scale,0.25017427753421945,360,860,960,990
2023-10-29,0.0693589970469474,0.004195631271278755,1,1,0.5195339125939662,0.4804660874060338,0.5195339125939662,10.0,scale,0.25017427753421945,360,860,960,990
2023-10-30,0.0696500018239021,-0.01971285580800264,0,0,0.48142290201464427,0.5185770979853557,0.5185770979853557,10.0,scale,0.25017427753421945,360,860,960,990
2023-10-31,0.0682770013809204,0.00826049019727626,1,0,0.450828125825501,0.549171874174499,0.549171874174499,10.0,scale,0.25017427753421945,360,860,960,990
2023-11-01,0.0688410028815269,-0.013175343786144822,0,1,0.5106864569804064,0.4893135430195936,0.5106864569804064,10.0,scale,0.25017427753421945,360,860,960,990
2023-11-02,0.0679339990019798,0.0030912660492543598,1,0,0.4887314061825846,0.5112685938174154,0.5112685938174154,10.0,scale,0.25017427753421945,360,860,960,990
2023-11-03,0.0681440010666847,0.013720880726312723,1,1,0.5262321042102592,0.47376789578974077,0.5262321042102592,10.0,scale,0.25017427753421945,360,860,960,990
2023-11-04,0.0690789967775344,0.031051403497078356,1,1,0.5338459728658317,0.4661540271341683,0.5338459728658317,10.0,scale,0.25017427753421945,360,860,960,990
2023-11-05,0.071223996579647,0.07240539093843945,1,1,0.5130035650774006,0.48699643492259936,0.5130035650774006,10.0,scale,0.25017427753421945,360,860,960,990
2023-11-06,0.0763809978961944,-0.03748311009196115,0,1,0.5413614878989362,0.45863851210106377,0.5413614878989362,10.0,scale,0.25017427753421945,360,860,960,990
2023-11-07,0.0735180005431175,0.026700903245316487,1,0,0.43665975155165065,0.5633402484483494,0.5633402484483494,10.0,scale,0.25017427753421945,360,860,960,990
2023-11-08,0.0754809975624084,-0.026761622475739766,0,1,0.5392556130135564,0.4607443869864436,0.5392556130135564,10.0,scale,0.25017427753421945,360,860,960,990
2023-11-09,0.073461003601551,0.02699383727955529,1,0,0.46738369808676916,0.5326163019132308,0.5326163019132308,10.0,scale,0.25017427753421945,360,860,960,990
2023-11-10,0.0754439979791641,0.039260918660048105,1,1,0.5359327696356697,0.4640672303643303,0.5359327696356697,10.0,scale,0.25017427753421945,360,860,960,990
2023-11-11,0.0784059986472129,-0.005420452844711154,0,1,0.5249046525297102,0.4750953474702898,0.5249046525297102,10.0,scale,0.25017427753421945,360,860,960,990
2023-11-12,0.0779810026288032,-0.04102285850394294,0,0,0.4910007941851071,0.5089992058148929,0.5089992058148929,10.0,scale,0.25017427753421945,360,860,960,990
2023-11-13,0.0747819989919662,-0.03109034807966926,0,0,0.44980311687207647,0.5501968831279236,0.5501968831279236,10.0,scale,0.25017427753421945,360,860,960,990
2023-11-14,0.0724570006132125,0.05381123358794149,1,0,0.4912868290240985,0.5087131709759015,0.5087131709759015,10.0,scale,0.25017427753421945,360,860,960,990
2023-11-15,0.0763560011982917,0.03825501698862355,1,1,0.604408532609474,0.395591467390526,0.604408532609474,10.0,scale,0.25017427753421945,360,860,960,990
2023-11-16,0.0792770013213157,0.08863857199071568,1,1,0.5246498082653914,0.4753501917346086,0.5246498082653914,1.0,scale,0.24935346820757193,390,890,990,1020
2023-11-17,0.0863040015101432,-0.06860630617945584,0,1,0.5090280836399341,0.4909719163600659,0.5090280836399341,1.0,scale,0.24935346820757193,390,890,990,1020
2023-11-18,0.0803830027580261,0.0024010031121091124,1,1,0.5566210636965345,0.4433789363034655,0.5566210636965345,1.0,scale,0.24935346820757193,390,890,990,1020
2023-11-19,0.0805760025978088,-0.033471576908823186,0,1,0.5275791089801246,0.4724208910198754,0.5275791089801246,1.0,scale,0.24935346820757193,390,890,990,1020
2023-11-20,0.0778789967298507,-0.0739608803125531,0,1,0.5453516719305758,0.45464832806942423,0.5453516719305758,1.0,scale,0.24935346820757193,390,890,990,1020
2023-11-21,0.0721189975738525,0.05081879010476409,1,1,0.571940602231744,0.42805939776825597,0.571940602231744,1.0,scale,0.24935346820757193,390,890,990,1020
2023-11-22,0.0757839977741241,0.0054893272966294315,1,1,0.511722385400028,0.488277614599972,0.511722385400028,1.0,scale,0.24935346820757193,390,890,990,1020
2023-11-23,0.0762000009417533,0.02646980055812964,1,1,0.5302230538695354,0.4697769461304646,0.5302230538695354,1.0,scale,0.24935346820757193,390,890,990,1020
2023-11-24,0.0782169997692108,0.009435319202279135,1,1,0.5234356258659221,0.47656437413407793,0.5234356258659221,1.0,scale,0.24935346820757193,390,890,990,1020
2023-11-25,0.0789550021290779,-0.0031790589951407044,0,1,0.5208073806630886,0.4791926193369114,0.5208073806630886,1.0,scale,0.24935346820757193,390,890,990,1020
2023-11-26,0.0787039995193481,0.0010672627333130347,1,1,0.5299828368802423,0.4700171631197577,0.5299828368802423,1.0,scale,0.24935346820757193,390,890,990,1020
2023-11-27,0.0787879973649978,0.02818961325406777,1,1,0.5356624998753523,0.4643375001246477,0.5356624998753523,1.0,scale,0.24935346820757193,390,890,990,1020
2023-11-28,0.0810090005397796,-0.005135270955786253,0,1,0.5149803851018219,0.48501961489817813,0.5149803851018219,1.0,scale,0.24935346820757193,390,890,990,1020
2023-11-29,0.0805929973721504,0.03504027776994523,1,1,0.5265265489607064,0.4734734510392936,0.5265265489607064,1.0,scale,0.24935346820757193,390,890,990,1020
2023-11-30,0.083416998386383,0.005274722133896903,1,1,0.5115092132595787,0.48849078674042135,0.5115092132595787,1.0,scale,0.24935346820757193,390,890,990,1020
2023-12-01,0.0838569998741149,0.028882472437375295,1,1,0.5197825628727633,0.48021743712723675,0.5197825628727633,1.0,scale,0.24935346820757193,390,890,990,1020
2023-12-02,0.08627899736166,-0.007695913989526404,0,1,0.51994085446147,0.48005914553853,0.51994085446147,1.0,scale,0.24935346820757193,390,890,990,1020
2023-12-03,0.0856150016188621,0.07387722846239297,1,1,0.5349031073798206,0.4650968926201794,0.5349031073798206,1.0,scale,0.24935346820757193,390,890,990,1020
2023-12-04,0.0919400006532669,0.025092427231231618,1,1,0.5127181789655842,0.48728182103441575,0.5127181789655842,1.0,scale,0.24935346820757193,390,890,990,1020
2023-12-05,0.0942469984292984,0.0065466799076456805,1,1,0.5312964719643365,0.4687035280356635,0.5312964719643365,1.0,scale,0.24935346820757193,390,890,990,1020
2023-12-06,0.0948640033602714,0.011131652706384276,1,1,0.5352634702805772,0.4647365297194228,0.5352634702805772,1.0,scale,0.24935346820757193,390,890,990,1020
2023-12-07,0.0959199965000152,0.05786076672628959,1,1,0.5332880123820298,0.46671198761797017,0.5332880123820298,1.0,scale,0.24935346820757193,390,890,990,1020
2023-12-08,0.1014700010418891,-0.028855855314086853,0,1,0.5222368590660617,0.47776314093393835,0.5222368590660617,1.0,scale,0.24935346820757193,390,890,990,1020
2023-12-09,0.0985419973731041,0.033072225541000755,1,1,0.5478974526745732,0.45210254732542676,0.5478974526745732,1.0,scale,0.24935346820757193,390,890,990,1020
2023-12-10,0.1018010005354881,-0.07285783824480119,0,1,0.5276847019001758,0.4723152980998242,0.5276847019001758,1.0,scale,0.24935346820757193,390,890,990,1020
2023-12-11,0.0943839997053146,-0.005816621810882827,0,1,0.567384178309123,0.432615821690877,0.567384178309123,1.0,scale,0.24935346820757193,390,890,990,1020
2023-12-12,0.0938350036740303,0.027633565954051642,1,1,0.5375056717340626,0.4624943282659374,0.5375056717340626,1.0,scale,0.24935346820757193,390,890,990,1020
2023-12-13,0.0964279994368553,0.01894679535326871,1,1,0.5266117603535246,0.47338823964647536,0.5266117603535246,1.0,scale,0.24935346820757193,390,890,990,1020
2023-12-14,0.0982550010085105,-0.053442550378715925,0,1,0.5311630518681748,0.4688369481318252,0.5311630518681748,1.0,scale,0.24935346820757193,390,890,990,1020
2023-12-15,0.0930040031671524,0.04356799836190395,1,1,0.5581552676579523,0.4418447323420477,0.5581552676579523,1.0,scale,0.24935346820757193,390,890,990,1020
2023-12-16,0.0970560014247894,-0.04079088415458898,0,1,0.5125235262351291,0.4874764737648709,0.5125235262351291,1.0,scale,0.2460226030198915,420,920,1020,1050
2023-12-17,0.0930970013141632,-0.011396714340181191,0,1,0.6023649503356447,0.39763504966435526,0.6023649503356447,1.0,scale,0.2460226030198915,420,920,1020,1050
2023-12-18,0.0920360013842582,-0.01889481005334559,0,1,0.5793855222506153,0.42061447774938465,0.5793855222506153,1.0,scale,0.2460226030198915,420,920,1020,1050
2023-12-19,0.0902969986200332,0.012403524976117186,1,1,0.568371099310651,0.431628900689349,0.568371099310651,1.0,scale,0.2460226030198915,420,920,1020,1050
2023-12-20,0.0914169996976852,0.03923777944873019,1,1,0.546353736481663,0.45364626351833703,0.546353736481663,1.0,scale,0.2460226030198915,420,920,1020,1050
2023-12-21,0.0950039997696876,0.0020420005268515506,1,1,0.5175525178986792,0.4824474821013208,0.5175525178986792,1.0,scale,0.2460226030198915,420,920,1020,1050
2023-12-22,0.0951979979872703,-0.01718521945904017,0,1,0.5344132339498477,0.46558676605015226,0.5344132339498477,1.0,scale,0.2460226030198915,420,920,1020,1050
2023-12-23,0.0935619994997978,-0.017817066354380295,0,1,0.5505265757252138,0.4494734242747862,0.5505265757252138,1.0,scale,0.2460226030198915,420,920,1020,1050
2023-12-24,0.0918949991464614,0.02779258335821133,1,1,0.5723269248381924,0.42767307516180764,0.5723269248381924,1.0,scale,0.2460226030198915,420,920,1020,1050
2023-12-25,0.0944489985704422,-0.03274779852532983,0,1,0.5163243538381362,0.48367564616186376,0.5163243538381362,1.0,scale,0.2460226030198915,420,920,1020,1050
2023-12-26,0.0913560017943382,0.024333375878097696,1,1,0.5968288067775751,0.4031711932224249,0.5968288067775751,1.0,scale,0.2460226030198915,420,920,1020,1050
2023-12-27,0.09357900172472,-0.018113033949707646,0,1,0.5206287624149312,0.47937123758506883,0.5206287624149312,1.0,scale,0.2460226030198915,420,920,1020,1050
2023-12-28,0.0918840020895004,-0.009207245074016712,0,1,0.5681524608420908,0.4318475391579092,0.5681524608420908,1.0,scale,0.2460226030198915,420,920,1020,1050
2023-12-29,0.0910380035638809,-0.009776155229508032,0,1,0.5628767385729202,0.4371232614270798,0.5628767385729202,1.0,scale,0.2460226030198915,420,920,1020,1050
2023-12-30,0.0901480019092559,-0.007498764407667835,0,1,0.5465673158415383,0.4534326841584617,0.5465673158415383,1.0,scale,0.2460226030198915,420,920,1020,1050
2023-12-31,0.0894720032811164,0.028522835347521536,1,1,0.5641986080894472,0.4358013919105528,0.5641986080894472,1.0,scale,0.2460226030198915,420,920,1020,1050
2024-01-01,0.0920239984989166,-0.008910675614100305,0,1,0.5165710843172681,0.48342891568273194,0.5165710843172681,1.0,scale,0.2460226030198915,420,920,1020,1050
2024-01-02,0.0912040024995803,-0.10045613197536096,0,1,0.5696919280215689,0.43030807197843113,0.5696919280215689,1.0,scale,0.2460226030198915,420,920,1020,1050
2024-01-03,0.0820420011878013,0.025462582678403844,1,1,0.6776217854769232,0.3223782145230768,0.6776217854769232,1.0,scale,0.2460226030198915,420,920,1020,1050
2024-01-04,0.0841310024261474,-0.016141521972618866,0,1,0.5074343591751008,0.4925656408248992,0.5074343591751008,1.0,scale,0.2460226030198915,420,920,1020,1050
2024-01-05,0.0827730000019073,-0.025479306013066916,0,1,0.5647238062340796,0.4352761937659204,0.5647238062340796,1.0,scale,0.2460226030198915,420,920,1020,1050
2024-01-06,0.0806640014052391,-0.03023653265369497,0,1,0.5685442596735601,0.43145574032643985,0.5685442596735601,1.0,scale,0.2460226030198915,420,920,1020,1050
2024-01-07,0.0782250016927719,0.040204560698157144,1,1,0.5847021763965913,0.4152978236034087,0.5847021763965913,1.0,scale,0.2460226030198915,420,920,1020,1050
2024-01-08,0.0813700035214424,-0.025894085656676502,0,1,0.5149959374945078,0.4850040625054922,0.5149959374945078,1.0,scale,0.2460226030198915,420,920,1020,1050
2024-01-09,0.0792630016803741,0.046415096113173515,1,1,0.5861639690847644,0.4138360309152356,0.5861639690847644,1.0,scale,0.2460226030198915,420,920,1020,1050
2024-01-10,0.0829420015215873,0.0202912483301958,1,0,0.4776514527517568,0.5223485472482432,0.5223485472482432,1.0,scale,0.2460226030198915,420,920,1020,1050
2024-01-11,0.0846249982714653,-0.054109308933874445,0,1,0.5103239838484203,0.48967601615157974,0.5103239838484203,1.0,scale,0.2460226030198915,420,920,1020,1050
2024-01-12,0.080045998096466,0.010956205336166924,1,1,0.586673342576681,0.413326657423319,0.586673342576681,1.0,scale,0.2460226030198915,420,920,1020,1050
2024-01-13,0.0809229984879493,-0.011677790717704695,0,1,0.5108786066027982,0.48912139339720184,0.5108786066027982,1.0,scale,0.2460226030198915,420,920,1020,1050
2024-01-14,0.0799779966473579,0.01434146927676383,1,1,0.5674142902135579,0.43258570978644206,0.5674142902135579,1.0,scale,0.2460226030198915,420,920,1020,1050
2024-01-15,0.0811249986290931,0.002280405785489492,1,1,0.5150123539283329,0.4849876460716671,0.5150123539283329,0.1,scale,0.24780063348911527,450,950,1050,1080
2024-01-16,0.0813099965453147,-0.009900356841682778,0,1,0.5322762089790501,0.46772379102094985,0.5322762089790501,0.1,scale,0.24780063348911527,450,950,1050,1080
2024-01-17,0.0805049985647201,-0.03127753882899731,0,1,0.5337703463608672,0.4662296536391328,0.5337703463608672,0.1,scale,0.24780063348911527,450,950,1050,1080
2024-01-18,0.0779870003461837,0.007039583890230627,1,1,0.5602127113178051,0.43978728868219485,0.5602127113178051,0.1,scale,0.24780063348911527,450,950,1050,1080
2024-01-19,0.0785359963774681,0.11907923053796998,1,1,0.5276551669416764,0.47234483305832364,0.5276551669416764,0.1,scale,0.24780063348911527,450,950,1050,1080
2024-01-20,0.0878880023956298,-0.029753831087624416,0,0,0.46371271794985647,0.5362872820501435,0.5362872820501435,0.1,scale,0.24780063348911527,450,950,1050,1080
2024-01-21,0.0852729976177215,-0.057837784185927776,0,1,0.5488363627637857,0.45116363723621433,0.5488363627637857,0.1,scale,0.24780063348911527,450,950,1050,1080
2024-01-22,0.0803409963846206,-0.027221453844902155,0,1,0.5733425593854805,0.4266574406145195,0.5733425593854805,0.1,scale,0.24780063348911527,450,950,1050,1080
2024-01-23,0.0781539976596832,0.011029536537532358,1,1,0.5630843257083208,0.4369156742916792,0.5630843257083208,0.1,scale,0.24780063348911527,450,950,1050,1080
2024-01-24,0.0790160000324249,-0.01370610375067427,0,1,0.530352143684872,0.46964785631512795,0.530352143684872,0.1,scale,0.24780063348911527,450,950,1050,1080
2024-01-25,0.0779329985380172,0.02525250980163518,1,1,0.5499564210279322,0.4500435789720678,0.5499564210279322,0.1,scale,0.24780063348911527,450,950,1050,1080
2024-01-26,0.0799010023474693,0.0030161884445463194,1,1,0.5201893156705375,0.4798106843294625,0.5201893156705375,0.1,scale,0.24780063348911527,450,950,1050,1080
2024-01-27,0.0801419988274574,-0.01658303178633691,0,1,0.5211035414970261,0.4788964585029739,0.5211035414970261,0.1,scale,0.24780063348911527,450,950,1050,1080
2024-01-28,0.0788130015134811,0.03141612739222954,1,1,0.5421791379588369,0.4578208620411631,0.5421791379588369,0.1,scale,0.24780063348911527,450,950,1050,1080
2024-01-29,0.0812890008091926,-0.01926460243299377,0,1,0.5137784880647441,0.48622151193525587,0.5137784880647441,0.1,scale,0.24780063348911527,450,950,1050,1080
2024-01-30,0.0797230005264282,-0.012029169439190635,0,1,0.5303234286920545,0.4696765713079455,0.5303234286920545,0.1,scale,0.24780063348911527,450,950,1050,1080
2024-01-31,0.0787639990448951,0.007147975339414581,1,1,0.532583482670903,0.46741651732909695,0.532583482670903,0.1,scale,0.24780063348911527,450,950,1050,1080
2024-02-01,0.0793270021677017,-0.001185018629503487,0,1,0.5317907367644209,0.4682092632355791,0.5317907367644209,0.1,scale,0.24780063348911527,450,950,1050,1080
2024-02-02,0.0792329981923103,-0.007345356934941649,0,1,0.5377687365269671,0.4622312634730329,0.5377687365269671,0.1,scale,0.24780063348911527,450,950,1050,1080
2024-02-03,0.0786510035395622,-0.005251052943538781,0,1,0.5370490073141921,0.46295099268580786,0.5370490073141921,0.1,scale,0.24780063348911527,450,950,1050,1080
2024-02-04,0.0782380029559135,-0.00023007492576643251,0,1,0.5449912272023655,0.4550087727976345,0.5449912272023655,0.1,scale,0.24780063348911527,450,950,1050,1080
2024-02-05,0.0782200023531913,0.003144922170392306,1,1,0.5425118060333496,0.4574881939666504,0.5425118060333496,0.1,scale,0.24780063348911527,450,950,1050,1080
2024-02-06,0.07846599817276,0.020875318377352237,1,1,0.5298471150485923,0.4701528849514077,0.5298471150485923,0.1,scale,0.24780063348911527,450,950,1050,1080
2024-02-07,0.0801040008664131,-0.0029087436892967222,0,1,0.5210632535941635,0.4789367464058365,0.5210632535941635,0.1,scale,0.24780063348911527,450,950,1050,1080
2024-02-08,0.0798709988594055,0.021384494031027934,1,1,0.5374539004372108,0.46254609956278925,0.5374539004372108,0.1,scale,0.24780063348911527,450,950,1050,1080
2024-02-09,0.0815789997577667,-0.0016057577126965539,0,1,0.5221611516262751,0.4778388483737249,0.5221611516262751,0.1,scale,0.24780063348911527,450,950,1050,1080
2024-02-10,0.0814480036497116,-0.003130875651747189,0,1,0.5287186193792863,0.4712813806207137,0.5287186193792863,0.1,scale,0.24780063348911527,450,950,1050,1080
2024-02-11,0.0811930000782013,0.014188431517571098,1,1,0.5405829530395441,0.45941704696045593,0.5405829530395441,0.1,scale,0.24780063348911527,450,950,1050,1080
2024-02-12,0.082345001399517,-0.015252947410546391,0,1,0.525982294178898,0.47401770582110203,0.525982294178898,0.1,scale,0.24780063348911527,450,950,1050,1080
2024-02-13,0.0810889974236488,0.05492732584982751,1,1,0.5484735642989776,0.45152643570102236,0.5484735642989776,0.1,scale,0.24780063348911527,450,950,1050,1080
2024-02-14,0.0855429992079734,-0.0021860599246414925,0,0,0.44755508004642935,0.5524449199535706,0.5524449199535706,1.0,scale,0.24809462222344197,480,980,1080,1110
2024-02-15,0.0853559970855712,0.0076971703225343635,1,1,0.5479238259434164,0.4520761740565836,0.5479238259434164,1.0,scale,0.24809462222344197,480,980,1080,1110
2024-02-16,0.0860129967331886,-0.028135204832721805,0,1,0.5177805130584254,0.48221948694157457,0.5177805130584254,1.0,scale,0.24809462222344197,480,980,1080,1110
2024-02-17,0.0835930034518241,0.0188173209837057,1,1,0.5936350243043541,0.4063649756956459,0.5936350243043541,1.0,scale,0.24809462222344197,480,980,1080,1110
2024-02-18,0.0851659998297691,0.05061882440815313,1,0,0.49622649012498954,0.5037735098750105,0.5037735098750105,1.0,scale,0.24809462222344197,480,980,1080,1110
2024-02-19,0.089477002620697,-0.03726097889986213,0,0,0.4704638215472324,0.5295361784527677,0.5295361784527677,1.0,scale,0.24809462222344197,480,980,1080,1110
2024-02-20,0.0861430019140243,-0.017737973924395245,0,1,0.6435008565758822,0.3564991434241178,0.6435008565758822,1.0,scale,0.24809462222344197,480,980,1080,1110
2024-02-21,0.0846149995923042,-0.006216345701305692,0,1,0.5634055282376141,0.43659447176238586,0.5634055282376141,1.0,scale,0.24809462222344197,480,980,1080,1110
2024-02-22,0.0840890035033226,0.004102785384141994,1,1,0.5515543407083023,0.44844565929169766,0.5515543407083023,1.0,scale,0.24809462222344197,480,980,1080,1110
2024-02-23,0.0844340026378631,0.020394633506698012,1,1,0.5437767058714201,0.45622329412857987,0.5437767058714201,1.0,scale,0.24809462222344197,480,980,1080,1110
2024-02-24,0.0861560031771659,-0.0006616415576961021,0,0,0.49000155989454697,0.509998440105453,0.509998440105453,1.0,scale,0.24809462222344197,480,980,1080,1110
2024-02-25,0.0860989987850189,0.03821179832627353,1,1,0.5441991012275901,0.4558008987724099,0.5441991012275901,1.0,scale,0.24809462222344197,480,980,1080,1110
2024-02-26,0.0893889963626861,0.09265128957587199,1,0,0.4828867693573003,0.5171132306426998,0.5171132306426998,1.0,scale,0.24809462222344197,480,980,1080,1110
2024-02-27,0.0976710021495819,0.19361935681713138,1,0,0.3975723067029215,0.6024276932970785,0.6024276932970785,1.0,scale,0.24809462222344197,480,980,1080,1110
2024-02-28,0.1165819987654686,0.005172306581086028,1,0,0.3726626636694469,0.6273373363305531,0.6273373363305531,1.0,scale,0.24809462222344197,480,980,1080,1110
2024-02-29,0.1171849966049194,0.19091187454159053,1,1,0.559439429034637,0.44056057096536305,0.559439429034637,1.0,scale,0.24809462222344197,480,980,1080,1110
2024-03-01,0.1395570039749145,0.0183724071892708,1,1,0.541940797094246,0.45805920290575397,0.541940797094246,1.0,scale,0.24809462222344197,480,980,1080,1110
2024-03-02,0.1421210020780563,0.08242972351788613,1,1,0.5962640240150787,0.4037359759849213,0.5962640240150787,1.0,scale,0.24809462222344197,480,980,1080,1110
2024-03-03,0.1538359969854354,0.1889934664302031,1,1,0.5701113502227336,0.4298886497772664,0.5701113502227336,1.0,scale,0.24809462222344197,480,980,1080,1110
2024-03-04,0.1829099953174591,-0.1584003007116488,0,1,0.5462555921714908,0.4537444078285092,0.5462555921714908,1.0,scale,0.24809462222344197,480,980,1080,1110
2024-03-05,0.1539369970560073,0.025036259005703387,1,1,0.7200217451048956,0.2799782548951044,0.7200217451048956,1.0,scale,0.24809462222344197,480,980,1080,1110
2024-03-06,0.1577910035848617,0.0020913810565983404,1,1,0.5101230227223389,0.4898769772776611,0.5101230227223389,1.0,scale,0.24809462222344197,480,980,1080,1110
2024-03-07,0.1581210047006607,0.04569911700908835,1,1,0.5191997628065753,0.4808002371934247,0.5191997628065753,1.0,scale,0.24809462222344197,480,980,1080,1110
2024-03-08,0.1653469949960708,0.08307383873595464,1,0,0.4576691307270196,0.5423308692729805,0.5423308692729805,1.0,scale,0.24809462222344197,480,980,1080,1110
2024-03-09,0.1790830045938491,-0.051166257573915686,0,0,0.44329996699413077,0.5567000330058692,0.5567000330058692,1.0,scale,0.24809462222344197,480,980,1080,1110
2024-03-10,0.1699199974536895,0.07088627709320017,1,1,0.5862412350636861,0.4137587649363139,0.5862412350636861,1.0,scale,0.24809462222344197,480,980,1080,1110
2024-03-11,0.1819649934768676,-0.0759541198336251,0,0,0.39433917500587395,0.605660824994126,0.605660824994126,1.0,scale,0.24809462222344197,480,980,1080,1110
2024-03-12,0.1681440025568008,0.006030510761610097,1,1,0.5767621716645688,0.4232378283354312,0.5767621716645688,1.0,scale,0.24809462222344197,480,980,1080,1110
2024-03-13,0.1691579967737198,0.04830989708334199,1,0,0.4539990777065417,0.5460009222934583,0.5460009222934583,1.0,scale,0.24809462222344197,480,980,1080,1110
2024-03-14,0.1773300021886825,-0.07950714323828179,0,0,0.3889721662940783,0.6110278337059216,0.6110278337059216,1.0,scale,0.24809462222344197,480,980,1080,1110
2024-03-15,0.1632310003042221,-0.12781271044919873,0,1,0.6121603680226436,0.3878396319773564,0.6121603680226436,1.0,scale,0.23976238247003256,510,1010,1110,1140
2024-03-16,0.1423680037260055,0.08402166387294341,1,1,0.7041943320542007,0.2958056679457993,0.7041943320542007,1.0,scale,0.23976238247003256,510,1010,1110,1140
2024-03-17,0.1543300002813339,-0.06905331135895654,0,0,0.39287650353758014,0.6071234964624199,0.6071234964624199,1.0,scale,0.23976238247003256,510,1010,1110,1140
2024-03-18,0.1436730027198791,-0.10402093731707085,0,1,0.6271562923643724,0.3728437076356276,0.6271562923643724,1.0,scale,0.23976238247003256,510,1010,1110,1140
2024-03-19,0.1287280023097992,0.18222922423163412,1,1,0.7336321944430668,0.2663678055569332,0.7336321944430668,1.0,scale,0.23976238247003256,510,1010,1110,1140
2024-03-20,0.1521860063076019,0.02040922233656417,1,0,0.3127110827580118,0.6872889172419883,0.6872889172419883,1.0,scale,0.23976238247003256,510,1010,1110,1140
2024-03-21,0.1552920043468475,-0.016671832284697263,0,0,0.48476929186387413,0.5152307081361258,0.5152307081361258,1.0,scale,0.23976238247003256,510,1010,1110,1140
2024-03-22,0.1527030020952224,0.05936361485110142,1,1,0.5478177975621913,0.4521822024378087,0.5478177975621913,1.0,scale,0.23976238247003256,510,1010,1110,1140
2024-03-23,0.1617680042982101,0.09077808749706495,1,0,0.41374955798200536,0.5862504420179946,0.5862504420179946,1.0,scale,0.23976238247003256,510,1010,1110,1140
2024-03-24,0.1764529943466186,-0.006154594495995314,0,0,0.39242028521004685,0.6075797147899531,0.6075797147899531,1.0,scale,0.23976238247003256,510,1010,1110,1140
2024-03-25,0.175366997718811,0.040594867053909134,1,1,0.512073127197405,0.48792687280259495,0.512073127197405,1.0,scale,0.23976238247003256,510,1010,1110,1140
2024-03-26,0.1824859976768493,0.042984125656885475,1,0,0.45368430653936626,0.5463156934606337,0.5463156934606337,1.0,scale,0.23976238247003256,510,1010,1110,1140
2024-03-27,0.1903299987316131,0.15618136309651032,1,0,0.41231549292001746,0.5876845070799825,0.5876845070799825,1.0,scale,0.23976238247003256,510,1010,1110,1140
2024-03-28,0.2200559973716735,-0.02983333635795049,0,0,0.3870015146259491,0.6129984853740509,0.6129984853740509,1.0,scale,0.23976238247003256,510,1010,1110,1140
2024-03-29,0.2134909927845001,-0.06584350621875767,0,1,0.5523057653994459,0.44769423460055413,0.5523057653994459,1.0,scale,0.23976238247003256,510,1010,1110,1140
2024-03-30,0.1994339972734451,0.10344275451443496,1,1,0.6128809379448754,0.3871190620551246,0.6128809379448754,1.0,scale,0.23976238247003256,510,1010,1110,1140
2024-03-31,0.2200639992952346,-0.06586266682330888,0,0,0.3816500680032755,0.6183499319967245,0.6183499319967245,1.0,scale,0.23976238247003256,510,1010,1110,1140
2024-04-01,0.2055699974298477,-0.11317800664836641,0,1,0.5744074142649374,0.42559258573506265,0.5744074142649374,1.0,scale,0.23976238247003256,510,1010,1110,1140
2024-04-02,0.1823039948940277,-0.03706441623466794,0,1,0.6889672968176446,0.31103270318235543,0.6889672968176446,1.0,scale,0.23976238247003256,510,1010,1110,1140
2024-04-03,0.1755470037460327,0.02494482529140729,1,1,0.59607573990716,0.40392426009284,0.59607573990716,1.0,scale,0.23976238247003256,510,1010,1110,1140
2024-04-04,0.1799259930849075,-0.01338326833892789,0,0,0.4490167300954615,0.5509832699045385,0.5509832699045385,1.0,scale,0.23976238247003256,510,1010,1110,1140
2024-04-05,0.1775179952383041,0.047505038810022215,1,1,0.5205889787207714,0.47941102127922863,0.5205889787207714,1.0,scale,0.23976238247003256,510,1010,1110,1140
2024-04-06,0.1859509944915771,0.07075525524562964,1,0,0.38749065452294984,0.6125093454770502,0.6125093454770502,1.0,scale,0.23976238247003256,510,1010,1110,1140
2024-04-07,0.1991080045700073,0.0177390780600859,1,0,0.33774311201619206,0.662256887983808,0.662256887983808,1.0,scale,0.23976238247003256,510,1010,1110,1140
2024-04-08,0.2026399970054626,-0.06730656948262159,0,0,0.4050275328870958,0.5949724671129042,0.5949724671129042,1.0,scale,0.23976238247003256,510,1010,1110,1140
2024-04-09,0.1890009939670562,0.058110832834922466,1,1,0.5693578201762373,0.43064217982376274,0.5693578201762373,1.0,scale,0.23976238247003256,510,1010,1110,1140
2024-04-10,0.19998399913311,-0.029867371289677203,0,0,0.3359472811021165,0.6640527188978835,0.6640527188978835,1.0,scale,0.23976238247003256,510,1010,1110,1140
2024-04-11,0.1940110027790069,-0.10006652914340541,0,0,0.48329311344646986,0.5167068865535301,0.5167068865535301,1.0,scale,0.23976238247003256,510,1010,1110,1140
2024-04-12,0.1745969951152801,-0.12273408411671005,0,1,0.6927627869031995,0.3072372130968005,0.6927627869031995,1.0,scale,0.23976238247003256,510,1010,1110,1140
2024-04-13,0.1531679928302765,0.059522926997265246,1,1,0.7495192942099669,0.2504807057900331,0.7495192942099669,1.0,scale,0.23976238247003256,510,1010,1110,1140
2024-04-14,0.1622850000858307,-0.005644416800220764,0,0,0.4358559104719822,0.5641440895280179,0.5641440895280179,1.0,scale,0.2398825045591634,540,1040,1140,1170
2024-04-15,0.1613689959049224,-0.03333967416146377,0,1,0.5276395620569491,0.47236043794305094,0.5276395620569491,1.0,scale,0.2398825045591634,540,1040,1140,1170
2024-04-16,0.1559890061616897,-0.05374740465092276,0,1,0.5749662919232909,0.42503370807670915,0.5749662919232909,1.0,scale,0.2398825045591634,540,1040,1140,1170
2024-04-17,0.1476050019264221,0.03281051816729175,1,1,0.6225837557975047,0.3774162442024953,0.6225837557975047,1.0,scale,0.2398825045591634,540,1040,1140,1170
2024-04-18,0.1524479985237121,0.02505773848133419,1,0,0.46617169909722406,0.533828300902776,0.533828300902776,1.0,scale,0.2398825045591634,540,1040,1140,1170
2024-04-19,0.1562680006027221,0.0419727608590017,1,0,0.4678347582122401,0.5321652417877599,0.5321652417877599,1.0,scale,0.2398825045591634,540,1040,1140,1170
2024-04-20,0.1628270000219345,-0.028048157179352273,0,0,0.4091189309533817,0.5908810690466183,0.5908810690466183,1.0,scale,0.2398825045591634,540,1040,1140,1170
2024-04-21,0.1582600027322769,0.01853907421288481,1,1,0.5256752073389874,0.4743247926610126,0.5256752073389874,1.0,scale,0.2398825045591634,540,1040,1140,1170
2024-04-22,0.1611939966678619,-0.007754623830580454,0,0,0.4465078243734533,0.5534921756265467,0.5534921756265467,1.0,scale,0.2398825045591634,540,1040,1140,1170
2024-04-23,0.1599439978599548,-0.053706284715558494,0,0,0.4959168772673864,0.5040831227326136,0.5040831227326136,1.0,scale,0.2398825045591634,540,1040,1140,1170
2024-04-24,0.1513539999723434,0.0002642461821400488,1,1,0.6056707955064741,0.39432920449352593,0.6056707955064741,1.0,scale,0.2398825045591634,540,1040,1140,1170
2024-04-25,0.1513939946889877,-0.023494964851451527,0,0,0.49948494642048297,0.5005150535795171,0.5005150535795171,1.0,scale,0.2398825045591634,540,1040,1140,1170
2024-04-26,0.1478369981050491,-0.0008184516084941418,0,1,0.5562841390107969,0.4437158609892031,0.5562841390107969,1.0,scale,0.2398825045591634,540,1040,1140,1170
2024-04-27,0.1477160006761551,-0.006884861807961662,0,1,0.5331997295153956,0.4668002704846044,0.5331997295153956,1.0,scale,0.2398825045591634,540,1040,1140,1170
2024-04-28,0.146698996424675,-0.021861077362340886,0,1,0.5298621127701809,0.4701378872298191,0.5298621127701809,1.0,scale,0.2398825045591634,540,1040,1140,1170
2024-04-29,0.1434919983148574,-0.07084012447057686,0,1,0.5819399592824669,0.4180600407175331,0.5819399592824669,1.0,scale,0.2398825045591634,540,1040,1140,1170
2024-04-30,0.1333270072937011,-0.023948680648194887,0,1,0.6724228043584587,0.3275771956415413,0.6724228043584587,1.0,scale,0.2398825045591634,540,1040,1140,1170
2024-05-01,0.1301340013742447,0.015153647397357917,1,1,0.6232155502927719,0.37678444970722813,0.6232155502927719,1.0,scale,0.2398825045591634,540,1040,1140,1170
2024-05-02,0.1321060061454773,0.10627823590906038,1,1,0.5235514050992274,0.4764485949007726,0.5235514050992274,1.0,scale,0.2398825045591634,540,1040,1140,1170
2024-05-03,0.1461459994316101,0.0958698539880738,1,0,0.360692727509992,0.639307272490008,0.639307272490008,1.0,scale,0.2398825045591634,540,1040,1140,1170
2024-05-04,0.1601569950580597,0.005688245409311898,1,0,0.39497414234964695,0.6050258576503531,0.6050258576503531,1.0,scale,0.2398825045591634,540,1040,1140,1170
2024-05-05,0.1610680073499679,-0.027690210027836448,0,0,0.49555647183994456,0.5044435281600554,0.5044435281600554,1.0,scale,0.2398825045591634,540,1040,1140,1170
2024-05-06,0.1566080003976822,-0.04098133311004948,0,1,0.5585878694326133,0.4414121305673867,0.5585878694326133,1.0,scale,0.2398825045591634,540,1040,1140,1170
2024-05-07,0.150189995765686,-0.04591510336260851,0,1,0.5808039022911199,0.4191960977088801,0.5808039022911199,1.0,scale,0.2398825045591634,540,1040,1140,1170
2024-05-08,0.1432940065860748,0.061572655090347705,1,1,0.6233058660492129,0.3766941339507871,0.6233058660492129,1.0,scale,0.2398825045591634,540,1040,1140,1170
2024-05-09,0.1521169990301132,-0.05315642541009613,0,0,0.4221963059620058,0.5778036940379943,0.5778036940379943,1.0,scale,0.2398825045591634,540,1040,1140,1170
2024-05-10,0.1440310031175613,-0.007685895683079758,0,1,0.6329231329117277,0.36707686708827225,0.6329231329117277,1.0,scale,0.2398825045591634,540,1040,1140,1170
2024-05-11,0.1429239958524704,-0.011845424688423534,0,1,0.5302251315300867,0.46977486846991334,0.5302251315300867,1.0,scale,0.2398825045591634,540,1040,1140,1170
2024-05-12,0.1412310004234314,0.05100153494694748,1,1,0.5556394080194176,0.4443605919805824,0.5556394080194176,1.0,scale,0.2398825045591634,540,1040,1140,1170
2024-05-13,0.1484339982271194,-0.020312035543376794,0,0,0.48195761323446057,0.5180423867655395,0.5180423867655395,1.0,scale,0.2398825045591634,540,1040,1140,1170
2024-05-14,0.1454190015792846,0.06950257938801352,1,1,0.5490662780837097,0.45093372191629033,0.5490662780837097,10.0,scale,0.24297987428315834,570,1070,1170,1200
2024-05-15,0.1555259972810745,-0.03786504257426815,0,0,0.41867186199040823,0.5813281380095918,0.5813281380095918,10.0,scale,0.24297987428315834,570,1070,1170,1200
2024-05-16,0.1496369987726211,0.03960249230006596,1,1,0.550940864581297,0.449059135418703,0.550940864581297,10.0,scale,0.24297987428315834,570,1070,1170,1200
2024-05-17,0.1555629968643188,-0.01598060319228911,0,0,0.42547360993548566,0.5745263900645143,0.5745263900645143,10.0,scale,0.24297987428315834,570,1070,1170,1200
2024-05-18,0.1530770063400268,-0.02593473810122726,0,0,0.47430129593810016,0.5256987040618999,0.5256987040618999,10.0,scale,0.24297987428315834,570,1070,1170,1200
2024-05-19,0.1491069942712783,0.11120201958726228,1,1,0.5331096514739168,0.46689034852608324,0.5331096514739168,10.0,scale,0.24297987428315834,570,1070,1170,1200
2024-05-20,0.1656879931688308,0.028885615452212132,1,0,0.3158691561639114,0.6841308438360886,0.6841308438360886,10.0,scale,0.24297987428315834,570,1070,1170,1200
2024-05-21,0.1704739928245544,-0.025288287491359474,0,0,0.4733952350764771,0.5266047649235228,0.5266047649235228,10.0,scale,0.24297987428315834,570,1070,1170,1200
2024-05-22,0.1661629974842071,-0.03941911988241387,0,1,0.5546453076601117,0.44535469233988834,0.5546453076601117,10.0,scale,0.24297987428315834,570,1070,1170,1200
2024-05-23,0.1596129983663559,0.026250981776784865,1,1,0.5547667943254377,0.44523320567456226,0.5547667943254377,10.0,scale,0.24297987428315834,570,1070,1170,1200
2024-05-24,0.1638029962778091,0.06200743716268886,1,0,0.4439415284504841,0.5560584715495158,0.5560584715495158,10.0,scale,0.24297987428315834,570,1070,1170,1200
2024-05-25,0.1739600002765655,-0.0444930204557753,0,0,0.41131929255134336,0.5886807074486566,0.5886807074486566,10.0,scale,0.24297987428315834,570,1070,1170,1200
2024-05-26,0.1662199944257736,0.017266324423445,1,1,0.5946953794805707,0.4053046205194293,0.5946953794805707,10.0,scale,0.24297987428315834,570,1070,1170,1200
2024-05-27,0.1690900027751922,-0.024413087782457876,0,0,0.45431931102098627,0.5456806889790138,0.5456806889790138,10.0,scale,0.24297987428315834,570,1070,1170,1200
2024-05-28,0.1649619936943054,-0.007680563288882114,0,1,0.5141428156848294,0.48585718431517055,0.5141428156848294,10.0,scale,0.24297987428315834,570,1070,1170,1200
2024-05-29,0.1636949926614761,-0.02535805527070778,0,0,0.4978256680608382,0.5021743319391618,0.5021743319391618,10.0,scale,0.24297987428315834,570,1070,1170,1200
2024-05-30,0.1595440059900283,-0.0025573426724297965,0,1,0.5360689399480888,0.4639310600519112,0.5360689399480888,10.0,scale,0.24297987428315834,570,1070,1170,1200
2024-05-31,0.1591359972953796,0.006686120877544388,1,0,0.48055659028279,0.51944340971721,0.51944340971721,10.0,scale,0.24297987428315834,570,1070,1170,1200
2024-06-01,0.1601999998092651,-0.01872030464596275,0,0,0.43882538862124015,0.5611746113787599,0.5611746113787599,10.0,scale,0.24297987428315834,570,1070,1170,1200
2024-06-02,0.1572010070085525,0.006876481634673581,1,1,0.533612578651627,0.46638742134837297,0.533612578651627,10.0,scale,0.24297987428315834,570,1070,1170,1200
2024-06-03,0.158281996846199,0.02001492168469121,1,0,0.49564444967953375,0.5043555503204662,0.5043555503204662,10.0,scale,0.24297987428315834,570,1070,1170,1200
2024-06-04,0.1614499986171722,0.011056024859327218,1,0,0.42260044078887626,0.5773995592111237,0.5773995592111237,10.0,scale,0.24297987428315834,570,1070,1170,1200
2024-06-05,0.163234993815422,-0.018843919607577364,0,0,0.46327455167104664,0.5367254483289534,0.5367254483289534,10.0,scale,0.24297987428315834,570,1070,1170,1200
2024-06-06,0.1601590067148208,-0.07402646182032901,0,1,0.5338375128195455,0.4661624871804545,0.5338375128195455,10.0,scale,0.24297987428315834,570,1070,1170,1200
2024-06-07,0.1483030021190643,-0.015131154693027171,0,1,0.6596442460388563,0.3403557539611437,0.6596442460388563,10.0,scale,0.24297987428315834,570,1070,1170,1200
2024-06-08,0.1460590064525604,0.004895196357750375,1,1,0.5151216406655565,0.48487835933444345,0.5151216406655565,10.0,scale,0.24297987428315834,570,1070,1170,1200
2024-06-09,0.1467739939689636,-0.013857997229598351,0,0,0.4933268224136759,0.506673177586324,0.506673177586324,10.0,scale,0.24297987428315834,570,1070,1170,1200
2024-06-10,0.1447400003671646,-0.04584768344802659,0,1,0.5633763597850108,0.43662364021498923,0.5633763597850108,10.0,scale,0.24297987428315834,570,1070,1170,1200
2024-06-11,0.1381040066480636,0.058593420826471565,1,1,0.6357995996290556,0.36420040037094437,0.6357995996290556,10.0,scale,0.24297987428315834,570,1070,1170,1200
2024-06-12,0.1461959928274154,-0.035130909066075855,0,0,0.4012024978940245,0.5987975021059755,0.5987975021059755,10.0,scale,0.24297987428315834,570,1070,1170,1200
2024-06-13,0.1410599946975708,-0.043173121371895884,0,1,0.5667754199321984,0.4332245800678016,0.5667754199321984,1.0,0.01,0.24184893331596446,600,1100,1200,1230
2024-06-14,0.1349699944257736,0.011824878393293048,1,1,0.5976885574393235,0.4023114425606765,0.5976885574393235,1.0,0.01,0.24184893331596446,600,1100,1200,1230
2024-06-15,0.1365659981966018,0.0027167019338911746,1,1,0.5196089343380007,0.4803910656619993,0.5196089343380007,1.0,0.01,0.24184893331596446,600,1100,1200,1230
2024-06-16,0.1369370073080063,-0.05877164260327927,0,1,0.5277671327155945,0.4722328672844055,0.5277671327155945,1.0,0.01,0.24184893331596446,600,1100,1200,1230
2024-06-17,0.1288889944553375,-0.051152516522740776,0,1,0.6555460618488478,0.3444539381511522,0.6555460618488478,1.0,0.01,0.24184893331596446,600,1100,1200,1230
2024-06-18,0.1222959980368614,0.00036797203120109145,1,1,0.6491605390433511,0.35083946095664886,0.6491605390433511,1.0,0.01,0.24184893331596446,600,1100,1200,1230
2024-06-19,0.1223409995436668,0.016985345788705253,1,1,0.5624999406162906,0.4375000593837094,0.5624999406162906,1.0,0.01,0.24184893331596446,600,1100,1200,1230
2024-06-20,0.1244190037250518,-0.0031345745398165814,0,1,0.5410464273555357,0.45895357264446435,0.5410464273555357,1.0,0.01,0.24184893331596446,600,1100,1200,1230
2024-06-21,0.1240290030837059,-0.001935076045130546,0,1,0.5427306907448456,0.4572693092551544,0.5427306907448456,1.0,0.01,0.24184893331596446,600,1100,1200,1230
2024-06-22,0.1237889975309372,-0.01237586428096904,0,1,0.5303061313197577,0.4696938686802423,0.5303061313197577,1.0,0.01,0.24184893331596446,600,1100,1200,1230
2024-06-23,0.1222570016980171,-0.02628889643079424,0,1,0.5630691890595768,0.4369308109404232,0.5630691890595768,1.0,0.01,0.24184893331596446,600,1100,1200,1230
2024-06-24,0.1190430000424385,0.05972637706310402,1,1,0.6042998396993523,0.3957001603006477,0.6042998396993523,1.0,0.01,0.24184893331596446,600,1100,1200,1230
2024-06-25,0.1261530071496963,-0.027538024222816593,0,0,0.4426045345952013,0.5573954654047987,0.5573954654047987,1.0,0.01,0.24184893331596446,600,1100,1200,1230
2024-06-26,0.1226790025830268,0.03449650506747526,1,1,0.5585702766512858,0.4414297233487142,0.5585702766512858,1.0,0.01,0.24184893331596446,600,1100,1200,1230
2024-06-27,0.126910999417305,-0.03247942637967394,0,0,0.4777460812712733,0.5222539187287267,0.5222539187287267,1.0,0.01,0.24184893331596446,600,1100,1200,1230
2024-06-28,0.1227890029549598,-0.008877057504640962,0,1,0.5675578664584239,0.4324421335415761,0.5675578664584239,1.0,0.01,0.24184893331596446,600,1100,1200,1230
2024-06-29,0.1216989979147911,0.021413524525254024,1,1,0.5303589648548283,0.46964103514517175,0.5303589648548283,1.0,0.01,0.24184893331596446,600,1100,1200,1230
2024-06-30,0.1243050023913383,-0.00694260676513081,0,1,0.5060850082180212,0.49391499178197884,0.5060850082180212,1.0,0.01,0.24184893331596446,600,1100,1200,1230
2024-07-01,0.1234420016407966,0.01275094526501408,1,1,0.5444209843242518,0.4555790156757482,0.5444209843242518,1.0,0.01,0.24184893331596446,600,1100,1200,1230
2024-07-02,0.1250160038471222,-0.0523533549900943,0,0,0.49466056323318347,0.5053394367668165,0.5053394367668165,1.0,0.01,0.24184893331596446,600,1100,1200,1230
2024-07-03,0.1184709966182708,-0.11466093634401286,0,1,0.6149241320862674,0.3850758679137326,0.6149241320862674,1.0,0.01,0.24184893331596446,600,1100,1200,1230
2024-07-04,0.1048870012164115,0.006740592121082356,1,1,0.7344741303711094,0.2655258696288906,0.7344741303711094,1.0,0.01,0.24184893331596446,600,1100,1200,1230
2024-07-05,0.1055940017104148,0.07596072615394855,1,1,0.5988503134992348,0.4011496865007652,0.5988503134992348,1.0,0.01,0.24184893331596446,600,1100,1200,1230
2024-07-06,0.1136149987578392,-0.082585930872068,0,0,0.46128020388655905,0.5387197961134409,0.5387197961134409,1.0,0.01,0.24184893331596446,600,1100,1200,1230
2024-07-07,0.1042319983243942,0.032130236196675765,1,1,0.6671752832818247,0.33282471671817526,0.6671752832818247,1.0,0.01,0.24184893331596446,600,1100,1200,1230
2024-07-08,0.1075809970498085,-0.0006320261049087561,0,1,0.5393707702742251,0.4606292297257749,0.5393707702742251,1.0,0.01,0.24184893331596446,600,1100,1200,1230
2024-07-09,0.1075130030512809,0.00473425399360039,1,1,0.5572359716906462,0.4427640283093538,0.5572359716906462,1.0,0.01,0.24184893331596446,600,1100,1200,1230
2024-07-10,0.1080219969153404,-0.012543739969198553,0,1,0.5440615243264324,0.4559384756735676,0.5440615243264324,1.0,0.01,0.24184893331596446,600,1100,1200,1230
2024-07-11,0.1066669970750808,0.009543745086997735,1,1,0.5637796094330079,0.43622039056699213,0.5637796094330079,1.0,0.01,0.24184893331596446,600,1100,1200,1230
2024-07-12,0.1076849997043609,0.04337651443593704,1,1,0.5300144630712463,0.46998553692875367,0.5300144630712463,1.0,0.01,0.24184893331596446,600,1100,1200,1230
2024-07-13,0.112355999648571,0.02752854129533122,1,0,0.44039986760328925,0.5596001323967108,0.5596001323967108,1.0,0.01,0.24652515142204057,630,1130,1230,1260
2024-07-14,0.1154489964246749,0.08470412516000048,1,0,0.44511292091827276,0.5548870790817273,0.5548870790817273,1.0,0.01,0.24652515142204057,630,1130,1230,1260
2024-07-15,0.125228002667427,-0.0023716939343347843,0,0,0.36252122521566005,0.63747877478434,0.63747877478434,1.0,0.01,0.24652515142204057,630,1130,1230,1260
2024-07-16,0.1249310001730918,-0.024389438068028735,0,0,0.4649502119732712,0.5350497880267289,0.5350497880267289,1.0,0.01,0.24652515142204057,630,1130,1230,1260
2024-07-17,0.1218840032815933,-0.01959240280912178,0,1,0.5031419164470983,0.49685808355290173,0.5031419164470983,1.0,0.01,0.24652515142204057,630,1130,1230,1260
2024-07-18,0.119496002793312,0.05007693371479949,1,1,0.5054015144126303,0.49459848558736974,0.5054015144126303,1.0,0.01,0.24652515142204057,630,1130,1230,1260
2024-07-19,0.1254799962043762,0.07132618913597466,1,0,0.41133548943628634,0.5886645105637136,0.5886645105637136,1.0,0.01,0.24652515142204057,630,1130,1230,1260
2024-07-20,0.1344300061464309,0.042691276175823134,1,0,0.3745533056744426,0.6254466943255574,0.6254466943255574,1.0,0.01,0.24652515142204057,630,1130,1230,1260
2024-07-21,0.1401689946651458,-0.016323144793719546,0,0,0.40240793094702865,0.5975920690529714,0.5975920690529714,1.0,0.01,0.24652515142204057,630,1130,1230,1260
2024-07-22,0.1378809958696365,-0.054322164711975485,0,0,0.47066322855765336,0.5293367714423467,0.5293367714423467,1.0,0.01,0.24652515142204057,630,1130,1230,1260
2024-07-23,0.1303910017013549,-0.01766229444349421,0,1,0.5389106418861708,0.46108935811382923,0.5389106418861708,1.0,0.01,0.24652515142204057,630,1130,1230,1260
2024-07-24,0.1280879974365234,-0.02238303644553663,0,1,0.504220536853322,0.495779463146678,0.504220536853322,1.0,0.01,0.24652515142204057,630,1130,1230,1260
2024-07-25,0.1252209991216659,0.07264751966427108,1,1,0.5208524523570032,0.47914754764299683,0.5208524523570032,1.0,0.01,0.24652515142204057,630,1130,1230,1260
2024-07-26,0.1343179941177368,-0.02029503674757538,0,0,0.38721750835706825,0.6127824916429317,0.6127824916429317,1.0,0.01,0.24652515142204057,630,1130,1230,1260
2024-07-27,0.1315920054912567,-0.01152815256273687,0,1,0.5000637033193436,0.4999362966806564,0.5000637033193436,1.0,0.01,0.24652515142204057,630,1130,1230,1260
2024-07-28,0.130074992775917,-0.0107706504100894,0,0,0.4896716885704065,0.5103283114295936,0.5103283114295936,1.0,0.01,0.24652515142204057,630,1130,1230,1260
2024-07-29,0.1286740005016327,-0.023928665644644465,0,0,0.49675524286801637,0.5032447571319836,0.5032447571319836,1.0,0.01,0.24652515142204057,630,1130,1230,1260
2024-07-30,0.1255950033664703,-0.028512299523357654,0,1,0.5178338964246049,0.48216610357539513,0.5178338964246049,1.0,0.01,0.24652515142204057,630,1130,1230,1260
2024-07-31,0.1220140010118484,-0.022767888165206807,0,1,0.5322700721119821,0.4677299278880179,0.5322700721119821,1.0,0.01,0.24652515142204057,630,1130,1230,1260
2024-08-01,0.1192359998822212,-0.06481266541215625,0,1,0.5334654268156409,0.4665345731843591,0.5334654268156409,1.0,0.01,0.24652515142204057,630,1130,1230,1260
2024-08-02,0.1115079969167709,-0.029944041132273336,0,1,0.5952993045649954,0.40470069543500464,0.5952993045649954,1.0,0.01,0.24652515142204057,630,1130,1230,1260
2024-08-03,0.1081689968705177,-0.04100984440423305,0,1,0.5703760067232468,0.42962399327675316,0.5703760067232468,1.0,0.01,0.24652515142204057,630,1130,1230,1260
2024-08-04,0.1037330031394958,-0.08897845894305179,0,1,0.592555486568927,0.407444513431073,0.592555486568927,1.0,0.01,0.24652515142204057,630,1130,1230,1260
2024-08-05,0.0945030003786087,0.019766590575921228,1,1,0.6591116177280324,0.3408883822719676,0.6591116177280324,1.0,0.01,0.24652515142204057,630,1130,1230,1260
2024-08-06,0.0963710024952888,-0.008882388199739188,0,1,0.5284272905272398,0.4715727094727602,0.5284272905272398,1.0,0.01,0.24652515142204057,630,1130,1230,1260
2024-08-07,0.0955149978399276,0.12447263242517081,1,1,0.558396688525741,0.441603311474259,0.558396688525741,1.0,0.01,0.24652515142204057,630,1130,1230,1260
2024-08-08,0.1074040010571479,-0.031935508955936776,0,0,0.3596097550586394,0.6403902449413605,0.6403902449413605,1.0,0.01,0.24652515142204057,630,1130,1230,1260
2024-08-09,0.1039739996194839,0.011810618499803027,1,1,0.5465952182187784,0.45340478178122157,0.5465952182187784,1.0,0.01,0.24652515142204057,630,1130,1230,1260
2024-08-10,0.1052019968628883,-0.044067577183044104,0,0,0.48922869474146813,0.5107713052585319,0.5107713052585319,1.0,0.01,0.24652515142204057,630,1130,1230,1260
2024-08-11,0.1005659997463226,0.07160472790259731,1,1,0.5785256858095253,0.42147431419047465,0.5785256858095253,1.0,0.01,0.24652515142204057,630,1130,1230,1260
2024-08-12,0.1077670007944107,-0.012536294677591764,0,0,0.39639942476264795,0.6036005752373521,0.6036005752373521,1.0,0.01,0.24842612672911144,660,1160,1260,1290
2024-08-13,0.1064160019159317,-0.036282162029401155,0,0,0.47812910255410357,0.5218708974458964,0.5218708974458964,1.0,0.01,0.24842612672911144,660,1160,1260,1290
2024-08-14,0.1025549992918968,-0.02230996841994215,0,1,0.5132866136523745,0.4867133863476255,0.5132866136523745,1.0,0.01,0.24842612672911144,660,1160,1260,1290
2024-08-15,0.1002670004963874,0.001715386440488853,1,1,0.5010290965888159,0.4989709034111841,0.5010290965888159,1.0,0.01,0.24842612672911144,660,1160,1260,1290
2024-08-16,0.1004389971494674,0.02305882768350087,1,0,0.4740275970902903,0.5259724029097097,0.5259724029097097,1.0,0.01,0.24842612672911144,660,1160,1260,1290
2024-08-17,0.1027550026774406,-0.025137506368938856,0,0,0.4436229920064619,0.5563770079935382,0.5563770079935382,1.0,0.01,0.24842612672911144,660,1160,1260,1290
2024-08-18,0.1001719981431961,0.013297128166023908,1,0,0.4945890426589997,0.5054109573410003,0.5054109573410003,1.0,0.01,0.24842612672911144,660,1160,1260,1290
2024-08-19,0.1015039980411529,0.01474819203918809,1,0,0.4454277295233907,0.5545722704766093,0.5545722704766093,1.0,0.01,0.24842612672911144,660,1160,1260,1290
2024-08-20,0.1030009984970092,0.030640468846748536,1,0,0.43994952123149766,0.5600504787685023,0.5600504787685023,1.0,0.01,0.24842612672911144,660,1160,1260,1290
2024-08-21,0.1061569973826408,-0.007997528942527588,0,0,0.4165521189239287,0.5834478810760713,0.5834478810760713,1.0,0.01,0.24842612672911144,660,1160,1260,1290
2024-08-22,0.1053080037236213,0.07234961495170489,1,0,0.46617130126383516,0.5338286987361649,0.5338286987361649,1.0,0.01,0.24842612672911144,660,1160,1260,1290
2024-08-23,0.112926997244358,-0.0026211328838762205,0,0,0.36684216508800727,0.6331578349119927,0.6331578349119927,1.0,0.01,0.24842612672911144,660,1160,1260,1290
2024-08-24,0.1126310005784034,-0.026040814636321352,0,0,0.4436761268571645,0.5563238731428355,0.5563238731428355,1.0,0.01,0.24842612672911144,660,1160,1260,1290
2024-08-25,0.1096979975700378,-0.0401647959957121,0,0,0.47456299610063485,0.5254370038993652,0.5254370038993652,1.0,0.01,0.24842612672911144,660,1160,1260,1290
2024-08-26,0.1052919998764991,-0.05922578977024795,0,1,0.5099335225461112,0.49006647745388876,0.5099335225461112,1.0,0.01,0.24842612672911144,660,1160,1260,1290
2024-08-27,0.0990559980273246,0.005764467147261421,1,1,0.544106099127317,0.455893900872683,0.544106099127317,1.0,0.01,0.24842612672911144,660,1160,1260,1290
2024-08-28,0.0996270030736923,0.008009820733473783,1,0,0.47667403552900944,0.5233259644709906,0.5233259644709906,1.0,0.01,0.24842612672911144,660,1160,1260,1290
2024-08-29,0.1004249975085258,0.01611157954167375,1,0,0.46731615361461587,0.5326838463853841,0.5326838463853841,1.0,0.01,0.24842612672911144,660,1160,1260,1290
2024-08-30,0.1020430028438568,-0.006967664964464548,0,0,0.4469836393193841,0.5530163606806159,0.5530163606806159,1.0,0.01,0.24842612672911144,660,1160,1260,1290
2024-08-31,0.1013320013880729,-0.058994227513282094,0,0,0.4700116310715008,0.5299883689284992,0.5299883689284992,1.0,0.01,0.24842612672911144,660,1160,1260,1290
2024-09-01,0.0953539982438087,0.039442508972162615,1,1,0.5343465441470197,0.46565345585298035,0.5343465441470197,1.0,0.01,0.24842612672911144,660,1160,1260,1290
2024-09-02,0.0991149991750717,-0.024173963898342254,0,0,0.4281958190511412,0.5718041809488588,0.5718041809488588,1.0,0.01,0.24842612672911144,660,1160,1260,1290
2024-09-03,0.0967189967632293,0.013503084874332716,1,0,0.4956323591288765,0.5043676408711235,0.5043676408711235,1.0,0.01,0.24842612672911144,660,1160,1260,1290
2024-09-04,0.0980250015854835,0.0028972326100493717,1,0,0.45981712099528854,0.5401828790047114,0.5401828790047114,1.0,0.01,0.24842612672911144,660,1160,1260,1290
2024-09-05,0.0983090028166771,-0.05925200444326184,0,0,0.468303237496205,0.5316967625037949,0.5316967625037949,1.0,0.01,0.24842612672911144,660,1160,1260,1290
2024-09-06,0.0924839973449707,0.030026846065799084,1,1,0.5485461468474077,0.45145385315259234,0.5485461468474077,1.0,0.01,0.24842612672911144,660,1160,1260,1290
2024-09-07,0.0952610000967979,0.008597407340927399,1,0,0.4592981036159095,0.5407018963840905,0.5407018963840905,1.0,0.01,0.24842612672911144,660,1160,1260,1290
2024-09-08,0.0960799977183342,0.08065152878426551,1,0,0.4750732189996193,0.5249267810003807,0.5249267810003807,1.0,0.01,0.24842612672911144,660,1160,1260,1290
2024-09-09,0.1038289964199066,-0.010758059233800354,0,0,0.3766215171493662,0.6233784828506338,0.6233784828506338,1.0,0.01,0.24842612672911144,660,1160,1260,1290
2024-09-10,0.1027119979262352,-0.012987739314689661,0,0,0.46523907137446907,0.5347609286255309,0.5347609286255309,1.0,0.01,0.24842612672911144,660,1160,1260,1290
2024-09-11,0.1013780012726783,0.014016818889188931,1,0,0.4797476080230376,0.5202523919769624,0.5202523919769624,1.0,0.01,0.2418481249078288,690,1190,1290,1320
2024-09-12,0.1027989983558654,0.04197515366609905,1,0,0.4401389214005578,0.5598610785994422,0.5598610785994422,1.0,0.01,0.2418481249078288,690,1190,1290,1320
2024-09-13,0.1071140021085739,-0.015376168965703929,0,0,0.3889719483466027,0.6110280516533972,0.6110280516533972,1.0,0.01,0.2418481249078288,690,1190,1290,1320
2024-09-14,0.1054669991135597,-0.02402649252331679,0,0,0.4780558746756797,0.5219441253243202,0.5219441253243202,1.0,0.01,0.2418481249078288,690,1190,1290,1320
2024-09-15,0.1029329970479011,-0.03147675501737823,0,1,0.503149738411079,0.496850261588921,0.503149738411079,1.0,0.01,0.2418481249078288,690,1190,1290,1320
2024-09-16,0.0996930003166198,0.01448443743195349,1,1,0.5245449765527392,0.47545502344726076,0.5245449765527392,1.0,0.01,0.2418481249078288,690,1190,1290,1320
2024-09-17,0.1011369973421096,0.02420479229324579,1,0,0.4520897354668449,0.5479102645331551,0.5479102645331551,1.0,0.01,0.2418481249078288,690,1190,1290,1320
2024-09-18,0.1035849973559379,0.013959562374671552,1,0,0.4292944210086572,0.5707055789913428,0.5707055789913428,1.0,0.01,0.2418481249078288,690,1190,1290,1320
2024-09-19,0.1050309985876083,0.004189253588452679,1,0,0.4377955609258338,0.5622044390741662,0.5622044390741662,1.0,0.01,0.2418481249078288,690,1190,1290,1320
2024-09-20,0.1054710000753402,0.04340531325131214,1,0,0.4478156032754177,0.5521843967245823,0.5521843967245823,1.0,0.01,0.2418481249078288,690,1190,1290,1320
2024-09-21,0.1100490018725395,-0.033712270388185805,0,0,0.38264181249051854,0.6173581875094815,0.6173581875094815,1.0,0.01,0.2418481249078288,690,1190,1290,1320
2024-09-22,0.1063390001654625,0.017086890883560635,1,1,0.5054648012077918,0.4945351987922082,0.5054648012077918,1.0,0.01,0.2418481249078288,690,1190,1290,1320
2024-09-23,0.1081560030579567,0.014969083701093622,1,0,0.433580238115299,0.566419761884701,0.566419761884701,1.0,0.01,0.2418481249078288,690,1190,1290,1320
2024-09-24,0.109774999320507,-0.011578246435683281,0,0,0.434808215862996,0.565191784137004,0.565191784137004,1.0,0.01,0.2418481249078288,690,1190,1290,1320
2024-09-25,0.1085039973258972,0.08913958234339203,1,0,0.47820371039516196,0.521796289604838,0.521796289604838,1.0,0.01,0.2418481249078288,690,1190,1290,1320
2024-09-26,0.1181759983301162,0.0468623217471138,1,0,0.3156992391621268,0.6843007608378733,0.6843007608378733,1.0,0.01,0.2418481249078288,690,1190,1290,1320
2024-09-27,0.1237139999866485,0.040068265371091094,1,0,0.3653096668445105,0.6346903331554895,0.6346903331554895,1.0,0.01,0.2418481249078288,690,1190,1290,1320
2024-09-28,0.1286710053682327,-0.031063762273500606,0,0,0.3688459763231491,0.6311540236768509,0.6311540236768509,1.0,0.01,0.2418481249078288,690,1190,1290,1320
2024-09-29,0.1246739998459816,-0.08218234111879208,0,0,0.4789948070744195,0.5210051929255806,0.5210051929255806,1.0,0.01,0.2418481249078288,690,1190,1290,1320
2024-09-30,0.1144279986619949,-0.06453840557260826,0,1,0.5802270128868703,0.4197729871131297,0.5802270128868703,1.0,0.01,0.2418481249078288,690,1190,1290,1320
2024-10-01,0.1070429980754852,-0.021337199768247883,0,1,0.5833491989129713,0.4166508010870287,0.5833491989129713,1.0,0.01,0.2418481249078288,690,1190,1290,1320
2024-10-02,0.1047590002417564,0.0032455425708088903,1,1,0.5314762753880509,0.46852372461194913,0.5314762753880509,1.0,0.01,0.2418481249078288,690,1190,1290,1320
2024-10-03,0.1050990000367164,0.03962931342920051,1,0,0.4883310577910066,0.5116689422089934,0.5116689422089934,1.0,0.01,0.2418481249078288,690,1190,1290,1320
2024-10-04,0.109264001250267,0.0020408906384010717,1,0,0.4132869392291332,0.5867130607708668,0.5867130607708668,1.0,0.01,0.2418481249078288,690,1190,1290,1320
2024-10-05,0.1094869971275329,0.018203079449090165,1,0,0.45601823070146497,0.543981769298535,0.543981769298535,1.0,0.01,0.2418481249078288,690,1190,1290,1320
2024-10-06,0.1114799976348877,-0.025340863401208114,0,0,0.42520288879648793,0.5747971112035121,0.5747971112035121,1.0,0.01,0.2418481249078288,690,1190,1290,1320
2024-10-07,0.108654998242855,-0.01482676191268295,0,0,0.4941915125842033,0.5058084874157966,0.5058084874157966,1.0,0.01,0.2418481249078288,690,1190,1290,1320
2024-10-08,0.1070439964532852,0.008361057358279522,1,0,0.4826698453926401,0.5173301546073599,0.5173301546073599,1.0,0.01,0.2418481249078288,690,1190,1290,1320
2024-10-09,0.1079389974474906,-0.018149103695939806,0,0,0.45276619189032835,0.5472338081096717,0.5472338081096717,1.0,0.01,0.2418481249078288,690,1190,1290,1320
2024-10-10,0.1059800013899803,0.044848093715057935,1,1,0.502056426956425,0.49794357304357495,0.502056426956425,1.0,0.01,0.2418481249078288,690,1190,1290,1320
2024-10-11,0.1107330024242401,0.006167941881529693,1,0,0.41125681501462974,0.5887431849853703,0.5887431849853703,1.0,0.01,0.2426945876232919,720,1220,1320,1350
2024-10-12,0.1114159971475601,-0.0007180017763809277,0,0,0.4577217863249197,0.5422782136750803,0.5422782136750803,1.0,0.01,0.2426945876232919,720,1220,1320,1350
2024-10-13,0.1113360002636909,0.047765331070552364,1,0,0.471577183828486,0.528422816171514,0.528422816171514,1.0,0.01,0.2426945876232919,720,1220,1320,1350
2024-10-14,0.1166540011763572,0.007483664691303682,1,0,0.40674129882590765,0.5932587011740924,0.5932587011740924,1.0,0.01,0.2426945876232919,720,1220,1320,1350
2024-10-15,0.11752700060606,0.07016257615992982,1,0,0.45721267315662817,0.5427873268433718,0.5427873268433718,1.0,0.01,0.2426945876232919,720,1220,1320,1350
2024-10-16,0.1257729977369308,0.03088899059449579,1,0,0.3715613196350923,0.6284386803649077,0.6284386803649077,1.0,0.01,0.2426945876232919,720,1220,1320,1350
2024-10-17,0.1296579986810684,0.05826873784435049,1,0,0.41128608428006275,0.5887139157199373,0.5887139157199373,1.0,0.01,0.2426945876232919,720,1220,1320,1350
2024-10-18,0.1372130066156387,0.053303959543055335,1,0,0.37653383602494306,0.6234661639750569,0.6234661639750569,1.0,0.01,0.2426945876232919,720,1220,1320,1350
2024-10-19,0.1445270031690597,-0.016910328163304178,0,0,0.37692057996061756,0.6230794200393824,0.6230794200393824,1.0,0.01,0.2426945876232919,720,1220,1320,1350
2024-10-20,0.142083004117012,0.011310295962392969,1,0,0.46923160389833185,0.5307683961016681,0.5307683961016681,1.0,0.01,0.2426945876232919,720,1220,1320,1350
2024-10-21,0.1436900049448013,-0.02910439658388153,0,0,0.4432340436110234,0.5567659563889766,0.5567659563889766,1.0,0.01,0.2426945876232919,720,1220,1320,1350
2024-10-22,0.1395079940557479,-0.007246889974741544,0,1,0.5056822068663689,0.4943177931336311,0.5056822068663689,1.0,0.01,0.2426945876232919,720,1220,1320,1350
2024-10-23,0.138496994972229,0.025199109655128726,1,0,0.48191796918744634,0.5180820308125537,0.5180820308125537,1.0,0.01,0.2426945876232919,720,1220,1320,1350
2024-10-24,0.14198699593544,-0.07728869739959321,0,0,0.4377807898875236,0.5622192101124763,0.5622192101124763,1.0,0.01,0.2426945876232919,720,1220,1320,1350
2024-10-25,0.1310130059719085,0.0484226013843736,1,1,0.5907949288082112,0.40920507119178884,0.5907949288082112,1.0,0.01,0.2426945876232919,720,1220,1320,1350
2024-10-26,0.1373569965362548,0.050634463138564234,1,0,0.40903014273047916,0.5909698572695208,0.5909698572695208,1.0,0.01,0.2426945876232919,720,1220,1320,1350
2024-10-27,0.1443119943141937,0.11667775298013972,1,0,0.397764459903199,0.602235540096801,0.602235540096801,1.0,0.01,0.2426945876232919,720,1220,1320,1350
2024-10-28,0.1611499935388565,0.0911511880289897,1,0,0.3135901773851696,0.6864098226148304,0.6864098226148304,1.0,0.01,0.2426945876232919,720,1220,1320,1350
2024-10-29,0.1758390069007873,-0.043750290245480605,0,0,0.3326330265891843,0.6673669734108156,0.6673669734108156,1.0,0.01,0.2426945876232919,720,1220,1320,1350
2024-10-30,0.1681459993124008,-0.04028637850807082,0,0,0.4931348430962483,0.5068651569037517,0.5068651569037517,1.0,0.01,0.2426945876232919,720,1220,1320,1350
2024-10-31,0.1613720059394836,-0.013552528595062063,0,1,0.5083302161835281,0.49166978381647186,0.5083302161835281,1.0,0.01,0.2426945876232919,720,1220,1320,1350
2024-11-01,0.1591850072145462,0.0008229173736100659,1,1,0.7094375863038371,0.29056241369616287,0.7094375863038371,1.0,0.01,0.2426945876232919,720,1220,1320,1350
2024-11-02,0.1593160033226013,-0.04934847406111553,0,1,0.7076125525337417,0.29238744746625833,0.7076125525337417,1.0,0.01,0.2426945876232919,720,1220,1320,1350
2024-11-03,0.1514540016651153,0.04550553694613124,1,1,0.723692961238487,0.27630703876151297,0.723692961238487,1.0,0.01,0.2426945876232919,720,1220,1320,1350
2024-11-04,0.1583459973335266,0.07473504717487156,1,1,0.6834621101453165,0.31653788985468345,0.6834621101453165,1.0,0.01,0.2426945876232919,720,1220,1320,1350
2024-11-05,0.1701799929141998,0.15558825090061013,1,1,0.6585311665615583,0.3414688334384417,0.6585311665615583,1.0,0.01,0.2426945876232919,720,1220,1320,1350
2024-11-06,0.1966580003499984,-0.0177923158902501,0,1,0.5899864129945653,0.41001358700543467,0.5899864129945653,1.0,0.01,0.2426945876232919,720,1220,1320,1350
2024-11-07,0.1931589990854263,0.046453970440219594,1,1,0.7085440603876328,0.29145593961236715,0.7085440603876328,1.0,0.01,0.2426945876232919,720,1220,1320,1350
2024-11-08,0.2021320015192031,0.08226800018194091,1,1,0.6796011175244279,0.32039888247557213,0.6796011175244279,1.0,0.01,0.2426945876232919,720,1220,1320,1350
2024-11-09,0.218760997056961,0.2757986927417182,1,1,0.6591996321864718,0.3408003678135282,0.6591996321864718,1.0,0.01,0.2426945876232919,720,1220,1320,1350
2024-11-10,0.2790949940681457,0.25233708430033364,1,1,0.5894729698380139,0.4105270301619861,0.5894729698380139,1.0,0.01,0.24672046975271875,750,1250,1350,1380
2024-11-11,0.3495210111141205,0.09355661363309054,1,1,0.6560284809703841,0.34397151902961587,0.6560284809703841,1.0,0.01,0.24672046975271875,750,1250,1350,1380
2024-11-12,0.3822210133075714,0.04526694262838138,1,1,0.6669321712161429,0.3330678287838571,0.6669321712161429,1.0,0.01,0.24672046975271875,750,1250,1350,1380
2024-11-13,0.399522989988327,-0.09480554152552423,0,1,0.6748802203580715,0.3251197796419285,0.6748802203580715,1.0,0.01,0.24672046975271875,750,1250,1350,1380
2024-11-14,0.3616459965705871,0.048508812569706405,1,1,0.6960241877671189,0.30397581223288106,0.6960241877671189,1.0,0.01,0.24672046975271875,750,1250,1350,1380
2024-11-15,0.3791890144348144,-0.04072111763204245,0,1,0.656401196930566,0.343598803069434,0.656401196930566,1.0,0.01,0.24672046975271875,750,1250,1350,1380
2024-11-16,0.3637480139732361,0.0077306212566645716,1,1,0.682822587551576,0.317177412448424,0.682822587551576,1.0,0.01,0.24672046975271875,750,1250,1350,1380
2024-11-17,0.3665600121021271,0.014134069632356416,1,1,0.6770877529994463,0.32291224700055365,0.6770877529994463,1.0,0.01,0.24672046975271875,750,1250,1350,1380
2024-11-18,0.3717409968376159,0.05276521743034368,1,1,0.6716949632456516,0.3283050367543484,0.6716949632456516,1.0,0.01,0.24672046975271875,750,1250,1350,1380
2024-11-19,0.3913559913635254,-0.03541278040483342,0,1,0.6519411329690508,0.34805886703094924,0.6519411329690508,1.0,0.01,0.24672046975271875,750,1250,1350,1380
2024-11-20,0.377496987581253,0.02680817264358648,1,1,0.6894175779334749,0.3105824220665251,0.6894175779334749,1.0,0.01,0.24672046975271875,750,1250,1350,1380
2024-11-21,0.3876169919967651,0.06528867466055588,1,1,0.665896261755204,0.334103738244796,0.665896261755204,1.0,0.01,0.24672046975271875,750,1250,1350,1380
2024-11-22,0.4129239916801452,0.041382909083298225,1,1,0.642581292654975,0.357418707345025,0.642581292654975,1.0,0.01,0.24672046975271875,750,1250,1350,1380
2024-11-23,0.4300119876861572,-0.00030231187496565504,0,1,0.6522105277988769,0.3477894722011231,0.6522105277988769,1.0,0.01,0.24672046975271875,750,1250,1350,1380
2024-11-24,0.4298819899559021,-0.08500472045858831,0,1,0.6731936256800044,0.3268063743199956,0.6731936256800044,1.0,0.01,0.24672046975271875,750,1250,1350,1380
2024-11-25,0.393339991569519,-0.014547176530310568,0,1,0.7027114768118421,0.2972885231881579,0.7027114768118421,1.0,0.01,0.24672046975271875,750,1250,1350,1380
2024-11-26,0.3876180052757263,0.035878068954572795,1,1,0.6817174555534935,0.3182825444465065,0.6817174555534935,1.0,0.01,0.24672046975271875,750,1250,1350,1380
2024-11-27,0.4015249907970428,0.0012278683283972747,1,1,0.665295753753184,0.33470424624681605,0.665295753753184,1.0,0.01,0.24672046975271875,750,1250,1350,1380
2024-11-28,0.4020180106163025,0.059253554953835774,1,1,0.6826920271196711,0.31730797288032886,0.6826920271196711,1.0,0.01,0.24672046975271875,750,1250,1350,1380
2024-11-29,0.4258390069007873,-0.009083276913797955,0,1,0.6591147774606099,0.34088522253939013,0.6591147774606099,1.0,0.01,0.24672046975271875,750,1250,1350,1380
2024-11-30,0.4219709932804107,0.042780219531086905,1,1,0.6872993994622791,0.31270060053772086,0.6872993994622791,1.0,0.01,0.24672046975271875,750,1250,1350,1380
2024-12-01,0.4400230050086975,-0.034891344381560274,0,0,0.3941186342442224,0.6058813657557776,0.6058813657557776,1.0,0.01,0.24672046975271875,750,1250,1350,1380
2024-12-02,0.42467001080513,-0.03953188452612677,0,0,0.477702463765282,0.522297536234718,0.522297536234718,1.0,0.01,0.24672046975271875,750,1250,1350,1380
2024-12-03,0.4078820049762726,0.05902442663435403,1,0,0.48492743666916194,0.5150725633308381,0.5150725633308381,1.0,0.01,0.24672046975271875,750,1250,1350,1380
2024-12-04,0.4319570064544678,-0.003173918275002352,0,0,0.37665736742872424,0.6233426325712758,0.6233426325712758,1.0,0.01,0.24672046975271875,750,1250,1350,1380
2024-12-05,0.4305860102176666,0.011897714497348888,1,0,0.4528152629990035,0.5471847370009966,0.5471847370009966,1.0,0.01,0.24672046975271875,750,1250,1350,1380
2024-12-06,0.435708999633789,0.04172047435397963,1,0,0.4165293297288769,0.5834706702711231,0.5834706702711231,1.0,0.01,0.24672046975271875,750,1250,1350,1380
2024-12-07,0.4538869857788086,0.029544803912298967,1,0,0.3874858837295565,0.6125141162704435,0.6125141162704435,1.0,0.01,0.24672046975271875,750,1250,1350,1380
2024-12-08,0.4672969877719879,-0.11251517469675332,0,0,0.39411391202483215,0.6058860879751679,0.6058860879751679,1.0,0.01,0.24672046975271875,750,1250,1350,1380
2024-12-09,0.4147189855575561,-0.0487051997533714,0,1,0.5914792490709445,0.4085207509290555,0.5914792490709445,1.0,0.01,0.24672046975271875,750,1250,1350,1380
2024-12-10,0.3945200145244598,0.050623531913495334,1,1,0.5105542604983341,0.4894457395016659,0.5105542604983341,1.0,0.01,0.25115901553009146,780,1280,1380,1410
2024-12-11,0.4144920110702514,-0.01916567131941771,0,0,0.403638554001924,0.596361445998076,0.596361445998076,1.0,0.01,0.25115901553009146,780,1280,1380,1410
2024-12-12,0.4065479934215545,0.0062305524317107785,1,0,0.4775634314108668,0.5224365685891332,0.5224365685891332,1.0,0.01,0.25115901553009146,780,1280,1380,1410
2024-12-13,0.4090810120105743,-0.02714621467803735,0,0,0.44091579725871455,0.5590842027412855,0.5590842027412855,1.0,0.01,0.25115901553009146,780,1280,1380,1410
2024-12-14,0.3979760110378265,0.020845435016200398,1,0,0.48004877917031724,0.5199512208296828,0.5199512208296828,1.0,0.01,0.25115901553009146,780,1280,1380,1410
2024-12-15,0.4062719941139221,-0.010677566525085447,0,0,0.4149202974114547,0.5850797025885452,0.5850797025885452,1.0,0.01,0.25115901553009146,780,1280,1380,1410
2024-12-16,0.4019339978694916,-0.01890111174243425,0,0,0.4490525560685794,0.5509474439314206,0.5509474439314206,1.0,0.01,0.25115901553009146,780,1280,1380,1410
2024-12-17,0.394336998462677,-0.09204818952952121,0,0,0.45826527129210504,0.541734728707895,0.541734728707895,1.0,0.01,0.25115901553009146,780,1280,1380,1410
2024-12-18,0.358038991689682,-0.12002319000782036,0,1,0.5566437924819242,0.4433562075180758,0.5566437924819242,1.0,0.01,0.25115901553009146,780,1280,1380,1410
2024-12-19,0.3150660097599029,0.008401359041705359,1,1,0.6098692105332316,0.3901307894667684,0.6098692105332316,1.0,0.01,0.25115901553009146,780,1280,1380,1410
2024-12-20,0.3177129924297333,0.010191658523814207,1,0,0.4681582626798041,0.5318417373201959,0.5318417373201959,1.0,0.01,0.25115901553009146,780,1280,1380,1410
2024-12-21,0.3209510147571563,-0.027290836782867367,0,0,0.4433345165931104,0.5566654834068896,0.5566654834068896,1.0,0.01,0.25115901553009146,780,1280,1380,1410
2024-12-22,0.3121919929981231,0.03852435581372604,1,0,0.4706131602056836,0.5293868397943164,0.5293868397943164,1.0,0.01,0.25115901553009146,780,1280,1380,1410
2024-12-23,0.3242189884185791,0.03918647182494239,1,0,0.39784677767950244,0.6021532223204975,0.6021532223204975,1.0,0.01,0.25115901553009146,780,1280,1380,1410
2024-12-24,0.3369239866733551,-0.0077316881570430596,0,0,0.3843421901052186,0.6156578098947814,0.6156578098947814,1.0,0.01,0.25115901553009146,780,1280,1380,1410
2024-12-25,0.334318995475769,-0.06599381844205199,0,0,0.42641708195034933,0.5735829180496507,0.5735829180496507,1.0,0.01,0.25115901553009146,780,1280,1380,1410
2024-12-26,0.3122560083866119,-0.0039071071134507696,0,1,0.5020023845603951,0.49799761543960486,0.5020023845603951,1.0,0.01,0.25115901553009146,780,1280,1380,1410
2024-12-27,0.3110359907150268,0.04141966817660414,1,0,0.43972552210956234,0.5602744778904376,0.5602744778904376,1.0,0.01,0.25115901553009146,780,1280,1380,1410
2024-12-28,0.3239189982414245,-0.029633952524069085,0,0,0.38417602444409565,0.6158239755559043,0.6158239755559043,1.0,0.01,0.25115901553009146,780,1280,1380,1410
2024-12-29,0.3143199980258941,-0.0025642778507170005,0,0,0.46695080621584867,0.5330491937841513,0.5330491937841513,1.0,0.01,0.25115901553009146,780,1280,1380,1410
2024-12-30,0.3135139942169189,0.006912024049162913,1,0,0.4409627814039255,0.5590372185960746,0.5590372185960746,1.0,0.01,0.25115901553009146,780,1280,1380,1410
2024-12-31,0.3156810104846954,0.027321886425835107,1,0,0.42098441535081116,0.5790155846491889,0.5790155846491889,1.0,0.01,0.25115901553009146,780,1280,1380,1410
2025-01-01,0.3243060111999511,0.04410643578550233,1,0,0.3966690638589808,0.6033309361410192,0.6033309361410192,1.0,0.01,0.25115901553009146,780,1280,1380,1410
2025-01-02,0.3386099934577942,0.1201057115090074,1,0,0.39032086958557893,0.6096791304144211,0.6096791304144211,1.0,0.01,0.25115901553009146,780,1280,1380,1410
2025-01-03,0.3792789876461029,0.040780054769220975,1,0,0.324777569547246,0.675222430452754,0.675222430452754,1.0,0.01,0.25115901553009146,780,1280,1380,1410
2025-01-04,0.3947460055351257,-0.03086291034570421,0,0,0.40060016922462005,0.59939983077538,0.59939983077538,1.0,0.01,0.25115901553009146,780,1280,1380,1410
2025-01-05,0.3825629949569702,0.014099669353861088,1,0,0.47964825881261597,0.520351741187384,0.520351741187384,1.0,0.01,0.25115901553009146,780,1280,1380,1410
2025-01-06,0.3879570066928863,-0.10186694599965873,0,0,0.43424926597486274,0.5657507340251373,0.5657507340251373,1.0,0.01,0.25115901553009146,780,1280,1380,1410
2025-01-07,0.3484370112419128,-0.01776223044122427,0,1,0.5840334089794621,0.4159665910205379,0.5840334089794621,1.0,0.01,0.25115901553009146,780,1280,1380,1410
2025-01-08,0.3422479927539825,-0.06234072861946194,0,0,0.49487341927795425,0.5051265807220457,0.5051265807220457,1.0,0.01,0.25115901553009146,780,1280,1380,1410
2025-01-09,0.3209120035171509,0.04072457146253439,1,1,0.5544845430230891,0.44551545697691086,0.5544845430230891,1.0,0.01,0.24738438623216702,810,1310,1410,1440
2025-01-10,0.3339810073375702,0.020881372605271675,1,0,0.4261984003544669,0.5738015996455331,0.5738015996455331,1.0,0.01,0.24738438623216702,810,1310,1410,1440
2025-01-11,0.34095498919487,-0.014652965578318855,0,0,0.4307753121659229,0.5692246878340771,0.5692246878340771,1.0,0.01,0.24738438623216702,810,1310,1410,1440
2025-01-12,0.3359589874744415,0.006965191694462858,1,0,0.4713773644941772,0.5286226355058228,0.5286226355058228,1.0,0.01,0.24738438623216702,810,1310,1410,1440
2025-01-13,0.3382990062236786,0.0526782041841245,1,0,0.4516845502996065,0.5483154497003935,0.5483154497003935,1.0,0.01,0.24738438623216702,810,1310,1410,1440
2025-01-14,0.3561199903488159,0.08309000181096904,1,0,0.38883726201170676,0.6111627379882932,0.6111627379882932,1.0,0.01,0.24738438623216702,810,1310,1410,1440
2025-01-15,0.3857100009918213,-0.023235086862593013,0,0,0.3616543991141752,0.6383456008858248,0.6383456008858248,1.0,0.01,0.24738438623216702,810,1310,1410,1440
2025-01-16,0.3767479956150055,0.10402446216113259,1,0,0.46622977101800156,0.5337702289819984,0.5337702289819984,1.0,0.01,0.24738438623216702,810,1310,1410,1440
2025-01-17,0.4159390032291412,-0.047742583668497374,0,0,0.34180393303111817,0.6581960669688818,0.6581960669688818,1.0,0.01,0.24738438623216702,810,1310,1410,1440
2025-01-18,0.3960810005664825,-0.09675798232286126,0,0,0.495073667468219,0.504926332531781,0.504926332531781,1.0,0.01,0.24738438623216702,810,1310,1410,1440
2025-01-19,0.3577570021152496,-0.008802071718603477,0,1,0.5654733842082935,0.4345266157917065,0.5654733842082935,1.0,0.01,0.24738438623216702,810,1310,1410,1440
2025-01-20,0.3546079993247986,0.04785282724875972,1,0,0.47583061538168675,0.5241693846183133,0.5241693846183133,1.0,0.01,0.24738438623216702,810,1310,1410,1440
2025-01-21,0.3715769946575165,-0.022931964929574056,0,0,0.41270752428645635,0.5872924757135436,0.5872924757135436,1.0,0.01,0.24738438623216702,810,1310,1410,1440
2025-01-22,0.3630560040473938,-0.0294802931964816,0,0,0.4772404242494101,0.5227595757505898,0.5227595757505898,1.0,0.01,0.24738438623216702,810,1310,1410,1440
2025-01-23,0.3523530066013336,-0.004577854783957225,0,0,0.49625229895731565,0.5037477010426843,0.5037477010426843,1.0,0.01,0.24738438623216702,810,1310,1410,1440
2025-01-24,0.350739985704422,0.008656048098370617,1,0,0.4508954830890861,0.5491045169109139,0.5491045169109139,1.0,0.01,0.24738438623216702,810,1310,1410,1440
2025-01-25,0.3537760078907013,-0.04932500912115689,0,0,0.4342720243999634,0.5657279756000366,0.5657279756000366,1.0,0.01,0.24738438623216702,810,1310,1410,1440
2025-01-26,0.336326003074646,-0.007445130926907462,0,1,0.5002289548714438,0.4997710451285562,0.5002289548714438,1.0,0.01,0.24738438623216702,810,1310,1410,1440
2025-01-27,0.3338220119476318,-0.04417925280916135,0,0,0.4709988761949359,0.529001123805064,0.529001123805064,1.0,0.01,0.24738438623216702,810,1310,1410,1440
2025-01-28,0.3190740048885345,0.015012216585171378,1,0,0.48843578222536527,0.5115642177746347,0.5115642177746347,1.0,0.01,0.24738438623216702,810,1310,1410,1440
2025-01-29,0.3238640129566192,0.023605528369966988,1,0,0.425535503150447,0.5744644968495529,0.5744644968495529,1.0,0.01,0.24738438623216702,810,1310,1410,1440
2025-01-30,0.331508994102478,-0.008388923869583342,0,0,0.41072435089862197,0.589275649101378,0.589275649101378,1.0,0.01,0.24738438623216702,810,1310,1410,1440
2025-01-31,0.3287279903888702,-0.06196913750429389,0,0,0.44271827192304525,0.5572817280769548,0.5572817280769548,1.0,0.01,0.24738438623216702,810,1310,1410,1440
2025-02-01,0.3083570003509521,-0.1324697895299236,0,1,0.5121400442295273,0.4878599557704727,0.5121400442295273,1.0,0.01,0.24738438623216702,810,1310,1410,1440
2025-02-02,0.2675090134143829,0.0653995777459575,1,1,0.6289051825902837,0.3710948174097163,0.6289051825902837,1.0,0.01,0.24738438623216702,810,1310,1410,1440
2025-02-03,0.2850039899349212,-0.07319191057086127,0,0,0.42804605376135874,0.5719539462386413,0.5719539462386413,1.0,0.01,0.24738438623216702,810,1310,1410,1440
2025-02-04,0.2641440033912658,-0.029949559989719265,0,1,0.5498865696347001,0.45011343036529994,0.5498865696347001,1.0,0.01,0.24738438623216702,810,1310,1410,1440
2025-02-05,0.2562330067157745,-0.03180313507494348,0,1,0.5071043526638713,0.4928956473361287,0.5071043526638713,1.0,0.01,0.24738438623216702,810,1310,1410,1440
2025-02-06,0.2480839937925338,-0.0059294350557865805,0,1,0.5226504083153005,0.4773495916846995,0.5226504083153005,1.0,0.01,0.24738438623216702,810,1310,1410,1440
2025-02-07,0.2466129958629608,0.026977535477819226,1,0,0.49004830195002386,0.5099516980499761,0.5099516980499761,1.0,0.01,0.24738438623216702,810,1310,1410,1440
2025-02-08,0.2532660067081451,-0.015698918252895155,0,0,0.43072593891756317,0.5692740610824368,0.5692740610824368,1.0,0.01,0.23764231916470163,840,1340,1440,1470
2025-02-09,0.2492900043725967,0.023947957057351532,1,0,0.4829224721134259,0.517077527886574,0.517077527886574,1.0,0.01,0.23764231916470163,840,1340,1440,1470
2025-02-10,0.2552599906921386,-0.008375730172102802,0,0,0.4274911701199622,0.5725088298800378,0.5725088298800378,1.0,0.01,0.23764231916470163,840,1340,1440,1470
2025-02-11,0.2531220018863678,0.04345733404840102,1,0,0.4621891016035615,0.5378108983964385,0.5378108983964385,1.0,0.01,0.23764231916470163,840,1340,1440,1470
2025-02-12,0.2641220092773437,-0.006171421401542476,0,0,0.4001915389431257,0.5998084610568744,0.5998084610568744,1.0,0.01,0.23764231916470163,840,1340,1440,1470
2025-02-13,0.2624920010566711,0.03595155186840726,1,0,0.4427505071305962,0.5572494928694038,0.5572494928694038,1.0,0.01,0.23764231916470163,840,1340,1440,1470
2025-02-14,0.271928995847702,-0.0007539106856402356,0,0,0.4121188959665077,0.5878811040334924,0.5878811040334924,1.0,0.01,0.23764231916470163,840,1340,1440,1470
2025-02-15,0.271723985671997,-0.022022268277509638,0,0,0.43881328450397183,0.5611867154960282,0.5611867154960282,1.0,0.01,0.23764231916470163,840,1340,1440,1470
2025-02-16,0.2657400071620941,-0.02856924968780683,0,0,0.47921562793464195,0.520784372065358,0.520784372065358,1.0,0.01,0.23764231916470163,840,1340,1440,1470
2025-02-17,0.2581480145454407,-0.028073045401702412,0,0,0.4998801569107208,0.5001198430892793,0.5001198430892793,1.0,0.01,0.23764231916470163,840,1340,1440,1470
2025-02-18,0.2509010136127472,0.015412454042070589,1,1,0.5091960992892558,0.4908039007107442,0.5091960992892558,1.0,0.01,0.23764231916470163,840,1340,1440,1470
2025-02-19,0.2547680139541626,0.00036111192995913477,1,0,0.4491916126176779,0.5508083873823221,0.5508083873823221,1.0,0.01,0.23764231916470163,840,1340,1440,1470
2025-02-20,0.2548600137233734,-0.061021789512076485,0,0,0.4753214195537218,0.5246785804462781,0.5246785804462781,1.0,0.01,0.23764231916470163,840,1340,1440,1470
2025-02-21,0.2393079996109008,0.030985159861138367,1,1,0.5549369457088854,0.4450630542911146,0.5549369457088854,1.0,0.01,0.23764231916470163,840,1340,1440,1470
2025-02-22,0.2467229962348938,-0.014996587607883138,0,0,0.42767644599198595,0.572323554008014,0.572323554008014,1.0,0.01,0.23764231916470163,840,1340,1440,1470
2025-02-23,0.2430229932069778,-0.13440697793984513,0,0,0.4814092012345295,0.5185907987654705,0.5185907987654705,1.0,0.01,0.23764231916470163,840,1340,1440,1470
2025-02-24,0.2103590071201324,0.009650169576241652,1,1,0.647810238841873,0.35218976115812695,0.647810238841873,1.0,0.01,0.23764231916470163,840,1340,1440,1470
2025-02-25,0.2123890072107315,-0.032242758372953095,0,0,0.49409542018811486,0.5059045798118851,0.5059045798118851,1.0,0.01,0.23764231916470163,840,1340,1440,1470
2025-02-26,0.2055409997701645,0.0062420873761734885,1,1,0.5142637832976078,0.4857362167023922,0.5142637832976078,1.0,0.01,0.23764231916470163,840,1340,1440,1470
2025-02-27,0.2068240046501159,-0.023503061011876047,0,0,0.4652015878386341,0.5347984121613659,0.5347984121613659,1.0,0.01,0.23764231916470163,840,1340,1440,1470
2025-02-28,0.2019630074501037,0.02264764221926896,1,1,0.5163276076449834,0.4836723923550166,0.5163276076449834,1.0,0.01,0.23764231916470163,840,1340,1440,1470
2025-03-01,0.2065369933843612,0.15847046379330942,1,0,0.43556594078570243,0.5644340592142976,0.5644340592142976,1.0,0.01,0.23764231916470163,840,1340,1440,1470
2025-03-02,0.2392670065164566,-0.1679755609678235,0,0,0.3262462549943166,0.6737537450056834,0.6737537450056834,1.0,0.01,0.23764231916470163,840,1340,1440,1470
2025-03-03,0.1990759968757629,0.00035165291841976476,1,1,0.6363319193721244,0.3636680806278756,0.6363319193721244,1.0,0.01,0.23764231916470163,840,1340,1440,1470
2025-03-04,0.1991460025310516,0.027989529245546763,1,0,0.4857100061408498,0.5142899938591502,0.5142899938591502,1.0,0.01,0.23764231916470163,840,1340,1440,1470
2025-03-05,0.2047200053930282,-0.014619980730102733,0,0,0.45259427966996146,0.5474057203300385,0.5474057203300385,1.0,0.01,0.23764231916470163,840,1340,1440,1470
2025-03-06,0.2017270028591156,-0.01860933232971429,0,1,0.5034812717940056,0.4965187282059944,0.5034812717940056,1.0,0.01,0.23764231916470163,840,1340,1440,1470
2025-03-07,0.1979729980230331,-0.02930193667000769,0,1,0.5096460067445542,0.4903539932554458,0.5096460067445542,1.0,0.01,0.23764231916470163,840,1340,1440,1470
2025-03-08,0.1921720057725906,-0.12680827933589456,0,1,0.5144759739807684,0.4855240260192316,0.5144759739807684,1.0,0.01,0.23764231916470163,840,1340,1440,1470
2025-03-09,0.1678030043840408,-0.08189959585541995,0,1,0.6330450164239333,0.3669549835760667,0.6330450164239333,1.0,0.01,0.23764231916470163,840,1340,1440,1470
2025-03-10,0.1540600061416626,0.06559779904654195,1,1,0.6060960576038191,0.3939039423961809,0.6060960576038191,1.0,0.01,0.2419594942645043,870,1370,1470,1500
2025-03-11,0.1641660034656524,0.05004078244936849,1,0,0.4341503668740528,0.5658496331259473,0.5658496331259473,1.0,0.01,0.2419594942645043,870,1370,1470,1500
2025-03-12,0.1723809987306594,-0.042440833751357654,0,0,0.41015388584081036,0.5898461141591896,0.5898461141591896,1.0,0.01,0.2419594942645043,870,1370,1470,1500
2025-03-13,0.1650650054216385,0.04079604056033337,1,1,0.5118804383121067,0.4881195616878933,0.5118804383121067,1.0,0.01,0.2419594942645043,870,1370,1470,1500
2025-03-14,0.1717990040779113,0.024848741061420432,1,0,0.41127928752333914,0.5887207124766609,0.5887207124766609,1.0,0.01,0.2419594942645043,870,1370,1470,1500
2025-03-15,0.1760679930448532,-0.04448843291265425,0,0,0.4182849707887731,0.581715029211227,0.581715029211227,1.0,0.01,0.2419594942645043,870,1370,1470,1500
2025-03-16,0.1682350039482116,0.031087434433475503,1,0,0.4979964685864032,0.5020035314135969,0.5020035314135969,1.0,0.01,0.2419594942645043,870,1370,1470,1500
2025-03-17,0.1734649986028671,-0.031337752583768475,0,0,0.4059969368465657,0.5940030631534343,0.5940030631534343,1.0,0.01,0.2419594942645043,870,1370,1470,1500
2025-03-18,0.1680289953947067,0.0597278258212961,1,0,0.4805454393503625,0.5194545606496375,0.5194545606496375,1.0,0.01,0.2419594942645043,870,1370,1470,1500
2025-03-19,0.1780650019645691,-0.04893721537037621,0,0,0.36812082437556803,0.631879175624432,0.631879175624432,1.0,0.01,0.2419594942645043,870,1370,1470,1500
2025-03-20,0.1693509966135025,-0.013516289948581894,0,0,0.49009183888541674,0.5099081611145833,0.5099081611145833,1.0,0.01,0.2419594942645043,870,1370,1470,1500
2025-03-21,0.1670619994401931,0.001682046777455204,1,0,0.4506890102125791,0.5493109897874209,0.5493109897874209,1.0,0.01,0.2419594942645043,870,1370,1470,1500
2025-03-22,0.1673430055379867,0.02934088701366755,1,0,0.428905897779888,0.5710941022201119,0.5710941022201119,1.0,0.01,0.2419594942645043,870,1370,1470,1500
2025-03-23,0.1722529977560043,0.06174639607955301,1,0,0.41126348825996056,0.5887365117400394,0.5887365117400394,1.0,0.01,0.2419594942645043,870,1370,1470,1500
2025-03-24,0.1828889995813369,0.04385718695922547,1,0,0.39644803294387004,0.60355196705613,0.60355196705613,1.0,0.01,0.2419594942645043,870,1370,1470,1500
2025-03-25,0.1909099966287613,0.02036559712008179,1,0,0.38210595494372257,0.6178940450562774,0.6178940450562774,1.0,0.01,0.2419594942645043,870,1370,1470,1500
2025-03-26,0.1947979927062988,-0.022089516206021287,0,0,0.40785715316301674,0.5921428468369833,0.5921428468369833,1.0,0.01,0.2419594942645043,870,1370,1470,1500
2025-03-27,0.1904949992895126,-0.05409592047123635,0,0,0.4488476138857585,0.5511523861142416,0.5511523861142416,1.0,0.01,0.2419594942645043,870,1370,1470,1500
2025-03-28,0.1801899969577789,-0.0589654811398882,0,1,0.5100239143174439,0.48997608568255613,0.5100239143174439,1.0,0.01,0.2419594942645043,870,1370,1470,1500
2025-03-29,0.1695650070905685,-0.019143155805072642,0,1,0.5254988776950664,0.4745011223049336,0.5254988776950664,1.0,0.01,0.2419594942645043,870,1370,1470,1500
2025-03-30,0.1663189977407455,0.0023809568606454334,1,0,0.48308815746190675,0.5169118425380932,0.5169118425380932,1.0,0.01,0.2419594942645043,870,1370,1470,1500
2025-03-31,0.166714996099472,0.04421322957504503,1,0,0.463772175164055,0.536227824835945,0.536227824835945,1.0,0.01,0.2419594942645043,870,1370,1470,1500
2025-04-01,0.1740860044956207,-0.05681676363899679,0,0,0.38818724629133905,0.611812753708661,0.611812753708661,1.0,0.01,0.2419594942645043,870,1370,1470,1500
2025-04-02,0.1641950011253357,-0.013002884124970304,0,1,0.531899973504746,0.46810002649525395,0.531899973504746,1.0,0.01,0.2419594942645043,870,1370,1470,1500
2025-04-03,0.1620599925518036,0.05576947867633253,1,0,0.460425354582707,0.5395746454172929,0.5395746454172929,1.0,0.01,0.2419594942645043,870,1370,1470,1500
2025-04-04,0.171097993850708,-0.012104134820250856,0,0,0.3876864666696803,0.6123135333303197,0.6123135333303197,1.0,0.01,0.2419594942645043,870,1370,1470,1500
2025-04-05,0.1690270006656646,-0.11940103374617927,0,0,0.44005691472059094,0.5599430852794091,0.5599430852794091,1.0,0.01,0.2419594942645043,870,1370,1470,1500
2025-04-06,0.1488450020551681,0.004541577938292907,1,1,0.6356787800001467,0.36432121999985334,0.6356787800001467,1.0,0.01,0.2419594942645043,870,1370,1470,1500
2025-04-07,0.149520993232727,-0.049584998640646694,0,1,0.5112206668183599,0.48877933318164013,0.5112206668183599,1.0,0.01,0.2419594942645043,870,1370,1470,1500
2025-04-08,0.1421069949865341,0.12852295237347255,1,1,0.5226193775113515,0.47738062248864854,0.5226193775113515,1.0,0.01,0.2419594942645043,870,1370,1470,1500
2025-04-09,0.1603710055351257,-0.041809309446034115,0,0,0.33524172539960784,0.6647582746003922,0.6647582746003922,1.0,0.01,0.24472883576202722,900,1400,1500,1530
2025-04-10,0.153666004538536,0.04179842210568685,1,1,0.5065343557408096,0.4934656442591904,0.5065343557408096,1.0,0.01,0.24472883576202722,900,1400,1500,1530
2025-04-11,0.1600890010595321,0.04698637515845827,1,0,0.4044631125336328,0.5955368874663671,0.5955368874663671,1.0,0.01,0.24472883576202722,900,1400,1500,1530
2025-04-12,0.1676110029220581,-0.02875112996017881,0,0,0.4037597593406858,0.5962402406593141,0.5962402406593141,1.0,0.01,0.24472883576202722,900,1400,1500,1530
2025-04-13,0.1627919971942901,-0.026358777187946547,0,0,0.48963887037984316,0.5103611296201569,0.5103611296201569,1.0,0.01,0.24472883576202722,900,1400,1500,1530
2025-04-14,0.158500999212265,-0.031236397487896417,0,1,0.5009554099676412,0.4990445900323588,0.5009554099676412,1.0,0.01,0.24472883576202722,900,1400,1500,1530
2025-04-15,0.1535499989986419,0.00741127768020533,1,1,0.5065855277698641,0.4934144722301359,0.5065855277698641,1.0,0.01,0.24472883576202722,900,1400,1500,1530
2025-04-16,0.1546880006790161,0.006800735502077604,1,0,0.4485361716484513,0.5514638283515487,0.5514638283515487,1.0,0.01,0.24472883576202722,900,1400,1500,1530
2025-04-17,0.1557399928569793,0.01204579155557517,1,0,0.4349898345646232,0.5650101654353767,0.5650101654353767,1.0,0.01,0.24472883576202722,900,1400,1500,1530
2025-04-18,0.1576160043478012,-0.0017955210485423034,0,0,0.42181590825793913,0.5781840917420609,0.5781840917420609,1.0,0.01,0.24472883576202722,900,1400,1500,1530
2025-04-19,0.1573330014944076,-0.013658931969015353,0,0,0.4360121016955897,0.5639878983044103,0.5639878983044103,1.0,0.01,0.24472883576202722,900,1400,1500,1530
2025-04-20,0.1551840007305145,0.027090453804422543,1,0,0.4666404268745437,0.5333595731254563,0.5333595731254563,1.0,0.01,0.24472883576202722,900,1400,1500,1530
2025-04-21,0.15938800573349,0.12083713057952106,1,0,0.42156761872900406,0.5784323812709959,0.5784323812709959,1.0,0.01,0.24472883576202722,900,1400,1500,1530
2025-04-22,0.1786479949951172,-0.00024063998056877978,0,0,0.33000277300344333,0.6699972269965566,0.6699972269965566,1.0,0.01,0.24472883576202722,900,1400,1500,1530
2025-04-23,0.1786050051450729,0.021567116044505008,1,0,0.4461815756544896,0.5538184243455104,0.5538184243455104,1.0,0.01,0.24472883576202722,900,1400,1500,1530
2025-04-24,0.1824570000171661,-0.0034364050680133484,0,0,0.42242504492580735,0.5775749550741927,0.5775749550741927,1.0,0.01,0.24472883576202722,900,1400,1500,1530
2025-04-25,0.1818300038576126,0.00032993495954269925,1,0,0.45819378475117806,0.5418062152488219,0.5418062152488219,1.0,0.01,0.24472883576202722,900,1400,1500,1530
2025-04-26,0.181889995932579,-0.012194145856393113,0,0,0.44626982280618804,0.5537301771938119,0.5537301771938119,1.0,0.01,0.24472883576202722,900,1400,1500,1530
2025-04-27,0.1796720027923584,-0.004007353380246492,0,0,0.4696819555110215,0.5303180444889786,0.5303180444889786,1.0,0.01,0.24472883576202722,900,1400,1500,1530
2025-04-28,0.1789519935846328,-0.0241181287947263,0,0,0.47969586656699714,0.5203041334330029,0.5203041334330029,1.0,0.01,0.24472883576202722,900,1400,1500,1530
2025-04-29,0.1746360063552856,-0.013147350119764645,0,0,0.4737864479759556,0.5262135520240444,0.5262135520240444,1.0,0.01,0.24472883576202722,900,1400,1500,1530
2025-04-30,0.1723400056362152,0.04885106119540272,1,0,0.4666506765056431,0.5333493234943569,0.5333493234943569,1.0,0.01,0.24472883576202722,900,1400,1500,1530
2025-05-01,0.180758997797966,0.004525358370544019,1,0,0.4114570131850956,0.5885429868149044,0.5885429868149044,1.0,0.01,0.24472883576202722,900,1400,1500,1530
2025-05-02,0.1815769970417022,-0.032052469893132596,0,0,0.46136419153013664,0.5386358084698634,0.5386358084698634,1.0,0.01,0.24472883576202722,900,1400,1500,1530
2025-05-03,0.1757570058107376,-0.029614781973120174,0,0,0.4967903612198142,0.5032096387801859,0.5032096387801859,1.0,0.01,0.24472883576202722,900,1400,1500,1530
2025-05-04,0.1705520004034042,0.0003049219736122044,1,1,0.5136520146761041,0.4863479853238959,0.5136520146761041,1.0,0.01,0.24472883576202722,900,1400,1500,1530
2025-05-05,0.1706040054559707,0.008862576350281648,1,0,0.4748046752669671,0.5251953247330329,0.5251953247330329,1.0,0.01,0.24472883576202722,900,1400,1500,1530
2025-05-06,0.1721159964799881,-0.0006333054240293956,0,0,0.4579550230494068,0.5420449769505933,0.5420449769505933,1.0,0.01,0.24472883576202722,900,1400,1500,1530
2025-05-07,0.1720069944858551,0.1486567755856827,1,0,0.45721126782610033,0.5427887321738997,0.5427887321738997,1.0,0.01,0.24472883576202722,900,1400,1500,1530
2025-05-08,0.1975769996643066,0.039037969803233485,1,0,0.3434979010668441,0.6565020989331559,0.6565020989331559,1.0,0.01,0.24472883576202722,900,1400,1500,1530
2025-05-09,0.2052900046110153,0.2114033331013001,1,0,0.4544664483955832,0.5455335516044169,0.5455335516044169,1.0,0.01,0.24156988792143752,930,1430,1530,1560
2025-05-10,0.2486889958381652,-0.06908626614184121,0,0,0.3919369107308755,0.6080630892691246,0.6080630892691246,1.0,0.01,0.24156988792143752,930,1430,1530,1560
2025-05-11,0.2315080016851425,-0.0021856641108571884,0,1,0.5835512568108011,0.4164487431891989,0.5835512568108011,1.0,0.01,0.24156988792143752,930,1430,1530,1560
2025-05-12,0.231002002954483,0.04421174895412183,1,1,0.5274113264576704,0.4725886735423296,0.5274113264576704,1.0,0.01,0.24156988792143752,930,1430,1530,1560
2025-05-13,0.2412150055170059,-0.03485277215707172,0,0,0.47294069117386217,0.5270593088261378,0.5270593088261378,1.0,0.01,0.24156988792143752,930,1430,1530,1560
2025-05-14,0.2328079938888549,-0.05849881076431107,0,1,0.5626690730539493,0.4373309269460507,0.5626690730539493,1.0,0.01,0.24156988792143752,930,1430,1530,1560
2025-05-15,0.2191890031099319,0.009571621109451423,1,1,0.5894079303532284,0.41059206964677164,0.5894079303532284,1.0,0.01,0.24156988792143752,930,1430,1530,1560
2025-05-16,0.2212869971990585,-0.029775791348320757,0,1,0.512065805008896,0.487934194991104,0.512065805008896,1.0,0.01,0.24156988792143752,930,1430,1530,1560
2025-05-17,0.2146980017423629,0.09074607067574836,1,1,0.5203545630787185,0.4796454369212815,0.5203545630787185,1.0,0.01,0.24156988792143752,930,1430,1530,1560
2025-05-18,0.2341810017824173,-0.04167719493871769,0,0,0.40612182822597503,0.5938781717740249,0.5938781717740249,1.0,0.01,0.24156988792143752,930,1430,1530,1560
2025-05-19,0.2244209945201873,0.0075973541094342956,1,1,0.5339372283491546,0.4660627716508454,0.5339372283491546,1.0,0.01,0.24156988792143752,930,1430,1530,1560
2025-05-20,0.2261260002851486,0.03507775488714704,1,0,0.4753076987150992,0.5246923012849007,0.5246923012849007,1.0,0.01,0.24156988792143752,930,1430,1530,1560
2025-05-21,0.234057992696762,0.04686877481558671,1,0,0.45627285883513424,0.5437271411648658,0.5437271411648658,1.0,0.01,0.24156988792143752,930,1430,1530,1560
2025-05-22,0.2450280040502548,-0.08249671862239494,0,0,0.4288339950441291,0.5711660049558709,0.5711660049558709,1.0,0.01,0.24156988792143752,930,1430,1530,1560
2025-05-23,0.2248139977455139,0.0021484704857397396,1,1,0.5834733412492448,0.41652665875075523,0.5834733412492448,1.0,0.01,0.24156988792143752,930,1430,1530,1560
2025-05-24,0.2252970039844513,-0.0013892723176132105,0,0,0.46251716644250573,0.5374828335574943,0.5374828335574943,1.0,0.01,0.24156988792143752,930,1430,1530,1560
2025-05-25,0.2249840050935745,0.004626973906741716,1,0,0.4828875809873301,0.5171124190126699,0.5171124190126699,1.0,0.01,0.24156988792143752,930,1430,1530,1560
2025-05-26,0.2260250002145767,0.0006149675101614349,1,0,0.46113340066913844,0.5388665993308616,0.5388665993308616,1.0,0.01,0.24156988792143752,930,1430,1530,1560
2025-05-27,0.2261639982461929,-0.023796897126550087,0,0,0.4726314106661204,0.5273685893338795,0.5273685893338795,1.0,0.01,0.24156988792143752,930,1430,1530,1560
2025-05-28,0.220781996846199,-0.026945089130451128,0,0,0.4934014704369661,0.506598529563034,0.506598529563034,1.0,0.01,0.24156988792143752,930,1430,1530,1560
2025-05-29,0.2148330062627792,-0.0995983339066071,0,1,0.5084388433012963,0.4915611566987037,0.5084388433012963,1.0,0.01,0.24156988792143752,930,1430,1530,1560
2025-05-30,0.1934359967708587,-0.0044303831597367616,0,1,0.614045934356522,0.385954065643478,0.614045934356522,1.0,0.01,0.24156988792143752,930,1430,1530,1560
2025-05-31,0.1925790011882782,0.005467914208854507,1,0,0.4884362326978262,0.5115637673021738,0.5115637673021738,1.0,0.01,0.24156988792143752,930,1430,1530,1560
2025-06-01,0.1936320066452026,0.009079048059383199,1,0,0.4540972031360947,0.5459027968639053,0.5459027968639053,1.0,0.01,0.24156988792143752,930,1430,1530,1560
2025-06-02,0.1953900009393692,-0.01152565422610241,0,0,0.45219386681498214,0.5478061331850179,0.5478061331850179,1.0,0.01,0.24156988792143752,930,1430,1530,1560
2025-06-03,0.1931380033493042,-0.025380842250668167,0,0,0.4702327494650959,0.529767250534904,0.529767250534904,1.0,0.01,0.24156988792143752,930,1430,1530,1560
2025-06-04,0.1882359981536865,-0.0882296689503359,0,0,0.475127234910383,0.524872765089617,0.524872765089617,1.0,0.01,0.24156988792143752,930,1430,1530,1560
2025-06-05,0.1716279983520507,0.0427960818770321,1,1,0.6026240459860955,0.39737595401390446,0.6026240459860955,1.0,0.01,0.24156988792143752,930,1430,1530,1560
2025-06-06,0.1789730042219162,0.03461412451839707,1,0,0.41589298049914253,0.5841070195008575,0.5841070195008575,1.0,0.01,0.24156988792143752,930,1430,1530,1560
2025-06-07,0.1851679980754852,-0.005373472990679362,0,0,0.414552356164304,0.5854476438356959,0.5854476438356959,1.0,0.01,0.24156988792143752,930,1430,1530,1560
2025-06-08,0.1841730028390884,0.0584232988644251,1,0,0.48741262725046425,0.5125873727495358,0.5125873727495358,0.1,scale,0.2453864975355295,960,1460,1560,1590
2025-06-09,0.1949329972267151,0.01718029386322817,1,0,0.44741701743870077,0.5525829825612992,0.5525829825612992,0.1,scale,0.2453864975355295,960,1460,1560,1590
2025-06-10,0.1982820034027099,-0.026583363894884138,0,0,0.46422302877438243,0.5357769712256175,0.5357769712256175,0.1,scale,0.2453864975355295,960,1460,1560,1590
2025-06-11,0.193011000752449,-0.059390404307224864,0,1,0.5117940942345078,0.48820590576549217,0.5117940942345078,0.1,scale,0.2453864975355295,960,1460,1560,1590
2025-06-12,0.181547999382019,-0.006433547721997446,0,1,0.5598432977495913,0.4401567022504087,0.5598432977495913,0.1,scale,0.2453864975355295,960,1460,1560,1590
2025-06-13,0.1803800016641616,-0.010605367309323821,0,1,0.5366861290576134,0.46331387094238663,0.5366861290576134,0.1,scale,0.2453864975355295,960,1460,1560,1590
2025-06-14,0.1784670054912567,-0.015678001268795372,0,1,0.5083017793941398,0.4916982206058602,0.5083017793941398,0.1,scale,0.2453864975355295,960,1460,1560,1590
2025-06-15,0.1756689995527267,-0.016912451977262766,0,1,0.5280862857268656,0.47191371427313444,0.5280862857268656,0.1,scale,0.2453864975355295,960,1460,1560,1590
2025-06-16,0.1726980060338974,-0.017545090338577984,0,1,0.5436265267586825,0.4563734732413175,0.5436265267586825,0.1,scale,0.2453864975355295,960,1460,1560,1590
2025-06-17,0.1696680039167404,0.00568168893875054,1,1,0.528976416370073,0.471023583629927,0.528976416370073,0.1,scale,0.2453864975355295,960,1460,1560,1590
2025-06-18,0.170632004737854,0.0019398441347939777,1,0,0.49032748099227375,0.5096725190077263,0.5096725190077263,0.1,scale,0.2453864975355295,960,1460,1560,1590
2025-06-19,0.1709630042314529,-0.04964816497812741,0,0,0.4751548629510143,0.5248451370489857,0.5248451370489857,0.1,scale,0.2453864975355295,960,1460,1560,1590
2025-06-20,0.1624750047922134,-0.05112178065913231,0,1,0.5775669754442052,0.4224330245557948,0.5775669754442052,0.1,scale,0.2453864975355295,960,1460,1560,1590
2025-06-21,0.1541689932346344,-0.018466657890418237,0,1,0.5647839823780881,0.43521601762191187,0.5647839823780881,0.1,scale,0.2453864975355295,960,1460,1560,1590
2025-06-22,0.1513220071792602,0.0861803902847138,1,1,0.5777250191866261,0.4222749808133739,0.5777250191866261,0.1,scale,0.2453864975355295,960,1460,1560,1590
2025-06-23,0.1643629968166351,0.008323047948117779,1,0,0.42547126717333383,0.5745287328266662,0.5745287328266662,0.1,scale,0.2453864975355295,960,1460,1560,1590
2025-06-24,0.1657309979200363,-0.006957010233483829,0,0,0.4741845050707524,0.5258154949292476,0.5258154949292476,0.1,scale,0.2453864975355295,960,1460,1560,1590
2025-06-25,0.1645780056715011,-0.027901671425685448,0,0,0.48456136845505166,0.5154386315449484,0.5154386315449484,0.1,scale,0.2453864975355295,960,1460,1560,1590
2025-06-26,0.1599860042333603,0.006763111072074501,1,1,0.5295579604530686,0.4704420395469314,0.5295579604530686,0.1,scale,0.2453864975355295,960,1460,1560,1590
2025-06-27,0.1610680073499679,0.01629119414389213,1,0,0.4838516587878469,0.516148341212153,0.516148341212153,0.1,scale,0.2453864975355295,960,1460,1560,1590
2025-06-28,0.1636919975280761,0.036104447590500355,1,0,0.4652657268039339,0.534734273196066,0.534734273196066,0.1,scale,0.2453864975355295,960,1460,1560,1590
2025-06-29,0.1696020066738128,-0.026332307074857786,0,0,0.45589843600382757,0.5441015639961724,0.5441015639961724,0.1,scale,0.2453864975355295,960,1460,1560,1590
2025-06-30,0.1651359945535659,-0.04472072007362515,0,1,0.5199626506601319,0.4800373493398681,0.5199626506601319,0.1,scale,0.2453864975355295,960,1460,1560,1590
2025-07-01,0.1577509939670562,0.06953371702991307,1,1,0.5723093562428491,0.42769064375715093,0.5723093562428491,0.1,scale,0.2453864975355295,960,1460,1560,1590
2025-07-02,0.168720006942749,0.01964194114995399,1,0,0.479888179414861,0.5201118205851389,0.5201118205851389,0.1,scale,0.2453864975355295,960,1460,1560,1590
2025-07-03,0.1720339953899383,-0.05326268344944973,0,1,0.5020722641602998,0.4979277358397002,0.5020722641602998,0.1,scale,0.2453864975355295,960,1460,1560,1590
2025-07-04,0.1628710031509399,0.008601852061941528,1,1,0.5736010128327145,0.4263989871672855,0.5736010128327145,0.1,scale,0.2453864975355295,960,1460,1560,1590
2025-07-05,0.1642719954252243,0.046958724185096834,1,1,0.5172062448168584,0.4827937551831416,0.5172062448168584,0.1,scale,0.2453864975355295,960,1460,1560,1590
2025-07-06,0.1719859987497329,-0.023374027500945194,0,1,0.5091491071984307,0.49085089280156935,0.5091491071984307,0.1,scale,0.2453864975355295,960,1460,1560,1590
2025-07-07,0.1679659932851791,0.017997770938219082,1,1,0.552626252932624,0.447373747067376,0.552626252932624,0.1,scale,0.2453864975355295,960,1460,1560,1590
2025-07-08,0.1709890067577362,0.057114768453311315,1,1,0.5074163106855129,0.49258368931448715,0.5074163106855129,1.0,0.01,0.24618481947897244,990,1490,1590,1620
2025-07-09,0.180755004286766,0.0776631141468247,1,0,0.4911131925002286,0.5088868074997714,0.5088868074997714,1.0,0.01,0.24618481947897244,990,1490,1590,1620
2025-07-10,0.1947930008172989,0.03282970749606573,1,0,0.46052191151847544,0.5394780884815246,0.5394780884815246,1.0,0.01,0.24618481947897244,990,1490,1590,1620
2025-07-11,0.2011879980564117,-0.01918601921060903,0,1,0.5141085157583135,0.4858914842416865,0.5141085157583135,1.0,0.01,0.24618481947897244,990,1490,1590,1620
2025-07-12,0.1973280012607574,0.006420786835797498,1,1,0.5346318385417455,0.46536816145825455,0.5346318385417455,1.0,0.01,0.24618481947897244,990,1490,1590,1620
2025-07-13,0.1985950022935867,-0.00586119586703715,0,1,0.5199560533083012,0.4800439466916988,0.5199560533083012,1.0,0.01,0.24618481947897244,990,1490,1590,1620
2025-07-14,0.1974309980869293,0.008767662160540368,1,1,0.5532333787574938,0.4467666212425062,0.5532333787574938,1.0,0.01,0.24618481947897244,990,1490,1590,1620
2025-07-15,0.1991620063781738,0.06821073243901354,1,1,0.5259875528441149,0.4740124471558851,0.5259875528441149,1.0,0.01,0.24618481947897244,990,1490,1590,1620
2025-07-16,0.2127469927072525,0.024822918821178597,1,0,0.4773227911597545,0.5226772088402455,0.5226772088402455,1.0,0.01,0.24618481947897244,990,1490,1590,1620
2025-07-17,0.2180279940366745,0.08302147999970755,1,1,0.5067041138736651,0.4932958861263349,0.5067041138736651,1.0,0.01,0.24618481947897244,990,1490,1590,1620
2025-07-18,0.2361290007829666,0.02271639984705609,1,0,0.47844651381125497,0.521553486188745,0.521553486188745,1.0,0.01,0.24618481947897244,990,1490,1590,1620
2025-07-19,0.2414930015802383,0.1301735909093742,1,1,0.5126003117197734,0.4873996882802266,0.5126003117197734,1.0,0.01,0.24618481947897244,990,1490,1590,1620
2025-07-20,0.2729290127754211,-0.004433402220446303,0,0,0.46271934878955107,0.5372806512104489,0.5372806512104489,1.0,0.01,0.24618481947897244,990,1490,1590,1620
2025-07-21,0.2717190086841583,-0.004931571876428897,0,1,0.5584424744100074,0.4415575255899926,0.5584424744100074,1.0,0.01,0.24618481947897244,990,1490,1590,1620
2025-07-22,0.2703790068626404,-0.10995678768627626,0,1,0.5569853856727548,0.4430146143272452,0.5569853856727548,1.0,0.01,0.24618481947897244,990,1490,1590,1620
2025-07-23,0.2406489998102188,-0.03604832813725556,0,1,0.6519644164977269,0.34803558350227315,0.6519644164977269,1.0,0.01,0.24618481947897244,990,1490,1590,1620
2025-07-24,0.2319740056991577,0.02085574111007582,1,1,0.5943618965141694,0.4056381034858306,0.5943618965141694,1.0,0.01,0.24618481947897244,990,1490,1590,1620
2025-07-25,0.2368119955062866,-0.005481122040872366,0,1,0.5319958272609349,0.46800417273906514,0.5319958272609349,1.0,0.01,0.24618481947897244,990,1490,1590,1620
2025-07-26,0.2355140000581741,0.02245727749380788,1,1,0.5468534114647662,0.4531465885352338,0.5468534114647662,1.0,0.01,0.24618481947897244,990,1490,1590,1620
2025-07-27,0.2408030033111572,-0.06468774535866784,0,1,0.5144729741345704,0.4855270258654296,0.5144729741345704,1.0,0.01,0.24618481947897244,990,1490,1590,1620
2025-07-28,0.2252259999513626,-0.006362497974648829,0,1,0.6048574256427187,0.3951425743572813,0.6048574256427187,1.0,0.01,0.24618481947897244,990,1490,1590,1620
2025-07-29,0.2237929999828338,-0.017395552443540407,0,1,0.5339049203057609,0.46609507969423913,0.5339049203057609,1.0,0.01,0.24618481947897244,990,1490,1590,1620
2025-07-30,0.2198999971151352,-0.04559796043148723,0,1,0.5427282367757161,0.45727176322428387,0.5427282367757161,1.0,0.01,0.24618481947897244,990,1490,1590,1620
2025-07-31,0.2098730057477951,-0.04124879413936322,0,1,0.5682738020873151,0.43172619791268485,0.5682738020873151,1.0,0.01,0.24618481947897244,990,1490,1590,1620
2025-08-01,0.2012159973382949,-0.04970778791112773,0,1,0.5770390543943429,0.4229609456056571,0.5770390543943429,1.0,0.01,0.24618481947897244,990,1490,1590,1620
2025-08-02,0.1912139952182769,0.04000754666753559,1,1,0.5577439205076429,0.4422560794923571,0.5577439205076429,1.0,0.01,0.24618481947897244,990,1490,1590,1620
2025-08-03,0.198863998055458,0.05807484554574316,1,0,0.4561029434261668,0.5438970565738332,0.5438970565738332,1.0,0.01,0.24618481947897244,990,1490,1590,1620
2025-08-04,0.2104129940271377,-0.05072880520392309,0,0,0.4454457144074517,0.5545542855925483,0.5545542855925483,1.0,0.01,0.24618481947897244,990,1490,1590,1620
2025-08-05,0.1997389942407608,0.027616077489412083,1,1,0.5432999067948994,0.45670009320510063,0.5432999067948994,1.0,0.01,0.24618481947897244,990,1490,1590,1620
2025-08-06,0.2052550017833709,0.08348149433406715,1,0,0.46582769440353317,0.5341723055964669,0.5341723055964669,1.0,0.01,0.24618481947897244,990,1490,1590,1620
2025-08-07,0.2223899960517883,0.035181455260332894,1,1,0.5202260222394627,0.4797739777605373,0.5202260222394627,1.0,0.1,0.2538505595903291,1020,1520,1620,1650
2025-08-08,0.2302139997482299,0.04392002278405638,1,1,0.5166196447995864,0.48338035520041356,0.5166196447995864,1.0,0.1,0.2538505595903291,1020,1520,1620,1650
2025-08-09,0.2403250038623809,-0.025906597607207926,0,1,0.5178790105163897,0.48212098948361026,0.5178790105163897,1.0,0.1,0.2538505595903291,1020,1520,1620,1650
2025-08-10,0.2340990006923675,-0.0493338114965145,0,1,0.5139666939542773,0.4860333060457227,0.5139666939542773,1.0,0.1,0.2538505595903291,1020,1520,1620,1650
2025-08-11,0.2225500047206878,0.058935078879400526,1,0,0.49926519924975526,0.5007348007502448,0.5007348007502448,1.0,0.1,0.2538505595903291,1020,1520,1620,1650
2025-08-12,0.2356660068035125,0.04046403736943471,1,1,0.518903746907953,0.48109625309204695,0.518903746907953,1.0,0.1,0.2538505595903291,1020,1520,1620,1650
2025-08-13,0.2452020049095153,-0.08690387030796543,0,1,0.5153032992978674,0.48469670070213255,0.5153032992978674,1.0,0.1,0.2538505595903291,1020,1520,1620,1650
2025-08-14,0.2238930016756057,0.021081509370421525,1,0,0.4919257207884656,0.5080742792115345,0.5080742792115345,1.0,0.1,0.2538505595903291,1020,1520,1620,1650
2025-08-15,0.2286130040884018,0.011517238443930156,1,1,0.5147264865991162,0.48527351340088376,0.5147264865991162,1.0,0.1,0.2538505595903291,1020,1520,1620,1650
2025-08-16,0.2312459945678711,0.014352724875143608,1,1,0.5119442038572398,0.4880557961427602,0.5119442038572398,1.0,0.1,0.2538505595903291,1020,1520,1620,1650
2025-08-17,0.2345650047063827,-0.05175540077747909,0,1,0.5104494097024879,0.48955059029751213,0.5104494097024879,1.0,0.1,0.2538505595903291,1020,1520,1620,1650
2025-08-18,0.2224249988794326,-0.060141602735877764,0,0,0.49426041959762596,0.5057395804023741,0.5057395804023741,1.0,0.1,0.2538505595903291,1020,1520,1620,1650
2025-08-19,0.2090480029582977,0.05932607758771247,1,0,0.49572015471745023,0.5042798452825498,0.5042798452825498,1.0,0.1,0.2538505595903291,1020,1520,1620,1650
2025-08-20,0.221450001001358,-0.030259685956599336,0,1,0.5159836366749017,0.48401636332509834,0.5159836366749017,1.0,0.1,0.2538505595903291,1020,1520,1620,1650
2025-08-21,0.2147489935159683,0.1203312396207461,1,1,0.5100367191163077,0.48996328088369234,0.5100367191163077,1.0,0.1,0.2538505595903291,1020,1520,1620,1650
2025-08-22,0.2405900061130523,-0.01904070935942037,0,1,0.5222051996412239,0.4777948003587761,0.5222051996412239,1.0,0.1,0.2538505595903291,1020,1520,1620,1650
2025-08-23,0.2360090017318725,-0.01784257599428607,0,1,0.5165057893642601,0.48349421063573994,0.5165057893642601,1.0,0.1,0.2538505595903291,1020,1520,1620,1650
2025-08-24,0.231797993183136,-0.09479804830383731,0,1,0.5081448926031432,0.4918551073968568,0.5081448926031432,1.0,0.1,0.2538505595903291,1020,1520,1620,1650
2025-08-25,0.2098239958286285,0.041182156160229244,1,0,0.49176990340562843,0.5082300965943716,0.5082300965943716,1.0,0.1,0.2538505595903291,1020,1520,1620,1650
2025-08-26,0.2184650003910064,0.002078107144304342,1,1,0.5190917529010188,0.48090824709898117,0.5190917529010188,1.0,0.1,0.2538505595903291,1020,1520,1620,1650
2025-08-27,0.2189189940690994,0.024762641830376353,1,1,0.5105368063211781,0.48946319367882185,0.5105368063211781,1.0,0.1,0.2538505595903291,1020,1520,1620,1650
2025-08-28,0.2243400067090988,-0.04593475092962862,0,1,0.5166152209843207,0.48338477901567933,0.5166152209843207,1.0,0.1,0.2538505595903291,1020,1520,1620,1650
2025-08-29,0.2140350043773651,0.009087247068048976,1,0,0.49975108375487537,0.5002489162451247,0.5002489162451247,1.0,0.1,0.2538505595903291,1020,1520,1620,1650
2025-08-30,0.2159799933433532,-0.010024028968332765,0,1,0.5219029106509551,0.47809708934904493,0.5219029106509551,1.0,0.1,0.2538505595903291,1020,1520,1620,1650
2025-08-31,0.2138150036334991,-0.016654607655146703,0,1,0.5110967110849642,0.48890328891503576,0.5110967110849642,1.0,0.1,0.2538505595903291,1020,1520,1620,1650
2025-09-01,0.2102539986371994,0.02170708850171721,1,1,0.5053723923225028,0.49462760767749725,0.5053723923225028,1.0,0.1,0.2538505595903291,1020,1520,1620,1650
2025-09-02,0.214818000793457,0.026729596831118974,1,1,0.5219553621187943,0.47804463788120566,0.5219553621187943,1.0,0.1,0.2538505595903291,1020,1520,1620,1650
2025-09-03,0.2205599993467331,-0.036647627870387556,0,1,0.5234525090918242,0.47654749090817583,0.5234525090918242,1.0,0.1,0.2538505595903291,1020,1520,1620,1650
2025-09-04,0.2124769985675811,0.025541601883430465,1,1,0.5128837386800665,0.48711626131993346,0.5128837386800665,1.0,0.1,0.2538505595903291,1020,1520,1620,1650
2025-09-05,0.2179040014743805,-0.009260980258204876,0,1,0.5170313014885318,0.4829686985114682,0.5170313014885318,1.0,0.1,0.2538505595903291,1020,1520,1620,1650
2025-09-06,0.2158859968185424,0.058164957926165384,1,0,0.4635427335971129,0.536457266402887,0.536457266402887,1.0,0.1,0.2506283641104698,1050,1550,1650,1680
2025-09-07,0.2284429967403412,0.05882430832553287,1,0,0.46819111542110525,0.5318088845788947,0.5318088845788947,1.0,0.1,0.2506283641104698,1050,1550,1650,1680
2025-09-08,0.2418809980154037,-0.0049239300338294045,0,0,0.4665553786206153,0.5334446213793846,0.5334446213793846,1.0,0.1,0.2506283641104698,1050,1550,1650,1680
2025-09-09,0.240689992904663,0.019548016051081696,1,0,0.4894850786505233,0.5105149213494766,0.5105149213494766,1.0,0.1,0.2506283641104698,1050,1550,1650,1680
2025-09-10,0.2453950047492981,0.04182235073942575,1,0,0.4694036784448257,0.5305963215551743,0.5305963215551743,1.0,0.1,0.2506283641104698,1050,1550,1650,1680
2025-09-11,0.2556580007076263,0.07732985609653209,1,0,0.4696795771642507,0.5303204228357493,0.5303204228357493,1.0,0.1,0.2506283641104698,1050,1550,1650,1680
2025-09-12,0.2754279971122741,0.050960686357572005,1,0,0.46796612649979075,0.5320338735002093,0.5320338735002093,1.0,0.1,0.2506283641104698,1050,1550,1650,1680
2025-09-13,0.289463996887207,-0.037565995387529916,0,0,0.47835413152569967,0.5216458684743004,0.5216458684743004,1.0,0.1,0.2506283641104698,1050,1550,1650,1680
2025-09-14,0.2785899937152862,-0.035751448261962415,0,0,0.4994736553811714,0.5005263446188286,0.5005263446188286,1.0,0.1,0.2506283641104698,1050,1550,1650,1680
2025-09-15,0.2686299979686737,0.0042475215856880855,1,1,0.5299798970755163,0.4700201029244837,0.5299798970755163,1.0,0.1,0.2506283641104698,1050,1550,1650,1680
2025-09-16,0.269771009683609,0.047050970872445586,1,1,0.5139665389896122,0.4860334610103878,0.5139665389896122,1.0,0.1,0.2506283641104698,1050,1550,1650,1680
2025-09-17,0.2824639976024627,-0.013045901742776866,0,0,0.4845902023056806,0.5154097976943194,0.5154097976943194,1.0,0.1,0.2506283641104698,1050,1550,1650,1680
2025-09-18,0.278779000043869,-0.04803805662675387,0,1,0.5171209299726369,0.4828790700273631,0.5171209299726369,1.0,0.1,0.2506283641104698,1050,1550,1650,1680
2025-09-19,0.2653869986534118,0.00890025839677211,1,1,0.5418306838607492,0.4581693161392508,0.5418306838607492,1.0,0.1,0.2506283641104698,1050,1550,1650,1680
2025-09-20,0.267749011516571,-0.024612635162796215,0,1,0.5084556116115222,0.4915443883884778,0.5084556116115222,1.0,0.1,0.2506283641104698,1050,1550,1650,1680
2025-09-21,0.2611590027809143,-0.07598052137602451,0,1,0.5424463967957416,0.4575536032042584,0.5424463967957416,1.0,0.1,0.2506283641104698,1050,1550,1650,1680
2025-09-22,0.2413160055875778,-0.016277435414110752,0,1,0.545026330256483,0.45497366974351705,0.545026330256483,1.0,0.1,0.2506283641104698,1050,1550,1650,1680
2025-09-23,0.2373879998922348,0.01624346338570093,1,1,0.512946645035724,0.48705335496427604,0.512946645035724,1.0,0.1,0.2506283641104698,1050,1550,1650,1680
2025-09-24,0.2412440031766891,-0.07684335343202509,0,1,0.5210237069916343,0.47897629300836575,0.5210237069916343,1.0,0.1,0.2506283641104698,1050,1550,1650,1680
2025-09-25,0.2227060049772262,0.04455648227528908,1,1,0.5662967599205875,0.4337032400794125,0.5662967599205875,1.0,0.1,0.2506283641104698,1050,1550,1650,1680
2025-09-26,0.2326290011405944,-0.007707539098821381,0,0,0.4724197668678223,0.5275802331321777,0.5275802331321777,1.0,0.1,0.2506283641104698,1050,1550,1650,1680
2025-09-27,0.2308360040187835,0.028383769253422564,1,0,0.4787550417960843,0.5212449582039157,0.5212449582039157,1.0,0.1,0.2506283641104698,1050,1550,1650,1680
2025-09-28,0.2373879998922348,-0.009819382394110066,0,0,0.48644559587161645,0.5135544041283835,0.5135544041283835,1.0,0.1,0.2506283641104698,1050,1550,1650,1680
2025-09-29,0.23505699634552,-0.009155208867426268,0,1,0.5211672606846229,0.47883273931537707,0.5211672606846229,1.0,0.1,0.2506283641104698,1050,1550,1650,1680
2025-09-30,0.2329050004482269,0.06637899320473006,1,0,0.49335700846188213,0.5066429915381179,0.5066429915381179,1.0,0.1,0.2506283641104698,1050,1550,1650,1680
2025-10-01,0.2483649998903274,0.054645350683513394,1,0,0.4679072099807922,0.5320927900192078,0.5320927900192078,1.0,0.1,0.2506283641104698,1050,1550,1650,1680
2025-10-02,0.2619369924068451,-0.01272819762827948,0,0,0.46299606922410924,0.5370039307758907,0.5370039307758907,1.0,0.1,0.2506283641104698,1050,1550,1650,1680
2025-10-03,0.2586030066013336,-0.02972130542795859,0,0,0.4803548924571122,0.5196451075428878,0.5196451075428878,1.0,0.1,0.2506283641104698,1050,1550,1650,1680
2025-10-04,0.250916987657547,0.008118296638812916,1,0,0.4853646543212387,0.5146353456787613,0.5146353456787613,1.0,0.1,0.2506283641104698,1050,1550,1650,1680
2025-10-05,0.2529540061950683,0.052811895008888055,1,1,0.5103032419157186,0.48969675808428137,0.5103032419157186,1.0,0.1,0.2506283641104698,1050,1550,1650,1680
2025-10-06,0.2663129866123199,-0.07133329849291314,0,0,0.4591991178637454,0.5408008821362547,0.5408008821362547,1.0,0.1,0.2492077036703167,1080,1580,1680,1710
2025-10-07,0.2473160028457641,0.033345954015088,1,1,0.5666479916415105,0.4333520083584895,0.5666479916415105,1.0,0.1,0.2492077036703167,1080,1580,1680,1710
2025-10-08,0.2555629909038543,-0.027390446319422224,0,0,0.467535667701976,0.532464332298024,0.532464332298024,1.0,0.1,0.2492077036703167,1080,1580,1680,1710
2025-10-09,0.2485630065202713,-0.22291330363967998,0,1,0.5523438581923179,0.4476561418076821,0.5523438581923179,1.0,0.1,0.2492077036703167,1080,1580,1680,1710
2025-10-10,0.1931550055742263,-0.0399265167681353,0,1,0.5176054606855014,0.4823945393144986,0.5176054606855014,1.0,0.1,0.2492077036703167,1080,1580,1680,1710
2025-10-11,0.1854429990053177,0.1205329682457883,1,1,0.5857546198297611,0.41424538017023893,0.5857546198297611,1.0,0.1,0.2492077036703167,1080,1580,1680,1710
2025-10-12,0.2077949941158294,0.029817884491848634,1,0,0.454421935281436,0.545578064718564,0.545578064718564,1.0,0.1,0.2492077036703167,1080,1580,1680,1710
2025-10-13,0.2139910012483596,-0.044202811103893125,0,0,0.4635547135051482,0.5364452864948518,0.5364452864948518,1.0,0.1,0.2492077036703167,1080,1580,1680,1710
2025-10-14,0.2045319974422454,-0.040115955881977694,0,1,0.5346695303666169,0.4653304696333831,0.5346695303666169,1.0,0.1,0.2492077036703167,1080,1580,1680,1710
2025-10-15,0.1963270008563995,-0.04054463502185379,0,1,0.5384910654734767,0.4615089345265233,0.5384910654734767,1.0,0.1,0.2492077036703167,1080,1580,1680,1710
2025-10-16,0.1883669942617416,-0.01871341050755493,0,1,0.5692272443991306,0.43077275560086936,0.5692272443991306,1.0,0.1,0.2492077036703167,1080,1580,1680,1710
2025-10-17,0.1848420053720474,0.02573550306633754,1,1,0.5405910382959623,0.45940896170403767,0.5405910382959623,1.0,0.1,0.2492077036703167,1080,1580,1680,1710
2025-10-18,0.1895990073680877,0.030190020665252337,1,0,0.4598961142561438,0.5401038857438563,0.5401038857438563,1.0,0.1,0.2492077036703167,1080,1580,1680,1710
2025-10-19,0.1953230053186416,0.024528557385791183,1,0,0.47512763878458,0.52487236121542,0.52487236121542,1.0,0.1,0.2492077036703167,1080,1580,1680,1710
2025-10-20,0.2001139968633651,-0.02860867514561083,0,0,0.4495514007109722,0.5504485992890278,0.5504485992890278,1.0,0.1,0.2492077036703167,1080,1580,1680,1710
2025-10-21,0.1943890005350113,-0.02256818107775105,0,1,0.5053778802705576,0.49462211972944237,0.5053778802705576,1.0,0.1,0.2492077036703167,1080,1580,1680,1710
2025-10-22,0.1900019943714141,0.025483933658217328,1,0,0.49841723177267416,0.5015827682273258,0.5015827682273258,1.0,0.1,0.2492077036703167,1080,1580,1680,1710
2025-10-23,0.1948439925909042,0.014647639192493234,1,0,0.44686097707281314,0.5531390229271869,0.5531390229271869,1.0,0.1,0.2492077036703167,1080,1580,1680,1710
2025-10-24,0.1976979970932006,-0.005599411123056619,0,0,0.4571723604970887,0.5428276395029112,0.5428276395029112,1.0,0.1,0.2492077036703167,1080,1580,1680,1710
2025-10-25,0.1965910047292709,0.046182145545527575,1,0,0.4712866513640516,0.5287133486359483,0.5287133486359483,1.0,0.1,0.2492077036703167,1080,1580,1680,1710
2025-10-26,0.2056699991226196,-0.025711114395592594,0,0,0.4473629722744837,0.5526370277255164,0.5526370277255164,1.0,0.1,0.2492077036703167,1080,1580,1680,1710
2025-10-27,0.2003819942474365,-0.03306183615459579,0,0,0.4847377351957017,0.5152622648042984,0.5152622648042984,1.0,0.1,0.2492077036703167,1080,1580,1680,1710
2025-10-28,0.1937569975852966,-0.007055243127409683,0,1,0.5163155138287848,0.4836844861712152,0.5163155138287848,1.0,0.1,0.2492077036703167,1080,1580,1680,1710
2025-10-29,0.1923899948596954,-0.050314404518168154,0,0,0.4852490015558007,0.5147509984441994,0.5147509984441994,1.0,0.1,0.2492077036703167,1080,1580,1680,1710
2025-10-30,0.1827100068330764,0.02037652772373577,1,1,0.5438927518845352,0.45610724811546477,0.5438927518845352,1.0,0.1,0.2492077036703167,1080,1580,1680,1710
2025-10-31,0.1864330023527145,0.004548525585696295,1,0,0.45742414423290234,0.5425758557670977,0.5425758557670977,1.0,0.1,0.2492077036703167,1080,1580,1680,1710
2025-11-01,0.187280997633934,-0.003780409549009156,0,0,0.457906753952067,0.5420932460479331,0.5420932460479331,1.0,0.1,0.2492077036703167,1080,1580,1680,1710
2025-11-02,0.1865729987621307,-0.10360553266102823,0,0,0.4780947570251559,0.5219052429748441,0.5219052429748441,1.0,0.1,0.2492077036703167,1080,1580,1680,1710
2025-11-03,0.1672430038452148,-0.027193952539531052,0,1,0.5292493730519389,0.47075062694806113,0.5292493730519389,1.0,0.1,0.2492077036703167,1080,1580,1680,1710
2025-11-04,0.1626950055360794,0.028796210244528053,1,1,0.5555885633410996,0.44441143665890037,0.5555885633410996,1.0,0.1,0.2492077036703167,1080,1580,1680,1710
2025-11-05,0.167380005121231,-0.035691297946473965,0,0,0.4455749416292997,0.5544250583707002,0.5544250583707002,1.0,0.1,0.2500365202667986,1110,1610,1710,1740
2025-11-06,0.1614059954881668,0.10697870053222092,1,0,0.48816467171088596,0.511835328289114,0.511835328289114,1.0,0.1,0.2500365202667986,1110,1610,1710,1740
2025-11-07,0.1786729991436004,-0.013941655014427012,0,0,0.4171664293098937,0.5828335706901062,0.5828335706901062,1.0,0.1,0.2500365202667986,1110,1610,1710,1740
2025-11-08,0.1761820018291473,0.01747056297128058,1,0,0.43913555639411495,0.560864443605885,0.560864443605885,1.0,0.1,0.2500365202667986,1110,1610,1710,1740
2025-11-09,0.1792600005865097,0.014247458527415047,1,0,0.42223482057240525,0.5777651794275948,0.5777651794275948,1.0,0.1,0.2500365202667986,1110,1610,1710,1740
2025-11-10,0.1818140000104904,-0.053840765405020474,0,0,0.4482228792562917,0.5517771207437083,0.5517771207437083,1.0,0.1,0.2500365202667986,1110,1610,1710,1740
2025-11-11,0.1720249950885772,-0.011300628651011446,0,1,0.502182295497527,0.497817704502473,0.502182295497527,1.0,0.1,0.2500365202667986,1110,1610,1710,1740
2025-11-12,0.1700810045003891,-0.03401322400155671,0,0,0.4776905920446956,0.5223094079553043,0.5223094079553043,1.0,0.1,0.2500365202667986,1110,1610,1710,1740
2025-11-13,0.1642960011959076,-0.04157135163442449,0,1,0.5317892311998217,0.4682107688001783,0.5317892311998217,1.0,0.1,0.2500365202667986,1110,1610,1710,1740
2025-11-14,0.1574659943580627,0.036014184805217564,1,1,0.5188424105896634,0.4811575894103366,0.5188424105896634,1.0,0.1,0.2500365202667986,1110,1610,1710,1740
2025-11-15,0.1631370037794113,-0.027437127663937688,0,0,0.43407595647294867,0.5659240435270514,0.5659240435270514,1.0,0.1,0.2500365202667986,1110,1610,1710,1740
2025-11-16,0.1586609929800033,-0.04266320571691584,0,1,0.5127455583818311,0.4872544416181689,0.5127455583818311,1.0,0.1,0.2500365202667986,1110,1610,1710,1740
2025-11-17,0.1518920063972473,0.06459851078649681,1,1,0.5287997451139392,0.47120025488606077,0.5287997451139392,1.0,0.1,0.2500365202667986,1110,1610,1710,1740
2025-11-18,0.1617040038108825,-0.045632823837433834,0,0,0.4303101471069349,0.5696898528930652,0.5696898528930652,1.0,0.1,0.2500365202667986,1110,1610,1710,1740
2025-11-19,0.1543249934911728,-0.03390889362554761,0,1,0.5020119211929166,0.4979880788070834,0.5020119211929166,1.0,0.1,0.2500365202667986,1110,1610,1710,1740
2025-11-20,0.1490920037031173,-0.05976175853127186,0,1,0.5103409574483869,0.4896590425516131,0.5103409574483869,1.0,0.1,0.2500365202667986,1110,1610,1710,1740
2025-11-21,0.1401820033788681,0.0008702672508131837,1,1,0.5478914604136852,0.4521085395863148,0.5478914604136852,1.0,0.1,0.2500365202667986,1110,1610,1710,1740
2025-11-22,0.1403039991855621,0.03226567025381799,1,0,0.4756306829607376,0.5243693170392624,0.5243693170392624,1.0,0.1,0.2500365202667986,1110,1610,1710,1740
2025-11-23,0.1448310017585754,0.048076721261010036,1,0,0.4580380126286828,0.5419619873713172,0.5419619873713172,1.0,0.1,0.2500365202667986,1110,1610,1710,1740
2025-11-24,0.1517940014600753,0.007760493732872353,1,0,0.44341515607492854,0.5565848439250715,0.5565848439250715,1.0,0.1,0.2500365202667986,1110,1610,1710,1740
2025-11-25,0.1529719978570938,0.011806120471932635,1,0,0.4366223451730856,0.5633776548269144,0.5633776548269144,1.0,0.1,0.2500365202667986,1110,1610,1710,1740
2025-11-26,0.1547780036926269,-0.013496806000129369,0,0,0.4372570018462743,0.5627429981537257,0.5627429981537257,1.0,0.1,0.2500365202667986,1110,1610,1710,1740
2025-11-27,0.1526889950037002,-0.015777143757773948,0,0,0.44281892133689743,0.5571810786631026,0.5571810786631026,1.0,0.1,0.2500365202667986,1110,1610,1710,1740
2025-11-28,0.1502799987792968,-0.011385387580910789,0,0,0.48764590484442316,0.5123540951555768,0.5123540951555768,1.0,0.1,0.2500365202667986,1110,1610,1710,1740
2025-11-29,0.1485690027475357,-0.012788686234723512,0,0,0.4489608436808563,0.5510391563191437,0.5510391563191437,1.0,0.1,0.2500365202667986,1110,1610,1710,1740
2025-11-30,0.1466690003871917,-0.07555103786629591,0,0,0.4834821043399435,0.5165178956600565,0.5165178956600565,1.0,0.1,0.2500365202667986,1110,1610,1710,1740
2025-12-01,0.1355880051851272,0.0765848968206615,1,1,0.5285340947061354,0.47146590529386456,0.5285340947061354,1.0,0.1,0.2500365202667986,1110,1610,1710,1740
2025-12-02,0.1459719985723495,0.04091194225406958,1,0,0.4193455713813811,0.5806544286186188,0.5806544286186188,1.0,0.1,0.2500365202667986,1110,1610,1710,1740
2025-12-03,0.1519439965486526,-0.02922782848600658,0,0,0.4310474300964268,0.5689525699035731,0.5689525699035731,1.0,0.1,0.2500365202667986,1110,1610,1710,1740
2025-12-04,0.1475030034780502,-0.053361638564996317,0,0,0.46558766881528896,0.5344123311847111,0.5344123311847111,1.0,0.1,0.2500365202667986,1110,1610,1710,1740
2025-12-05,0.1396320015192031,0.0007949377544211877,1,1,0.518162745884084,0.48183725411591605,0.518162745884084,10.0,scale,0.24828859337058048,1140,1640,1740,1770
2025-12-06,0.1397430002689361,-0.008351039678635153,0,0,0.463368780187596,0.536631219812404,0.536631219812404,10.0,scale,0.24828859337058048,1140,1640,1740,1770
2025-12-07,0.1385760009288787,0.029031005159533496,1,1,0.5020262048519292,0.49797379514807083,0.5020262048519292,10.0,scale,0.24828859337058048,1140,1640,1740,1770
2025-12-08,0.1425990015268325,0.03813490911952244,1,0,0.45783718171214505,0.542162818287855,0.542162818287855,10.0,scale,0.24828859337058048,1140,1640,1740,1770
2025-12-09,0.1480370014905929,-0.030546388654998258,0,0,0.44558014869418316,0.5544198513058168,0.5544198513058168,10.0,scale,0.24828859337058048,1140,1640,1740,1770
2025-12-10,0.1435150057077407,-0.021816549233220184,0,0,0.46465751782500736,0.5353424821749926,0.5353424821749926,10.0,scale,0.24828859337058048,1140,1640,1740,1770
2025-12-11,0.1403840035200119,-0.024468605333334392,0,0,0.47303756180538886,0.5269624381946112,0.5269624381946112,10.0,scale,0.24828859337058048,1140,1640,1740,1770
2025-12-12,0.1369490027427673,0.016188469561803753,1,0,0.4697535493790406,0.5302464506209594,0.5302464506209594,10.0,scale,0.24828859337058048,1140,1640,1740,1770
2025-12-13,0.139165997505188,-0.035942630217858484,0,0,0.43234612879577927,0.5676538712042207,0.5676538712042207,10.0,scale,0.24828859337058048,1140,1640,1740,1770
2025-12-14,0.1341640055179596,-0.033034252766173555,0,1,0.5128822470108773,0.48711775298912274,0.5128822470108773,10.0,scale,0.24828859337058048,1140,1640,1740,1770
2025-12-15,0.129731997847557,0.01547810879345679,1,1,0.5228957191330565,0.47710428086694345,0.5228957191330565,10.0,scale,0.24828859337058048,1140,1640,1740,1770
2025-12-16,0.131740003824234,-0.042242313641043694,0,0,0.44681313827992414,0.5531868617200759,0.5531868617200759,10.0,scale,0.24828859337058048,1140,1640,1740,1770
2025-12-17,0.1261750012636184,-0.03271647782021059,0,1,0.5044553679474127,0.49554463205258725,0.5044553679474127,10.0,scale,0.24828859337058048,1140,1640,1740,1770
2025-12-18,0.1220469996333122,0.08330393420471993,1,1,0.5089700806639681,0.4910299193360319,0.5089700806639681,10.0,scale,0.24828859337058048,1140,1640,1740,1770
2025-12-19,0.1322139948606491,-0.001981577036428317,0,0,0.40874270788269584,0.5912572921173042,0.5912572921173042,10.0,scale,0.24828859337058048,1140,1640,1740,1770
2025-12-20,0.1319520026445388,-0.006775267135538221,0,0,0.4282591867334097,0.5717408132665903,0.5717408132665903,10.0,scale,0.24828859337058048,1140,1640,1740,1770
2025-12-21,0.1310579925775528,0.010499191998137425,1,0,0.47797913170097345,0.5220208682990266,0.5220208682990266,10.0,scale,0.24828859337058048,1140,1640,1740,1770
2025-12-22,0.132433995604515,-0.024457397725680896,0,0,0.47239032320412105,0.5276096767958789,0.5276096767958789,10.0,scale,0.24828859337058048,1140,1640,1740,1770
2025-12-23,0.1291950047016143,-0.005240175176150164,0,0,0.4674678230829252,0.5325321769170748,0.5325321769170748,10.0,scale,0.24828859337058048,1140,1640,1740,1770
2025-12-24,0.1285180002450943,-0.038694982559967395,0,0,0.4580722443090352,0.5419277556909647,0.5419277556909647,10.0,scale,0.24828859337058048,1140,1640,1740,1770
2025-12-25,0.1235449984669685,-0.012400306381724513,0,1,0.5094285765558991,0.4905714234441009,0.5094285765558991,10.0,scale,0.24828859337058048,1140,1640,1740,1770
2025-12-26,0.1220130026340484,0.018120995281720065,1,0,0.49975398795147263,0.5002460120485274,0.5002460120485274,10.0,scale,0.24828859337058048,1140,1640,1740,1770
2025-12-27,0.1242239996790885,-0.0032119473188574332,0,0,0.4272400853477314,0.5727599146522686,0.5727599146522686,10.0,scale,0.24828859337058048,1140,1640,1740,1770
2025-12-28,0.1238249987363815,-0.008843100669032933,0,0,0.4663765887209719,0.5336234112790281,0.5336234112790281,10.0,scale,0.24828859337058048,1140,1640,1740,1770
2025-12-29,0.1227300018072128,0.0044487972773117335,1,0,0.4965389561637863,0.5034610438362137,0.5034610438362137,10.0,scale,0.24828859337058048,1140,1640,1740,1770
2025-12-30,0.1232760027050972,-0.048525292634244765,0,0,0.450901918461497,0.5490980815385029,0.5490980815385029,10.0,scale,0.24828859337058048,1140,1640,1740,1770
2025-12-31,0.1172939985990524,0.08002117013258125,1,1,0.5096283725649221,0.4903716274350779,0.5096283725649221,10.0,scale,0.24828859337058048,1140,1640,1740,1770
2026-01-01,0.1266800016164779,0.11835330643329556,1,0,0.43876833765333023,0.5612316623466698,0.5612316623466698,10.0,scale,0.24828859337058048,1140,1640,1740,1770
2026-01-02,0.1416729986667633,0.009776057127025561,1,0,0.42929278055131037,0.5707072194486896,0.5707072194486896,10.0,scale,0.24828859337058048,1140,1640,1740,1770
2026-01-03,0.1430580019950866,0.043688531591195234,1,0,0.44597527326723596,0.554024726732764,0.554024726732764,10.0,scale,0.24828859337058048,1140,1640,1740,1770
2026-01-04,0.1493079960346222,0.016810962994603385,1,0,0.4428252015871115,0.5571747984128885,0.5571747984128885,10.0,scale,0.24428077891588976,1170,1670,1770,1800
2026-01-05,0.1518180072307586,-0.00780539782068379,0,0,0.40501340537397895,0.5949865946260211,0.5949865946260211,10.0,scale,0.24428077891588976,1170,1670,1770,1800
2026-01-06,0.1506330072879791,-0.029064054028119846,0,0,0.45633056741216343,0.5436694325878366,0.5436694325878366,10.0,scale,0.24428077891588976,1170,1670,1770,1800
2026-01-07,0.1462550014257431,-0.029127233429380506,0,0,0.47323563217464626,0.5267643678253537,0.5267643678253537,10.0,scale,0.24428077891588976,1170,1670,1770,1800
2026-01-08,0.1419949978590011,-0.010669397383158974,0,1,0.5203140209460236,0.47968597905397636,0.5203140209460236,10.0,scale,0.24428077891588976,1170,1670,1770,1800
2026-01-09,0.1404799968004226,-0.007168213938589574,0,0,0.49660718732212855,0.5033928126778715,0.5033928126778715,10.0,scale,0.24428077891588976,1170,1670,1770,1800
2026-01-10,0.1394730061292648,-0.012446854258203688,0,0,0.46413419570566383,0.5358658042943362,0.5358658042943362,10.0,scale,0.24428077891588976,1170,1670,1770,1800
2026-01-11,0.1377370059490203,-0.008690549576377049,0,1,0.5296737779724322,0.4703262220275678,0.5296737779724322,10.0,scale,0.24428077891588976,1170,1670,1770,1800
2026-01-12,0.1365399956703186,0.08462722649809384,1,1,0.5228775112844968,0.4771224887155032,0.5228775112844968,10.0,scale,0.24428077891588976,1170,1670,1770,1800
2026-01-13,0.1480949968099594,-0.005888119590034324,0,0,0.3909318933505745,0.6090681066494255,0.6090681066494255,10.0,scale,0.24428077891588976,1170,1670,1770,1800
2026-01-14,0.1472229957580566,-0.04909560435823279,0,0,0.4871684679820211,0.5128315320179788,0.5128315320179788,10.0,scale,0.24428077891588976,1170,1670,1770,1800
2026-01-15,0.1399949938058853,-0.013828984965787328,0,1,0.5139473661032744,0.4860526338967256,0.5139473661032744,10.0,scale,0.24428077891588976,1170,1670,1770,1800
2026-01-16,0.1380590051412582,-0.001933948502658156,0,0,0.44720442306881064,0.5527955769311894,0.5527955769311894,10.0,scale,0.24428077891588976,1170,1670,1770,1800
2026-01-17,0.1377920061349868,-0.04450914965991892,0,0,0.4012450760845337,0.5987549239154664,0.5987549239154664,10.0,scale,0.24428077891588976,1170,1670,1770,1800
2026-01-18,0.1316590011119842,-0.01968720226595322,0,1,0.5135675808102219,0.4864324191897781,0.5135675808102219,10.0,scale,0.24428077891588976,1170,1670,1770,1800
2026-01-19,0.1290670037269592,-0.04493790942488274,0,1,0.5362376460991691,0.46376235390083087,0.5362376460991691,10.0,scale,0.24428077891588976,1170,1670,1770,1800
2026-01-20,0.1232670024037361,0.026065335933735723,1,0,0.4689599471285275,0.5310400528714725,0.5310400528714725,10.0,scale,0.24428077891588976,1170,1670,1770,1800
2026-01-21,0.1264799982309341,-0.017971227139152224,0,0,0.45610422881430074,0.5438957711856993,0.5438957711856993,10.0,scale,0.24428077891588976,1170,1670,1770,1800
2026-01-22,0.1242069974541664,0.0035344474862932795,1,0,0.4364259885604938,0.5635740114395063,0.5635740114395063,10.0,scale,0.24428077891588976,1170,1670,1770,1800
2026-01-23,0.1246460005640983,-0.004412511088810023,0,0,0.4695549689326204,0.5304450310673796,0.5304450310673796,10.0,scale,0.24428077891588976,1170,1670,1770,1800
2026-01-24,0.1240959987044334,-0.038655530901603785,0,0,0.408048451174824,0.591951548825176,0.591951548825176,10.0,scale,0.24428077891588976,1170,1670,1770,1800
2026-01-25,0.1192990019917488,0.025155256597206632,1,1,0.5455814436847414,0.4544185563152586,0.5455814436847414,10.0,scale,0.24428077891588976,1170,1670,1770,1800
2026-01-26,0.1222999989986419,0.030335255416627627,1,0,0.44619319152095394,0.5538068084790461,0.5538068084790461,10.0,scale,0.24428077891588976,1170,1670,1770,1800
2026-01-27,0.126010000705719,-0.009023119563577597,0,0,0.4164786433470548,0.5835213566529451,0.5835213566529451,10.0,scale,0.24428077891588976,1170,1670,1770,1800
2026-01-28,0.1248729974031448,-0.062255215788384,0,0,0.45253064859831643,0.5474693514016835,0.5474693514016835,10.0,scale,0.24428077891588976,1170,1670,1770,1800
2026-01-29,0.1170990020036697,-0.012263149368807569,0,1,0.5458498620545796,0.45415013794542036,0.5458498620545796,10.0,scale,0.24428077891588976,1170,1670,1770,1800
2026-01-30,0.1156629994511604,-0.09998012757645014,0,0,0.4860225453800318,0.5139774546199682,0.5139774546199682,10.0,scale,0.24428077891588976,1170,1670,1770,1800
2026-01-31,0.1040989980101585,0.0023535758944124296,1,1,0.5830851587733705,0.4169148412266295,0.5830851587733705,10.0,scale,0.24428077891588976,1170,1670,1770,1800
2026-02-01,0.1043440029025077,0.03373454058479197,1,1,0.515348307086848,0.484651692913152,0.515348307086848,10.0,scale,0.24428077891588976,1170,1670,1770,1800
2026-02-02,0.107863999903202,-0.020562936594152315,0,1,0.5065371376621016,0.4934628623378984,0.5065371376621016,10.0,scale,0.24428077891588976,1170,1670,1770,1800
2026-02-03,0.1056459993124008,-0.017785805291924972,0,1,0.520137772094412,0.47986222790558797,0.520137772094412,10.0,scale,0.24070398674097254,1200,1700,1800,1830
2026-02-04,0.1037670001387596,-0.14919003737317016,0,1,0.500066165653948,0.499933834346052,0.500066165653948,10.0,scale,0.24070398674097254,1200,1700,1800,1830
2026-02-05,0.0882859975099563,0.11556763440557116,1,1,0.5910414064997751,0.4089585935002249,0.5910414064997751,10.0,scale,0.24070398674097254,1200,1700,1800,1830
2026-02-06,0.0984890013933181,-0.002152512639032489,0,0,0.3891141241029598,0.6108858758970401,0.6108858758970401,10.0,scale,0.24070398674097254,1200,1700,1800,1830
2026-02-07,0.0982770025730133,-0.015659811943672497,0,0,0.4567324470586044,0.5432675529413956,0.5432675529413956,10.0,scale,0.24070398674097254,1200,1700,1800,1830
2026-02-08,0.0967380031943321,-0.0074118402289597984,0,0,0.4615937931013823,0.5384062068986177,0.5384062068986177,10.0,scale,0.24070398674097254,1200,1700,1800,1830
2026-02-09,0.0960209965705871,-0.03459657720682918,0,0,0.49755295577320424,0.5024470442267958,0.5024470442267958,10.0,scale,0.24070398674097254,1200,1700,1800,1830
2026-02-10,0.0926989987492561,-0.01779952481339453,0,1,0.5080190801031218,0.4919809198968782,0.5080190801031218,10.0,scale,0.24070398674097254,1200,1700,1800,1830
2026-02-11,0.0910490006208419,0.021307175957560487,1,1,0.5171168691943002,0.4828831308056998,0.5171168691943002,10.0,scale,0.24070398674097254,1200,1700,1800,1830
2026-02-12,0.0929889976978302,0.03863903611090702,1,0,0.4598196097164906,0.5401803902835094,0.5401803902835094,10.0,scale,0.24070398674097254,1200,1700,1800,1830
2026-02-13,0.0965820029377937,0.15103227898258598,1,0,0.43182647674763874,0.5681735232523613,0.5681735232523613,10.0,scale,0.24070398674097254,1200,1700,1800,1830
2026-02-14,0.1111690029501915,-0.0765681528486547,0,0,0.3921355199983125,0.6078644800016875,0.6078644800016875,10.0,scale,0.24070398674097254,1200,1700,1800,1830
2026-02-15,0.1026569977402687,-0.01631642131747102,0,1,0.553203143435307,0.44679685656469303,0.553203143435307,10.0,scale,0.24070398674097254,1200,1700,1800,1830
2026-02-16,0.1009820029139518,-0.003475909492513307,0,0,0.43139474555833907,0.5686052544416609,0.5686052544416609,10.0,scale,0.24070398674097254,1200,1700,1800,1830
2026-02-17,0.1006309986114502,-0.021047181556920425,0,0,0.44833854024460135,0.5516614597553986,0.5516614597553986,10.0,scale,0.24070398674097254,1200,1700,1800,1830
2026-02-18,0.0985129997134208,-0.0022636944209923904,0,0,0.47749629766435553,0.5225037023356445,0.5225037023356445,10.0,scale,0.24070398674097254,1200,1700,1800,1830
2026-02-19,0.0982899963855743,0.018648965378183835,1,1,0.5069199968111066,0.49308000318889345,0.5069199968111066,10.0,scale,0.24070398674097254,1200,1700,1800,1830
2026-02-20,0.1001230031251907,-0.0164298531612892,0,0,0.4584935034118149,0.5415064965881851,0.5415064965881851,10.0,scale,0.24070398674097254,1200,1700,1800,1830
2026-02-21,0.0984779968857765,-0.0307174741836449,0,0,0.4277556230302478,0.5722443769697523,0.5722443769697523,10.0,scale,0.24070398674097254,1200,1700,1800,1830
2026-02-22,0.0954530015587806,-0.030171912155382286,0,0,0.4898413988738873,0.5101586011261128,0.5101586011261128,10.0,scale,0.24070398674097254,1200,1700,1800,1830
2026-02-23,0.0925730019807815,-0.01200134761235827,0,1,0.5132645279648707,0.48673547203512935,0.5132645279648707,10.0,scale,0.24070398674097254,1200,1700,1800,1830
2026-02-24,0.0914620012044906,0.10143011197132124,1,0,0.47160431770881084,0.5283956822911892,0.5283956822911892,10.0,scale,0.24070398674097254,1200,1700,1800,1830
2026-02-25,0.1007390022277832,-0.03682785837692082,0,0,0.3718158950065188,0.6281841049934812,0.6281841049934812,10.0,scale,0.24070398674097254,1200,1700,1800,1830
2026-02-26,0.0970290005207061,-0.03771040063542819,0,0,0.46071664991186195,0.539283350088138,0.539283350088138,10.0,scale,0.24070398674097254,1200,1700,1800,1830
2026-02-27,0.0933699980378151,0.007432786178066975,1,0,0.4762369474365048,0.5237630525634952,0.5237630525634952,10.0,scale,0.24070398674097254,1200,1700,1800,1830
2026-02-28,0.0940639972686767,-0.022697245857760784,0,0,0.4296405050211144,0.5703594949788856,0.5703594949788856,10.0,scale,0.24070398674097254,1200,1700,1800,1830
2026-03-01,0.0919290035963058,0.01760051584868272,1,0,0.4463737125278546,0.5536262874721454,0.5536262874721454,10.0,scale,0.24070398674097254,1200,1700,1800,1830
2026-03-02,0.0935470014810562,-0.037563997003425054,0,0,0.42943474736640247,0.5705652526335976,0.5705652526335976,10.0,scale,0.24070398674097254,1200,1700,1800,1830
2026-03-03,0.0900330021977424,0.09990777079656832,1,0,0.49072793036755386,0.5092720696324462,0.5092720696324462,10.0,scale,0.24070398674097254,1200,1700,1800,1830
2026-03-04,0.0990279987454414,-0.05545908067923777,0,0,0.37927293096262815,0.6207270690373718,0.6207270690373718,10.0,scale,0.24070398674097254,1200,1700,1800,1830
2026-03-05,0.0935359969735145,-0.02431148678739803,0,0,0.43998627096359044,0.5600137290364096,0.5600137290364096,10.0,scale,0.23739305926429627,1230,1730,1830,1860
2026-03-06,0.0912619978189468,-0.014518599021077105,0,0,0.44122325259541184,0.5587767474045882,0.5587767474045882,10.0,scale,0.23739305926429627,1230,1730,1830,1860
2026-03-07,0.0899370014667511,-0.008606063718920476,0,0,0.43588585418403425,0.5641141458159658,0.5641141458159658,10.0,scale,0.23739305926429627,1230,1730,1830,1860
2026-03-08,0.0891629979014396,0.013671639820493464,1,0,0.4992832954329191,0.5007167045670808,0.5007167045670808,10.0,scale,0.23739305926429627,1230,1730,1830,1860
2026-03-09,0.0903820022940635,0.04608219676301828,1,0,0.46812738075548743,0.5318726192445126,0.5318726192445126,10.0,scale,0.23739305926429627,1230,1730,1830,1860
2026-03-10,0.0945470035076141,-0.017568009289919306,0,0,0.44442467185508067,0.5555753281449194,0.5555753281449194,10.0,scale,0.23739305926429627,1230,1730,1830,1860
2026-03-11,0.0928860008716583,0.01991690347950459,1,0,0.4191566342219574,0.5808433657780425,0.5808433657780425,10.0,scale,0.23739305926429627,1230,1730,1830,1860
2026-03-12,0.0947360023856163,0.012761761446942188,1,0,0.40723492859578825,0.5927650714042118,0.5927650714042118,10.0,scale,0.23739305926429627,1230,1730,1830,1860
2026-03-13,0.0959450006484985,0.00047944014064826845,1,0,0.4571800192838825,0.5428199807161175,0.5428199807161175,10.0,scale,0.23739305926429627,1230,1730,1830,1860
2026-03-14,0.0959910005331039,0.014615916832547704,1,0,0.4040064267576455,0.5959935732423545,0.5959935732423545,10.0,scale,0.23739305926429627,1230,1730,1830,1860
2026-03-15,0.0973939970135688,0.05900779842351622,1,0,0.4515188385660973,0.5484811614339027,0.5484811614339027,10.0,scale,0.23739305926429627,1230,1730,1830,1860
2026-03-16,0.103141002357006,-0.02891193035559092,0,0,0.42456536957985,0.57543463042015,0.57543463042015,10.0,scale,0.23739305926429627,1230,1730,1830,1860
2026-03-17,0.1001589968800544,-0.04968097791039894,0,0,0.467045310973363,0.532954689026637,0.532954689026637,10.0,scale,0.23739305926429627,1230,1730,1830,1860
2026-03-18,0.0951829999685287,-0.017135403889678713,0,0,0.49117343412070275,0.5088265658792972,0.5088265658792972,10.0,scale,0.23739305926429627,1230,1730,1830,1860
2026-03-19,0.0935520008206367,0.006616658982631307,1,0,0.4669365402877233,0.5330634597122768,0.5330634597122768,10.0,scale,0.23739305926429627,1230,1730,1830,1860
2026-03-20,0.0941710025072097,-0.03137913470382836,0,0,0.4704581353611754,0.5295418646388246,0.5295418646388246,10.0,scale,0.23739305926429627,1230,1730,1830,1860
2026-03-21,0.0912159979343414,-0.012190834714008614,0,0,0.49825437987261934,0.5017456201273807,0.5017456201273807,10.0,scale,0.23739305926429627,1230,1730,1830,1860
2026-03-22,0.0901039987802505,0.04532538573855138,1,1,0.5311220425212659,0.46887795747873406,0.5311220425212659,10.0,scale,0.23739305926429627,1230,1730,1830,1860
2026-03-23,0.0941879972815513,0.009714675218892355,1,0,0.4569568483611282,0.5430431516388718,0.5430431516388718,10.0,scale,0.23739305926429627,1230,1730,1830,1860
2026-03-24,0.0951030030846595,0.010683137126544562,1,0,0.42389568679916323,0.5761043132008368,0.5761043132008368,10.0,scale,0.23739305926429627,1230,1730,1830,1860
2026-03-25,0.0961190015077591,-0.042624243907816384,0,0,0.46255651180749474,0.5374434881925052,0.5374434881925052,10.0,scale,0.23739305926429627,1230,1730,1830,1860
2026-03-26,0.0920220017433166,-0.021788304478412623,0,0,0.4905745422873427,0.5094254577126573,0.5094254577126573,10.0,scale,0.23739305926429627,1230,1730,1830,1860
2026-03-27,0.0900169983506202,0.009664888990344789,1,0,0.4648687006684359,0.5351312993315641,0.5351312993315641,10.0,scale,0.23739305926429627,1230,1730,1830,1860
2026-03-28,0.090887002646923,-0.005391335612875747,0,0,0.4701866685778566,0.5298133314221434,0.5298133314221434,10.0,scale,0.23739305926429627,1230,1730,1830,1860
2026-03-29,0.0903970003128051,0.0034735363738869207,1,0,0.4573112506444945,0.5426887493555055,0.5426887493555055,10.0,scale,0.23739305926429627,1230,1730,1830,1860
2026-03-30,0.0907109975814819,0.01650296541509877,1,0,0.48484455352978323,0.5151554464702168,0.5151554464702168,10.0,scale,0.23739305926429627,1230,1730,1830,1860
2026-03-31,0.0922079980373382,-0.00018430911312827813,0,0,0.4357772517046086,0.5642227482953914,0.5642227482953914,10.0,scale,0.23739305926429627,1230,1730,1830,1860
2026-04-01,0.0921910032629966,-0.019709112908889548,0,0,0.4212627521088632,0.5787372478911368,0.5787372478911368,10.0,scale,0.23739305926429627,1230,1730,1830,1860
2026-04-02,0.0903740003705024,0.012846633079394376,1,0,0.45204679692513977,0.5479532030748602,0.5479532030748602,10.0,scale,0.23739305926429627,1230,1730,1830,1860
2026-04-03,0.0915350019931793,0.005276656774342969,1,0,0.4142347431260647,0.5857652568739353,0.5857652568739353,10.0,scale,0.23739305926429627,1230,1730,1830,1860
2026-04-04,0.0920180007815361,0.002705974933538746,1,0,0.4320027204008363,0.5679972795991637,0.5679972795991637,1.0,scale,0.24118282316780826,1260,1760,1860,1890
2026-04-05,0.0922669991850853,-0.018121318647883022,0,0,0.45994628617377414,0.5400537138262258,0.5400537138262258,1.0,scale,0.24118282316780826,1260,1760,1860,1890
2026-04-06,0.0905949994921684,0.04902037139000037,1,0,0.4856877042549791,0.5143122957450209,0.5143122957450209,1.0,scale,0.24118282316780826,1260,1760,1860,1890
2026-04-07,0.0950360000133514,-0.027768457191382767,0,0,0.4119160461773075,0.5880839538226925,0.5880839538226925,1.0,scale,0.24118282316780826,1260,1760,1860,1890
2026-04-08,0.0923969969153404,0.0014394441234661937,1,0,0.4587505635818116,0.5412494364181883,0.5412494364181883,1.0,scale,0.24118282316780826,1260,1760,1860,1890
2026-04-09,0.0925299972295761,0.013012065383456672,1,0,0.44785291303397623,0.5521470869660238,0.5521470869660238,1.0,scale,0.24118282316780826,1260,1760,1860,1890
2026-04-10,0.0937340036034584,-0.006635844481635456,0,0,0.43911849744108256,0.5608815025589174,0.5608815025589174,1.0,scale,0.24118282316780826,1260,1760,1860,1890
2026-04-11,0.0931119993329048,-0.024465161661965107,0,0,0.44816030269134766,0.5518396973086523,0.5518396973086523,1.0,scale,0.24118282316780826,1260,1760,1860,1890
2026-04-12,0.0908339992165565,0.036241955790137226,1,0,0.4831741917638718,0.5168258082361282,0.5168258082361282,1.0,scale,0.24118282316780826,1260,1760,1860,1890
2026-04-13,0.0941260010004043,-0.011835235199959437,0,0,0.42889582754227096,0.571104172457729,0.571104172457729,1.0,scale,0.24118282316780826,1260,1760,1860,1890
2026-04-14,0.0930119976401329,0.020502794848932027,1,0,0.47517982136099424,0.5248201786390058,0.5248201786390058,1.0,scale,0.24118282316780826,1260,1760,1860,1890
2026-04-15,0.0949190035462379,0.04505945259950028,1,0,0.41231684041054345,0.5876831595894565,0.5876831595894565,1.0,scale,0.24118282316780826,1260,1760,1860,1890
2026-04-16,0.0991960018873214,0.0035182879317809945,1,0,0.43351292883003273,0.5664870711699672,0.5664870711699672,1.0,scale,0.24118282316780826,1260,1760,1860,1890
2026-04-17,0.0995450019836425,-0.046622169011452885,0,0,0.43739908751158174,0.5626009124884183,0.5626009124884183,1.0,scale,0.24118282316780826,1260,1760,1860,1890
2026-04-18,0.0949039980769157,-0.019430122896428648,0,0,0.4672572010180696,0.5327427989819304,0.5327427989819304,1.0,scale,0.24118282316780826,1260,1760,1860,1890
2026-04-19,0.0930600017309188,0.02349022465589745,1,0,0.4769649026630961,0.5230350973369039,0.5230350973369039,1.0,scale,0.24118282316780826,1260,1760,1860,1890
2026-04-20,0.0952460020780563,-0.000997441899068141,0,0,0.4275061190254642,0.5724938809745358,0.5724938809745358,1.0,scale,0.24118282316780826,1260,1760,1860,1890
2026-04-21,0.0951509997248649,0.006169156862320335,1,0,0.4394208649847699,0.56057913501523,0.56057913501523,1.0,scale,0.24118282316780826,1260,1760,1860,1890
2026-04-22,0.0957380011677742,0.01530218089288482,1,0,0.4647283477440347,0.5352716522559653,0.5352716522559653,1.0,scale,0.24118282316780826,1260,1760,1860,1890
2026-04-23,0.0972030013799667,0.012890562782004178,1,0,0.4353030880028765,0.5646969119971235,0.5646969119971235,1.0,scale,0.24118282316780826,1260,1760,1860,1890
2026-04-24,0.0984560027718544,-0.004143995618160923,0,0,0.43215851584070897,0.567841484159291,0.567841484159291,1.0,scale,0.24118282316780826,1260,1760,1860,1890
2026-04-25,0.0980480015277862,0.012657050497804523,1,0,0.43187835089620147,0.5681216491037986,0.5681216491037986,1.0,scale,0.24118282316780826,1260,1760,1860,1890
2026-04-26,0.0992890000343322,-0.0031322919474390254,0,0,0.4461830552941882,0.5538169447058118,0.5538169447058118,1.0,scale,0.24118282316780826,1260,1760,1860,1890
2026-04-27,0.0989779978990554,0.004051457469332442,1,0,0.46576094835244347,0.5342390516475566,0.5342390516475566,1.0,scale,0.24118282316780826,1260,1760,1860,1890
2026-04-28,0.0993790030479431,0.046679877622722854,1,0,0.45290699195204065,0.5470930080479594,0.5470930080479594,1.0,scale,0.24118282316780826,1260,1760,1860,1890
2026-04-29,0.1040180027484893,0.02379396693374347,1,0,0.4361287880661902,0.5638712119338098,0.5638712119338098,1.0,scale,0.24118282316780826,1260,1760,1860,1890
2026-04-30,0.1064930036664009,0.01785087491304438,1,0,0.4069846131789338,0.5930153868210661,0.5930153868210661,1.0,scale,0.24118282316780826,1260,1760,1860,1890
2026-05-01,0.1083939969539642,0.00047977797689835455,1,0,0.4287214411870384,0.5712785588129616,0.5712785588129616,1.0,scale,0.24118282316780826,1260,1760,1860,1890
2026-05-02,0.1084460020065307,-0.0015860806343995781,0,0,0.4513688387100833,0.5486311612899166,0.5486311612899166,1.0,scale,0.24118282316780826,1260,1760,1860,1890
2026-05-03,0.1082739979028701,0.017529652931506767,1,0,0.47199975242163894,0.5280002475783611,0.5280002475783611,1.0,scale,0.24118282316780826,1260,1760,1860,1890
2026-05-04,0.1101720035076141,0.0427694231622886,1,0,0.4699989038300948,0.5300010961699052,0.5300010961699052,1.0,0.1,0.24516556864584033,1290,1790,1890,1920
2026-05-05,0.1148839965462684,-0.02138672868696001,0,0,0.4767078490233631,0.5232921509766368,0.5232921509766368,1.0,0.1,0.24516556864584033,1290,1790,1890,1920
2026-05-06,0.1124270036816597,-0.04106669603770097,0,1,0.5309783478329941,0.46902165216700586,0.5309783478329941,1.0,0.1,0.24516556864584033,1290,1790,1890,1920
2026-05-07,0.1078099980950355,0.015267643505227024,1,1,0.5406300805229736,0.45936991947702643,0.5406300805229736,1.0,0.1,0.24516556864584033,1290,1790,1890,1920
2026-05-08,0.1094560027122497,-0.006751577979782986,0,1,0.5097354096463226,0.4902645903536774,0.5097354096463226,1.0,0.1,0.24516556864584033,1290,1790,1890,1920
2026-05-09,0.1087170019745826,0.03496229273132401,1,1,0.519681473126754,0.48031852687324605,0.519681473126754,1.0,0.1,0.24516556864584033,1290,1790,1890,1920
2026-05-10,0.1125179976224899,-0.011047079475377641,0,0,0.4846566740382041,0.5153433259617959,0.5153433259617959,1.0,0.1,0.24516556864584033,1290,1790,1890,1920
2026-05-11,0.1112750023603439,-0.011314303145922744,0,1,0.5216262786560826,0.4783737213439174,0.5216262786560826,1.0,0.1,0.24516556864584033,1290,1790,1890,1920
2026-05-12,0.1100160032510757,0.024487308698614818,1,1,0.5155705267663527,0.48442947323364727,0.5155705267663527,1.0,0.1,0.24516556864584033,1290,1790,1890,1920
2026-05-13,0.1127099990844726,0.022890621694800828,1,0,0.49294924771555565,0.5070507522844443,0.5070507522844443,1.0,0.1,0.24516556864584033,1290,1790,1890,1920
2026-05-14,0.1152900010347366,-0.01674910407560759,0,0,0.4801244474723457,0.5198755525276544,0.5198755525276544,1.0,0.1,0.24516556864584033,1290,1790,1890,1920
2026-05-15,0.1133589968085289,-0.035259645764348146,0,0,0.4770658132845129,0.5229341867154871,0.5229341867154871,1.0,0.1,0.24516556864584033,1290,1790,1890,1920
2026-05-16,0.1093619987368583,-0.005367508363866125,0,0,0.49397728319168577,0.5060227168083142,0.5060227168083142,1.0,0.1,0.24516556864584033,1290,1790,1890,1920
2026-05-17,0.1087749972939491,-0.03791313050903755,0,1,0.504502871494243,0.495497128505757,0.504502871494243,1.0,0.1,0.24516556864584033,1290,1790,1890,1920
2026-05-18,0.1046509966254234,-0.016512009559435104,0,1,0.5560088249719312,0.44399117502806884,0.5560088249719312,1.0,0.1,0.24516556864584033,1290,1790,1890,1920
2026-05-19,0.10292299836874,0.006325135689348782,1,0,0.4674368261068365,0.5325631738931635,0.5325631738931635,1.0,0.1,0.24516556864584033,1290,1790,1890,1920
2026-05-20,0.1035740002989769,0.018537468024057535,1,0,0.4978872862484037,0.5021127137515963,0.5021127137515963,1.0,0.1,0.24516556864584033,1290,1790,1890,1920
2026-05-21,0.1054940000176429,-0.030703152339844997,0,0,0.4938737491602105,0.5061262508397895,0.5061262508397895,1.0,0.1,0.24516556864584033,1290,1790,1890,1920
2026-05-22,0.1022550016641616,0.007109655669589543,1,0,0.49384716596103806,0.5061528340389619,0.5061528340389619,1.0,0.1,0.24516556864584033,1290,1790,1890,1920
2026-05-23,0.1029819995164871,-0.007651853818656296,0,1,0.5047698436964421,0.49523015630355793,0.5047698436964421,1.0,0.1,0.24516556864584033,1290,1790,1890,1920
2026-05-24,0.102193996310234,-0.0012426869567657706,0,0,0.45184010125894836,0.5481598987410516,0.5481598987410516,1.0,0.1,0.24516556864584033,1290,1790,1890,1920
2026-05-25,0.1020670011639595,-0.01134547919984541,0,0,0.47271360617083397,0.5272863938291661,0.5272863938291661,1.0,0.1,0.24516556864584033,1290,1790,1890,1920
2026-05-26,0.1009090021252632,-0.004885638622077693,0,1,0.5179175754783215,0.4820824245216785,0.5179175754783215,1.0,0.1,0.24516556864584033,1290,1790,1890,1920
2026-05-27,0.1004159972071647,-0.009988420051126434,0,0,0.4891325102202278,0.5108674897797723,0.5108674897797723,1.0,0.1,0.24516556864584033,1290,1790,1890,1920
2026-05-28,0.0994130000472068,0.002273329052932649,1,1,0.5071282967271212,0.49287170327287877,0.5071282967271212,1.0,0.1,0.24516556864584033,1290,1790,1890,1920
2026-05-29,0.0996389985084533,0.007487071273251766,1,0,0.4787027630642227,0.5212972369357773,0.5212972369357773,1.0,0.1,0.24516556864584033,1290,1790,1890,1920
2026-05-30,0.1003850027918815,-0.0012850460613379466,0,0,0.4691066296424247,0.5308933703575753,0.5308933703575753,1.0,0.1,0.24516556864584033,1290,1790,1890,1920
2026-05-31,0.1002560034394264,0.0047877053533877945,1,0,0.47651581739062343,0.5234841826093766,0.5234841826093766,1.0,0.1,0.24516556864584033,1290,1790,1890,1920
2026-06-01,0.1007359996438026,-0.0809839417118694,0,1,0.5057263219903102,0.4942736780096898,0.5057263219903102,1.0,0.1,0.24516556864584033,1290,1790,1890,1920
2026-06-02,0.092578001320362,-0.013178106602258821,0,1,0.5554485262504154,0.4445514737495846,0.5554485262504154,1.0,0.1,0.24516556864584033,1290,1790,1890,1920
2026-06-03,0.0913579985499382,-0.0325970042235838,0,0,0.4903013831769823,0.5096986168230178,0.5096986168230178,1.0,0.1,0.2517865424010856,1320,1820,1920,1950
2026-06-04,0.0883800014853477,-0.0794297802179923,0,1,0.5400149674885362,0.45998503251146383,0.5400149674885362,1.0,0.1,0.2517865424010856,1320,1820,1920,1950
2026-06-05,0.0813599973917007,0.006059549335098557,1,1,0.544692718509922,0.45530728149007804,0.544692718509922,1.0,0.1,0.2517865424010856,1320,1820,1920,1950
2026-06-06,0.0818530023097992,0.051751281889772294,1,1,0.5063756107986034,0.4936243892013966,0.5063756107986034,1.0,0.1,0.2517865424010856,1320,1820,1920,1950
2026-06-07,0.0860890001058578,0.00231153291266617,1,0,0.4467374297747773,0.5532625702252227,0.5532625702252227,1.0,0.1,0.2517865424010856,1320,1820,1920,1950
2026-06-08,0.086287997663021,-0.017395165118073708,0,0,0.45256507948577424,0.5474349205142257,0.5474349205142257,1.0,0.1,0.2517865424010856,1320,1820,1920,1950
2026-06-09,0.0847870036959648,-0.021607095797430365,0,0,0.48822523226017567,0.5117747677398243,0.5117747677398243,1.0,0.1,0.2517865424010856,1320,1820,1920,1950
2026-06-10,0.082955002784729,0.036405230378356856,1,0,0.486049165091635,0.513950834908365,0.513950834908365,1.0,0.1,0.2517865424010856,1320,1820,1920,1950
2026-06-11,0.0859749987721443,-0.00012790994031008918,0,0,0.42854275835951317,0.5714572416404868,0.5714572416404868,1.0,0.1,0.2517865424010856,1320,1820,1920,1950
2026-06-12,0.0859640017151832,0.02218368639750845,1,0,0.48098461605402965,0.5190153839459704,0.5190153839459704,1.0,0.1,0.2517865424010856,1320,1820,1920,1950
2026-06-13,0.0878710001707077,0.010185396689085913,1,0,0.40814929132741773,0.5918507086725823,0.5918507086725823,1.0,0.1,0.2517865424010856,1320,1820,1920,1950
2026-06-14,0.0887660011649131,-0.007401478482698565,0,0,0.4312837305093203,0.5687162694906798,0.5687162694906798,1.0,0.1,0.2517865424010856,1320,1820,1920,1950
2026-06-15,0.0881090015172958,-0.011281529606055885,0,0,0.4802957468808267,0.5197042531191733,0.5197042531191733,1.0,0.1,0.2517865424010856,1320,1820,1920,1950
2026-06-16,0.0871149972081184,-0.015129430055154436,0,0,0.44649845063292404,0.553501549367076,0.553501549367076,1.0,0.1,0.2517865424010856,1320,1820,1920,1950
2026-06-17,0.0857969969511032,-0.027646616145678538,0,0,0.4696759393584003,0.5303240606415998,0.5303240606415998,1.0,0.1,0.2517865424010856,1320,1820,1920,1950
2026-06-18,0.0834250003099441,0.0012346038452411001,1,0,0.49516879470671793,0.5048312052932821,0.5048312052932821,1.0,0.1,0.2517865424010856,1320,1820,1920,1950
2026-06-19,0.083527997136116,0.000814115643133162,1,0,0.4845675379578912,0.5154324620421088,0.5154324620421088,1.0,0.1,0.2517865424010856,1320,1820,1920,1950
2026-06-20,0.0835959985852241,-0.01703430416846996,0,0,0.49784441341448793,0.5021555865855121,0.5021555865855121,1.0,0.1,0.2517865424010856,1320,1820,1920,1950
2026-06-21,0.0821719989180564,0.0028476900633871427,1,0,0.4765824380331103,0.5234175619668897,0.5234175619668897,1.0,0.1,0.2517865424010856,1320,1820,1920,1950
2026-06-22,0.082405999302864,-0.043261395258340274,0,0,0.49255895455858606,0.507441045441414,0.507441045441414,1.0,0.1,0.2517865424010856,1320,1820,1920,1950
2026-06-23,0.0788410007953643,-0.03589501278603113,0,1,0.5275564568125007,0.47244354318749926,0.5275564568125007,1.0,0.1,0.2517865424010856,1320,1820,1920,1950
2026-06-24,0.0760110020637512,-0.016102981133940597,0,1,0.5308494918042195,0.4691505081957805,0.5308494918042195,1.0,0.1,0.2517865424010856,1320,1820,1920,1950
2026-06-25,0.0747869983315467,0.011699943244203093,1,1,0.5007353854793656,0.4992646145206344,0.5007353854793656,1.0,0.1,0.2517865424010856,1320,1820,1920,1950
2026-06-26,0.0756620019674301,-0.016283016887339796,0,0,0.4778031578317663,0.5221968421682337,0.5221968421682337,1.0,0.1,0.2517865424010856,1320,1820,1920,1950
2026-06-27,0.0744299963116645,-0.01796317753313892,0,0,0.4763011273898291,0.5236988726101709,0.5236988726101709,1.0,0.1,0.2517865424010856,1320,1820,1920,1950
2026-06-28,0.0730929970741272,0.002626810633965082,1,1,0.5047404983503957,0.4952595016496043,0.5047404983503957,1.0,0.1,0.2517865424010856,1320,1820,1920,1950
2026-06-29,0.0732849985361099,-0.017616147625299727,0,1,0.5016910655128408,0.4983089344871592,0.5016910655128408,1.0,0.1,0.2517865424010856,1320,1820,1920,1950
2026-06-30,0.0719939991831779,0.0025418946398014786,1,1,0.5074087132940169,0.49259128670598307,0.5074087132940169,1.0,0.1,0.2517865424010856,1320,1820,1920,1950
2026-07-01,0.0721770003437995,0.026365704929262712,1,0,0.4786071688914769,0.5213928311085231,0.5213928311085231,1.0,0.1,0.2517865424010856,1320,1820,1920,1950
2026-07-02,0.0740799978375434,0.04603137390500467,1,0,0.4578622495712803,0.5421377504287197,0.5421377504287197,1.0,0.1,0.2517865424010856,1320,1820,1920,1950
2026-07-03,0.0774900019168853,0.0012775308032328958,1,0,0.41870266921032684,0.5812973307896732,0.5812973307896732,0.1,scale,0.25177780253849336,1350,1850,1950,1980
2026-07-04,0.0775889977812767,0.001868862902264512,1,0,0.43377417270559504,0.566225827294405,0.566225827294405,0.1,scale,0.25177780253849336,1350,1850,1950,1980
2026-07-05,0.077734000980854,-0.014806943280834095,0,0,0.4363012358883537,0.5636987641116463,0.5636987641116463,0.1,scale,0.25177780253849336,1350,1850,1950,1980
2026-07-06,0.0765829980373382,-0.03132545874049819,0,0,0.45922779854325063,0.5407722014567493,0.5407722014567493,0.1,scale,0.25177780253849336,1350,1850,1950,1980
2026-07-07,0.0741840004920959,-0.02524805138353614,0,0,0.4641809788264661,0.5358190211735339,0.5358190211735339,0.1,scale,0.25177780253849336,1350,1850,1950,1980
2026-07-08,0.0723109990358352,0.007578344384549629,1,0,0.4736075210889284,0.5263924789110717,0.5263924789110717,0.1,scale,0.25177780253849336,1350,1850,1950,1980
2026-07-09,0.0728589966893196,0.016305502144448925,1,0,0.4528311214313764,0.5471688785686236,0.5471688785686236,0.1,scale,0.25177780253849336,1350,1850,1950,1980
2026-07-10,0.0740469992160797,-0.010506800879818146,0,0,0.4469810777693714,0.5530189222306285,0.5530189222306285,0.1,scale,0.25177780253849336,1350,1850,1950,1980
2026-07-11,0.0732690021395683,-0.007997967052875032,0,0,0.4537928878472124,0.5462071121527876,0.5462071121527876,0.1,scale,0.25177780253849336,1350,1850,1950,1980
2026-07-12,0.072682999074459,-0.011446953142722815,0,0,0.45606469117957,0.54393530882043,0.54393530882043,0.1,scale,0.25177780253849336,1350,1850,1950,1980
2026-07-13,0.0718510001897811,0.03604682777670565,1,0,0.46360164941607196,0.536398350583928,0.536398350583928,0.1,scale,0.25177780253849336,1350,1850,1950,1980
2026-07-14,0.0744410008192062,-0.005333138764097245,0,0,0.437047890147614,0.562952109852386,0.562952109852386,0.1,scale,0.25177780253849336,1350,1850,1950,1980
2026-07-15,0.0740439966320991,-0.02299975940874366,0,0,0.448207596599855,0.551792403400145,0.551792403400145,0.1,scale,0.25177780253849336,1350,1850,1950,1980
2026-07-16,0.072341002523899,0.0023499798392183635,1,0,0.4552435140820969,0.544756485917903,0.544756485917903,0.1,scale,0.25177780253849336,1350,1850,1950,1980
2026-07-17,0.072511002421379,-0.0005792075881221326,0,0,0.4528824063791258,0.5471175936208742,0.5471175936208742,0.1,scale,0.25177780253849336,1350,1850,1950,1980
2026-07-18,0.0724690034985542,-0.0021940806806067803,0,0,0.4463971733061691,0.5536028266938309,0.5536028266938309,0.1,scale,0.25177780253849336,1350,1850,1950,1980
2026-07-19,0.0723100006580352,-0.002364794270832249,0,0,0.45430175966327435,0.5456982403367256,0.5456982403367256,0.1,scale,0.25177780253849336,1350,1850,1950,1980
2026-07-20,0.0721390023827552,0.01584442509878592,1,0,0.47279624396781483,0.5272037560321852,0.5272037560321852,0.1,scale,0.25177780253849336,1350,1850,1950,1980
2026-07-21,0.0732820034027099,-0.004503167223546489,0,0,0.43851744102543877,0.5614825589745612,0.5614825589745612,0.1,scale,0.25177780253849336,1350,1850,1950,1980
2026-07-22,0.072952002286911,-0.05234953916947249,0,0,0.44891493993549336,0.5510850600645066,0.5510850600645066,0.1,scale,0.25177780253849336,1350,1850,1950,1980
2026-07-23,0.0691329985857009,0.005612426680219773,1,0,0.4903625159388101,0.5096374840611899,0.5096374840611899,0.1,scale,0.25177780253849336,1350,1850,1950,1980
2026-07-24,0.0695210024714469,0.030983444238428248,1,0,0.4549103584156136,0.5450896415843864,0.5450896415843864,0.1,scale,0.25177780253849336,1350,1850,1950,1980
2026-07-25,0.0716750025749206,0.022629909846678453,1,0,0.43918816106849534,0.5608118389315047,0.5608118389315047,0.1,scale,0.25177780253849336,1350,1850,1950,1980
2026-07-26,0.0732970014214515,-0.04042456019192131,0,0,0.43138986521389366,0.5686101347861063,0.5686101347861063,0.1,scale,0.25177780253849336,1350,1850,1950,1980
2026-07-27,0.0703340023756027,0.005914574785991444,1,0,0.46589810719056546,0.5341018928094345,0.5341018928094345,0.1,scale,0.25177780253849336,1350,1850,1950,1980
2026-07-28,0.0707499980926513,-0.009554751185353205,0,0,0.4496285299619733,0.5503714700380267,0.5503714700380267,0.1,scale,0.25177780253849336,1350,1850,1950,1980
2026-07-29,0.0700739994645118,0.006821352462097918,1,0,0.45942266659561926,0.5405773334043807,0.5405773334043807,0.1,scale,0.25177780253849336,1350,1850,1950,1980
2026-07-30,0.0705519989132881,-0.0146275411911444,0,0,0.4435367470843523,0.5564632529156477,0.5564632529156477,0.1,scale,0.25177780253849336,1350,1850,1950,1980
2026-07-31,0.0695199966430664,-0.0064441309313150175,0,0,0.4624165196736465,0.5375834803263535,0.5375834803263535,0.1,scale,0.25177780253849336,1350,1850,1950,1980
2026-08-01,0.0690720006823539,0.023265589702251566,1,0,0.44909617704121385,0.5509038229587861,0.5509038229587861,0.1,scale,0.25177780253849336,1350,1850,1950,1980
2026-08-02,0.0706790015101432,-0.007569487818054665,0,0,0.42923531590803204,0.570764684091968,0.570764684091968,0.1,scale,0.24745360947653677,1380,1880,1980,2010
2026-08-03,0.0701439976692199,-0.0014398961269386223,0,0,0.447538161251563,0.552461838748437,0.552461838748437,0.1,scale,0.24745360947653677,1380,1880,1980,2010
2026-08-04,0.070042997598648,-0.0008708636899940059,0,0,0.43726642396752,0.56273357603248,0.56273357603248,0.1,scale,0.24745360947653677,1380,1880,1980,2010
2026-08-05,0.069981999695301,-0.014203607540862362,0,0,0.44383124210086156,0.5561687578991384,0.5561687578991384,0.1,scale,0.24745360947653677,1380,1880,1980,2010
2026-08-06,0.0689880028367042,0.009204471168960282,1,0,0.45348697505547136,0.5465130249445287,0.5465130249445287,0.1,scale,0.24745360947653677,1380,1880,1980,2010
2026-08-07,0.0696230009198188,0.011030814345890816,1,0,0.4413187452436644,0.5586812547563356,0.5586812547563356,0.1,scale,0.24745360947653677,1380,1880,1980,2010
2026-08-08,0.0703909993171691,-0.01613839106154613,0,0,0.43074591502124243,0.5692540849787575,0.5692540849787575,0.1,scale,0.24745360947653677,1380,1880,1980,2010
2026-08-09,0.0692550018429756,0.00625222627172195,1,0,0.4482521260715083,0.5517478739284918,0.5517478739284918,0.1,scale,0.24745360947653677,1380,1880,1980,2010
2026-08-10,0.0696879997849464,0.03075139268060223,1,0,0.4435075406296137,0.5564924593703864,0.5564924593703864,0.1,scale,0.24745360947653677,1380,1880,1980,2010
2026-08-11,0.071831002831459,-0.031170437405106388,0,0,0.4291727826349493,0.5708272173650507,0.5708272173650507,0.1,scale,0.24745360947653677,1380,1880,1980,2010
2026-08-12,0.069591999053955,0.0071416030011306475,1,0,0.4562985383341,0.5437014616658999,0.5437014616658999,0.1,scale,0.24745360947653677,1380,1880,1980,2010
2026-08-13,0.0700889974832534,-0.0012412851196934582,0,0,0.42887300702080333,0.5711269929791967,0.5711269929791967,0.1,scale,0.24745360947653677,1380,1880,1980,2010
2026-08-14,0.0700019970536232,-0.006456914681259085,0,0,0.44071975209890807,0.5592802479010919,0.5592802479010919,0.1,scale,0.24745360947653677,1380,1880,1980,2010
2026-08-15,0.0695500001311302,-0.000977734708553557,0,0,0.44061861148551895,0.559381388514481,0.559381388514481,0.1,scale,0.24745360947653677,1380,1880,1980,2010
2026-08-16,0.0694819986820221,0.012463707880445263,1,0,0.44779205310364373,0.5522079468963563,0.5522079468963563,0.1,scale,0.24745360947653677,1380,1880,1980,2010
2026-08-17,0.0703480020165443,-0.0019190953054295523,0,0,0.4473554414716781,0.552644558528322,0.552644558528322,0.1,scale,0.24745360947653677,1380,1880,1980,2010
2026-08-18,0.070212997496128,0.067779561789588,1,0,0.4400827038446428,0.5599172961553571,0.5599172961553571,0.1,scale,0.24745360947653677,1380,1880,1980,2010
2026-08-19,0.074972003698349,0.07269374072553192,1,0,0.4345738226243569,0.565426177375643,0.565426177375643,0.1,scale,0.24745360947653677,1380,1880,1980,2010
2026-08-20,0.0804219990968704,0.13932758189737338,1,0,0.4044115718455287,0.5955884281544713,0.5955884281544713,0.1,scale,0.24745360947653677,1380,1880,1980,2010
2026-08-21,0.0916270017623901,0.0035470087416065166,1,0,0.40261677755201497,0.597383222447985,0.597383222447985,0.1,scale,0.24745360947653677,1380,1880,1980,2010
2026-08-22,0.0919520035386085,0.015943084800506435,1,0,0.42552190582639554,0.5744780941736045,0.5744780941736045,0.1,scale,0.24745360947653677,1380,1880,1980,2010
2026-08-23,0.093418002128601,-0.03755166548203437,0,0,0.41586741600646643,0.5841325839935336,0.5841325839935336,0.1,scale,0.24745360947653677,1380,1880,1980,2010
2026-08-24,0.0899100005626678,-0.04664663382256984,0,0,0.44865317342710465,0.5513468265728954,0.5513468265728954,0.1,scale,0.24745360947653677,1380,1880,1980,2010
2026-08-25,0.085716001689434,0.02362453580552537,1,0,0.46577438828228307,0.5342256117177169,0.5342256117177169,0.1,scale,0.24745360947653677,1380,1880,1980,2010
2026-08-26,0.0877410024404525,0.015978824764584676,1,0,0.43095002212136263,0.5690499778786373,0.5690499778786373,0.1,scale,0.24745360947653677,1380,1880,1980,2010
2026-08-27,0.0891430005431175,-0.04401912947819053,0,0,0.4376008450144167,0.5623991549855833,0.5623991549855833,0.1,scale,0.24745360947653677,1380,1880,1980,2010
2026-08-28,0.0852190032601356,0.0007274936196772774,1,0,0.4721546511364947,0.5278453488635053,0.5278453488635053,0.1,scale,0.24745360947653677,1380,1880,1980,2010
2026-08-29,0.0852809995412826,-0.03733537581221125,0,0,0.43727842817957707,0.5627215718204229,0.5627215718204229,0.1,scale,0.24745360947653677,1380,1880,1980,2010
2026-08-30,0.0820970013737678,0.0087335610456718,1,0,0.4982917352817313,0.5017082647182687,0.5017082647182687,0.1,scale,0.24745360947653677,1380,1880,1980,2010
2026-08-31,0.0828140005469322,-0.014116013458080778,0,0,0.4405853331424325,0.5594146668575675,0.5594146668575675,0.1,scale,0.24745360947653677,1380,1880,1980,2010
