timestamp,close,future_return_1d,y_true,prediction,prob_positive,prob_negative,confidence,selected_C,selected_gamma,validation_brier,fold_start,train_end,validation_end,test_end
2022-10-22,0.0596939995884895,0.010939100920333011,1,0,0.48690476361843565,0.5130952363815644,0.5130952363815644,10.0,scale,0.24673845534809064,0,500,600,630
2022-10-23,0.0603469982743263,-0.013936056640563521,0,1,0.5021161265505325,0.4978838734494675,0.5021161265505325,10.0,scale,0.24673845534809064,0,500,600,630
2022-10-24,0.0595059990882873,0.056733769388337185,1,1,0.5489544620771091,0.4510455379228909,0.5489544620771091,10.0,scale,0.24673845534809064,0,500,600,630
2022-10-25,0.0628819987177848,0.15772406215776358,1,1,0.543571963996468,0.456428036003532,0.543571963996468,10.0,scale,0.24673845534809064,0,500,600,630
2022-10-26,0.0728000029921531,0.057939519505118,1,0,0.3632788759386377,0.6367211240613623,0.6367211240613623,10.0,scale,0.24673845534809064,0,500,600,630
2022-10-27,0.0770180001854896,0.08931680697087518,1,1,0.5205280694518198,0.47947193054818016,0.5205280694518198,10.0,scale,0.24673845534809064,0,500,600,630
2022-10-28,0.0838970020413398,0.44943197283593594,1,1,0.5503999529762977,0.44960004702370227,0.5503999529762977,10.0,scale,0.24673845534809064,0,500,600,630
2022-10-29,0.1216029971837997,-0.03125741746449062,0,1,0.6865647419900945,0.31343525800990546,0.6865647419900945,10.0,scale,0.24673845534809064,0,500,600,630
2022-10-30,0.1178020015358924,0.07830091953655227,1,1,0.6092067060215262,0.39079329397847384,0.6092067060215262,10.0,scale,0.24673845534809064,0,500,600,630
2022-10-31,0.1270260065793991,0.12240791941318796,1,1,0.6482109483697673,0.35178905163023266,0.6482109483697673,10.0,scale,0.24673845534809064,0,500,600,630
2022-11-01,0.1425749957561493,-0.1034192352336103,0,1,0.6515939736496426,0.34840602635035745,0.6515939736496426,10.0,scale,0.24673845534809064,0,500,600,630
2022-11-02,0.1278299987316131,-0.040976270282330085,0,1,0.7248903438601799,0.2751096561398201,0.7248903438601799,10.0,scale,0.24673845534809064,0,500,600,630
2022-11-03,0.1225920021533966,0.030083468963815196,1,1,0.7743379106820775,0.22566208931792253,0.7743379106820775,10.0,scale,0.24673845534809064,0,500,600,630
2022-11-04,0.1262799948453903,-0.014982523467147235,0,1,0.7501999803784551,0.24980001962154486,0.7501999803784551,10.0,scale,0.24673845534809064,0,500,600,630
2022-11-05,0.124388001859188,-0.07864103635353514,0,1,0.7308385044077031,0.26916149559229685,0.7308385044077031,10.0,scale,0.24673845534809064,0,500,600,630
2022-11-06,0.114606000483036,-0.02885538094559814,0,1,0.7388456311070742,0.26115436889292576,0.7388456311070742,10.0,scale,0.24673845534809064,0,500,600,630
2022-11-07,0.1112990006804466,-0.20565326748380164,0,1,0.7429049875517164,0.2570950124482836,0.7429049875517164,10.0,scale,0.24673845534809064,0,500,600,630
2022-11-08,0.0884099975228309,-0.15973300273575564,0,1,0.786442516915514,0.21355748308448597,0.786442516915514,10.0,scale,0.24673845534809064,0,500,600,630
2022-11-09,0.0742880031466484,0.20866087834566804,1,1,0.6926019720336375,0.3073980279663625,0.6926019720336375,10.0,scale,0.24673845534809064,0,500,600,630
2022-11-10,0.0897890031337738,-0.0546169550842589,0,1,0.5258551198044069,0.4741448801955931,0.5258551198044069,10.0,scale,0.24673845534809064,0,500,600,630
2022-11-11,0.0848850011825561,0.03715617701705054,1,1,0.6658398229364042,0.3341601770635958,0.6658398229364042,10.0,scale,0.24673845534809064,0,500,600,630
2022-11-12,0.0880390033125877,-0.035734164269220825,0,0,0.3697993875534208,0.6302006124465792,0.6302006124465792,10.0,scale,0.24673845534809064,0,500,600,630
2022-11-13,0.0848930031061172,0.011614560670013985,1,0,0.47268925090285,0.52731074909715,0.52731074909715,10.0,scale,0.24673845534809064,0,500,600,630
2022-11-14,0.0858789980411529,0.012715586123226652,1,0,0.39006231772422023,0.6099376822757798,0.6099376822757798,10.0,scale,0.24673845534809064,0,500,600,630
2022-11-15,0.0869709998369216,-0.01595932511211695,0,0,0.359131796464397,0.640868203535603,0.640868203535603,10.0,scale,0.24673845534809064,0,500,600,630
2022-11-16,0.0855830013751983,-0.009557963971724592,0,0,0.4227049851399362,0.5772950148600637,0.5772950148600637,10.0,scale,0.24673845534809064,0,500,600,630
2022-11-17,0.0847650021314621,-0.0010972169557331712,0,0,0.4754195261074371,0.5245804738925629,0.5245804738925629,10.0,scale,0.24673845534809064,0,500,600,630
2022-11-18,0.0846719965338707,-0.0010746639332391839,0,1,0.5038884975065828,0.4961115024934172,0.5038884975065828,10.0,scale,0.24673845534809064,0,500,600,630
2022-11-19,0.0845810025930404,-0.08757288189939083,0,1,0.5154078684150918,0.4845921315849082,0.5154078684150918,10.0,scale,0.24673845534809064,0,500,600,630
2022-11-20,0.077174000442028,-0.03191486794079135,0,1,0.6202733291476891,0.37972667085231093,0.6202733291476891,10.0,scale,0.24673845534809064,0,500,600,630
2022-11-21,0.0747110024094581,0.05055476711588658,1,0,0.47670440342093084,0.5232955965790691,0.5232955965790691,10.0,scale,0.25164950263960867,30,530,630,660
2022-11-22,0.0784879997372627,0.04201915595082428,1,0,0.4578343494556678,0.5421656505443322,0.5421656505443322,10.0,scale,0.25164950263960867,30,530,630,660
2022-11-23,0.081785999238491,-0.0037292075679887793,0,0,0.45528252332560354,0.5447174766743965,0.5447174766743965,10.0,scale,0.25164950263960867,30,530,630,660
2022-11-24,0.0814810022711753,0.09810871148511935,1,0,0.4435697167698664,0.5564302832301335,0.5564302832301335,10.0,scale,0.25164950263960867,30,530,630,660
2022-11-25,0.0894749984145164,-0.005442858438299503,0,0,0.44541631265551646,0.5545836873444836,0.5545836873444836,10.0,scale,0.25164950263960867,30,530,630,660
2022-11-26,0.0889879986643791,0.10927314640347574,1,0,0.4417454560800906,0.5582545439199094,0.5582545439199094,10.0,scale,0.25164950263960867,30,530,630,660
2022-11-27,0.0987119972705841,-0.036368377752115544,0,0,0.4328144930608841,0.5671855069391158,0.5671855069391158,10.0,scale,0.25164950263960867,30,530,630,660
2022-11-28,0.0951220020651817,0.07076171575614998,1,0,0.4525873922658581,0.5474126077341419,0.5474126077341419,10.0,scale,0.25164950263960867,30,530,630,660
2022-11-29,0.101852998137474,0.049159071101975815,1,0,0.4589748172276411,0.5410251827723589,0.5410251827723589,10.0,scale,0.25164950263960867,30,530,630,660
2022-11-30,0.1068599969148635,-0.04937296174043737,0,0,0.45269386900505726,0.5473061309949427,0.5473061309949427,10.0,scale,0.25164950263960867,30,530,630,660
2022-12-01,0.1015840023756027,0.0055519967400041725,1,0,0.4654211475604079,0.534578852439592,0.534578852439592,10.0,scale,0.25164950263960867,30,530,630,660
2022-12-02,0.1021479964256286,-0.02275130283779725,0,0,0.4655429225948341,0.5344570774051659,0.5344570774051659,10.0,scale,0.25164950263960867,30,530,630,660
2022-12-03,0.0998239964246749,0.04469870840377266,1,0,0.46787164410649906,0.5321283558935009,0.5321283558935009,10.0,scale,0.25164950263960867,30,530,630,660
2022-12-04,0.1042860001325607,-0.02696429171045589,0,0,0.465583468803314,0.534416531196686,0.534416531196686,10.0,scale,0.25164950263960867,30,530,630,660
2022-12-05,0.1014740020036697,-0.011786313998712106,0,0,0.4816706890834035,0.5183293109165965,0.5183293109165965,10.0,scale,0.25164950263960867,30,530,630,660
2022-12-06,0.1002779975533485,-0.04482533545185252,0,0,0.47394949899674743,0.5260505010032526,0.5260505010032526,10.0,scale,0.25164950263960867,30,530,630,660
2022-12-07,0.0957830026745796,0.028783791131411274,1,0,0.4836939194907264,0.5163060805092736,0.5163060805092736,10.0,scale,0.25164950263960867,30,530,630,660
2022-12-08,0.0985400006175041,-0.019058258413564566,0,0,0.46845429128622723,0.5315457087137727,0.5315457087137727,10.0,scale,0.25164950263960867,30,530,630,660
2022-12-09,0.0966619998216629,-0.0021208202344522586,0,0,0.4714640903264694,0.5285359096735306,0.5285359096735306,10.0,scale,0.25164950263960867,30,530,630,660
2022-12-10,0.0964569970965385,-0.037135727217766035,0,0,0.4724209249762625,0.5275790750237375,0.5275790750237375,10.0,scale,0.25164950263960867,30,530,630,660
2022-12-11,0.0928749963641166,-0.028177595535700206,0,0,0.46952717769560526,0.5304728223043947,0.5304728223043947,10.0,scale,0.25164950263960867,30,530,630,660
2022-12-12,0.0902580022811889,0.007556076229067399,1,0,0.47677464404770287,0.5232253559522971,0.5232253559522971,10.0,scale,0.25164950263960867,30,530,630,660
2022-12-13,0.0909399986267089,-0.02667691319508103,0,0,0.4516649281073789,0.5483350718926211,0.5483350718926211,10.0,scale,0.25164950263960867,30,530,630,660
2022-12-14,0.0885140001773834,-0.0428407120854053,0,0,0.4515840628290113,0.5484159371709887,0.5484159371709887,10.0,scale,0.25164950263960867,30,530,630,660
2022-12-15,0.0847219973802566,-0.10363300459037061,0,0,0.460489407690402,0.539510592309598,0.539510592309598,10.0,scale,0.25164950263960867,30,530,630,660
2022-12-16,0.0759420022368431,0.04378341770528782,1,0,0.492177712139097,0.507822287860903,0.507822287860903,10.0,scale,0.25164950263960867,30,530,630,660
2022-12-17,0.0792670026421547,-0.007897425302685557,0,0,0.45048711198376845,0.5495128880162315,0.5495128880162315,10.0,scale,0.25164950263960867,30,530,630,660
2022-12-18,0.0786409974098205,-0.09170786666737374,0,0,0.45665922090327715,0.5433407790967228,0.5433407790967228,10.0,scale,0.25164950263960867,30,530,630,660
2022-12-19,0.0714289993047714,0.049083669012263575,1,0,0.49571658973482907,0.504283410265171,0.504283410265171,10.0,scale,0.25164950263960867,30,530,630,660
2022-12-20,0.074934996664524,-0.016761147410342403,0,0,0.448603425531946,0.551396574468054,0.551396574468054,10.0,scale,0.25164950263960867,30,530,630,660
2022-12-21,0.0736790001392364,0.044626023912563095,1,0,0.4314763772746585,0.5685236227253415,0.5685236227253415,0.1,scale,0.25470205621135195,60,560,660,690
2022-12-22,0.0769670009613037,0.0021047718099389545,1,0,0.41027402471191404,0.5897259752880859,0.5897259752880859,0.1,scale,0.25470205621135195,60,560,660,690
2022-12-23,0.0771289989352226,0.006728986515655233,1,0,0.4086961728529762,0.5913038271470238,0.5913038271470238,0.1,scale,0.25470205621135195,60,560,660,690
2022-12-24,0.0776479989290237,-0.021842134200649177,0,0,0.40446627694638215,0.5955337230536178,0.5955337230536178,0.1,scale,0.25470205621135195,60,560,660,690
2022-12-25,0.0759520009160041,-0.0022251095118204223,0,0,0.4474395579112919,0.552560442088708,0.552560442088708,0.1,scale,0.25470205621135195,60,560,660,690
2022-12-26,0.0757829993963241,-0.027169652384888,0,0,0.41166829963692353,0.5883317003630765,0.5883317003630765,0.1,scale,0.25470205621135195,60,560,660,690
2022-12-27,0.0737240016460418,-0.04534481218320008,0,0,0.43328755949943387,0.5667124405005661,0.5667124405005661,0.1,scale,0.25470205621135195,60,560,660,690
2022-12-28,0.0703810006380081,0.009391747821228646,1,0,0.45665317961502405,0.543346820384976,0.543346820384976,0.1,scale,0.25470205621135195,60,560,660,690
2022-12-29,0.071042001247406,-0.037133029389532224,0,0,0.4187855783688623,0.5812144216311377,0.5812144216311377,0.1,scale,0.25470205621135195,60,560,660,690
2022-12-30,0.0684039965271949,0.02763001837811485,1,0,0.4573735075006185,0.5426264924993816,0.5426264924993816,0.1,scale,0.25470205621135195,60,560,660,690
2022-12-31,0.0702940002083778,-0.0009815891356809159,0,0,0.41189358620025296,0.588106413799747,0.588106413799747,0.1,scale,0.25470205621135195,60,560,660,690
2023-01-01,0.0702250003814697,0.017500933643416428,1,0,0.4201357331704136,0.5798642668295864,0.5798642668295864,0.1,scale,0.25470205621135195,60,560,660,690
2023-01-02,0.0714540034532547,-0.013799120244694874,0,0,0.4367414387842893,0.5632585612157107,0.5632585612157107,0.1,scale,0.25470205621135195,60,560,660,690
2023-01-03,0.0704680010676384,0.03929444267346671,1,0,0.42400113084104424,0.5759988691589557,0.5759988691589557,0.1,scale,0.25470205621135195,60,560,660,690
2023-01-04,0.0732370018959045,-0.023034874702229424,0,0,0.41577682804029925,0.5842231719597007,0.5842231719597007,0.1,scale,0.25470205621135195,60,560,660,690
2023-01-05,0.0715499967336654,0.01285821362247419,1,0,0.4297170828132691,0.570282917186731,0.570282917186731,0.1,scale,0.25470205621135195,60,560,660,690
2023-01-06,0.0724700018763542,-0.0034221059656150965,0,0,0.41095610382976716,0.5890438961702329,0.5890438961702329,0.1,scale,0.25470205621135195,60,560,660,690
2023-01-07,0.072222001850605,0.019093878943077902,1,0,0.41415547186044477,0.5858445281395552,0.5858445281395552,0.1,scale,0.25470205621135195,60,560,660,690
2023-01-08,0.0736010000109672,0.02965989270297431,1,0,0.4210630364434755,0.5789369635565245,0.5789369635565245,0.1,scale,0.25470205621135195,60,560,660,690
2023-01-09,0.0757839977741241,0.025665099813637626,1,0,0.4326545156459919,0.5673454843540081,0.5673454843540081,0.1,scale,0.25470205621135195,60,560,660,690
2023-01-10,0.0777290016412735,0.00545481907212042,1,0,0.4256585816327879,0.5743414183672121,0.5743414183672121,0.1,scale,0.25470205621135195,60,560,660,690
2023-01-11,0.0781529992818832,0.027292674458444743,1,0,0.44290356687205346,0.5570964331279465,0.5570964331279465,0.1,scale,0.25470205621135195,60,560,660,690
2023-01-12,0.0802860036492347,0.05171511548325225,1,0,0.4338890600812861,0.5661109399187139,0.5661109399187139,0.1,scale,0.25470205621135195,60,560,660,690
2023-01-13,0.0844380035996437,0.034167066896306775,1,0,0.4334542674411363,0.5665457325588636,0.5665457325588636,0.1,scale,0.25470205621135195,60,560,660,690
2023-01-14,0.0873230025172233,-0.013650509650140585,0,0,0.42936958890621063,0.5706304110937894,0.5706304110937894,0.1,scale,0.25470205621135195,60,560,660,690
2023-01-15,0.0861309990286827,-0.0289674833029957,0,0,0.4550273113597352,0.5449726886402648,0.5449726886402648,0.1,scale,0.25470205621135195,60,560,660,690
2023-01-16,0.083636000752449,-0.007819564036455229,0,0,0.4675277896876601,0.5324722103123398,0.5324722103123398,0.1,scale,0.25470205621135195,60,560,660,690
2023-01-17,0.0829820036888122,-0.03363382744088994,0,0,0.46163731547541115,0.5383626845245888,0.5383626845245888,0.1,scale,0.25470205621135195,60,560,660,690
2023-01-18,0.0801910012960434,0.018318778294709848,1,0,0.4683164621490811,0.5316835378509188,0.5316835378509188,0.1,scale,0.25470205621135195,60,560,660,690
2023-01-19,0.0816600024700164,0.05808222827644083,1,0,0.45239590357873666,0.5476040964212634,0.5476040964212634,0.1,scale,0.25470205621135195,60,560,660,690
2023-01-20,0.0864029973745346,-0.018957620601658398,0,0,0.46112968781807173,0.5388703121819283,0.5388703121819283,0.1,scale,0.2528206325923204,90,590,690,720
2023-01-21,0.0847650021314621,0.04175067412524536,1,0,0.49438624540233506,0.5056137545976649,0.5056137545976649,0.1,scale,0.2528206325923204,90,590,690,720
2023-01-22,0.0883039981126785,0.0034087183202238247,1,0,0.46546845203475284,0.5345315479652472,0.5345315479652472,0.1,scale,0.2528206325923204,90,590,690,720
2023-01-23,0.0886050015687942,-0.052536577679017205,0,0,0.4798542362864824,0.5201457637135176,0.5201457637135176,0.1,scale,0.2528206325923204,90,590,690,720
2023-01-24,0.0839499980211258,0.03149496724140666,1,1,0.5038605576268916,0.49613944237310836,0.5038605576268916,0.1,scale,0.2528206325923204,90,590,690,720
2023-01-25,0.0865940004587173,-0.002552129714475604,0,0,0.4649531565704236,0.5350468434295764,0.5350468434295764,0.1,scale,0.2528206325923204,90,590,690,720
2023-01-26,0.0863730013370513,0.008683243409610242,1,0,0.4777103948821126,0.5222896051178874,0.5222896051178874,0.1,scale,0.2528206325923204,90,590,690,720
2023-01-27,0.0871229991316795,0.007632904948247976,1,0,0.46987799908452066,0.5301220009154793,0.5301220009154793,0.1,scale,0.2528206325923204,90,590,690,720
2023-01-28,0.0877880007028579,0.02785115745058886,1,0,0.4708832964250952,0.5291167035749048,0.5291167035749048,0.1,scale,0.2528206325923204,90,590,690,720
2023-01-29,0.0902329981327056,-0.021012284173189677,0,0,0.4605959253194932,0.5394040746805068,0.5394040746805068,0.1,scale,0.2528206325923204,90,590,690,720
2023-01-30,0.0883369967341423,0.08863784940965491,1,0,0.4917393441561791,0.508260655843821,0.508260655843821,0.1,scale,0.2528206325923204,90,590,690,720
2023-01-31,0.0961669981479644,-0.02075551570907541,0,0,0.4381373296560426,0.5618626703439574,0.5618626703439574,0.1,scale,0.2528206325923204,90,590,690,720
2023-02-01,0.0941710025072097,-0.03389578539138438,0,0,0.48816261603951894,0.5118373839604811,0.5118373839604811,0.1,scale,0.2528206325923204,90,590,690,720
2023-02-02,0.0909790024161338,0.022071010593322393,1,0,0.49419665815785035,0.5058033418421497,0.5058033418421497,0.1,scale,0.2528206325923204,90,590,690,720
2023-02-03,0.0929870009422302,0.030057920737816213,1,0,0.46509546261888596,0.5349045373811141,0.5349045373811141,0.1,scale,0.2528206325923204,90,590,690,720
2023-02-04,0.095781996846199,-0.03849360459788753,0,0,0.46617690935765055,0.5338230906423495,0.5338230906423495,0.1,scale,0.2528206325923204,90,590,690,720
2023-02-05,0.0920950025320053,-0.027645419197587784,0,0,0.49187066700377535,0.5081293329962246,0.5081293329962246,0.1,scale,0.2528206325923204,90,590,690,720
2023-02-06,0.0895489975810051,0.033802718231862094,1,0,0.48442479669741934,0.5155752033025807,0.5155752033025807,0.1,scale,0.2528206325923204,90,590,690,720
2023-02-07,0.0925759971141815,-0.02614069313193923,0,0,0.46694438787117487,0.5330556121288251,0.5330556121288251,0.1,scale,0.2528206325923204,90,590,690,720
2023-02-08,0.0901559963822364,-0.09623319898387861,0,0,0.4892788750997468,0.5107211249002532,0.5107211249002532,0.1,scale,0.2528206325923204,90,590,690,720
2023-02-09,0.0814799964427948,-0.004786367302300976,0,1,0.536392949911571,0.46360705008842895,0.536392949911571,0.1,scale,0.2528206325923204,90,590,690,720
2023-02-10,0.0810900032520294,0.01580958194793025,1,0,0.47067264282374605,0.529327357176254,0.529327357176254,0.1,scale,0.2528206325923204,90,590,690,720
2023-02-11,0.0823720023036003,-0.0027679631555723727,0,0,0.4535619621157935,0.5464380378842064,0.5464380378842064,0.1,scale,0.2528206325923204,90,590,690,720
2023-02-12,0.0821439996361732,0.00014612005009184692,1,0,0.474257482294019,0.525742517705981,0.525742517705981,0.1,scale,0.2528206325923204,90,590,690,720
2023-02-13,0.0821560025215148,0.01677296533751682,1,0,0.4706221295494779,0.5293778704505221,0.5293778704505221,0.1,scale,0.2528206325923204,90,590,690,720
2023-02-14,0.0835340023040771,0.06891800240890311,1,0,0.4316167623142549,0.5683832376857452,0.5683832376857452,0.1,scale,0.2528206325923204,90,590,690,720
2023-02-15,0.0892909988760948,-0.047563610633292064,0,0,0.4308859193150212,0.5691140806849788,0.5691140806849788,0.1,scale,0.2528206325923204,90,590,690,720
2023-02-16,0.0850439965724945,0.032006992563435865,1,0,0.4745167770222587,0.5254832229777413,0.5254832229777413,0.1,scale,0.2528206325923204,90,590,690,720
2023-02-17,0.0877659991383552,0.013228375841157991,1,0,0.43263907740048785,0.5673609225995122,0.5673609225995122,0.1,scale,0.2528206325923204,90,590,690,720
2023-02-18,0.0889270007610321,-0.022051798069302686,0,0,0.4403549453460624,0.5596450546539375,0.5596450546539375,0.1,scale,0.2528206325923204,90,590,690,720
2023-02-19,0.0869660004973411,0.014281407414889369,1,0,0.47897052476515417,0.5210294752348459,0.5210294752348459,0.1,scale,0.24915105545240074,120,620,720,750
2023-02-20,0.0882079973816871,-0.03168642285205159,0,0,0.46177877359564123,0.5382212264043588,0.5382212264043588,0.1,scale,0.24915105545240074,120,620,720,750
2023-02-21,0.0854130014777183,0.001416616051429287,1,0,0.48421031391411223,0.5157896860858877,0.5157896860858877,0.1,scale,0.24915105545240074,120,620,720,750
2023-02-22,0.0855339989066124,-0.014520505298742381,0,0,0.4776919907842989,0.5223080092157011,0.5223080092157011,0.1,scale,0.24915105545240074,120,620,720,750
2023-02-23,0.0842920020222663,-0.04024110704742412,0,0,0.4806841536826565,0.5193158463173435,0.5193158463173435,0.1,scale,0.24915105545240074,120,620,720,750
2023-02-24,0.0808999985456466,-0.0014091636064638147,0,1,0.5052740995372569,0.4947259004627431,0.5052740995372569,0.1,scale,0.24915105545240074,120,620,720,750
2023-02-25,0.0807859972119331,0.01752785436902471,1,0,0.47429258256316625,0.5257074174368337,0.5257074174368337,0.1,scale,0.24915105545240074,120,620,720,750
2023-02-26,0.0822020024061203,-0.010316083635171558,0,0,0.46493133164263245,0.5350686683573675,0.5350686683573675,0.1,scale,0.24915105545240074,120,620,720,750
2023-02-27,0.0813539996743202,-0.007436660128000705,0,0,0.4826404454512027,0.5173595545487972,0.5173595545487972,0.1,scale,0.24915105545240074,120,620,720,750
2023-02-28,0.0807489976286888,0.015046668894025172,1,0,0.47991822899692244,0.5200817710030776,0.5200817710030776,0.1,scale,0.24915105545240074,120,620,720,750
2023-03-01,0.0819640010595321,-0.01761754498809276,0,0,0.44806557272256203,0.551934427277438,0.551934427277438,0.1,scale,0.24915105545240074,120,620,720,750
2023-03-02,0.0805199965834617,-0.04648525877768095,0,0,0.46986669543423937,0.5301333045657606,0.5301333045657606,0.1,scale,0.24915105545240074,120,620,720,750
2023-03-03,0.0767770037055015,-0.028927974101477627,0,0,0.498369935275085,0.501630064724915,0.501630064724915,0.1,scale,0.24915105545240074,120,620,720,750
2023-03-04,0.0745560005307197,0.0032056403600890793,1,0,0.46431875871329337,0.5356812412867067,0.5356812412867067,0.1,scale,0.24915105545240074,120,620,720,750
2023-03-05,0.0747950002551078,0.00013368111674583183,1,0,0.45613204004140545,0.5438679599585945,0.5438679599585945,0.1,scale,0.24915105545240074,120,620,720,750
2023-03-06,0.0748049989342689,-0.010119662471412827,0,0,0.4594226801229107,0.5405773198770893,0.5405773198770893,0.1,scale,0.24915105545240074,120,620,720,750
2023-03-07,0.0740479975938797,-0.03940683926454591,0,0,0.4604065032775908,0.5395934967224092,0.5395934967224092,0.1,scale,0.24915105545240074,120,620,720,750
2023-03-08,0.0711300000548362,-0.07230425518966421,0,0,0.4728430191072759,0.5271569808927241,0.5271569808927241,0.1,scale,0.24915105545240074,120,620,720,750
2023-03-09,0.0659869983792305,-0.0023337332223065665,0,1,0.503188613780612,0.49681138621938803,0.503188613780612,0.1,scale,0.24915105545240074,120,620,720,750
2023-03-10,0.0658330023288726,0.011559473587238411,1,0,0.4661242346957248,0.5338757653042752,0.5338757653042752,0.1,scale,0.24915105545240074,120,620,720,750
2023-03-11,0.0665939971804618,0.06617718876337841,1,0,0.4575188965467421,0.542481103453258,0.542481103453258,0.1,scale,0.24915105545240074,120,620,720,750
2023-03-12,0.0710010007023811,0.028731972078974932,1,0,0.43131419508329366,0.5686858049167063,0.5686858049167063,0.1,scale,0.24915105545240074,120,620,720,750
2023-03-13,0.0730409994721412,0.023904367027062,1,0,0.448751482598391,0.5512485174016091,0.5512485174016091,0.1,scale,0.24915105545240074,120,620,720,750
2023-03-14,0.0747869983315467,-0.06580016360254737,0,0,0.4487268501853804,0.5512731498146196,0.5512731498146196,0.1,scale,0.24915105545240074,120,620,720,750
2023-03-15,0.0698660016059875,0.04082100350038487,1,0,0.4824715315333118,0.5175284684666882,0.5175284684666882,0.1,scale,0.24915105545240074,120,620,720,750
2023-03-16,0.0727180019021034,0.052132853895653364,1,0,0.4369421827149973,0.5630578172850027,0.5630578172850027,0.1,scale,0.24915105545240074,120,620,720,750
2023-03-17,0.0765089988708496,-0.04521035627699477,0,0,0.4485473983526108,0.5514526016473892,0.5514526016473892,0.1,scale,0.24915105545240074,120,620,720,750
2023-03-18,0.0730499997735023,0.02413416960703696,1,0,0.4914406751418914,0.5085593248581086,0.5085593248581086,0.1,scale,0.24915105545240074,120,620,720,750
2023-03-19,0.07481300085783,-0.04445749729291204,0,0,0.4565033941772395,0.5434966058227605,0.5434966058227605,0.1,scale,0.24915105545240074,120,620,720,750
2023-03-20,0.0714870020747184,0.0756361008431321,1,1,0.5003290066554544,0.49967099334454557,0.5003290066554544,0.1,scale,0.24915105545240074,120,620,720,750
2023-03-21,0.076894000172615,-0.037649200070771216,0,0,0.4591519686051775,0.5408480313948225,0.5408480313948225,1.0,scale,0.2501498558114017,150,650,750,780
2023-03-22,0.0739990025758743,0.0461222326509374,1,0,0.4989443017582506,0.5010556982417493,0.5010556982417493,1.0,scale,0.2501498558114017,150,650,750,780
2023-03-23,0.0774120017886161,-0.03529170131114667,0,0,0.47319148031113295,0.526808519688867,0.526808519688867,1.0,scale,0.2501498558114017,150,650,750,780
2023-03-24,0.0746800005435943,-0.008516388683258547,0,0,0.49574684513880507,0.5042531548611949,0.5042531548611949,1.0,scale,0.2501498558114017,150,650,750,780
2023-03-25,0.0740439966320991,0.005037624709235411,1,0,0.4878249259691044,0.5121750740308957,0.5121750740308957,1.0,scale,0.2501498558114017,150,650,750,780
2023-03-26,0.0744170024991035,-0.020452377188370785,0,0,0.4781212971623557,0.5218787028376444,0.5218787028376444,1.0,scale,0.2501498558114017,150,650,750,780
2023-03-27,0.0728949978947639,0.012730635056866557,1,0,0.49728406591601126,0.5027159340839887,0.5027159340839887,1.0,scale,0.2501498558114017,150,650,750,780
2023-03-28,0.0738229975104332,0.024436851525807324,1,0,0.4717024800589864,0.5282975199410136,0.5282975199410136,1.0,scale,0.2501498558114017,150,650,750,780
2023-03-29,0.0756269991397857,-0.018273906938821805,0,0,0.4786893388056395,0.5213106611943605,0.5213106611943605,1.0,scale,0.2501498558114017,150,650,750,780
2023-03-30,0.0742449983954429,0.037578342989635694,1,0,0.4877171968038902,0.5122828031961097,0.5122828031961097,1.0,scale,0.2501498558114017,150,650,750,780
2023-03-31,0.0770350024104118,0.09107542625762988,1,0,0.4658788884227538,0.5341211115772462,0.5341211115772462,1.0,scale,0.2501498558114017,150,650,750,780
2023-04-01,0.0840509980916976,-0.059035554404370916,0,0,0.45451422412468206,0.545485775875318,0.545485775875318,1.0,scale,0.2501498558114017,150,650,750,780
2023-04-02,0.0790890008211135,0.21482125634447335,1,1,0.5031868125855977,0.4968131874144023,0.5031868125855977,1.0,scale,0.2501498558114017,150,650,750,780
2023-04-03,0.0960789993405342,-0.009575429577981298,0,0,0.45118021235169725,0.5488197876483027,0.5488197876483027,1.0,scale,0.2501498558114017,150,650,750,780
2023-04-04,0.095159001648426,-0.024611445718278446,0,0,0.4850277529126402,0.5149722470873598,0.5149722470873598,1.0,scale,0.2501498558114017,150,650,750,780
2023-04-05,0.0928170010447502,-0.07978062059192914,0,0,0.49239996906431754,0.5076000309356825,0.5076000309356825,1.0,scale,0.2501498558114017,150,650,750,780
2023-04-06,0.0854120030999183,-0.03460875337638725,0,1,0.5114001061150204,0.4885998938849796,0.5114001061150204,1.0,scale,0.2501498558114017,150,650,750,780
2023-04-07,0.08245600014925,-0.012746207053962566,0,0,0.4945323652422319,0.5054676347577681,0.5054676347577681,1.0,scale,0.2501498558114017,150,650,750,780
2023-04-08,0.0814049988985061,0.023155879455910133,1,0,0.4886494622699201,0.5113505377300799,0.5113505377300799,1.0,scale,0.2501498558114017,150,650,750,780
2023-04-09,0.0832900032401084,0.018753743069032547,1,0,0.47973655688517014,0.5202634431148299,0.5202634431148299,1.0,scale,0.2501498558114017,150,650,750,780
2023-04-10,0.0848520025610923,-0.007247922338068591,0,0,0.48510694215562944,0.5148930578443706,0.5148930578443706,1.0,scale,0.2501498558114017,150,650,750,780
2023-04-11,0.0842370018362999,-0.00954449452459305,0,0,0.4925011166067953,0.5074988833932047,0.5074988833932047,1.0,scale,0.2501498558114017,150,650,750,780
2023-04-12,0.0834330022335052,0.048553926760293464,1,0,0.49160511355960035,0.5083948864403997,0.5083948864403997,1.0,scale,0.2501498558114017,150,650,750,780
2023-04-13,0.0874840021133422,0.014871267896586993,1,0,0.46991415982667645,0.5300858401733235,0.5300858401733235,1.0,scale,0.2501498558114017,150,650,750,780
2023-04-14,0.0887850001454353,0.002128725321761671,1,0,0.479693616534371,0.520306383465629,0.520306383465629,1.0,scale,0.2501498558114017,150,650,750,780
2023-04-15,0.0889739990234375,0.016836366242925616,1,0,0.47541231138722123,0.5245876886127787,0.5245876886127787,1.0,scale,0.2501498558114017,150,650,750,780
2023-04-16,0.0904719978570938,0.010798944506547059,1,0,0.4801491953919174,0.5198508046080825,0.5198508046080825,1.0,scale,0.2501498558114017,150,650,750,780
2023-04-17,0.091448999941349,0.027775041658937072,1,0,0.46973093030800345,0.5302690696919965,0.5302690696919965,1.0,scale,0.2501498558114017,150,650,750,780
2023-04-18,0.0939889997243881,-0.06512466518007565,0,0,0.4603409787003379,0.5396590212996621,0.5396590212996621,1.0,scale,0.2501498558114017,150,650,750,780
2023-04-19,0.0878679975867271,-0.044737571547172617,0,1,0.5021491599221172,0.49785084007788283,0.5021491599221172,1.0,scale,0.2501498558114017,150,650,750,780
2023-04-20,0.0839369967579841,-0.06502492980323771,0,1,0.5491295502804484,0.4508704497195516,0.5491295502804484,1.0,scale,0.25241417519407106,180,680,780,810
2023-04-21,0.0784789994359016,0.024159347241830886,1,1,0.5370397280257716,0.4629602719742284,0.5370397280257716,1.0,scale,0.25241417519407106,180,680,780,810
2023-04-22,0.080375000834465,-0.01934685175314632,0,0,0.4401036081682325,0.5598963918317674,0.5598963918317674,1.0,scale,0.25241417519407106,180,680,780,810
2023-04-23,0.0788199976086616,-0.0004567521763073623,0,0,0.4976095492051091,0.5023904507948909,0.5023904507948909,1.0,scale,0.25241417519407106,180,680,780,810
2023-04-24,0.0787839964032173,0.013492640442419601,1,0,0.4670710704607853,0.5329289295392148,0.5329289295392148,1.0,scale,0.25241417519407106,180,680,780,810
2023-04-25,0.0798470005393028,-0.015329363957785835,0,0,0.4389699957972966,0.5610300042027034,0.5610300042027034,1.0,scale,0.25241417519407106,180,680,780,810
2023-04-26,0.0786229968070983,0.019930633208878445,1,1,0.500304546709305,0.499695453290695,0.500304546709305,1.0,scale,0.25241417519407106,180,680,780,810
2023-04-27,0.0801900029182434,0.0021697643390448107,1,0,0.39994251787683643,0.6000574821231636,0.6000574821231636,1.0,scale,0.25241417519407106,180,680,780,810
2023-04-28,0.0803639963269233,0.015753356140717045,1,0,0.40931545721470297,0.590684542785297,0.590684542785297,1.0,scale,0.25241417519407106,180,680,780,810
2023-04-29,0.0816299989819526,-0.0227979737122187,0,0,0.416435480242936,0.583564519757064,0.583564519757064,1.0,scale,0.25241417519407106,180,680,780,810
2023-04-30,0.0797690004110336,-0.011896887230402609,0,0,0.4418084613563035,0.5581915386436965,0.5581915386436965,1.0,scale,0.25241417519407106,180,680,780,810
2023-05-01,0.0788199976086616,-0.0001776153433942218,0,0,0.4364490562583406,0.5635509437416595,0.5635509437416595,1.0,scale,0.25241417519407106,180,680,780,810
2023-05-02,0.07880599796772,0.011509325469345688,1,0,0.39425830212464363,0.6057416978753564,0.6057416978753564,1.0,scale,0.25241417519407106,180,680,780,810
2023-05-03,0.0797130018472671,-0.015856866753940158,0,0,0.43376630264674476,0.5662336973532552,0.5662336973532552,1.0,scale,0.25241417519407106,180,680,780,810
2023-05-04,0.0784490033984184,0.024742130182718647,1,0,0.4641492203607758,0.5358507796392242,0.5358507796392242,1.0,scale,0.25241417519407106,180,680,780,810
2023-05-05,0.0803899988532066,-0.042194253942370974,0,0,0.4975343717935246,0.5024656282064754,0.5024656282064754,1.0,scale,0.25241417519407106,180,680,780,810
2023-05-06,0.0769980028271675,-0.00374038523597231,0,1,0.5194572865634414,0.48054271343655863,0.5194572865634414,1.0,scale,0.25241417519407106,180,680,780,810
2023-05-07,0.0767100006341934,-0.05523404496689144,0,0,0.47144383207178053,0.5285561679282195,0.5285561679282195,1.0,scale,0.25241417519407106,180,680,780,810
2023-05-08,0.0724729970097541,0.009189628916393078,1,1,0.5529668756193055,0.44703312438069454,0.5529668756193055,1.0,scale,0.25241417519407106,180,680,780,810
2023-05-09,0.0731389969587326,0.0011895217769979372,1,0,0.4316955953831973,0.5683044046168026,0.5683044046168026,1.0,scale,0.25241417519407106,180,680,780,810
2023-05-10,0.0732259973883628,-0.015581854183872479,0,0,0.46908534305389166,0.5309146569461083,0.5309146569461083,1.0,scale,0.25241417519407106,180,680,780,810
2023-05-11,0.0720850005745887,0.005188274831694262,1,0,0.4549795946553467,0.5450204053446532,0.5450204053446532,1.0,scale,0.25241417519407106,180,680,780,810
2023-05-12,0.0724589973688125,-0.009412169230671008,0,0,0.43383851106561283,0.5661614889343871,0.5661614889343871,1.0,scale,0.25241417519407106,180,680,780,810
2023-05-13,0.0717770010232925,0.0029117437806640556,1,0,0.4134383595298533,0.5865616404701467,0.5865616404701467,1.0,scale,0.25241417519407106,180,680,780,810
2023-05-14,0.0719859972596168,0.00083348884270662,1,0,0.4196312966406358,0.5803687033593642,0.5803687033593642,1.0,scale,0.25241417519407106,180,680,780,810
2023-05-15,0.0720459967851638,0.009480085006489336,1,0,0.4481592227481488,0.5518407772518512,0.5518407772518512,1.0,scale,0.25241417519407106,180,680,780,810
2023-05-16,0.0727289989590644,0.030001779435807174,1,0,0.422244136666828,0.5777558633331721,0.5777558633331721,1.0,scale,0.25241417519407106,180,680,780,810
2023-05-17,0.0749109983444213,-0.018221603630814043,0,0,0.4335669037903385,0.5664330962096615,0.5664330962096615,1.0,scale,0.25241417519407106,180,680,780,810
2023-05-18,0.0735459998250007,-0.00025832785695090177,0,0,0.4639524728948227,0.5360475271051772,0.5360475271051772,1.0,scale,0.25241417519407106,180,680,780,810
2023-05-19,0.0735270008444786,0.001944850078941407,1,0,0.4110066381438836,0.5889933618561164,0.5889933618561164,1.0,scale,0.25241417519407106,180,680,780,810
2023-05-20,0.0736699998378753,-0.020741174495490067,0,0,0.47149850507552715,0.5285014949244728,0.5285014949244728,1.0,0.01,0.25201087742645023,210,710,810,840
2023-05-21,0.0721419975161552,0.011865552449799033,1,1,0.5008592627234546,0.4991407372765454,0.5008592627234546,1.0,0.01,0.25201087742645023,210,710,810,840
2023-05-22,0.0729980021715164,-0.0018356487581790981,0,0,0.4909835304930864,0.5090164695069136,0.5090164695069136,1.0,0.01,0.25201087742645023,210,710,810,840
2023-05-23,0.0728640034794807,-0.029218863964434072,0,0,0.48929481083548826,0.5107051891645118,0.5107051891645118,1.0,0.01,0.25201087742645023,210,710,810,840
2023-05-24,0.0707350000739097,0.0019791674456763886,1,1,0.5172831502190142,0.48271684978098583,0.5172831502190142,1.0,0.01,0.25201087742645023,210,710,810,840
2023-05-25,0.0708749964833259,0.0015379470834773201,1,0,0.48684292597327716,0.5131570740267228,0.5131570740267228,1.0,0.01,0.25201087742645023,210,710,810,840
2023-05-26,0.0709839984774589,0.023934980184860066,1,0,0.4852365040232141,0.514763495976786,0.514763495976786,1.0,0.01,0.25201087742645023,210,710,810,840
2023-05-27,0.072682999074459,0.012795341877639865,1,0,0.47791321869396614,0.5220867813060339,0.5220867813060339,1.0,0.01,0.25201087742645023,210,710,810,840
2023-05-28,0.0736130028963089,-0.0058142724264867995,0,0,0.48801483580922406,0.511985164190776,0.511985164190776,1.0,0.01,0.25201087742645023,210,710,810,840
2023-05-29,0.073184996843338,-0.01125909676379,0,0,0.4954717625336886,0.5045282374663114,0.5045282374663114,1.0,0.01,0.25201087742645023,210,710,810,840
2023-05-30,0.0723609998822212,-0.009687577255203639,0,1,0.5046706929755448,0.4953293070244552,0.5046706929755448,1.0,0.01,0.25201087742645023,210,710,810,840
2023-05-31,0.0716599971055984,-0.0023443440983096364,0,0,0.48257441609853274,0.5174255839014672,0.5174255839014672,1.0,0.01,0.25201087742645023,210,710,810,840
2023-06-01,0.071492001414299,0.01566610327722473,1,0,0.4825234491137793,0.5174765508862207,0.5174765508862207,1.0,0.01,0.25201087742645023,210,710,810,840
2023-06-02,0.0726120024919509,0.0008125536512182396,1,0,0.47559569867322893,0.5244043013267711,0.5244043013267711,1.0,0.01,0.25201087742645023,210,710,810,840
2023-06-03,0.072671003639698,-0.0027521759096023057,0,0,0.4800421907000503,0.5199578092999497,0.5199578092999497,1.0,0.01,0.25201087742645023,210,710,810,840
2023-06-04,0.0724710002541542,-0.08138426114073705,0,0,0.4940506279194726,0.5059493720805275,0.5059493720805275,1.0,0.01,0.25201087742645023,210,710,810,840
2023-06-05,0.0665730014443397,0.057080155433346214,1,1,0.5881094849523367,0.4118905150476633,0.5881094849523367,1.0,0.01,0.25201087742645023,210,710,810,840
2023-06-06,0.070372998714447,-0.043667308114170744,0,0,0.4566446394173835,0.5433553605826165,0.5433553605826165,1.0,0.01,0.25201087742645023,210,710,810,840
2023-06-07,0.0672999992966651,0.009895987458227395,1,1,0.5320495073324615,0.4679504926675385,0.5320495073324615,1.0,0.01,0.25201087742645023,210,710,810,840
2023-06-08,0.0679659992456436,0.022408307080650003,1,0,0.4941991785433866,0.5058008214566134,0.5058008214566134,1.0,0.01,0.25201087742645023,210,710,810,840
2023-06-09,0.0694890022277832,-0.10978720561796274,0,0,0.49411810635034226,0.5058818936496577,0.5058818936496577,1.0,0.01,0.25201087742645023,210,710,810,840
2023-06-10,0.0618599988520145,-0.004413198415914699,0,1,0.6248201224160908,0.37517987758390925,0.6248201224160908,1.0,0.01,0.25201087742645023,210,710,810,840
2023-06-11,0.0615869984030723,-0.002078316084299092,0,1,0.5055142195379894,0.49448578046201064,0.5055142195379894,1.0,0.01,0.25201087742645023,210,710,810,840
2023-06-12,0.0614590011537075,0.004295548945236538,1,1,0.5067476019998947,0.49325239800010534,0.5067476019998947,1.0,0.01,0.25201087742645023,210,710,810,840
2023-06-13,0.0617230013012886,-0.021645105253647268,0,1,0.5004153071169407,0.4995846928830593,0.5004153071169407,1.0,0.01,0.25201087742645023,210,710,810,840
2023-06-14,0.0603870004415512,0.01848080063111568,1,1,0.5219724403342504,0.4780275596657496,0.5219724403342504,1.0,0.01,0.25201087742645023,210,710,810,840
2023-06-15,0.0615030005574226,0.009739372023017445,1,0,0.48450320502930044,0.5154967949706996,0.5154967949706996,1.0,0.01,0.25201087742645023,210,710,810,840
2023-06-16,0.0621020011603832,0.001851787532844762,1,0,0.4849228542538356,0.5150771457461645,0.5150771457461645,1.0,0.01,0.25201087742645023,210,710,810,840
2023-06-17,0.0622170008718967,-0.0008036524693459945,0,0,0.47285706493555085,0.5271429350644492,0.5271429350644492,1.0,0.01,0.25201087742645023,210,710,810,840
2023-06-18,0.0621670000255107,0.0027989264270302794,1,0,0.4858477369784906,0.5141522630215094,0.5141522630215094,1.0,0.01,0.25201087742645023,210,710,810,840
2023-06-19,0.0623410008847713,0.011292754773287061,1,1,0.504964576972422,0.49503542302757797,0.504964576972422,1.0,0.01,0.2519923833799807,240,740,840,870
2023-06-20,0.0630450025200843,0.04217622888485284,1,1,0.5046949246074336,0.4953050753925664,0.5046949246074336,1.0,0.01,0.2519923833799807,240,740,840,870
2023-06-21,0.0657040029764175,-0.0009284876288206956,0,1,0.5042988174647964,0.49570118253520357,0.5042988174647964,1.0,0.01,0.2519923833799807,240,740,840,870
2023-06-22,0.0656429976224899,0.03855703690184398,1,1,0.5081363308494385,0.49186366915056146,0.5081363308494385,1.0,0.01,0.2519923833799807,240,740,840,870
2023-06-23,0.0681739971041679,-0.021004990186509698,0,0,0.4987780376172536,0.5012219623827464,0.5012219623827464,1.0,0.01,0.2519923833799807,240,740,840,870
2023-06-24,0.0667420029640197,0.0003295393147557668,1,1,0.5166580761170707,0.4833419238829293,0.5166580761170707,1.0,0.01,0.2519923833799807,240,740,840,870
2023-06-25,0.0667639970779419,-0.030180856591383254,0,1,0.5121632877121846,0.48783671228781544,0.5121632877121846,1.0,0.01,0.2519923833799807,240,740,840,870
2023-06-26,0.064749002456665,0.012293589847445885,1,1,0.5210236942897637,0.4789763057102363,0.5210236942897637,1.0,0.01,0.2519923833799807,240,740,840,870
2023-06-27,0.0655450001358985,-0.04490047572545264,0,1,0.5092884605013438,0.4907115394986562,0.5092884605013438,1.0,0.01,0.2519923833799807,240,740,840,870
2023-06-28,0.0626019984483718,0.012858982149884124,1,1,0.5250113043996387,0.4749886956003613,0.5250113043996387,1.0,0.01,0.2519923833799807,240,740,840,870
2023-06-29,0.0634069964289665,0.04844892855669802,1,1,0.5086091743563247,0.4913908256436753,0.5086091743563247,1.0,0.01,0.2519923833799807,240,740,840,870
2023-06-30,0.0664789974689483,0.03006973256853973,1,1,0.5099748203125365,0.4900251796874635,0.5099748203125365,1.0,0.01,0.2519923833799807,240,740,840,870
2023-07-01,0.0684780031442642,-0.006425442733851705,0,1,0.5092847701791764,0.4907152298208236,0.5092847701791764,1.0,0.01,0.2519923833799807,240,740,840,870
2023-07-02,0.0680380016565322,0.0046297016197940355,1,1,0.5128262218088515,0.4871737781911485,0.5128262218088515,1.0,0.01,0.2519923833799807,240,740,840,870
2023-07-03,0.068352997303009,0.008602399951864514,1,1,0.5096695759738809,0.49033042402611915,0.5096695759738809,1.0,0.01,0.2519923833799807,240,740,840,870
2023-07-04,0.0689409971237182,-0.027675793982213537,0,1,0.5136420659652056,0.48635793403479444,0.5136420659652056,1.0,0.01,0.2519923833799807,240,740,840,870
2023-07-05,0.0670330002903938,-0.029940479161038147,0,1,0.5135932772162991,0.4864067227837009,0.5135932772162991,1.0,0.01,0.2519923833799807,240,740,840,870
2023-07-06,0.0650260001420974,0.0061360216195855966,1,1,0.5168376360172889,0.48316236398271106,0.5168376360172889,1.0,0.01,0.2519923833799807,240,740,840,870
2023-07-07,0.0654250010848045,0.005135633589733901,1,1,0.5057933228812533,0.49420667711874666,0.5057933228812533,1.0,0.01,0.2519923833799807,240,740,840,870
2023-07-08,0.065760999917984,-0.00495734788742519,0,1,0.5065662814195321,0.4934337185804679,0.5065662814195321,1.0,0.01,0.2519923833799807,240,740,840,870
2023-07-09,0.0654349997639656,-0.0029342318740031015,0,1,0.5104139227818361,0.48958607721816394,0.5104139227818361,1.0,0.01,0.2519923833799807,240,740,840,870
2023-07-10,0.0652429983019828,0.0006744498283453026,1,1,0.5162793910059271,0.4837206089940729,0.5162793910059271,1.0,0.01,0.2519923833799807,240,740,840,870
2023-07-11,0.0652870014309883,-0.0033084653506981754,0,1,0.5078372624925741,0.4921627375074259,0.5078372624925741,1.0,0.01,0.2519923833799807,240,740,840,870
2023-07-12,0.0650710016489029,0.08353945105855698,1,1,0.5132174090966938,0.4867825909033062,0.5132174090966938,1.0,0.01,0.2519923833799807,240,740,840,870
2023-07-13,0.0705069974064827,-0.02805388274626397,0,1,0.5082961259225467,0.4917038740774533,0.5082961259225467,1.0,0.01,0.2519923833799807,240,740,840,870
2023-07-14,0.0685290023684501,0.04958486300049647,1,1,0.5185470423401839,0.4814529576598161,0.5185470423401839,1.0,0.01,0.2519923833799807,240,740,840,870
2023-07-15,0.0719270035624504,-0.032991816035813915,0,1,0.5052995767722501,0.4947004232277499,0.5052995767722501,1.0,0.01,0.2519923833799807,240,740,840,870
2023-07-16,0.0695540010929107,0.0050463933980196,1,1,0.5154184874084273,0.48458151259157267,0.5154184874084273,1.0,0.01,0.2519923833799807,240,740,840,870
2023-07-17,0.0699049979448318,-0.018911397720648093,0,1,0.5122739400117938,0.4877260599882062,0.5122739400117938,1.0,0.01,0.2519923833799807,240,740,840,870
2023-07-18,0.068582996726036,0.022979550147125716,1,1,0.5134098461829888,0.4865901538170112,0.5134098461829888,1.0,0.01,0.2519923833799807,240,740,840,870
2023-07-19,0.0701590031385421,0.005088364334319806,1,1,0.509514023234252,0.490485976765748,0.509514023234252,1.0,0.01,0.2517686495614821,270,770,870,900
2023-07-20,0.0705159977078437,0.03940949001304683,1,1,0.5175049338539227,0.4824950661460773,0.5175049338539227,1.0,0.01,0.2517686495614821,270,770,870,900
2023-07-21,0.073294997215271,-0.03904767151939681,0,1,0.5017063802593035,0.4982936197406965,0.5017063802593035,1.0,0.01,0.2517686495614821,270,770,870,900
2023-07-22,0.070432998239994,0.019678300523296333,1,1,0.5256847178741606,0.4743152821258394,0.5256847178741606,1.0,0.01,0.2517686495614821,270,770,870,900
2023-07-23,0.0718189999461174,0.03409958915420108,1,1,0.5010054518758824,0.4989945481241176,0.5010054518758824,1.0,0.01,0.2517686495614821,270,770,870,900
2023-07-24,0.0742679983377456,0.10202243520870025,1,1,0.5289576891612446,0.47104231083875536,0.5289576891612446,1.0,0.01,0.2517686495614821,270,770,870,900
2023-07-25,0.0818450003862381,-0.047492182557203444,0,0,0.4770435783493704,0.5229564216506296,0.5229564216506296,1.0,0.01,0.2517686495614821,270,770,870,900
2023-07-26,0.0779580026865005,-0.005079732620903443,0,1,0.5360922168585336,0.4639077831414664,0.5360922168585336,1.0,0.01,0.2517686495614821,270,770,870,900
2023-07-27,0.0775619968771934,-0.0031071464079203137,0,1,0.5116482692833441,0.48835173071665594,0.5116482692833441,1.0,0.01,0.2517686495614821,270,770,870,900
2023-07-28,0.0773210003972053,0.037079167368883725,1,1,0.5100044033683678,0.48999559663163217,0.5100044033683678,1.0,0.01,0.2517686495614821,270,770,870,900
2023-07-29,0.0801879987120628,-0.02652515630210417,0,0,0.4975015858591853,0.5024984141408146,0.5024984141408146,1.0,0.01,0.2517686495614821,270,770,870,900
2023-07-30,0.0780609995126724,-0.0031129589383396272,0,1,0.5286166066574286,0.4713833933425714,0.5286166066574286,1.0,0.01,0.2517686495614821,270,770,870,900
2023-07-31,0.0778179988265037,0.002878533360205271,1,1,0.516276950577144,0.48372304942285604,0.516276950577144,1.0,0.01,0.2517686495614821,270,770,870,900
2023-08-01,0.0780420005321502,-0.04906335504295145,0,1,0.5123960348054234,0.4876039651945766,0.5123960348054234,1.0,0.01,0.2517686495614821,270,770,870,900
2023-08-02,0.0742129981517791,-0.008057867418956532,0,1,0.5382794109405008,0.4617205890594992,0.5382794109405008,1.0,0.01,0.2517686495614821,270,770,870,900
2023-08-03,0.0736149996519088,-0.0027032202418553197,0,1,0.5174914495424713,0.4825085504575287,0.5174914495424713,1.0,0.01,0.2517686495614821,270,770,870,900
2023-08-04,0.0734160020947456,0.03091966503239596,1,1,0.5092702583010564,0.49072974169894357,0.5092702583010564,1.0,0.01,0.2517686495614821,270,770,870,900
2023-08-05,0.0756860002875328,-0.018761708902473417,0,1,0.5039488400132862,0.4960511599867138,0.5039488400132862,1.0,0.01,0.2517686495614821,270,770,870,900
2023-08-06,0.0742660015821456,-0.01136457803084956,0,1,0.5168227408892225,0.48317725911077747,0.5168227408892225,1.0,0.01,0.2517686495614821,270,770,870,900
2023-08-07,0.0734219998121261,0.02130156535052863,1,1,0.5170880112471501,0.4829119887528499,0.5170880112471501,1.0,0.01,0.2517686495614821,270,770,870,900
2023-08-08,0.0749860033392906,0.00437410843373387,1,0,0.4862970103062922,0.5137029896937078,0.5137029896937078,1.0,0.01,0.2517686495614821,270,770,870,900
2023-08-09,0.075314000248909,0.006492770323196062,1,0,0.4998345742977865,0.5001654257022135,0.5001654257022135,1.0,0.01,0.2517686495614821,270,770,870,900
2023-08-10,0.0758029967546463,-0.0018072349550918299,0,0,0.49773808238964035,0.5022619176103597,0.5022619176103597,1.0,0.01,0.2517686495614821,270,770,870,900
2023-08-11,0.0756660029292106,0.014220361945816773,1,0,0.49640018314578993,0.5035998168542101,0.5035998168542101,1.0,0.01,0.2517686495614821,270,770,870,900
2023-08-12,0.0767420008778572,-0.02552713619246072,0,0,0.4963195118944195,0.5036804881055805,0.5036804881055805,1.0,0.01,0.2517686495614821,270,770,870,900
2023-08-13,0.0747829973697662,-0.0006953131569303883,0,1,0.5115053660970478,0.4884946339029522,0.5115053660970478,1.0,0.01,0.2517686495614821,270,770,870,900
2023-08-14,0.0747309997677803,-0.051758958547789446,0,1,0.50575441797633,0.49424558202366997,0.50575441797633,1.0,0.01,0.2517686495614821,270,770,870,900
2023-08-15,0.0708630010485649,-0.051931165270451496,0,1,0.5341048056750413,0.46589519432495874,0.5341048056750413,1.0,0.01,0.2517686495614821,270,770,870,900
2023-08-16,0.0671830028295517,-0.08927859689591555,0,1,0.5389483614602317,0.46105163853976827,0.5389483614602317,1.0,0.01,0.2517686495614821,270,770,870,900
2023-08-17,0.061184998601675,0.03348864661664663,1,1,0.5801697223447415,0.4198302776552585,0.5801697223447415,1.0,0.01,0.2517686495614821,270,770,870,900
2023-08-18,0.0632340013980865,0.008286670490498915,1,0,0.47906760696480294,0.520932393035197,0.520932393035197,1.0,0.01,0.2490575318030359,300,800,900,930
2023-08-19,0.0637580007314682,0.0011293078525447253,1,0,0.48432732484768004,0.51567267515232,0.51567267515232,1.0,0.01,0.2490575318030359,300,800,900,930
2023-08-20,0.0638300031423568,-0.020382350283957185,0,0,0.4959985534096682,0.5040014465903317,0.5040014465903317,1.0,0.01,0.2490575318030359,300,800,900,930
2023-08-21,0.0625289976596832,0.001119571045576473,1,1,0.5151749112598282,0.48482508874017183,0.5151749112598282,1.0,0.01,0.2490575318030359,300,800,900,930
2023-08-22,0.0625990033149719,0.01883408221191951,1,0,0.4900667415426586,0.5099332584573414,0.5099332584573414,1.0,0.01,0.2490575318030359,300,800,900,930
2023-08-23,0.0637779980897903,-0.01163404141381763,0,0,0.4781717868872884,0.5218282131127117,0.5218282131127117,1.0,0.01,0.2490575318030359,300,800,900,930
2023-08-24,0.0630360022187233,0.0007614163099805005,1,0,0.48506855828121964,0.5149314417187804,0.5149314417187804,1.0,0.01,0.2490575318030359,300,800,900,930
2023-08-25,0.0630839988589286,-0.003424002694699446,0,0,0.4820857906284457,0.5179142093715543,0.5179142093715543,1.0,0.01,0.2490575318030359,300,800,900,930
2023-08-26,0.0628679990768432,0.0048196255036738744,1,0,0.47586010845397875,0.5241398915460213,0.5241398915460213,1.0,0.01,0.2490575318030359,300,800,900,930
2023-08-27,0.0631709992885589,0.004226607292560969,1,0,0.4808394298331527,0.5191605701668474,0.5191605701668474,1.0,0.01,0.2490575318030359,300,800,900,930
2023-08-28,0.0634379982948303,0.04653365598277981,1,0,0.48200259956733327,0.5179974004326667,0.5179974004326667,1.0,0.01,0.2490575318030359,300,800,900,930
2023-08-29,0.0663900002837181,-0.008314484303448166,0,0,0.4849854970735352,0.5150145029264648,0.5150145029264648,1.0,0.01,0.2490575318030359,300,800,900,930
2023-08-30,0.0658380016684532,-0.031182599423966395,0,0,0.48673130370381834,0.5132686962961817,0.5132686962961817,1.0,0.01,0.2490575318030359,300,800,900,930
2023-08-31,0.0637850016355514,0.0010033783128717833,1,1,0.518765842670207,0.481234157329793,0.518765842670207,1.0,0.01,0.2490575318030359,300,800,900,930
2023-09-01,0.063849002122879,-0.005560075372814444,0,0,0.48618581213160916,0.5138141878683908,0.5138141878683908,1.0,0.01,0.2490575318030359,300,800,900,930
2023-09-02,0.0634939968585968,-0.005055491538391577,0,0,0.4920788377783009,0.507921162221699,0.507921162221699,1.0,0.01,0.2490575318030359,300,800,900,930
2023-09-03,0.0631730034947395,0.00018988229302707715,1,0,0.4917801155913399,0.5082198844086601,0.5082198844086601,1.0,0.01,0.2490575318030359,300,800,900,930
2023-09-04,0.0631849989295005,0.012772053500794245,1,0,0.4965963321525795,0.5034036678474205,0.5034036678474205,1.0,0.01,0.2490575318030359,300,800,900,930
2023-09-05,0.0639920011162757,-0.005922671236616606,0,0,0.48784155812399893,0.512158441876001,0.512158441876001,1.0,0.01,0.2490575318030359,300,800,900,930
2023-09-06,0.0636129975318908,-0.0005344347945033245,0,0,0.49292567083920646,0.5070743291607935,0.5070743291607935,1.0,0.01,0.2490575318030359,300,800,900,930
2023-09-07,0.0635790005326271,0.0011009642196588842,1,0,0.4857516872780388,0.5142483127219613,0.5142483127219613,1.0,0.01,0.2490575318030359,300,800,900,930
2023-09-08,0.0636489987373352,-0.0038335098557579217,0,0,0.48707247818710747,0.5129275218128926,0.5129275218128926,1.0,0.01,0.2490575318030359,300,800,900,930
2023-09-09,0.0634049996733665,-0.03277344794258519,0,0,0.48502103312260414,0.5149789668773959,0.5149789668773959,1.0,0.01,0.2490575318030359,300,800,900,930
2023-09-10,0.0613269992172718,-0.014104676850030584,0,1,0.5282221804114844,0.4717778195885156,0.5282221804114844,1.0,0.01,0.2490575318030359,300,800,900,930
2023-09-11,0.0604620017111301,0.008087666499590584,1,0,0.49801237859251846,0.5019876214074815,0.5019876214074815,1.0,0.01,0.2490575318030359,300,800,900,930
2023-09-12,0.0609509982168674,0.005397823622648401,1,0,0.47326523075767973,0.5267347692423203,0.5267347692423203,1.0,0.01,0.2490575318030359,300,800,900,930
2023-09-13,0.0612800009548664,0.012924289007870904,1,0,0.4747739132576548,0.5252260867423453,0.5252260867423453,1.0,0.01,0.2490575318030359,300,800,900,930
2023-09-14,0.0620720013976097,0.007749098175128699,1,0,0.47836736418031334,0.5216326358196867,0.5216326358196867,1.0,0.01,0.2490575318030359,300,800,900,930
2023-09-15,0.0625530034303665,-0.006474547394494823,0,0,0.4791826615220315,0.5208173384779685,0.5208173384779685,1.0,0.01,0.2490575318030359,300,800,900,930
2023-09-16,0.0621480010449886,-0.010153196177100199,0,0,0.49220007686744616,0.5077999231325538,0.5077999231325538,1.0,0.01,0.2490575318030359,300,800,900,930
2023-09-17,0.0615170001983642,0.00811156117137779,1,0,0.49027499396838703,0.509725006031613,0.509725006031613,10.0,scale,0.24683353688899412,330,830,930,960
2023-09-18,0.0620159991085529,0.01117460958967964,1,0,0.49276967827549256,0.5072303217245074,0.5072303217245074,10.0,scale,0.24683353688899412,330,830,930,960
2023-09-19,0.0627090036869049,-0.0012598821860455578,0,0,0.4915496080059897,0.5084503919940103,0.5084503919940103,10.0,scale,0.24683353688899412,330,830,930,960
2023-09-20,0.0626299977302551,-0.020501350454958267,0,0,0.4669465237769596,0.5330534762230403,0.5330534762230403,10.0,scale,0.24683353688899412,330,830,930,960
2023-09-21,0.0613459981977939,0.003015708390878391,1,0,0.48334477802019604,0.516655221979804,0.516655221979804,10.0,scale,0.24683353688899412,330,830,930,960
2023-09-22,0.0615309998393058,-0.0003900199926114567,0,1,0.5229461128126429,0.4770538871873571,0.5229461128126429,10.0,scale,0.24683353688899412,330,830,930,960
2023-09-23,0.0615070015192031,-0.012421368982220349,0,1,0.5104588165945405,0.4895411834054595,0.5104588165945405,10.0,scale,0.24683353688899412,330,830,930,960
2023-09-24,0.0607430003583431,0.0035559616879501377,1,0,0.4518025786461155,0.5481974213538845,0.5481974213538845,10.0,scale,0.24683353688899412,330,830,930,960
2023-09-25,0.0609590001404285,-0.005905623086716938,0,0,0.450119839795091,0.549880160204909,0.549880160204909,10.0,scale,0.24683353688899412,330,830,930,960
2023-09-26,0.060598999261856,-0.0015676600118510464,0,0,0.45510947978765565,0.5448905202123444,0.5448905202123444,10.0,scale,0.24683353688899412,330,830,930,960
2023-09-27,0.060504000633955,0.016197291628273325,1,0,0.46597624267767174,0.5340237573223283,0.5340237573223283,10.0,scale,0.24683353688899412,330,830,930,960
2023-09-28,0.0614840015769004,0.011287476629081805,1,0,0.47521479356910773,0.5247852064308922,0.5247852064308922,10.0,scale,0.24683353688899412,330,830,930,960
2023-09-29,0.0621780008077621,-0.0005950590685391832,0,0,0.4570134313981356,0.5429865686018644,0.5429865686018644,10.0,scale,0.24683353688899412,330,830,930,960
2023-09-30,0.0621410012245178,0.016929235252307828,1,0,0.44036564701271846,0.5596343529872816,0.5596343529872816,10.0,scale,0.24683353688899412,330,830,930,960
2023-10-01,0.0631930008530616,-0.01792923781904432,0,0,0.44410087071149107,0.5558991292885089,0.5558991292885089,10.0,scale,0.24683353688899412,330,830,930,960
2023-10-02,0.062059998512268,-0.0108604280278215,0,0,0.4219325141690958,0.5780674858309043,0.5780674858309043,10.0,scale,0.24683353688899412,330,830,930,960
2023-10-03,0.0613860003650188,0.0016615913688036166,1,0,0.4935951869972402,0.5064048130027599,0.5064048130027599,10.0,scale,0.24683353688899412,330,830,930,960
2023-10-04,0.0614879988133907,-0.009188783003350132,0,1,0.5008628876412985,0.4991371123587015,0.5008628876412985,10.0,scale,0.24683353688899412,330,830,930,960
2023-10-05,0.0609229989349842,0.008256321598777427,1,0,0.4685740941917069,0.5314259058082931,0.5314259058082931,10.0,scale,0.24683353688899412,330,830,930,960
2023-10-06,0.0614259988069534,0.00047213534231071996,1,0,0.46322684870685926,0.5367731512931407,0.5367731512931407,10.0,scale,0.24683353688899412,330,830,930,960
2023-10-07,0.0614550001919269,-0.007273636104575654,0,0,0.45988395495617046,0.5401160450438296,0.5401160450438296,10.0,scale,0.24683353688899412,330,830,930,960
2023-10-08,0.0610079988837242,-0.03653615408711519,0,0,0.44287493513121085,0.5571250648687891,0.5571250648687891,10.0,scale,0.24683353688899412,330,830,930,960
2023-10-09,0.0587790012359619,0.004185160341043659,1,0,0.46505892616833117,0.5349410738316689,0.5349410738316689,10.0,scale,0.24683353688899412,330,830,930,960
2023-10-10,0.0590250007808208,-0.009402815618866356,0,1,0.5178849912964121,0.4821150087035879,0.5178849912964121,10.0,scale,0.24683353688899412,330,830,930,960
2023-10-11,0.0584699995815753,-0.009799864559223548,0,0,0.49810020976606184,0.5018997902339382,0.5018997902339382,10.0,scale,0.24683353688899412,330,830,930,960
2023-10-12,0.057897001504898,0.008653287356109596,1,1,0.5152533408989138,0.48474665910108616,0.5152533408989138,10.0,scale,0.24683353688899412,330,830,930,960
2023-10-13,0.058398000895977,0.02501796684811941,1,1,0.5430217407743128,0.45697825922568724,0.5430217407743128,10.0,scale,0.24683353688899412,330,830,930,960
2023-10-14,0.059859000146389,-0.008503338067714195,0,1,0.5061242797011499,0.4938757202988501,0.5061242797011499,10.0,scale,0.24683353688899412,330,830,930,960
2023-10-15,0.0593499988317489,0.012872808355497423,1,1,0.5188038192039133,0.4811961807960867,0.5188038192039133,10.0,scale,0.24683353688899412,330,830,930,960
2023-10-16,0.060113999992609,-0.0165352594072814,0,1,0.500284364901188,0.499715635098812,0.500284364901188,10.0,scale,0.24683353688899412,330,830,930,960
2023-10-17,0.0591199994087219,-0.007560852289970721,0,0,0.48638040578755365,0.5136195942124464,0.5136195942124464,10.0,scale,0.2434880687815469,360,860,960,990
2023-10-18,0.0586730018258094,0.0035791306543007106,1,1,0.5001205426661323,0.49987945733386774,0.5001205426661323,10.0,scale,0.2434880687815469,360,860,960,990
2023-10-19,0.058883000165224,0.01837541205919102,1,1,0.5122808380603595,0.4877191619396405,0.5122808380603595,10.0,scale,0.2434880687815469,360,860,960,990
2023-10-20,0.0599649995565414,0.020395257869733063,1,0,0.4876777281615319,0.5123222718384681,0.5123222718384681,10.0,scale,0.2434880687815469,360,860,960,990
2023-10-21,0.0611880011856555,0.006667933432568995,1,0,0.4259225213086588,0.5740774786913412,0.5740774786913412,10.0,scale,0.2434880687815469,360,860,960,990
2023-10-22,0.0615959987044334,0.08911291810179267,1,0,0.38477372252114894,0.6152262774788511,0.6152262774788511,10.0,scale,0.2434880687815469,360,860,960,990
2023-10-23,0.0670849978923797,-0.007885498838515859,0,1,0.6221657143199802,0.37783428568001975,0.6221657143199802,10.0,scale,0.2434880687815469,360,860,960,990
2023-10-24,0.0665559992194175,0.02712001965746147,1,0,0.4879300516973608,0.5120699483026392,0.5120699483026392,10.0,scale,0.2434880687815469,360,860,960,990
2023-10-25,0.0683609992265701,0.05128651423207864,1,1,0.5667699705244283,0.43323002947557165,0.5667699705244283,10.0,scale,0.2434880687815469,360,860,960,990
2023-10-26,0.0718669965863227,-0.05546347772222604,0,1,0.68712757742909,0.31287242257090997,0.68712757742909,10.0,scale,0.2434880687815469,360,860,960,990
2023-10-27,0.0678810030221939,0.01649936767588911,1,1,0.5793533395114224,0.4206466604885776,0.5793533395114224,10.0,scale,0.2434880687815469,360,860,960,990
2023-10-28,0.0690009966492652,0.005188336619279754,1,1,0.6327187922182645,0.36728120778173545,0.6327187922182645,10.0,scale,0.2434880687815469,360,860,960,990
2023-10-29,0.0693589970469474,0.004195631271278755,1,1,0.6647591413925138,0.3352408586074862,0.6647591413925138,10.0,scale,0.2434880687815469,360,860,960,990
2023-10-30,0.0696500018239021,-0.01971285580800264,0,1,0.5087421546204478,0.4912578453795522,0.5087421546204478,10.0,scale,0.2434880687815469,360,860,960,990
2023-10-31,0.0682770013809204,0.00826049019727626,1,0,0.4333303604436283,0.5666696395563717,0.5666696395563717,10.0,scale,0.2434880687815469,360,860,960,990
2023-11-01,0.0688410028815269,-0.013175343786144822,0,1,0.5842336141890322,0.4157663858109678,0.5842336141890322,10.0,scale,0.2434880687815469,360,860,960,990
2023-11-02,0.0679339990019798,0.0030912660492543598,1,1,0.5175005087088056,0.4824994912911944,0.5175005087088056,10.0,scale,0.2434880687815469,360,860,960,990
2023-11-03,0.0681440010666847,0.013720880726312723,1,1,0.5736449778826902,0.4263550221173098,0.5736449778826902,10.0,scale,0.2434880687815469,360,860,960,990
2023-11-04,0.0690789967775344,0.031051403497078356,1,1,0.5785503303932733,0.4214496696067267,0.5785503303932733,10.0,scale,0.2434880687815469,360,860,960,990
2023-11-05,0.071223996579647,0.07240539093843945,1,1,0.554773154281221,0.445226845718779,0.554773154281221,10.0,scale,0.2434880687815469,360,860,960,990
2023-11-06,0.0763809978961944,-0.03748311009196115,0,1,0.5603665025819963,0.4396334974180037,0.5603665025819963,10.0,scale,0.2434880687815469,360,860,960,990
2023-11-07,0.0735180005431175,0.026700903245316487,1,0,0.39400154216176303,0.6059984578382369,0.6059984578382369,10.0,scale,0.2434880687815469,360,860,960,990
2023-11-08,0.0754809975624084,-0.026761622475739766,0,1,0.5437049073867153,0.4562950926132847,0.5437049073867153,10.0,scale,0.2434880687815469,360,860,960,990
2023-11-09,0.073461003601551,0.02699383727955529,1,0,0.4371203307035349,0.562879669296465,0.562879669296465,10.0,scale,0.2434880687815469,360,860,960,990
2023-11-10,0.0754439979791641,0.039260918660048105,1,1,0.570291636125291,0.429708363874709,0.570291636125291,10.0,scale,0.2434880687815469,360,860,960,990
2023-11-11,0.0784059986472129,-0.005420452844711154,0,1,0.5954719137110319,0.4045280862889681,0.5954719137110319,10.0,scale,0.2434880687815469,360,860,960,990
2023-11-12,0.0779810026288032,-0.04102285850394294,0,1,0.5244353713426796,0.4755646286573204,0.5244353713426796,10.0,scale,0.2434880687815469,360,860,960,990
2023-11-13,0.0747819989919662,-0.03109034807966926,0,0,0.39513995530307494,0.604860044696925,0.604860044696925,10.0,scale,0.2434880687815469,360,860,960,990
2023-11-14,0.0724570006132125,0.05381123358794149,1,1,0.5235450989927721,0.47645490100722787,0.5235450989927721,10.0,scale,0.2434880687815469,360,860,960,990
2023-11-15,0.0763560011982917,0.03825501698862355,1,1,0.6502604274041461,0.34973957259585386,0.6502604274041461,10.0,scale,0.2434880687815469,360,860,960,990
2023-11-16,0.0792770013213157,0.08863857199071568,1,1,0.5737005180010847,0.4262994819989153,0.5737005180010847,10.0,scale,0.24849897845621413,390,890,990,1020
2023-11-17,0.0863040015101432,-0.06860630617945584,0,1,0.5308353004541638,0.4691646995458362,0.5308353004541638,10.0,scale,0.24849897845621413,390,890,990,1020
2023-11-18,0.0803830027580261,0.0024010031121091124,1,1,0.5174245060959344,0.4825754939040656,0.5174245060959344,10.0,scale,0.24849897845621413,390,890,990,1020
2023-11-19,0.0805760025978088,-0.033471576908823186,0,1,0.5953515359862614,0.40464846401373855,0.5953515359862614,10.0,scale,0.24849897845621413,390,890,990,1020
2023-11-20,0.0778789967298507,-0.0739608803125531,0,1,0.5682772115605909,0.43172278843940914,0.5682772115605909,10.0,scale,0.24849897845621413,390,890,990,1020
2023-11-21,0.0721189975738525,0.05081879010476409,1,0,0.44589838783904256,0.5541016121609574,0.5541016121609574,10.0,scale,0.24849897845621413,390,890,990,1020
2023-11-22,0.0757839977741241,0.0054893272966294315,1,1,0.6436725449933932,0.3563274550066068,0.6436725449933932,10.0,scale,0.24849897845621413,390,890,990,1020
2023-11-23,0.0762000009417533,0.02646980055812964,1,1,0.5871285017548002,0.41287149824519975,0.5871285017548002,10.0,scale,0.24849897845621413,390,890,990,1020
2023-11-24,0.0782169997692108,0.009435319202279135,1,1,0.5267428845584718,0.47325711544152815,0.5267428845584718,10.0,scale,0.24849897845621413,390,890,990,1020
2023-11-25,0.0789550021290779,-0.0031790589951407044,0,1,0.552980647643737,0.447019352356263,0.552980647643737,10.0,scale,0.24849897845621413,390,890,990,1020
2023-11-26,0.0787039995193481,0.0010672627333130347,1,1,0.5233771830637723,0.47662281693622766,0.5233771830637723,10.0,scale,0.24849897845621413,390,890,990,1020
2023-11-27,0.0787879973649978,0.02818961325406777,1,0,0.4971799098196064,0.5028200901803936,0.5028200901803936,10.0,scale,0.24849897845621413,390,890,990,1020
2023-11-28,0.0810090005397796,-0.005135270955786253,0,1,0.5476975728379905,0.4523024271620095,0.5476975728379905,10.0,scale,0.24849897845621413,390,890,990,1020
2023-11-29,0.0805929973721504,0.03504027776994523,1,1,0.5098467608733848,0.49015323912661524,0.5098467608733848,10.0,scale,0.24849897845621413,390,890,990,1020
2023-11-30,0.083416998386383,0.005274722133896903,1,1,0.5235684121658571,0.47643158783414286,0.5235684121658571,10.0,scale,0.24849897845621413,390,890,990,1020
2023-12-01,0.0838569998741149,0.028882472437375295,1,1,0.5444346222181352,0.4555653777818648,0.5444346222181352,10.0,scale,0.24849897845621413,390,890,990,1020
2023-12-02,0.08627899736166,-0.007695913989526404,0,1,0.5166120622378539,0.48338793776214606,0.5166120622378539,10.0,scale,0.24849897845621413,390,890,990,1020
2023-12-03,0.0856150016188621,0.07387722846239297,1,1,0.5006015381537807,0.4993984618462193,0.5006015381537807,10.0,scale,0.24849897845621413,390,890,990,1020
2023-12-04,0.0919400006532669,0.025092427231231618,1,1,0.6337872899168188,0.36621271008318124,0.6337872899168188,10.0,scale,0.24849897845621413,390,890,990,1020
2023-12-05,0.0942469984292984,0.0065466799076456805,1,1,0.6675925136890444,0.3324074863109556,0.6675925136890444,10.0,scale,0.24849897845621413,390,890,990,1020
2023-12-06,0.0948640033602714,0.011131652706384276,1,1,0.6253956023168907,0.37460439768310927,0.6253956023168907,10.0,scale,0.24849897845621413,390,890,990,1020
2023-12-07,0.0959199965000152,0.05786076672628959,1,1,0.6862967031382969,0.31370329686170306,0.6862967031382969,10.0,scale,0.24849897845621413,390,890,990,1020
2023-12-08,0.1014700010418891,-0.028855855314086853,0,1,0.670495835806441,0.329504164193559,0.670495835806441,10.0,scale,0.24849897845621413,390,890,990,1020
2023-12-09,0.0985419973731041,0.033072225541000755,1,1,0.6049972028994185,0.3950027971005815,0.6049972028994185,10.0,scale,0.24849897845621413,390,890,990,1020
2023-12-10,0.1018010005354881,-0.07285783824480119,0,1,0.6456078183586504,0.35439218164134956,0.6456078183586504,10.0,scale,0.24849897845621413,390,890,990,1020
2023-12-11,0.0943839997053146,-0.005816621810882827,0,0,0.4184954399454891,0.5815045600545109,0.5815045600545109,10.0,scale,0.24849897845621413,390,890,990,1020
2023-12-12,0.0938350036740303,0.027633565954051642,1,1,0.5980182457772845,0.40198175422271554,0.5980182457772845,10.0,scale,0.24849897845621413,390,890,990,1020
2023-12-13,0.0964279994368553,0.01894679535326871,1,1,0.6291443354774424,0.3708556645225576,0.6291443354774424,10.0,scale,0.24849897845621413,390,890,990,1020
2023-12-14,0.0982550010085105,-0.053442550378715925,0,1,0.566046286361157,0.43395371363884305,0.566046286361157,10.0,scale,0.24849897845621413,390,890,990,1020
2023-12-15,0.0930040031671524,0.04356799836190395,1,0,0.4810315801175898,0.5189684198824103,0.5189684198824103,10.0,scale,0.24849897845621413,390,890,990,1020
2023-12-16,0.0970560014247894,-0.04079088415458898,0,1,0.5942155011950623,0.4057844988049377,0.5942155011950623,10.0,scale,0.24561378638616624,420,920,1020,1050
2023-12-17,0.0930970013141632,-0.011396714340181191,0,1,0.5451694500804793,0.45483054991952065,0.5451694500804793,10.0,scale,0.24561378638616624,420,920,1020,1050
2023-12-18,0.0920360013842582,-0.01889481005334559,0,1,0.5303398802582311,0.4696601197417689,0.5303398802582311,10.0,scale,0.24561378638616624,420,920,1020,1050
2023-12-19,0.0902969986200332,0.012403524976117186,1,1,0.5782316075483355,0.42176839245166453,0.5782316075483355,10.0,scale,0.24561378638616624,420,920,1020,1050
2023-12-20,0.0914169996976852,0.03923777944873019,1,1,0.570820456420781,0.42917954357921895,0.570820456420781,10.0,scale,0.24561378638616624,420,920,1020,1050
2023-12-21,0.0950039997696876,0.0020420005268515506,1,1,0.5799177205650021,0.4200822794349979,0.5799177205650021,10.0,scale,0.24561378638616624,420,920,1020,1050
2023-12-22,0.0951979979872703,-0.01718521945904017,0,1,0.540526076073051,0.45947392392694897,0.540526076073051,10.0,scale,0.24561378638616624,420,920,1020,1050
2023-12-23,0.0935619994997978,-0.017817066354380295,0,1,0.5437193128483406,0.45628068715165937,0.5437193128483406,10.0,scale,0.24561378638616624,420,920,1020,1050
2023-12-24,0.0918949991464614,0.02779258335821133,1,1,0.5552888649767213,0.44471113502327875,0.5552888649767213,10.0,scale,0.24561378638616624,420,920,1020,1050
2023-12-25,0.0944489985704422,-0.03274779852532983,0,1,0.573774492301378,0.426225507698622,0.573774492301378,10.0,scale,0.24561378638616624,420,920,1020,1050
2023-12-26,0.0913560017943382,0.024333375878097696,1,1,0.5148897625138557,0.48511023748614435,0.5148897625138557,10.0,scale,0.24561378638616624,420,920,1020,1050
2023-12-27,0.09357900172472,-0.018113033949707646,0,1,0.5529765636781541,0.44702343632184594,0.5529765636781541,10.0,scale,0.24561378638616624,420,920,1020,1050
2023-12-28,0.0918840020895004,-0.009207245074016712,0,1,0.5496935090659923,0.45030649093400765,0.5496935090659923,10.0,scale,0.24561378638616624,420,920,1020,1050
2023-12-29,0.0910380035638809,-0.009776155229508032,0,1,0.5340356461565241,0.4659643538434759,0.5340356461565241,10.0,scale,0.24561378638616624,420,920,1020,1050
2023-12-30,0.0901480019092559,-0.007498764407667835,0,1,0.5547453676054132,0.44525463239458685,0.5547453676054132,10.0,scale,0.24561378638616624,420,920,1020,1050
2023-12-31,0.0894720032811164,0.028522835347521536,1,1,0.5410711461447152,0.4589288538552848,0.5410711461447152,10.0,scale,0.24561378638616624,420,920,1020,1050
2024-01-01,0.0920239984989166,-0.008910675614100305,0,1,0.559976129745844,0.440023870254156,0.559976129745844,10.0,scale,0.24561378638616624,420,920,1020,1050
2024-01-02,0.0912040024995803,-0.10045613197536096,0,1,0.5091299348930729,0.4908700651069271,0.5091299348930729,10.0,scale,0.24561378638616624,420,920,1020,1050
2024-01-03,0.0820420011878013,0.025462582678403844,1,0,0.4586875955829623,0.5413124044170377,0.5413124044170377,10.0,scale,0.24561378638616624,420,920,1020,1050
2024-01-04,0.0841310024261474,-0.016141521972618866,0,1,0.5867001586423866,0.41329984135761344,0.5867001586423866,10.0,scale,0.24561378638616624,420,920,1020,1050
2024-01-05,0.0827730000019073,-0.025479306013066916,0,1,0.5637094407326496,0.4362905592673504,0.5637094407326496,10.0,scale,0.24561378638616624,420,920,1020,1050
2024-01-06,0.0806640014052391,-0.03023653265369497,0,1,0.5205257475156491,0.47947425248435094,0.5205257475156491,10.0,scale,0.24561378638616624,420,920,1020,1050
2024-01-07,0.0782250016927719,0.040204560698157144,1,1,0.5267781744857516,0.4732218255142484,0.5267781744857516,10.0,scale,0.24561378638616624,420,920,1020,1050
2024-01-08,0.0813700035214424,-0.025894085656676502,0,1,0.6055256997159024,0.3944743002840976,0.6055256997159024,10.0,scale,0.24561378638616624,420,920,1020,1050
2024-01-09,0.0792630016803741,0.046415096113173515,1,1,0.5295636406845866,0.4704363593154134,0.5295636406845866,10.0,scale,0.24561378638616624,420,920,1020,1050
2024-01-10,0.0829420015215873,0.0202912483301958,1,1,0.5413084313958803,0.45869156860411975,0.5413084313958803,10.0,scale,0.24561378638616624,420,920,1020,1050
2024-01-11,0.0846249982714653,-0.054109308933874445,0,1,0.5563319049106084,0.44366809508939165,0.5563319049106084,10.0,scale,0.24561378638616624,420,920,1020,1050
2024-01-12,0.080045998096466,0.010956205336166924,1,1,0.5043963021680715,0.4956036978319285,0.5043963021680715,10.0,scale,0.24561378638616624,420,920,1020,1050
2024-01-13,0.0809229984879493,-0.011677790717704695,0,1,0.5642744794967314,0.4357255205032686,0.5642744794967314,10.0,scale,0.24561378638616624,420,920,1020,1050
2024-01-14,0.0799779966473579,0.01434146927676383,1,1,0.5558468465852135,0.44415315341478645,0.5558468465852135,10.0,scale,0.24561378638616624,420,920,1020,1050
2024-01-15,0.0811249986290931,0.002280405785489492,1,1,0.5053999221329208,0.49460007786707916,0.5053999221329208,1.0,0.01,0.24510749126847478,450,950,1050,1080
2024-01-16,0.0813099965453147,-0.009900356841682778,0,1,0.5521840761899843,0.44781592381001567,0.5521840761899843,1.0,0.01,0.24510749126847478,450,950,1050,1080
2024-01-17,0.0805049985647201,-0.03127753882899731,0,1,0.5494587768356007,0.45054122316439926,0.5494587768356007,1.0,0.01,0.24510749126847478,450,950,1050,1080
2024-01-18,0.0779870003461837,0.007039583890230627,1,1,0.6133092820076997,0.38669071799230026,0.6133092820076997,1.0,0.01,0.24510749126847478,450,950,1050,1080
2024-01-19,0.0785359963774681,0.11907923053796998,1,1,0.5229531042983698,0.47704689570163017,0.5229531042983698,1.0,0.01,0.24510749126847478,450,950,1050,1080
2024-01-20,0.0878880023956298,-0.029753831087624416,0,0,0.3670265963918041,0.6329734036081959,0.6329734036081959,1.0,0.01,0.24510749126847478,450,950,1050,1080
2024-01-21,0.0852729976177215,-0.057837784185927776,0,1,0.6180865546035615,0.38191344539643846,0.6180865546035615,1.0,0.01,0.24510749126847478,450,950,1050,1080
2024-01-22,0.0803409963846206,-0.027221453844902155,0,1,0.6586362480746517,0.3413637519253483,0.6586362480746517,1.0,0.01,0.24510749126847478,450,950,1050,1080
2024-01-23,0.0781539976596832,0.011029536537532358,1,1,0.595942553698395,0.404057446301605,0.595942553698395,1.0,0.01,0.24510749126847478,450,950,1050,1080
2024-01-24,0.0790160000324249,-0.01370610375067427,0,1,0.5142321968016972,0.4857678031983028,0.5142321968016972,1.0,0.01,0.24510749126847478,450,950,1050,1080
2024-01-25,0.0779329985380172,0.02525250980163518,1,1,0.5799638922154248,0.42003610778457523,0.5799638922154248,1.0,0.01,0.24510749126847478,450,950,1050,1080
2024-01-26,0.0799010023474693,0.0030161884445463194,1,1,0.5089974143466292,0.49100258565337085,0.5089974143466292,1.0,0.01,0.24510749126847478,450,950,1050,1080
2024-01-27,0.0801419988274574,-0.01658303178633691,0,1,0.5190073216326632,0.48099267836733683,0.5190073216326632,1.0,0.01,0.24510749126847478,450,950,1050,1080
2024-01-28,0.0788130015134811,0.03141612739222954,1,1,0.5774706507134423,0.4225293492865577,0.5774706507134423,1.0,0.01,0.24510749126847478,450,950,1050,1080
2024-01-29,0.0812890008091926,-0.01926460243299377,0,1,0.5020178202788591,0.4979821797211409,0.5020178202788591,1.0,0.01,0.24510749126847478,450,950,1050,1080
2024-01-30,0.0797230005264282,-0.012029169439190635,0,1,0.5398471841067203,0.4601528158932797,0.5398471841067203,1.0,0.01,0.24510749126847478,450,950,1050,1080
2024-01-31,0.0787639990448951,0.007147975339414581,1,1,0.5472548461664286,0.4527451538335714,0.5472548461664286,1.0,0.01,0.24510749126847478,450,950,1050,1080
2024-02-01,0.0793270021677017,-0.001185018629503487,0,0,0.496483191268785,0.503516808731215,0.503516808731215,1.0,0.01,0.24510749126847478,450,950,1050,1080
2024-02-02,0.0792329981923103,-0.007345356934941649,0,1,0.5237105090696362,0.47628949093036377,0.5237105090696362,1.0,0.01,0.24510749126847478,450,950,1050,1080
2024-02-03,0.0786510035395622,-0.005251052943538781,0,1,0.5213459181525929,0.4786540818474071,0.5213459181525929,1.0,0.01,0.24510749126847478,450,950,1050,1080
2024-02-04,0.0782380029559135,-0.00023007492576643251,0,1,0.5382800666252848,0.4617199333747152,0.5382800666252848,1.0,0.01,0.24510749126847478,450,950,1050,1080
2024-02-05,0.0782200023531913,0.003144922170392306,1,1,0.5262202693544605,0.47377973064553947,0.5262202693544605,1.0,0.01,0.24510749126847478,450,950,1050,1080
2024-02-06,0.07846599817276,0.020875318377352237,1,0,0.48709001856129863,0.5129099814387014,0.5129099814387014,1.0,0.01,0.24510749126847478,450,950,1050,1080
2024-02-07,0.0801040008664131,-0.0029087436892967222,0,0,0.4691026883869155,0.5308973116130845,0.5308973116130845,1.0,0.01,0.24510749126847478,450,950,1050,1080
2024-02-08,0.0798709988594055,0.021384494031027934,1,1,0.5171565773325911,0.4828434226674089,0.5171565773325911,1.0,0.01,0.24510749126847478,450,950,1050,1080
2024-02-09,0.0815789997577667,-0.0016057577126965539,0,0,0.4780563713619486,0.5219436286380514,0.5219436286380514,1.0,0.01,0.24510749126847478,450,950,1050,1080
2024-02-10,0.0814480036497116,-0.003130875651747189,0,0,0.488194010101258,0.5118059898987419,0.5118059898987419,1.0,0.01,0.24510749126847478,450,950,1050,1080
2024-02-11,0.0811930000782013,0.014188431517571098,1,1,0.528087444153729,0.471912555846271,0.528087444153729,1.0,0.01,0.24510749126847478,450,950,1050,1080
2024-02-12,0.082345001399517,-0.015252947410546391,0,0,0.47933272894612017,0.5206672710538798,0.5206672710538798,1.0,0.01,0.24510749126847478,450,950,1050,1080
2024-02-13,0.0810889974236488,0.05492732584982751,1,1,0.5408200487283711,0.4591799512716289,0.5408200487283711,1.0,0.01,0.24510749126847478,450,950,1050,1080
2024-02-14,0.0855429992079734,-0.0021860599246414925,0,0,0.4023260829940762,0.5976739170059238,0.5976739170059238,1.0,0.01,0.24330031051360096,480,980,1080,1110
2024-02-15,0.0853559970855712,0.0076971703225343635,1,0,0.4874866388962475,0.5125133611037525,0.5125133611037525,1.0,0.01,0.24330031051360096,480,980,1080,1110
2024-02-16,0.0860129967331886,-0.028135204832721805,0,0,0.4654687537515383,0.5345312462484617,0.5345312462484617,1.0,0.01,0.24330031051360096,480,980,1080,1110
2024-02-17,0.0835930034518241,0.0188173209837057,1,1,0.5343142261035714,0.4656857738964286,0.5343142261035714,1.0,0.01,0.24330031051360096,480,980,1080,1110
2024-02-18,0.0851659998297691,0.05061882440815313,1,0,0.4463922951950953,0.5536077048049046,0.5536077048049046,1.0,0.01,0.24330031051360096,480,980,1080,1110
2024-02-19,0.089477002620697,-0.03726097889986213,0,0,0.43696292314988255,0.5630370768501174,0.5630370768501174,1.0,0.01,0.24330031051360096,480,980,1080,1110
2024-02-20,0.0861430019140243,-0.017737973924395245,0,1,0.5896818583318544,0.4103181416681456,0.5896818583318544,1.0,0.01,0.24330031051360096,480,980,1080,1110
2024-02-21,0.0846149995923042,-0.006216345701305692,0,1,0.538415660216639,0.461584339783361,0.538415660216639,1.0,0.01,0.24330031051360096,480,980,1080,1110
2024-02-22,0.0840890035033226,0.004102785384141994,1,1,0.5203480926715132,0.47965190732848684,0.5203480926715132,1.0,0.01,0.24330031051360096,480,980,1080,1110
2024-02-23,0.0844340026378631,0.020394633506698012,1,1,0.5162793153134339,0.48372068468656615,0.5162793153134339,1.0,0.01,0.24330031051360096,480,980,1080,1110
2024-02-24,0.0861560031771659,-0.0006616415576961021,0,0,0.4724469930651497,0.5275530069348503,0.5275530069348503,1.0,0.01,0.24330031051360096,480,980,1080,1110
2024-02-25,0.0860989987850189,0.03821179832627353,1,1,0.5178040990188523,0.48219590098114773,0.5178040990188523,1.0,0.01,0.24330031051360096,480,980,1080,1110
2024-02-26,0.0893889963626861,0.09265128957587199,1,0,0.46524730319016194,0.5347526968098381,0.5347526968098381,1.0,0.01,0.24330031051360096,480,980,1080,1110
2024-02-27,0.0976710021495819,0.19361935681713138,1,0,0.40947519572073005,0.5905248042792699,0.5905248042792699,1.0,0.01,0.24330031051360096,480,980,1080,1110
2024-02-28,0.1165819987654686,0.005172306581086028,1,0,0.3588349207490328,0.6411650792509672,0.6411650792509672,1.0,0.01,0.24330031051360096,480,980,1080,1110
2024-02-29,0.1171849966049194,0.19091187454159053,1,1,0.560376814775892,0.43962318522410804,0.560376814775892,1.0,0.01,0.24330031051360096,480,980,1080,1110
2024-03-01,0.1395570039749145,0.0183724071892708,1,0,0.4301872633233604,0.5698127366766397,0.5698127366766397,1.0,0.01,0.24330031051360096,480,980,1080,1110
2024-03-02,0.1421210020780563,0.08242972351788613,1,1,0.5083036325978948,0.4916963674021052,0.5083036325978948,1.0,0.01,0.24330031051360096,480,980,1080,1110
2024-03-03,0.1538359969854354,0.1889934664302031,1,0,0.4751926428744799,0.5248073571255201,0.5248073571255201,1.0,0.01,0.24330031051360096,480,980,1080,1110
2024-03-04,0.1829099953174591,-0.1584003007116488,0,0,0.4268593518734235,0.5731406481265765,0.5731406481265765,1.0,0.01,0.24330031051360096,480,980,1080,1110
2024-03-05,0.1539369970560073,0.025036259005703387,1,1,0.725349948873994,0.27465005112600605,0.725349948873994,1.0,0.01,0.24330031051360096,480,980,1080,1110
2024-03-06,0.1577910035848617,0.0020913810565983404,1,0,0.4217002762902269,0.5782997237097731,0.5782997237097731,1.0,0.01,0.24330031051360096,480,980,1080,1110
2024-03-07,0.1581210047006607,0.04569911700908835,1,0,0.41787958326097613,0.5821204167390239,0.5821204167390239,1.0,0.01,0.24330031051360096,480,980,1080,1110
2024-03-08,0.1653469949960708,0.08307383873595464,1,0,0.4213747343354767,0.5786252656645233,0.5786252656645233,1.0,0.01,0.24330031051360096,480,980,1080,1110
2024-03-09,0.1790830045938491,-0.051166257573915686,0,0,0.37578042395611916,0.6242195760438809,0.6242195760438809,1.0,0.01,0.24330031051360096,480,980,1080,1110
2024-03-10,0.1699199974536895,0.07088627709320017,1,1,0.5835699838179863,0.4164300161820137,0.5835699838179863,1.0,0.01,0.24330031051360096,480,980,1080,1110
2024-03-11,0.1819649934768676,-0.0759541198336251,0,0,0.38767520734154337,0.6123247926584566,0.6123247926584566,1.0,0.01,0.24330031051360096,480,980,1080,1110
2024-03-12,0.1681440025568008,0.006030510761610097,1,1,0.5973938194465993,0.4026061805534007,0.5973938194465993,1.0,0.01,0.24330031051360096,480,980,1080,1110
2024-03-13,0.1691579967737198,0.04830989708334199,1,0,0.46031484441530784,0.5396851555846922,0.5396851555846922,1.0,0.01,0.24330031051360096,480,980,1080,1110
2024-03-14,0.1773300021886825,-0.07950714323828179,0,0,0.4110451478917911,0.5889548521082089,0.5889548521082089,1.0,0.01,0.24330031051360096,480,980,1080,1110
2024-03-15,0.1632310003042221,-0.12781271044919873,0,1,0.6278239602862096,0.37217603971379043,0.6278239602862096,1.0,0.01,0.24168786256716082,510,1010,1110,1140
2024-03-16,0.1423680037260055,0.08402166387294341,1,1,0.7264892845163436,0.27351071548365635,0.7264892845163436,1.0,0.01,0.24168786256716082,510,1010,1110,1140
2024-03-17,0.1543300002813339,-0.06905331135895654,0,0,0.4067956691131261,0.593204330886874,0.593204330886874,1.0,0.01,0.24168786256716082,510,1010,1110,1140
2024-03-18,0.1436730027198791,-0.10402093731707085,0,1,0.6427886982162091,0.3572113017837909,0.6427886982162091,1.0,0.01,0.24168786256716082,510,1010,1110,1140
2024-03-19,0.1287280023097992,0.18222922423163412,1,1,0.7284304150247402,0.27156958497525985,0.7284304150247402,1.0,0.01,0.24168786256716082,510,1010,1110,1140
2024-03-20,0.1521860063076019,0.02040922233656417,1,0,0.30368505687644026,0.6963149431235598,0.6963149431235598,1.0,0.01,0.24168786256716082,510,1010,1110,1140
2024-03-21,0.1552920043468475,-0.016671832284697263,0,1,0.5019837705819972,0.49801622941800283,0.5019837705819972,1.0,0.01,0.24168786256716082,510,1010,1110,1140
2024-03-22,0.1527030020952224,0.05936361485110142,1,1,0.5777659391846032,0.42223406081539683,0.5777659391846032,1.0,0.01,0.24168786256716082,510,1010,1110,1140
2024-03-23,0.1617680042982101,0.09077808749706495,1,0,0.4289771648050226,0.5710228351949773,0.5710228351949773,1.0,0.01,0.24168786256716082,510,1010,1110,1140
2024-03-24,0.1764529943466186,-0.006154594495995314,0,0,0.3967242791530774,0.6032757208469226,0.6032757208469226,1.0,0.01,0.24168786256716082,510,1010,1110,1140
2024-03-25,0.175366997718811,0.040594867053909134,1,1,0.5225663172452638,0.4774336827547362,0.5225663172452638,1.0,0.01,0.24168786256716082,510,1010,1110,1140
2024-03-26,0.1824859976768493,0.042984125656885475,1,0,0.44558497728497903,0.554415022715021,0.554415022715021,1.0,0.01,0.24168786256716082,510,1010,1110,1140
2024-03-27,0.1903299987316131,0.15618136309651032,1,0,0.42884408225320564,0.5711559177467944,0.5711559177467944,1.0,0.01,0.24168786256716082,510,1010,1110,1140
2024-03-28,0.2200559973716735,-0.02983333635795049,0,0,0.36816316009420685,0.6318368399057932,0.6318368399057932,1.0,0.01,0.24168786256716082,510,1010,1110,1140
2024-03-29,0.2134909927845001,-0.06584350621875767,0,1,0.5422837727021133,0.45771622729788675,0.5422837727021133,1.0,0.01,0.24168786256716082,510,1010,1110,1140
2024-03-30,0.1994339972734451,0.10344275451443496,1,1,0.5851262506157932,0.41487374938420685,0.5851262506157932,1.0,0.01,0.24168786256716082,510,1010,1110,1140
2024-03-31,0.2200639992952346,-0.06586266682330888,0,0,0.3489352925788263,0.6510647074211737,0.6510647074211737,1.0,0.01,0.24168786256716082,510,1010,1110,1140
2024-04-01,0.2055699974298477,-0.11317800664836641,0,1,0.5923546162108001,0.4076453837891999,0.5923546162108001,1.0,0.01,0.24168786256716082,510,1010,1110,1140
2024-04-02,0.1823039948940277,-0.03706441623466794,0,1,0.6916479692875842,0.3083520307124158,0.6916479692875842,1.0,0.01,0.24168786256716082,510,1010,1110,1140
2024-04-03,0.1755470037460327,0.02494482529140729,1,1,0.5904528625560153,0.40954713744398474,0.5904528625560153,1.0,0.01,0.24168786256716082,510,1010,1110,1140
2024-04-04,0.1799259930849075,-0.01338326833892789,0,0,0.49177141436405947,0.5082285856359405,0.5082285856359405,1.0,0.01,0.24168786256716082,510,1010,1110,1140
2024-04-05,0.1775179952383041,0.047505038810022215,1,1,0.5610762813442984,0.43892371865570157,0.5610762813442984,1.0,0.01,0.24168786256716082,510,1010,1110,1140
2024-04-06,0.1859509944915771,0.07075525524562964,1,0,0.4616567757309774,0.5383432242690226,0.5383432242690226,1.0,0.01,0.24168786256716082,510,1010,1110,1140
2024-04-07,0.1991080045700073,0.0177390780600859,1,0,0.4310837059204063,0.5689162940795938,0.5689162940795938,1.0,0.01,0.24168786256716082,510,1010,1110,1140
2024-04-08,0.2026399970054626,-0.06730656948262159,0,0,0.4903164430132591,0.5096835569867408,0.5096835569867408,1.0,0.01,0.24168786256716082,510,1010,1110,1140
2024-04-09,0.1890009939670562,0.058110832834922466,1,1,0.6097914513772204,0.39020854862277965,0.6097914513772204,1.0,0.01,0.24168786256716082,510,1010,1110,1140
2024-04-10,0.19998399913311,-0.029867371289677203,0,0,0.4161943096523094,0.5838056903476906,0.5838056903476906,1.0,0.01,0.24168786256716082,510,1010,1110,1140
2024-04-11,0.1940110027790069,-0.10006652914340541,0,1,0.5393457276211642,0.4606542723788358,0.5393457276211642,1.0,0.01,0.24168786256716082,510,1010,1110,1140
2024-04-12,0.1745969951152801,-0.12273408411671005,0,1,0.6961319796070583,0.3038680203929417,0.6961319796070583,1.0,0.01,0.24168786256716082,510,1010,1110,1140
2024-04-13,0.1531679928302765,0.059522926997265246,1,1,0.7486362264697027,0.25136377353029726,0.7486362264697027,1.0,0.01,0.24168786256716082,510,1010,1110,1140
2024-04-14,0.1622850000858307,-0.005644416800220764,0,0,0.4945007930456574,0.5054992069543426,0.5054992069543426,1.0,0.01,0.24287871253431625,540,1040,1140,1170
2024-04-15,0.1613689959049224,-0.03333967416146377,0,1,0.5587364253774058,0.44126357462259425,0.5587364253774058,1.0,0.01,0.24287871253431625,540,1040,1140,1170
2024-04-16,0.1559890061616897,-0.05374740465092276,0,1,0.5845816130251182,0.41541838697488176,0.5845816130251182,1.0,0.01,0.24287871253431625,540,1040,1140,1170
2024-04-17,0.1476050019264221,0.03281051816729175,1,1,0.607627090528544,0.392372909471456,0.607627090528544,1.0,0.01,0.24287871253431625,540,1040,1140,1170
2024-04-18,0.1524479985237121,0.02505773848133419,1,1,0.5116578987588883,0.48834210124111166,0.5116578987588883,1.0,0.01,0.24287871253431625,540,1040,1140,1170
2024-04-19,0.1562680006027221,0.0419727608590017,1,1,0.5150333443122276,0.4849666556877724,0.5150333443122276,1.0,0.01,0.24287871253431625,540,1040,1140,1170
2024-04-20,0.1628270000219345,-0.028048157179352273,0,0,0.48581271078498334,0.5141872892150167,0.5141872892150167,1.0,0.01,0.24287871253431625,540,1040,1140,1170
2024-04-21,0.1582600027322769,0.01853907421288481,1,1,0.559465243177782,0.440534756822218,0.559465243177782,1.0,0.01,0.24287871253431625,540,1040,1140,1170
2024-04-22,0.1611939966678619,-0.007754623830580454,0,1,0.5116374489415029,0.48836255105849713,0.5116374489415029,1.0,0.01,0.24287871253431625,540,1040,1140,1170
2024-04-23,0.1599439978599548,-0.053706284715558494,0,1,0.5326497032447001,0.46735029675529993,0.5326497032447001,1.0,0.01,0.24287871253431625,540,1040,1140,1170
2024-04-24,0.1513539999723434,0.0002642461821400488,1,1,0.6019327288847894,0.39806727111521056,0.6019327288847894,1.0,0.01,0.24287871253431625,540,1040,1140,1170
2024-04-25,0.1513939946889877,-0.023494964851451527,0,1,0.5394286489882684,0.46057135101173163,0.5394286489882684,1.0,0.01,0.24287871253431625,540,1040,1140,1170
2024-04-26,0.1478369981050491,-0.0008184516084941418,0,1,0.5639366101342833,0.4360633898657167,0.5639366101342833,1.0,0.01,0.24287871253431625,540,1040,1140,1170
2024-04-27,0.1477160006761551,-0.006884861807961662,0,1,0.537539440737656,0.462460559262344,0.537539440737656,1.0,0.01,0.24287871253431625,540,1040,1140,1170
2024-04-28,0.146698996424675,-0.021861077362340886,0,1,0.5452327849162001,0.4547672150837999,0.5452327849162001,1.0,0.01,0.24287871253431625,540,1040,1140,1170
2024-04-29,0.1434919983148574,-0.07084012447057686,0,1,0.5739234002300635,0.4260765997699365,0.5739234002300635,1.0,0.01,0.24287871253431625,540,1040,1140,1170
2024-04-30,0.1333270072937011,-0.023948680648194887,0,1,0.6371270348779403,0.3628729651220597,0.6371270348779403,1.0,0.01,0.24287871253431625,540,1040,1140,1170
2024-05-01,0.1301340013742447,0.015153647397357917,1,1,0.5930022372026854,0.4069977627973146,0.5930022372026854,1.0,0.01,0.24287871253431625,540,1040,1140,1170
2024-05-02,0.1321060061454773,0.10627823590906038,1,1,0.5418717187384507,0.45812828126154925,0.5418717187384507,1.0,0.01,0.24287871253431625,540,1040,1140,1170
2024-05-03,0.1461459994316101,0.0958698539880738,1,0,0.44035934766350493,0.5596406523364951,0.5596406523364951,1.0,0.01,0.24287871253431625,540,1040,1140,1170
2024-05-04,0.1601569950580597,0.005688245409311898,1,0,0.4630722763989452,0.5369277236010548,0.5369277236010548,1.0,0.01,0.24287871253431625,540,1040,1140,1170
2024-05-05,0.1610680073499679,-0.027690210027836448,0,1,0.5231411757844645,0.4768588242155355,0.5231411757844645,1.0,0.01,0.24287871253431625,540,1040,1140,1170
2024-05-06,0.1566080003976822,-0.04098133311004948,0,1,0.555645333311624,0.444354666688376,0.555645333311624,1.0,0.01,0.24287871253431625,540,1040,1140,1170
2024-05-07,0.150189995765686,-0.04591510336260851,0,1,0.5657927342257079,0.43420726577429214,0.5657927342257079,1.0,0.01,0.24287871253431625,540,1040,1140,1170
2024-05-08,0.1432940065860748,0.061572655090347705,1,1,0.5856260884480771,0.41437391155192294,0.5856260884480771,1.0,0.01,0.24287871253431625,540,1040,1140,1170
2024-05-09,0.1521169990301132,-0.05315642541009613,0,0,0.4679963043865292,0.5320036956134708,0.5320036956134708,1.0,0.01,0.24287871253431625,540,1040,1140,1170
2024-05-10,0.1440310031175613,-0.007685895683079758,0,1,0.5984445361903512,0.4015554638096488,0.5984445361903512,1.0,0.01,0.24287871253431625,540,1040,1140,1170
2024-05-11,0.1429239958524704,-0.011845424688423534,0,1,0.5478734202937248,0.45212657970627523,0.5478734202937248,1.0,0.01,0.24287871253431625,540,1040,1140,1170
2024-05-12,0.1412310004234314,0.05100153494694748,1,1,0.5576492840567653,0.4423507159432347,0.5576492840567653,1.0,0.01,0.24287871253431625,540,1040,1140,1170
2024-05-13,0.1484339982271194,-0.020312035543376794,0,1,0.5090984053790316,0.4909015946209684,0.5090984053790316,1.0,0.01,0.24287871253431625,540,1040,1140,1170
2024-05-14,0.1454190015792846,0.06950257938801352,1,1,0.5492606340241895,0.45073936597581055,0.5492606340241895,1.0,0.1,0.24956591094897004,570,1070,1170,1200
2024-05-15,0.1555259972810745,-0.03786504257426815,0,0,0.4567107102755929,0.543289289724407,0.543289289724407,1.0,0.1,0.24956591094897004,570,1070,1170,1200
2024-05-16,0.1496369987726211,0.03960249230006596,1,1,0.5490765482404574,0.4509234517595426,0.5490765482404574,1.0,0.1,0.24956591094897004,570,1070,1170,1200
2024-05-17,0.1555629968643188,-0.01598060319228911,0,0,0.4687329447610427,0.5312670552389573,0.5312670552389573,1.0,0.1,0.24956591094897004,570,1070,1170,1200
2024-05-18,0.1530770063400268,-0.02593473810122726,0,1,0.5162031917734541,0.4837968082265459,0.5162031917734541,1.0,0.1,0.24956591094897004,570,1070,1170,1200
2024-05-19,0.1491069942712783,0.11120201958726228,1,1,0.5569159761539044,0.4430840238460956,0.5569159761539044,1.0,0.1,0.24956591094897004,570,1070,1170,1200
2024-05-20,0.1656879931688308,0.028885615452212132,1,0,0.4226870201263553,0.5773129798736447,0.5773129798736447,1.0,0.1,0.24956591094897004,570,1070,1170,1200
2024-05-21,0.1704739928245544,-0.025288287491359474,0,1,0.5002220364086901,0.4997779635913099,0.5002220364086901,1.0,0.1,0.24956591094897004,570,1070,1170,1200
2024-05-22,0.1661629974842071,-0.03941911988241387,0,1,0.5312481061089591,0.4687518938910409,0.5312481061089591,1.0,0.1,0.24956591094897004,570,1070,1170,1200
2024-05-23,0.1596129983663559,0.026250981776784865,1,1,0.5652588473079257,0.43474115269207425,0.5652588473079257,1.0,0.1,0.24956591094897004,570,1070,1170,1200
2024-05-24,0.1638029962778091,0.06200743716268886,1,0,0.48209094384745316,0.5179090561525468,0.5179090561525468,1.0,0.1,0.24956591094897004,570,1070,1170,1200
2024-05-25,0.1739600002765655,-0.0444930204557753,0,0,0.4456038798969991,0.5543961201030009,0.5543961201030009,1.0,0.1,0.24956591094897004,570,1070,1170,1200
2024-05-26,0.1662199944257736,0.017266324423445,1,1,0.5650066985236725,0.43499330147632753,0.5650066985236725,1.0,0.1,0.24956591094897004,570,1070,1170,1200
2024-05-27,0.1690900027751922,-0.024413087782457876,0,0,0.49065344064384864,0.5093465593561514,0.5093465593561514,1.0,0.1,0.24956591094897004,570,1070,1170,1200
2024-05-28,0.1649619936943054,-0.007680563288882114,0,1,0.5354952490749634,0.4645047509250366,0.5354952490749634,1.0,0.1,0.24956591094897004,570,1070,1170,1200
2024-05-29,0.1636949926614761,-0.02535805527070778,0,1,0.5255318972549526,0.47446810274504736,0.5255318972549526,1.0,0.1,0.24956591094897004,570,1070,1170,1200
2024-05-30,0.1595440059900283,-0.0025573426724297965,0,1,0.5461167908257994,0.45388320917420055,0.5461167908257994,1.0,0.1,0.24956591094897004,570,1070,1170,1200
2024-05-31,0.1591359972953796,0.006686120877544388,1,1,0.5047095927329982,0.4952904072670018,0.5047095927329982,1.0,0.1,0.24956591094897004,570,1070,1170,1200
2024-06-01,0.1601999998092651,-0.01872030464596275,0,0,0.48110556657447595,0.5188944334255241,0.5188944334255241,1.0,0.1,0.24956591094897004,570,1070,1170,1200
2024-06-02,0.1572010070085525,0.006876481634673581,1,1,0.5514703691480785,0.44852963085192155,0.5514703691480785,1.0,0.1,0.24956591094897004,570,1070,1170,1200
2024-06-03,0.158281996846199,0.02001492168469121,1,1,0.5254888961272997,0.47451110387270035,0.5254888961272997,1.0,0.1,0.24956591094897004,570,1070,1170,1200
2024-06-04,0.1614499986171722,0.011056024859327218,1,0,0.4867885520610539,0.513211447938946,0.513211447938946,1.0,0.1,0.24956591094897004,570,1070,1170,1200
2024-06-05,0.163234993815422,-0.018843919607577364,0,1,0.5025254039926106,0.4974745960073894,0.5025254039926106,1.0,0.1,0.24956591094897004,570,1070,1170,1200
2024-06-06,0.1601590067148208,-0.07402646182032901,0,1,0.5429210922346299,0.4570789077653701,0.5429210922346299,1.0,0.1,0.24956591094897004,570,1070,1170,1200
2024-06-07,0.1483030021190643,-0.015131154693027171,0,1,0.6362196137956753,0.36378038620432473,0.6362196137956753,1.0,0.1,0.24956591094897004,570,1070,1170,1200
2024-06-08,0.1460590064525604,0.004895196357750375,1,1,0.5679879211147304,0.4320120788852696,0.5679879211147304,1.0,0.1,0.24956591094897004,570,1070,1170,1200
2024-06-09,0.1467739939689636,-0.013857997229598351,0,1,0.5427769818733286,0.45722301812667143,0.5427769818733286,1.0,0.1,0.24956591094897004,570,1070,1170,1200
2024-06-10,0.1447400003671646,-0.04584768344802659,0,1,0.5808233797167272,0.41917662028327285,0.5808233797167272,1.0,0.1,0.24956591094897004,570,1070,1170,1200
2024-06-11,0.1381040066480636,0.058593420826471565,1,1,0.6087377844302663,0.39126221556973373,0.6087377844302663,1.0,0.1,0.24956591094897004,570,1070,1170,1200
2024-06-12,0.1461959928274154,-0.035130909066075855,0,0,0.47547432346801616,0.5245256765319839,0.5245256765319839,1.0,0.1,0.24956591094897004,570,1070,1170,1200
2024-06-13,0.1410599946975708,-0.043173121371895884,0,1,0.566907951809335,0.43309204819066505,0.566907951809335,1.0,0.01,0.24811766721244483,600,1100,1200,1230
2024-06-14,0.1349699944257736,0.011824878393293048,1,1,0.5915526826043194,0.40844731739568063,0.5915526826043194,1.0,0.01,0.24811766721244483,600,1100,1200,1230
2024-06-15,0.1365659981966018,0.0027167019338911746,1,1,0.5303417885815638,0.4696582114184362,0.5303417885815638,1.0,0.01,0.24811766721244483,600,1100,1200,1230
2024-06-16,0.1369370073080063,-0.05877164260327927,0,1,0.5398529608351615,0.46014703916483846,0.5398529608351615,1.0,0.01,0.24811766721244483,600,1100,1200,1230
2024-06-17,0.1288889944553375,-0.051152516522740776,0,1,0.6327006636771438,0.36729933632285616,0.6327006636771438,1.0,0.01,0.24811766721244483,600,1100,1200,1230
2024-06-18,0.1222959980368614,0.00036797203120109145,1,1,0.6238260226331658,0.3761739773668342,0.6238260226331658,1.0,0.01,0.24811766721244483,600,1100,1200,1230
2024-06-19,0.1223409995436668,0.016985345788705253,1,1,0.5643014221827126,0.4356985778172874,0.5643014221827126,1.0,0.01,0.24811766721244483,600,1100,1200,1230
2024-06-20,0.1244190037250518,-0.0031345745398165814,0,1,0.5551085249668388,0.4448914750331612,0.5551085249668388,1.0,0.01,0.24811766721244483,600,1100,1200,1230
2024-06-21,0.1240290030837059,-0.001935076045130546,0,1,0.5571259522482653,0.44287404775173467,0.5571259522482653,1.0,0.01,0.24811766721244483,600,1100,1200,1230
2024-06-22,0.1237889975309372,-0.01237586428096904,0,1,0.5475927721955702,0.45240722780442977,0.5475927721955702,1.0,0.01,0.24811766721244483,600,1100,1200,1230
2024-06-23,0.1222570016980171,-0.02628889643079424,0,1,0.5714569837657119,0.42854301623428814,0.5714569837657119,1.0,0.01,0.24811766721244483,600,1100,1200,1230
2024-06-24,0.1190430000424385,0.05972637706310402,1,1,0.600819709551358,0.399180290448642,0.600819709551358,1.0,0.01,0.24811766721244483,600,1100,1200,1230
2024-06-25,0.1261530071496963,-0.027538024222816593,0,0,0.48373708656138853,0.5162629134386114,0.5162629134386114,1.0,0.01,0.24811766721244483,600,1100,1200,1230
2024-06-26,0.1226790025830268,0.03449650506747526,1,1,0.5677927264280097,0.4322072735719903,0.5677927264280097,1.0,0.01,0.24811766721244483,600,1100,1200,1230
2024-06-27,0.126910999417305,-0.03247942637967394,0,1,0.5153943045062022,0.48460569549379784,0.5153943045062022,1.0,0.01,0.24811766721244483,600,1100,1200,1230
2024-06-28,0.1227890029549598,-0.008877057504640962,0,1,0.5666537394625205,0.4333462605374795,0.5666537394625205,1.0,0.01,0.24811766721244483,600,1100,1200,1230
2024-06-29,0.1216989979147911,0.021413524525254024,1,1,0.5416950577142137,0.45830494228578633,0.5416950577142137,1.0,0.01,0.24811766721244483,600,1100,1200,1230
2024-06-30,0.1243050023913383,-0.00694260676513081,0,1,0.5250730448795856,0.4749269551204144,0.5250730448795856,1.0,0.01,0.24811766721244483,600,1100,1200,1230
2024-07-01,0.1234420016407966,0.01275094526501408,1,1,0.5410644505358835,0.4589355494641165,0.5410644505358835,1.0,0.01,0.24811766721244483,600,1100,1200,1230
2024-07-02,0.1250160038471222,-0.0523533549900943,0,1,0.5038108161856071,0.4961891838143929,0.5038108161856071,1.0,0.01,0.24811766721244483,600,1100,1200,1230
2024-07-03,0.1184709966182708,-0.11466093634401286,0,1,0.5865442614732841,0.4134557385267159,0.5865442614732841,1.0,0.01,0.24811766721244483,600,1100,1200,1230
2024-07-04,0.1048870012164115,0.006740592121082356,1,1,0.6745166581572848,0.3254833418427152,0.6745166581572848,1.0,0.01,0.24811766721244483,600,1100,1200,1230
2024-07-05,0.1055940017104148,0.07596072615394855,1,1,0.5681386250455251,0.43186137495447485,0.5681386250455251,1.0,0.01,0.24811766721244483,600,1100,1200,1230
2024-07-06,0.1136149987578392,-0.082585930872068,0,0,0.47256876645530244,0.5274312335446976,0.5274312335446976,1.0,0.01,0.24811766721244483,600,1100,1200,1230
2024-07-07,0.1042319983243942,0.032130236196675765,1,1,0.6264617841559261,0.3735382158440739,0.6264617841559261,1.0,0.01,0.24811766721244483,600,1100,1200,1230
2024-07-08,0.1075809970498085,-0.0006320261049087561,0,1,0.5369733635925382,0.4630266364074618,0.5369733635925382,1.0,0.01,0.24811766721244483,600,1100,1200,1230
2024-07-09,0.1075130030512809,0.00473425399360039,1,1,0.5427116894360265,0.45728831056397345,0.5427116894360265,1.0,0.01,0.24811766721244483,600,1100,1200,1230
2024-07-10,0.1080219969153404,-0.012543739969198553,0,1,0.5425772526672034,0.45742274733279664,0.5425772526672034,1.0,0.01,0.24811766721244483,600,1100,1200,1230
2024-07-11,0.1066669970750808,0.009543745086997735,1,1,0.5555947588379847,0.4444052411620153,0.5555947588379847,1.0,0.01,0.24811766721244483,600,1100,1200,1230
2024-07-12,0.1076849997043609,0.04337651443593704,1,1,0.5312339997567309,0.4687660002432691,0.5312339997567309,1.0,0.01,0.24811766721244483,600,1100,1200,1230
2024-07-13,0.112355999648571,0.02752854129533122,1,0,0.44520759335463184,0.5547924066453682,0.5547924066453682,1.0,scale,0.2518900258205874,630,1130,1230,1260
2024-07-14,0.1154489964246749,0.08470412516000048,1,0,0.4721808626873092,0.5278191373126908,0.5278191373126908,1.0,scale,0.2518900258205874,630,1130,1230,1260
2024-07-15,0.125228002667427,-0.0023716939343347843,0,0,0.4262956300932219,0.5737043699067781,0.5737043699067781,1.0,scale,0.2518900258205874,630,1130,1230,1260
2024-07-16,0.1249310001730918,-0.024389438068028735,0,1,0.5006655050441359,0.4993344949558641,0.5006655050441359,1.0,scale,0.2518900258205874,630,1130,1230,1260
2024-07-17,0.1218840032815933,-0.01959240280912178,0,1,0.5145293450893373,0.48547065491066266,0.5145293450893373,1.0,scale,0.2518900258205874,630,1130,1230,1260
2024-07-18,0.119496002793312,0.05007693371479949,1,1,0.5022290278046998,0.4977709721953002,0.5022290278046998,1.0,scale,0.2518900258205874,630,1130,1230,1260
2024-07-19,0.1254799962043762,0.07132618913597466,1,0,0.4218324189332224,0.5781675810667777,0.5781675810667777,1.0,scale,0.2518900258205874,630,1130,1230,1260
2024-07-20,0.1344300061464309,0.042691276175823134,1,0,0.4188559413223414,0.5811440586776586,0.5811440586776586,1.0,scale,0.2518900258205874,630,1130,1230,1260
2024-07-21,0.1401689946651458,-0.016323144793719546,0,0,0.4714073385046039,0.5285926614953961,0.5285926614953961,1.0,scale,0.2518900258205874,630,1130,1230,1260
2024-07-22,0.1378809958696365,-0.054322164711975485,0,1,0.5150736180115825,0.48492638198841753,0.5150736180115825,1.0,scale,0.2518900258205874,630,1130,1230,1260
2024-07-23,0.1303910017013549,-0.01766229444349421,0,1,0.5376754646860745,0.4623245353139255,0.5376754646860745,1.0,scale,0.2518900258205874,630,1130,1230,1260
2024-07-24,0.1280879974365234,-0.02238303644553663,0,0,0.4900188342262801,0.5099811657737199,0.5099811657737199,1.0,scale,0.2518900258205874,630,1130,1230,1260
2024-07-25,0.1252209991216659,0.07264751966427108,1,1,0.5171269925046396,0.48287300749536044,0.5171269925046396,1.0,scale,0.2518900258205874,630,1130,1230,1260
2024-07-26,0.1343179941177368,-0.02029503674757538,0,0,0.4027053804883474,0.5972946195116526,0.5972946195116526,1.0,scale,0.2518900258205874,630,1130,1230,1260
2024-07-27,0.1315920054912567,-0.01152815256273687,0,1,0.527962254317429,0.47203774568257095,0.527962254317429,1.0,scale,0.2518900258205874,630,1130,1230,1260
2024-07-28,0.130074992775917,-0.0107706504100894,0,0,0.4963790533343118,0.5036209466656882,0.5036209466656882,1.0,scale,0.2518900258205874,630,1130,1230,1260
2024-07-29,0.1286740005016327,-0.023928665644644465,0,0,0.4897366100323784,0.5102633899676217,0.5102633899676217,1.0,scale,0.2518900258205874,630,1130,1230,1260
2024-07-30,0.1255950033664703,-0.028512299523357654,0,1,0.5038713500941087,0.49612864990589134,0.5038713500941087,1.0,scale,0.2518900258205874,630,1130,1230,1260
2024-07-31,0.1220140010118484,-0.022767888165206807,0,1,0.5163713274151092,0.48362867258489084,0.5163713274151092,1.0,scale,0.2518900258205874,630,1130,1230,1260
2024-08-01,0.1192359998822212,-0.06481266541215625,0,1,0.5212052528020087,0.4787947471979913,0.5212052528020087,1.0,scale,0.2518900258205874,630,1130,1230,1260
2024-08-02,0.1115079969167709,-0.029944041132273336,0,1,0.5527033805350694,0.4472966194649306,0.5527033805350694,1.0,scale,0.2518900258205874,630,1130,1230,1260
2024-08-03,0.1081689968705177,-0.04100984440423305,0,1,0.5400763984069519,0.4599236015930481,0.5400763984069519,1.0,scale,0.2518900258205874,630,1130,1230,1260
2024-08-04,0.1037330031394958,-0.08897845894305179,0,1,0.5585873886409011,0.4414126113590989,0.5585873886409011,1.0,scale,0.2518900258205874,630,1130,1230,1260
2024-08-05,0.0945030003786087,0.019766590575921228,1,1,0.5154757921129425,0.4845242078870575,0.5154757921129425,1.0,scale,0.2518900258205874,630,1130,1230,1260
2024-08-06,0.0963710024952888,-0.008882388199739188,0,1,0.527728745920334,0.47227125407966597,0.527728745920334,1.0,scale,0.2518900258205874,630,1130,1230,1260
2024-08-07,0.0955149978399276,0.12447263242517081,1,1,0.5463848978638264,0.4536151021361736,0.5463848978638264,1.0,scale,0.2518900258205874,630,1130,1230,1260
2024-08-08,0.1074040010571479,-0.031935508955936776,0,0,0.407301064934079,0.592698935065921,0.592698935065921,1.0,scale,0.2518900258205874,630,1130,1230,1260
2024-08-09,0.1039739996194839,0.011810618499803027,1,1,0.5368692550700364,0.46313074492996364,0.5368692550700364,1.0,scale,0.2518900258205874,630,1130,1230,1260
2024-08-10,0.1052019968628883,-0.044067577183044104,0,0,0.49903818069863193,0.5009618193013681,0.5009618193013681,1.0,scale,0.2518900258205874,630,1130,1230,1260
2024-08-11,0.1005659997463226,0.07160472790259731,1,1,0.5393409535825724,0.4606590464174276,0.5393409535825724,1.0,scale,0.2518900258205874,630,1130,1230,1260
2024-08-12,0.1077670007944107,-0.012536294677591764,0,0,0.4252982002635887,0.5747017997364112,0.5747017997364112,1.0,0.01,0.25261086479310213,660,1160,1260,1290
2024-08-13,0.1064160019159317,-0.036282162029401155,0,0,0.46815995777541536,0.5318400422245846,0.5318400422245846,1.0,0.01,0.25261086479310213,660,1160,1260,1290
2024-08-14,0.1025549992918968,-0.02230996841994215,0,0,0.48734192230141166,0.5126580776985883,0.5126580776985883,1.0,0.01,0.25261086479310213,660,1160,1260,1290
2024-08-15,0.1002670004963874,0.001715386440488853,1,0,0.48105901900992976,0.5189409809900702,0.5189409809900702,1.0,0.01,0.25261086479310213,660,1160,1260,1290
2024-08-16,0.1004389971494674,0.02305882768350087,1,0,0.46542947781886973,0.5345705221811303,0.5345705221811303,1.0,0.01,0.25261086479310213,660,1160,1260,1290
2024-08-17,0.1027550026774406,-0.025137506368938856,0,0,0.4499251194805132,0.5500748805194868,0.5500748805194868,1.0,0.01,0.25261086479310213,660,1160,1260,1290
2024-08-18,0.1001719981431961,0.013297128166023908,1,0,0.4777489843283776,0.5222510156716225,0.5222510156716225,1.0,0.01,0.25261086479310213,660,1160,1260,1290
2024-08-19,0.1015039980411529,0.01474819203918809,1,0,0.45199105469045875,0.5480089453095413,0.5480089453095413,1.0,0.01,0.25261086479310213,660,1160,1260,1290
2024-08-20,0.1030009984970092,0.030640468846748536,1,0,0.4496607984112301,0.5503392015887699,0.5503392015887699,1.0,0.01,0.25261086479310213,660,1160,1260,1290
2024-08-21,0.1061569973826408,-0.007997528942527588,0,0,0.4372209783739339,0.5627790216260661,0.5627790216260661,1.0,0.01,0.25261086479310213,660,1160,1260,1290
2024-08-22,0.1053080037236213,0.07234961495170489,1,0,0.46408831058918465,0.5359116894108154,0.5359116894108154,1.0,0.01,0.25261086479310213,660,1160,1260,1290
2024-08-23,0.112926997244358,-0.0026211328838762205,0,0,0.4140219171264796,0.5859780828735204,0.5859780828735204,1.0,0.01,0.25261086479310213,660,1160,1260,1290
2024-08-24,0.1126310005784034,-0.026040814636321352,0,0,0.4516219114910541,0.548378088508946,0.548378088508946,1.0,0.01,0.25261086479310213,660,1160,1260,1290
2024-08-25,0.1096979975700378,-0.0401647959957121,0,0,0.46695386376101905,0.5330461362389809,0.5330461362389809,1.0,0.01,0.25261086479310213,660,1160,1260,1290
2024-08-26,0.1052919998764991,-0.05922578977024795,0,0,0.4839465314430334,0.5160534685569667,0.5160534685569667,1.0,0.01,0.25261086479310213,660,1160,1260,1290
2024-08-27,0.0990559980273246,0.005764467147261421,1,1,0.5017404414838627,0.49825955851613735,0.5017404414838627,1.0,0.01,0.25261086479310213,660,1160,1260,1290
2024-08-28,0.0996270030736923,0.008009820733473783,1,0,0.46486742554941574,0.5351325744505843,0.5351325744505843,1.0,0.01,0.25261086479310213,660,1160,1260,1290
2024-08-29,0.1004249975085258,0.01611157954167375,1,0,0.4601500182427272,0.5398499817572728,0.5398499817572728,1.0,0.01,0.25261086479310213,660,1160,1260,1290
2024-08-30,0.1020430028438568,-0.006967664964464548,0,0,0.45396936964056606,0.546030630359434,0.546030630359434,1.0,0.01,0.25261086479310213,660,1160,1260,1290
2024-08-31,0.1013320013880729,-0.058994227513282094,0,0,0.46625391694804896,0.533746083051951,0.533746083051951,1.0,0.01,0.25261086479310213,660,1160,1260,1290
2024-09-01,0.0953539982438087,0.039442508972162615,1,1,0.5001968270880679,0.4998031729119321,0.5001968270880679,1.0,0.01,0.25261086479310213,660,1160,1260,1290
2024-09-02,0.0991149991750717,-0.024173963898342254,0,0,0.44180748958168437,0.5581925104183156,0.5581925104183156,1.0,0.01,0.25261086479310213,660,1160,1260,1290
2024-09-03,0.0967189967632293,0.013503084874332716,1,0,0.47828465422179844,0.5217153457782016,0.5217153457782016,1.0,0.01,0.25261086479310213,660,1160,1260,1290
2024-09-04,0.0980250015854835,0.0028972326100493717,1,0,0.462371673508219,0.5376283264917809,0.5376283264917809,1.0,0.01,0.25261086479310213,660,1160,1260,1290
2024-09-05,0.0983090028166771,-0.05925200444326184,0,0,0.46536417550442266,0.5346358244955773,0.5346358244955773,1.0,0.01,0.25261086479310213,660,1160,1260,1290
2024-09-06,0.0924839973449707,0.030026846065799084,1,1,0.5097608567632844,0.4902391432367156,0.5097608567632844,1.0,0.01,0.25261086479310213,660,1160,1260,1290
2024-09-07,0.0952610000967979,0.008597407340927399,1,0,0.46154982591038335,0.5384501740896166,0.5384501740896166,1.0,0.01,0.25261086479310213,660,1160,1260,1290
2024-09-08,0.0960799977183342,0.08065152878426551,1,0,0.4700605399706697,0.5299394600293303,0.5299394600293303,1.0,0.01,0.25261086479310213,660,1160,1260,1290
2024-09-09,0.1038289964199066,-0.010758059233800354,0,0,0.4219059874502845,0.5780940125497155,0.5780940125497155,1.0,0.01,0.25261086479310213,660,1160,1260,1290
2024-09-10,0.1027119979262352,-0.012987739314689661,0,0,0.4649552729056954,0.5350447270943046,0.5350447270943046,1.0,0.01,0.25261086479310213,660,1160,1260,1290
2024-09-11,0.1013780012726783,0.014016818889188931,1,0,0.47764336798569823,0.5223566320143018,0.5223566320143018,1.0,0.01,0.2467891431822675,690,1190,1290,1320
2024-09-12,0.1027989983558654,0.04197515366609905,1,0,0.44769356288106227,0.5523064371189377,0.5523064371189377,1.0,0.01,0.2467891431822675,690,1190,1290,1320
2024-09-13,0.1071140021085739,-0.015376168965703929,0,0,0.4169348156854921,0.5830651843145078,0.5830651843145078,1.0,0.01,0.2467891431822675,690,1190,1290,1320
2024-09-14,0.1054669991135597,-0.02402649252331679,0,0,0.47711186169456404,0.522888138305436,0.522888138305436,1.0,0.01,0.2467891431822675,690,1190,1290,1320
2024-09-15,0.1029329970479011,-0.03147675501737823,0,0,0.48904416741778367,0.5109558325822163,0.5109558325822163,1.0,0.01,0.2467891431822675,690,1190,1290,1320
2024-09-16,0.0996930003166198,0.01448443743195349,1,1,0.5035953498080035,0.49640465019199653,0.5035953498080035,1.0,0.01,0.2467891431822675,690,1190,1290,1320
2024-09-17,0.1011369973421096,0.02420479229324579,1,0,0.4548433111636412,0.5451566888363588,0.5451566888363588,1.0,0.01,0.2467891431822675,690,1190,1290,1320
2024-09-18,0.1035849973559379,0.013959562374671552,1,0,0.44180748642526824,0.5581925135747318,0.5581925135747318,1.0,0.01,0.2467891431822675,690,1190,1290,1320
2024-09-19,0.1050309985876083,0.004189253588452679,1,0,0.4508891938070197,0.5491108061929804,0.5491108061929804,1.0,0.01,0.2467891431822675,690,1190,1290,1320
2024-09-20,0.1054710000753402,0.04340531325131214,1,0,0.4567894054538308,0.5432105945461692,0.5432105945461692,1.0,0.01,0.2467891431822675,690,1190,1290,1320
2024-09-21,0.1100490018725395,-0.033712270388185805,0,0,0.4134023592341979,0.5865976407658021,0.5865976407658021,1.0,0.01,0.2467891431822675,690,1190,1290,1320
2024-09-22,0.1063390001654625,0.017086890883560635,1,0,0.49565843811855936,0.5043415618814406,0.5043415618814406,1.0,0.01,0.2467891431822675,690,1190,1290,1320
2024-09-23,0.1081560030579567,0.014969083701093622,1,0,0.4471245697750807,0.5528754302249193,0.5528754302249193,1.0,0.01,0.2467891431822675,690,1190,1290,1320
2024-09-24,0.109774999320507,-0.011578246435683281,0,0,0.44649096845421943,0.5535090315457806,0.5535090315457806,1.0,0.01,0.2467891431822675,690,1190,1290,1320
2024-09-25,0.1085039973258972,0.08913958234339203,1,0,0.47738864898209377,0.5226113510179062,0.5226113510179062,1.0,0.01,0.2467891431822675,690,1190,1290,1320
2024-09-26,0.1181759983301162,0.0468623217471138,1,0,0.37185273790105405,0.6281472620989459,0.6281472620989459,1.0,0.01,0.2467891431822675,690,1190,1290,1320
2024-09-27,0.1237139999866485,0.040068265371091094,1,0,0.40832544973026713,0.5916745502697329,0.5916745502697329,1.0,0.01,0.2467891431822675,690,1190,1290,1320
2024-09-28,0.1286710053682327,-0.031063762273500606,0,0,0.4158125443349955,0.5841874556650045,0.5841874556650045,1.0,0.01,0.2467891431822675,690,1190,1290,1320
2024-09-29,0.1246739998459816,-0.08218234111879208,0,0,0.4800886210202094,0.5199113789797907,0.5199113789797907,1.0,0.01,0.2467891431822675,690,1190,1290,1320
2024-09-30,0.1144279986619949,-0.06453840557260826,0,1,0.5387468570988037,0.46125314290119634,0.5387468570988037,1.0,0.01,0.2467891431822675,690,1190,1290,1320
2024-10-01,0.1070429980754852,-0.021337199768247883,0,1,0.5349275669769917,0.46507243302300827,0.5349275669769917,1.0,0.01,0.2467891431822675,690,1190,1290,1320
2024-10-02,0.1047590002417564,0.0032455425708088903,1,0,0.4999385160352259,0.5000614839647741,0.5000614839647741,1.0,0.01,0.2467891431822675,690,1190,1290,1320
2024-10-03,0.1050990000367164,0.03962931342920051,1,0,0.4769140952103694,0.5230859047896306,0.5230859047896306,1.0,0.01,0.2467891431822675,690,1190,1290,1320
2024-10-04,0.109264001250267,0.0020408906384010717,1,0,0.43246591474692375,0.5675340852530762,0.5675340852530762,1.0,0.01,0.2467891431822675,690,1190,1290,1320
2024-10-05,0.1094869971275329,0.018203079449090165,1,0,0.46637161641288544,0.5336283835871145,0.5336283835871145,1.0,0.01,0.2467891431822675,690,1190,1290,1320
2024-10-06,0.1114799976348877,-0.025340863401208114,0,0,0.4461203862443943,0.5538796137556057,0.5538796137556057,1.0,0.01,0.2467891431822675,690,1190,1290,1320
2024-10-07,0.108654998242855,-0.01482676191268295,0,0,0.48877545825978375,0.5112245417402163,0.5112245417402163,1.0,0.01,0.2467891431822675,690,1190,1290,1320
2024-10-08,0.1070439964532852,0.008361057358279522,1,0,0.48139755541509444,0.5186024445849056,0.5186024445849056,1.0,0.01,0.2467891431822675,690,1190,1290,1320
2024-10-09,0.1079389974474906,-0.018149103695939806,0,0,0.46025459093475857,0.5397454090652414,0.5397454090652414,1.0,0.01,0.2467891431822675,690,1190,1290,1320
2024-10-10,0.1059800013899803,0.044848093715057935,1,0,0.4935694234965837,0.5064305765034163,0.5064305765034163,1.0,0.01,0.2467891431822675,690,1190,1290,1320
2024-10-11,0.1107330024242401,0.006167941881529693,1,0,0.445970866781024,0.554029133218976,0.554029133218976,1.0,0.01,0.24498170000091526,720,1220,1320,1350
2024-10-12,0.1114159971475601,-0.0007180017763809277,0,0,0.4785517139747572,0.5214482860252427,0.5214482860252427,1.0,0.01,0.24498170000091526,720,1220,1320,1350
2024-10-13,0.1113360002636909,0.047765331070552364,1,0,0.4879412003361589,0.512058799663841,0.512058799663841,1.0,0.01,0.24498170000091526,720,1220,1320,1350
2024-10-14,0.1166540011763572,0.007483664691303682,1,0,0.4386808170149908,0.5613191829850093,0.5613191829850093,1.0,0.01,0.24498170000091526,720,1220,1320,1350
2024-10-15,0.11752700060606,0.07016257615992982,1,0,0.46670489139614085,0.5332951086038591,0.5332951086038591,1.0,0.01,0.24498170000091526,720,1220,1320,1350
2024-10-16,0.1257729977369308,0.03088899059449579,1,0,0.4136435371972626,0.5863564628027373,0.5863564628027373,1.0,0.01,0.24498170000091526,720,1220,1320,1350
2024-10-17,0.1296579986810684,0.05826873784435049,1,0,0.4377616644514411,0.562238335548559,0.562238335548559,1.0,0.01,0.24498170000091526,720,1220,1320,1350
2024-10-18,0.1372130066156387,0.053303959543055335,1,0,0.4211115937185538,0.5788884062814462,0.5788884062814462,1.0,0.01,0.24498170000091526,720,1220,1320,1350
2024-10-19,0.1445270031690597,-0.016910328163304178,0,0,0.4199184651415142,0.5800815348584858,0.5800815348584858,1.0,0.01,0.24498170000091526,720,1220,1320,1350
2024-10-20,0.142083004117012,0.011310295962392969,1,0,0.4757488012569495,0.5242511987430505,0.5242511987430505,1.0,0.01,0.24498170000091526,720,1220,1320,1350
2024-10-21,0.1436900049448013,-0.02910439658388153,0,0,0.4540030100578022,0.5459969899421978,0.5459969899421978,1.0,0.01,0.24498170000091526,720,1220,1320,1350
2024-10-22,0.1395079940557479,-0.007246889974741544,0,0,0.4886567102220539,0.5113432897779461,0.5113432897779461,1.0,0.01,0.24498170000091526,720,1220,1320,1350
2024-10-23,0.138496994972229,0.025199109655128726,1,0,0.4757068087829582,0.5242931912170419,0.5242931912170419,1.0,0.01,0.24498170000091526,720,1220,1320,1350
2024-10-24,0.14198699593544,-0.07728869739959321,0,0,0.44679420380153156,0.5532057961984684,0.5532057961984684,1.0,0.01,0.24498170000091526,720,1220,1320,1350
2024-10-25,0.1310130059719085,0.0484226013843736,1,1,0.5498701255191902,0.45012987448080977,0.5498701255191902,1.0,0.01,0.24498170000091526,720,1220,1320,1350
2024-10-26,0.1373569965362548,0.050634463138564234,1,0,0.4342524173875675,0.5657475826124325,0.5657475826124325,1.0,0.01,0.24498170000091526,720,1220,1320,1350
2024-10-27,0.1443119943141937,0.11667775298013972,1,0,0.4278981872476499,0.5721018127523501,0.5721018127523501,1.0,0.01,0.24498170000091526,720,1220,1320,1350
2024-10-28,0.1611499935388565,0.0911511880289897,1,0,0.3899396984918131,0.6100603015081869,0.6100603015081869,1.0,0.01,0.24498170000091526,720,1220,1320,1350
2024-10-29,0.1758390069007873,-0.043750290245480605,0,0,0.40744243895172655,0.5925575610482734,0.5925575610482734,1.0,0.01,0.24498170000091526,720,1220,1320,1350
2024-10-30,0.1681459993124008,-0.04028637850807082,0,1,0.5019231410884061,0.4980768589115939,0.5019231410884061,1.0,0.01,0.24498170000091526,720,1220,1320,1350
2024-10-31,0.1613720059394836,-0.013552528595062063,0,0,0.49972963110335133,0.5002703688966487,0.5002703688966487,1.0,0.01,0.24498170000091526,720,1220,1320,1350
2024-11-01,0.1591850072145462,0.0008229173736100659,1,0,0.4777885369551594,0.5222114630448407,0.5222114630448407,1.0,0.01,0.24498170000091526,720,1220,1320,1350
2024-11-02,0.1593160033226013,-0.04934847406111553,0,0,0.4694162441089839,0.530583755891016,0.530583755891016,1.0,0.01,0.24498170000091526,720,1220,1320,1350
2024-11-03,0.1514540016651153,0.04550553694613124,1,1,0.5300963606717879,0.4699036393282121,0.5300963606717879,1.0,0.01,0.24498170000091526,720,1220,1320,1350
2024-11-04,0.1583459973335266,0.07473504717487156,1,0,0.4409569823141796,0.5590430176858203,0.5590430176858203,1.0,0.01,0.24498170000091526,720,1220,1320,1350
2024-11-05,0.1701799929141998,0.15558825090061013,1,0,0.4102397737327885,0.5897602262672115,0.5897602262672115,1.0,0.01,0.24498170000091526,720,1220,1320,1350
2024-11-06,0.1966580003499984,-0.0177923158902501,0,0,0.3747907228725428,0.6252092771274572,0.6252092771274572,1.0,0.01,0.24498170000091526,720,1220,1320,1350
2024-11-07,0.1931589990854263,0.046453970440219594,1,0,0.48056430424927915,0.5194356957507209,0.5194356957507209,1.0,0.01,0.24498170000091526,720,1220,1320,1350
2024-11-08,0.2021320015192031,0.08226800018194091,1,0,0.42899764309601374,0.5710023569039863,0.5710023569039863,1.0,0.01,0.24498170000091526,720,1220,1320,1350
2024-11-09,0.218760997056961,0.2757986927417182,1,0,0.39554736948634944,0.6044526305136506,0.6044526305136506,1.0,0.01,0.24498170000091526,720,1220,1320,1350
2024-11-10,0.2790949940681457,0.25233708430033364,1,0,0.4920483908680689,0.5079516091319312,0.5079516091319312,0.1,scale,0.2538407908084855,750,1250,1350,1380
2024-11-11,0.3495210111141205,0.09355661363309054,1,0,0.4979415856151973,0.5020584143848027,0.5020584143848027,0.1,scale,0.2538407908084855,750,1250,1350,1380
2024-11-12,0.3822210133075714,0.04526694262838138,1,0,0.4970795674657735,0.5029204325342265,0.5029204325342265,0.1,scale,0.2538407908084855,750,1250,1350,1380
2024-11-13,0.399522989988327,-0.09480554152552423,0,0,0.49581787124618054,0.5041821287538195,0.5041821287538195,0.1,scale,0.2538407908084855,750,1250,1350,1380
2024-11-14,0.3616459965705871,0.048508812569706405,1,0,0.49163844180075544,0.5083615581992446,0.5083615581992446,0.1,scale,0.2538407908084855,750,1250,1350,1380
2024-11-15,0.3791890144348144,-0.04072111763204245,0,0,0.49065650813161876,0.5093434918683812,0.5093434918683812,0.1,scale,0.2538407908084855,750,1250,1350,1380
2024-11-16,0.3637480139732361,0.0077306212566645716,1,0,0.4890059356228026,0.5109940643771974,0.5109940643771974,0.1,scale,0.2538407908084855,750,1250,1350,1380
2024-11-17,0.3665600121021271,0.014134069632356416,1,0,0.4867721215904114,0.5132278784095886,0.5132278784095886,0.1,scale,0.2538407908084855,750,1250,1350,1380
2024-11-18,0.3717409968376159,0.05276521743034368,1,0,0.487369286399702,0.512630713600298,0.512630713600298,0.1,scale,0.2538407908084855,750,1250,1350,1380
2024-11-19,0.3913559913635254,-0.03541278040483342,0,0,0.48784672059559264,0.5121532794044074,0.5121532794044074,0.1,scale,0.2538407908084855,750,1250,1350,1380
2024-11-20,0.377496987581253,0.02680817264358648,1,0,0.4880993090535765,0.5119006909464234,0.5119006909464234,0.1,scale,0.2538407908084855,750,1250,1350,1380
2024-11-21,0.3876169919967651,0.06528867466055588,1,0,0.48768753619875516,0.5123124638012448,0.5123124638012448,0.1,scale,0.2538407908084855,750,1250,1350,1380
2024-11-22,0.4129239916801452,0.041382909083298225,1,0,0.48801514325545275,0.5119848567445473,0.5119848567445473,0.1,scale,0.2538407908084855,750,1250,1350,1380
2024-11-23,0.4300119876861572,-0.00030231187496565504,0,0,0.48937835331293605,0.5106216466870639,0.5106216466870639,0.1,scale,0.2538407908084855,750,1250,1350,1380
2024-11-24,0.4298819899559021,-0.08500472045858831,0,0,0.4895424641772199,0.5104575358227801,0.5104575358227801,0.1,scale,0.2538407908084855,750,1250,1350,1380
2024-11-25,0.393339991569519,-0.014547176530310568,0,0,0.4919351232518751,0.5080648767481248,0.5080648767481248,0.1,scale,0.2538407908084855,750,1250,1350,1380
2024-11-26,0.3876180052757263,0.035878068954572795,1,0,0.48972284269771205,0.510277157302288,0.510277157302288,0.1,scale,0.2538407908084855,750,1250,1350,1380
2024-11-27,0.4015249907970428,0.0012278683283972747,1,0,0.48630452159362303,0.513695478406377,0.513695478406377,0.1,scale,0.2538407908084855,750,1250,1350,1380
2024-11-28,0.4020180106163025,0.059253554953835774,1,0,0.48887331311987514,0.5111266868801249,0.5111266868801249,0.1,scale,0.2538407908084855,750,1250,1350,1380
2024-11-29,0.4258390069007873,-0.009083276913797955,0,0,0.48474977820127596,0.515250221798724,0.515250221798724,0.1,scale,0.2538407908084855,750,1250,1350,1380
2024-11-30,0.4219709932804107,0.042780219531086905,1,0,0.48931536230975525,0.5106846376902447,0.5106846376902447,0.1,scale,0.2538407908084855,750,1250,1350,1380
2024-12-01,0.4400230050086975,-0.034891344381560274,0,0,0.4856826232948498,0.5143173767051502,0.5143173767051502,0.1,scale,0.2538407908084855,750,1250,1350,1380
2024-12-02,0.42467001080513,-0.03953188452612677,0,0,0.49528214344222843,0.5047178565577716,0.5047178565577716,0.1,scale,0.2538407908084855,750,1250,1350,1380
2024-12-03,0.4078820049762726,0.05902442663435403,1,0,0.49637871211730744,0.5036212878826926,0.5036212878826926,0.1,scale,0.2538407908084855,750,1250,1350,1380
2024-12-04,0.4319570064544678,-0.003173918275002352,0,0,0.482775570314643,0.517224429685357,0.517224429685357,0.1,scale,0.2538407908084855,750,1250,1350,1380
2024-12-05,0.4305860102176666,0.011897714497348888,1,0,0.49451394939765875,0.5054860506023413,0.5054860506023413,0.1,scale,0.2538407908084855,750,1250,1350,1380
2024-12-06,0.435708999633789,0.04172047435397963,1,0,0.48665903285023315,0.5133409671497668,0.5133409671497668,0.1,scale,0.2538407908084855,750,1250,1350,1380
2024-12-07,0.4538869857788086,0.029544803912298967,1,0,0.4838176932154369,0.5161823067845631,0.5161823067845631,0.1,scale,0.2538407908084855,750,1250,1350,1380
2024-12-08,0.4672969877719879,-0.11251517469675332,0,0,0.4841314947074725,0.5158685052925275,0.5158685052925275,0.1,scale,0.2538407908084855,750,1250,1350,1380
2024-12-09,0.4147189855575561,-0.0487051997533714,0,1,0.5220293067470638,0.4779706932529362,0.5220293067470638,0.1,scale,0.2538407908084855,750,1250,1350,1380
2024-12-10,0.3945200145244598,0.050623531913495334,1,1,0.5232710792341975,0.47672892076580253,0.5232710792341975,1.0,scale,0.26815388355246084,780,1280,1380,1410
2024-12-11,0.4144920110702514,-0.01916567131941771,0,0,0.487734695018606,0.512265304981394,0.512265304981394,1.0,scale,0.26815388355246084,780,1280,1380,1410
2024-12-12,0.4065479934215545,0.0062305524317107785,1,1,0.5216590926001218,0.4783409073998782,0.5216590926001218,1.0,scale,0.26815388355246084,780,1280,1380,1410
2024-12-13,0.4090810120105743,-0.02714621467803735,0,1,0.5029170102960071,0.4970829897039929,0.5029170102960071,1.0,scale,0.26815388355246084,780,1280,1380,1410
2024-12-14,0.3979760110378265,0.020845435016200398,1,1,0.5268642957118984,0.4731357042881016,0.5268642957118984,1.0,scale,0.26815388355246084,780,1280,1380,1410
2024-12-15,0.4062719941139221,-0.010677566525085447,0,0,0.4932341787181584,0.5067658212818416,0.5067658212818416,1.0,scale,0.26815388355246084,780,1280,1380,1410
2024-12-16,0.4019339978694916,-0.01890111174243425,0,1,0.5330012189716775,0.4669987810283225,0.5330012189716775,1.0,scale,0.26815388355246084,780,1280,1380,1410
2024-12-17,0.394336998462677,-0.09204818952952121,0,1,0.5289905450934395,0.47100945490656054,0.5289905450934395,1.0,scale,0.26815388355246084,780,1280,1380,1410
2024-12-18,0.358038991689682,-0.12002319000782036,0,1,0.5722967976179457,0.4277032023820543,0.5722967976179457,1.0,scale,0.26815388355246084,780,1280,1380,1410
2024-12-19,0.3150660097599029,0.008401359041705359,1,1,0.5642859112497481,0.43571408875025186,0.5642859112497481,1.0,scale,0.26815388355246084,780,1280,1380,1410
2024-12-20,0.3177129924297333,0.010191658523814207,1,1,0.5213516627261467,0.47864833727385325,0.5213516627261467,1.0,scale,0.26815388355246084,780,1280,1380,1410
2024-12-21,0.3209510147571563,-0.027290836782867367,0,1,0.5083290451204842,0.49167095487951584,0.5083290451204842,1.0,scale,0.26815388355246084,780,1280,1380,1410
2024-12-22,0.3121919929981231,0.03852435581372604,1,1,0.5295869088518123,0.47041309114818775,0.5295869088518123,1.0,scale,0.26815388355246084,780,1280,1380,1410
2024-12-23,0.3242189884185791,0.03918647182494239,1,0,0.47614785520342895,0.523852144796571,0.523852144796571,1.0,scale,0.26815388355246084,780,1280,1380,1410
2024-12-24,0.3369239866733551,-0.0077316881570430596,0,0,0.45379438834560526,0.5462056116543947,0.5462056116543947,1.0,scale,0.26815388355246084,780,1280,1380,1410
2024-12-25,0.334318995475769,-0.06599381844205199,0,0,0.4932953365551492,0.5067046634448509,0.5067046634448509,1.0,scale,0.26815388355246084,780,1280,1380,1410
2024-12-26,0.3122560083866119,-0.0039071071134507696,0,1,0.5296598811524205,0.47034011884757954,0.5296598811524205,1.0,scale,0.26815388355246084,780,1280,1380,1410
2024-12-27,0.3110359907150268,0.04141966817660414,1,0,0.49505180621555034,0.5049481937844497,0.5049481937844497,1.0,scale,0.26815388355246084,780,1280,1380,1410
2024-12-28,0.3239189982414245,-0.029633952524069085,0,0,0.45996744708073856,0.5400325529192614,0.5400325529192614,1.0,scale,0.26815388355246084,780,1280,1380,1410
2024-12-29,0.3143199980258941,-0.0025642778507170005,0,1,0.5139917993702581,0.4860082006297419,0.5139917993702581,1.0,scale,0.26815388355246084,780,1280,1380,1410
2024-12-30,0.3135139942169189,0.006912024049162913,1,1,0.5016355947158894,0.49836440528411063,0.5016355947158894,1.0,scale,0.26815388355246084,780,1280,1380,1410
2024-12-31,0.3156810104846954,0.027321886425835107,1,0,0.48233376260338573,0.5176662373966143,0.5176662373966143,1.0,scale,0.26815388355246084,780,1280,1380,1410
2025-01-01,0.3243060111999511,0.04410643578550233,1,0,0.4599742552094482,0.5400257447905519,0.5400257447905519,1.0,scale,0.26815388355246084,780,1280,1380,1410
2025-01-02,0.3386099934577942,0.1201057115090074,1,0,0.46978957132058285,0.5302104286794171,0.5302104286794171,1.0,scale,0.26815388355246084,780,1280,1380,1410
2025-01-03,0.3792789876461029,0.040780054769220975,1,0,0.44891037801544176,0.5510896219845582,0.5510896219845582,1.0,scale,0.26815388355246084,780,1280,1380,1410
2025-01-04,0.3947460055351257,-0.03086291034570421,0,0,0.48225123846478063,0.5177487615352194,0.5177487615352194,1.0,scale,0.26815388355246084,780,1280,1380,1410
2025-01-05,0.3825629949569702,0.014099669353861088,1,1,0.5093157416134079,0.49068425838659213,0.5093157416134079,1.0,scale,0.26815388355246084,780,1280,1380,1410
2025-01-06,0.3879570066928863,-0.10186694599965873,0,0,0.4809938462358745,0.5190061537641255,0.5190061537641255,1.0,scale,0.26815388355246084,780,1280,1380,1410
2025-01-07,0.3484370112419128,-0.01776223044122427,0,1,0.5607174459607915,0.43928255403920846,0.5607174459607915,1.0,scale,0.26815388355246084,780,1280,1380,1410
2025-01-08,0.3422479927539825,-0.06234072861946194,0,0,0.49956536331334817,0.5004346366866519,0.5004346366866519,1.0,scale,0.26815388355246084,780,1280,1380,1410
2025-01-09,0.3209120035171509,0.04072457146253439,1,1,0.5132809544430897,0.48671904555691026,0.5132809544430897,1.0,0.1,0.2615053279733785,810,1310,1410,1440
2025-01-10,0.3339810073375702,0.020881372605271675,1,0,0.4663216964592845,0.5336783035407155,0.5336783035407155,1.0,0.1,0.2615053279733785,810,1310,1410,1440
2025-01-11,0.34095498919487,-0.014652965578318855,0,0,0.4623691188494526,0.5376308811505475,0.5376308811505475,1.0,0.1,0.2615053279733785,810,1310,1410,1440
2025-01-12,0.3359589874744415,0.006965191694462858,1,0,0.49507079078146643,0.5049292092185336,0.5049292092185336,1.0,0.1,0.2615053279733785,810,1310,1410,1440
2025-01-13,0.3382990062236786,0.0526782041841245,1,0,0.4968302985491958,0.5031697014508042,0.5031697014508042,1.0,0.1,0.2615053279733785,810,1310,1410,1440
2025-01-14,0.3561199903488159,0.08309000181096904,1,0,0.454255934196534,0.545744065803466,0.545744065803466,1.0,0.1,0.2615053279733785,810,1310,1410,1440
2025-01-15,0.3857100009918213,-0.023235086862593013,0,0,0.4593378775064562,0.5406621224935437,0.5406621224935437,1.0,0.1,0.2615053279733785,810,1310,1410,1440
2025-01-16,0.3767479956150055,0.10402446216113259,1,1,0.5064510838427386,0.4935489161572614,0.5064510838427386,1.0,0.1,0.2615053279733785,810,1310,1410,1440
2025-01-17,0.4159390032291412,-0.047742583668497374,0,0,0.45921850220649585,0.5407814977935042,0.5407814977935042,1.0,0.1,0.2615053279733785,810,1310,1410,1440
2025-01-18,0.3960810005664825,-0.09675798232286126,0,1,0.5191883860281942,0.48081161397180583,0.5191883860281942,1.0,0.1,0.2615053279733785,810,1310,1410,1440
2025-01-19,0.3577570021152496,-0.008802071718603477,0,1,0.5359806109555754,0.46401938904442463,0.5359806109555754,1.0,0.1,0.2615053279733785,810,1310,1410,1440
2025-01-20,0.3546079993247986,0.04785282724875972,1,0,0.4898690003520543,0.5101309996479457,0.5101309996479457,1.0,0.1,0.2615053279733785,810,1310,1410,1440
2025-01-21,0.3715769946575165,-0.022931964929574056,0,0,0.4680428559874259,0.5319571440125741,0.5319571440125741,1.0,0.1,0.2615053279733785,810,1310,1410,1440
2025-01-22,0.3630560040473938,-0.0294802931964816,0,0,0.48845291282762465,0.5115470871723753,0.5115470871723753,1.0,0.1,0.2615053279733785,810,1310,1410,1440
2025-01-23,0.3523530066013336,-0.004577854783957225,0,1,0.5132085985210412,0.48679140147895883,0.5132085985210412,1.0,0.1,0.2615053279733785,810,1310,1410,1440
2025-01-24,0.350739985704422,0.008656048098370617,1,0,0.48041633568894515,0.5195836643110548,0.5195836643110548,1.0,0.1,0.2615053279733785,810,1310,1410,1440
2025-01-25,0.3537760078907013,-0.04932500912115689,0,0,0.47369408659220047,0.5263059134077995,0.5263059134077995,1.0,0.1,0.2615053279733785,810,1310,1410,1440
2025-01-26,0.336326003074646,-0.007445130926907462,0,1,0.5089286816859135,0.49107131831408646,0.5089286816859135,1.0,0.1,0.2615053279733785,810,1310,1410,1440
2025-01-27,0.3338220119476318,-0.04417925280916135,0,1,0.5014005406667867,0.49859945933321326,0.5014005406667867,1.0,0.1,0.2615053279733785,810,1310,1410,1440
2025-01-28,0.3190740048885345,0.015012216585171378,1,0,0.48952260105773876,0.5104773989422613,0.5104773989422613,1.0,0.1,0.2615053279733785,810,1310,1410,1440
2025-01-29,0.3238640129566192,0.023605528369966988,1,0,0.4763943890551252,0.5236056109448748,0.5236056109448748,1.0,0.1,0.2615053279733785,810,1310,1410,1440
2025-01-30,0.331508994102478,-0.008388923869583342,0,0,0.46421605882997247,0.5357839411700276,0.5357839411700276,1.0,0.1,0.2615053279733785,810,1310,1410,1440
2025-01-31,0.3287279903888702,-0.06196913750429389,0,0,0.49529021594179673,0.5047097840582033,0.5047097840582033,1.0,0.1,0.2615053279733785,810,1310,1410,1440
2025-02-01,0.3083570003509521,-0.1324697895299236,0,1,0.5075837295171086,0.4924162704828914,0.5075837295171086,1.0,0.1,0.2615053279733785,810,1310,1410,1440
2025-02-02,0.2675090134143829,0.0653995777459575,1,0,0.4905573346981521,0.5094426653018479,0.5094426653018479,1.0,0.1,0.2615053279733785,810,1310,1410,1440
2025-02-03,0.2850039899349212,-0.07319191057086127,0,0,0.4736969845215777,0.5263030154784223,0.5263030154784223,1.0,0.1,0.2615053279733785,810,1310,1410,1440
2025-02-04,0.2641440033912658,-0.029949559989719265,0,1,0.516028014902495,0.48397198509750505,0.516028014902495,1.0,0.1,0.2615053279733785,810,1310,1410,1440
2025-02-05,0.2562330067157745,-0.03180313507494348,0,1,0.5075386100798301,0.49246138992016986,0.5075386100798301,1.0,0.1,0.2615053279733785,810,1310,1410,1440
2025-02-06,0.2480839937925338,-0.0059294350557865805,0,1,0.5108603972992745,0.48913960270072554,0.5108603972992745,1.0,0.1,0.2615053279733785,810,1310,1410,1440
2025-02-07,0.2466129958629608,0.026977535477819226,1,0,0.4988515154043869,0.5011484845956131,0.5011484845956131,1.0,0.1,0.2615053279733785,810,1310,1410,1440
2025-02-08,0.2532660067081451,-0.015698918252895155,0,0,0.4800783903511148,0.5199216096488852,0.5199216096488852,1.0,scale,0.2528353133944546,840,1340,1440,1470
2025-02-09,0.2492900043725967,0.023947957057351532,1,0,0.48814532314324943,0.5118546768567506,0.5118546768567506,1.0,scale,0.2528353133944546,840,1340,1440,1470
2025-02-10,0.2552599906921386,-0.008375730172102802,0,0,0.4797490814379503,0.5202509185620496,0.5202509185620496,1.0,scale,0.2528353133944546,840,1340,1440,1470
2025-02-11,0.2531220018863678,0.04345733404840102,1,0,0.4845951393836694,0.5154048606163306,0.5154048606163306,1.0,scale,0.2528353133944546,840,1340,1440,1470
2025-02-12,0.2641220092773437,-0.006171421401542476,0,0,0.47680012574641456,0.5231998742535855,0.5231998742535855,1.0,scale,0.2528353133944546,840,1340,1440,1470
2025-02-13,0.2624920010566711,0.03595155186840726,1,0,0.48212989306466514,0.5178701069353349,0.5178701069353349,1.0,scale,0.2528353133944546,840,1340,1440,1470
2025-02-14,0.271928995847702,-0.0007539106856402356,0,0,0.48104276583870864,0.5189572341612914,0.5189572341612914,1.0,scale,0.2528353133944546,840,1340,1440,1470
2025-02-15,0.271723985671997,-0.022022268277509638,0,0,0.478262512463798,0.521737487536202,0.521737487536202,1.0,scale,0.2528353133944546,840,1340,1440,1470
2025-02-16,0.2657400071620941,-0.02856924968780683,0,0,0.4804260793817942,0.5195739206182057,0.5195739206182057,1.0,scale,0.2528353133944546,840,1340,1440,1470
2025-02-17,0.2581480145454407,-0.028073045401702412,0,0,0.48758322045790226,0.5124167795420977,0.5124167795420977,1.0,scale,0.2528353133944546,840,1340,1440,1470
2025-02-18,0.2509010136127472,0.015412454042070589,1,0,0.48671915760915113,0.5132808423908488,0.5132808423908488,1.0,scale,0.2528353133944546,840,1340,1440,1470
2025-02-19,0.2547680139541626,0.00036111192995913477,1,0,0.4706156179209303,0.5293843820790697,0.5293843820790697,1.0,scale,0.2528353133944546,840,1340,1440,1470
2025-02-20,0.2548600137233734,-0.061021789512076485,0,0,0.478869049564517,0.5211309504354831,0.5211309504354831,1.0,scale,0.2528353133944546,840,1340,1440,1470
2025-02-21,0.2393079996109008,0.030985159861138367,1,1,0.5003736455216796,0.4996263544783204,0.5003736455216796,1.0,scale,0.2528353133944546,840,1340,1440,1470
2025-02-22,0.2467229962348938,-0.014996587607883138,0,0,0.46680821663424377,0.5331917833657562,0.5331917833657562,1.0,scale,0.2528353133944546,840,1340,1440,1470
2025-02-23,0.2430229932069778,-0.13440697793984513,0,0,0.4792130851702242,0.5207869148297758,0.5207869148297758,1.0,scale,0.2528353133944546,840,1340,1440,1470
2025-02-24,0.2103590071201324,0.009650169576241652,1,0,0.4923786839620139,0.5076213160379861,0.5076213160379861,1.0,scale,0.2528353133944546,840,1340,1440,1470
2025-02-25,0.2123890072107315,-0.032242758372953095,0,0,0.48718620548370806,0.5128137945162919,0.5128137945162919,1.0,scale,0.2528353133944546,840,1340,1440,1470
2025-02-26,0.2055409997701645,0.0062420873761734885,1,0,0.49332421000375065,0.5066757899962493,0.5066757899962493,1.0,scale,0.2528353133944546,840,1340,1440,1470
2025-02-27,0.2068240046501159,-0.023503061011876047,0,0,0.48524110475743965,0.5147588952425604,0.5147588952425604,1.0,scale,0.2528353133944546,840,1340,1440,1470
2025-02-28,0.2019630074501037,0.02264764221926896,1,0,0.49092033266874585,0.5090796673312541,0.5090796673312541,1.0,scale,0.2528353133944546,840,1340,1440,1470
2025-03-01,0.2065369933843612,0.15847046379330942,1,0,0.48037817710722364,0.5196218228927764,0.5196218228927764,1.0,scale,0.2528353133944546,840,1340,1440,1470
2025-03-02,0.2392670065164566,-0.1679755609678235,0,0,0.477513083751867,0.5224869162481329,0.5224869162481329,1.0,scale,0.2528353133944546,840,1340,1440,1470
2025-03-03,0.1990759968757629,0.00035165291841976476,1,1,0.5021407398000247,0.4978592601999753,0.5021407398000247,1.0,scale,0.2528353133944546,840,1340,1440,1470
2025-03-04,0.1991460025310516,0.027989529245546763,1,0,0.4872631072514751,0.512736892748525,0.512736892748525,1.0,scale,0.2528353133944546,840,1340,1440,1470
2025-03-05,0.2047200053930282,-0.014619980730102733,0,0,0.478824136902908,0.521175863097092,0.521175863097092,1.0,scale,0.2528353133944546,840,1340,1440,1470
2025-03-06,0.2017270028591156,-0.01860933232971429,0,0,0.49150481757539677,0.5084951824246032,0.5084951824246032,1.0,scale,0.2528353133944546,840,1340,1440,1470
2025-03-07,0.1979729980230331,-0.02930193667000769,0,0,0.49144170882168225,0.5085582911783177,0.5085582911783177,1.0,scale,0.2528353133944546,840,1340,1440,1470
2025-03-08,0.1921720057725906,-0.12680827933589456,0,0,0.4913231745822215,0.5086768254177785,0.5086768254177785,1.0,scale,0.2528353133944546,840,1340,1440,1470
2025-03-09,0.1678030043840408,-0.08189959585541995,0,1,0.5025772862363225,0.4974227137636775,0.5025772862363225,1.0,scale,0.2528353133944546,840,1340,1440,1470
2025-03-10,0.1540600061416626,0.06559779904654195,1,1,0.5730361860719819,0.4269638139280181,0.5730361860719819,1.0,0.01,0.24927778348152707,870,1370,1470,1500
2025-03-11,0.1641660034656524,0.05004078244936849,1,0,0.4466300596552456,0.5533699403447544,0.5533699403447544,1.0,0.01,0.24927778348152707,870,1370,1470,1500
2025-03-12,0.1723809987306594,-0.042440833751357654,0,0,0.4356672668657622,0.5643327331342378,0.5643327331342378,1.0,0.01,0.24927778348152707,870,1370,1470,1500
2025-03-13,0.1650650054216385,0.04079604056033337,1,1,0.5127877823887037,0.4872122176112963,0.5127877823887037,1.0,0.01,0.24927778348152707,870,1370,1470,1500
2025-03-14,0.1717990040779113,0.024848741061420432,1,0,0.4376553622198299,0.5623446377801701,0.5623446377801701,1.0,0.01,0.24927778348152707,870,1370,1470,1500
2025-03-15,0.1760679930448532,-0.04448843291265425,0,0,0.4412356462233617,0.5587643537766382,0.5587643537766382,1.0,0.01,0.24927778348152707,870,1370,1470,1500
2025-03-16,0.1682350039482116,0.031087434433475503,1,0,0.499810100739894,0.5001898992601059,0.5001898992601059,1.0,0.01,0.24927778348152707,870,1370,1470,1500
2025-03-17,0.1734649986028671,-0.031337752583768475,0,0,0.4247939638591542,0.5752060361408458,0.5752060361408458,1.0,0.01,0.24927778348152707,870,1370,1470,1500
2025-03-18,0.1680289953947067,0.0597278258212961,1,0,0.47856244688466926,0.5214375531153308,0.5214375531153308,1.0,0.01,0.24927778348152707,870,1370,1470,1500
2025-03-19,0.1780650019645691,-0.04893721537037621,0,0,0.40489247728914346,0.5951075227108565,0.5951075227108565,1.0,0.01,0.24927778348152707,870,1370,1470,1500
2025-03-20,0.1693509966135025,-0.013516289948581894,0,0,0.48818891144020893,0.5118110885597911,0.5118110885597911,1.0,0.01,0.24927778348152707,870,1370,1470,1500
2025-03-21,0.1670619994401931,0.001682046777455204,1,0,0.46251219553830586,0.5374878044616942,0.5374878044616942,1.0,0.01,0.24927778348152707,870,1370,1470,1500
2025-03-22,0.1673430055379867,0.02934088701366755,1,0,0.4439956984194277,0.5560043015805722,0.5560043015805722,1.0,0.01,0.24927778348152707,870,1370,1470,1500
2025-03-23,0.1722529977560043,0.06174639607955301,1,0,0.4313653443674677,0.5686346556325323,0.5686346556325323,1.0,0.01,0.24927778348152707,870,1370,1470,1500
2025-03-24,0.1828889995813369,0.04385718695922547,1,0,0.4266371894343141,0.5733628105656858,0.5733628105656858,1.0,0.01,0.24927778348152707,870,1370,1470,1500
2025-03-25,0.1909099966287613,0.02036559712008179,1,0,0.4148880799451881,0.5851119200548118,0.5851119200548118,1.0,0.01,0.24927778348152707,870,1370,1470,1500
2025-03-26,0.1947979927062988,-0.022089516206021287,0,0,0.43835717264540314,0.5616428273545968,0.5616428273545968,1.0,0.01,0.24927778348152707,870,1370,1470,1500
2025-03-27,0.1904949992895126,-0.05409592047123635,0,0,0.4595605368844448,0.5404394631155551,0.5404394631155551,1.0,0.01,0.24927778348152707,870,1370,1470,1500
2025-03-28,0.1801899969577789,-0.0589654811398882,0,1,0.5037519045071491,0.49624809549285087,0.5037519045071491,1.0,0.01,0.24927778348152707,870,1370,1470,1500
2025-03-29,0.1695650070905685,-0.019143155805072642,0,1,0.5148994035343932,0.48510059646560677,0.5148994035343932,1.0,0.01,0.24927778348152707,870,1370,1470,1500
2025-03-30,0.1663189977407455,0.0023809568606454334,1,0,0.4839643514221577,0.5160356485778423,0.5160356485778423,1.0,0.01,0.24927778348152707,870,1370,1470,1500
2025-03-31,0.166714996099472,0.04421322957504503,1,0,0.47667582509205747,0.5233241749079425,0.5233241749079425,1.0,0.01,0.24927778348152707,870,1370,1470,1500
2025-04-01,0.1740860044956207,-0.05681676363899679,0,0,0.42799040148640355,0.5720095985135965,0.5720095985135965,1.0,0.01,0.24927778348152707,870,1370,1470,1500
2025-04-02,0.1641950011253357,-0.013002884124970304,0,1,0.5384323473350869,0.46156765266491306,0.5384323473350869,1.0,0.01,0.24927778348152707,870,1370,1470,1500
2025-04-03,0.1620599925518036,0.05576947867633253,1,0,0.48275117213717395,0.517248827862826,0.517248827862826,1.0,0.01,0.24927778348152707,870,1370,1470,1500
2025-04-04,0.171097993850708,-0.012104134820250856,0,0,0.4279370384219296,0.5720629615780704,0.5720629615780704,1.0,0.01,0.24927778348152707,870,1370,1470,1500
2025-04-05,0.1690270006656646,-0.11940103374617927,0,0,0.46708298794755854,0.5329170120524415,0.5329170120524415,1.0,0.01,0.24927778348152707,870,1370,1470,1500
2025-04-06,0.1488450020551681,0.004541577938292907,1,1,0.6101954846458395,0.3898045153541605,0.6101954846458395,1.0,0.01,0.24927778348152707,870,1370,1470,1500
2025-04-07,0.149520993232727,-0.049584998640646694,0,1,0.5170534768071204,0.48294652319287956,0.5170534768071204,1.0,0.01,0.24927778348152707,870,1370,1470,1500
2025-04-08,0.1421069949865341,0.12852295237347255,1,1,0.5268398190931527,0.4731601809068473,0.5268398190931527,1.0,0.01,0.24927778348152707,870,1370,1470,1500
2025-04-09,0.1603710055351257,-0.041809309446034115,0,0,0.39180259196468536,0.6081974080353146,0.6081974080353146,1.0,0.01,0.24647050810586282,900,1400,1500,1530
2025-04-10,0.153666004538536,0.04179842210568685,1,1,0.528242418980607,0.471757581019393,0.528242418980607,1.0,0.01,0.24647050810586282,900,1400,1500,1530
2025-04-11,0.1600890010595321,0.04698637515845827,1,0,0.45122650506873585,0.5487734949312641,0.5487734949312641,1.0,0.01,0.24647050810586282,900,1400,1500,1530
2025-04-12,0.1676110029220581,-0.02875112996017881,0,0,0.4454423038416325,0.5545576961583675,0.5545576961583675,1.0,0.01,0.24647050810586282,900,1400,1500,1530
2025-04-13,0.1627919971942901,-0.026358777187946547,0,1,0.5145146331808885,0.4854853668191115,0.5145146331808885,1.0,0.01,0.24647050810586282,900,1400,1500,1530
2025-04-14,0.158500999212265,-0.031236397487896417,0,1,0.5212650559201772,0.47873494407982276,0.5212650559201772,1.0,0.01,0.24647050810586282,900,1400,1500,1530
2025-04-15,0.1535499989986419,0.00741127768020533,1,1,0.5215233779782955,0.4784766220217045,0.5215233779782955,1.0,0.01,0.24647050810586282,900,1400,1500,1530
2025-04-16,0.1546880006790161,0.006800735502077604,1,0,0.4800959971215395,0.5199040028784605,0.5199040028784605,1.0,0.01,0.24647050810586282,900,1400,1500,1530
2025-04-17,0.1557399928569793,0.01204579155557517,1,0,0.46869351939834486,0.5313064806016552,0.5313064806016552,1.0,0.01,0.24647050810586282,900,1400,1500,1530
2025-04-18,0.1576160043478012,-0.0017955210485423034,0,0,0.46216329673750023,0.5378367032624998,0.5378367032624998,1.0,0.01,0.24647050810586282,900,1400,1500,1530
2025-04-19,0.1573330014944076,-0.013658931969015353,0,0,0.475843489415534,0.524156510584466,0.524156510584466,1.0,0.01,0.24647050810586282,900,1400,1500,1530
2025-04-20,0.1551840007305145,0.027090453804422543,1,0,0.4961515888168426,0.5038484111831574,0.5038484111831574,1.0,0.01,0.24647050810586282,900,1400,1500,1530
2025-04-21,0.15938800573349,0.12083713057952106,1,0,0.4593725160493361,0.540627483950664,0.540627483950664,1.0,0.01,0.24647050810586282,900,1400,1500,1530
2025-04-22,0.1786479949951172,-0.00024063998056877978,0,0,0.3884237590407844,0.6115762409592156,0.6115762409592156,1.0,0.01,0.24647050810586282,900,1400,1500,1530
2025-04-23,0.1786050051450729,0.021567116044505008,1,0,0.48242636272062017,0.5175736372793798,0.5175736372793798,1.0,0.01,0.24647050810586282,900,1400,1500,1530
2025-04-24,0.1824570000171661,-0.0034364050680133484,0,0,0.4598726315736322,0.5401273684263679,0.5401273684263679,1.0,0.01,0.24647050810586282,900,1400,1500,1530
2025-04-25,0.1818300038576126,0.00032993495954269925,1,0,0.4833082540236938,0.5166917459763062,0.5166917459763062,1.0,0.01,0.24647050810586282,900,1400,1500,1530
2025-04-26,0.181889995932579,-0.012194145856393113,0,0,0.4737704483254072,0.5262295516745927,0.5262295516745927,1.0,0.01,0.24647050810586282,900,1400,1500,1530
2025-04-27,0.1796720027923584,-0.004007353380246492,0,0,0.4903411299566955,0.5096588700433045,0.5096588700433045,1.0,0.01,0.24647050810586282,900,1400,1500,1530
2025-04-28,0.1789519935846328,-0.0241181287947263,0,0,0.49968595367652996,0.5003140463234701,0.5003140463234701,1.0,0.01,0.24647050810586282,900,1400,1500,1530
2025-04-29,0.1746360063552856,-0.013147350119764645,0,0,0.49917179548744794,0.500828204512552,0.500828204512552,1.0,0.01,0.24647050810586282,900,1400,1500,1530
2025-04-30,0.1723400056362152,0.04885106119540272,1,0,0.4950335799598273,0.5049664200401727,0.5049664200401727,1.0,0.01,0.24647050810586282,900,1400,1500,1530
2025-05-01,0.180758997797966,0.004525358370544019,1,0,0.4351233119065839,0.5648766880934162,0.5648766880934162,1.0,0.01,0.24647050810586282,900,1400,1500,1530
2025-05-02,0.1815769970417022,-0.032052469893132596,0,0,0.4779859782569215,0.5220140217430784,0.5220140217430784,1.0,0.01,0.24647050810586282,900,1400,1500,1530
2025-05-03,0.1757570058107376,-0.029614781973120174,0,1,0.5072870023724169,0.49271299762758314,0.5072870023724169,1.0,0.01,0.24647050810586282,900,1400,1500,1530
2025-05-04,0.1705520004034042,0.0003049219736122044,1,1,0.519585930795877,0.480414069204123,0.519585930795877,1.0,0.01,0.24647050810586282,900,1400,1500,1530
2025-05-05,0.1706040054559707,0.008862576350281648,1,0,0.48745523811904,0.51254476188096,0.51254476188096,1.0,0.01,0.24647050810586282,900,1400,1500,1530
2025-05-06,0.1721159964799881,-0.0006333054240293956,0,0,0.475283656710241,0.524716343289759,0.524716343289759,1.0,0.01,0.24647050810586282,900,1400,1500,1530
2025-05-07,0.1720069944858551,0.1486567755856827,1,0,0.47483378926459086,0.5251662107354091,0.5251662107354091,1.0,0.01,0.24647050810586282,900,1400,1500,1530
2025-05-08,0.1975769996643066,0.039037969803233485,1,0,0.397500444171263,0.6024995558287369,0.6024995558287369,1.0,0.01,0.24647050810586282,900,1400,1500,1530
2025-05-09,0.2052900046110153,0.2114033331013001,1,0,0.4822525981107603,0.5177474018892396,0.5177474018892396,1.0,0.01,0.24600281016595654,930,1430,1530,1560
2025-05-10,0.2486889958381652,-0.06908626614184121,0,0,0.4598337209766379,0.5401662790233621,0.5401662790233621,1.0,0.01,0.24600281016595654,930,1430,1530,1560
2025-05-11,0.2315080016851425,-0.0021856641108571884,0,1,0.5766763846997479,0.4233236153002521,0.5766763846997479,1.0,0.01,0.24600281016595654,930,1430,1530,1560
2025-05-12,0.231002002954483,0.04421174895412183,1,1,0.5314480670506586,0.4685519329493414,0.5314480670506586,1.0,0.01,0.24600281016595654,930,1430,1530,1560
2025-05-13,0.2412150055170059,-0.03485277215707172,0,0,0.47770696153735753,0.5222930384626425,0.5222930384626425,1.0,0.01,0.24600281016595654,930,1430,1530,1560
2025-05-14,0.2328079938888549,-0.05849881076431107,0,1,0.5509328620253612,0.4490671379746388,0.5509328620253612,1.0,0.01,0.24600281016595654,930,1430,1530,1560
2025-05-15,0.2191890031099319,0.009571621109451423,1,1,0.579403673508814,0.42059632649118595,0.579403673508814,1.0,0.01,0.24600281016595654,930,1430,1530,1560
2025-05-16,0.2212869971990585,-0.029775791348320757,0,1,0.517468693720554,0.48253130627944596,0.517468693720554,1.0,0.01,0.24600281016595654,930,1430,1530,1560
2025-05-17,0.2146980017423629,0.09074607067574836,1,1,0.5369108921052537,0.46308910789474633,0.5369108921052537,1.0,0.01,0.24600281016595654,930,1430,1530,1560
2025-05-18,0.2341810017824173,-0.04167719493871769,0,0,0.4487459790427893,0.5512540209572108,0.5512540209572108,1.0,0.01,0.24600281016595654,930,1430,1530,1560
2025-05-19,0.2244209945201873,0.0075973541094342956,1,1,0.5470931034622933,0.45290689653770666,0.5470931034622933,1.0,0.01,0.24600281016595654,930,1430,1530,1560
2025-05-20,0.2261260002851486,0.03507775488714704,1,1,0.5040711705251645,0.4959288294748355,0.5040711705251645,1.0,0.01,0.24600281016595654,930,1430,1530,1560
2025-05-21,0.234057992696762,0.04686877481558671,1,0,0.48472115873615435,0.5152788412638456,0.5152788412638456,1.0,0.01,0.24600281016595654,930,1430,1530,1560
2025-05-22,0.2450280040502548,-0.08249671862239494,0,0,0.46609549961141594,0.5339045003885841,0.5339045003885841,1.0,0.01,0.24600281016595654,930,1430,1530,1560
2025-05-23,0.2248139977455139,0.0021484704857397396,1,1,0.5850484765143261,0.4149515234856739,0.5850484765143261,1.0,0.01,0.24600281016595654,930,1430,1530,1560
2025-05-24,0.2252970039844513,-0.0013892723176132105,0,0,0.48472077829900034,0.5152792217009996,0.5152792217009996,1.0,0.01,0.24600281016595654,930,1430,1530,1560
2025-05-25,0.2249840050935745,0.004626973906741716,1,1,0.5003271855292016,0.49967281447079837,0.5003271855292016,1.0,0.01,0.24600281016595654,930,1430,1530,1560
2025-05-26,0.2260250002145767,0.0006149675101614349,1,0,0.48545605453014296,0.514543945469857,0.514543945469857,1.0,0.01,0.24600281016595654,930,1430,1530,1560
2025-05-27,0.2261639982461929,-0.023796897126550087,0,0,0.4953245888567537,0.5046754111432463,0.5046754111432463,1.0,0.01,0.24600281016595654,930,1430,1530,1560
2025-05-28,0.220781996846199,-0.026945089130451128,0,1,0.5109477772942189,0.4890522227057811,0.5109477772942189,1.0,0.01,0.24600281016595654,930,1430,1530,1560
2025-05-29,0.2148330062627792,-0.0995983339066071,0,1,0.5219265950431076,0.47807340495689243,0.5219265950431076,1.0,0.01,0.24600281016595654,930,1430,1530,1560
2025-05-30,0.1934359967708587,-0.0044303831597367616,0,1,0.6050734463602646,0.3949265536397354,0.6050734463602646,1.0,0.01,0.24600281016595654,930,1430,1530,1560
2025-05-31,0.1925790011882782,0.005467914208854507,1,1,0.5024182107691822,0.49758178923081775,0.5024182107691822,1.0,0.01,0.24600281016595654,930,1430,1530,1560
2025-06-01,0.1936320066452026,0.009079048059383199,1,0,0.48434977256461054,0.5156502274353895,0.5156502274353895,1.0,0.01,0.24600281016595654,930,1430,1530,1560
2025-06-02,0.1953900009393692,-0.01152565422610241,0,0,0.48533958728931625,0.5146604127106837,0.5146604127106837,1.0,0.01,0.24600281016595654,930,1430,1530,1560
2025-06-03,0.1931380033493042,-0.025380842250668167,0,0,0.4988134981495574,0.5011865018504427,0.5011865018504427,1.0,0.01,0.24600281016595654,930,1430,1530,1560
2025-06-04,0.1882359981536865,-0.0882296689503359,0,1,0.5010009240972438,0.49899907590275616,0.5010009240972438,1.0,0.01,0.24600281016595654,930,1430,1530,1560
2025-06-05,0.1716279983520507,0.0427960818770321,1,1,0.6007210783458161,0.3992789216541839,0.6007210783458161,1.0,0.01,0.24600281016595654,930,1430,1530,1560
2025-06-06,0.1789730042219162,0.03461412451839707,1,0,0.4479624039607711,0.552037596039229,0.552037596039229,1.0,0.01,0.24600281016595654,930,1430,1530,1560
2025-06-07,0.1851679980754852,-0.005373472990679362,0,0,0.44817734796593184,0.5518226520340681,0.5518226520340681,1.0,0.01,0.24600281016595654,930,1430,1530,1560
2025-06-08,0.1841730028390884,0.0584232988644251,1,0,0.489131437590414,0.510868562409586,0.510868562409586,1.0,0.01,0.24589709594430173,960,1460,1560,1590
2025-06-09,0.1949329972267151,0.01718029386322817,1,0,0.46312335164645463,0.5368766483535454,0.5368766483535454,1.0,0.01,0.24589709594430173,960,1460,1560,1590
2025-06-10,0.1982820034027099,-0.026583363894884138,0,0,0.48201533388603185,0.5179846661139682,0.5179846661139682,1.0,0.01,0.24589709594430173,960,1460,1560,1590
2025-06-11,0.193011000752449,-0.059390404307224864,0,1,0.5237370366490255,0.4762629633509745,0.5237370366490255,1.0,0.01,0.24589709594430173,960,1460,1560,1590
2025-06-12,0.181547999382019,-0.006433547721997446,0,1,0.555128486279989,0.444871513720011,0.555128486279989,1.0,0.01,0.24589709594430173,960,1460,1560,1590
2025-06-13,0.1803800016641616,-0.010605367309323821,0,1,0.5265473430885484,0.47345265691145155,0.5265473430885484,1.0,0.01,0.24589709594430173,960,1460,1560,1590
2025-06-14,0.1784670054912567,-0.015678001268795372,0,1,0.502481376506982,0.497518623493018,0.502481376506982,1.0,0.01,0.24589709594430173,960,1460,1560,1590
2025-06-15,0.1756689995527267,-0.016912451977262766,0,1,0.5230672825147519,0.4769327174852481,0.5230672825147519,1.0,0.01,0.24589709594430173,960,1460,1560,1590
2025-06-16,0.1726980060338974,-0.017545090338577984,0,1,0.5348832146747663,0.4651167853252337,0.5348832146747663,1.0,0.01,0.24589709594430173,960,1460,1560,1590
2025-06-17,0.1696680039167404,0.00568168893875054,1,1,0.5224117849291825,0.4775882150708175,0.5224117849291825,1.0,0.01,0.24589709594430173,960,1460,1560,1590
2025-06-18,0.170632004737854,0.0019398441347939777,1,0,0.48927772702724415,0.5107222729727559,0.5107222729727559,1.0,0.01,0.24589709594430173,960,1460,1560,1590
2025-06-19,0.1709630042314529,-0.04964816497812741,0,0,0.47575802515157073,0.5242419748484293,0.5242419748484293,1.0,0.01,0.24589709594430173,960,1460,1560,1590
2025-06-20,0.1624750047922134,-0.05112178065913231,0,1,0.5720586102676176,0.4279413897323824,0.5720586102676176,1.0,0.01,0.24589709594430173,960,1460,1560,1590
2025-06-21,0.1541689932346344,-0.018466657890418237,0,1,0.5555984287916161,0.44440157120838386,0.5555984287916161,1.0,0.01,0.24589709594430173,960,1460,1560,1590
2025-06-22,0.1513220071792602,0.0861803902847138,1,1,0.5705070481048219,0.4294929518951781,0.5705070481048219,1.0,0.01,0.24589709594430173,960,1460,1560,1590
2025-06-23,0.1643629968166351,0.008323047948117779,1,0,0.428674396117651,0.571325603882349,0.571325603882349,1.0,0.01,0.24589709594430173,960,1460,1560,1590
2025-06-24,0.1657309979200363,-0.006957010233483829,0,0,0.48690160448706643,0.5130983955129336,0.5130983955129336,1.0,0.01,0.24589709594430173,960,1460,1560,1590
2025-06-25,0.1645780056715011,-0.027901671425685448,0,0,0.49866956832038656,0.5013304316796134,0.5013304316796134,1.0,0.01,0.24589709594430173,960,1460,1560,1590
2025-06-26,0.1599860042333603,0.006763111072074501,1,1,0.5300284945402187,0.4699715054597813,0.5300284945402187,1.0,0.01,0.24589709594430173,960,1460,1560,1590
2025-06-27,0.1610680073499679,0.01629119414389213,1,0,0.4865776433351731,0.5134223566648268,0.5134223566648268,1.0,0.01,0.24589709594430173,960,1460,1560,1590
2025-06-28,0.1636919975280761,0.036104447590500355,1,0,0.4714342408189381,0.528565759181062,0.528565759181062,1.0,0.01,0.24589709594430173,960,1460,1560,1590
2025-06-29,0.1696020066738128,-0.026332307074857786,0,0,0.47175217525333485,0.5282478247466651,0.5282478247466651,1.0,0.01,0.24589709594430173,960,1460,1560,1590
2025-06-30,0.1651359945535659,-0.04472072007362515,0,1,0.5270354536877307,0.47296454631226925,0.5270354536877307,1.0,0.01,0.24589709594430173,960,1460,1560,1590
2025-07-01,0.1577509939670562,0.06953371702991307,1,1,0.5370581069312673,0.4629418930687327,0.5370581069312673,1.0,0.01,0.24589709594430173,960,1460,1560,1590
2025-07-02,0.168720006942749,0.01964194114995399,1,0,0.452270501858649,0.547729498141351,0.547729498141351,1.0,0.01,0.24589709594430173,960,1460,1560,1590
2025-07-03,0.1720339953899383,-0.05326268344944973,0,0,0.47728125050617226,0.5227187494938277,0.5227187494938277,1.0,0.01,0.24589709594430173,960,1460,1560,1590
2025-07-04,0.1628710031509399,0.008601852061941528,1,1,0.5443139903006714,0.4556860096993286,0.5443139903006714,1.0,0.01,0.24589709594430173,960,1460,1560,1590
2025-07-05,0.1642719954252243,0.046958724185096834,1,0,0.4841822638460161,0.515817736153984,0.515817736153984,1.0,0.01,0.24589709594430173,960,1460,1560,1590
2025-07-06,0.1719859987497329,-0.023374027500945194,0,0,0.4872999707495378,0.5127000292504622,0.5127000292504622,1.0,0.01,0.24589709594430173,960,1460,1560,1590
2025-07-07,0.1679659932851791,0.017997770938219082,1,1,0.5237223393922251,0.4762776606077749,0.5237223393922251,1.0,0.01,0.24589709594430173,960,1460,1560,1590
2025-07-08,0.1709890067577362,0.057114768453311315,1,0,0.4895777099234897,0.5104222900765103,0.5104222900765103,1.0,0.01,0.24795909906035093,990,1490,1590,1620
2025-07-09,0.180755004286766,0.0776631141468247,1,0,0.48306389242647085,0.5169361075735291,0.5169361075735291,1.0,0.01,0.24795909906035093,990,1490,1590,1620
2025-07-10,0.1947930008172989,0.03282970749606573,1,0,0.46686882991854284,0.5331311700814572,0.5331311700814572,1.0,0.01,0.24795909906035093,990,1490,1590,1620
2025-07-11,0.2011879980564117,-0.01918601921060903,0,0,0.4993675781460034,0.5006324218539966,0.5006324218539966,1.0,0.01,0.24795909906035093,990,1490,1590,1620
2025-07-12,0.1973280012607574,0.006420786835797498,1,1,0.5054702112526481,0.4945297887473519,0.5054702112526481,1.0,0.01,0.24795909906035093,990,1490,1590,1620
2025-07-13,0.1985950022935867,-0.00586119586703715,0,0,0.4965929878754074,0.5034070121245926,0.5034070121245926,1.0,0.01,0.24795909906035093,990,1490,1590,1620
2025-07-14,0.1974309980869293,0.008767662160540368,1,1,0.515896694266225,0.484103305733775,0.515896694266225,1.0,0.01,0.24795909906035093,990,1490,1590,1620
2025-07-15,0.1991620063781738,0.06821073243901354,1,0,0.4978325488872098,0.5021674511127903,0.5021674511127903,1.0,0.01,0.24795909906035093,990,1490,1590,1620
2025-07-16,0.2127469927072525,0.024822918821178597,1,0,0.4730198925709993,0.5269801074290007,0.5269801074290007,1.0,0.01,0.24795909906035093,990,1490,1590,1620
2025-07-17,0.2180279940366745,0.08302147999970755,1,0,0.4913299551331731,0.5086700448668269,0.5086700448668269,1.0,0.01,0.24795909906035093,990,1490,1590,1620
2025-07-18,0.2361290007829666,0.02271639984705609,1,0,0.4785868533015636,0.5214131466984364,0.5214131466984364,1.0,0.01,0.24795909906035093,990,1490,1590,1620
2025-07-19,0.2414930015802383,0.1301735909093742,1,0,0.49316776612493085,0.5068322338750691,0.5068322338750691,1.0,0.01,0.24795909906035093,990,1490,1590,1620
2025-07-20,0.2729290127754211,-0.004433402220446303,0,0,0.4754147437574977,0.5245852562425023,0.5245852562425023,1.0,0.01,0.24795909906035093,990,1490,1590,1620
2025-07-21,0.2717190086841583,-0.004931571876428897,0,1,0.5202547562596069,0.47974524374039307,0.5202547562596069,1.0,0.01,0.24795909906035093,990,1490,1590,1620
2025-07-22,0.2703790068626404,-0.10995678768627626,0,1,0.5181415325886926,0.48185846741130745,0.5181415325886926,1.0,0.01,0.24795909906035093,990,1490,1590,1620
2025-07-23,0.2406489998102188,-0.03604832813725556,0,1,0.576725157314192,0.42327484268580795,0.576725157314192,1.0,0.01,0.24795909906035093,990,1490,1590,1620
2025-07-24,0.2319740056991577,0.02085574111007582,1,1,0.5421714217189859,0.4578285782810141,0.5421714217189859,1.0,0.01,0.24795909906035093,990,1490,1590,1620
2025-07-25,0.2368119955062866,-0.005481122040872366,0,1,0.5062321579622183,0.4937678420377817,0.5062321579622183,1.0,0.01,0.24795909906035093,990,1490,1590,1620
2025-07-26,0.2355140000581741,0.02245727749380788,1,1,0.5171796557307965,0.4828203442692035,0.5171796557307965,1.0,0.01,0.24795909906035093,990,1490,1590,1620
2025-07-27,0.2408030033111572,-0.06468774535866784,0,1,0.5025351908128596,0.4974648091871404,0.5025351908128596,1.0,0.01,0.24795909906035093,990,1490,1590,1620
2025-07-28,0.2252259999513626,-0.006362497974648829,0,1,0.556853813530949,0.443146186469051,0.556853813530949,1.0,0.01,0.24795909906035093,990,1490,1590,1620
2025-07-29,0.2237929999828338,-0.017395552443540407,0,1,0.5133718585439029,0.4866281414560971,0.5133718585439029,1.0,0.01,0.24795909906035093,990,1490,1590,1620
2025-07-30,0.2198999971151352,-0.04559796043148723,0,1,0.5184164528612838,0.4815835471387162,0.5184164528612838,1.0,0.01,0.24795909906035093,990,1490,1590,1620
2025-07-31,0.2098730057477951,-0.04124879413936322,0,1,0.5349936365172275,0.46500636348277247,0.5349936365172275,1.0,0.01,0.24795909906035093,990,1490,1590,1620
2025-08-01,0.2012159973382949,-0.04970778791112773,0,1,0.5518189383144724,0.4481810616855276,0.5518189383144724,1.0,0.01,0.24795909906035093,990,1490,1590,1620
2025-08-02,0.1912139952182769,0.04000754666753559,1,1,0.5403027813999458,0.4596972186000542,0.5403027813999458,1.0,0.01,0.24795909906035093,990,1490,1590,1620
2025-08-03,0.198863998055458,0.05807484554574316,1,0,0.4804179912576194,0.5195820087423806,0.5195820087423806,1.0,0.01,0.24795909906035093,990,1490,1590,1620
2025-08-04,0.2104129940271377,-0.05072880520392309,0,0,0.47513224052365893,0.5248677594763411,0.5248677594763411,1.0,0.01,0.24795909906035093,990,1490,1590,1620
2025-08-05,0.1997389942407608,0.027616077489412083,1,1,0.5314675101040339,0.4685324898959661,0.5314675101040339,1.0,0.01,0.24795909906035093,990,1490,1590,1620
2025-08-06,0.2052550017833709,0.08348149433406715,1,0,0.48264006606889076,0.5173599339311092,0.5173599339311092,1.0,0.01,0.24795909906035093,990,1490,1590,1620
2025-08-07,0.2223899960517883,0.035181455260332894,1,1,0.5460186660421856,0.45398133395781437,0.5460186660421856,10.0,scale,0.2489136686472293,1020,1520,1620,1650
2025-08-08,0.2302139997482299,0.04392002278405638,1,1,0.5248334344468498,0.4751665655531502,0.5248334344468498,10.0,scale,0.2489136686472293,1020,1520,1620,1650
2025-08-09,0.2403250038623809,-0.025906597607207926,0,1,0.5294132111481715,0.4705867888518285,0.5294132111481715,10.0,scale,0.2489136686472293,1020,1520,1620,1650
2025-08-10,0.2340990006923675,-0.0493338114965145,0,1,0.5241197876975858,0.4758802123024142,0.5241197876975858,10.0,scale,0.2489136686472293,1020,1520,1620,1650
2025-08-11,0.2225500047206878,0.058935078879400526,1,0,0.4613794741662032,0.5386205258337968,0.5386205258337968,10.0,scale,0.2489136686472293,1020,1520,1620,1650
2025-08-12,0.2356660068035125,0.04046403736943471,1,1,0.5333762871225143,0.4666237128774857,0.5333762871225143,10.0,scale,0.2489136686472293,1020,1520,1620,1650
2025-08-13,0.2452020049095153,-0.08690387030796543,0,1,0.5143940867555068,0.4856059132444932,0.5143940867555068,10.0,scale,0.2489136686472293,1020,1520,1620,1650
2025-08-14,0.2238930016756057,0.021081509370421525,1,0,0.4248806955871055,0.5751193044128945,0.5751193044128945,10.0,scale,0.2489136686472293,1020,1520,1620,1650
2025-08-15,0.2286130040884018,0.011517238443930156,1,1,0.5240155193170238,0.47598448068297616,0.5240155193170238,10.0,scale,0.2489136686472293,1020,1520,1620,1650
2025-08-16,0.2312459945678711,0.014352724875143608,1,1,0.5200696770061498,0.4799303229938502,0.5200696770061498,10.0,scale,0.2489136686472293,1020,1520,1620,1650
2025-08-17,0.2345650047063827,-0.05175540077747909,0,1,0.502983159777715,0.497016840222285,0.502983159777715,10.0,scale,0.2489136686472293,1020,1520,1620,1650
2025-08-18,0.2224249988794326,-0.060141602735877764,0,0,0.43272946843036375,0.5672705315696362,0.5672705315696362,10.0,scale,0.2489136686472293,1020,1520,1620,1650
2025-08-19,0.2090480029582977,0.05932607758771247,1,0,0.440165015400531,0.559834984599469,0.559834984599469,10.0,scale,0.2489136686472293,1020,1520,1620,1650
2025-08-20,0.221450001001358,-0.030259685956599336,0,1,0.5272541451964411,0.4727458548035589,0.5272541451964411,10.0,scale,0.2489136686472293,1020,1520,1620,1650
2025-08-21,0.2147489935159683,0.1203312396207461,1,1,0.5145014264980814,0.4854985735019186,0.5145014264980814,10.0,scale,0.2489136686472293,1020,1520,1620,1650
2025-08-22,0.2405900061130523,-0.01904070935942037,0,1,0.5346334075066765,0.46536659249332346,0.5346334075066765,10.0,scale,0.2489136686472293,1020,1520,1620,1650
2025-08-23,0.2360090017318725,-0.01784257599428607,0,1,0.5480125477457123,0.4519874522542877,0.5480125477457123,10.0,scale,0.2489136686472293,1020,1520,1620,1650
2025-08-24,0.231797993183136,-0.09479804830383731,0,0,0.49013465856426985,0.5098653414357301,0.5098653414357301,10.0,scale,0.2489136686472293,1020,1520,1620,1650
2025-08-25,0.2098239958286285,0.041182156160229244,1,0,0.44376906882475453,0.5562309311752455,0.5562309311752455,10.0,scale,0.2489136686472293,1020,1520,1620,1650
2025-08-26,0.2184650003910064,0.002078107144304342,1,1,0.5510895782460633,0.4489104217539367,0.5510895782460633,10.0,scale,0.2489136686472293,1020,1520,1620,1650
2025-08-27,0.2189189940690994,0.024762641830376353,1,1,0.5200779432960247,0.47992205670397525,0.5200779432960247,10.0,scale,0.2489136686472293,1020,1520,1620,1650
2025-08-28,0.2243400067090988,-0.04593475092962862,0,1,0.5236442603509232,0.47635573964907685,0.5236442603509232,10.0,scale,0.2489136686472293,1020,1520,1620,1650
2025-08-29,0.2140350043773651,0.009087247068048976,1,0,0.47101082804842603,0.528989171951574,0.528989171951574,10.0,scale,0.2489136686472293,1020,1520,1620,1650
2025-08-30,0.2159799933433532,-0.010024028968332765,0,1,0.5637236090298114,0.43627639097018855,0.5637236090298114,10.0,scale,0.2489136686472293,1020,1520,1620,1650
2025-08-31,0.2138150036334991,-0.016654607655146703,0,1,0.5215399279478312,0.4784600720521688,0.5215399279478312,10.0,scale,0.2489136686472293,1020,1520,1620,1650
2025-09-01,0.2102539986371994,0.02170708850171721,1,0,0.47222002522304346,0.5277799747769565,0.5277799747769565,10.0,scale,0.2489136686472293,1020,1520,1620,1650
2025-09-02,0.214818000793457,0.026729596831118974,1,1,0.5361804418166459,0.4638195581833541,0.5361804418166459,10.0,scale,0.2489136686472293,1020,1520,1620,1650
2025-09-03,0.2205599993467331,-0.036647627870387556,0,1,0.537782896751962,0.462217103248038,0.537782896751962,10.0,scale,0.2489136686472293,1020,1520,1620,1650
2025-09-04,0.2124769985675811,0.025541601883430465,1,1,0.5035349954645111,0.4964650045354889,0.5035349954645111,10.0,scale,0.2489136686472293,1020,1520,1620,1650
2025-09-05,0.2179040014743805,-0.009260980258204876,0,1,0.5278610570012593,0.4721389429987407,0.5278610570012593,10.0,scale,0.2489136686472293,1020,1520,1620,1650
2025-09-06,0.2158859968185424,0.058164957926165384,1,1,0.513932922414462,0.486067077585538,0.513932922414462,10.0,scale,0.2498946213153909,1050,1550,1650,1680
2025-09-07,0.2284429967403412,0.05882430832553287,1,1,0.511724395404548,0.48827560459545205,0.511724395404548,10.0,scale,0.2498946213153909,1050,1550,1650,1680
2025-09-08,0.2418809980154037,-0.0049239300338294045,0,1,0.5139309039306321,0.4860690960693679,0.5139309039306321,10.0,scale,0.2498946213153909,1050,1550,1650,1680
2025-09-09,0.240689992904663,0.019548016051081696,1,1,0.5077769509142642,0.4922230490857358,0.5077769509142642,10.0,scale,0.2498946213153909,1050,1550,1650,1680
2025-09-10,0.2453950047492981,0.04182235073942575,1,1,0.516104831435283,0.48389516856471704,0.516104831435283,10.0,scale,0.2498946213153909,1050,1550,1650,1680
2025-09-11,0.2556580007076263,0.07732985609653209,1,1,0.5137375811904281,0.4862624188095719,0.5137375811904281,10.0,scale,0.2498946213153909,1050,1550,1650,1680
2025-09-12,0.2754279971122741,0.050960686357572005,1,1,0.5180063490532029,0.48199365094679714,0.5180063490532029,10.0,scale,0.2498946213153909,1050,1550,1650,1680
2025-09-13,0.289463996887207,-0.037565995387529916,0,1,0.5075375901612508,0.4924624098387492,0.5075375901612508,10.0,scale,0.2498946213153909,1050,1550,1650,1680
2025-09-14,0.2785899937152862,-0.035751448261962415,0,1,0.5083992815761146,0.4916007184238854,0.5083992815761146,10.0,scale,0.2498946213153909,1050,1550,1650,1680
2025-09-15,0.2686299979686737,0.0042475215856880855,1,0,0.496678692322541,0.503321307677459,0.503321307677459,10.0,scale,0.2498946213153909,1050,1550,1650,1680
2025-09-16,0.269771009683609,0.047050970872445586,1,1,0.5000501923053525,0.4999498076946475,0.5000501923053525,10.0,scale,0.2498946213153909,1050,1550,1650,1680
2025-09-17,0.2824639976024627,-0.013045901742776866,0,1,0.5075302208672716,0.4924697791327284,0.5075302208672716,10.0,scale,0.2498946213153909,1050,1550,1650,1680
2025-09-18,0.278779000043869,-0.04803805662675387,0,0,0.4983894166692585,0.5016105833307415,0.5016105833307415,10.0,scale,0.2498946213153909,1050,1550,1650,1680
2025-09-19,0.2653869986534118,0.00890025839677211,1,0,0.4920778499963825,0.5079221500036175,0.5079221500036175,10.0,scale,0.2498946213153909,1050,1550,1650,1680
2025-09-20,0.267749011516571,-0.024612635162796215,0,1,0.5014105898558302,0.4985894101441698,0.5014105898558302,10.0,scale,0.2498946213153909,1050,1550,1650,1680
2025-09-21,0.2611590027809143,-0.07598052137602451,0,0,0.49085477784162584,0.5091452221583741,0.5091452221583741,10.0,scale,0.2498946213153909,1050,1550,1650,1680
2025-09-22,0.2413160055875778,-0.016277435414110752,0,0,0.49897995183290056,0.5010200481670994,0.5010200481670994,10.0,scale,0.2498946213153909,1050,1550,1650,1680
2025-09-23,0.2373879998922348,0.01624346338570093,1,1,0.5018925638006881,0.49810743619931186,0.5018925638006881,10.0,scale,0.2498946213153909,1050,1550,1650,1680
2025-09-24,0.2412440031766891,-0.07684335343202509,0,0,0.4976807896476752,0.5023192103523249,0.5023192103523249,10.0,scale,0.2498946213153909,1050,1550,1650,1680
2025-09-25,0.2227060049772262,0.04455648227528908,1,0,0.4928060954622887,0.5071939045377113,0.5071939045377113,10.0,scale,0.2498946213153909,1050,1550,1650,1680
2025-09-26,0.2326290011405944,-0.007707539098821381,0,1,0.5114679790077344,0.48853202099226556,0.5114679790077344,10.0,scale,0.2498946213153909,1050,1550,1650,1680
2025-09-27,0.2308360040187835,0.028383769253422564,1,1,0.5127786243301139,0.4872213756698861,0.5127786243301139,10.0,scale,0.2498946213153909,1050,1550,1650,1680
2025-09-28,0.2373879998922348,-0.009819382394110066,0,1,0.508964214877422,0.49103578512257795,0.508964214877422,10.0,scale,0.2498946213153909,1050,1550,1650,1680
2025-09-29,0.23505699634552,-0.009155208867426268,0,1,0.5002312487712696,0.49976875122873043,0.5002312487712696,10.0,scale,0.2498946213153909,1050,1550,1650,1680
2025-09-30,0.2329050004482269,0.06637899320473006,1,1,0.5056974508244664,0.4943025491755336,0.5056974508244664,10.0,scale,0.2498946213153909,1050,1550,1650,1680
2025-10-01,0.2483649998903274,0.054645350683513394,1,1,0.5139984071903957,0.4860015928096043,0.5139984071903957,10.0,scale,0.2498946213153909,1050,1550,1650,1680
2025-10-02,0.2619369924068451,-0.01272819762827948,0,1,0.5112208027933137,0.4887791972066863,0.5112208027933137,10.0,scale,0.2498946213153909,1050,1550,1650,1680
2025-10-03,0.2586030066013336,-0.02972130542795859,0,1,0.506842606987888,0.49315739301211203,0.506842606987888,10.0,scale,0.2498946213153909,1050,1550,1650,1680
2025-10-04,0.250916987657547,0.008118296638812916,1,1,0.5068020797822401,0.4931979202177599,0.5068020797822401,10.0,scale,0.2498946213153909,1050,1550,1650,1680
2025-10-05,0.2529540061950683,0.052811895008888055,1,1,0.5012407729225399,0.4987592270774601,0.5012407729225399,10.0,scale,0.2498946213153909,1050,1550,1650,1680
2025-10-06,0.2663129866123199,-0.07133329849291314,0,1,0.5131118287921147,0.4868881712078853,0.5131118287921147,10.0,scale,0.24912566319016857,1080,1580,1680,1710
2025-10-07,0.2473160028457641,0.033345954015088,1,0,0.462504182031455,0.537495817968545,0.537495817968545,10.0,scale,0.24912566319016857,1080,1580,1680,1710
2025-10-08,0.2555629909038543,-0.027390446319422224,0,1,0.50136112932228,0.49863887067771995,0.50136112932228,10.0,scale,0.24912566319016857,1080,1580,1680,1710
2025-10-09,0.2485630065202713,-0.22291330363967998,0,0,0.4733847632853807,0.5266152367146193,0.5266152367146193,10.0,scale,0.24912566319016857,1080,1580,1680,1710
2025-10-10,0.1931550055742263,-0.0399265167681353,0,1,0.521429134507197,0.47857086549280303,0.521429134507197,10.0,scale,0.24912566319016857,1080,1580,1680,1710
2025-10-11,0.1854429990053177,0.1205329682457883,1,0,0.43218443807982715,0.5678155619201728,0.5678155619201728,10.0,scale,0.24912566319016857,1080,1580,1680,1710
2025-10-12,0.2077949941158294,0.029817884491848634,1,1,0.5140890474726202,0.4859109525273798,0.5140890474726202,10.0,scale,0.24912566319016857,1080,1580,1680,1710
2025-10-13,0.2139910012483596,-0.044202811103893125,0,1,0.5108666890122368,0.48913331098776325,0.5108666890122368,10.0,scale,0.24912566319016857,1080,1580,1680,1710
2025-10-14,0.2045319974422454,-0.040115955881977694,0,0,0.47917304259104043,0.5208269574089596,0.5208269574089596,10.0,scale,0.24912566319016857,1080,1580,1680,1710
2025-10-15,0.1963270008563995,-0.04054463502185379,0,0,0.4774174015067073,0.5225825984932927,0.5225825984932927,10.0,scale,0.24912566319016857,1080,1580,1680,1710
2025-10-16,0.1883669942617416,-0.01871341050755493,0,0,0.4671848026837862,0.5328151973162139,0.5328151973162139,10.0,scale,0.24912566319016857,1080,1580,1680,1710
2025-10-17,0.1848420053720474,0.02573550306633754,1,0,0.48426170447861966,0.5157382955213803,0.5157382955213803,10.0,scale,0.24912566319016857,1080,1580,1680,1710
2025-10-18,0.1895990073680877,0.030190020665252337,1,1,0.5111050668831956,0.48889493311680443,0.5111050668831956,10.0,scale,0.24912566319016857,1080,1580,1680,1710
2025-10-19,0.1953230053186416,0.024528557385791183,1,1,0.5109559260340127,0.48904407396598726,0.5109559260340127,10.0,scale,0.24912566319016857,1080,1580,1680,1710
2025-10-20,0.2001139968633651,-0.02860867514561083,0,1,0.5149180726353948,0.4850819273646052,0.5149180726353948,10.0,scale,0.24912566319016857,1080,1580,1680,1710
2025-10-21,0.1943890005350113,-0.02256818107775105,0,0,0.4982599505134747,0.5017400494865253,0.5017400494865253,10.0,scale,0.24912566319016857,1080,1580,1680,1710
2025-10-22,0.1900019943714141,0.025483933658217328,1,1,0.5028528325107608,0.49714716748923915,0.5028528325107608,10.0,scale,0.24912566319016857,1080,1580,1680,1710
2025-10-23,0.1948439925909042,0.014647639192493234,1,1,0.5129050707930544,0.48709492920694564,0.5129050707930544,10.0,scale,0.24912566319016857,1080,1580,1680,1710
2025-10-24,0.1976979970932006,-0.005599411123056619,0,1,0.5122124819702201,0.48778751802977993,0.5122124819702201,10.0,scale,0.24912566319016857,1080,1580,1680,1710
2025-10-25,0.1965910047292709,0.046182145545527575,1,1,0.5061541728738398,0.4938458271261602,0.5061541728738398,10.0,scale,0.24912566319016857,1080,1580,1680,1710
2025-10-26,0.2056699991226196,-0.025711114395592594,0,1,0.5211193093716451,0.4788806906283549,0.5211193093716451,10.0,scale,0.24912566319016857,1080,1580,1680,1710
2025-10-27,0.2003819942474365,-0.03306183615459579,0,1,0.5088763557436524,0.4911236442563476,0.5088763557436524,10.0,scale,0.24912566319016857,1080,1580,1680,1710
2025-10-28,0.1937569975852966,-0.007055243127409683,0,1,0.5014407204441714,0.49855927955582857,0.5014407204441714,10.0,scale,0.24912566319016857,1080,1580,1680,1710
2025-10-29,0.1923899948596954,-0.050314404518168154,0,1,0.5116157926326013,0.48838420736739874,0.5116157926326013,10.0,scale,0.24912566319016857,1080,1580,1680,1710
2025-10-30,0.1827100068330764,0.02037652772373577,1,0,0.49084275890669915,0.5091572410933008,0.5091572410933008,10.0,scale,0.24912566319016857,1080,1580,1680,1710
2025-10-31,0.1864330023527145,0.004548525585696295,1,1,0.5170515751209745,0.48294842487902545,0.5170515751209745,10.0,scale,0.24912566319016857,1080,1580,1680,1710
2025-11-01,0.187280997633934,-0.003780409549009156,0,1,0.5166449042207109,0.48335509577928915,0.5166449042207109,10.0,scale,0.24912566319016857,1080,1580,1680,1710
2025-11-02,0.1865729987621307,-0.10360553266102823,0,1,0.5203729409569835,0.4796270590430165,0.5203729409569835,10.0,scale,0.24912566319016857,1080,1580,1680,1710
2025-11-03,0.1672430038452148,-0.027193952539531052,0,1,0.5233817818911445,0.4766182181088555,0.5233817818911445,10.0,scale,0.24912566319016857,1080,1580,1680,1710
2025-11-04,0.1626950055360794,0.028796210244528053,1,0,0.4885399727211467,0.5114600272788533,0.5114600272788533,10.0,scale,0.24912566319016857,1080,1580,1680,1710
2025-11-05,0.167380005121231,-0.035691297946473965,0,0,0.4613090088817106,0.5386909911182893,0.5386909911182893,0.1,scale,0.2508095195983152,1110,1610,1710,1740
2025-11-06,0.1614059954881668,0.10697870053222092,1,0,0.4859959578808689,0.5140040421191311,0.5140040421191311,0.1,scale,0.2508095195983152,1110,1610,1710,1740
2025-11-07,0.1786729991436004,-0.013941655014427012,0,0,0.4375031858564301,0.5624968141435699,0.5624968141435699,0.1,scale,0.2508095195983152,1110,1610,1710,1740
2025-11-08,0.1761820018291473,0.01747056297128058,1,0,0.4585430516138816,0.5414569483861185,0.5414569483861185,0.1,scale,0.2508095195983152,1110,1610,1710,1740
2025-11-09,0.1792600005865097,0.014247458527415047,1,0,0.45107065399582685,0.5489293460041731,0.5489293460041731,0.1,scale,0.2508095195983152,1110,1610,1710,1740
2025-11-10,0.1818140000104904,-0.053840765405020474,0,0,0.45939794128194494,0.5406020587180551,0.5406020587180551,0.1,scale,0.2508095195983152,1110,1610,1710,1740
2025-11-11,0.1720249950885772,-0.011300628651011446,0,0,0.4938127213476506,0.5061872786523494,0.5061872786523494,0.1,scale,0.2508095195983152,1110,1610,1710,1740
2025-11-12,0.1700810045003891,-0.03401322400155671,0,0,0.47933215629521625,0.5206678437047838,0.5206678437047838,0.1,scale,0.2508095195983152,1110,1610,1710,1740
2025-11-13,0.1642960011959076,-0.04157135163442449,0,1,0.5072471691109852,0.4927528308890148,0.5072471691109852,0.1,scale,0.2508095195983152,1110,1610,1710,1740
2025-11-14,0.1574659943580627,0.036014184805217564,1,1,0.5059133181543143,0.4940866818456857,0.5059133181543143,0.1,scale,0.2508095195983152,1110,1610,1710,1740
2025-11-15,0.1631370037794113,-0.027437127663937688,0,0,0.4578193798126354,0.5421806201873647,0.5421806201873647,0.1,scale,0.2508095195983152,1110,1610,1710,1740
2025-11-16,0.1586609929800033,-0.04266320571691584,0,0,0.49891493506922446,0.5010850649307755,0.5010850649307755,0.1,scale,0.2508095195983152,1110,1610,1710,1740
2025-11-17,0.1518920063972473,0.06459851078649681,1,1,0.5087897014291403,0.49121029857085974,0.5087897014291403,0.1,scale,0.2508095195983152,1110,1610,1710,1740
2025-11-18,0.1617040038108825,-0.045632823837433834,0,0,0.4457039510601215,0.5542960489398785,0.5542960489398785,0.1,scale,0.2508095195983152,1110,1610,1710,1740
2025-11-19,0.1543249934911728,-0.03390889362554761,0,0,0.4927340659486913,0.5072659340513087,0.5072659340513087,0.1,scale,0.2508095195983152,1110,1610,1710,1740
2025-11-20,0.1490920037031173,-0.05976175853127186,0,0,0.49407171389328725,0.5059282861067127,0.5059282861067127,0.1,scale,0.2508095195983152,1110,1610,1710,1740
2025-11-21,0.1401820033788681,0.0008702672508131837,1,1,0.5197305256993646,0.4802694743006354,0.5197305256993646,0.1,scale,0.2508095195983152,1110,1610,1710,1740
2025-11-22,0.1403039991855621,0.03226567025381799,1,0,0.478245401358255,0.521754598641745,0.521754598641745,0.1,scale,0.2508095195983152,1110,1610,1710,1740
2025-11-23,0.1448310017585754,0.048076721261010036,1,0,0.4653427871258062,0.5346572128741938,0.5346572128741938,0.1,scale,0.2508095195983152,1110,1610,1710,1740
2025-11-24,0.1517940014600753,0.007760493732872353,1,0,0.455025168660911,0.544974831339089,0.544974831339089,0.1,scale,0.2508095195983152,1110,1610,1710,1740
2025-11-25,0.1529719978570938,0.011806120471932635,1,0,0.45647174028323756,0.5435282597167624,0.5435282597167624,0.1,scale,0.2508095195983152,1110,1610,1710,1740
2025-11-26,0.1547780036926269,-0.013496806000129369,0,0,0.45466316528176537,0.5453368347182346,0.5453368347182346,0.1,scale,0.2508095195983152,1110,1610,1710,1740
2025-11-27,0.1526889950037002,-0.015777143757773948,0,0,0.4623342772464671,0.5376657227535329,0.5376657227535329,0.1,scale,0.2508095195983152,1110,1610,1710,1740
2025-11-28,0.1502799987792968,-0.011385387580910789,0,0,0.48011899343100756,0.5198810065689925,0.5198810065689925,0.1,scale,0.2508095195983152,1110,1610,1710,1740
2025-11-29,0.1485690027475357,-0.012788686234723512,0,0,0.4680526995724846,0.5319473004275155,0.5319473004275155,0.1,scale,0.2508095195983152,1110,1610,1710,1740
2025-11-30,0.1466690003871917,-0.07555103786629591,0,0,0.4815857892907508,0.5184142107092492,0.5184142107092492,0.1,scale,0.2508095195983152,1110,1610,1710,1740
2025-12-01,0.1355880051851272,0.0765848968206615,1,1,0.5249923298783236,0.47500767012167644,0.5249923298783236,0.1,scale,0.2508095195983152,1110,1610,1710,1740
2025-12-02,0.1459719985723495,0.04091194225406958,1,0,0.44351255051891597,0.5564874494810841,0.5564874494810841,0.1,scale,0.2508095195983152,1110,1610,1710,1740
2025-12-03,0.1519439965486526,-0.02922782848600658,0,0,0.44837760030082857,0.5516223996991714,0.5516223996991714,0.1,scale,0.2508095195983152,1110,1610,1710,1740
2025-12-04,0.1475030034780502,-0.053361638564996317,0,0,0.47213551102993667,0.5278644889700633,0.5278644889700633,0.1,scale,0.2508095195983152,1110,1610,1710,1740
2025-12-05,0.1396320015192031,0.0007949377544211877,1,1,0.501767665262894,0.49823233473710604,0.501767665262894,0.1,scale,0.2503966545801609,1140,1640,1740,1770
2025-12-06,0.1397430002689361,-0.008351039678635153,0,0,0.4648607828983305,0.5351392171016696,0.5351392171016696,0.1,scale,0.2503966545801609,1140,1640,1740,1770
2025-12-07,0.1385760009288787,0.029031005159533496,1,0,0.4955395044665443,0.5044604955334557,0.5044604955334557,0.1,scale,0.2503966545801609,1140,1640,1740,1770
2025-12-08,0.1425990015268325,0.03813490911952244,1,0,0.4547785151653322,0.5452214848346678,0.5452214848346678,0.1,scale,0.2503966545801609,1140,1640,1740,1770
2025-12-09,0.1480370014905929,-0.030546388654998258,0,0,0.4485685720567732,0.5514314279432269,0.5514314279432269,0.1,scale,0.2503966545801609,1140,1640,1740,1770
2025-12-10,0.1435150057077407,-0.021816549233220184,0,0,0.47469405032382983,0.5253059496761702,0.5253059496761702,0.1,scale,0.2503966545801609,1140,1640,1740,1770
2025-12-11,0.1403840035200119,-0.024468605333334392,0,0,0.4801738232913588,0.5198261767086412,0.5198261767086412,0.1,scale,0.2503966545801609,1140,1640,1740,1770
2025-12-12,0.1369490027427673,0.016188469561803753,1,0,0.4818690191829407,0.5181309808170593,0.5181309808170593,0.1,scale,0.2503966545801609,1140,1640,1740,1770
2025-12-13,0.139165997505188,-0.035942630217858484,0,0,0.4528318127616822,0.5471681872383178,0.5471681872383178,0.1,scale,0.2503966545801609,1140,1640,1740,1770
2025-12-14,0.1341640055179596,-0.033034252766173555,0,1,0.5087939957251767,0.4912060042748233,0.5087939957251767,0.1,scale,0.2503966545801609,1140,1640,1740,1770
2025-12-15,0.129731997847557,0.01547810879345679,1,1,0.5123490381942826,0.48765096180571743,0.5123490381942826,0.1,scale,0.2503966545801609,1140,1640,1740,1770
2025-12-16,0.131740003824234,-0.042242313641043694,0,0,0.46516554322414844,0.5348344567758516,0.5348344567758516,0.1,scale,0.2503966545801609,1140,1640,1740,1770
2025-12-17,0.1261750012636184,-0.03271647782021059,0,1,0.5093867259823159,0.49061327401768406,0.5093867259823159,0.1,scale,0.2503966545801609,1140,1640,1740,1770
2025-12-18,0.1220469996333122,0.08330393420471993,1,1,0.5076799213138685,0.4923200786861315,0.5076799213138685,0.1,scale,0.2503966545801609,1140,1640,1740,1770
2025-12-19,0.1322139948606491,-0.001981577036428317,0,0,0.4312856135062448,0.5687143864937552,0.5687143864937552,0.1,scale,0.2503966545801609,1140,1640,1740,1770
2025-12-20,0.1319520026445388,-0.006775267135538221,0,0,0.45141787869603045,0.5485821213039695,0.5485821213039695,0.1,scale,0.2503966545801609,1140,1640,1740,1770
2025-12-21,0.1310579925775528,0.010499191998137425,1,0,0.46919693179219674,0.5308030682078033,0.5308030682078033,0.1,scale,0.2503966545801609,1140,1640,1740,1770
2025-12-22,0.132433995604515,-0.024457397725680896,0,0,0.4730545224704213,0.5269454775295788,0.5269454775295788,0.1,scale,0.2503966545801609,1140,1640,1740,1770
2025-12-23,0.1291950047016143,-0.005240175176150164,0,0,0.4792026725582762,0.5207973274417238,0.5207973274417238,0.1,scale,0.2503966545801609,1140,1640,1740,1770
2025-12-24,0.1285180002450943,-0.038694982559967395,0,0,0.46848523739329434,0.5315147626067056,0.5315147626067056,0.1,scale,0.2503966545801609,1140,1640,1740,1770
2025-12-25,0.1235449984669685,-0.012400306381724513,0,1,0.5045157300744733,0.49548426992552674,0.5045157300744733,0.1,scale,0.2503966545801609,1140,1640,1740,1770
2025-12-26,0.1220130026340484,0.018120995281720065,1,1,0.5001332760992238,0.49986672390077624,0.5001332760992238,0.1,scale,0.2503966545801609,1140,1640,1740,1770
2025-12-27,0.1242239996790885,-0.0032119473188574332,0,0,0.4563875162939134,0.5436124837060866,0.5436124837060866,0.1,scale,0.2503966545801609,1140,1640,1740,1770
2025-12-28,0.1238249987363815,-0.008843100669032933,0,0,0.4720588071344011,0.5279411928655988,0.5279411928655988,0.1,scale,0.2503966545801609,1140,1640,1740,1770
2025-12-29,0.1227300018072128,0.0044487972773117335,1,0,0.4984687159905787,0.5015312840094213,0.5015312840094213,0.1,scale,0.2503966545801609,1140,1640,1740,1770
2025-12-30,0.1232760027050972,-0.048525292634244765,0,0,0.46377888161521585,0.5362211183847841,0.5362211183847841,0.1,scale,0.2503966545801609,1140,1640,1740,1770
2025-12-31,0.1172939985990524,0.08002117013258125,1,1,0.5063169787563364,0.4936830212436636,0.5063169787563364,0.1,scale,0.2503966545801609,1140,1640,1740,1770
2026-01-01,0.1266800016164779,0.11835330643329556,1,0,0.4344927063721661,0.5655072936278339,0.5655072936278339,0.1,scale,0.2503966545801609,1140,1640,1740,1770
2026-01-02,0.1416729986667633,0.009776057127025561,1,0,0.4315435863619619,0.5684564136380381,0.5684564136380381,0.1,scale,0.2503966545801609,1140,1640,1740,1770
2026-01-03,0.1430580019950866,0.043688531591195234,1,0,0.444057532485922,0.555942467514078,0.555942467514078,0.1,scale,0.2503966545801609,1140,1640,1740,1770
2026-01-04,0.1493079960346222,0.016810962994603385,1,0,0.4157570366132629,0.5842429633867371,0.5842429633867371,0.1,scale,0.24833350719173575,1170,1670,1770,1800
2026-01-05,0.1518180072307586,-0.00780539782068379,0,0,0.42159863162040645,0.5784013683795936,0.5784013683795936,0.1,scale,0.24833350719173575,1170,1670,1770,1800
2026-01-06,0.1506330072879791,-0.029064054028119846,0,0,0.4426017922492116,0.5573982077507884,0.5573982077507884,0.1,scale,0.24833350719173575,1170,1670,1770,1800
2026-01-07,0.1462550014257431,-0.029127233429380506,0,0,0.46083663448478834,0.5391633655152117,0.5391633655152117,0.1,scale,0.24833350719173575,1170,1670,1770,1800
2026-01-08,0.1419949978590011,-0.010669397383158974,0,0,0.4881036409259225,0.5118963590740775,0.5118963590740775,0.1,scale,0.24833350719173575,1170,1670,1770,1800
2026-01-09,0.1404799968004226,-0.007168213938589574,0,0,0.47235423304380175,0.5276457669561982,0.5276457669561982,0.1,scale,0.24833350719173575,1170,1670,1770,1800
2026-01-10,0.1394730061292648,-0.012446854258203688,0,0,0.45765047510869694,0.5423495248913031,0.5423495248913031,0.1,scale,0.24833350719173575,1170,1670,1770,1800
2026-01-11,0.1377370059490203,-0.008690549576377049,0,0,0.49729134225194316,0.5027086577480568,0.5027086577480568,0.1,scale,0.24833350719173575,1170,1670,1770,1800
2026-01-12,0.1365399956703186,0.08462722649809384,1,0,0.49091439939616927,0.5090856006038307,0.5090856006038307,0.1,scale,0.24833350719173575,1170,1670,1770,1800
2026-01-13,0.1480949968099594,-0.005888119590034324,0,0,0.4082683916318231,0.591731608368177,0.591731608368177,0.1,scale,0.24833350719173575,1170,1670,1770,1800
2026-01-14,0.1472229957580566,-0.04909560435823279,0,0,0.4497258028773219,0.5502741971226781,0.5502741971226781,0.1,scale,0.24833350719173575,1170,1670,1770,1800
2026-01-15,0.1399949938058853,-0.013828984965787328,0,0,0.4843486325092399,0.5156513674907601,0.5156513674907601,0.1,scale,0.24833350719173575,1170,1670,1770,1800
2026-01-16,0.1380590051412582,-0.001933948502658156,0,0,0.473673689162949,0.5263263108370511,0.5263263108370511,0.1,scale,0.24833350719173575,1170,1670,1770,1800
2026-01-17,0.1377920061349868,-0.04450914965991892,0,0,0.4506372768229446,0.5493627231770555,0.5493627231770555,0.1,scale,0.24833350719173575,1170,1670,1770,1800
2026-01-18,0.1316590011119842,-0.01968720226595322,0,1,0.5210326765066253,0.4789673234933747,0.5210326765066253,0.1,scale,0.24833350719173575,1170,1670,1770,1800
2026-01-19,0.1290670037269592,-0.04493790942488274,0,1,0.5279708577913407,0.4720291422086593,0.5279708577913407,0.1,scale,0.24833350719173575,1170,1670,1770,1800
2026-01-20,0.1232670024037361,0.026065335933735723,1,1,0.5058836098497922,0.4941163901502078,0.5058836098497922,0.1,scale,0.24833350719173575,1170,1670,1770,1800
2026-01-21,0.1264799982309341,-0.017971227139152224,0,0,0.46624085338958915,0.5337591466104108,0.5337591466104108,0.1,scale,0.24833350719173575,1170,1670,1770,1800
2026-01-22,0.1242069974541664,0.0035344474862932795,1,0,0.4694198711087704,0.5305801288912295,0.5305801288912295,0.1,scale,0.24833350719173575,1170,1670,1770,1800
2026-01-23,0.1246460005640983,-0.004412511088810023,0,0,0.46609046384253666,0.5339095361574633,0.5339095361574633,0.1,scale,0.24833350719173575,1170,1670,1770,1800
2026-01-24,0.1240959987044334,-0.038655530901603785,0,0,0.44955716608194957,0.5504428339180505,0.5504428339180505,0.1,scale,0.24833350719173575,1170,1670,1770,1800
2026-01-25,0.1192990019917488,0.025155256597206632,1,1,0.5295380024319117,0.47046199756808826,0.5295380024319117,0.1,scale,0.24833350719173575,1170,1670,1770,1800
2026-01-26,0.1222999989986419,0.030335255416627627,1,0,0.44881715666114264,0.5511828433388574,0.5511828433388574,0.1,scale,0.24833350719173575,1170,1670,1770,1800
2026-01-27,0.126010000705719,-0.009023119563577597,0,0,0.4367828816962603,0.5632171183037398,0.5632171183037398,0.1,scale,0.24833350719173575,1170,1670,1770,1800
2026-01-28,0.1248729974031448,-0.062255215788384,0,0,0.4581568609359536,0.5418431390640464,0.5418431390640464,0.1,scale,0.24833350719173575,1170,1670,1770,1800
2026-01-29,0.1170990020036697,-0.012263149368807569,0,1,0.5282778410779768,0.4717221589220232,0.5282778410779768,0.1,scale,0.24833350719173575,1170,1670,1770,1800
2026-01-30,0.1156629994511604,-0.09998012757645014,0,0,0.48680062460843554,0.5131993753915645,0.5131993753915645,0.1,scale,0.24833350719173575,1170,1670,1770,1800
2026-01-31,0.1040989980101585,0.0023535758944124296,1,1,0.5605836384071182,0.4394163615928818,0.5605836384071182,0.1,scale,0.24833350719173575,1170,1670,1770,1800
2026-02-01,0.1043440029025077,0.03373454058479197,1,0,0.4891525454166949,0.510847454583305,0.510847454583305,0.1,scale,0.24833350719173575,1170,1670,1770,1800
2026-02-02,0.107863999903202,-0.020562936594152315,0,0,0.47742838622480493,0.522571613775195,0.522571613775195,0.1,scale,0.24833350719173575,1170,1670,1770,1800
2026-02-03,0.1056459993124008,-0.017785805291924972,0,0,0.4848375026873193,0.5151624973126807,0.5151624973126807,0.1,scale,0.24401889824642797,1200,1700,1800,1830
2026-02-04,0.1037670001387596,-0.14919003737317016,0,0,0.4779938278658152,0.5220061721341849,0.5220061721341849,0.1,scale,0.24401889824642797,1200,1700,1800,1830
2026-02-05,0.0882859975099563,0.11556763440557116,1,1,0.5763084414493707,0.42369155855062934,0.5763084414493707,0.1,scale,0.24401889824642797,1200,1700,1800,1830
2026-02-06,0.0984890013933181,-0.002152512639032489,0,0,0.4119714338886955,0.5880285661113045,0.5880285661113045,0.1,scale,0.24401889824642797,1200,1700,1800,1830
2026-02-07,0.0982770025730133,-0.015659811943672497,0,0,0.4448152398771701,0.5551847601228299,0.5551847601228299,0.1,scale,0.24401889824642797,1200,1700,1800,1830
2026-02-08,0.0967380031943321,-0.0074118402289597984,0,0,0.4420822443987524,0.5579177556012476,0.5579177556012476,0.1,scale,0.24401889824642797,1200,1700,1800,1830
2026-02-09,0.0960209965705871,-0.03459657720682918,0,0,0.46700289438227977,0.5329971056177203,0.5329971056177203,0.1,scale,0.24401889824642797,1200,1700,1800,1830
2026-02-10,0.0926989987492561,-0.01779952481339453,0,0,0.4838730638527608,0.5161269361472391,0.5161269361472391,0.1,scale,0.24401889824642797,1200,1700,1800,1830
2026-02-11,0.0910490006208419,0.021307175957560487,1,0,0.4853409226816292,0.5146590773183708,0.5146590773183708,0.1,scale,0.24401889824642797,1200,1700,1800,1830
2026-02-12,0.0929889976978302,0.03863903611090702,1,0,0.43505116782948566,0.5649488321705143,0.5649488321705143,0.1,scale,0.24401889824642797,1200,1700,1800,1830
2026-02-13,0.0965820029377937,0.15103227898258598,1,0,0.41592693484924514,0.5840730651507549,0.5840730651507549,0.1,scale,0.24401889824642797,1200,1700,1800,1830
2026-02-14,0.1111690029501915,-0.0765681528486547,0,0,0.40203281089305787,0.5979671891069421,0.5979671891069421,0.1,scale,0.24401889824642797,1200,1700,1800,1830
2026-02-15,0.1026569977402687,-0.01631642131747102,0,0,0.4798522161141352,0.5201477838858648,0.5201477838858648,0.1,scale,0.24401889824642797,1200,1700,1800,1830
2026-02-16,0.1009820029139518,-0.003475909492513307,0,0,0.4201259254632247,0.5798740745367753,0.5798740745367753,0.1,scale,0.24401889824642797,1200,1700,1800,1830
2026-02-17,0.1006309986114502,-0.021047181556920425,0,0,0.43643587069207923,0.5635641293079208,0.5635641293079208,0.1,scale,0.24401889824642797,1200,1700,1800,1830
2026-02-18,0.0985129997134208,-0.0022636944209923904,0,0,0.4484305831773735,0.5515694168226265,0.5515694168226265,0.1,scale,0.24401889824642797,1200,1700,1800,1830
2026-02-19,0.0982899963855743,0.018648965378183835,1,0,0.45200063725521633,0.5479993627447837,0.5479993627447837,0.1,scale,0.24401889824642797,1200,1700,1800,1830
2026-02-20,0.1001230031251907,-0.0164298531612892,0,0,0.43761751560924256,0.5623824843907574,0.5623824843907574,0.1,scale,0.24401889824642797,1200,1700,1800,1830
2026-02-21,0.0984779968857765,-0.0307174741836449,0,0,0.4319131306233721,0.5680868693766279,0.5680868693766279,0.1,scale,0.24401889824642797,1200,1700,1800,1830
2026-02-22,0.0954530015587806,-0.030171912155382286,0,0,0.47080746083415864,0.5291925391658414,0.5291925391658414,0.1,scale,0.24401889824642797,1200,1700,1800,1830
2026-02-23,0.0925730019807815,-0.01200134761235827,0,1,0.5131104187603709,0.4868895812396291,0.5131104187603709,0.1,scale,0.24401889824642797,1200,1700,1800,1830
2026-02-24,0.0914620012044906,0.10143011197132124,1,0,0.45721670557066146,0.5427832944293385,0.5427832944293385,0.1,scale,0.24401889824642797,1200,1700,1800,1830
2026-02-25,0.1007390022277832,-0.03682785837692082,0,0,0.40007815124389634,0.5999218487561037,0.5999218487561037,0.1,scale,0.24401889824642797,1200,1700,1800,1830
2026-02-26,0.0970290005207061,-0.03771040063542819,0,0,0.4406950758382777,0.5593049241617223,0.5593049241617223,0.1,scale,0.24401889824642797,1200,1700,1800,1830
2026-02-27,0.0933699980378151,0.007432786178066975,1,0,0.4591711276896839,0.5408288723103161,0.5408288723103161,0.1,scale,0.24401889824642797,1200,1700,1800,1830
2026-02-28,0.0940639972686767,-0.022697245857760784,0,0,0.4571159902012695,0.5428840097987305,0.5428840097987305,0.1,scale,0.24401889824642797,1200,1700,1800,1830
2026-03-01,0.0919290035963058,0.01760051584868272,1,0,0.45381294965353536,0.5461870503464646,0.5461870503464646,0.1,scale,0.24401889824642797,1200,1700,1800,1830
2026-03-02,0.0935470014810562,-0.037563997003425054,0,0,0.4210343569124708,0.5789656430875292,0.5789656430875292,0.1,scale,0.24401889824642797,1200,1700,1800,1830
2026-03-03,0.0900330021977424,0.09990777079656832,1,0,0.4809757504031998,0.5190242495968003,0.5190242495968003,0.1,scale,0.24401889824642797,1200,1700,1800,1830
2026-03-04,0.0990279987454414,-0.05545908067923777,0,0,0.39262675531787083,0.6073732446821292,0.6073732446821292,0.1,scale,0.24401889824642797,1200,1700,1800,1830
2026-03-05,0.0935359969735145,-0.02431148678739803,0,0,0.44035674398365904,0.5596432560163409,0.5596432560163409,0.1,scale,0.23889741763556413,1230,1730,1830,1860
2026-03-06,0.0912619978189468,-0.014518599021077105,0,0,0.4314975177893806,0.5685024822106194,0.5685024822106194,0.1,scale,0.23889741763556413,1230,1730,1830,1860
2026-03-07,0.0899370014667511,-0.008606063718920476,0,0,0.4365204567881356,0.5634795432118644,0.5634795432118644,0.1,scale,0.23889741763556413,1230,1730,1830,1860
2026-03-08,0.0891629979014396,0.013671639820493464,1,0,0.4703939721154172,0.5296060278845828,0.5296060278845828,0.1,scale,0.23889741763556413,1230,1730,1830,1860
2026-03-09,0.0903820022940635,0.04608219676301828,1,0,0.4341787977054942,0.5658212022945057,0.5658212022945057,0.1,scale,0.23889741763556413,1230,1730,1830,1860
2026-03-10,0.0945470035076141,-0.017568009289919306,0,0,0.41286841228416454,0.5871315877158354,0.5871315877158354,0.1,scale,0.23889741763556413,1230,1730,1830,1860
2026-03-11,0.0928860008716583,0.01991690347950459,1,0,0.4223106423597448,0.5776893576402552,0.5776893576402552,0.1,scale,0.23889741763556413,1230,1730,1830,1860
2026-03-12,0.0947360023856163,0.012761761446942188,1,0,0.4008995704335754,0.5991004295664246,0.5991004295664246,0.1,scale,0.23889741763556413,1230,1730,1830,1860
2026-03-13,0.0959450006484985,0.00047944014064826845,1,0,0.435761436969013,0.564238563030987,0.564238563030987,0.1,scale,0.23889741763556413,1230,1730,1830,1860
2026-03-14,0.0959910005331039,0.014615916832547704,1,0,0.404922024484541,0.5950779755154589,0.5950779755154589,0.1,scale,0.23889741763556413,1230,1730,1830,1860
2026-03-15,0.0973939970135688,0.05900779842351622,1,0,0.41899401428009064,0.5810059857199094,0.5810059857199094,0.1,scale,0.23889741763556413,1230,1730,1830,1860
2026-03-16,0.103141002357006,-0.02891193035559092,0,0,0.41602150227344026,0.5839784977265597,0.5839784977265597,0.1,scale,0.23889741763556413,1230,1730,1830,1860
2026-03-17,0.1001589968800544,-0.04968097791039894,0,0,0.43434879228191237,0.5656512077180876,0.5656512077180876,0.1,scale,0.23889741763556413,1230,1730,1830,1860
2026-03-18,0.0951829999685287,-0.017135403889678713,0,0,0.4746883046172923,0.5253116953827077,0.5253116953827077,0.1,scale,0.23889741763556413,1230,1730,1830,1860
2026-03-19,0.0935520008206367,0.006616658982631307,1,0,0.4516134132968342,0.5483865867031659,0.5483865867031659,0.1,scale,0.23889741763556413,1230,1730,1830,1860
2026-03-20,0.0941710025072097,-0.03137913470382836,0,0,0.43924240558476857,0.5607575944152314,0.5607575944152314,0.1,scale,0.23889741763556413,1230,1730,1830,1860
2026-03-21,0.0912159979343414,-0.012190834714008614,0,0,0.46315297739638983,0.5368470226036102,0.5368470226036102,0.1,scale,0.23889741763556413,1230,1730,1830,1860
2026-03-22,0.0901039987802505,0.04532538573855138,1,0,0.48697378930187196,0.513026210698128,0.513026210698128,0.1,scale,0.23889741763556413,1230,1730,1830,1860
2026-03-23,0.0941879972815513,0.009714675218892355,1,0,0.43018448386981,0.56981551613019,0.56981551613019,0.1,scale,0.23889741763556413,1230,1730,1830,1860
2026-03-24,0.0951030030846595,0.010683137126544562,1,0,0.41394868507949484,0.5860513149205051,0.5860513149205051,0.1,scale,0.23889741763556413,1230,1730,1830,1860
2026-03-25,0.0961190015077591,-0.042624243907816384,0,0,0.4230935697090393,0.5769064302909608,0.5769064302909608,0.1,scale,0.23889741763556413,1230,1730,1830,1860
2026-03-26,0.0920220017433166,-0.021788304478412623,0,0,0.4674756695624215,0.5325243304375785,0.5325243304375785,0.1,scale,0.23889741763556413,1230,1730,1830,1860
2026-03-27,0.0900169983506202,0.009664888990344789,1,0,0.4541499559487613,0.5458500440512387,0.5458500440512387,0.1,scale,0.23889741763556413,1230,1730,1830,1860
2026-03-28,0.090887002646923,-0.005391335612875747,0,0,0.4469214060778103,0.5530785939221897,0.5530785939221897,0.1,scale,0.23889741763556413,1230,1730,1830,1860
2026-03-29,0.0903970003128051,0.0034735363738869207,1,0,0.4414516985676745,0.5585483014323255,0.5585483014323255,0.1,scale,0.23889741763556413,1230,1730,1830,1860
2026-03-30,0.0907109975814819,0.01650296541509877,1,0,0.4613126502156343,0.5386873497843657,0.5386873497843657,0.1,scale,0.23889741763556413,1230,1730,1830,1860
2026-03-31,0.0922079980373382,-0.00018430911312827813,0,0,0.4266227018954465,0.5733772981045535,0.5733772981045535,0.1,scale,0.23889741763556413,1230,1730,1830,1860
2026-04-01,0.0921910032629966,-0.019709112908889548,0,0,0.4330312123826789,0.5669687876173211,0.5669687876173211,0.1,scale,0.23889741763556413,1230,1730,1830,1860
2026-04-02,0.0903740003705024,0.012846633079394376,1,0,0.45450170644813037,0.5454982935518696,0.5454982935518696,0.1,scale,0.23889741763556413,1230,1730,1830,1860
2026-04-03,0.0915350019931793,0.005276656774342969,1,0,0.42627718119795577,0.5737228188020442,0.5737228188020442,0.1,scale,0.23889741763556413,1230,1730,1830,1860
2026-04-04,0.0920180007815361,0.002705974933538746,1,0,0.43488941723431673,0.5651105827656833,0.5651105827656833,0.1,scale,0.24143847140307906,1260,1760,1860,1890
2026-04-05,0.0922669991850853,-0.018121318647883022,0,0,0.4536608247443079,0.5463391752556921,0.5463391752556921,0.1,scale,0.24143847140307906,1260,1760,1860,1890
2026-04-06,0.0905949994921684,0.04902037139000037,1,0,0.48536123111386764,0.5146387688861324,0.5146387688861324,0.1,scale,0.24143847140307906,1260,1760,1860,1890
2026-04-07,0.0950360000133514,-0.027768457191382767,0,0,0.41897149791451394,0.5810285020854861,0.5810285020854861,0.1,scale,0.24143847140307906,1260,1760,1860,1890
2026-04-08,0.0923969969153404,0.0014394441234661937,1,0,0.46131089960053717,0.5386891003994628,0.5386891003994628,0.1,scale,0.24143847140307906,1260,1760,1860,1890
2026-04-09,0.0925299972295761,0.013012065383456672,1,0,0.44486616058102274,0.5551338394189773,0.5551338394189773,0.1,scale,0.24143847140307906,1260,1760,1860,1890
2026-04-10,0.0937340036034584,-0.006635844481635456,0,0,0.4364196976796763,0.5635803023203236,0.5635803023203236,0.1,scale,0.24143847140307906,1260,1760,1860,1890
2026-04-11,0.0931119993329048,-0.024465161661965107,0,0,0.44403850759190094,0.5559614924080991,0.5559614924080991,0.1,scale,0.24143847140307906,1260,1760,1860,1890
2026-04-12,0.0908339992165565,0.036241955790137226,1,0,0.4776382924717815,0.5223617075282185,0.5223617075282185,0.1,scale,0.24143847140307906,1260,1760,1860,1890
2026-04-13,0.0941260010004043,-0.011835235199959437,0,0,0.42915923037597664,0.5708407696240234,0.5708407696240234,0.1,scale,0.24143847140307906,1260,1760,1860,1890
2026-04-14,0.0930119976401329,0.020502794848932027,1,0,0.4720699426777496,0.5279300573222504,0.5279300573222504,0.1,scale,0.24143847140307906,1260,1760,1860,1890
2026-04-15,0.0949190035462379,0.04505945259950028,1,0,0.41964375643339435,0.5803562435666056,0.5803562435666056,0.1,scale,0.24143847140307906,1260,1760,1860,1890
2026-04-16,0.0991960018873214,0.0035182879317809945,1,0,0.43211793747941246,0.5678820625205876,0.5678820625205876,0.1,scale,0.24143847140307906,1260,1760,1860,1890
2026-04-17,0.0995450019836425,-0.046622169011452885,0,0,0.4325415538208126,0.5674584461791874,0.5674584461791874,0.1,scale,0.24143847140307906,1260,1760,1860,1890
2026-04-18,0.0949039980769157,-0.019430122896428648,0,0,0.4632611728075973,0.5367388271924027,0.5367388271924027,0.1,scale,0.24143847140307906,1260,1760,1860,1890
2026-04-19,0.0930600017309188,0.02349022465589745,1,0,0.47779033101768814,0.5222096689823119,0.5222096689823119,0.1,scale,0.24143847140307906,1260,1760,1860,1890
2026-04-20,0.0952460020780563,-0.000997441899068141,0,0,0.4330997169972818,0.5669002830027182,0.5669002830027182,0.1,scale,0.24143847140307906,1260,1760,1860,1890
2026-04-21,0.0951509997248649,0.006169156862320335,1,0,0.44274462494599687,0.5572553750540031,0.5572553750540031,0.1,scale,0.24143847140307906,1260,1760,1860,1890
2026-04-22,0.0957380011677742,0.01530218089288482,1,0,0.46009422870614913,0.5399057712938509,0.5399057712938509,0.1,scale,0.24143847140307906,1260,1760,1860,1890
2026-04-23,0.0972030013799667,0.012890562782004178,1,0,0.4363882968651244,0.5636117031348755,0.5636117031348755,0.1,scale,0.24143847140307906,1260,1760,1860,1890
2026-04-24,0.0984560027718544,-0.004143995618160923,0,0,0.4335959272360574,0.5664040727639426,0.5664040727639426,0.1,scale,0.24143847140307906,1260,1760,1860,1890
2026-04-25,0.0980480015277862,0.012657050497804523,1,0,0.43538532053153806,0.5646146794684619,0.5646146794684619,0.1,scale,0.24143847140307906,1260,1760,1860,1890
2026-04-26,0.0992890000343322,-0.0031322919474390254,0,0,0.44289467426952944,0.5571053257304706,0.5571053257304706,0.1,scale,0.24143847140307906,1260,1760,1860,1890
2026-04-27,0.0989779978990554,0.004051457469332442,1,0,0.4613973206097593,0.5386026793902408,0.5386026793902408,0.1,scale,0.24143847140307906,1260,1760,1860,1890
2026-04-28,0.0993790030479431,0.046679877622722854,1,0,0.4489550205629425,0.5510449794370575,0.5510449794370575,0.1,scale,0.24143847140307906,1260,1760,1860,1890
2026-04-29,0.1040180027484893,0.02379396693374347,1,0,0.4386944235668844,0.5613055764331156,0.5613055764331156,0.1,scale,0.24143847140307906,1260,1760,1860,1890
2026-04-30,0.1064930036664009,0.01785087491304438,1,0,0.4183729262855776,0.5816270737144225,0.5816270737144225,0.1,scale,0.24143847140307906,1260,1760,1860,1890
2026-05-01,0.1083939969539642,0.00047977797689835455,1,0,0.42552616386397557,0.5744738361360244,0.5744738361360244,0.1,scale,0.24143847140307906,1260,1760,1860,1890
2026-05-02,0.1084460020065307,-0.0015860806343995781,0,0,0.44102825576908544,0.5589717442309146,0.5589717442309146,0.1,scale,0.24143847140307906,1260,1760,1860,1890
2026-05-03,0.1082739979028701,0.017529652931506767,1,0,0.4520535344122632,0.5479464655877369,0.5479464655877369,0.1,scale,0.24143847140307906,1260,1760,1860,1890
2026-05-04,0.1101720035076141,0.0427694231622886,1,0,0.46720715864769596,0.532792841352304,0.532792841352304,0.1,scale,0.24663119628126368,1290,1790,1890,1920
2026-05-05,0.1148839965462684,-0.02138672868696001,0,0,0.45200909614441903,0.547990903855581,0.547990903855581,0.1,scale,0.24663119628126368,1290,1790,1890,1920
2026-05-06,0.1124270036816597,-0.04106669603770097,0,0,0.47493919099051446,0.5250608090094855,0.5250608090094855,0.1,scale,0.24663119628126368,1290,1790,1890,1920
2026-05-07,0.1078099980950355,0.015267643505227024,1,0,0.4833352994865387,0.5166647005134613,0.5166647005134613,0.1,scale,0.24663119628126368,1290,1790,1890,1920
2026-05-08,0.1094560027122497,-0.006751577979782986,0,0,0.46005830145787774,0.5399416985421223,0.5399416985421223,0.1,scale,0.24663119628126368,1290,1790,1890,1920
2026-05-09,0.1087170019745826,0.03496229273132401,1,0,0.46738231384665335,0.5326176861533467,0.5326176861533467,0.1,scale,0.24663119628126368,1290,1790,1890,1920
2026-05-10,0.1125179976224899,-0.011047079475377641,0,0,0.45468554149252594,0.5453144585074741,0.5453144585074741,0.1,scale,0.24663119628126368,1290,1790,1890,1920
2026-05-11,0.1112750023603439,-0.011314303145922744,0,0,0.4707760050115432,0.5292239949884567,0.5292239949884567,0.1,scale,0.24663119628126368,1290,1790,1890,1920
2026-05-12,0.1100160032510757,0.024487308698614818,1,0,0.4679622389938033,0.5320377610061967,0.5320377610061967,0.1,scale,0.24663119628126368,1290,1790,1890,1920
2026-05-13,0.1127099990844726,0.022890621694800828,1,0,0.4606570779569735,0.5393429220430265,0.5393429220430265,0.1,scale,0.24663119628126368,1290,1790,1890,1920
2026-05-14,0.1152900010347366,-0.01674910407560759,0,0,0.4518247672292191,0.548175232770781,0.548175232770781,0.1,scale,0.24663119628126368,1290,1790,1890,1920
2026-05-15,0.1133589968085289,-0.035259645764348146,0,0,0.45851167145352967,0.5414883285464703,0.5414883285464703,0.1,scale,0.24663119628126368,1290,1790,1890,1920
2026-05-16,0.1093619987368583,-0.005367508363866125,0,0,0.4798459232230302,0.5201540767769698,0.5201540767769698,0.1,scale,0.24663119628126368,1290,1790,1890,1920
2026-05-17,0.1087749972939491,-0.03791313050903755,0,0,0.47695183534100744,0.5230481646589926,0.5230481646589926,0.1,scale,0.24663119628126368,1290,1790,1890,1920
2026-05-18,0.1046509966254234,-0.016512009559435104,0,1,0.5273640559959075,0.4726359440040925,0.5273640559959075,0.1,scale,0.24663119628126368,1290,1790,1890,1920
2026-05-19,0.10292299836874,0.006325135689348782,1,0,0.4801661082103933,0.5198338917896067,0.5198338917896067,0.1,scale,0.24663119628126368,1290,1790,1890,1920
2026-05-20,0.1035740002989769,0.018537468024057535,1,0,0.48189187342568574,0.5181081265743143,0.5181081265743143,0.1,scale,0.24663119628126368,1290,1790,1890,1920
2026-05-21,0.1054940000176429,-0.030703152339844997,0,0,0.466273280101481,0.5337267198985189,0.5337267198985189,0.1,scale,0.24663119628126368,1290,1790,1890,1920
2026-05-22,0.1022550016641616,0.007109655669589543,1,0,0.48780112974942413,0.5121988702505759,0.5121988702505759,0.1,scale,0.24663119628126368,1290,1790,1890,1920
2026-05-23,0.1029819995164871,-0.007651853818656296,0,0,0.4795017870136147,0.5204982129863853,0.5204982129863853,0.1,scale,0.24663119628126368,1290,1790,1890,1920
2026-05-24,0.102193996310234,-0.0012426869567657706,0,0,0.4635599180237494,0.5364400819762506,0.5364400819762506,0.1,scale,0.24663119628126368,1290,1790,1890,1920
2026-05-25,0.1020670011639595,-0.01134547919984541,0,0,0.4670546560619062,0.5329453439380938,0.5329453439380938,0.1,scale,0.24663119628126368,1290,1790,1890,1920
2026-05-26,0.1009090021252632,-0.004885638622077693,0,0,0.4952156978569144,0.5047843021430856,0.5047843021430856,0.1,scale,0.24663119628126368,1290,1790,1890,1920
2026-05-27,0.1004159972071647,-0.009988420051126434,0,0,0.47822777101344094,0.5217722289865591,0.5217722289865591,0.1,scale,0.24663119628126368,1290,1790,1890,1920
2026-05-28,0.0994130000472068,0.002273329052932649,1,0,0.48898561177852873,0.5110143882214713,0.5110143882214713,0.1,scale,0.24663119628126368,1290,1790,1890,1920
2026-05-29,0.0996389985084533,0.007487071273251766,1,0,0.46984876416707877,0.5301512358329212,0.5301512358329212,0.1,scale,0.24663119628126368,1290,1790,1890,1920
2026-05-30,0.1003850027918815,-0.0012850460613379466,0,0,0.46326338886356133,0.5367366111364387,0.5367366111364387,0.1,scale,0.24663119628126368,1290,1790,1890,1920
2026-05-31,0.1002560034394264,0.0047877053533877945,1,0,0.4684941029893301,0.5315058970106699,0.5315058970106699,0.1,scale,0.24663119628126368,1290,1790,1890,1920
2026-06-01,0.1007359996438026,-0.0809839417118694,0,0,0.4886374977014003,0.5113625022985997,0.5113625022985997,0.1,scale,0.24663119628126368,1290,1790,1890,1920
2026-06-02,0.092578001320362,-0.013178106602258821,0,1,0.5437298957563856,0.45627010424361436,0.5437298957563856,0.1,scale,0.24663119628126368,1290,1790,1890,1920
2026-06-03,0.0913579985499382,-0.0325970042235838,0,0,0.4900623391434156,0.5099376608565844,0.5099376608565844,1.0,0.1,0.2519409801475642,1320,1820,1920,1950
2026-06-04,0.0883800014853477,-0.0794297802179923,0,1,0.5083172710324436,0.4916827289675564,0.5083172710324436,1.0,0.1,0.2519409801475642,1320,1820,1920,1950
2026-06-05,0.0813599973917007,0.006059549335098557,1,1,0.517179919293036,0.482820080706964,0.517179919293036,1.0,0.1,0.2519409801475642,1320,1820,1920,1950
2026-06-06,0.0818530023097992,0.051751281889772294,1,0,0.4984626782136164,0.5015373217863837,0.5015373217863837,1.0,0.1,0.2519409801475642,1320,1820,1920,1950
2026-06-07,0.0860890001058578,0.00231153291266617,1,0,0.45393010895214897,0.546069891047851,0.546069891047851,1.0,0.1,0.2519409801475642,1320,1820,1920,1950
2026-06-08,0.086287997663021,-0.017395165118073708,0,0,0.46736198556239367,0.5326380144376064,0.5326380144376064,1.0,0.1,0.2519409801475642,1320,1820,1920,1950
2026-06-09,0.0847870036959648,-0.021607095797430365,0,0,0.48619761915025406,0.5138023808497459,0.5138023808497459,1.0,0.1,0.2519409801475642,1320,1820,1920,1950
2026-06-10,0.082955002784729,0.036405230378356856,1,0,0.4874670383220095,0.5125329616779906,0.5125329616779906,1.0,0.1,0.2519409801475642,1320,1820,1920,1950
2026-06-11,0.0859749987721443,-0.00012790994031008918,0,0,0.44253313159820384,0.5574668684017962,0.5574668684017962,1.0,0.1,0.2519409801475642,1320,1820,1920,1950
2026-06-12,0.0859640017151832,0.02218368639750845,1,0,0.47270528675785517,0.5272947132421448,0.5272947132421448,1.0,0.1,0.2519409801475642,1320,1820,1920,1950
2026-06-13,0.0878710001707077,0.010185396689085913,1,0,0.442395510391902,0.557604489608098,0.557604489608098,1.0,0.1,0.2519409801475642,1320,1820,1920,1950
2026-06-14,0.0887660011649131,-0.007401478482698565,0,0,0.4491327695579681,0.5508672304420319,0.5508672304420319,1.0,0.1,0.2519409801475642,1320,1820,1920,1950
2026-06-15,0.0881090015172958,-0.011281529606055885,0,0,0.4742496241684165,0.5257503758315836,0.5257503758315836,1.0,0.1,0.2519409801475642,1320,1820,1920,1950
2026-06-16,0.0871149972081184,-0.015129430055154436,0,0,0.4557291279574759,0.5442708720425241,0.5442708720425241,1.0,0.1,0.2519409801475642,1320,1820,1920,1950
2026-06-17,0.0857969969511032,-0.027646616145678538,0,0,0.46883597941623023,0.5311640205837698,0.5311640205837698,1.0,0.1,0.2519409801475642,1320,1820,1920,1950
2026-06-18,0.0834250003099441,0.0012346038452411001,1,0,0.48374526083336733,0.5162547391666327,0.5162547391666327,1.0,0.1,0.2519409801475642,1320,1820,1920,1950
2026-06-19,0.083527997136116,0.000814115643133162,1,0,0.46195388716339214,0.5380461128366079,0.5380461128366079,1.0,0.1,0.2519409801475642,1320,1820,1920,1950
2026-06-20,0.0835959985852241,-0.01703430416846996,0,0,0.4698733043658303,0.5301266956341697,0.5301266956341697,1.0,0.1,0.2519409801475642,1320,1820,1920,1950
2026-06-21,0.0821719989180564,0.0028476900633871427,1,0,0.4696554575856537,0.5303445424143463,0.5303445424143463,1.0,0.1,0.2519409801475642,1320,1820,1920,1950
2026-06-22,0.082405999302864,-0.043261395258340274,0,0,0.47024416812700914,0.5297558318729909,0.5297558318729909,1.0,0.1,0.2519409801475642,1320,1820,1920,1950
2026-06-23,0.0788410007953643,-0.03589501278603113,0,0,0.49904211254379716,0.5009578874562028,0.5009578874562028,1.0,0.1,0.2519409801475642,1320,1820,1920,1950
2026-06-24,0.0760110020637512,-0.016102981133940597,0,1,0.5007304394651488,0.49926956053485116,0.5007304394651488,1.0,0.1,0.2519409801475642,1320,1820,1920,1950
2026-06-25,0.0747869983315467,0.011699943244203093,1,0,0.48876430426767603,0.511235695732324,0.511235695732324,1.0,0.1,0.2519409801475642,1320,1820,1920,1950
2026-06-26,0.0756620019674301,-0.016283016887339796,0,0,0.4711374898719647,0.5288625101280353,0.5288625101280353,1.0,0.1,0.2519409801475642,1320,1820,1920,1950
2026-06-27,0.0744299963116645,-0.01796317753313892,0,0,0.4828037410360447,0.5171962589639554,0.5171962589639554,1.0,0.1,0.2519409801475642,1320,1820,1920,1950
2026-06-28,0.0730929970741272,0.002626810633965082,1,0,0.49008411897664855,0.5099158810233515,0.5099158810233515,1.0,0.1,0.2519409801475642,1320,1820,1920,1950
2026-06-29,0.0732849985361099,-0.017616147625299727,0,0,0.48027836411756597,0.519721635882434,0.519721635882434,1.0,0.1,0.2519409801475642,1320,1820,1920,1950
2026-06-30,0.0719939991831779,0.0025418946398014786,1,0,0.48804416204877876,0.5119558379512212,0.5119558379512212,1.0,0.1,0.2519409801475642,1320,1820,1920,1950
2026-07-01,0.0721770003437995,0.026365704929262712,1,0,0.479650915379668,0.520349084620332,0.520349084620332,1.0,0.1,0.2519409801475642,1320,1820,1920,1950
2026-07-02,0.0740799978375434,0.04603137390500467,1,0,0.4576792813347135,0.5423207186652865,0.5423207186652865,1.0,0.1,0.2519409801475642,1320,1820,1920,1950
2026-07-03,0.0774900019168853,0.0012775308032328958,1,0,0.43083108389837266,0.5691689161016273,0.5691689161016273,1.0,0.1,0.25071485121487,1350,1850,1950,1980
2026-07-04,0.0775889977812767,0.001868862902264512,1,0,0.4437738373384548,0.5562261626615452,0.5562261626615452,1.0,0.1,0.25071485121487,1350,1850,1950,1980
2026-07-05,0.077734000980854,-0.014806943280834095,0,0,0.44703792079108784,0.5529620792089122,0.5529620792089122,1.0,0.1,0.25071485121487,1350,1850,1950,1980
2026-07-06,0.0765829980373382,-0.03132545874049819,0,0,0.46412195016071967,0.5358780498392803,0.5358780498392803,1.0,0.1,0.25071485121487,1350,1850,1950,1980
2026-07-07,0.0741840004920959,-0.02524805138353614,0,0,0.46912006874595263,0.5308799312540473,0.5308799312540473,1.0,0.1,0.25071485121487,1350,1850,1950,1980
2026-07-08,0.0723109990358352,0.007578344384549629,1,0,0.47761477518799333,0.5223852248120067,0.5223852248120067,1.0,0.1,0.25071485121487,1350,1850,1950,1980
2026-07-09,0.0728589966893196,0.016305502144448925,1,0,0.46079201143999876,0.5392079885600012,0.5392079885600012,1.0,0.1,0.25071485121487,1350,1850,1950,1980
2026-07-10,0.0740469992160797,-0.010506800879818146,0,0,0.4558500459488483,0.5441499540511516,0.5441499540511516,1.0,0.1,0.25071485121487,1350,1850,1950,1980
2026-07-11,0.0732690021395683,-0.007997967052875032,0,0,0.4628767081392915,0.5371232918607085,0.5371232918607085,1.0,0.1,0.25071485121487,1350,1850,1950,1980
2026-07-12,0.072682999074459,-0.011446953142722815,0,0,0.4652534033475284,0.5347465966524716,0.5347465966524716,1.0,0.1,0.25071485121487,1350,1850,1950,1980
2026-07-13,0.0718510001897811,0.03604682777670565,1,0,0.4711992140551987,0.5288007859448013,0.5288007859448013,1.0,0.1,0.25071485121487,1350,1850,1950,1980
2026-07-14,0.0744410008192062,-0.005333138764097245,0,0,0.44799624745751027,0.5520037525424897,0.5520037525424897,1.0,0.1,0.25071485121487,1350,1850,1950,1980
2026-07-15,0.0740439966320991,-0.02299975940874366,0,0,0.4603553492940184,0.5396446507059816,0.5396446507059816,1.0,0.1,0.25071485121487,1350,1850,1950,1980
2026-07-16,0.072341002523899,0.0023499798392183635,1,0,0.4623086507392459,0.5376913492607541,0.5376913492607541,1.0,0.1,0.25071485121487,1350,1850,1950,1980
2026-07-17,0.072511002421379,-0.0005792075881221326,0,0,0.45941688476857384,0.5405831152314262,0.5405831152314262,1.0,0.1,0.25071485121487,1350,1850,1950,1980
2026-07-18,0.0724690034985542,-0.0021940806806067803,0,0,0.45584572000933893,0.5441542799906611,0.5441542799906611,1.0,0.1,0.25071485121487,1350,1850,1950,1980
2026-07-19,0.0723100006580352,-0.002364794270832249,0,0,0.46200511184186177,0.5379948881581382,0.5379948881581382,1.0,0.1,0.25071485121487,1350,1850,1950,1980
2026-07-20,0.0721390023827552,0.01584442509878592,1,0,0.466663895885191,0.533336104114809,0.533336104114809,1.0,0.1,0.25071485121487,1350,1850,1950,1980
2026-07-21,0.0732820034027099,-0.004503167223546489,0,0,0.44632879156731686,0.5536712084326831,0.5536712084326831,1.0,0.1,0.25071485121487,1350,1850,1950,1980
2026-07-22,0.072952002286911,-0.05234953916947249,0,0,0.45722450709458207,0.5427754929054179,0.5427754929054179,1.0,0.1,0.25071485121487,1350,1850,1950,1980
2026-07-23,0.0691329985857009,0.005612426680219773,1,0,0.48577011939430637,0.5142298806056936,0.5142298806056936,1.0,0.1,0.25071485121487,1350,1850,1950,1980
2026-07-24,0.0695210024714469,0.030983444238428248,1,0,0.46240932916380306,0.5375906708361969,0.5375906708361969,1.0,0.1,0.25071485121487,1350,1850,1950,1980
2026-07-25,0.0716750025749206,0.022629909846678453,1,0,0.4464124357856316,0.5535875642143684,0.5535875642143684,1.0,0.1,0.25071485121487,1350,1850,1950,1980
2026-07-26,0.0732970014214515,-0.04042456019192131,0,0,0.4420379119184744,0.5579620880815256,0.5579620880815256,1.0,0.1,0.25071485121487,1350,1850,1950,1980
2026-07-27,0.0703340023756027,0.005914574785991444,1,0,0.4713438985166227,0.5286561014833773,0.5286561014833773,1.0,0.1,0.25071485121487,1350,1850,1950,1980
2026-07-28,0.0707499980926513,-0.009554751185353205,0,0,0.4552492565175892,0.5447507434824108,0.5447507434824108,1.0,0.1,0.25071485121487,1350,1850,1950,1980
2026-07-29,0.0700739994645118,0.006821352462097918,1,0,0.46229959630062556,0.5377004036993744,0.5377004036993744,1.0,0.1,0.25071485121487,1350,1850,1950,1980
2026-07-30,0.0705519989132881,-0.0146275411911444,0,0,0.45205430518621686,0.5479456948137831,0.5479456948137831,1.0,0.1,0.25071485121487,1350,1850,1950,1980
2026-07-31,0.0695199966430664,-0.0064441309313150175,0,0,0.46827848266513356,0.5317215173348664,0.5317215173348664,1.0,0.1,0.25071485121487,1350,1850,1950,1980
2026-08-01,0.0690720006823539,0.023265589702251566,1,0,0.4590765485828057,0.5409234514171943,0.5409234514171943,1.0,0.1,0.25071485121487,1350,1850,1950,1980
2026-08-02,0.0706790015101432,-0.007569487818054665,0,0,0.44491382839319765,0.5550861716068023,0.5550861716068023,10.0,scale,0.24717979070006973,1380,1880,1980,2010
2026-08-03,0.0701439976692199,-0.0014398961269386223,0,0,0.4614126366618305,0.5385873633381695,0.5385873633381695,10.0,scale,0.24717979070006973,1380,1880,1980,2010
2026-08-04,0.070042997598648,-0.0008708636899940059,0,0,0.45781185128369983,0.5421881487163002,0.5421881487163002,10.0,scale,0.24717979070006973,1380,1880,1980,2010
2026-08-05,0.069981999695301,-0.014203607540862362,0,0,0.45957651623689655,0.5404234837631035,0.5404234837631035,10.0,scale,0.24717979070006973,1380,1880,1980,2010
2026-08-06,0.0689880028367042,0.009204471168960282,1,0,0.4647887132555943,0.5352112867444057,0.5352112867444057,10.0,scale,0.24717979070006973,1380,1880,1980,2010
2026-08-07,0.0696230009198188,0.011030814345890816,1,0,0.45449731901168416,0.5455026809883159,0.5455026809883159,10.0,scale,0.24717979070006973,1380,1880,1980,2010
2026-08-08,0.0703909993171691,-0.01613839106154613,0,0,0.45242636921578044,0.5475736307842196,0.5475736307842196,10.0,scale,0.24717979070006973,1380,1880,1980,2010
2026-08-09,0.0692550018429756,0.00625222627172195,1,0,0.4693178356257415,0.5306821643742585,0.5306821643742585,10.0,scale,0.24717979070006973,1380,1880,1980,2010
2026-08-10,0.0696879997849464,0.03075139268060223,1,0,0.4504966572158538,0.5495033427841463,0.5495033427841463,10.0,scale,0.24717979070006973,1380,1880,1980,2010
2026-08-11,0.071831002831459,-0.031170437405106388,0,0,0.43276473344809496,0.567235266551905,0.567235266551905,10.0,scale,0.24717979070006973,1380,1880,1980,2010
2026-08-12,0.069591999053955,0.0071416030011306475,1,0,0.47011559928753965,0.5298844007124603,0.5298844007124603,10.0,scale,0.24717979070006973,1380,1880,1980,2010
2026-08-13,0.0700889974832534,-0.0012412851196934582,0,0,0.45691066437044425,0.5430893356295557,0.5430893356295557,10.0,scale,0.24717979070006973,1380,1880,1980,2010
2026-08-14,0.0700019970536232,-0.006456914681259085,0,0,0.4603907147083856,0.5396092852916143,0.5396092852916143,10.0,scale,0.24717979070006973,1380,1880,1980,2010
2026-08-15,0.0695500001311302,-0.000977734708553557,0,0,0.46239477937362,0.5376052206263799,0.5376052206263799,10.0,scale,0.24717979070006973,1380,1880,1980,2010
2026-08-16,0.0694819986820221,0.012463707880445263,1,0,0.46335397936124373,0.5366460206387562,0.5366460206387562,10.0,scale,0.24717979070006973,1380,1880,1980,2010
2026-08-17,0.0703480020165443,-0.0019190953054295523,0,0,0.45375536346382744,0.5462446365361726,0.5462446365361726,10.0,scale,0.24717979070006973,1380,1880,1980,2010
2026-08-18,0.070212997496128,0.067779561789588,1,0,0.4551775321144505,0.5448224678855496,0.5448224678855496,10.0,scale,0.24717979070006973,1380,1880,1980,2010
2026-08-19,0.074972003698349,0.07269374072553192,1,0,0.4328105830720488,0.5671894169279512,0.5671894169279512,10.0,scale,0.24717979070006973,1380,1880,1980,2010
2026-08-20,0.0804219990968704,0.13932758189737338,1,0,0.42635158508851506,0.5736484149114849,0.5736484149114849,10.0,scale,0.24717979070006973,1380,1880,1980,2010
2026-08-21,0.0916270017623901,0.0035470087416065166,1,0,0.4547399648996733,0.5452600351003267,0.5452600351003267,10.0,scale,0.24717979070006973,1380,1880,1980,2010
2026-08-22,0.0919520035386085,0.015943084800506435,1,0,0.4741796324466874,0.5258203675533126,0.5258203675533126,10.0,scale,0.24717979070006973,1380,1880,1980,2010
2026-08-23,0.093418002128601,-0.03755166548203437,0,0,0.44297990167303736,0.5570200983269626,0.5570200983269626,10.0,scale,0.24717979070006973,1380,1880,1980,2010
2026-08-24,0.0899100005626678,-0.04664663382256984,0,0,0.42664660858435394,0.5733533914156461,0.5733533914156461,10.0,scale,0.24717979070006973,1380,1880,1980,2010
2026-08-25,0.085716001689434,0.02362453580552537,1,0,0.4380756044759675,0.5619243955240325,0.5619243955240325,10.0,scale,0.24717979070006973,1380,1880,1980,2010
2026-08-26,0.0877410024404525,0.015978824764584676,1,0,0.4355450982132042,0.5644549017867958,0.5644549017867958,10.0,scale,0.24717979070006973,1380,1880,1980,2010
2026-08-27,0.0891430005431175,-0.04401912947819053,0,0,0.45112000125328255,0.5488799987467174,0.5488799987467174,10.0,scale,0.24717979070006973,1380,1880,1980,2010
2026-08-28,0.0852190032601356,0.0007274936196772774,1,1,0.5015013572978081,0.4984986427021919,0.5015013572978081,10.0,scale,0.24717979070006973,1380,1880,1980,2010
2026-08-29,0.0852809995412826,-0.03733537581221125,0,0,0.45658793541854864,0.5434120645814513,0.5434120645814513,10.0,scale,0.24717979070006973,1380,1880,1980,2010
2026-08-30,0.0820970013737678,0.0087335610456718,1,1,0.516486350103533,0.48351364989646695,0.516486350103533,10.0,scale,0.24717979070006973,1380,1880,1980,2010
2026-08-31,0.0828140005469322,-0.014116013458080778,0,0,0.4761070483372245,0.5238929516627755,0.5238929516627755,10.0,scale,0.24717979070006973,1380,1880,1980,2010
