timestamp,close,future_return_1d,y_true,prediction,prob_positive,prob_negative,confidence,selected_C,selected_gamma,validation_brier,fold_start,train_end,validation_end,test_end
2022-10-22,0.0596939995884895,0.010939100920333011,1,1,0.5058456781443619,0.4941543218556381,0.5058456781443619,0.1,scale,0.2498998791020497,0,500,600,630
2022-10-23,0.0603469982743263,-0.013936056640563521,0,1,0.5063433109583739,0.4936566890416261,0.5063433109583739,0.1,scale,0.2498998791020497,0,500,600,630
2022-10-24,0.0595059990882873,0.056733769388337185,1,1,0.5079136321008749,0.4920863678991251,0.5079136321008749,0.1,scale,0.2498998791020497,0,500,600,630
2022-10-25,0.0628819987177848,0.15772406215776358,1,1,0.506894367402959,0.493105632597041,0.506894367402959,0.1,scale,0.2498998791020497,0,500,600,630
2022-10-26,0.0728000029921531,0.057939519505118,1,1,0.5057628020225838,0.49423719797741616,0.5057628020225838,0.1,scale,0.2498998791020497,0,500,600,630
2022-10-27,0.0770180001854896,0.08931680697087518,1,1,0.5094637696606098,0.4905362303393902,0.5094637696606098,0.1,scale,0.2498998791020497,0,500,600,630
2022-10-28,0.0838970020413398,0.44943197283593594,1,1,0.5099117327077543,0.49008826729224575,0.5099117327077543,0.1,scale,0.2498998791020497,0,500,600,630
2022-10-29,0.1216029971837997,-0.03125741746449062,0,1,0.5136354827029205,0.4863645172970795,0.5136354827029205,0.1,scale,0.2498998791020497,0,500,600,630
2022-10-30,0.1178020015358924,0.07830091953655227,1,1,0.5099630728834109,0.4900369271165891,0.5099630728834109,0.1,scale,0.2498998791020497,0,500,600,630
2022-10-31,0.1270260065793991,0.12240791941318796,1,1,0.512596335742343,0.487403664257657,0.512596335742343,0.1,scale,0.2498998791020497,0,500,600,630
2022-11-01,0.1425749957561493,-0.1034192352336103,0,1,0.5100486677214586,0.4899513322785414,0.5100486677214586,0.1,scale,0.2498998791020497,0,500,600,630
2022-11-02,0.1278299987316131,-0.040976270282330085,0,1,0.5091685573529435,0.49083144264705647,0.5091685573529435,0.1,scale,0.2498998791020497,0,500,600,630
2022-11-03,0.1225920021533966,0.030083468963815196,1,1,0.5128332116402735,0.4871667883597265,0.5128332116402735,0.1,scale,0.2498998791020497,0,500,600,630
2022-11-04,0.1262799948453903,-0.014982523467147235,0,1,0.5097120774135729,0.49028792258642706,0.5097120774135729,0.1,scale,0.2498998791020497,0,500,600,630
2022-11-05,0.124388001859188,-0.07864103635353514,0,1,0.5107064280409133,0.48929357195908674,0.5107064280409133,0.1,scale,0.2498998791020497,0,500,600,630
2022-11-06,0.114606000483036,-0.02885538094559814,0,1,0.5101232693288054,0.48987673067119464,0.5101232693288054,0.1,scale,0.2498998791020497,0,500,600,630
2022-11-07,0.1112990006804466,-0.20565326748380164,0,1,0.5099202991037778,0.4900797008962222,0.5099202991037778,0.1,scale,0.2498998791020497,0,500,600,630
2022-11-08,0.0884099975228309,-0.15973300273575564,0,1,0.5162201117917363,0.4837798882082637,0.5162201117917363,0.1,scale,0.2498998791020497,0,500,600,630
2022-11-09,0.0742880031466484,0.20866087834566804,1,1,0.5180094136444654,0.4819905863555346,0.5180094136444654,0.1,scale,0.2498998791020497,0,500,600,630
2022-11-10,0.0897890031337738,-0.0546169550842589,0,1,0.5074008044000571,0.4925991955999429,0.5074008044000571,0.1,scale,0.2498998791020497,0,500,600,630
2022-11-11,0.0848850011825561,0.03715617701705054,1,1,0.5182615854279697,0.48173841457203026,0.5182615854279697,0.1,scale,0.2498998791020497,0,500,600,630
2022-11-12,0.0880390033125877,-0.035734164269220825,0,1,0.5090791464253334,0.49092085357466664,0.5090791464253334,0.1,scale,0.2498998791020497,0,500,600,630
2022-11-13,0.0848930031061172,0.011614560670013985,1,1,0.5111553738333351,0.4888446261666649,0.5111553738333351,0.1,scale,0.2498998791020497,0,500,600,630
2022-11-14,0.0858789980411529,0.012715586123226652,1,1,0.509105771194899,0.49089422880510103,0.509105771194899,0.1,scale,0.2498998791020497,0,500,600,630
2022-11-15,0.0869709998369216,-0.01595932511211695,0,1,0.5063689868147143,0.4936310131852857,0.5063689868147143,0.1,scale,0.2498998791020497,0,500,600,630
2022-11-16,0.0855830013751983,-0.009557963971724592,0,1,0.5077441280191909,0.4922558719808091,0.5077441280191909,0.1,scale,0.2498998791020497,0,500,600,630
2022-11-17,0.0847650021314621,-0.0010972169557331712,0,1,0.5058216387758541,0.49417836122414593,0.5058216387758541,0.1,scale,0.2498998791020497,0,500,600,630
2022-11-18,0.0846719965338707,-0.0010746639332391839,0,1,0.5053037453316362,0.49469625466836376,0.5053037453316362,0.1,scale,0.2498998791020497,0,500,600,630
2022-11-19,0.0845810025930404,-0.08757288189939083,0,1,0.5051215160009295,0.49487848399907053,0.5051215160009295,0.1,scale,0.2498998791020497,0,500,600,630
2022-11-20,0.077174000442028,-0.03191486794079135,0,1,0.5120068792207497,0.4879931207792503,0.5120068792207497,0.1,scale,0.2498998791020497,0,500,600,630
2022-11-21,0.0747110024094581,0.05055476711588658,1,0,0.45615881730600005,0.543841182694,0.543841182694,1.0,scale,0.25051467849394954,30,530,630,660
2022-11-22,0.0784879997372627,0.04201915595082428,1,0,0.395909418081968,0.604090581918032,0.604090581918032,1.0,scale,0.25051467849394954,30,530,630,660
2022-11-23,0.081785999238491,-0.0037292075679887793,0,0,0.405370638328949,0.594629361671051,0.594629361671051,1.0,scale,0.25051467849394954,30,530,630,660
2022-11-24,0.0814810022711753,0.09810871148511935,1,0,0.3742708675321553,0.6257291324678447,0.6257291324678447,1.0,scale,0.25051467849394954,30,530,630,660
2022-11-25,0.0894749984145164,-0.005442858438299503,0,0,0.3807384816399345,0.6192615183600655,0.6192615183600655,1.0,scale,0.25051467849394954,30,530,630,660
2022-11-26,0.0889879986643791,0.10927314640347574,1,0,0.39653098233030154,0.6034690176696984,0.6034690176696984,1.0,scale,0.25051467849394954,30,530,630,660
2022-11-27,0.0987119972705841,-0.036368377752115544,0,0,0.38005175104201133,0.6199482489579886,0.6199482489579886,1.0,scale,0.25051467849394954,30,530,630,660
2022-11-28,0.0951220020651817,0.07076171575614998,1,0,0.45955549825673014,0.5404445017432699,0.5404445017432699,1.0,scale,0.25051467849394954,30,530,630,660
2022-11-29,0.101852998137474,0.049159071101975815,1,0,0.41032426867710886,0.5896757313228911,0.5896757313228911,1.0,scale,0.25051467849394954,30,530,630,660
2022-11-30,0.1068599969148635,-0.04937296174043737,0,0,0.43230606811570876,0.5676939318842913,0.5676939318842913,1.0,scale,0.25051467849394954,30,530,630,660
2022-12-01,0.1015840023756027,0.0055519967400041725,1,1,0.502434075707244,0.49756592429275603,0.502434075707244,1.0,scale,0.25051467849394954,30,530,630,660
2022-12-02,0.1021479964256286,-0.02275130283779725,0,0,0.4757091164105691,0.5242908835894309,0.5242908835894309,1.0,scale,0.25051467849394954,30,530,630,660
2022-12-03,0.0998239964246749,0.04469870840377266,1,1,0.5016447993266785,0.4983552006733215,0.5016447993266785,1.0,scale,0.25051467849394954,30,530,630,660
2022-12-04,0.1042860001325607,-0.02696429171045589,0,0,0.4634087554256679,0.5365912445743322,0.5365912445743322,1.0,scale,0.25051467849394954,30,530,630,660
2022-12-05,0.1014740020036697,-0.011786313998712106,0,1,0.5178466594565332,0.4821533405434668,0.5178466594565332,1.0,scale,0.25051467849394954,30,530,630,660
2022-12-06,0.1002779975533485,-0.04482533545185252,0,0,0.49965684327151405,0.500343156728486,0.500343156728486,1.0,scale,0.25051467849394954,30,530,630,660
2022-12-07,0.0957830026745796,0.028783791131411274,1,1,0.5218549703089385,0.47814502969106154,0.5218549703089385,1.0,scale,0.25051467849394954,30,530,630,660
2022-12-08,0.0985400006175041,-0.019058258413564566,0,0,0.46963617012501424,0.5303638298749858,0.5303638298749858,1.0,scale,0.25051467849394954,30,530,630,660
2022-12-09,0.0966619998216629,-0.0021208202344522586,0,0,0.49235735367060324,0.5076426463293968,0.5076426463293968,1.0,scale,0.25051467849394954,30,530,630,660
2022-12-10,0.0964569970965385,-0.037135727217766035,0,0,0.48588491973000797,0.5141150802699921,0.5141150802699921,1.0,scale,0.25051467849394954,30,530,630,660
2022-12-11,0.0928749963641166,-0.028177595535700206,0,0,0.4900449856487176,0.5099550143512823,0.5099550143512823,1.0,scale,0.25051467849394954,30,530,630,660
2022-12-12,0.0902580022811889,0.007556076229067399,1,1,0.5051173653255079,0.4948826346744921,0.5051173653255079,1.0,scale,0.25051467849394954,30,530,630,660
2022-12-13,0.0909399986267089,-0.02667691319508103,0,0,0.4368685088838768,0.5631314911161232,0.5631314911161232,1.0,scale,0.25051467849394954,30,530,630,660
2022-12-14,0.0885140001773834,-0.0428407120854053,0,0,0.4303792416823985,0.5696207583176015,0.5696207583176015,1.0,scale,0.25051467849394954,30,530,630,660
2022-12-15,0.0847219973802566,-0.10363300459037061,0,0,0.44676755450155364,0.5532324454984463,0.5532324454984463,1.0,scale,0.25051467849394954,30,530,630,660
2022-12-16,0.0759420022368431,0.04378341770528782,1,1,0.5288890577445817,0.4711109422554183,0.5288890577445817,1.0,scale,0.25051467849394954,30,530,630,660
2022-12-17,0.0792670026421547,-0.007897425302685557,0,0,0.4229087374697479,0.5770912625302521,0.5770912625302521,1.0,scale,0.25051467849394954,30,530,630,660
2022-12-18,0.0786409974098205,-0.09170786666737374,0,0,0.4893162018630693,0.5106837981369308,0.5106837981369308,1.0,scale,0.25051467849394954,30,530,630,660
2022-12-19,0.0714289993047714,0.049083669012263575,1,1,0.5062822743990422,0.49371772560095784,0.5062822743990422,1.0,scale,0.25051467849394954,30,530,630,660
2022-12-20,0.074934996664524,-0.016761147410342403,0,1,0.5540637727368497,0.4459362272631503,0.5540637727368497,1.0,scale,0.25051467849394954,30,530,630,660
2022-12-21,0.0736790001392364,0.044626023912563095,1,0,0.4452845571188824,0.5547154428811176,0.5547154428811176,10.0,scale,0.24978179859768956,60,560,660,690
2022-12-22,0.0769670009613037,0.0021047718099389545,1,0,0.4219208382203148,0.5780791617796852,0.5780791617796852,10.0,scale,0.24978179859768956,60,560,660,690
2022-12-23,0.0771289989352226,0.006728986515655233,1,0,0.444551112713149,0.555448887286851,0.555448887286851,10.0,scale,0.24978179859768956,60,560,660,690
2022-12-24,0.0776479989290237,-0.021842134200649177,0,0,0.43803356495092777,0.5619664350490723,0.5619664350490723,10.0,scale,0.24978179859768956,60,560,660,690
2022-12-25,0.0759520009160041,-0.0022251095118204223,0,0,0.4051666075200007,0.5948333924799993,0.5948333924799993,10.0,scale,0.24978179859768956,60,560,660,690
2022-12-26,0.0757829993963241,-0.027169652384888,0,0,0.44463858888533897,0.555361411114661,0.555361411114661,10.0,scale,0.24978179859768956,60,560,660,690
2022-12-27,0.0737240016460418,-0.04534481218320008,0,0,0.43950508843115804,0.560494911568842,0.560494911568842,10.0,scale,0.24978179859768956,60,560,660,690
2022-12-28,0.0703810006380081,0.009391747821228646,1,0,0.46183079101595975,0.5381692089840402,0.5381692089840402,10.0,scale,0.24978179859768956,60,560,660,690
2022-12-29,0.071042001247406,-0.037133029389532224,0,0,0.4587800689832189,0.5412199310167811,0.5412199310167811,10.0,scale,0.24978179859768956,60,560,660,690
2022-12-30,0.0684039965271949,0.02763001837811485,1,0,0.44888624215321665,0.5511137578467833,0.5511137578467833,10.0,scale,0.24978179859768956,60,560,660,690
2022-12-31,0.0702940002083778,-0.0009815891356809159,0,0,0.4316475186435591,0.5683524813564409,0.5683524813564409,10.0,scale,0.24978179859768956,60,560,660,690
2023-01-01,0.0702250003814697,0.017500933643416428,1,0,0.4321867015298964,0.5678132984701036,0.5678132984701036,10.0,scale,0.24978179859768956,60,560,660,690
2023-01-02,0.0714540034532547,-0.013799120244694874,0,0,0.44506941509529824,0.5549305849047017,0.5549305849047017,10.0,scale,0.24978179859768956,60,560,660,690
2023-01-03,0.0704680010676384,0.03929444267346671,1,0,0.4289603641814116,0.5710396358185884,0.5710396358185884,10.0,scale,0.24978179859768956,60,560,660,690
2023-01-04,0.0732370018959045,-0.023034874702229424,0,0,0.42826295786285556,0.5717370421371444,0.5717370421371444,10.0,scale,0.24978179859768956,60,560,660,690
2023-01-05,0.0715499967336654,0.01285821362247419,1,0,0.4501672534741601,0.5498327465258399,0.5498327465258399,10.0,scale,0.24978179859768956,60,560,660,690
2023-01-06,0.0724700018763542,-0.0034221059656150965,0,0,0.45018698921240335,0.5498130107875967,0.5498130107875967,10.0,scale,0.24978179859768956,60,560,660,690
2023-01-07,0.072222001850605,0.019093878943077902,1,0,0.45111742961466217,0.5488825703853378,0.5488825703853378,10.0,scale,0.24978179859768956,60,560,660,690
2023-01-08,0.0736010000109672,0.02965989270297431,1,0,0.4497703651062365,0.5502296348937634,0.5502296348937634,10.0,scale,0.24978179859768956,60,560,660,690
2023-01-09,0.0757839977741241,0.025665099813637626,1,0,0.44483305170100756,0.5551669482989925,0.5551669482989925,10.0,scale,0.24978179859768956,60,560,660,690
2023-01-10,0.0777290016412735,0.00545481907212042,1,0,0.452795578174888,0.547204421825112,0.547204421825112,10.0,scale,0.24978179859768956,60,560,660,690
2023-01-11,0.0781529992818832,0.027292674458444743,1,0,0.45613995188936657,0.5438600481106335,0.5438600481106335,10.0,scale,0.24978179859768956,60,560,660,690
2023-01-12,0.0802860036492347,0.05171511548325225,1,0,0.44545995999873644,0.5545400400012636,0.5545400400012636,10.0,scale,0.24978179859768956,60,560,660,690
2023-01-13,0.0844380035996437,0.034167066896306775,1,0,0.44683891284261357,0.5531610871573864,0.5531610871573864,10.0,scale,0.24978179859768956,60,560,660,690
2023-01-14,0.0873230025172233,-0.013650509650140585,0,0,0.45429562265478224,0.5457043773452177,0.5457043773452177,10.0,scale,0.24978179859768956,60,560,660,690
2023-01-15,0.0861309990286827,-0.0289674833029957,0,0,0.4529354067189409,0.5470645932810592,0.5470645932810592,10.0,scale,0.24978179859768956,60,560,660,690
2023-01-16,0.083636000752449,-0.007819564036455229,0,0,0.44581425233568023,0.5541857476643197,0.5541857476643197,10.0,scale,0.24978179859768956,60,560,660,690
2023-01-17,0.0829820036888122,-0.03363382744088994,0,0,0.4520758551909186,0.5479241448090815,0.5479241448090815,10.0,scale,0.24978179859768956,60,560,660,690
2023-01-18,0.0801910012960434,0.018318778294709848,1,0,0.4115349730018266,0.5884650269981734,0.5884650269981734,10.0,scale,0.24978179859768956,60,560,660,690
2023-01-19,0.0816600024700164,0.05808222827644083,1,0,0.4542822336126022,0.5457177663873978,0.5457177663873978,10.0,scale,0.24978179859768956,60,560,660,690
2023-01-20,0.0864029973745346,-0.018957620601658398,0,0,0.41313330082402255,0.5868666991759774,0.5868666991759774,10.0,scale,0.2499769797468512,90,590,690,720
2023-01-21,0.0847650021314621,0.04175067412524536,1,0,0.470464829076775,0.529535170923225,0.529535170923225,10.0,scale,0.2499769797468512,90,590,690,720
2023-01-22,0.0883039981126785,0.0034087183202238247,1,0,0.4851531779111046,0.5148468220888953,0.5148468220888953,10.0,scale,0.2499769797468512,90,590,690,720
2023-01-23,0.0886050015687942,-0.052536577679017205,0,0,0.3785726917062298,0.6214273082937702,0.6214273082937702,10.0,scale,0.2499769797468512,90,590,690,720
2023-01-24,0.0839499980211258,0.03149496724140666,1,0,0.46461781024122634,0.5353821897587736,0.5353821897587736,10.0,scale,0.2499769797468512,90,590,690,720
2023-01-25,0.0865940004587173,-0.002552129714475604,0,0,0.3452861318845251,0.6547138681154749,0.6547138681154749,10.0,scale,0.2499769797468512,90,590,690,720
2023-01-26,0.0863730013370513,0.008683243409610242,1,0,0.40138799068835995,0.59861200931164,0.59861200931164,10.0,scale,0.2499769797468512,90,590,690,720
2023-01-27,0.0871229991316795,0.007632904948247976,1,0,0.43380440444818236,0.5661955955518176,0.5661955955518176,10.0,scale,0.2499769797468512,90,590,690,720
2023-01-28,0.0877880007028579,0.02785115745058886,1,0,0.4674520160906534,0.5325479839093465,0.5325479839093465,10.0,scale,0.2499769797468512,90,590,690,720
2023-01-29,0.0902329981327056,-0.021012284173189677,0,0,0.4851531916176331,0.514846808382367,0.514846808382367,10.0,scale,0.2499769797468512,90,590,690,720
2023-01-30,0.0883369967341423,0.08863784940965491,1,0,0.32688201194921246,0.6731179880507876,0.6731179880507876,10.0,scale,0.2499769797468512,90,590,690,720
2023-01-31,0.0961669981479644,-0.02075551570907541,0,0,0.4838346717005369,0.5161653282994632,0.5161653282994632,10.0,scale,0.2499769797468512,90,590,690,720
2023-02-01,0.0941710025072097,-0.03389578539138438,0,0,0.48461857229678335,0.5153814277032167,0.5153814277032167,10.0,scale,0.2499769797468512,90,590,690,720
2023-02-02,0.0909790024161338,0.022071010593322393,1,0,0.4247165487337482,0.5752834512662518,0.5752834512662518,10.0,scale,0.2499769797468512,90,590,690,720
2023-02-03,0.0929870009422302,0.030057920737816213,1,0,0.36344862052773375,0.6365513794722663,0.6365513794722663,10.0,scale,0.2499769797468512,90,590,690,720
2023-02-04,0.095781996846199,-0.03849360459788753,0,0,0.21730977563506546,0.7826902243649345,0.7826902243649345,10.0,scale,0.2499769797468512,90,590,690,720
2023-02-05,0.0920950025320053,-0.027645419197587784,0,0,0.42707123132628283,0.5729287686737172,0.5729287686737172,10.0,scale,0.2499769797468512,90,590,690,720
2023-02-06,0.0895489975810051,0.033802718231862094,1,0,0.40977234020677433,0.5902276597932257,0.5902276597932257,10.0,scale,0.2499769797468512,90,590,690,720
2023-02-07,0.0925759971141815,-0.02614069313193923,0,0,0.3698519073017809,0.630148092698219,0.630148092698219,10.0,scale,0.2499769797468512,90,590,690,720
2023-02-08,0.0901559963822364,-0.09623319898387861,0,1,0.5464996329008684,0.45350036709913155,0.5464996329008684,10.0,scale,0.2499769797468512,90,590,690,720
2023-02-09,0.0814799964427948,-0.004786367302300976,0,1,0.5150221764051076,0.4849778235948924,0.5150221764051076,10.0,scale,0.2499769797468512,90,590,690,720
2023-02-10,0.0810900032520294,0.01580958194793025,1,1,0.5556938861926161,0.44430611380738394,0.5556938861926161,10.0,scale,0.2499769797468512,90,590,690,720
2023-02-11,0.0823720023036003,-0.0027679631555723727,0,1,0.526270334221331,0.47372966577866904,0.526270334221331,10.0,scale,0.2499769797468512,90,590,690,720
2023-02-12,0.0821439996361732,0.00014612005009184692,1,1,0.5515648592780291,0.4484351407219709,0.5515648592780291,10.0,scale,0.2499769797468512,90,590,690,720
2023-02-13,0.0821560025215148,0.01677296533751682,1,1,0.5480191238450889,0.4519808761549111,0.5480191238450889,10.0,scale,0.2499769797468512,90,590,690,720
2023-02-14,0.0835340023040771,0.06891800240890311,1,0,0.48108721932109894,0.5189127806789011,0.5189127806789011,10.0,scale,0.2499769797468512,90,590,690,720
2023-02-15,0.0892909988760948,-0.047563610633292064,0,0,0.4872408369064111,0.5127591630935888,0.5127591630935888,10.0,scale,0.2499769797468512,90,590,690,720
2023-02-16,0.0850439965724945,0.032006992563435865,1,1,0.5308962198009618,0.4691037801990382,0.5308962198009618,10.0,scale,0.2499769797468512,90,590,690,720
2023-02-17,0.0877659991383552,0.013228375841157991,1,0,0.4469088517191312,0.5530911482808688,0.5530911482808688,10.0,scale,0.2499769797468512,90,590,690,720
2023-02-18,0.0889270007610321,-0.022051798069302686,0,0,0.4451734382641406,0.5548265617358594,0.5548265617358594,10.0,scale,0.2499769797468512,90,590,690,720
2023-02-19,0.0869660004973411,0.014281407414889369,1,0,0.4493841537407253,0.5506158462592747,0.5506158462592747,1.0,0.01,0.24737094632798715,120,620,720,750
2023-02-20,0.0882079973816871,-0.03168642285205159,0,1,0.5904703485287229,0.40952965147127707,0.5904703485287229,1.0,0.01,0.24737094632798715,120,620,720,750
2023-02-21,0.0854130014777183,0.001416616051429287,1,0,0.472058727350946,0.527941272649054,0.527941272649054,1.0,0.01,0.24737094632798715,120,620,720,750
2023-02-22,0.0855339989066124,-0.014520505298742381,0,0,0.44730355143705247,0.5526964485629475,0.5526964485629475,1.0,0.01,0.24737094632798715,120,620,720,750
2023-02-23,0.0842920020222663,-0.04024110704742412,0,0,0.4850826753897085,0.5149173246102915,0.5149173246102915,1.0,0.01,0.24737094632798715,120,620,720,750
2023-02-24,0.0808999985456466,-0.0014091636064638147,0,1,0.5165942176820949,0.4834057823179051,0.5165942176820949,1.0,0.01,0.24737094632798715,120,620,720,750
2023-02-25,0.0807859972119331,0.01752785436902471,1,0,0.4982896589020721,0.5017103410979279,0.5017103410979279,1.0,0.01,0.24737094632798715,120,620,720,750
2023-02-26,0.0822020024061203,-0.010316083635171558,0,0,0.4948864643751412,0.5051135356248588,0.5051135356248588,1.0,0.01,0.24737094632798715,120,620,720,750
2023-02-27,0.0813539996743202,-0.007436660128000705,0,0,0.49746882649521634,0.5025311735047837,0.5025311735047837,1.0,0.01,0.24737094632798715,120,620,720,750
2023-02-28,0.0807489976286888,0.015046668894025172,1,0,0.4914983721954861,0.5085016278045139,0.5085016278045139,1.0,0.01,0.24737094632798715,120,620,720,750
2023-03-01,0.0819640010595321,-0.01761754498809276,0,0,0.44628662811032765,0.5537133718896723,0.5537133718896723,1.0,0.01,0.24737094632798715,120,620,720,750
2023-03-02,0.0805199965834617,-0.04648525877768095,0,1,0.5770821673057941,0.4229178326942059,0.5770821673057941,1.0,0.01,0.24737094632798715,120,620,720,750
2023-03-03,0.0767770037055015,-0.028927974101477627,0,0,0.49779579243300215,0.5022042075669979,0.5022042075669979,1.0,0.01,0.24737094632798715,120,620,720,750
2023-03-04,0.0745560005307197,0.0032056403600890793,1,0,0.42298076355934777,0.5770192364406522,0.5770192364406522,1.0,0.01,0.24737094632798715,120,620,720,750
2023-03-05,0.0747950002551078,0.00013368111674583183,1,0,0.39838317622115654,0.6016168237788435,0.6016168237788435,1.0,0.01,0.24737094632798715,120,620,720,750
2023-03-06,0.0748049989342689,-0.010119662471412827,0,0,0.39912802110048307,0.6008719788995169,0.6008719788995169,1.0,0.01,0.24737094632798715,120,620,720,750
2023-03-07,0.0740479975938797,-0.03940683926454591,0,0,0.40504412145837637,0.5949558785416236,0.5949558785416236,1.0,0.01,0.24737094632798715,120,620,720,750
2023-03-08,0.0711300000548362,-0.07230425518966421,0,0,0.39528748086297916,0.6047125191370208,0.6047125191370208,1.0,0.01,0.24737094632798715,120,620,720,750
2023-03-09,0.0659869983792305,-0.0023337332223065665,0,0,0.4595322576024525,0.5404677423975475,0.5404677423975475,1.0,0.01,0.24737094632798715,120,620,720,750
2023-03-10,0.0658330023288726,0.011559473587238411,1,0,0.4420768165712831,0.5579231834287168,0.5579231834287168,1.0,0.01,0.24737094632798715,120,620,720,750
2023-03-11,0.0665939971804618,0.06617718876337841,1,0,0.4288068303659351,0.5711931696340649,0.5711931696340649,1.0,0.01,0.24737094632798715,120,620,720,750
2023-03-12,0.0710010007023811,0.028731972078974932,1,0,0.38428458891167,0.6157154110883301,0.6157154110883301,1.0,0.01,0.24737094632798715,120,620,720,750
2023-03-13,0.0730409994721412,0.023904367027062,1,0,0.4184787677509589,0.5815212322490411,0.5815212322490411,1.0,0.01,0.24737094632798715,120,620,720,750
2023-03-14,0.0747869983315467,-0.06580016360254737,0,0,0.420284983160766,0.579715016839234,0.579715016839234,1.0,0.01,0.24737094632798715,120,620,720,750
2023-03-15,0.0698660016059875,0.04082100350038487,1,0,0.47202893585528266,0.5279710641447173,0.5279710641447173,1.0,0.01,0.24737094632798715,120,620,720,750
2023-03-16,0.0727180019021034,0.052132853895653364,1,0,0.3881778974968509,0.6118221025031492,0.6118221025031492,1.0,0.01,0.24737094632798715,120,620,720,750
2023-03-17,0.0765089988708496,-0.04521035627699477,0,0,0.39929778381634246,0.6007022161836575,0.6007022161836575,1.0,0.01,0.24737094632798715,120,620,720,750
2023-03-18,0.0730499997735023,0.02413416960703696,1,0,0.4835251423306189,0.5164748576693812,0.5164748576693812,1.0,0.01,0.24737094632798715,120,620,720,750
2023-03-19,0.07481300085783,-0.04445749729291204,0,0,0.42467671701618437,0.5753232829838156,0.5753232829838156,1.0,0.01,0.24737094632798715,120,620,720,750
2023-03-20,0.0714870020747184,0.0756361008431321,1,0,0.49269765750773026,0.5073023424922698,0.5073023424922698,1.0,0.01,0.24737094632798715,120,620,720,750
2023-03-21,0.076894000172615,-0.037649200070771216,0,0,0.42655323276160123,0.5734467672383987,0.5734467672383987,1.0,scale,0.2510123176911069,150,650,750,780
2023-03-22,0.0739990025758743,0.0461222326509374,1,1,0.5163673613604793,0.48363263863952066,0.5163673613604793,1.0,scale,0.2510123176911069,150,650,750,780
2023-03-23,0.0774120017886161,-0.03529170131114667,0,0,0.4559830521581103,0.5440169478418897,0.5440169478418897,1.0,scale,0.2510123176911069,150,650,750,780
2023-03-24,0.0746800005435943,-0.008516388683258547,0,0,0.4110540989776388,0.5889459010223612,0.5889459010223612,1.0,scale,0.2510123176911069,150,650,750,780
2023-03-25,0.0740439966320991,0.005037624709235411,1,1,0.5191584710877591,0.48084152891224086,0.5191584710877591,1.0,scale,0.2510123176911069,150,650,750,780
2023-03-26,0.0744170024991035,-0.020452377188370785,0,1,0.5023426420319617,0.49765735796803834,0.5023426420319617,1.0,scale,0.2510123176911069,150,650,750,780
2023-03-27,0.0728949978947639,0.012730635056866557,1,1,0.5279038828703542,0.47209611712964583,0.5279038828703542,1.0,scale,0.2510123176911069,150,650,750,780
2023-03-28,0.0738229975104332,0.024436851525807324,1,0,0.4851196897392052,0.5148803102607948,0.5148803102607948,1.0,scale,0.2510123176911069,150,650,750,780
2023-03-29,0.0756269991397857,-0.018273906938821805,0,0,0.4803656222614723,0.5196343777385277,0.5196343777385277,1.0,scale,0.2510123176911069,150,650,750,780
2023-03-30,0.0742449983954429,0.037578342989635694,1,1,0.5102243778766228,0.4897756221233772,0.5102243778766228,1.0,scale,0.2510123176911069,150,650,750,780
2023-03-31,0.0770350024104118,0.09107542625762988,1,0,0.45539613519761357,0.5446038648023864,0.5446038648023864,1.0,scale,0.2510123176911069,150,650,750,780
2023-04-01,0.0840509980916976,-0.059035554404370916,0,0,0.4258863487387173,0.5741136512612828,0.5741136512612828,1.0,scale,0.2510123176911069,150,650,750,780
2023-04-02,0.0790890008211135,0.21482125634447335,1,1,0.5579568647377585,0.4420431352622415,0.5579568647377585,1.0,scale,0.2510123176911069,150,650,750,780
2023-04-03,0.0960789993405342,-0.009575429577981298,0,0,0.4967450452734979,0.5032549547265022,0.5032549547265022,1.0,scale,0.2510123176911069,150,650,750,780
2023-04-04,0.095159001648426,-0.024611445718278446,0,0,0.4967450452712839,0.5032549547287162,0.5032549547287162,1.0,scale,0.2510123176911069,150,650,750,780
2023-04-05,0.0928170010447502,-0.07978062059192914,0,0,0.4967450452734979,0.5032549547265022,0.5032549547265022,1.0,scale,0.2510123176911069,150,650,750,780
2023-04-06,0.0854120030999183,-0.03460875337638725,0,0,0.4967450452734979,0.5032549547265022,0.5032549547265022,1.0,scale,0.2510123176911069,150,650,750,780
2023-04-07,0.08245600014925,-0.012746207053962566,0,0,0.4967450452332854,0.5032549547667147,0.5032549547667147,1.0,scale,0.2510123176911069,150,650,750,780
2023-04-08,0.0814049988985061,0.023155879455910133,1,0,0.4967450452328565,0.5032549547671434,0.5032549547671434,1.0,scale,0.2510123176911069,150,650,750,780
2023-04-09,0.0832900032401084,0.018753743069032547,1,0,0.49674504522701973,0.5032549547729803,0.5032549547729803,1.0,scale,0.2510123176911069,150,650,750,780
2023-04-10,0.0848520025610923,-0.007247922338068591,0,0,0.4933011053509921,0.5066988946490079,0.5066988946490079,1.0,scale,0.2510123176911069,150,650,750,780
2023-04-11,0.0842370018362999,-0.00954449452459305,0,1,0.5233316143150695,0.47666838568493053,0.5233316143150695,1.0,scale,0.2510123176911069,150,650,750,780
2023-04-12,0.0834330022335052,0.048553926760293464,1,0,0.4625757970420284,0.5374242029579717,0.5374242029579717,1.0,scale,0.2510123176911069,150,650,750,780
2023-04-13,0.0874840021133422,0.014871267896586993,1,0,0.49674504527348295,0.503254954726517,0.503254954726517,1.0,scale,0.2510123176911069,150,650,750,780
2023-04-14,0.0887850001454353,0.002128725321761671,1,0,0.4957431590404219,0.5042568409595781,0.5042568409595781,1.0,scale,0.2510123176911069,150,650,750,780
2023-04-15,0.0889739990234375,0.016836366242925616,1,0,0.4965991734931733,0.5034008265068267,0.5034008265068267,1.0,scale,0.2510123176911069,150,650,750,780
2023-04-16,0.0904719978570938,0.010798944506547059,1,0,0.4967450453812107,0.5032549546187892,0.5032549546187892,1.0,scale,0.2510123176911069,150,650,750,780
2023-04-17,0.091448999941349,0.027775041658937072,1,0,0.4967450452734979,0.5032549547265022,0.5032549547265022,1.0,scale,0.2510123176911069,150,650,750,780
2023-04-18,0.0939889997243881,-0.06512466518007565,0,0,0.4967450452734979,0.5032549547265022,0.5032549547265022,1.0,scale,0.2510123176911069,150,650,750,780
2023-04-19,0.0878679975867271,-0.044737571547172617,0,0,0.4967450452734979,0.5032549547265022,0.5032549547265022,1.0,scale,0.2510123176911069,150,650,750,780
2023-04-20,0.0839369967579841,-0.06502492980323771,0,0,0.4666564932347104,0.5333435067652896,0.5333435067652896,1.0,0.1,0.24707539901675118,180,680,780,810
2023-04-21,0.0784789994359016,0.024159347241830886,1,0,0.4666564932347104,0.5333435067652896,0.5333435067652896,1.0,0.1,0.24707539901675118,180,680,780,810
2023-04-22,0.080375000834465,-0.01934685175314632,0,0,0.4666564932346486,0.5333435067653514,0.5333435067653514,1.0,0.1,0.24707539901675118,180,680,780,810
2023-04-23,0.0788199976086616,-0.0004567521763073623,0,0,0.4666564932151216,0.5333435067848784,0.5333435067848784,1.0,0.1,0.24707539901675118,180,680,780,810
2023-04-24,0.0787839964032173,0.013492640442419601,1,0,0.46665644299315007,0.5333435570068499,0.5333435570068499,1.0,0.1,0.24707539901675118,180,680,780,810
2023-04-25,0.0798470005393028,-0.015329363957785835,0,0,0.4608543513466736,0.5391456486533264,0.5391456486533264,1.0,0.1,0.24707539901675118,180,680,780,810
2023-04-26,0.0786229968070983,0.019930633208878445,1,0,0.44645125039800043,0.5535487496019995,0.5535487496019995,1.0,0.1,0.24707539901675118,180,680,780,810
2023-04-27,0.0801900029182434,0.0021697643390448107,1,0,0.44442332853677613,0.5555766714632239,0.5555766714632239,1.0,0.1,0.24707539901675118,180,680,780,810
2023-04-28,0.0803639963269233,0.015753356140717045,1,0,0.4519638552573532,0.5480361447426467,0.5480361447426467,1.0,0.1,0.24707539901675118,180,680,780,810
2023-04-29,0.0816299989819526,-0.0227979737122187,0,0,0.48774067639936897,0.512259323600631,0.512259323600631,1.0,0.1,0.24707539901675118,180,680,780,810
2023-04-30,0.0797690004110336,-0.011896887230402609,0,0,0.4668579741050201,0.5331420258949799,0.5331420258949799,1.0,0.1,0.24707539901675118,180,680,780,810
2023-05-01,0.0788199976086616,-0.0001776153433942218,0,0,0.46665583429826263,0.5333441657017374,0.5333441657017374,1.0,0.1,0.24707539901675118,180,680,780,810
2023-05-02,0.07880599796772,0.011509325469345688,1,0,0.4666564098089623,0.5333435901910377,0.5333435901910377,1.0,0.1,0.24707539901675118,180,680,780,810
2023-05-03,0.0797130018472671,-0.015856866753940158,0,0,0.4666562921510804,0.5333437078489196,0.5333437078489196,1.0,0.1,0.24707539901675118,180,680,780,810
2023-05-04,0.0784490033984184,0.024742130182718647,1,0,0.4666564932347104,0.5333435067652896,0.5333435067652896,1.0,0.1,0.24707539901675118,180,680,780,810
2023-05-05,0.0803899988532066,-0.042194253942370974,0,0,0.4666564932347104,0.5333435067652896,0.5333435067652896,1.0,0.1,0.24707539901675118,180,680,780,810
2023-05-06,0.0769980028271675,-0.00374038523597231,0,0,0.466656493029647,0.5333435069703529,0.5333435069703529,1.0,0.1,0.24707539901675118,180,680,780,810
2023-05-07,0.0767100006341934,-0.05523404496689144,0,0,0.4666564932347098,0.5333435067652902,0.5333435067652902,1.0,0.1,0.24707539901675118,180,680,780,810
2023-05-08,0.0724729970097541,0.009189628916393078,1,0,0.4666564929335708,0.5333435070664292,0.5333435070664292,1.0,0.1,0.24707539901675118,180,680,780,810
2023-05-09,0.0731389969587326,0.0011895217769979372,1,0,0.4666562479906174,0.5333437520093827,0.5333437520093827,1.0,0.1,0.24707539901675118,180,680,780,810
2023-05-10,0.0732259973883628,-0.015581854183872479,0,0,0.4666564929109357,0.5333435070890643,0.5333435070890643,1.0,0.1,0.24707539901675118,180,680,780,810
2023-05-11,0.0720850005745887,0.005188274831694262,1,0,0.4665991817733226,0.5334008182266774,0.5334008182266774,1.0,0.1,0.24707539901675118,180,680,780,810
2023-05-12,0.0724589973688125,-0.009412169230671008,0,0,0.4666543662801866,0.5333456337198135,0.5333456337198135,1.0,0.1,0.24707539901675118,180,680,780,810
2023-05-13,0.0717770010232925,0.0029117437806640556,1,0,0.46664006026493443,0.5333599397350656,0.5333599397350656,1.0,0.1,0.24707539901675118,180,680,780,810
2023-05-14,0.0719859972596168,0.00083348884270662,1,0,0.4558674665542956,0.5441325334457043,0.5441325334457043,1.0,0.1,0.24707539901675118,180,680,780,810
2023-05-15,0.0720459967851638,0.009480085006489336,1,0,0.4457614606853609,0.5542385393146392,0.5542385393146392,1.0,0.1,0.24707539901675118,180,680,780,810
2023-05-16,0.0727289989590644,0.030001779435807174,1,0,0.46649289040710334,0.5335071095928967,0.5335071095928967,1.0,0.1,0.24707539901675118,180,680,780,810
2023-05-17,0.0749109983444213,-0.018221603630814043,0,0,0.46035435333936015,0.5396456466606399,0.5396456466606399,1.0,0.1,0.24707539901675118,180,680,780,810
2023-05-18,0.0735459998250007,-0.00025832785695090177,0,0,0.44995747689280213,0.5500425231071979,0.5500425231071979,1.0,0.1,0.24707539901675118,180,680,780,810
2023-05-19,0.0735270008444786,0.001944850078941407,1,0,0.45607140042588057,0.5439285995741194,0.5439285995741194,1.0,0.1,0.24707539901675118,180,680,780,810
2023-05-20,0.0736699998378753,-0.020741174495490067,0,0,0.44654386151733605,0.553456138482664,0.553456138482664,1.0,0.1,0.2481126492672125,210,710,810,840
2023-05-21,0.0721419975161552,0.011865552449799033,1,1,0.5311956328656446,0.46880436713435536,0.5311956328656446,1.0,0.1,0.2481126492672125,210,710,810,840
2023-05-22,0.0729980021715164,-0.0018356487581790981,0,0,0.4842172718285964,0.5157827281714036,0.5157827281714036,1.0,0.1,0.2481126492672125,210,710,810,840
2023-05-23,0.0728640034794807,-0.029218863964434072,0,0,0.4842145510047595,0.5157854489952405,0.5157854489952405,1.0,0.1,0.2481126492672125,210,710,810,840
2023-05-24,0.0707350000739097,0.0019791674456763886,1,0,0.48421728389355606,0.5157827161064439,0.5157827161064439,1.0,0.1,0.2481126492672125,210,710,810,840
2023-05-25,0.0708749964833259,0.0015379470834773201,1,0,0.48421728389355606,0.5157827161064439,0.5157827161064439,1.0,0.1,0.2481126492672125,210,710,810,840
2023-05-26,0.0709839984774589,0.023934980184860066,1,0,0.48421728389355606,0.5157827161064439,0.5157827161064439,1.0,0.1,0.2481126492672125,210,710,810,840
2023-05-27,0.072682999074459,0.012795341877639865,1,0,0.48421728389355606,0.5157827161064439,0.5157827161064439,1.0,0.1,0.2481126492672125,210,710,810,840
2023-05-28,0.0736130028963089,-0.0058142724264867995,0,0,0.48421728389355606,0.5157827161064439,0.5157827161064439,1.0,0.1,0.2481126492672125,210,710,810,840
2023-05-29,0.073184996843338,-0.01125909676379,0,0,0.48421728389355606,0.5157827161064439,0.5157827161064439,1.0,0.1,0.2481126492672125,210,710,810,840
2023-05-30,0.0723609998822212,-0.009687577255203639,0,0,0.48421728389355606,0.5157827161064439,0.5157827161064439,1.0,0.1,0.2481126492672125,210,710,810,840
2023-05-31,0.0716599971055984,-0.0023443440983096364,0,0,0.48421728389355606,0.5157827161064439,0.5157827161064439,1.0,0.1,0.2481126492672125,210,710,810,840
2023-06-01,0.071492001414299,0.01566610327722473,1,0,0.48421728389355606,0.5157827161064439,0.5157827161064439,1.0,0.1,0.2481126492672125,210,710,810,840
2023-06-02,0.0726120024919509,0.0008125536512182396,1,0,0.48421728389355606,0.5157827161064439,0.5157827161064439,1.0,0.1,0.2481126492672125,210,710,810,840
2023-06-03,0.072671003639698,-0.0027521759096023057,0,0,0.48421728389355606,0.5157827161064439,0.5157827161064439,1.0,0.1,0.2481126492672125,210,710,810,840
2023-06-04,0.0724710002541542,-0.08138426114073705,0,0,0.48421728389355606,0.5157827161064439,0.5157827161064439,1.0,0.1,0.2481126492672125,210,710,810,840
2023-06-05,0.0665730014443397,0.057080155433346214,1,0,0.48421728389355606,0.5157827161064439,0.5157827161064439,1.0,0.1,0.2481126492672125,210,710,810,840
2023-06-06,0.070372998714447,-0.043667308114170744,0,0,0.48421728389355606,0.5157827161064439,0.5157827161064439,1.0,0.1,0.2481126492672125,210,710,810,840
2023-06-07,0.0672999992966651,0.009895987458227395,1,0,0.48421728389355606,0.5157827161064439,0.5157827161064439,1.0,0.1,0.2481126492672125,210,710,810,840
2023-06-08,0.0679659992456436,0.022408307080650003,1,0,0.48421728389355606,0.5157827161064439,0.5157827161064439,1.0,0.1,0.2481126492672125,210,710,810,840
2023-06-09,0.0694890022277832,-0.10978720561796274,0,0,0.48421728389355606,0.5157827161064439,0.5157827161064439,1.0,0.1,0.2481126492672125,210,710,810,840
2023-06-10,0.0618599988520145,-0.004413198415914699,0,0,0.48421728389355606,0.5157827161064439,0.5157827161064439,1.0,0.1,0.2481126492672125,210,710,810,840
2023-06-11,0.0615869984030723,-0.002078316084299092,0,0,0.48421728389355606,0.5157827161064439,0.5157827161064439,1.0,0.1,0.2481126492672125,210,710,810,840
2023-06-12,0.0614590011537075,0.004295548945236538,1,0,0.48421728389355606,0.5157827161064439,0.5157827161064439,1.0,0.1,0.2481126492672125,210,710,810,840
2023-06-13,0.0617230013012886,-0.021645105253647268,0,0,0.48421728389355606,0.5157827161064439,0.5157827161064439,1.0,0.1,0.2481126492672125,210,710,810,840
2023-06-14,0.0603870004415512,0.01848080063111568,1,0,0.48421728389355606,0.5157827161064439,0.5157827161064439,1.0,0.1,0.2481126492672125,210,710,810,840
2023-06-15,0.0615030005574226,0.009739372023017445,1,0,0.48421728389351126,0.5157827161064887,0.5157827161064887,1.0,0.1,0.2481126492672125,210,710,810,840
2023-06-16,0.0621020011603832,0.001851787532844762,1,0,0.48421672747032,0.51578327252968,0.51578327252968,1.0,0.1,0.2481126492672125,210,710,810,840
2023-06-17,0.0622170008718967,-0.0008036524693459945,0,0,0.48313785671343873,0.5168621432865612,0.5168621432865612,1.0,0.1,0.2481126492672125,210,710,810,840
2023-06-18,0.0621670000255107,0.0027989264270302794,1,0,0.457476126252502,0.542523873747498,0.542523873747498,1.0,0.1,0.2481126492672125,210,710,810,840
2023-06-19,0.0623410008847713,0.011292754773287061,1,0,0.4423426442834867,0.5576573557165133,0.5576573557165133,1.0,0.1,0.24752228054874498,240,740,840,870
2023-06-20,0.0630450025200843,0.04217622888485284,1,0,0.4623321582659529,0.537667841734047,0.537667841734047,1.0,0.1,0.24752228054874498,240,740,840,870
2023-06-21,0.0657040029764175,-0.0009284876288206956,0,0,0.4995787310501815,0.5004212689498184,0.5004212689498184,1.0,0.1,0.24752228054874498,240,740,840,870
2023-06-22,0.0656429976224899,0.03855703690184398,1,0,0.4864265898471275,0.5135734101528725,0.5135734101528725,1.0,0.1,0.24752228054874498,240,740,840,870
2023-06-23,0.0681739971041679,-0.021004990186509698,0,0,0.45447783685647974,0.5455221631435203,0.5455221631435203,1.0,0.1,0.24752228054874498,240,740,840,870
2023-06-24,0.0667420029640197,0.0003295393147557668,1,1,0.545671384455951,0.454328615544049,0.545671384455951,1.0,0.1,0.24752228054874498,240,740,840,870
2023-06-25,0.0667639970779419,-0.030180856591383254,0,1,0.524900720426658,0.47509927957334197,0.524900720426658,1.0,0.1,0.24752228054874498,240,740,840,870
2023-06-26,0.064749002456665,0.012293589847445885,1,1,0.5796498677362385,0.4203501322637615,0.5796498677362385,1.0,0.1,0.24752228054874498,240,740,840,870
2023-06-27,0.0655450001358985,-0.04490047572545264,0,1,0.5144877891154236,0.4855122108845764,0.5144877891154236,1.0,0.1,0.24752228054874498,240,740,840,870
2023-06-28,0.0626019984483718,0.012858982149884124,1,1,0.5946589079205309,0.4053410920794691,0.5946589079205309,1.0,0.1,0.24752228054874498,240,740,840,870
2023-06-29,0.0634069964289665,0.04844892855669802,1,1,0.5005623613401712,0.4994376386598288,0.5005623613401712,1.0,0.1,0.24752228054874498,240,740,840,870
2023-06-30,0.0664789974689483,0.03006973256853973,1,1,0.5135774835005426,0.48642251649945745,0.5135774835005426,1.0,0.1,0.24752228054874498,240,740,840,870
2023-07-01,0.0684780031442642,-0.006425442733851705,0,1,0.5245304086919962,0.4754695913080038,0.5245304086919962,1.0,0.1,0.24752228054874498,240,740,840,870
2023-07-02,0.0680380016565322,0.0046297016197940355,1,1,0.5258730613840882,0.4741269386159118,0.5258730613840882,1.0,0.1,0.24752228054874498,240,740,840,870
2023-07-03,0.068352997303009,0.008602399951864514,1,1,0.5145918171963013,0.4854081828036987,0.5145918171963013,1.0,0.1,0.24752228054874498,240,740,840,870
2023-07-04,0.0689409971237182,-0.027675793982213537,0,1,0.5421426453726981,0.4578573546273019,0.5421426453726981,1.0,0.1,0.24752228054874498,240,740,840,870
2023-07-05,0.0670330002903938,-0.029940479161038147,0,1,0.512921247561932,0.487078752438068,0.512921247561932,1.0,0.1,0.24752228054874498,240,740,840,870
2023-07-06,0.0650260001420974,0.0061360216195855966,1,1,0.5315952195278637,0.4684047804721363,0.5315952195278637,1.0,0.1,0.24752228054874498,240,740,840,870
2023-07-07,0.0654250010848045,0.005135633589733901,1,0,0.466216241326517,0.533783758673483,0.533783758673483,1.0,0.1,0.24752228054874498,240,740,840,870
2023-07-08,0.065760999917984,-0.00495734788742519,0,0,0.47685048675413605,0.5231495132458639,0.5231495132458639,1.0,0.1,0.24752228054874498,240,740,840,870
2023-07-09,0.0654349997639656,-0.0029342318740031015,0,1,0.5010793660897098,0.4989206339102902,0.5010793660897098,1.0,0.1,0.24752228054874498,240,740,840,870
2023-07-10,0.0652429983019828,0.0006744498283453026,1,1,0.5567934443047962,0.44320655569520384,0.5567934443047962,1.0,0.1,0.24752228054874498,240,740,840,870
2023-07-11,0.0652870014309883,-0.0033084653506981754,0,0,0.4808998658391936,0.5191001341608064,0.5191001341608064,1.0,0.1,0.24752228054874498,240,740,840,870
2023-07-12,0.0650710016489029,0.08353945105855698,1,1,0.5349093396107283,0.4650906603892717,0.5349093396107283,1.0,0.1,0.24752228054874498,240,740,840,870
2023-07-13,0.0705069974064827,-0.02805388274626397,0,0,0.4589380010645555,0.5410619989354445,0.5410619989354445,1.0,0.1,0.24752228054874498,240,740,840,870
2023-07-14,0.0685290023684501,0.04958486300049647,1,1,0.5535274247479682,0.44647257525203177,0.5535274247479682,1.0,0.1,0.24752228054874498,240,740,840,870
2023-07-15,0.0719270035624504,-0.032991816035813915,0,1,0.5138206709450552,0.48617932905494476,0.5138206709450552,1.0,0.1,0.24752228054874498,240,740,840,870
2023-07-16,0.0695540010929107,0.0050463933980196,1,1,0.5148926137867281,0.4851073862132719,0.5148926137867281,1.0,0.1,0.24752228054874498,240,740,840,870
2023-07-17,0.0699049979448318,-0.018911397720648093,0,1,0.5299439041462471,0.47005609585375285,0.5299439041462471,1.0,0.1,0.24752228054874498,240,740,840,870
2023-07-18,0.068582996726036,0.022979550147125716,1,1,0.5057966348561164,0.49420336514388363,0.5057966348561164,1.0,0.1,0.24752228054874498,240,740,840,870
2023-07-19,0.0701590031385421,0.005088364334319806,1,1,0.5119488453012359,0.48805115469876414,0.5119488453012359,1.0,scale,0.2509793958990708,270,770,870,900
2023-07-20,0.0705159977078437,0.03940949001304683,1,1,0.5160593654905267,0.48394063450947333,0.5160593654905267,1.0,scale,0.2509793958990708,270,770,870,900
2023-07-21,0.073294997215271,-0.03904767151939681,0,1,0.510322681823064,0.48967731817693605,0.510322681823064,1.0,scale,0.2509793958990708,270,770,870,900
2023-07-22,0.070432998239994,0.019678300523296333,1,1,0.5195340217240464,0.4804659782759536,0.5195340217240464,1.0,scale,0.2509793958990708,270,770,870,900
2023-07-23,0.0718189999461174,0.03409958915420108,1,1,0.5110062800916418,0.48899371990835816,0.5110062800916418,1.0,scale,0.2509793958990708,270,770,870,900
2023-07-24,0.0742679983377456,0.10202243520870025,1,1,0.5058793147223487,0.4941206852776513,0.5058793147223487,1.0,scale,0.2509793958990708,270,770,870,900
2023-07-25,0.0818450003862381,-0.047492182557203444,0,1,0.5043543011067149,0.49564569889328514,0.5043543011067149,1.0,scale,0.2509793958990708,270,770,870,900
2023-07-26,0.0779580026865005,-0.005079732620903443,0,1,0.5237528703337123,0.4762471296662877,0.5237528703337123,1.0,scale,0.2509793958990708,270,770,870,900
2023-07-27,0.0775619968771934,-0.0031071464079203137,0,1,0.5147254403064307,0.48527455969356925,0.5147254403064307,1.0,scale,0.2509793958990708,270,770,870,900
2023-07-28,0.0773210003972053,0.037079167368883725,1,1,0.5167393145888354,0.4832606854111646,0.5167393145888354,1.0,scale,0.2509793958990708,270,770,870,900
2023-07-29,0.0801879987120628,-0.02652515630210417,0,1,0.5094133193929015,0.49058668060709854,0.5094133193929015,1.0,scale,0.2509793958990708,270,770,870,900
2023-07-30,0.0780609995126724,-0.0031129589383396272,0,1,0.5220039625241538,0.4779960374758462,0.5220039625241538,1.0,scale,0.2509793958990708,270,770,870,900
2023-07-31,0.0778179988265037,0.002878533360205271,1,1,0.5175730464887471,0.48242695351125287,0.5175730464887471,1.0,scale,0.2509793958990708,270,770,870,900
2023-08-01,0.0780420005321502,-0.04906335504295145,0,1,0.5160595988625075,0.4839404011374925,0.5160595988625075,1.0,scale,0.2509793958990708,270,770,870,900
2023-08-02,0.0742129981517791,-0.008057867418956532,0,1,0.5240897799106594,0.4759102200893406,0.5240897799106594,1.0,scale,0.2509793958990708,270,770,870,900
2023-08-03,0.0736149996519088,-0.0027032202418553197,0,1,0.5162494860276161,0.4837505139723839,0.5162494860276161,1.0,scale,0.2509793958990708,270,770,870,900
2023-08-04,0.0734160020947456,0.03091966503239596,1,1,0.5123492078147768,0.4876507921852232,0.5123492078147768,1.0,scale,0.2509793958990708,270,770,870,900
2023-08-05,0.0756860002875328,-0.018761708902473417,0,1,0.5094655510731265,0.4905344489268735,0.5094655510731265,1.0,scale,0.2509793958990708,270,770,870,900
2023-08-06,0.0742660015821456,-0.01136457803084956,0,1,0.5145009435156254,0.48549905648437464,0.5145009435156254,1.0,scale,0.2509793958990708,270,770,870,900
2023-08-07,0.0734219998121261,0.02130156535052863,1,1,0.5127276958612561,0.4872723041387439,0.5127276958612561,1.0,scale,0.2509793958990708,270,770,870,900
2023-08-08,0.0749860033392906,0.00437410843373387,1,0,0.4980486359030889,0.5019513640969111,0.5019513640969111,1.0,scale,0.2509793958990708,270,770,870,900
2023-08-09,0.075314000248909,0.006492770323196062,1,1,0.5046109870325042,0.4953890129674958,0.5046109870325042,1.0,scale,0.2509793958990708,270,770,870,900
2023-08-10,0.0758029967546463,-0.0018072349550918299,0,1,0.5044167683416506,0.4955832316583494,0.5044167683416506,1.0,scale,0.2509793958990708,270,770,870,900
2023-08-11,0.0756660029292106,0.014220361945816773,1,1,0.504767750998531,0.495232249001469,0.504767750998531,1.0,scale,0.2509793958990708,270,770,870,900
2023-08-12,0.0767420008778572,-0.02552713619246072,0,1,0.5022918809926873,0.4977081190073127,0.5022918809926873,1.0,scale,0.2509793958990708,270,770,870,900
2023-08-13,0.0747829973697662,-0.0006953131569303883,0,1,0.5086020233468695,0.49139797665313045,0.5086020233468695,1.0,scale,0.2509793958990708,270,770,870,900
2023-08-14,0.0747309997677803,-0.051758958547789446,0,1,0.5067267708553999,0.49327322914460014,0.5067267708553999,1.0,scale,0.2509793958990708,270,770,870,900
2023-08-15,0.0708630010485649,-0.051931165270451496,0,1,0.5157677014201972,0.48423229857980277,0.5157677014201972,1.0,scale,0.2509793958990708,270,770,870,900
2023-08-16,0.0671830028295517,-0.08927859689591555,0,1,0.5185695782515491,0.48143042174845085,0.5185695782515491,1.0,scale,0.2509793958990708,270,770,870,900
2023-08-17,0.061184998601675,0.03348864661664663,1,1,0.5327070415780464,0.4672929584219536,0.5327070415780464,1.0,scale,0.2509793958990708,270,770,870,900
2023-08-18,0.0632340013980865,0.008286670490498915,1,0,0.48589068738135177,0.5141093126186482,0.5141093126186482,1.0,scale,0.2497401210587874,300,800,900,930
2023-08-19,0.0637580007314682,0.0011293078525447253,1,0,0.4835695233365351,0.5164304766634649,0.5164304766634649,1.0,scale,0.2497401210587874,300,800,900,930
2023-08-20,0.0638300031423568,-0.020382350283957185,0,0,0.48667794782983387,0.5133220521701661,0.5133220521701661,1.0,scale,0.2497401210587874,300,800,900,930
2023-08-21,0.0625289976596832,0.001119571045576473,1,0,0.4956257104144369,0.5043742895855631,0.5043742895855631,1.0,scale,0.2497401210587874,300,800,900,930
2023-08-22,0.0625990033149719,0.01883408221191951,1,0,0.4836039380808721,0.5163960619191279,0.5163960619191279,1.0,scale,0.2497401210587874,300,800,900,930
2023-08-23,0.0637779980897903,-0.01163404141381763,0,0,0.4796014437224744,0.5203985562775256,0.5203985562775256,1.0,scale,0.2497401210587874,300,800,900,930
2023-08-24,0.0630360022187233,0.0007614163099805005,1,0,0.4812124154764976,0.5187875845235024,0.5187875845235024,1.0,scale,0.2497401210587874,300,800,900,930
2023-08-25,0.0630839988589286,-0.003424002694699446,0,0,0.4808556950783843,0.5191443049216157,0.5191443049216157,1.0,scale,0.2497401210587874,300,800,900,930
2023-08-26,0.0628679990768432,0.0048196255036738744,1,0,0.47699591586605405,0.523004084133946,0.523004084133946,1.0,scale,0.2497401210587874,300,800,900,930
2023-08-27,0.0631709992885589,0.004226607292560969,1,0,0.48035828227460003,0.5196417177254,0.5196417177254,1.0,scale,0.2497401210587874,300,800,900,930
2023-08-28,0.0634379982948303,0.04653365598277981,1,0,0.4813467344146002,0.5186532655853998,0.5186532655853998,1.0,scale,0.2497401210587874,300,800,900,930
2023-08-29,0.0663900002837181,-0.008314484303448166,0,0,0.4872546907479589,0.5127453092520411,0.5127453092520411,1.0,scale,0.2497401210587874,300,800,900,930
2023-08-30,0.0658380016684532,-0.031182599423966395,0,0,0.4889793612709389,0.5110206387290611,0.5110206387290611,1.0,scale,0.2497401210587874,300,800,900,930
2023-08-31,0.0637850016355514,0.0010033783128717833,1,1,0.5067104202751983,0.4932895797248017,0.5067104202751983,1.0,scale,0.2497401210587874,300,800,900,930
2023-09-01,0.063849002122879,-0.005560075372814444,0,0,0.4928422046482576,0.5071577953517423,0.5071577953517423,1.0,scale,0.2497401210587874,300,800,900,930
2023-09-02,0.0634939968585968,-0.005055491538391577,0,0,0.49385275526010364,0.5061472447398964,0.5061472447398964,1.0,scale,0.2497401210587874,300,800,900,930
2023-09-03,0.0631730034947395,0.00018988229302707715,1,0,0.4927546816448809,0.5072453183551191,0.5072453183551191,1.0,scale,0.2497401210587874,300,800,900,930
2023-09-04,0.0631849989295005,0.012772053500794245,1,0,0.4968565171780921,0.5031434828219079,0.5031434828219079,1.0,scale,0.2497401210587874,300,800,900,930
2023-09-05,0.0639920011162757,-0.005922671236616606,0,0,0.49388322240626215,0.5061167775937379,0.5061167775937379,1.0,scale,0.2497401210587874,300,800,900,930
2023-09-06,0.0636129975318908,-0.0005344347945033245,0,0,0.4936673701172945,0.5063326298827056,0.5063326298827056,1.0,scale,0.2497401210587874,300,800,900,930
2023-09-07,0.0635790005326271,0.0011009642196588842,1,0,0.49240095891784896,0.507599041082151,0.507599041082151,1.0,scale,0.2497401210587874,300,800,900,930
2023-09-08,0.0636489987373352,-0.0038335098557579217,0,0,0.49306935634739857,0.5069306436526014,0.5069306436526014,1.0,scale,0.2497401210587874,300,800,900,930
2023-09-09,0.0634049996733665,-0.03277344794258519,0,0,0.49223734703330924,0.5077626529666908,0.5077626529666908,1.0,scale,0.2497401210587874,300,800,900,930
2023-09-10,0.0613269992172718,-0.014104676850030584,0,1,0.506481166121589,0.493518833878411,0.506481166121589,1.0,scale,0.2497401210587874,300,800,900,930
2023-09-11,0.0604620017111301,0.008087666499590584,1,0,0.49282190228878253,0.5071780977112175,0.5071780977112175,1.0,scale,0.2497401210587874,300,800,900,930
2023-09-12,0.0609509982168674,0.005397823622648401,1,0,0.4768975230661044,0.5231024769338957,0.5231024769338957,1.0,scale,0.2497401210587874,300,800,900,930
2023-09-13,0.0612800009548664,0.012924289007870904,1,0,0.477818168696153,0.522181831303847,0.522181831303847,1.0,scale,0.2497401210587874,300,800,900,930
2023-09-14,0.0620720013976097,0.007749098175128699,1,0,0.4840293044269778,0.5159706955730222,0.5159706955730222,1.0,scale,0.2497401210587874,300,800,900,930
2023-09-15,0.0625530034303665,-0.006474547394494823,0,0,0.48537746925477154,0.5146225307452285,0.5146225307452285,1.0,scale,0.2497401210587874,300,800,900,930
2023-09-16,0.0621480010449886,-0.010153196177100199,0,0,0.4907107280918259,0.5092892719081741,0.5092892719081741,1.0,scale,0.2497401210587874,300,800,900,930
2023-09-17,0.0615170001983642,0.00811156117137779,1,1,0.5100158308500209,0.4899841691499791,0.5100158308500209,0.1,scale,0.24984885291172587,330,830,930,960
2023-09-18,0.0620159991085529,0.01117460958967964,1,1,0.509026976361107,0.49097302363889295,0.509026976361107,0.1,scale,0.24984885291172587,330,830,930,960
2023-09-19,0.0627090036869049,-0.0012598821860455578,0,1,0.5067745380534455,0.4932254619465545,0.5067745380534455,0.1,scale,0.24984885291172587,330,830,930,960
2023-09-20,0.0626299977302551,-0.020501350454958267,0,1,0.5086240505056402,0.4913759494943598,0.5086240505056402,0.1,scale,0.24984885291172587,330,830,930,960
2023-09-21,0.0613459981977939,0.003015708390878391,1,1,0.5176325413352936,0.4823674586647064,0.5176325413352936,0.1,scale,0.24984885291172587,330,830,930,960
2023-09-22,0.0615309998393058,-0.0003900199926114567,0,1,0.5053859267622735,0.49461407323772655,0.5053859267622735,0.1,scale,0.24984885291172587,330,830,930,960
2023-09-23,0.0615070015192031,-0.012421368982220349,0,1,0.5080816148043004,0.49191838519569964,0.5080816148043004,0.1,scale,0.24984885291172587,330,830,930,960
2023-09-24,0.0607430003583431,0.0035559616879501377,1,1,0.5116279994131844,0.4883720005868156,0.5116279994131844,0.1,scale,0.24984885291172587,330,830,930,960
2023-09-25,0.0609590001404285,-0.005905623086716938,0,1,0.5106490889061971,0.4893509110938029,0.5106490889061971,0.1,scale,0.24984885291172587,330,830,930,960
2023-09-26,0.060598999261856,-0.0015676600118510464,0,1,0.5116267411410915,0.4883732588589085,0.5116267411410915,0.1,scale,0.24984885291172587,330,830,930,960
2023-09-27,0.060504000633955,0.016197291628273325,1,1,0.5099998912425764,0.4900001087574236,0.5099998912425764,0.1,scale,0.24984885291172587,330,830,930,960
2023-09-28,0.0614840015769004,0.011287476629081805,1,1,0.5069998639489444,0.49300013605105564,0.5069998639489444,0.1,scale,0.24984885291172587,330,830,930,960
2023-09-29,0.0621780008077621,-0.0005950590685391832,0,1,0.5080744626822168,0.4919255373177832,0.5080744626822168,0.1,scale,0.24984885291172587,330,830,930,960
2023-09-30,0.0621410012245178,0.016929235252307828,1,1,0.5094416632820995,0.4905583367179005,0.5094416632820995,0.1,scale,0.24984885291172587,330,830,930,960
2023-10-01,0.0631930008530616,-0.01792923781904432,0,1,0.510032367599886,0.489967632400114,0.510032367599886,0.1,scale,0.24984885291172587,330,830,930,960
2023-10-02,0.062059998512268,-0.0108604280278215,0,1,0.5150662693328173,0.4849337306671827,0.5150662693328173,0.1,scale,0.24984885291172587,330,830,930,960
2023-10-03,0.0613860003650188,0.0016615913688036166,1,1,0.5090091342400114,0.4909908657599886,0.5090091342400114,0.1,scale,0.24984885291172587,330,830,930,960
2023-10-04,0.0614879988133907,-0.009188783003350132,0,1,0.5091759689357371,0.49082403106426287,0.5091759689357371,0.1,scale,0.24984885291172587,330,830,930,960
2023-10-05,0.0609229989349842,0.008256321598777427,1,1,0.5109738778463717,0.4890261221536283,0.5109738778463717,0.1,scale,0.24984885291172587,330,830,930,960
2023-10-06,0.0614259988069534,0.00047213534231071996,1,1,0.509454467079949,0.490545532920051,0.509454467079949,0.1,scale,0.24984885291172587,330,830,930,960
2023-10-07,0.0614550001919269,-0.007273636104575654,0,1,0.5100896713923585,0.4899103286076415,0.5100896713923585,0.1,scale,0.24984885291172587,330,830,930,960
2023-10-08,0.0610079988837242,-0.03653615408711519,0,1,0.5114436459178932,0.48855635408210685,0.5114436459178932,0.1,scale,0.24984885291172587,330,830,930,960
2023-10-09,0.0587790012359619,0.004185160341043659,1,1,0.520816555493089,0.47918344450691097,0.520816555493089,0.1,scale,0.24984885291172587,330,830,930,960
2023-10-10,0.0590250007808208,-0.009402815618866356,0,1,0.508033673028845,0.49196632697115505,0.508033673028845,0.1,scale,0.24984885291172587,330,830,930,960
2023-10-11,0.0584699995815753,-0.009799864559223548,0,1,0.5124361062122879,0.48756389378771214,0.5124361062122879,0.1,scale,0.24984885291172587,330,830,930,960
2023-10-12,0.057897001504898,0.008653287356109596,1,1,0.5092856724391062,0.49071432756089384,0.5092856724391062,0.1,scale,0.24984885291172587,330,830,930,960
2023-10-13,0.058398000895977,0.02501796684811941,1,1,0.5080991460333081,0.4919008539666919,0.5080991460333081,0.1,scale,0.24984885291172587,330,830,930,960
2023-10-14,0.059859000146389,-0.008503338067714195,0,1,0.5052675248662583,0.49473247513374174,0.5052675248662583,0.1,scale,0.24984885291172587,330,830,930,960
2023-10-15,0.0593499988317489,0.012872808355497423,1,1,0.5083699458274309,0.4916300541725691,0.5083699458274309,0.1,scale,0.24984885291172587,330,830,930,960
2023-10-16,0.060113999992609,-0.0165352594072814,0,1,0.5120782526480804,0.4879217473519196,0.5120782526480804,0.1,scale,0.24984885291172587,330,830,930,960
2023-10-17,0.0591199994087219,-0.007560852289970721,0,1,0.5165927174157997,0.4834072825842003,0.5165927174157997,10.0,scale,0.25068319884236123,360,860,960,990
2023-10-18,0.0586730018258094,0.0035791306543007106,1,1,0.5189550148413503,0.4810449851586497,0.5189550148413503,10.0,scale,0.25068319884236123,360,860,960,990
2023-10-19,0.058883000165224,0.01837541205919102,1,1,0.5131548052331808,0.4868451947668192,0.5131548052331808,10.0,scale,0.25068319884236123,360,860,960,990
2023-10-20,0.0599649995565414,0.020395257869733063,1,1,0.5096894742380258,0.4903105257619742,0.5096894742380258,10.0,scale,0.25068319884236123,360,860,960,990
2023-10-21,0.0611880011856555,0.006667933432568995,1,1,0.5115745527878947,0.48842544721210535,0.5115745527878947,10.0,scale,0.25068319884236123,360,860,960,990
2023-10-22,0.0615959987044334,0.08911291810179267,1,0,0.49315596187640737,0.5068440381235926,0.5068440381235926,10.0,scale,0.25068319884236123,360,860,960,990
2023-10-23,0.0670849978923797,-0.007885498838515859,0,1,0.5618163148220156,0.43818368517798445,0.5618163148220156,10.0,scale,0.25068319884236123,360,860,960,990
2023-10-24,0.0665559992194175,0.02712001965746147,1,0,0.45959617077926596,0.540403829220734,0.540403829220734,10.0,scale,0.25068319884236123,360,860,960,990
2023-10-25,0.0683609992265701,0.05128651423207864,1,0,0.4788317006776657,0.5211682993223343,0.5211682993223343,10.0,scale,0.25068319884236123,360,860,960,990
2023-10-26,0.0718669965863227,-0.05546347772222604,0,1,0.5285496819508861,0.47145031804911386,0.5285496819508861,10.0,scale,0.25068319884236123,360,860,960,990
2023-10-27,0.0678810030221939,0.01649936767588911,1,0,0.4469246836953239,0.5530753163046761,0.5530753163046761,10.0,scale,0.25068319884236123,360,860,960,990
2023-10-28,0.0690009966492652,0.005188336619279754,1,1,0.5021950850483183,0.49780491495168167,0.5021950850483183,10.0,scale,0.25068319884236123,360,860,960,990
2023-10-29,0.0693589970469474,0.004195631271278755,1,1,0.500015838954932,0.49998416104506804,0.500015838954932,10.0,scale,0.25068319884236123,360,860,960,990
2023-10-30,0.0696500018239021,-0.01971285580800264,0,0,0.49152141001635485,0.5084785899836451,0.5084785899836451,10.0,scale,0.25068319884236123,360,860,960,990
2023-10-31,0.0682770013809204,0.00826049019727626,1,0,0.4687142856151842,0.5312857143848158,0.5312857143848158,10.0,scale,0.25068319884236123,360,860,960,990
2023-11-01,0.0688410028815269,-0.013175343786144822,0,1,0.5053499250616803,0.4946500749383197,0.5053499250616803,10.0,scale,0.25068319884236123,360,860,960,990
2023-11-02,0.0679339990019798,0.0030912660492543598,1,0,0.4960278344649682,0.5039721655350318,0.5039721655350318,10.0,scale,0.25068319884236123,360,860,960,990
2023-11-03,0.0681440010666847,0.013720880726312723,1,1,0.5225768144604781,0.4774231855395219,0.5225768144604781,10.0,scale,0.25068319884236123,360,860,960,990
2023-11-04,0.0690789967775344,0.031051403497078356,1,1,0.5304115218783553,0.4695884781216447,0.5304115218783553,10.0,scale,0.25068319884236123,360,860,960,990
2023-11-05,0.071223996579647,0.07240539093843945,1,1,0.5269695538724685,0.47303044612753153,0.5269695538724685,10.0,scale,0.25068319884236123,360,860,960,990
2023-11-06,0.0763809978961944,-0.03748311009196115,0,1,0.5340453405225374,0.4659546594774626,0.5340453405225374,10.0,scale,0.25068319884236123,360,860,960,990
2023-11-07,0.0735180005431175,0.026700903245316487,1,0,0.4598387114996429,0.540161288500357,0.540161288500357,10.0,scale,0.25068319884236123,360,860,960,990
2023-11-08,0.0754809975624084,-0.026761622475739766,0,1,0.5168935651492951,0.4831064348507049,0.5168935651492951,10.0,scale,0.25068319884236123,360,860,960,990
2023-11-09,0.073461003601551,0.02699383727955529,1,0,0.47693063259250357,0.5230693674074964,0.5230693674074964,10.0,scale,0.25068319884236123,360,860,960,990
2023-11-10,0.0754439979791641,0.039260918660048105,1,1,0.5149099051750115,0.48509009482498855,0.5149099051750115,10.0,scale,0.25068319884236123,360,860,960,990
2023-11-11,0.0784059986472129,-0.005420452844711154,0,1,0.5216883765115063,0.47831162348849365,0.5216883765115063,10.0,scale,0.25068319884236123,360,860,960,990
2023-11-12,0.0779810026288032,-0.04102285850394294,0,0,0.4837991539102589,0.5162008460897411,0.5162008460897411,10.0,scale,0.25068319884236123,360,860,960,990
2023-11-13,0.0747819989919662,-0.03109034807966926,0,0,0.46639065562811355,0.5336093443718865,0.5336093443718865,10.0,scale,0.25068319884236123,360,860,960,990
2023-11-14,0.0724570006132125,0.05381123358794149,1,0,0.491200086618268,0.508799913381732,0.508799913381732,10.0,scale,0.25068319884236123,360,860,960,990
2023-11-15,0.0763560011982917,0.03825501698862355,1,1,0.5591764878571351,0.44082351214286486,0.5591764878571351,10.0,scale,0.25068319884236123,360,860,960,990
2023-11-16,0.0792770013213157,0.08863857199071568,1,1,0.5288713582095564,0.47112864179044356,0.5288713582095564,0.1,scale,0.24952617532928692,390,890,990,1020
2023-11-17,0.0863040015101432,-0.06860630617945584,0,1,0.5201875787790677,0.47981242122093226,0.5201875787790677,0.1,scale,0.24952617532928692,390,890,990,1020
2023-11-18,0.0803830027580261,0.0024010031121091124,1,1,0.5461077973530394,0.4538922026469606,0.5461077973530394,0.1,scale,0.24952617532928692,390,890,990,1020
2023-11-19,0.0805760025978088,-0.033471576908823186,0,1,0.5315210225882654,0.4684789774117346,0.5315210225882654,0.1,scale,0.24952617532928692,390,890,990,1020
2023-11-20,0.0778789967298507,-0.0739608803125531,0,1,0.5424261834106846,0.4575738165893154,0.5424261834106846,0.1,scale,0.24952617532928692,390,890,990,1020
2023-11-21,0.0721189975738525,0.05081879010476409,1,1,0.556456815138318,0.443543184861682,0.556456815138318,0.1,scale,0.24952617532928692,390,890,990,1020
2023-11-22,0.0757839977741241,0.0054893272966294315,1,1,0.5242570155330764,0.47574298446692365,0.5242570155330764,0.1,scale,0.24952617532928692,390,890,990,1020
2023-11-23,0.0762000009417533,0.02646980055812964,1,1,0.5334556324346166,0.4665443675653834,0.5334556324346166,0.1,scale,0.24952617532928692,390,890,990,1020
2023-11-24,0.0782169997692108,0.009435319202279135,1,1,0.5293853992631429,0.4706146007368571,0.5293853992631429,0.1,scale,0.24952617532928692,390,890,990,1020
2023-11-25,0.0789550021290779,-0.0031790589951407044,0,1,0.5281344584414744,0.47186554155852556,0.5281344584414744,0.1,scale,0.24952617532928692,390,890,990,1020
2023-11-26,0.0787039995193481,0.0010672627333130347,1,1,0.5330426391766826,0.4669573608233174,0.5330426391766826,0.1,scale,0.24952617532928692,390,890,990,1020
2023-11-27,0.0787879973649978,0.02818961325406777,1,1,0.5357753552054016,0.46422464479459835,0.5357753552054016,0.1,scale,0.24952617532928692,390,890,990,1020
2023-11-28,0.0810090005397796,-0.005135270955786253,0,1,0.5236856926420079,0.4763143073579921,0.5236856926420079,0.1,scale,0.24952617532928692,390,890,990,1020
2023-11-29,0.0805929973721504,0.03504027776994523,1,1,0.5297656611006881,0.4702343388993119,0.5297656611006881,0.1,scale,0.24952617532928692,390,890,990,1020
2023-11-30,0.083416998386383,0.005274722133896903,1,1,0.5221712290534306,0.4778287709465694,0.5221712290534306,0.1,scale,0.24952617532928692,390,890,990,1020
2023-12-01,0.0838569998741149,0.028882472437375295,1,1,0.5248469057460984,0.4751530942539016,0.5248469057460984,0.1,scale,0.24952617532928692,390,890,990,1020
2023-12-02,0.08627899736166,-0.007695913989526404,0,1,0.5232307710696766,0.47676922893032336,0.5232307710696766,0.1,scale,0.24952617532928692,390,890,990,1020
2023-12-03,0.0856150016188621,0.07387722846239297,1,1,0.5313924209930597,0.4686075790069403,0.5313924209930597,0.1,scale,0.24952617532928692,390,890,990,1020
2023-12-04,0.0919400006532669,0.025092427231231618,1,1,0.5206952651984229,0.4793047348015771,0.5206952651984229,0.1,scale,0.24952617532928692,390,890,990,1020
2023-12-05,0.0942469984292984,0.0065466799076456805,1,1,0.5273659917327286,0.4726340082672714,0.5273659917327286,0.1,scale,0.24952617532928692,390,890,990,1020
2023-12-06,0.0948640033602714,0.011131652706384276,1,1,0.5303714137011307,0.4696285862988693,0.5303714137011307,0.1,scale,0.24952617532928692,390,890,990,1020
2023-12-07,0.0959199965000152,0.05786076672628959,1,1,0.5288004403607589,0.4711995596392411,0.5288004403607589,0.1,scale,0.24952617532928692,390,890,990,1020
2023-12-08,0.1014700010418891,-0.028855855314086853,0,1,0.5235594569486344,0.47644054305136563,0.5235594569486344,0.1,scale,0.24952617532928692,390,890,990,1020
2023-12-09,0.0985419973731041,0.033072225541000755,1,1,0.537317399925841,0.46268260007415896,0.537317399925841,0.1,scale,0.24952617532928692,390,890,990,1020
2023-12-10,0.1018010005354881,-0.07285783824480119,0,1,0.5266815411597919,0.47331845884020807,0.5266815411597919,0.1,scale,0.24952617532928692,390,890,990,1020
2023-12-11,0.0943839997053146,-0.005816621810882827,0,1,0.5509774372687045,0.4490225627312955,0.5509774372687045,0.1,scale,0.24952617532928692,390,890,990,1020
2023-12-12,0.0938350036740303,0.027633565954051642,1,1,0.5341859135617227,0.46581408643827726,0.5341859135617227,0.1,scale,0.24952617532928692,390,890,990,1020
2023-12-13,0.0964279994368553,0.01894679535326871,1,1,0.5287126579960022,0.4712873420039978,0.5287126579960022,0.1,scale,0.24952617532928692,390,890,990,1020
2023-12-14,0.0982550010085105,-0.053442550378715925,0,1,0.5302740718069319,0.46972592819306813,0.5302740718069319,0.1,scale,0.24952617532928692,390,890,990,1020
2023-12-15,0.0930040031671524,0.04356799836190395,1,1,0.5454174132692958,0.4545825867307042,0.5454174132692958,0.1,scale,0.24952617532928692,390,890,990,1020
2023-12-16,0.0970560014247894,-0.04079088415458898,0,1,0.5200673882035511,0.47993261179644886,0.5200673882035511,1.0,scale,0.24609305150064612,420,920,1020,1050
2023-12-17,0.0930970013141632,-0.011396714340181191,0,1,0.5949154656884552,0.4050845343115448,0.5949154656884552,1.0,scale,0.24609305150064612,420,920,1020,1050
2023-12-18,0.0920360013842582,-0.01889481005334559,0,1,0.5752706352068383,0.4247293647931617,0.5752706352068383,1.0,scale,0.24609305150064612,420,920,1020,1050
2023-12-19,0.0902969986200332,0.012403524976117186,1,1,0.561311307438529,0.438688692561471,0.561311307438529,1.0,scale,0.24609305150064612,420,920,1020,1050
2023-12-20,0.0914169996976852,0.03923777944873019,1,1,0.5459015444611587,0.4540984555388413,0.5459015444611587,1.0,scale,0.24609305150064612,420,920,1020,1050
2023-12-21,0.0950039997696876,0.0020420005268515506,1,1,0.5246780628977339,0.4753219371022661,0.5246780628977339,1.0,scale,0.24609305150064612,420,920,1020,1050
2023-12-22,0.0951979979872703,-0.01718521945904017,0,1,0.5354711128624337,0.46452888713756635,0.5354711128624337,1.0,scale,0.24609305150064612,420,920,1020,1050
2023-12-23,0.0935619994997978,-0.017817066354380295,0,1,0.5472123580991451,0.45278764190085485,0.5472123580991451,1.0,scale,0.24609305150064612,420,920,1020,1050
2023-12-24,0.0918949991464614,0.02779258335821133,1,1,0.5649025217403969,0.4350974782596031,0.5649025217403969,1.0,scale,0.24609305150064612,420,920,1020,1050
2023-12-25,0.0944489985704422,-0.03274779852532983,0,1,0.5168333232775175,0.4831666767224825,0.5168333232775175,1.0,scale,0.24609305150064612,420,920,1020,1050
2023-12-26,0.0913560017943382,0.024333375878097696,1,1,0.5846566135978594,0.41534338640214064,0.5846566135978594,1.0,scale,0.24609305150064612,420,920,1020,1050
2023-12-27,0.09357900172472,-0.018113033949707646,0,1,0.5202245965260036,0.4797754034739964,0.5202245965260036,1.0,scale,0.24609305150064612,420,920,1020,1050
2023-12-28,0.0918840020895004,-0.009207245074016712,0,1,0.5585298705985237,0.44147012940147634,0.5585298705985237,1.0,scale,0.24609305150064612,420,920,1020,1050
2023-12-29,0.0910380035638809,-0.009776155229508032,0,1,0.5540799662680649,0.4459200337319351,0.5540799662680649,1.0,scale,0.24609305150064612,420,920,1020,1050
2023-12-30,0.0901480019092559,-0.007498764407667835,0,1,0.5360761101381006,0.46392388986189936,0.5360761101381006,1.0,scale,0.24609305150064612,420,920,1020,1050
2023-12-31,0.0894720032811164,0.028522835347521536,1,1,0.5524632009454911,0.44753679905450894,0.5524632009454911,1.0,scale,0.24609305150064612,420,920,1020,1050
2024-01-01,0.0920239984989166,-0.008910675614100305,0,1,0.5272083888902823,0.4727916111097177,0.5272083888902823,1.0,scale,0.24609305150064612,420,920,1020,1050
2024-01-02,0.0912040024995803,-0.10045613197536096,0,1,0.5708820890289376,0.42911791097106244,0.5708820890289376,1.0,scale,0.24609305150064612,420,920,1020,1050
2024-01-03,0.0820420011878013,0.025462582678403844,1,1,0.6626490869565983,0.3373509130434017,0.6626490869565983,1.0,scale,0.24609305150064612,420,920,1020,1050
2024-01-04,0.0841310024261474,-0.016141521972618866,0,1,0.5151769507316897,0.4848230492683103,0.5151769507316897,1.0,scale,0.24609305150064612,420,920,1020,1050
2024-01-05,0.0827730000019073,-0.025479306013066916,0,1,0.5631556239710537,0.4368443760289463,0.5631556239710537,1.0,scale,0.24609305150064612,420,920,1020,1050
2024-01-06,0.0806640014052391,-0.03023653265369497,0,1,0.56557602699263,0.43442397300737,0.56557602699263,1.0,scale,0.24609305150064612,420,920,1020,1050
2024-01-07,0.0782250016927719,0.040204560698157144,1,1,0.5793821119855875,0.42061788801441247,0.5793821119855875,1.0,scale,0.24609305150064612,420,920,1020,1050
2024-01-08,0.0813700035214424,-0.025894085656676502,0,1,0.5257661600701504,0.4742338399298496,0.5257661600701504,1.0,scale,0.24609305150064612,420,920,1020,1050
2024-01-09,0.0792630016803741,0.046415096113173515,1,1,0.5838841712779013,0.41611582872209874,0.5838841712779013,1.0,scale,0.24609305150064612,420,920,1020,1050
2024-01-10,0.0829420015215873,0.0202912483301958,1,0,0.4925154067792092,0.5074845932207908,0.5074845932207908,1.0,scale,0.24609305150064612,420,920,1020,1050
2024-01-11,0.0846249982714653,-0.054109308933874445,0,1,0.520700760215638,0.47929923978436195,0.520700760215638,1.0,scale,0.24609305150064612,420,920,1020,1050
2024-01-12,0.080045998096466,0.010956205336166924,1,1,0.5809750714908882,0.41902492850911177,0.5809750714908882,1.0,scale,0.24609305150064612,420,920,1020,1050
2024-01-13,0.0809229984879493,-0.011677790717704695,0,1,0.5175967948056521,0.4824032051943479,0.5175967948056521,1.0,scale,0.24609305150064612,420,920,1020,1050
2024-01-14,0.0799779966473579,0.01434146927676383,1,1,0.5670008865778828,0.43299911342211717,0.5670008865778828,1.0,scale,0.24609305150064612,420,920,1020,1050
2024-01-15,0.0811249986290931,0.002280405785489492,1,1,0.515486881323411,0.48451311867658897,0.515486881323411,0.1,scale,0.24847625885469984,450,950,1050,1080
2024-01-16,0.0813099965453147,-0.009900356841682778,0,1,0.5329632544635485,0.46703674553645147,0.5329632544635485,0.1,scale,0.24847625885469984,450,950,1050,1080
2024-01-17,0.0805049985647201,-0.03127753882899731,0,1,0.5347120751625702,0.46528792483742976,0.5347120751625702,0.1,scale,0.24847625885469984,450,950,1050,1080
2024-01-18,0.0779870003461837,0.007039583890230627,1,1,0.5551862080144249,0.44481379198557514,0.5551862080144249,0.1,scale,0.24847625885469984,450,950,1050,1080
2024-01-19,0.0785359963774681,0.11907923053796998,1,1,0.5281255144772952,0.47187448552270483,0.5281255144772952,0.1,scale,0.24847625885469984,450,950,1050,1080
2024-01-20,0.0878880023956298,-0.029753831087624416,0,0,0.4876064672475596,0.5123935327524404,0.5123935327524404,0.1,scale,0.24847625885469984,450,950,1050,1080
2024-01-21,0.0852729976177215,-0.057837784185927776,0,1,0.5561792849640894,0.4438207150359106,0.5561792849640894,0.1,scale,0.24847625885469984,450,950,1050,1080
2024-01-22,0.0803409963846206,-0.027221453844902155,0,1,0.5696820166830793,0.4303179833169207,0.5696820166830793,0.1,scale,0.24847625885469984,450,950,1050,1080
2024-01-23,0.0781539976596832,0.011029536537532358,1,1,0.5595626771524502,0.4404373228475498,0.5595626771524502,0.1,scale,0.24847625885469984,450,950,1050,1080
2024-01-24,0.0790160000324249,-0.01370610375067427,0,1,0.5310144766394349,0.4689855233605651,0.5310144766394349,0.1,scale,0.24847625885469984,450,950,1050,1080
2024-01-25,0.0779329985380172,0.02525250980163518,1,1,0.5468602734338696,0.45313972656613044,0.5468602734338696,0.1,scale,0.24847625885469984,450,950,1050,1080
2024-01-26,0.0799010023474693,0.0030161884445463194,1,1,0.5273441623187747,0.4726558376812253,0.5273441623187747,0.1,scale,0.24847625885469984,450,950,1050,1080
2024-01-27,0.0801419988274574,-0.01658303178633691,0,1,0.52462345132547,0.47537654867453005,0.52462345132547,0.1,scale,0.24847625885469984,450,950,1050,1080
2024-01-28,0.0788130015134811,0.03141612739222954,1,1,0.5438390533001154,0.4561609466998846,0.5438390533001154,0.1,scale,0.24847625885469984,450,950,1050,1080
2024-01-29,0.0812890008091926,-0.01926460243299377,0,1,0.5236528360463841,0.47634716395361587,0.5236528360463841,0.1,scale,0.24847625885469984,450,950,1050,1080
2024-01-30,0.0797230005264282,-0.012029169439190635,0,1,0.5301499466521906,0.4698500533478094,0.5301499466521906,0.1,scale,0.24847625885469984,450,950,1050,1080
2024-01-31,0.0787639990448951,0.007147975339414581,1,1,0.5336470397746902,0.4663529602253098,0.5336470397746902,0.1,scale,0.24847625885469984,450,950,1050,1080
2024-02-01,0.0793270021677017,-0.001185018629503487,0,1,0.5216179620359862,0.4783820379640138,0.5216179620359862,0.1,scale,0.24847625885469984,450,950,1050,1080
2024-02-02,0.0792329981923103,-0.007345356934941649,0,1,0.5275196210265312,0.47248037897346884,0.5275196210265312,0.1,scale,0.24847625885469984,450,950,1050,1080
2024-02-03,0.0786510035395622,-0.005251052943538781,0,1,0.5195199550983741,0.4804800449016259,0.5195199550983741,0.1,scale,0.24847625885469984,450,950,1050,1080
2024-02-04,0.0782380029559135,-0.00023007492576643251,0,1,0.5295095227706617,0.47049047722933834,0.5295095227706617,0.1,scale,0.24847625885469984,450,950,1050,1080
2024-02-05,0.0782200023531913,0.003144922170392306,1,1,0.5307791843383335,0.4692208156616665,0.5307791843383335,0.1,scale,0.24847625885469984,450,950,1050,1080
2024-02-06,0.07846599817276,0.020875318377352237,1,1,0.5192090777923115,0.4807909222076885,0.5192090777923115,0.1,scale,0.24847625885469984,450,950,1050,1080
2024-02-07,0.0801040008664131,-0.0029087436892967222,0,1,0.5152278905149101,0.48477210948508986,0.5152278905149101,0.1,scale,0.24847625885469984,450,950,1050,1080
2024-02-08,0.0798709988594055,0.021384494031027934,1,1,0.5298373265065293,0.47016267349347074,0.5298373265065293,0.1,scale,0.24847625885469984,450,950,1050,1080
2024-02-09,0.0815789997577667,-0.0016057577126965539,0,1,0.5185500216942305,0.4814499783057695,0.5185500216942305,0.1,scale,0.24847625885469984,450,950,1050,1080
2024-02-10,0.0814480036497116,-0.003130875651747189,0,1,0.5203249342326706,0.47967506576732943,0.5203249342326706,0.1,scale,0.24847625885469984,450,950,1050,1080
2024-02-11,0.0811930000782013,0.014188431517571098,1,1,0.5347933465193636,0.4652066534806364,0.5347933465193636,0.1,scale,0.24847625885469984,450,950,1050,1080
2024-02-12,0.082345001399517,-0.015252947410546391,0,1,0.5206486123935207,0.47935138760647933,0.5206486123935207,0.1,scale,0.24847625885469984,450,950,1050,1080
2024-02-13,0.0810889974236488,0.05492732584982751,1,1,0.5395965385385685,0.4604034614614315,0.5395965385385685,0.1,scale,0.24847625885469984,450,950,1050,1080
2024-02-14,0.0855429992079734,-0.0021860599246414925,0,0,0.44616186834545696,0.5538381316545431,0.5538381316545431,1.0,scale,0.24874328704046614,480,980,1080,1110
2024-02-15,0.0853559970855712,0.0076971703225343635,1,1,0.5383501208684598,0.4616498791315402,0.5383501208684598,1.0,scale,0.24874328704046614,480,980,1080,1110
2024-02-16,0.0860129967331886,-0.028135204832721805,0,1,0.5112408727270653,0.4887591272729347,0.5112408727270653,1.0,scale,0.24874328704046614,480,980,1080,1110
2024-02-17,0.0835930034518241,0.0188173209837057,1,1,0.5784371980258978,0.42156280197410223,0.5784371980258978,1.0,scale,0.24874328704046614,480,980,1080,1110
2024-02-18,0.0851659998297691,0.05061882440815313,1,0,0.4914948295600345,0.5085051704399655,0.5085051704399655,1.0,scale,0.24874328704046614,480,980,1080,1110
2024-02-19,0.089477002620697,-0.03726097889986213,0,0,0.4748360883316777,0.5251639116683223,0.5251639116683223,1.0,scale,0.24874328704046614,480,980,1080,1110
2024-02-20,0.0861430019140243,-0.017737973924395245,0,1,0.6409233253447408,0.35907667465525916,0.6409233253447408,1.0,scale,0.24874328704046614,480,980,1080,1110
2024-02-21,0.0846149995923042,-0.006216345701305692,0,1,0.5592147601811905,0.44078523981880946,0.5592147601811905,1.0,scale,0.24874328704046614,480,980,1080,1110
2024-02-22,0.0840890035033226,0.004102785384141994,1,1,0.5491971740444296,0.4508028259555704,0.5491971740444296,1.0,scale,0.24874328704046614,480,980,1080,1110
2024-02-23,0.0844340026378631,0.020394633506698012,1,1,0.5447207560406858,0.4552792439593142,0.5447207560406858,1.0,scale,0.24874328704046614,480,980,1080,1110
2024-02-24,0.0861560031771659,-0.0006616415576961021,0,0,0.4956670863037424,0.5043329136962575,0.5043329136962575,1.0,scale,0.24874328704046614,480,980,1080,1110
2024-02-25,0.0860989987850189,0.03821179832627353,1,1,0.5465094811870674,0.45349051881293256,0.5465094811870674,1.0,scale,0.24874328704046614,480,980,1080,1110
2024-02-26,0.0893889963626861,0.09265128957587199,1,0,0.49488986105661653,0.5051101389433834,0.5051101389433834,1.0,scale,0.24874328704046614,480,980,1080,1110
2024-02-27,0.0976710021495819,0.19361935681713138,1,0,0.40028021282693016,0.5997197871730698,0.5997197871730698,1.0,scale,0.24874328704046614,480,980,1080,1110
2024-02-28,0.1165819987654686,0.005172306581086028,1,0,0.44119411486637017,0.5588058851336298,0.5588058851336298,1.0,scale,0.24874328704046614,480,980,1080,1110
2024-02-29,0.1171849966049194,0.19091187454159053,1,1,0.5837468365306736,0.4162531634693264,0.5837468365306736,1.0,scale,0.24874328704046614,480,980,1080,1110
2024-03-01,0.1395570039749145,0.0183724071892708,1,1,0.5775836308978173,0.4224163691021827,0.5775836308978173,1.0,scale,0.24874328704046614,480,980,1080,1110
2024-03-02,0.1421210020780563,0.08242972351788613,1,1,0.589161127584447,0.41083887241555295,0.589161127584447,1.0,scale,0.24874328704046614,480,980,1080,1110
2024-03-03,0.1538359969854354,0.1889934664302031,1,1,0.5794781235022436,0.4205218764977564,0.5794781235022436,1.0,scale,0.24874328704046614,480,980,1080,1110
2024-03-04,0.1829099953174591,-0.1584003007116488,0,1,0.5964653007336891,0.4035346992663109,0.5964653007336891,1.0,scale,0.24874328704046614,480,980,1080,1110
2024-03-05,0.1539369970560073,0.025036259005703387,1,1,0.7193169188702545,0.2806830811297455,0.7193169188702545,1.0,scale,0.24874328704046614,480,980,1080,1110
2024-03-06,0.1577910035848617,0.0020913810565983404,1,1,0.5218720057997861,0.4781279942002139,0.5218720057997861,1.0,scale,0.24874328704046614,480,980,1080,1110
2024-03-07,0.1581210047006607,0.04569911700908835,1,1,0.5195870797847665,0.4804129202152335,0.5195870797847665,1.0,scale,0.24874328704046614,480,980,1080,1110
2024-03-08,0.1653469949960708,0.08307383873595464,1,0,0.478604497872394,0.521395502127606,0.521395502127606,1.0,scale,0.24874328704046614,480,980,1080,1110
2024-03-09,0.1790830045938491,-0.051166257573915686,0,0,0.47538287016071923,0.5246171298392808,0.5246171298392808,1.0,scale,0.24874328704046614,480,980,1080,1110
2024-03-10,0.1699199974536895,0.07088627709320017,1,1,0.6042926131890377,0.3957073868109623,0.6042926131890377,1.0,scale,0.24874328704046614,480,980,1080,1110
2024-03-11,0.1819649934768676,-0.0759541198336251,0,0,0.42845970128031025,0.5715402987196898,0.5715402987196898,1.0,scale,0.24874328704046614,480,980,1080,1110
2024-03-12,0.1681440025568008,0.006030510761610097,1,1,0.5892937582139913,0.4107062417860087,0.5892937582139913,1.0,scale,0.24874328704046614,480,980,1080,1110
2024-03-13,0.1691579967737198,0.04830989708334199,1,0,0.4720352781628959,0.5279647218371041,0.5279647218371041,1.0,scale,0.24874328704046614,480,980,1080,1110
2024-03-14,0.1773300021886825,-0.07950714323828179,0,0,0.4088796985751893,0.5911203014248108,0.5911203014248108,1.0,scale,0.24874328704046614,480,980,1080,1110
2024-03-15,0.1632310003042221,-0.12781271044919873,0,1,0.6318754819276017,0.3681245180723983,0.6318754819276017,1.0,scale,0.2410718764183461,510,1010,1110,1140
2024-03-16,0.1423680037260055,0.08402166387294341,1,1,0.7138674702225516,0.2861325297774484,0.7138674702225516,1.0,scale,0.2410718764183461,510,1010,1110,1140
2024-03-17,0.1543300002813339,-0.06905331135895654,0,0,0.383303627484388,0.616696372515612,0.616696372515612,1.0,scale,0.2410718764183461,510,1010,1110,1140
2024-03-18,0.1436730027198791,-0.10402093731707085,0,1,0.6186639003636946,0.38133609963630544,0.6186639003636946,1.0,scale,0.2410718764183461,510,1010,1110,1140
2024-03-19,0.1287280023097992,0.18222922423163412,1,1,0.7418677223111095,0.25813227768889047,0.7418677223111095,1.0,scale,0.2410718764183461,510,1010,1110,1140
2024-03-20,0.1521860063076019,0.02040922233656417,1,0,0.30066171240599243,0.6993382875940075,0.6993382875940075,1.0,scale,0.2410718764183461,510,1010,1110,1140
2024-03-21,0.1552920043468475,-0.016671832284697263,0,0,0.4613409639333413,0.5386590360666588,0.5386590360666588,1.0,scale,0.2410718764183461,510,1010,1110,1140
2024-03-22,0.1527030020952224,0.05936361485110142,1,1,0.5290637563527255,0.4709362436472745,0.5290637563527255,1.0,scale,0.2410718764183461,510,1010,1110,1140
2024-03-23,0.1617680042982101,0.09077808749706495,1,0,0.38481269114404454,0.6151873088559554,0.6151873088559554,1.0,scale,0.2410718764183461,510,1010,1110,1140
2024-03-24,0.1764529943466186,-0.006154594495995314,0,0,0.37255488441720164,0.6274451155827984,0.6274451155827984,1.0,scale,0.2410718764183461,510,1010,1110,1140
2024-03-25,0.175366997718811,0.040594867053909134,1,0,0.4897322083781414,0.5102677916218585,0.5102677916218585,1.0,scale,0.2410718764183461,510,1010,1110,1140
2024-03-26,0.1824859976768493,0.042984125656885475,1,0,0.4272186699019206,0.5727813300980794,0.5727813300980794,1.0,scale,0.2410718764183461,510,1010,1110,1140
2024-03-27,0.1903299987316131,0.15618136309651032,1,0,0.3852920112147645,0.6147079887852356,0.6147079887852356,1.0,scale,0.2410718764183461,510,1010,1110,1140
2024-03-28,0.2200559973716735,-0.02983333635795049,0,0,0.3972019408182984,0.6027980591817016,0.6027980591817016,1.0,scale,0.2410718764183461,510,1010,1110,1140
2024-03-29,0.2134909927845001,-0.06584350621875767,0,1,0.5502999418071135,0.4497000581928865,0.5502999418071135,1.0,scale,0.2410718764183461,510,1010,1110,1140
2024-03-30,0.1994339972734451,0.10344275451443496,1,1,0.6072251618371676,0.39277483816283243,0.6072251618371676,1.0,scale,0.2410718764183461,510,1010,1110,1140
2024-03-31,0.2200639992952346,-0.06586266682330888,0,0,0.3647268888846185,0.6352731111153815,0.6352731111153815,1.0,scale,0.2410718764183461,510,1010,1110,1140
2024-04-01,0.2055699974298477,-0.11317800664836641,0,1,0.6277712093446572,0.37222879065534276,0.6277712093446572,1.0,scale,0.2410718764183461,510,1010,1110,1140
2024-04-02,0.1823039948940277,-0.03706441623466794,0,1,0.7242312034712807,0.27576879652871933,0.7242312034712807,1.0,scale,0.2410718764183461,510,1010,1110,1140
2024-04-03,0.1755470037460327,0.02494482529140729,1,1,0.6275611770182168,0.3724388229817832,0.6275611770182168,1.0,scale,0.2410718764183461,510,1010,1110,1140
2024-04-04,0.1799259930849075,-0.01338326833892789,0,0,0.4870008009892356,0.5129991990107644,0.5129991990107644,1.0,scale,0.2410718764183461,510,1010,1110,1140
2024-04-05,0.1775179952383041,0.047505038810022215,1,1,0.561696761868921,0.43830323813107896,0.561696761868921,1.0,scale,0.2410718764183461,510,1010,1110,1140
2024-04-06,0.1859509944915771,0.07075525524562964,1,0,0.4270338528258854,0.5729661471741145,0.5729661471741145,1.0,scale,0.2410718764183461,510,1010,1110,1140
2024-04-07,0.1991080045700073,0.0177390780600859,1,0,0.37695529926591265,0.6230447007340874,0.6230447007340874,1.0,scale,0.2410718764183461,510,1010,1110,1140
2024-04-08,0.2026399970054626,-0.06730656948262159,0,0,0.45347027003690105,0.5465297299630989,0.5465297299630989,1.0,scale,0.2410718764183461,510,1010,1110,1140
2024-04-09,0.1890009939670562,0.058110832834922466,1,1,0.6066847128626381,0.39331528713736186,0.6066847128626381,1.0,scale,0.2410718764183461,510,1010,1110,1140
2024-04-10,0.19998399913311,-0.029867371289677203,0,0,0.37053572902768345,0.6294642709723166,0.6294642709723166,1.0,scale,0.2410718764183461,510,1010,1110,1140
2024-04-11,0.1940110027790069,-0.10006652914340541,0,1,0.5095966110272623,0.4904033889727377,0.5095966110272623,1.0,scale,0.2410718764183461,510,1010,1110,1140
2024-04-12,0.1745969951152801,-0.12273408411671005,0,1,0.7109420234568617,0.28905797654313825,0.7109420234568617,1.0,scale,0.2410718764183461,510,1010,1110,1140
2024-04-13,0.1531679928302765,0.059522926997265246,1,1,0.7500238471898224,0.2499761528101776,0.7500238471898224,1.0,scale,0.2410718764183461,510,1010,1110,1140
2024-04-14,0.1622850000858307,-0.005644416800220764,0,0,0.43628174882690723,0.5637182511730927,0.5637182511730927,1.0,scale,0.24122757054308386,540,1040,1140,1170
2024-04-15,0.1613689959049224,-0.03333967416146377,0,1,0.5212707305600905,0.47872926943990946,0.5212707305600905,1.0,scale,0.24122757054308386,540,1040,1140,1170
2024-04-16,0.1559890061616897,-0.05374740465092276,0,1,0.5621001225700938,0.4378998774299062,0.5621001225700938,1.0,scale,0.24122757054308386,540,1040,1140,1170
2024-04-17,0.1476050019264221,0.03281051816729175,1,1,0.6006173617949443,0.3993826382050557,0.6006173617949443,1.0,scale,0.24122757054308386,540,1040,1140,1170
2024-04-18,0.1524479985237121,0.02505773848133419,1,0,0.4539493210179743,0.5460506789820256,0.5460506789820256,1.0,scale,0.24122757054308386,540,1040,1140,1170
2024-04-19,0.1562680006027221,0.0419727608590017,1,0,0.46026340484088357,0.5397365951591164,0.5397365951591164,1.0,scale,0.24122757054308386,540,1040,1140,1170
2024-04-20,0.1628270000219345,-0.028048157179352273,0,0,0.40089253465588914,0.5991074653441109,0.5991074653441109,1.0,scale,0.24122757054308386,540,1040,1140,1170
2024-04-21,0.1582600027322769,0.01853907421288481,1,0,0.4997324046110145,0.5002675953889855,0.5002675953889855,1.0,scale,0.24122757054308386,540,1040,1140,1170
2024-04-22,0.1611939966678619,-0.007754623830580454,0,0,0.4279343454930613,0.5720656545069387,0.5720656545069387,1.0,scale,0.24122757054308386,540,1040,1140,1170
2024-04-23,0.1599439978599548,-0.053706284715558494,0,0,0.4717514911875,0.5282485088125,0.5282485088125,1.0,scale,0.24122757054308386,540,1040,1140,1170
2024-04-24,0.1513539999723434,0.0002642461821400488,1,1,0.5737935652475987,0.4262064347524013,0.5737935652475987,1.0,scale,0.24122757054308386,540,1040,1140,1170
2024-04-25,0.1513939946889877,-0.023494964851451527,0,0,0.4654501028558699,0.53454989714413,0.53454989714413,1.0,scale,0.24122757054308386,540,1040,1140,1170
2024-04-26,0.1478369981050491,-0.0008184516084941418,0,1,0.5195799191887425,0.48042008081125753,0.5195799191887425,1.0,scale,0.24122757054308386,540,1040,1140,1170
2024-04-27,0.1477160006761551,-0.006884861807961662,0,1,0.5092524083919222,0.4907475916080778,0.5092524083919222,1.0,scale,0.24122757054308386,540,1040,1140,1170
2024-04-28,0.146698996424675,-0.021861077362340886,0,0,0.49462667047258313,0.5053733295274169,0.5053733295274169,1.0,scale,0.24122757054308386,540,1040,1140,1170
2024-04-29,0.1434919983148574,-0.07084012447057686,0,1,0.5533614086676075,0.4466385913323925,0.5533614086676075,1.0,scale,0.24122757054308386,540,1040,1140,1170
2024-04-30,0.1333270072937011,-0.023948680648194887,0,1,0.6391443976369243,0.3608556023630757,0.6391443976369243,1.0,scale,0.24122757054308386,540,1040,1140,1170
2024-05-01,0.1301340013742447,0.015153647397357917,1,1,0.5889727368899447,0.41102726311005533,0.5889727368899447,1.0,scale,0.24122757054308386,540,1040,1140,1170
2024-05-02,0.1321060061454773,0.10627823590906038,1,0,0.4804003170234178,0.5195996829765822,0.5195996829765822,1.0,scale,0.24122757054308386,540,1040,1140,1170
2024-05-03,0.1461459994316101,0.0958698539880738,1,0,0.34776443662653767,0.6522355633734623,0.6522355633734623,1.0,scale,0.24122757054308386,540,1040,1140,1170
2024-05-04,0.1601569950580597,0.005688245409311898,1,0,0.3995022508501196,0.6004977491498804,0.6004977491498804,1.0,scale,0.24122757054308386,540,1040,1140,1170
2024-05-05,0.1610680073499679,-0.027690210027836448,0,0,0.4872492458554477,0.5127507541445523,0.5127507541445523,1.0,scale,0.24122757054308386,540,1040,1140,1170
2024-05-06,0.1566080003976822,-0.04098133311004948,0,1,0.5457366488765191,0.45426335112348093,0.5457366488765191,1.0,scale,0.24122757054308386,540,1040,1140,1170
2024-05-07,0.150189995765686,-0.04591510336260851,0,1,0.5545479864730052,0.4454520135269948,0.5545479864730052,1.0,scale,0.24122757054308386,540,1040,1140,1170
2024-05-08,0.1432940065860748,0.061572655090347705,1,1,0.6001314720530019,0.3998685279469981,0.6001314720530019,1.0,scale,0.24122757054308386,540,1040,1140,1170
2024-05-09,0.1521169990301132,-0.05315642541009613,0,0,0.41289672100918057,0.5871032789908195,0.5871032789908195,1.0,scale,0.24122757054308386,540,1040,1140,1170
2024-05-10,0.1440310031175613,-0.007685895683079758,0,1,0.6184972877118529,0.38150271228814714,0.6184972877118529,1.0,scale,0.24122757054308386,540,1040,1140,1170
2024-05-11,0.1429239958524704,-0.011845424688423534,0,1,0.5132213621727363,0.4867786378272637,0.5132213621727363,1.0,scale,0.24122757054308386,540,1040,1140,1170
2024-05-12,0.1412310004234314,0.05100153494694748,1,1,0.5436867999079424,0.45631320009205756,0.5436867999079424,1.0,scale,0.24122757054308386,540,1040,1140,1170
2024-05-13,0.1484339982271194,-0.020312035543376794,0,0,0.4893575607105616,0.5106424392894384,0.5106424392894384,1.0,scale,0.24122757054308386,540,1040,1140,1170
2024-05-14,0.1454190015792846,0.06950257938801352,1,1,0.5703713913259906,0.4296286086740094,0.5703713913259906,10.0,scale,0.24296868747192985,570,1070,1170,1200
2024-05-15,0.1555259972810745,-0.03786504257426815,0,0,0.4353777545663312,0.5646222454336688,0.5646222454336688,10.0,scale,0.24296868747192985,570,1070,1170,1200
2024-05-16,0.1496369987726211,0.03960249230006596,1,1,0.5792390416655309,0.42076095833446914,0.5792390416655309,10.0,scale,0.24296868747192985,570,1070,1170,1200
2024-05-17,0.1555629968643188,-0.01598060319228911,0,0,0.44417520828043994,0.55582479171956,0.55582479171956,10.0,scale,0.24296868747192985,570,1070,1170,1200
2024-05-18,0.1530770063400268,-0.02593473810122726,0,0,0.4901278095415916,0.5098721904584085,0.5098721904584085,10.0,scale,0.24296868747192985,570,1070,1170,1200
2024-05-19,0.1491069942712783,0.11120201958726228,1,1,0.5413525439148753,0.4586474560851247,0.5413525439148753,10.0,scale,0.24296868747192985,570,1070,1170,1200
2024-05-20,0.1656879931688308,0.028885615452212132,1,0,0.33812140897315307,0.661878591026847,0.661878591026847,10.0,scale,0.24296868747192985,570,1070,1170,1200
2024-05-21,0.1704739928245544,-0.025288287491359474,0,0,0.4813715412105021,0.5186284587894979,0.5186284587894979,10.0,scale,0.24296868747192985,570,1070,1170,1200
2024-05-22,0.1661629974842071,-0.03941911988241387,0,1,0.5914726237122104,0.40852737628778957,0.5914726237122104,10.0,scale,0.24296868747192985,570,1070,1170,1200
2024-05-23,0.1596129983663559,0.026250981776784865,1,1,0.5813527973555292,0.41864720264447075,0.5813527973555292,10.0,scale,0.24296868747192985,570,1070,1170,1200
2024-05-24,0.1638029962778091,0.06200743716268886,1,0,0.46883569116535506,0.5311643088346449,0.5311643088346449,10.0,scale,0.24296868747192985,570,1070,1170,1200
2024-05-25,0.1739600002765655,-0.0444930204557753,0,0,0.4596668264821414,0.5403331735178586,0.5403331735178586,10.0,scale,0.24296868747192985,570,1070,1170,1200
2024-05-26,0.1662199944257736,0.017266324423445,1,1,0.6269696069253747,0.37303039307462527,0.6269696069253747,10.0,scale,0.24296868747192985,570,1070,1170,1200
2024-05-27,0.1690900027751922,-0.024413087782457876,0,0,0.4696312252273206,0.5303687747726794,0.5303687747726794,10.0,scale,0.24296868747192985,570,1070,1170,1200
2024-05-28,0.1649619936943054,-0.007680563288882114,0,1,0.5343755892544775,0.4656244107455225,0.5343755892544775,10.0,scale,0.24296868747192985,570,1070,1170,1200
2024-05-29,0.1636949926614761,-0.02535805527070778,0,1,0.5102127632894603,0.4897872367105397,0.5102127632894603,10.0,scale,0.24296868747192985,570,1070,1170,1200
2024-05-30,0.1595440059900283,-0.0025573426724297965,0,1,0.5438828991082629,0.45611710089173707,0.5438828991082629,10.0,scale,0.24296868747192985,570,1070,1170,1200
2024-05-31,0.1591359972953796,0.006686120877544388,1,0,0.4858237534042602,0.5141762465957398,0.5141762465957398,10.0,scale,0.24296868747192985,570,1070,1170,1200
2024-06-01,0.1601999998092651,-0.01872030464596275,0,0,0.4363996905247371,0.5636003094752629,0.5636003094752629,10.0,scale,0.24296868747192985,570,1070,1170,1200
2024-06-02,0.1572010070085525,0.006876481634673581,1,1,0.5226235809077203,0.4773764190922797,0.5226235809077203,10.0,scale,0.24296868747192985,570,1070,1170,1200
2024-06-03,0.158281996846199,0.02001492168469121,1,0,0.4798422731770022,0.5201577268229978,0.5201577268229978,10.0,scale,0.24296868747192985,570,1070,1170,1200
2024-06-04,0.1614499986171722,0.011056024859327218,1,0,0.4121131485858061,0.587886851414194,0.587886851414194,10.0,scale,0.24296868747192985,570,1070,1170,1200
2024-06-05,0.163234993815422,-0.018843919607577364,0,0,0.4538552022265504,0.5461447977734496,0.5461447977734496,10.0,scale,0.24296868747192985,570,1070,1170,1200
2024-06-06,0.1601590067148208,-0.07402646182032901,0,1,0.522780160400881,0.47721983959911896,0.522780160400881,10.0,scale,0.24296868747192985,570,1070,1170,1200
2024-06-07,0.1483030021190643,-0.015131154693027171,0,1,0.6634115561084424,0.3365884438915576,0.6634115561084424,10.0,scale,0.24296868747192985,570,1070,1170,1200
2024-06-08,0.1460590064525604,0.004895196357750375,1,0,0.4939903377132833,0.5060096622867167,0.5060096622867167,10.0,scale,0.24296868747192985,570,1070,1170,1200
2024-06-09,0.1467739939689636,-0.013857997229598351,0,0,0.4745038640084733,0.5254961359915267,0.5254961359915267,10.0,scale,0.24296868747192985,570,1070,1170,1200
2024-06-10,0.1447400003671646,-0.04584768344802659,0,1,0.5483905271460543,0.4516094728539457,0.5483905271460543,10.0,scale,0.24296868747192985,570,1070,1170,1200
2024-06-11,0.1381040066480636,0.058593420826471565,1,1,0.6268161446633921,0.3731838553366079,0.6268161446633921,10.0,scale,0.24296868747192985,570,1070,1170,1200
2024-06-12,0.1461959928274154,-0.035130909066075855,0,0,0.4067729283135232,0.5932270716864768,0.5932270716864768,10.0,scale,0.24296868747192985,570,1070,1170,1200
2024-06-13,0.1410599946975708,-0.043173121371895884,0,1,0.5679025746570799,0.43209742534292006,0.5679025746570799,1.0,scale,0.24526953958242792,600,1100,1200,1230
2024-06-14,0.1349699944257736,0.011824878393293048,1,1,0.6205321022706658,0.3794678977293342,0.6205321022706658,1.0,scale,0.24526953958242792,600,1100,1200,1230
2024-06-15,0.1365659981966018,0.0027167019338911746,1,0,0.4932250342055318,0.5067749657944682,0.5067749657944682,1.0,scale,0.24526953958242792,600,1100,1200,1230
2024-06-16,0.1369370073080063,-0.05877164260327927,0,1,0.5164539022135872,0.4835460977864128,0.5164539022135872,1.0,scale,0.24526953958242792,600,1100,1200,1230
2024-06-17,0.1288889944553375,-0.051152516522740776,0,1,0.7036565600382354,0.2963434399617646,0.7036565600382354,1.0,scale,0.24526953958242792,600,1100,1200,1230
2024-06-18,0.1222959980368614,0.00036797203120109145,1,1,0.6657797629872431,0.33422023701275694,0.6657797629872431,1.0,scale,0.24526953958242792,600,1100,1200,1230
2024-06-19,0.1223409995436668,0.016985345788705253,1,1,0.5380354589774545,0.46196454102254547,0.5380354589774545,1.0,scale,0.24526953958242792,600,1100,1200,1230
2024-06-20,0.1244190037250518,-0.0031345745398165814,0,1,0.5337830271626987,0.46621697283730135,0.5337830271626987,1.0,scale,0.24526953958242792,600,1100,1200,1230
2024-06-21,0.1240290030837059,-0.001935076045130546,0,1,0.5366565895935936,0.46334341040640636,0.5366565895935936,1.0,scale,0.24526953958242792,600,1100,1200,1230
2024-06-22,0.1237889975309372,-0.01237586428096904,0,1,0.5131012775971393,0.4868987224028607,0.5131012775971393,1.0,scale,0.24526953958242792,600,1100,1200,1230
2024-06-23,0.1222570016980171,-0.02628889643079424,0,1,0.56963733530106,0.43036266469894,0.56963733530106,1.0,scale,0.24526953958242792,600,1100,1200,1230
2024-06-24,0.1190430000424385,0.05972637706310402,1,1,0.6405818224069801,0.35941817759301986,0.6405818224069801,1.0,scale,0.24526953958242792,600,1100,1200,1230
2024-06-25,0.1261530071496963,-0.027538024222816593,0,0,0.4114802719044579,0.5885197280955421,0.5885197280955421,1.0,scale,0.24526953958242792,600,1100,1200,1230
2024-06-26,0.1226790025830268,0.03449650506747526,1,1,0.5482725626597239,0.4517274373402761,0.5482725626597239,1.0,scale,0.24526953958242792,600,1100,1200,1230
2024-06-27,0.126910999417305,-0.03247942637967394,0,0,0.46927512433436863,0.5307248756656313,0.5307248756656313,1.0,scale,0.24526953958242792,600,1100,1200,1230
2024-06-28,0.1227890029549598,-0.008877057504640962,0,1,0.5788390176272262,0.4211609823727738,0.5788390176272262,1.0,scale,0.24526953958242792,600,1100,1200,1230
2024-06-29,0.1216989979147911,0.021413524525254024,1,1,0.5117980138474788,0.4882019861525212,0.5117980138474788,1.0,scale,0.24526953958242792,600,1100,1200,1230
2024-06-30,0.1243050023913383,-0.00694260676513081,0,0,0.4990280807765746,0.5009719192234254,0.5009719192234254,1.0,scale,0.24526953958242792,600,1100,1200,1230
2024-07-01,0.1234420016407966,0.01275094526501408,1,1,0.5457976201496948,0.4542023798503052,0.5457976201496948,1.0,scale,0.24526953958242792,600,1100,1200,1230
2024-07-02,0.1250160038471222,-0.0523533549900943,0,0,0.4787089452796568,0.5212910547203432,0.5212910547203432,1.0,scale,0.24526953958242792,600,1100,1200,1230
2024-07-03,0.1184709966182708,-0.11466093634401286,0,1,0.6504440707640908,0.34955592923590917,0.6504440707640908,1.0,scale,0.24526953958242792,600,1100,1200,1230
2024-07-04,0.1048870012164115,0.006740592121082356,1,1,0.7607944393899948,0.2392055606100052,0.7607944393899948,1.0,scale,0.24526953958242792,600,1100,1200,1230
2024-07-05,0.1055940017104148,0.07596072615394855,1,1,0.5936952961285549,0.4063047038714451,0.5936952961285549,1.0,scale,0.24526953958242792,600,1100,1200,1230
2024-07-06,0.1136149987578392,-0.082585930872068,0,0,0.4043845826839933,0.5956154173160066,0.5956154173160066,1.0,scale,0.24526953958242792,600,1100,1200,1230
2024-07-07,0.1042319983243942,0.032130236196675765,1,1,0.6863225732121395,0.3136774267878605,0.6863225732121395,1.0,scale,0.24526953958242792,600,1100,1200,1230
2024-07-08,0.1075809970498085,-0.0006320261049087561,0,1,0.5377448814724061,0.46225511852759393,0.5377448814724061,1.0,scale,0.24526953958242792,600,1100,1200,1230
2024-07-09,0.1075130030512809,0.00473425399360039,1,1,0.5187987322109703,0.4812012677890297,0.5187987322109703,1.0,scale,0.24526953958242792,600,1100,1200,1230
2024-07-10,0.1080219969153404,-0.012543739969198553,0,1,0.525458756624674,0.474541243375326,0.525458756624674,1.0,scale,0.24526953958242792,600,1100,1200,1230
2024-07-11,0.1066669970750808,0.009543745086997735,1,1,0.541431210653968,0.45856878934603196,0.541431210653968,1.0,scale,0.24526953958242792,600,1100,1200,1230
2024-07-12,0.1076849997043609,0.04337651443593704,1,0,0.49855832233528913,0.5014416776647108,0.5014416776647108,1.0,scale,0.24526953958242792,600,1100,1200,1230
2024-07-13,0.112355999648571,0.02752854129533122,1,0,0.41142254469457024,0.5885774553054297,0.5885774553054297,1.0,scale,0.24708471181662486,630,1130,1230,1260
2024-07-14,0.1154489964246749,0.08470412516000048,1,0,0.42815754986161264,0.5718424501383874,0.5718424501383874,1.0,scale,0.24708471181662486,630,1130,1230,1260
2024-07-15,0.125228002667427,-0.0023716939343347843,0,0,0.36120482365210915,0.6387951763478908,0.6387951763478908,1.0,scale,0.24708471181662486,630,1130,1230,1260
2024-07-16,0.1249310001730918,-0.024389438068028735,0,0,0.4705289859611271,0.529471014038873,0.529471014038873,1.0,scale,0.24708471181662486,630,1130,1230,1260
2024-07-17,0.1218840032815933,-0.01959240280912178,0,1,0.5075178009346364,0.4924821990653636,0.5075178009346364,1.0,scale,0.24708471181662486,630,1130,1230,1260
2024-07-18,0.119496002793312,0.05007693371479949,1,1,0.5158324800738282,0.4841675199261718,0.5158324800738282,1.0,scale,0.24708471181662486,630,1130,1230,1260
2024-07-19,0.1254799962043762,0.07132618913597466,1,0,0.40668907373143565,0.5933109262685643,0.5933109262685643,1.0,scale,0.24708471181662486,630,1130,1230,1260
2024-07-20,0.1344300061464309,0.042691276175823134,1,0,0.38030563706225956,0.6196943629377405,0.6196943629377405,1.0,scale,0.24708471181662486,630,1130,1230,1260
2024-07-21,0.1401689946651458,-0.016323144793719546,0,0,0.4409284490607065,0.5590715509392935,0.5590715509392935,1.0,scale,0.24708471181662486,630,1130,1230,1260
2024-07-22,0.1378809958696365,-0.054322164711975485,0,1,0.5110933841865961,0.4889066158134039,0.5110933841865961,1.0,scale,0.24708471181662486,630,1130,1230,1260
2024-07-23,0.1303910017013549,-0.01766229444349421,0,1,0.5687917461199902,0.43120825388000983,0.5687917461199902,1.0,scale,0.24708471181662486,630,1130,1230,1260
2024-07-24,0.1280879974365234,-0.02238303644553663,0,1,0.5153146758010188,0.48468532419898125,0.5153146758010188,1.0,scale,0.24708471181662486,630,1130,1230,1260
2024-07-25,0.1252209991216659,0.07264751966427108,1,1,0.538150157665631,0.461849842334369,0.538150157665631,1.0,scale,0.24708471181662486,630,1130,1230,1260
2024-07-26,0.1343179941177368,-0.02029503674757538,0,0,0.3826436866030882,0.6173563133969118,0.6173563133969118,1.0,scale,0.24708471181662486,630,1130,1230,1260
2024-07-27,0.1315920054912567,-0.01152815256273687,0,1,0.5255389978896471,0.4744610021103529,0.5255389978896471,1.0,scale,0.24708471181662486,630,1130,1230,1260
2024-07-28,0.130074992775917,-0.0107706504100894,0,1,0.5019801811536533,0.4980198188463467,0.5019801811536533,1.0,scale,0.24708471181662486,630,1130,1230,1260
2024-07-29,0.1286740005016327,-0.023928665644644465,0,1,0.5004537231162484,0.49954627688375164,0.5004537231162484,1.0,scale,0.24708471181662486,630,1130,1230,1260
2024-07-30,0.1255950033664703,-0.028512299523357654,0,1,0.5194339395233318,0.48056606047666817,0.5194339395233318,1.0,scale,0.24708471181662486,630,1130,1230,1260
2024-07-31,0.1220140010118484,-0.022767888165206807,0,1,0.5357627463971083,0.4642372536028917,0.5357627463971083,1.0,scale,0.24708471181662486,630,1130,1230,1260
2024-08-01,0.1192359998822212,-0.06481266541215625,0,1,0.539428231008845,0.46057176899115504,0.539428231008845,1.0,scale,0.24708471181662486,630,1130,1230,1260
2024-08-02,0.1115079969167709,-0.029944041132273336,0,1,0.5830843183378396,0.4169156816621604,0.5830843183378396,1.0,scale,0.24708471181662486,630,1130,1230,1260
2024-08-03,0.1081689968705177,-0.04100984440423305,0,1,0.5468830308954067,0.4531169691045933,0.5468830308954067,1.0,scale,0.24708471181662486,630,1130,1230,1260
2024-08-04,0.1037330031394958,-0.08897845894305179,0,1,0.5562621560991995,0.4437378439008005,0.5562621560991995,1.0,scale,0.24708471181662486,630,1130,1230,1260
2024-08-05,0.0945030003786087,0.019766590575921228,1,1,0.605055932990822,0.39494406700917795,0.605055932990822,1.0,scale,0.24708471181662486,630,1130,1230,1260
2024-08-06,0.0963710024952888,-0.008882388199739188,0,0,0.4867395758347252,0.5132604241652747,0.5132604241652747,1.0,scale,0.24708471181662486,630,1130,1230,1260
2024-08-07,0.0955149978399276,0.12447263242517081,1,1,0.524164700670977,0.475835299329023,0.524164700670977,1.0,scale,0.24708471181662486,630,1130,1230,1260
2024-08-08,0.1074040010571479,-0.031935508955936776,0,0,0.3306769715827958,0.6693230284172043,0.6693230284172043,1.0,scale,0.24708471181662486,630,1130,1230,1260
2024-08-09,0.1039739996194839,0.011810618499803027,1,1,0.5070757990886313,0.4929242009113687,0.5070757990886313,1.0,scale,0.24708471181662486,630,1130,1230,1260
2024-08-10,0.1052019968628883,-0.044067577183044104,0,0,0.4485476104463759,0.5514523895536241,0.5514523895536241,1.0,scale,0.24708471181662486,630,1130,1230,1260
2024-08-11,0.1005659997463226,0.07160472790259731,1,1,0.555872539467867,0.44412746053213303,0.555872539467867,1.0,scale,0.24708471181662486,630,1130,1230,1260
2024-08-12,0.1077670007944107,-0.012536294677591764,0,0,0.3833435470255683,0.6166564529744317,0.6166564529744317,1.0,scale,0.24949429888486863,660,1160,1260,1290
2024-08-13,0.1064160019159317,-0.036282162029401155,0,0,0.4553000903008318,0.5446999096991683,0.5446999096991683,1.0,scale,0.24949429888486863,660,1160,1260,1290
2024-08-14,0.1025549992918968,-0.02230996841994215,0,0,0.49699462625589347,0.5030053737441065,0.5030053737441065,1.0,scale,0.24949429888486863,660,1160,1260,1290
2024-08-15,0.1002670004963874,0.001715386440488853,1,0,0.4814144984975151,0.518585501502485,0.518585501502485,1.0,scale,0.24949429888486863,660,1160,1260,1290
2024-08-16,0.1004389971494674,0.02305882768350087,1,0,0.45563908661738844,0.5443609133826115,0.5443609133826115,1.0,scale,0.24949429888486863,660,1160,1260,1290
2024-08-17,0.1027550026774406,-0.025137506368938856,0,0,0.4261124027810931,0.5738875972189069,0.5738875972189069,1.0,scale,0.24949429888486863,660,1160,1260,1290
2024-08-18,0.1001719981431961,0.013297128166023908,1,0,0.4905710716391374,0.5094289283608626,0.5094289283608626,1.0,scale,0.24949429888486863,660,1160,1260,1290
2024-08-19,0.1015039980411529,0.01474819203918809,1,0,0.44382811126129407,0.5561718887387059,0.5561718887387059,1.0,scale,0.24949429888486863,660,1160,1260,1290
2024-08-20,0.1030009984970092,0.030640468846748536,1,0,0.4409465771956976,0.5590534228043025,0.5590534228043025,1.0,scale,0.24949429888486863,660,1160,1260,1290
2024-08-21,0.1061569973826408,-0.007997528942527588,0,0,0.41349034753734,0.5865096524626601,0.5865096524626601,1.0,scale,0.24949429888486863,660,1160,1260,1290
2024-08-22,0.1053080037236213,0.07234961495170489,1,0,0.45854674551639846,0.5414532544836015,0.5414532544836015,1.0,scale,0.24949429888486863,660,1160,1260,1290
2024-08-23,0.112926997244358,-0.0026211328838762205,0,0,0.37623607225069633,0.6237639277493037,0.6237639277493037,1.0,scale,0.24949429888486863,660,1160,1260,1290
2024-08-24,0.1126310005784034,-0.026040814636321352,0,0,0.44769135953591455,0.5523086404640855,0.5523086404640855,1.0,scale,0.24949429888486863,660,1160,1260,1290
2024-08-25,0.1096979975700378,-0.0401647959957121,0,0,0.4839687703498373,0.5160312296501627,0.5160312296501627,1.0,scale,0.24949429888486863,660,1160,1260,1290
2024-08-26,0.1052919998764991,-0.05922578977024795,0,1,0.5042881474232458,0.4957118525767542,0.5042881474232458,1.0,scale,0.24949429888486863,660,1160,1260,1290
2024-08-27,0.0990559980273246,0.005764467147261421,1,1,0.5310138365016026,0.4689861634983974,0.5310138365016026,1.0,scale,0.24949429888486863,660,1160,1260,1290
2024-08-28,0.0996270030736923,0.008009820733473783,1,0,0.468939586809157,0.531060413190843,0.531060413190843,1.0,scale,0.24949429888486863,660,1160,1260,1290
2024-08-29,0.1004249975085258,0.01611157954167375,1,0,0.45932854485345453,0.5406714551465455,0.5406714551465455,1.0,scale,0.24949429888486863,660,1160,1260,1290
2024-08-30,0.1020430028438568,-0.006967664964464548,0,0,0.44674055771004484,0.5532594422899552,0.5532594422899552,1.0,scale,0.24949429888486863,660,1160,1260,1290
2024-08-31,0.1013320013880729,-0.058994227513282094,0,0,0.46028976866074245,0.5397102313392576,0.5397102313392576,1.0,scale,0.24949429888486863,660,1160,1260,1290
2024-09-01,0.0953539982438087,0.039442508972162615,1,1,0.531854928426511,0.46814507157348895,0.531854928426511,1.0,scale,0.24949429888486863,660,1160,1260,1290
2024-09-02,0.0991149991750717,-0.024173963898342254,0,0,0.4196727490272093,0.5803272509727907,0.5803272509727907,1.0,scale,0.24949429888486863,660,1160,1260,1290
2024-09-03,0.0967189967632293,0.013503084874332716,1,0,0.4835041092229976,0.5164958907770024,0.5164958907770024,1.0,scale,0.24949429888486863,660,1160,1260,1290
2024-09-04,0.0980250015854835,0.0028972326100493717,1,0,0.4585574385326224,0.5414425614673777,0.5414425614673777,1.0,scale,0.24949429888486863,660,1160,1260,1290
2024-09-05,0.0983090028166771,-0.05925200444326184,0,0,0.4573570559044998,0.5426429440955002,0.5426429440955002,1.0,scale,0.24949429888486863,660,1160,1260,1290
2024-09-06,0.0924839973449707,0.030026846065799084,1,1,0.5286930890093486,0.47130691099065136,0.5286930890093486,1.0,scale,0.24949429888486863,660,1160,1260,1290
2024-09-07,0.0952610000967979,0.008597407340927399,1,0,0.4396371330821129,0.5603628669178871,0.5603628669178871,1.0,scale,0.24949429888486863,660,1160,1260,1290
2024-09-08,0.0960799977183342,0.08065152878426551,1,0,0.4626775843797226,0.5373224156202774,0.5373224156202774,1.0,scale,0.24949429888486863,660,1160,1260,1290
2024-09-09,0.1038289964199066,-0.010758059233800354,0,0,0.38544014554344397,0.614559854456556,0.614559854456556,1.0,scale,0.24949429888486863,660,1160,1260,1290
2024-09-10,0.1027119979262352,-0.012987739314689661,0,0,0.4734635318924604,0.5265364681075396,0.5265364681075396,1.0,scale,0.24949429888486863,660,1160,1260,1290
2024-09-11,0.1013780012726783,0.014016818889188931,1,0,0.496597843665884,0.503402156334116,0.503402156334116,1.0,scale,0.24335586669730577,690,1190,1290,1320
2024-09-12,0.1027989983558654,0.04197515366609905,1,0,0.43676862344867595,0.563231376551324,0.563231376551324,1.0,scale,0.24335586669730577,690,1190,1290,1320
2024-09-13,0.1071140021085739,-0.015376168965703929,0,0,0.39579760140259546,0.6042023985974045,0.6042023985974045,1.0,scale,0.24335586669730577,690,1190,1290,1320
2024-09-14,0.1054669991135597,-0.02402649252331679,0,0,0.4855191272990508,0.5144808727009492,0.5144808727009492,1.0,scale,0.24335586669730577,690,1190,1290,1320
2024-09-15,0.1029329970479011,-0.03147675501737823,0,1,0.5265157030179519,0.4734842969820481,0.5265157030179519,1.0,scale,0.24335586669730577,690,1190,1290,1320
2024-09-16,0.0996930003166198,0.01448443743195349,1,1,0.538170298440365,0.461829701559635,0.538170298440365,1.0,scale,0.24335586669730577,690,1190,1290,1320
2024-09-17,0.1011369973421096,0.02420479229324579,1,0,0.45253643280169714,0.5474635671983028,0.5474635671983028,1.0,scale,0.24335586669730577,690,1190,1290,1320
2024-09-18,0.1035849973559379,0.013959562374671552,1,0,0.43475796480002216,0.5652420351999778,0.5652420351999778,1.0,scale,0.24335586669730577,690,1190,1290,1320
2024-09-19,0.1050309985876083,0.004189253588452679,1,0,0.452516126682056,0.547483873317944,0.547483873317944,1.0,scale,0.24335586669730577,690,1190,1290,1320
2024-09-20,0.1054710000753402,0.04340531325131214,1,0,0.4699965595708036,0.5300034404291964,0.5300034404291964,1.0,scale,0.24335586669730577,690,1190,1290,1320
2024-09-21,0.1100490018725395,-0.033712270388185805,0,0,0.3940444953154568,0.6059555046845432,0.6059555046845432,1.0,scale,0.24335586669730577,690,1190,1290,1320
2024-09-22,0.1063390001654625,0.017086890883560635,1,1,0.5374553863263632,0.46254461367363675,0.5374553863263632,1.0,scale,0.24335586669730577,690,1190,1290,1320
2024-09-23,0.1081560030579567,0.014969083701093622,1,0,0.4496294650658468,0.5503705349341532,0.5503705349341532,1.0,scale,0.24335586669730577,690,1190,1290,1320
2024-09-24,0.109774999320507,-0.011578246435683281,0,0,0.4486797982171642,0.5513202017828358,0.5513202017828358,1.0,scale,0.24335586669730577,690,1190,1290,1320
2024-09-25,0.1085039973258972,0.08913958234339203,1,1,0.5034258741079697,0.4965741258920303,0.5034258741079697,1.0,scale,0.24335586669730577,690,1190,1290,1320
2024-09-26,0.1181759983301162,0.0468623217471138,1,0,0.32963601264359427,0.6703639873564058,0.6703639873564058,1.0,scale,0.24335586669730577,690,1190,1290,1320
2024-09-27,0.1237139999866485,0.040068265371091094,1,0,0.3918370965225949,0.6081629034774051,0.6081629034774051,1.0,scale,0.24335586669730577,690,1190,1290,1320
2024-09-28,0.1286710053682327,-0.031063762273500606,0,0,0.4110965014173892,0.5889034985826108,0.5889034985826108,1.0,scale,0.24335586669730577,690,1190,1290,1320
2024-09-29,0.1246739998459816,-0.08218234111879208,0,1,0.5235438906521199,0.4764561093478801,0.5235438906521199,1.0,scale,0.24335586669730577,690,1190,1290,1320
2024-09-30,0.1144279986619949,-0.06453840557260826,0,1,0.6189870900119625,0.3810129099880375,0.6189870900119625,1.0,scale,0.24335586669730577,690,1190,1290,1320
2024-10-01,0.1070429980754852,-0.021337199768247883,0,1,0.6044734671207975,0.3955265328792025,0.6044734671207975,1.0,scale,0.24335586669730577,690,1190,1290,1320
2024-10-02,0.1047590002417564,0.0032455425708088903,1,1,0.5377850155311474,0.46221498446885256,0.5377850155311474,1.0,scale,0.24335586669730577,690,1190,1290,1320
2024-10-03,0.1050990000367164,0.03962931342920051,1,0,0.4980463918756846,0.5019536081243154,0.5019536081243154,1.0,scale,0.24335586669730577,690,1190,1290,1320
2024-10-04,0.109264001250267,0.0020408906384010717,1,0,0.41280790102029385,0.5871920989797061,0.5871920989797061,1.0,scale,0.24335586669730577,690,1190,1290,1320
2024-10-05,0.1094869971275329,0.018203079449090165,1,0,0.45673849393207366,0.5432615060679263,0.5432615060679263,1.0,scale,0.24335586669730577,690,1190,1290,1320
2024-10-06,0.1114799976348877,-0.025340863401208114,0,0,0.4387189100170602,0.5612810899829398,0.5612810899829398,1.0,scale,0.24335586669730577,690,1190,1290,1320
2024-10-07,0.108654998242855,-0.01482676191268295,0,1,0.5297977132237661,0.4702022867762339,0.5297977132237661,1.0,scale,0.24335586669730577,690,1190,1290,1320
2024-10-08,0.1070439964532852,0.008361057358279522,1,0,0.48350659068553387,0.5164934093144662,0.5164934093144662,1.0,scale,0.24335586669730577,690,1190,1290,1320
2024-10-09,0.1079389974474906,-0.018149103695939806,0,0,0.458395756994952,0.5416042430050481,0.5416042430050481,1.0,scale,0.24335586669730577,690,1190,1290,1320
2024-10-10,0.1059800013899803,0.044848093715057935,1,1,0.5071581500703575,0.49284184992964253,0.5071581500703575,1.0,scale,0.24335586669730577,690,1190,1290,1320
2024-10-11,0.1107330024242401,0.006167941881529693,1,0,0.42168773299444967,0.5783122670055503,0.5783122670055503,1.0,0.01,0.24473192110617106,720,1220,1320,1350
2024-10-12,0.1114159971475601,-0.0007180017763809277,0,0,0.45947659488654236,0.5405234051134576,0.5405234051134576,1.0,0.01,0.24473192110617106,720,1220,1320,1350
2024-10-13,0.1113360002636909,0.047765331070552364,1,0,0.47271048323811965,0.5272895167618803,0.5272895167618803,1.0,0.01,0.24473192110617106,720,1220,1320,1350
2024-10-14,0.1166540011763572,0.007483664691303682,1,0,0.4260575176877065,0.5739424823122935,0.5739424823122935,1.0,0.01,0.24473192110617106,720,1220,1320,1350
2024-10-15,0.11752700060606,0.07016257615992982,1,0,0.47446550146677785,0.5255344985332222,0.5255344985332222,1.0,0.01,0.24473192110617106,720,1220,1320,1350
2024-10-16,0.1257729977369308,0.03088899059449579,1,0,0.4123891607061048,0.5876108392938952,0.5876108392938952,1.0,0.01,0.24473192110617106,720,1220,1320,1350
2024-10-17,0.1296579986810684,0.05826873784435049,1,0,0.4495650704819978,0.5504349295180022,0.5504349295180022,1.0,0.01,0.24473192110617106,720,1220,1320,1350
2024-10-18,0.1372130066156387,0.053303959543055335,1,0,0.4249568840937353,0.5750431159062648,0.5750431159062648,1.0,0.01,0.24473192110617106,720,1220,1320,1350
2024-10-19,0.1445270031690597,-0.016910328163304178,0,0,0.4292531241382341,0.570746875861766,0.570746875861766,1.0,0.01,0.24473192110617106,720,1220,1320,1350
2024-10-20,0.142083004117012,0.011310295962392969,1,1,0.5036983143377703,0.49630168566222965,0.5036983143377703,1.0,0.01,0.24473192110617106,720,1220,1320,1350
2024-10-21,0.1436900049448013,-0.02910439658388153,0,0,0.478772429888256,0.5212275701117439,0.5212275701117439,1.0,0.01,0.24473192110617106,720,1220,1320,1350
2024-10-22,0.1395079940557479,-0.007246889974741544,0,1,0.5259904118024152,0.47400958819758476,0.5259904118024152,1.0,0.01,0.24473192110617106,720,1220,1320,1350
2024-10-23,0.138496994972229,0.025199109655128726,1,1,0.5036631103736144,0.49633688962638556,0.5036631103736144,1.0,0.01,0.24473192110617106,720,1220,1320,1350
2024-10-24,0.14198699593544,-0.07728869739959321,0,0,0.46842538715276,0.5315746128472401,0.5315746128472401,1.0,0.01,0.24473192110617106,720,1220,1320,1350
2024-10-25,0.1310130059719085,0.0484226013843736,1,1,0.5864763870050956,0.41352361299490437,0.5864763870050956,1.0,0.01,0.24473192110617106,720,1220,1320,1350
2024-10-26,0.1373569965362548,0.050634463138564234,1,0,0.43880504076548454,0.5611949592345155,0.5611949592345155,1.0,0.01,0.24473192110617106,720,1220,1320,1350
2024-10-27,0.1443119943141937,0.11667775298013972,1,0,0.43491817506881114,0.5650818249311889,0.5650818249311889,1.0,0.01,0.24473192110617106,720,1220,1320,1350
2024-10-28,0.1611499935388565,0.0911511880289897,1,0,0.3779844166782914,0.6220155833217086,0.6220155833217086,1.0,0.01,0.24473192110617106,720,1220,1320,1350
2024-10-29,0.1758390069007873,-0.043750290245480605,0,0,0.4100560147362539,0.589943985263746,0.589943985263746,1.0,0.01,0.24473192110617106,720,1220,1320,1350
2024-10-30,0.1681459993124008,-0.04028637850807082,0,1,0.5398009890026519,0.46019901099734806,0.5398009890026519,1.0,0.01,0.24473192110617106,720,1220,1320,1350
2024-10-31,0.1613720059394836,-0.013552528595062063,0,1,0.5379319759153114,0.4620680240846886,0.5379319759153114,1.0,0.01,0.24473192110617106,720,1220,1320,1350
2024-11-01,0.1591850072145462,0.0008229173736100659,1,1,0.5068649405692243,0.49313505943077574,0.5068649405692243,1.0,0.01,0.24473192110617106,720,1220,1320,1350
2024-11-02,0.1593160033226013,-0.04934847406111553,0,0,0.4904426924802444,0.5095573075197556,0.5095573075197556,1.0,0.01,0.24473192110617106,720,1220,1320,1350
2024-11-03,0.1514540016651153,0.04550553694613124,1,1,0.5622059246205243,0.4377940753794757,0.5622059246205243,1.0,0.01,0.24473192110617106,720,1220,1320,1350
2024-11-04,0.1583459973335266,0.07473504717487156,1,0,0.44163959003468134,0.5583604099653187,0.5583604099653187,1.0,0.01,0.24473192110617106,720,1220,1320,1350
2024-11-05,0.1701799929141998,0.15558825090061013,1,0,0.40248729083449236,0.5975127091655077,0.5975127091655077,1.0,0.01,0.24473192110617106,720,1220,1320,1350
2024-11-06,0.1966580003499984,-0.0177923158902501,0,0,0.3521776325494982,0.6478223674505018,0.6478223674505018,1.0,0.01,0.24473192110617106,720,1220,1320,1350
2024-11-07,0.1931589990854263,0.046453970440219594,1,1,0.5063804819032446,0.4936195180967554,0.5063804819032446,1.0,0.01,0.24473192110617106,720,1220,1320,1350
2024-11-08,0.2021320015192031,0.08226800018194091,1,0,0.44588587588084855,0.5541141241191514,0.5541141241191514,1.0,0.01,0.24473192110617106,720,1220,1320,1350
2024-11-09,0.218760997056961,0.2757986927417182,1,0,0.40873008491178275,0.5912699150882172,0.5912699150882172,1.0,0.01,0.24473192110617106,720,1220,1320,1350
2024-11-10,0.2790949940681457,0.25233708430033364,1,0,0.47152520718951807,0.5284747928104819,0.5284747928104819,0.1,scale,0.2536687440834295,750,1250,1350,1380
2024-11-11,0.3495210111141205,0.09355661363309054,1,0,0.48568837959117606,0.5143116204088239,0.5143116204088239,0.1,scale,0.2536687440834295,750,1250,1350,1380
2024-11-12,0.3822210133075714,0.04526694262838138,1,0,0.48535234487937945,0.5146476551206205,0.5146476551206205,0.1,scale,0.2536687440834295,750,1250,1350,1380
2024-11-13,0.399522989988327,-0.09480554152552423,0,0,0.48551935172895916,0.5144806482710409,0.5144806482710409,0.1,scale,0.2536687440834295,750,1250,1350,1380
2024-11-14,0.3616459965705871,0.048508812569706405,1,0,0.49241713259845143,0.5075828674015486,0.5075828674015486,0.1,scale,0.2536687440834295,750,1250,1350,1380
2024-11-15,0.3791890144348144,-0.04072111763204245,0,0,0.4800047558559408,0.5199952441440592,0.5199952441440592,0.1,scale,0.2536687440834295,750,1250,1350,1380
2024-11-16,0.3637480139732361,0.0077306212566645716,1,0,0.48810260500519176,0.5118973949948082,0.5118973949948082,0.1,scale,0.2536687440834295,750,1250,1350,1380
2024-11-17,0.3665600121021271,0.014134069632356416,1,0,0.4826336099749461,0.5173663900250539,0.5173663900250539,0.1,scale,0.2536687440834295,750,1250,1350,1380
2024-11-18,0.3717409968376159,0.05276521743034368,1,0,0.4794575423447327,0.5205424576552673,0.5205424576552673,0.1,scale,0.2536687440834295,750,1250,1350,1380
2024-11-19,0.3913559913635254,-0.03541278040483342,0,0,0.47240126063113747,0.5275987393688626,0.5275987393688626,0.1,scale,0.2536687440834295,750,1250,1350,1380
2024-11-20,0.377496987581253,0.02680817264358648,1,0,0.4847523092518112,0.5152476907481889,0.5152476907481889,0.1,scale,0.2536687440834295,750,1250,1350,1380
2024-11-21,0.3876169919967651,0.06528867466055588,1,0,0.47565098668847583,0.5243490133115242,0.5243490133115242,0.1,scale,0.2536687440834295,750,1250,1350,1380
2024-11-22,0.4129239916801452,0.041382909083298225,1,0,0.4697621109928718,0.5302378890071282,0.5302378890071282,0.1,scale,0.2536687440834295,750,1250,1350,1380
2024-11-23,0.4300119876861572,-0.00030231187496565504,0,0,0.47262372536773783,0.5273762746322621,0.5273762746322621,0.1,scale,0.2536687440834295,750,1250,1350,1380
2024-11-24,0.4298819899559021,-0.08500472045858831,0,0,0.4785733354315189,0.5214266645684811,0.5214266645684811,0.1,scale,0.2536687440834295,750,1250,1350,1380
2024-11-25,0.393339991569519,-0.014547176530310568,0,0,0.4989278464884401,0.5010721535115599,0.5010721535115599,0.1,scale,0.2536687440834295,750,1250,1350,1380
2024-11-26,0.3876180052757263,0.035878068954572795,1,0,0.49030843121299966,0.5096915687870003,0.5096915687870003,0.1,scale,0.2536687440834295,750,1250,1350,1380
2024-11-27,0.4015249907970428,0.0012278683283972747,1,0,0.47882357312224383,0.5211764268777561,0.5211764268777561,0.1,scale,0.2536687440834295,750,1250,1350,1380
2024-11-28,0.4020180106163025,0.059253554953835774,1,0,0.48798929539805563,0.5120107046019444,0.5120107046019444,0.1,scale,0.2536687440834295,750,1250,1350,1380
2024-11-29,0.4258390069007873,-0.009083276913797955,0,0,0.47289481476779055,0.5271051852322095,0.5271051852322095,0.1,scale,0.2536687440834295,750,1250,1350,1380
2024-11-30,0.4219709932804107,0.042780219531086905,1,0,0.4888653694723144,0.5111346305276856,0.5111346305276856,0.1,scale,0.2536687440834295,750,1250,1350,1380
2024-12-01,0.4400230050086975,-0.034891344381560274,0,0,0.47639150740520136,0.5236084925947986,0.5236084925947986,0.1,scale,0.2536687440834295,750,1250,1350,1380
2024-12-02,0.42467001080513,-0.03953188452612677,0,0,0.4998638304030965,0.5001361695969035,0.5001361695969035,0.1,scale,0.2536687440834295,750,1250,1350,1380
2024-12-03,0.4078820049762726,0.05902442663435403,1,1,0.5039948912778179,0.49600510872218206,0.5039948912778179,0.1,scale,0.2536687440834295,750,1250,1350,1380
2024-12-04,0.4319570064544678,-0.003173918275002352,0,0,0.47494820146519956,0.5250517985348004,0.5250517985348004,0.1,scale,0.2536687440834295,750,1250,1350,1380
2024-12-05,0.4305860102176666,0.011897714497348888,1,0,0.4971645021459679,0.5028354978540321,0.5028354978540321,0.1,scale,0.2536687440834295,750,1250,1350,1380
2024-12-06,0.435708999633789,0.04172047435397963,1,0,0.4852041361527193,0.5147958638472807,0.5147958638472807,0.1,scale,0.2536687440834295,750,1250,1350,1380
2024-12-07,0.4538869857788086,0.029544803912298967,1,0,0.47862332548955494,0.5213766745104451,0.5213766745104451,0.1,scale,0.2536687440834295,750,1250,1350,1380
2024-12-08,0.4672969877719879,-0.11251517469675332,0,0,0.47950979500121516,0.5204902049987848,0.5204902049987848,0.1,scale,0.2536687440834295,750,1250,1350,1380
2024-12-09,0.4147189855575561,-0.0487051997533714,0,1,0.542643528058799,0.457356471941201,0.542643528058799,0.1,scale,0.2536687440834295,750,1250,1350,1380
2024-12-10,0.3945200145244598,0.050623531913495334,1,1,0.5560569498378731,0.4439430501621269,0.5560569498378731,1.0,0.01,0.266114638581265,780,1280,1380,1410
2024-12-11,0.4144920110702514,-0.01916567131941771,0,0,0.47909636584453036,0.5209036341554696,0.5209036341554696,1.0,0.01,0.266114638581265,780,1280,1380,1410
2024-12-12,0.4065479934215545,0.0062305524317107785,1,1,0.5393680653698398,0.46063193463016017,0.5393680653698398,1.0,0.01,0.266114638581265,780,1280,1380,1410
2024-12-13,0.4090810120105743,-0.02714621467803735,0,1,0.5105357705189834,0.48946422948101664,0.5105357705189834,1.0,0.01,0.266114638581265,780,1280,1380,1410
2024-12-14,0.3979760110378265,0.020845435016200398,1,1,0.53859687879526,0.46140312120474003,0.53859687879526,1.0,0.01,0.266114638581265,780,1280,1380,1410
2024-12-15,0.4062719941139221,-0.010677566525085447,0,0,0.48871755399230676,0.5112824460076932,0.5112824460076932,1.0,0.01,0.266114638581265,780,1280,1380,1410
2024-12-16,0.4019339978694916,-0.01890111174243425,0,1,0.5142827315685978,0.48571726843140217,0.5142827315685978,1.0,0.01,0.266114638581265,780,1280,1380,1410
2024-12-17,0.394336998462677,-0.09204818952952121,0,1,0.5174898584078051,0.48251014159219485,0.5174898584078051,1.0,0.01,0.266114638581265,780,1280,1380,1410
2024-12-18,0.358038991689682,-0.12002319000782036,0,1,0.5821538584059595,0.41784614159404054,0.5821538584059595,1.0,0.01,0.266114638581265,780,1280,1380,1410
2024-12-19,0.3150660097599029,0.008401359041705359,1,1,0.6107428695358647,0.38925713046413535,0.6107428695358647,1.0,0.01,0.266114638581265,780,1280,1380,1410
2024-12-20,0.3177129924297333,0.010191658523814207,1,0,0.4985154070256468,0.5014845929743532,0.5014845929743532,1.0,0.01,0.266114638581265,780,1280,1380,1410
2024-12-21,0.3209510147571563,-0.027290836782867367,0,0,0.47558460845484185,0.5244153915451581,0.5244153915451581,1.0,0.01,0.266114638581265,780,1280,1380,1410
2024-12-22,0.3121919929981231,0.03852435581372604,1,0,0.49461280368733773,0.5053871963126623,0.5053871963126623,1.0,0.01,0.266114638581265,780,1280,1380,1410
2024-12-23,0.3242189884185791,0.03918647182494239,1,0,0.44182349645316815,0.5581765035468318,0.5581765035468318,1.0,0.01,0.266114638581265,780,1280,1380,1410
2024-12-24,0.3369239866733551,-0.0077316881570430596,0,0,0.4324253882398825,0.5675746117601175,0.5675746117601175,1.0,0.01,0.266114638581265,780,1280,1380,1410
2024-12-25,0.334318995475769,-0.06599381844205199,0,0,0.46327048355753764,0.5367295164424624,0.5367295164424624,1.0,0.01,0.266114638581265,780,1280,1380,1410
2024-12-26,0.3122560083866119,-0.0039071071134507696,0,1,0.513578884333878,0.486421115666122,0.513578884333878,1.0,0.01,0.266114638581265,780,1280,1380,1410
2024-12-27,0.3110359907150268,0.04141966817660414,1,0,0.46210333282804916,0.5378966671719508,0.5378966671719508,1.0,0.01,0.266114638581265,780,1280,1380,1410
2024-12-28,0.3239189982414245,-0.029633952524069085,0,0,0.42043999869136645,0.5795600013086335,0.5795600013086335,1.0,0.01,0.266114638581265,780,1280,1380,1410
2024-12-29,0.3143199980258941,-0.0025642778507170005,0,0,0.48589957556510976,0.5141004244348902,0.5141004244348902,1.0,0.01,0.266114638581265,780,1280,1380,1410
2024-12-30,0.3135139942169189,0.006912024049162913,1,0,0.4669896563654886,0.5330103436345114,0.5330103436345114,1.0,0.01,0.266114638581265,780,1280,1380,1410
2024-12-31,0.3156810104846954,0.027321886425835107,1,0,0.44925252907161467,0.5507474709283853,0.5507474709283853,1.0,0.01,0.266114638581265,780,1280,1380,1410
2025-01-01,0.3243060111999511,0.04410643578550233,1,0,0.43290834717827675,0.5670916528217232,0.5670916528217232,1.0,0.01,0.266114638581265,780,1280,1380,1410
2025-01-02,0.3386099934577942,0.1201057115090074,1,0,0.43992960915559126,0.5600703908444087,0.5600703908444087,1.0,0.01,0.266114638581265,780,1280,1380,1410
2025-01-03,0.3792789876461029,0.040780054769220975,1,0,0.39407860383457316,0.6059213961654268,0.6059213961654268,1.0,0.01,0.266114638581265,780,1280,1380,1410
2025-01-04,0.3947460055351257,-0.03086291034570421,0,0,0.45839024921479465,0.5416097507852053,0.5416097507852053,1.0,0.01,0.266114638581265,780,1280,1380,1410
2025-01-05,0.3825629949569702,0.014099669353861088,1,1,0.518240578272063,0.48175942172793695,0.518240578272063,1.0,0.01,0.266114638581265,780,1280,1380,1410
2025-01-06,0.3879570066928863,-0.10186694599965873,0,0,0.48554757781016655,0.5144524221898334,0.5144524221898334,1.0,0.01,0.266114638581265,780,1280,1380,1410
2025-01-07,0.3484370112419128,-0.01776223044122427,0,1,0.5944272957404604,0.4055727042595396,0.5944272957404604,1.0,0.01,0.266114638581265,780,1280,1380,1410
2025-01-08,0.3422479927539825,-0.06234072861946194,0,1,0.5237620811913106,0.4762379188086894,0.5237620811913106,1.0,0.01,0.266114638581265,780,1280,1380,1410
2025-01-09,0.3209120035171509,0.04072457146253439,1,1,0.5371317781073642,0.46286822189263577,0.5371317781073642,1.0,0.01,0.2623308764576608,810,1310,1410,1440
2025-01-10,0.3339810073375702,0.020881372605271675,1,0,0.47198976817650795,0.528010231823492,0.528010231823492,1.0,0.01,0.2623308764576608,810,1310,1410,1440
2025-01-11,0.34095498919487,-0.014652965578318855,0,0,0.47526980844132233,0.5247301915586777,0.5247301915586777,1.0,0.01,0.2623308764576608,810,1310,1410,1440
2025-01-12,0.3359589874744415,0.006965191694462858,1,0,0.4990505542131576,0.5009494457868424,0.5009494457868424,1.0,0.01,0.2623308764576608,810,1310,1410,1440
2025-01-13,0.3382990062236786,0.0526782041841245,1,0,0.49100858694207405,0.508991413057926,0.508991413057926,1.0,0.01,0.2623308764576608,810,1310,1410,1440
2025-01-14,0.3561199903488159,0.08309000181096904,1,0,0.45494504481393044,0.5450549551860695,0.5450549551860695,1.0,0.01,0.2623308764576608,810,1310,1410,1440
2025-01-15,0.3857100009918213,-0.023235086862593013,0,0,0.4457347600350926,0.5542652399649074,0.5542652399649074,1.0,0.01,0.2623308764576608,810,1310,1410,1440
2025-01-16,0.3767479956150055,0.10402446216113259,1,1,0.5019617224065913,0.4980382775934087,0.5019617224065913,1.0,0.01,0.2623308764576608,810,1310,1410,1440
2025-01-17,0.4159390032291412,-0.047742583668497374,0,0,0.43905603013909894,0.5609439698609011,0.5609439698609011,1.0,0.01,0.2623308764576608,810,1310,1410,1440
2025-01-18,0.3960810005664825,-0.09675798232286126,0,1,0.5221593946850346,0.4778406053149654,0.5221593946850346,1.0,0.01,0.2623308764576608,810,1310,1410,1440
2025-01-19,0.3577570021152496,-0.008802071718603477,0,1,0.5549795380730226,0.4450204619269774,0.5549795380730226,1.0,0.01,0.2623308764576608,810,1310,1410,1440
2025-01-20,0.3546079993247986,0.04785282724875972,1,1,0.5034657359632885,0.4965342640367115,0.5034657359632885,1.0,0.01,0.2623308764576608,810,1310,1410,1440
2025-01-21,0.3715769946575165,-0.022931964929574056,0,0,0.4734286368059816,0.5265713631940184,0.5265713631940184,1.0,0.01,0.2623308764576608,810,1310,1410,1440
2025-01-22,0.3630560040473938,-0.0294802931964816,0,1,0.5085375076785799,0.49146249232142014,0.5085375076785799,1.0,0.01,0.2623308764576608,810,1310,1410,1440
2025-01-23,0.3523530066013336,-0.004577854783957225,0,1,0.5183564782802825,0.48164352171971747,0.5183564782802825,1.0,0.01,0.2623308764576608,810,1310,1410,1440
2025-01-24,0.350739985704422,0.008656048098370617,1,0,0.49145889654488817,0.5085411034551118,0.5085411034551118,1.0,0.01,0.2623308764576608,810,1310,1410,1440
2025-01-25,0.3537760078907013,-0.04932500912115689,0,0,0.48279473007442086,0.5172052699255791,0.5172052699255791,1.0,0.01,0.2623308764576608,810,1310,1410,1440
2025-01-26,0.336326003074646,-0.007445130926907462,0,1,0.5144299690886062,0.48557003091139384,0.5144299690886062,1.0,0.01,0.2623308764576608,810,1310,1410,1440
2025-01-27,0.3338220119476318,-0.04417925280916135,0,1,0.5003645777171838,0.4996354222828162,0.5003645777171838,1.0,0.01,0.2623308764576608,810,1310,1410,1440
2025-01-28,0.3190740048885345,0.015012216585171378,1,1,0.5016731204705815,0.49832687952941845,0.5016731204705815,1.0,0.01,0.2623308764576608,810,1310,1410,1440
2025-01-29,0.3238640129566192,0.023605528369966988,1,0,0.46814955531587377,0.5318504446841262,0.5318504446841262,1.0,0.01,0.2623308764576608,810,1310,1410,1440
2025-01-30,0.331508994102478,-0.008388923869583342,0,0,0.46033006822251155,0.5396699317774885,0.5396699317774885,1.0,0.01,0.2623308764576608,810,1310,1410,1440
2025-01-31,0.3287279903888702,-0.06196913750429389,0,0,0.4769285321301849,0.5230714678698152,0.5230714678698152,1.0,0.01,0.2623308764576608,810,1310,1410,1440
2025-02-01,0.3083570003509521,-0.1324697895299236,0,1,0.5052871942141998,0.49471280578580024,0.5052871942141998,1.0,0.01,0.2623308764576608,810,1310,1410,1440
2025-02-02,0.2675090134143829,0.0653995777459575,1,1,0.565982497471622,0.434017502528378,0.565982497471622,1.0,0.01,0.2623308764576608,810,1310,1410,1440
2025-02-03,0.2850039899349212,-0.07319191057086127,0,0,0.459118691286397,0.5408813087136031,0.5408813087136031,1.0,0.01,0.2623308764576608,810,1310,1410,1440
2025-02-04,0.2641440033912658,-0.029949559989719265,0,1,0.515107311027684,0.48489268897231597,0.515107311027684,1.0,0.01,0.2623308764576608,810,1310,1410,1440
2025-02-05,0.2562330067157745,-0.03180313507494348,0,0,0.4921521413467925,0.5078478586532075,0.5078478586532075,1.0,0.01,0.2623308764576608,810,1310,1410,1440
2025-02-06,0.2480839937925338,-0.0059294350557865805,0,0,0.4986508435305914,0.5013491564694086,0.5013491564694086,1.0,0.01,0.2623308764576608,810,1310,1410,1440
2025-02-07,0.2466129958629608,0.026977535477819226,1,0,0.48151367913711124,0.5184863208628887,0.5184863208628887,1.0,0.01,0.2623308764576608,810,1310,1410,1440
2025-02-08,0.2532660067081451,-0.015698918252895155,0,0,0.4503647331290147,0.5496352668709853,0.5496352668709853,1.0,0.01,0.2512709225878654,840,1340,1440,1470
2025-02-09,0.2492900043725967,0.023947957057351532,1,0,0.4751179825249667,0.5248820174750333,0.5248820174750333,1.0,0.01,0.2512709225878654,840,1340,1440,1470
2025-02-10,0.2552599906921386,-0.008375730172102802,0,0,0.4482960229972057,0.5517039770027943,0.5517039770027943,1.0,0.01,0.2512709225878654,840,1340,1440,1470
2025-02-11,0.2531220018863678,0.04345733404840102,1,0,0.4638635342297815,0.5361364657702186,0.5361364657702186,1.0,0.01,0.2512709225878654,840,1340,1440,1470
2025-02-12,0.2641220092773437,-0.006171421401542476,0,0,0.4354360083745574,0.5645639916254426,0.5645639916254426,1.0,0.01,0.2512709225878654,840,1340,1440,1470
2025-02-13,0.2624920010566711,0.03595155186840726,1,0,0.4544261426083112,0.5455738573916888,0.5455738573916888,1.0,0.01,0.2512709225878654,840,1340,1440,1470
2025-02-14,0.271928995847702,-0.0007539106856402356,0,0,0.4448690068029336,0.5551309931970664,0.5551309931970664,1.0,0.01,0.2512709225878654,840,1340,1440,1470
2025-02-15,0.271723985671997,-0.022022268277509638,0,0,0.4564178942140988,0.5435821057859012,0.5435821057859012,1.0,0.01,0.2512709225878654,840,1340,1440,1470
2025-02-16,0.2657400071620941,-0.02856924968780683,0,0,0.4782344177289088,0.5217655822710912,0.5217655822710912,1.0,0.01,0.2512709225878654,840,1340,1440,1470
2025-02-17,0.2581480145454407,-0.028073045401702412,0,0,0.4882870338412277,0.5117129661587723,0.5117129661587723,1.0,0.01,0.2512709225878654,840,1340,1440,1470
2025-02-18,0.2509010136127472,0.015412454042070589,1,0,0.4931983650240414,0.5068016349759585,0.5068016349759585,1.0,0.01,0.2512709225878654,840,1340,1440,1470
2025-02-19,0.2547680139541626,0.00036111192995913477,1,0,0.46431604876822474,0.5356839512317753,0.5356839512317753,1.0,0.01,0.2512709225878654,840,1340,1440,1470
2025-02-20,0.2548600137233734,-0.061021789512076485,0,0,0.4803562190821619,0.519643780917838,0.519643780917838,1.0,0.01,0.2512709225878654,840,1340,1440,1470
2025-02-21,0.2393079996109008,0.030985159861138367,1,1,0.5196360302663525,0.4803639697336475,0.5196360302663525,1.0,0.01,0.2512709225878654,840,1340,1440,1470
2025-02-22,0.2467229962348938,-0.014996587607883138,0,0,0.4549590045362651,0.545040995463735,0.545040995463735,1.0,0.01,0.2512709225878654,840,1340,1440,1470
2025-02-23,0.2430229932069778,-0.13440697793984513,0,0,0.4821401883209537,0.5178598116790463,0.5178598116790463,1.0,0.01,0.2512709225878654,840,1340,1440,1470
2025-02-24,0.2103590071201324,0.009650169576241652,1,1,0.5673429169995117,0.43265708300048833,0.5673429169995117,1.0,0.01,0.2512709225878654,840,1340,1440,1470
2025-02-25,0.2123890072107315,-0.032242758372953095,0,0,0.48603760591866196,0.513962394081338,0.513962394081338,1.0,0.01,0.2512709225878654,840,1340,1440,1470
2025-02-26,0.2055409997701645,0.0062420873761734885,1,0,0.49134541940714876,0.5086545805928513,0.5086545805928513,1.0,0.01,0.2512709225878654,840,1340,1440,1470
2025-02-27,0.2068240046501159,-0.023503061011876047,0,0,0.46972411056159974,0.5302758894384003,0.5302758894384003,1.0,0.01,0.2512709225878654,840,1340,1440,1470
2025-02-28,0.2019630074501037,0.02264764221926896,1,0,0.4955802198078872,0.5044197801921129,0.5044197801921129,1.0,0.01,0.2512709225878654,840,1340,1440,1470
2025-03-01,0.2065369933843612,0.15847046379330942,1,0,0.4514051377378405,0.5485948622621595,0.5485948622621595,1.0,0.01,0.2512709225878654,840,1340,1440,1470
2025-03-02,0.2392670065164566,-0.1679755609678235,0,0,0.4144570562548473,0.5855429437451527,0.5855429437451527,1.0,0.01,0.2512709225878654,840,1340,1440,1470
2025-03-03,0.1990759968757629,0.00035165291841976476,1,1,0.5544968374722251,0.4455031625277749,0.5544968374722251,1.0,0.01,0.2512709225878654,840,1340,1440,1470
2025-03-04,0.1991460025310516,0.027989529245546763,1,0,0.480331226809585,0.519668773190415,0.519668773190415,1.0,0.01,0.2512709225878654,840,1340,1440,1470
2025-03-05,0.2047200053930282,-0.014619980730102733,0,0,0.4626577446296799,0.5373422553703201,0.5373422553703201,1.0,0.01,0.2512709225878654,840,1340,1440,1470
2025-03-06,0.2017270028591156,-0.01860933232971429,0,0,0.49213697209496365,0.5078630279050363,0.5078630279050363,1.0,0.01,0.2512709225878654,840,1340,1440,1470
2025-03-07,0.1979729980230331,-0.02930193667000769,0,0,0.49422850790510986,0.5057714920948901,0.5057714920948901,1.0,0.01,0.2512709225878654,840,1340,1440,1470
2025-03-08,0.1921720057725906,-0.12680827933589456,0,0,0.4936124509983845,0.5063875490016154,0.5063875490016154,1.0,0.01,0.2512709225878654,840,1340,1440,1470
2025-03-09,0.1678030043840408,-0.08189959585541995,0,1,0.5512377705220644,0.44876222947793565,0.5512377705220644,1.0,0.01,0.2512709225878654,840,1340,1440,1470
2025-03-10,0.1540600061416626,0.06559779904654195,1,1,0.5627683325309994,0.43723166746900055,0.5627683325309994,1.0,0.01,0.248054146511163,870,1370,1470,1500
2025-03-11,0.1641660034656524,0.05004078244936849,1,0,0.438671793905797,0.561328206094203,0.561328206094203,1.0,0.01,0.248054146511163,870,1370,1470,1500
2025-03-12,0.1723809987306594,-0.042440833751357654,0,0,0.4292498892771004,0.5707501107228996,0.5707501107228996,1.0,0.01,0.248054146511163,870,1370,1470,1500
2025-03-13,0.1650650054216385,0.04079604056033337,1,1,0.5060762917430954,0.49392370825690457,0.5060762917430954,1.0,0.01,0.248054146511163,870,1370,1470,1500
2025-03-14,0.1717990040779113,0.024848741061420432,1,0,0.4325599805526375,0.5674400194473626,0.5674400194473626,1.0,0.01,0.248054146511163,870,1370,1470,1500
2025-03-15,0.1760679930448532,-0.04448843291265425,0,0,0.43741303921822994,0.5625869607817701,0.5625869607817701,1.0,0.01,0.248054146511163,870,1370,1470,1500
2025-03-16,0.1682350039482116,0.031087434433475503,1,0,0.4891763100696422,0.5108236899303578,0.5108236899303578,1.0,0.01,0.248054146511163,870,1370,1470,1500
2025-03-17,0.1734649986028671,-0.031337752583768475,0,0,0.41980233125524985,0.5801976687447501,0.5801976687447501,1.0,0.01,0.248054146511163,870,1370,1470,1500
2025-03-18,0.1680289953947067,0.0597278258212961,1,0,0.47270370697021746,0.5272962930297825,0.5272962930297825,1.0,0.01,0.248054146511163,870,1370,1470,1500
2025-03-19,0.1780650019645691,-0.04893721537037621,0,0,0.3979366703979279,0.6020633296020721,0.6020633296020721,1.0,0.01,0.248054146511163,870,1370,1470,1500
2025-03-20,0.1693509966135025,-0.013516289948581894,0,0,0.4829471411326764,0.5170528588673236,0.5170528588673236,1.0,0.01,0.248054146511163,870,1370,1470,1500
2025-03-21,0.1670619994401931,0.001682046777455204,1,0,0.4557715416284037,0.5442284583715963,0.5442284583715963,1.0,0.01,0.248054146511163,870,1370,1470,1500
2025-03-22,0.1673430055379867,0.02934088701366755,1,0,0.43806450481510756,0.5619354951848925,0.5619354951848925,1.0,0.01,0.248054146511163,870,1370,1470,1500
2025-03-23,0.1722529977560043,0.06174639607955301,1,0,0.4321793835869489,0.567820616413051,0.567820616413051,1.0,0.01,0.248054146511163,870,1370,1470,1500
2025-03-24,0.1828889995813369,0.04385718695922547,1,0,0.4318877933978652,0.5681122066021348,0.5681122066021348,1.0,0.01,0.248054146511163,870,1370,1470,1500
2025-03-25,0.1909099966287613,0.02036559712008179,1,0,0.4221922323718059,0.5778077676281941,0.5778077676281941,1.0,0.01,0.248054146511163,870,1370,1470,1500
2025-03-26,0.1947979927062988,-0.022089516206021287,0,0,0.4446440675731838,0.5553559324268162,0.5553559324268162,1.0,0.01,0.248054146511163,870,1370,1470,1500
2025-03-27,0.1904949992895126,-0.05409592047123635,0,0,0.46971962490998603,0.530280375090014,0.530280375090014,1.0,0.01,0.248054146511163,870,1370,1470,1500
2025-03-28,0.1801899969577789,-0.0589654811398882,0,1,0.5099174176427628,0.49008258235723723,0.5099174176427628,1.0,0.01,0.248054146511163,870,1370,1470,1500
2025-03-29,0.1695650070905685,-0.019143155805072642,0,1,0.5161105098980123,0.4838894901019877,0.5161105098980123,1.0,0.01,0.248054146511163,870,1370,1470,1500
2025-03-30,0.1663189977407455,0.0023809568606454334,1,0,0.4850065020587086,0.5149934979412913,0.5149934979412913,1.0,0.01,0.248054146511163,870,1370,1470,1500
2025-03-31,0.166714996099472,0.04421322957504503,1,0,0.4740308701877132,0.5259691298122868,0.5259691298122868,1.0,0.01,0.248054146511163,870,1370,1470,1500
2025-04-01,0.1740860044956207,-0.05681676363899679,0,0,0.42729884857914135,0.5727011514208586,0.5727011514208586,1.0,0.01,0.248054146511163,870,1370,1470,1500
2025-04-02,0.1641950011253357,-0.013002884124970304,0,1,0.5329654417264366,0.46703455827356344,0.5329654417264366,1.0,0.01,0.248054146511163,870,1370,1470,1500
2025-04-03,0.1620599925518036,0.05576947867633253,1,0,0.47810433551032505,0.521895664489675,0.521895664489675,1.0,0.01,0.248054146511163,870,1370,1470,1500
2025-04-04,0.171097993850708,-0.012104134820250856,0,0,0.42795274170531084,0.5720472582946892,0.5720472582946892,1.0,0.01,0.248054146511163,870,1370,1470,1500
2025-04-05,0.1690270006656646,-0.11940103374617927,0,0,0.46697613388363873,0.5330238661163613,0.5330238661163613,1.0,0.01,0.248054146511163,870,1370,1470,1500
2025-04-06,0.1488450020551681,0.004541577938292907,1,1,0.6075456632312269,0.39245433676877306,0.6075456632312269,1.0,0.01,0.248054146511163,870,1370,1470,1500
2025-04-07,0.149520993232727,-0.049584998640646694,0,1,0.5107174525810074,0.4892825474189926,0.5107174525810074,1.0,0.01,0.248054146511163,870,1370,1470,1500
2025-04-08,0.1421069949865341,0.12852295237347255,1,1,0.5127033022890067,0.48729669771099327,0.5127033022890067,1.0,0.01,0.248054146511163,870,1370,1470,1500
2025-04-09,0.1603710055351257,-0.041809309446034115,0,0,0.3856595507652841,0.614340449234716,0.614340449234716,1.0,0.01,0.24726945442797865,900,1400,1500,1530
2025-04-10,0.153666004538536,0.04179842210568685,1,1,0.522505866108408,0.477494133891592,0.522505866108408,1.0,0.01,0.24726945442797865,900,1400,1500,1530
2025-04-11,0.1600890010595321,0.04698637515845827,1,0,0.4476694538711219,0.5523305461288781,0.5523305461288781,1.0,0.01,0.24726945442797865,900,1400,1500,1530
2025-04-12,0.1676110029220581,-0.02875112996017881,0,0,0.4468821965188216,0.5531178034811783,0.5531178034811783,1.0,0.01,0.24726945442797865,900,1400,1500,1530
2025-04-13,0.1627919971942901,-0.026358777187946547,0,1,0.5143406070186404,0.48565939298135963,0.5143406070186404,1.0,0.01,0.24726945442797865,900,1400,1500,1530
2025-04-14,0.158500999212265,-0.031236397487896417,0,1,0.5199398726766769,0.48006012732332315,0.5199398726766769,1.0,0.01,0.24726945442797865,900,1400,1500,1530
2025-04-15,0.1535499989986419,0.00741127768020533,1,1,0.5174120018158397,0.4825879981841603,0.5174120018158397,1.0,0.01,0.24726945442797865,900,1400,1500,1530
2025-04-16,0.1546880006790161,0.006800735502077604,1,0,0.4729129167631184,0.5270870832368816,0.5270870832368816,1.0,0.01,0.24726945442797865,900,1400,1500,1530
2025-04-17,0.1557399928569793,0.01204579155557517,1,0,0.4623905013832269,0.5376094986167731,0.5376094986167731,1.0,0.01,0.24726945442797865,900,1400,1500,1530
2025-04-18,0.1576160043478012,-0.0017955210485423034,0,0,0.4537380416916695,0.5462619583083306,0.5462619583083306,1.0,0.01,0.24726945442797865,900,1400,1500,1530
2025-04-19,0.1573330014944076,-0.013658931969015353,0,0,0.46590998529120886,0.5340900147087911,0.5340900147087911,1.0,0.01,0.24726945442797865,900,1400,1500,1530
2025-04-20,0.1551840007305145,0.027090453804422543,1,0,0.49115152333886214,0.5088484766611379,0.5088484766611379,1.0,0.01,0.24726945442797865,900,1400,1500,1530
2025-04-21,0.15938800573349,0.12083713057952106,1,0,0.45561606965494494,0.5443839303450551,0.5443839303450551,1.0,0.01,0.24726945442797865,900,1400,1500,1530
2025-04-22,0.1786479949951172,-0.00024063998056877978,0,0,0.3910843843743901,0.6089156156256099,0.6089156156256099,1.0,0.01,0.24726945442797865,900,1400,1500,1530
2025-04-23,0.1786050051450729,0.021567116044505008,1,0,0.4888037077091328,0.5111962922908673,0.5111962922908673,1.0,0.01,0.24726945442797865,900,1400,1500,1530
2025-04-24,0.1824570000171661,-0.0034364050680133484,0,0,0.47064723365362177,0.5293527663463782,0.5293527663463782,1.0,0.01,0.24726945442797865,900,1400,1500,1530
2025-04-25,0.1818300038576126,0.00032993495954269925,1,0,0.4948819341080558,0.5051180658919442,0.5051180658919442,1.0,0.01,0.24726945442797865,900,1400,1500,1530
2025-04-26,0.181889995932579,-0.012194145856393113,0,0,0.48433525399920524,0.5156647460007948,0.5156647460007948,1.0,0.01,0.24726945442797865,900,1400,1500,1530
2025-04-27,0.1796720027923584,-0.004007353380246492,0,1,0.5026156438261581,0.4973843561738419,0.5026156438261581,1.0,0.01,0.24726945442797865,900,1400,1500,1530
2025-04-28,0.1789519935846328,-0.0241181287947263,0,1,0.5131076729140447,0.4868923270859553,0.5131076729140447,1.0,0.01,0.24726945442797865,900,1400,1500,1530
2025-04-29,0.1746360063552856,-0.013147350119764645,0,1,0.5059154710428722,0.49408452895712784,0.5059154710428722,1.0,0.01,0.24726945442797865,900,1400,1500,1530
2025-04-30,0.1723400056362152,0.04885106119540272,1,0,0.4992935902328877,0.5007064097671123,0.5007064097671123,1.0,0.01,0.24726945442797865,900,1400,1500,1530
2025-05-01,0.180758997797966,0.004525358370544019,1,0,0.4423819269861118,0.5576180730138882,0.5576180730138882,1.0,0.01,0.24726945442797865,900,1400,1500,1530
2025-05-02,0.1815769970417022,-0.032052469893132596,0,0,0.48573019489050173,0.5142698051094983,0.5142698051094983,1.0,0.01,0.24726945442797865,900,1400,1500,1530
2025-05-03,0.1757570058107376,-0.029614781973120174,0,1,0.5123535338146518,0.48764646618534824,0.5123535338146518,1.0,0.01,0.24726945442797865,900,1400,1500,1530
2025-05-04,0.1705520004034042,0.0003049219736122044,1,1,0.5223910389480526,0.4776089610519474,0.5223910389480526,1.0,0.01,0.24726945442797865,900,1400,1500,1530
2025-05-05,0.1706040054559707,0.008862576350281648,1,0,0.48931671648948855,0.5106832835105115,0.5106832835105115,1.0,0.01,0.24726945442797865,900,1400,1500,1530
2025-05-06,0.1721159964799881,-0.0006333054240293956,0,0,0.47232368309990946,0.5276763169000905,0.5276763169000905,1.0,0.01,0.24726945442797865,900,1400,1500,1530
2025-05-07,0.1720069944858551,0.1486567755856827,1,0,0.47184036561187553,0.5281596343881245,0.5281596343881245,1.0,0.01,0.24726945442797865,900,1400,1500,1530
2025-05-08,0.1975769996643066,0.039037969803233485,1,0,0.3983381320818025,0.6016618679181975,0.6016618679181975,1.0,0.01,0.24726945442797865,900,1400,1500,1530
2025-05-09,0.2052900046110153,0.2114033331013001,1,0,0.4894114525419153,0.5105885474580847,0.5105885474580847,1.0,0.01,0.24569569171188385,930,1430,1530,1560
2025-05-10,0.2486889958381652,-0.06908626614184121,0,0,0.46197402609188043,0.5380259739081196,0.5380259739081196,1.0,0.01,0.24569569171188385,930,1430,1530,1560
2025-05-11,0.2315080016851425,-0.0021856641108571884,0,1,0.5906426091082821,0.40935739089171785,0.5906426091082821,1.0,0.01,0.24569569171188385,930,1430,1530,1560
2025-05-12,0.231002002954483,0.04421174895412183,1,1,0.5479513276087161,0.4520486723912839,0.5479513276087161,1.0,0.01,0.24569569171188385,930,1430,1530,1560
2025-05-13,0.2412150055170059,-0.03485277215707172,0,1,0.5025029481347659,0.4974970518652341,0.5025029481347659,1.0,0.01,0.24569569171188385,930,1430,1530,1560
2025-05-14,0.2328079938888549,-0.05849881076431107,0,1,0.5708182674654958,0.4291817325345042,0.5708182674654958,1.0,0.01,0.24569569171188385,930,1430,1530,1560
2025-05-15,0.2191890031099319,0.009571621109451423,1,1,0.5893038763854355,0.41069612361456453,0.5893038763854355,1.0,0.01,0.24569569171188385,930,1430,1530,1560
2025-05-16,0.2212869971990585,-0.029775791348320757,0,1,0.5310930505042576,0.4689069494957424,0.5310930505042576,1.0,0.01,0.24569569171188385,930,1430,1530,1560
2025-05-17,0.2146980017423629,0.09074607067574836,1,1,0.5359022432278737,0.4640977567721263,0.5359022432278737,1.0,0.01,0.24569569171188385,930,1430,1530,1560
2025-05-18,0.2341810017824173,-0.04167719493871769,0,0,0.4558204309211607,0.5441795690788394,0.5441795690788394,1.0,0.01,0.24569569171188385,930,1430,1530,1560
2025-05-19,0.2244209945201873,0.0075973541094342956,1,1,0.5499294242078028,0.4500705757921972,0.5499294242078028,1.0,0.01,0.24569569171188385,930,1430,1530,1560
2025-05-20,0.2261260002851486,0.03507775488714704,1,1,0.5077882114118335,0.4922117885881665,0.5077882114118335,1.0,0.01,0.24569569171188385,930,1430,1530,1560
2025-05-21,0.234057992696762,0.04686877481558671,1,0,0.4902700326095512,0.5097299673904487,0.5097299673904487,1.0,0.01,0.24569569171188385,930,1430,1530,1560
2025-05-22,0.2450280040502548,-0.08249671862239494,0,0,0.4729073178477209,0.5270926821522791,0.5270926821522791,1.0,0.01,0.24569569171188385,930,1430,1530,1560
2025-05-23,0.2248139977455139,0.0021484704857397396,1,1,0.5834540601581707,0.4165459398418293,0.5834540601581707,1.0,0.01,0.24569569171188385,930,1430,1530,1560
2025-05-24,0.2252970039844513,-0.0013892723176132105,0,0,0.48751315544767365,0.5124868445523263,0.5124868445523263,1.0,0.01,0.24569569171188385,930,1430,1530,1560
2025-05-25,0.2249840050935745,0.004626973906741716,1,1,0.5001770842544748,0.4998229157455252,0.5001770842544748,1.0,0.01,0.24569569171188385,930,1430,1530,1560
2025-05-26,0.2260250002145767,0.0006149675101614349,1,0,0.4866454700781506,0.5133545299218494,0.5133545299218494,1.0,0.01,0.24569569171188385,930,1430,1530,1560
2025-05-27,0.2261639982461929,-0.023796897126550087,0,0,0.49380344651498,0.50619655348502,0.50619655348502,1.0,0.01,0.24569569171188385,930,1430,1530,1560
2025-05-28,0.220781996846199,-0.026945089130451128,0,1,0.5080340812700079,0.49196591872999207,0.5080340812700079,1.0,0.01,0.24569569171188385,930,1430,1530,1560
2025-05-29,0.2148330062627792,-0.0995983339066071,0,1,0.5167877981926684,0.4832122018073316,0.5167877981926684,1.0,0.01,0.24569569171188385,930,1430,1530,1560
2025-05-30,0.1934359967708587,-0.0044303831597367616,0,1,0.5900618881478885,0.4099381118521115,0.5900618881478885,1.0,0.01,0.24569569171188385,930,1430,1530,1560
2025-05-31,0.1925790011882782,0.005467914208854507,1,0,0.49576104639764634,0.5042389536023537,0.5042389536023537,1.0,0.01,0.24569569171188385,930,1430,1530,1560
2025-06-01,0.1936320066452026,0.009079048059383199,1,0,0.47641526113852495,0.523584738861475,0.523584738861475,1.0,0.01,0.24569569171188385,930,1430,1530,1560
2025-06-02,0.1953900009393692,-0.01152565422610241,0,0,0.47838697311669975,0.5216130268833002,0.5216130268833002,1.0,0.01,0.24569569171188385,930,1430,1530,1560
2025-06-03,0.1931380033493042,-0.025380842250668167,0,0,0.4900876055138832,0.5099123944861168,0.5099123944861168,1.0,0.01,0.24569569171188385,930,1430,1530,1560
2025-06-04,0.1882359981536865,-0.0882296689503359,0,0,0.49011416376778716,0.5098858362322128,0.5098858362322128,1.0,0.01,0.24569569171188385,930,1430,1530,1560
2025-06-05,0.1716279983520507,0.0427960818770321,1,1,0.5788192844260512,0.42118071557394876,0.5788192844260512,1.0,0.01,0.24569569171188385,930,1430,1530,1560
2025-06-06,0.1789730042219162,0.03461412451839707,1,0,0.4409904623735132,0.5590095376264868,0.5590095376264868,1.0,0.01,0.24569569171188385,930,1430,1530,1560
2025-06-07,0.1851679980754852,-0.005373472990679362,0,0,0.44306247505656615,0.5569375249434338,0.5569375249434338,1.0,0.01,0.24569569171188385,930,1430,1530,1560
2025-06-08,0.1841730028390884,0.0584232988644251,1,0,0.4771057462364384,0.5228942537635616,0.5228942537635616,1.0,0.01,0.24765338358140787,960,1460,1560,1590
2025-06-09,0.1949329972267151,0.01718029386322817,1,0,0.45325565667691786,0.5467443433230821,0.5467443433230821,1.0,0.01,0.24765338358140787,960,1460,1560,1590
2025-06-10,0.1982820034027099,-0.026583363894884138,0,0,0.47309929753796637,0.5269007024620336,0.5269007024620336,1.0,0.01,0.24765338358140787,960,1460,1560,1590
2025-06-11,0.193011000752449,-0.059390404307224864,0,1,0.5149108262647035,0.4850891737352965,0.5149108262647035,1.0,0.01,0.24765338358140787,960,1460,1560,1590
2025-06-12,0.181547999382019,-0.006433547721997446,0,1,0.5454976978455461,0.45450230215445386,0.5454976978455461,1.0,0.01,0.24765338358140787,960,1460,1560,1590
2025-06-13,0.1803800016641616,-0.010605367309323821,0,1,0.5201117465499067,0.47988825345009334,0.5201117465499067,1.0,0.01,0.24765338358140787,960,1460,1560,1590
2025-06-14,0.1784670054912567,-0.015678001268795372,0,0,0.4959615242629717,0.5040384757370283,0.5040384757370283,1.0,0.01,0.24765338358140787,960,1460,1560,1590
2025-06-15,0.1756689995527267,-0.016912451977262766,0,1,0.5147510927324579,0.4852489072675421,0.5147510927324579,1.0,0.01,0.24765338358140787,960,1460,1560,1590
2025-06-16,0.1726980060338974,-0.017545090338577984,0,1,0.523019371364945,0.47698062863505497,0.523019371364945,1.0,0.01,0.24765338358140787,960,1460,1560,1590
2025-06-17,0.1696680039167404,0.00568168893875054,1,1,0.5098104101030559,0.49018958989694406,0.5098104101030559,1.0,0.01,0.24765338358140787,960,1460,1560,1590
2025-06-18,0.170632004737854,0.0019398441347939777,1,0,0.4785559964563417,0.5214440035436583,0.5214440035436583,1.0,0.01,0.24765338358140787,960,1460,1560,1590
2025-06-19,0.1709630042314529,-0.04964816497812741,0,0,0.46749230138626297,0.532507698613737,0.532507698613737,1.0,0.01,0.24765338358140787,960,1460,1560,1590
2025-06-20,0.1624750047922134,-0.05112178065913231,0,1,0.5590952239272314,0.44090477607276857,0.5590952239272314,1.0,0.01,0.24765338358140787,960,1460,1560,1590
2025-06-21,0.1541689932346344,-0.018466657890418237,0,1,0.5409539137762371,0.45904608622376286,0.5409539137762371,1.0,0.01,0.24765338358140787,960,1460,1560,1590
2025-06-22,0.1513220071792602,0.0861803902847138,1,1,0.5558067893581374,0.44419321064186257,0.5558067893581374,1.0,0.01,0.24765338358140787,960,1460,1560,1590
2025-06-23,0.1643629968166351,0.008323047948117779,1,0,0.42029272824083663,0.5797072717591634,0.5797072717591634,1.0,0.01,0.24765338358140787,960,1460,1560,1590
2025-06-24,0.1657309979200363,-0.006957010233483829,0,0,0.47550832503776774,0.5244916749622323,0.5244916749622323,1.0,0.01,0.24765338358140787,960,1460,1560,1590
2025-06-25,0.1645780056715011,-0.027901671425685448,0,0,0.48732071121637677,0.5126792887836232,0.5126792887836232,1.0,0.01,0.24765338358140787,960,1460,1560,1590
2025-06-26,0.1599860042333603,0.006763111072074501,1,1,0.5203879855126625,0.4796120144873375,0.5203879855126625,1.0,0.01,0.24765338358140787,960,1460,1560,1590
2025-06-27,0.1610680073499679,0.01629119414389213,1,0,0.47843033301644833,0.5215696669835517,0.5215696669835517,1.0,0.01,0.24765338358140787,960,1460,1560,1590
2025-06-28,0.1636919975280761,0.036104447590500355,1,0,0.4640396094132642,0.5359603905867358,0.5359603905867358,1.0,0.01,0.24765338358140787,960,1460,1560,1590
2025-06-29,0.1696020066738128,-0.026332307074857786,0,0,0.46508295937451993,0.5349170406254801,0.5349170406254801,1.0,0.01,0.24765338358140787,960,1460,1560,1590
2025-06-30,0.1651359945535659,-0.04472072007362515,0,1,0.5173474170347111,0.4826525829652889,0.5173474170347111,1.0,0.01,0.24765338358140787,960,1460,1560,1590
2025-07-01,0.1577509939670562,0.06953371702991307,1,1,0.5280301052927262,0.4719698947072738,0.5280301052927262,1.0,0.01,0.24765338358140787,960,1460,1560,1590
2025-07-02,0.168720006942749,0.01964194114995399,1,0,0.44781290346267033,0.5521870965373297,0.5521870965373297,1.0,0.01,0.24765338358140787,960,1460,1560,1590
2025-07-03,0.1720339953899383,-0.05326268344944973,0,0,0.47270524055733026,0.5272947594426698,0.5272947594426698,1.0,0.01,0.24765338358140787,960,1460,1560,1590
2025-07-04,0.1628710031509399,0.008601852061941528,1,1,0.5405490268552257,0.45945097314477434,0.5405490268552257,1.0,0.01,0.24765338358140787,960,1460,1560,1590
2025-07-05,0.1642719954252243,0.046958724185096834,1,0,0.48441851374522993,0.5155814862547701,0.5155814862547701,1.0,0.01,0.24765338358140787,960,1460,1560,1590
2025-07-06,0.1719859987497329,-0.023374027500945194,0,0,0.48697439490174294,0.5130256050982571,0.5130256050982571,1.0,0.01,0.24765338358140787,960,1460,1560,1590
2025-07-07,0.1679659932851791,0.017997770938219082,1,1,0.5216451094324819,0.4783548905675181,0.5216451094324819,1.0,0.01,0.24765338358140787,960,1460,1560,1590
2025-07-08,0.1709890067577362,0.057114768453311315,1,0,0.4921929858776714,0.5078070141223285,0.5078070141223285,0.1,scale,0.24832031705881122,990,1490,1590,1620
2025-07-09,0.180755004286766,0.0776631141468247,1,0,0.48945844539892247,0.5105415546010775,0.5105415546010775,0.1,scale,0.24832031705881122,990,1490,1590,1620
2025-07-10,0.1947930008172989,0.03282970749606573,1,0,0.4764223962517086,0.5235776037482913,0.5235776037482913,0.1,scale,0.24832031705881122,990,1490,1590,1620
2025-07-11,0.2011879980564117,-0.01918601921060903,0,0,0.49562630810879454,0.5043736918912054,0.5043736918912054,0.1,scale,0.24832031705881122,990,1490,1590,1620
2025-07-12,0.1973280012607574,0.006420786835797498,1,1,0.5033704390642479,0.49662956093575206,0.5033704390642479,0.1,scale,0.24832031705881122,990,1490,1590,1620
2025-07-13,0.1985950022935867,-0.00586119586703715,0,1,0.5014937023911094,0.49850629760889065,0.5014937023911094,0.1,scale,0.24832031705881122,990,1490,1590,1620
2025-07-14,0.1974309980869293,0.008767662160540368,1,1,0.5188365393949829,0.48116346060501713,0.5188365393949829,0.1,scale,0.24832031705881122,990,1490,1590,1620
2025-07-15,0.1991620063781738,0.06821073243901354,1,1,0.5051487355134259,0.4948512644865741,0.5051487355134259,0.1,scale,0.24832031705881122,990,1490,1590,1620
2025-07-16,0.2127469927072525,0.024822918821178597,1,0,0.48667489037956,0.51332510962044,0.51332510962044,0.1,scale,0.24832031705881122,990,1490,1590,1620
2025-07-17,0.2180279940366745,0.08302147999970755,1,0,0.4974042571558868,0.5025957428441132,0.5025957428441132,0.1,scale,0.24832031705881122,990,1490,1590,1620
2025-07-18,0.2361290007829666,0.02271639984705609,1,0,0.4883764014890537,0.5116235985109463,0.5116235985109463,0.1,scale,0.24832031705881122,990,1490,1590,1620
2025-07-19,0.2414930015802383,0.1301735909093742,1,1,0.5010183189961768,0.49898168100382323,0.5010183189961768,0.1,scale,0.24832031705881122,990,1490,1590,1620
2025-07-20,0.2729290127754211,-0.004433402220446303,0,0,0.4935883777719367,0.5064116222280632,0.5064116222280632,0.1,scale,0.24832031705881122,990,1490,1590,1620
2025-07-21,0.2717190086841583,-0.004931571876428897,0,1,0.517090377844839,0.482909622155161,0.517090377844839,0.1,scale,0.24832031705881122,990,1490,1590,1620
2025-07-22,0.2703790068626404,-0.10995678768627626,0,1,0.5180706369324467,0.4819293630675533,0.5180706369324467,0.1,scale,0.24832031705881122,990,1490,1590,1620
2025-07-23,0.2406489998102188,-0.03604832813725556,0,1,0.5641726000359211,0.43582739996407893,0.5641726000359211,0.1,scale,0.24832031705881122,990,1490,1590,1620
2025-07-24,0.2319740056991577,0.02085574111007582,1,1,0.5457887834818792,0.4542112165181208,0.5457887834818792,0.1,scale,0.24832031705881122,990,1490,1590,1620
2025-07-25,0.2368119955062866,-0.005481122040872366,0,1,0.5196781398949112,0.4803218601050888,0.5196781398949112,0.1,scale,0.24832031705881122,990,1490,1590,1620
2025-07-26,0.2355140000581741,0.02245727749380788,1,1,0.522010793185398,0.477989206814602,0.522010793185398,0.1,scale,0.24832031705881122,990,1490,1590,1620
2025-07-27,0.2408030033111572,-0.06468774535866784,0,1,0.5099180909706044,0.49008190902939563,0.5099180909706044,0.1,scale,0.24832031705881122,990,1490,1590,1620
2025-07-28,0.2252259999513626,-0.006362497974648829,0,1,0.5529210623936418,0.4470789376063582,0.5529210623936418,0.1,scale,0.24832031705881122,990,1490,1590,1620
2025-07-29,0.2237929999828338,-0.017395552443540407,0,1,0.5191984412925882,0.4808015587074118,0.5191984412925882,0.1,scale,0.24832031705881122,990,1490,1590,1620
2025-07-30,0.2198999971151352,-0.04559796043148723,0,1,0.5249919726469273,0.4750080273530727,0.5249919726469273,0.1,scale,0.24832031705881122,990,1490,1590,1620
2025-07-31,0.2098730057477951,-0.04124879413936322,0,1,0.5346971833673341,0.4653028166326659,0.5346971833673341,0.1,scale,0.24832031705881122,990,1490,1590,1620
2025-08-01,0.2012159973382949,-0.04970778791112773,0,1,0.5523581010556733,0.4476418989443267,0.5523581010556733,0.1,scale,0.24832031705881122,990,1490,1590,1620
2025-08-02,0.1912139952182769,0.04000754666753559,1,1,0.5375105057666851,0.46248949423331487,0.5375105057666851,0.1,scale,0.24832031705881122,990,1490,1590,1620
2025-08-03,0.198863998055458,0.05807484554574316,1,0,0.49087852883697075,0.5091214711630292,0.5091214711630292,0.1,scale,0.24832031705881122,990,1490,1590,1620
2025-08-04,0.2104129940271377,-0.05072880520392309,0,0,0.484422991575237,0.5155770084247631,0.5155770084247631,0.1,scale,0.24832031705881122,990,1490,1590,1620
2025-08-05,0.1997389942407608,0.027616077489412083,1,1,0.5232297892228498,0.4767702107771502,0.5232297892228498,0.1,scale,0.24832031705881122,990,1490,1590,1620
2025-08-06,0.2052550017833709,0.08348149433406715,1,0,0.4882584668861857,0.5117415331138143,0.5117415331138143,0.1,scale,0.24832031705881122,990,1490,1590,1620
2025-08-07,0.2223899960517883,0.035181455260332894,1,1,0.5530017898943214,0.44699821010567864,0.5530017898943214,1.0,0.1,0.25155436906237905,1020,1520,1620,1650
2025-08-08,0.2302139997482299,0.04392002278405638,1,1,0.5387080556866665,0.46129194431333354,0.5387080556866665,1.0,0.1,0.25155436906237905,1020,1520,1620,1650
2025-08-09,0.2403250038623809,-0.025906597607207926,0,1,0.5421791042939852,0.4578208957060148,0.5421791042939852,1.0,0.1,0.25155436906237905,1020,1520,1620,1650
2025-08-10,0.2340990006923675,-0.0493338114965145,0,1,0.5234730489567544,0.4765269510432456,0.5234730489567544,1.0,0.1,0.25155436906237905,1020,1520,1620,1650
2025-08-11,0.2225500047206878,0.058935078879400526,1,0,0.46645333842750436,0.5335466615724956,0.5335466615724956,1.0,0.1,0.25155436906237905,1020,1520,1620,1650
2025-08-12,0.2356660068035125,0.04046403736943471,1,1,0.5467417338621784,0.4532582661378216,0.5467417338621784,1.0,0.1,0.25155436906237905,1020,1520,1620,1650
2025-08-13,0.2452020049095153,-0.08690387030796543,0,1,0.5317122918223955,0.46828770817760446,0.5317122918223955,1.0,0.1,0.25155436906237905,1020,1520,1620,1650
2025-08-14,0.2238930016756057,0.021081509370421525,1,0,0.43436288094074127,0.5656371190592587,0.5656371190592587,1.0,0.1,0.25155436906237905,1020,1520,1620,1650
2025-08-15,0.2286130040884018,0.011517238443930156,1,1,0.5284891143416328,0.4715108856583672,0.5284891143416328,1.0,0.1,0.25155436906237905,1020,1520,1620,1650
2025-08-16,0.2312459945678711,0.014352724875143608,1,1,0.5185013510661012,0.4814986489338988,0.5185013510661012,1.0,0.1,0.25155436906237905,1020,1520,1620,1650
2025-08-17,0.2345650047063827,-0.05175540077747909,0,1,0.5136509499331353,0.4863490500668647,0.5136509499331353,1.0,0.1,0.25155436906237905,1020,1520,1620,1650
2025-08-18,0.2224249988794326,-0.060141602735877764,0,0,0.44607025574522247,0.5539297442547775,0.5539297442547775,1.0,0.1,0.25155436906237905,1020,1520,1620,1650
2025-08-19,0.2090480029582977,0.05932607758771247,1,0,0.45103618066645995,0.54896381933354,0.54896381933354,1.0,0.1,0.25155436906237905,1020,1520,1620,1650
2025-08-20,0.221450001001358,-0.030259685956599336,0,1,0.5389543282900201,0.4610456717099799,0.5389543282900201,1.0,0.1,0.25155436906237905,1020,1520,1620,1650
2025-08-21,0.2147489935159683,0.1203312396207461,1,1,0.5125598109659193,0.4874401890340807,0.5125598109659193,1.0,0.1,0.25155436906237905,1020,1520,1620,1650
2025-08-22,0.2405900061130523,-0.01904070935942037,0,1,0.5587488872347155,0.4412511127652845,0.5587488872347155,1.0,0.1,0.25155436906237905,1020,1520,1620,1650
2025-08-23,0.2360090017318725,-0.01784257599428607,0,1,0.5318193706965256,0.46818062930347437,0.5318193706965256,1.0,0.1,0.25155436906237905,1020,1520,1620,1650
2025-08-24,0.231797993183136,-0.09479804830383731,0,1,0.5005158970463534,0.49948410295364665,0.5005158970463534,1.0,0.1,0.25155436906237905,1020,1520,1620,1650
2025-08-25,0.2098239958286285,0.041182156160229244,1,0,0.4347338339799855,0.5652661660200144,0.5652661660200144,1.0,0.1,0.25155436906237905,1020,1520,1620,1650
2025-08-26,0.2184650003910064,0.002078107144304342,1,1,0.546436193999632,0.45356380600036805,0.546436193999632,1.0,0.1,0.25155436906237905,1020,1520,1620,1650
2025-08-27,0.2189189940690994,0.024762641830376353,1,1,0.5144042205560568,0.48559577944394317,0.5144042205560568,1.0,0.1,0.25155436906237905,1020,1520,1620,1650
2025-08-28,0.2243400067090988,-0.04593475092962862,0,1,0.5369474982078806,0.46305250179211943,0.5369474982078806,1.0,0.1,0.25155436906237905,1020,1520,1620,1650
2025-08-29,0.2140350043773651,0.009087247068048976,1,0,0.473226361589735,0.526773638410265,0.526773638410265,1.0,0.1,0.25155436906237905,1020,1520,1620,1650
2025-08-30,0.2159799933433532,-0.010024028968332765,0,1,0.5603557812391123,0.43964421876088766,0.5603557812391123,1.0,0.1,0.25155436906237905,1020,1520,1620,1650
2025-08-31,0.2138150036334991,-0.016654607655146703,0,1,0.5209119624365061,0.47908803756349394,0.5209119624365061,1.0,0.1,0.25155436906237905,1020,1520,1620,1650
2025-09-01,0.2102539986371994,0.02170708850171721,1,0,0.47973313769770465,0.5202668623022954,0.5202668623022954,1.0,0.1,0.25155436906237905,1020,1520,1620,1650
2025-09-02,0.214818000793457,0.026729596831118974,1,1,0.5515144227190606,0.4484855772809394,0.5515144227190606,1.0,0.1,0.25155436906237905,1020,1520,1620,1650
2025-09-03,0.2205599993467331,-0.036647627870387556,0,1,0.5565741493681511,0.4434258506318489,0.5565741493681511,1.0,0.1,0.25155436906237905,1020,1520,1620,1650
2025-09-04,0.2124769985675811,0.025541601883430465,1,1,0.5115519818936873,0.48844801810631266,0.5115519818936873,1.0,0.1,0.25155436906237905,1020,1520,1620,1650
2025-09-05,0.2179040014743805,-0.009260980258204876,0,1,0.5335853879441793,0.4664146120558207,0.5335853879441793,1.0,0.1,0.25155436906237905,1020,1520,1620,1650
2025-09-06,0.2158859968185424,0.058164957926165384,1,1,0.5012847655836986,0.4987152344163014,0.5012847655836986,1.0,0.1,0.2507891796794075,1050,1550,1650,1680
2025-09-07,0.2284429967403412,0.05882430832553287,1,1,0.5017476014065763,0.49825239859342374,0.5017476014065763,1.0,0.1,0.2507891796794075,1050,1550,1650,1680
2025-09-08,0.2418809980154037,-0.0049239300338294045,0,1,0.5014928979791697,0.49850710202083026,0.5014928979791697,1.0,0.1,0.2507891796794075,1050,1550,1650,1680
2025-09-09,0.240689992904663,0.019548016051081696,1,1,0.5049155556146887,0.4950844443853113,0.5049155556146887,1.0,0.1,0.2507891796794075,1050,1550,1650,1680
2025-09-10,0.2453950047492981,0.04182235073942575,1,1,0.5025600700571461,0.4974399299428539,0.5025600700571461,1.0,0.1,0.2507891796794075,1050,1550,1650,1680
2025-09-11,0.2556580007076263,0.07732985609653209,1,1,0.5022497562751083,0.49775024372489174,0.5022497562751083,1.0,0.1,0.2507891796794075,1050,1550,1650,1680
2025-09-12,0.2754279971122741,0.050960686357572005,1,1,0.501678039353074,0.498321960646926,0.501678039353074,1.0,0.1,0.2507891796794075,1050,1550,1650,1680
2025-09-13,0.289463996887207,-0.037565995387529916,0,1,0.5033129231333532,0.4966870768666468,0.5033129231333532,1.0,0.1,0.2507891796794075,1050,1550,1650,1680
2025-09-14,0.2785899937152862,-0.035751448261962415,0,1,0.5077246603278028,0.49227533967219717,0.5077246603278028,1.0,0.1,0.2507891796794075,1050,1550,1650,1680
2025-09-15,0.2686299979686737,0.0042475215856880855,1,1,0.5110516533022197,0.4889483466977803,0.5110516533022197,1.0,0.1,0.2507891796794075,1050,1550,1650,1680
2025-09-16,0.269771009683609,0.047050970872445586,1,1,0.5087643987596416,0.49123560124035837,0.5087643987596416,1.0,0.1,0.2507891796794075,1050,1550,1650,1680
2025-09-17,0.2824639976024627,-0.013045901742776866,0,1,0.5046934468904627,0.4953065531095373,0.5046934468904627,1.0,0.1,0.2507891796794075,1050,1550,1650,1680
2025-09-18,0.278779000043869,-0.04803805662675387,0,1,0.5094340357080368,0.4905659642919632,0.5094340357080368,1.0,0.1,0.2507891796794075,1050,1550,1650,1680
2025-09-19,0.2653869986534118,0.00890025839677211,1,1,0.5123809447125512,0.48761905528744875,0.5123809447125512,1.0,0.1,0.2507891796794075,1050,1550,1650,1680
2025-09-20,0.267749011516571,-0.024612635162796215,0,1,0.5075954191969223,0.4924045808030777,0.5075954191969223,1.0,0.1,0.2507891796794075,1050,1550,1650,1680
2025-09-21,0.2611590027809143,-0.07598052137602451,0,1,0.511954989035132,0.48804501096486796,0.511954989035132,1.0,0.1,0.2507891796794075,1050,1550,1650,1680
2025-09-22,0.2413160055875778,-0.016277435414110752,0,1,0.5113171340062077,0.4886828659937923,0.5113171340062077,1.0,0.1,0.2507891796794075,1050,1550,1650,1680
2025-09-23,0.2373879998922348,0.01624346338570093,1,1,0.508534334334549,0.491465665665451,0.508534334334549,1.0,0.1,0.2507891796794075,1050,1550,1650,1680
2025-09-24,0.2412440031766891,-0.07684335343202509,0,1,0.5087894120680011,0.4912105879319989,0.5087894120680011,1.0,0.1,0.2507891796794075,1050,1550,1650,1680
2025-09-25,0.2227060049772262,0.04455648227528908,1,1,0.5148624814083447,0.4851375185916553,0.5148624814083447,1.0,0.1,0.2507891796794075,1050,1550,1650,1680
2025-09-26,0.2326290011405944,-0.007707539098821381,0,1,0.5027578831720307,0.49724211682796926,0.5027578831720307,1.0,0.1,0.2507891796794075,1050,1550,1650,1680
2025-09-27,0.2308360040187835,0.028383769253422564,1,1,0.5035916922570332,0.49640830774296685,0.5035916922570332,1.0,0.1,0.2507891796794075,1050,1550,1650,1680
2025-09-28,0.2373879998922348,-0.009819382394110066,0,1,0.5040994191345227,0.4959005808654773,0.5040994191345227,1.0,0.1,0.2507891796794075,1050,1550,1650,1680
2025-09-29,0.23505699634552,-0.009155208867426268,0,1,0.5086343459804301,0.4913656540195699,0.5086343459804301,1.0,0.1,0.2507891796794075,1050,1550,1650,1680
2025-09-30,0.2329050004482269,0.06637899320473006,1,1,0.505252543985624,0.494747456014376,0.505252543985624,1.0,0.1,0.2507891796794075,1050,1550,1650,1680
2025-10-01,0.2483649998903274,0.054645350683513394,1,1,0.5018673423179194,0.4981326576820806,0.5018673423179194,1.0,0.1,0.2507891796794075,1050,1550,1650,1680
2025-10-02,0.2619369924068451,-0.01272819762827948,0,1,0.5015625920109277,0.4984374079890723,0.5015625920109277,1.0,0.1,0.2507891796794075,1050,1550,1650,1680
2025-10-03,0.2586030066013336,-0.02972130542795859,0,1,0.5043068128966729,0.4956931871033271,0.5043068128966729,1.0,0.1,0.2507891796794075,1050,1550,1650,1680
2025-10-04,0.250916987657547,0.008118296638812916,1,1,0.505153148580648,0.49484685141935203,0.505153148580648,1.0,0.1,0.2507891796794075,1050,1550,1650,1680
2025-10-05,0.2529540061950683,0.052811895008888055,1,1,0.5077107201407136,0.4922892798592864,0.5077107201407136,1.0,0.1,0.2507891796794075,1050,1550,1650,1680
2025-10-06,0.2663129866123199,-0.07133329849291314,0,0,0.4967475413346887,0.5032524586653113,0.5032524586653113,1.0,0.1,0.24954770628233608,1080,1580,1680,1710
2025-10-07,0.2473160028457641,0.033345954015088,1,1,0.5092341031080623,0.4907658968919377,0.5092341031080623,1.0,0.1,0.24954770628233608,1080,1580,1680,1710
2025-10-08,0.2555629909038543,-0.027390446319422224,0,0,0.4981637742750616,0.5018362257249385,0.5018362257249385,1.0,0.1,0.24954770628233608,1080,1580,1680,1710
2025-10-09,0.2485630065202713,-0.22291330363967998,0,1,0.5068881002610715,0.49311189973892855,0.5068881002610715,1.0,0.1,0.24954770628233608,1080,1580,1680,1710
2025-10-10,0.1931550055742263,-0.0399265167681353,0,1,0.501726610239416,0.498273389760584,0.501726610239416,1.0,0.1,0.24954770628233608,1080,1580,1680,1710
2025-10-11,0.1854429990053177,0.1205329682457883,1,1,0.5096939955741586,0.4903060044258414,0.5096939955741586,1.0,0.1,0.24954770628233608,1080,1580,1680,1710
2025-10-12,0.2077949941158294,0.029817884491848634,1,0,0.4972534011517153,0.5027465988482847,0.5027465988482847,1.0,0.1,0.24954770628233608,1080,1580,1680,1710
2025-10-13,0.2139910012483596,-0.044202811103893125,0,0,0.49779849525900266,0.5022015047409973,0.5022015047409973,1.0,0.1,0.24954770628233608,1080,1580,1680,1710
2025-10-14,0.2045319974422454,-0.040115955881977694,0,1,0.504366493662116,0.49563350633788394,0.504366493662116,1.0,0.1,0.24954770628233608,1080,1580,1680,1710
2025-10-15,0.1963270008563995,-0.04054463502185379,0,1,0.5043983965308769,0.4956016034691231,0.5043983965308769,1.0,0.1,0.24954770628233608,1080,1580,1680,1710
2025-10-16,0.1883669942617416,-0.01871341050755493,0,1,0.5066661862232045,0.4933338137767955,0.5066661862232045,1.0,0.1,0.24954770628233608,1080,1580,1680,1710
2025-10-17,0.1848420053720474,0.02573550306633754,1,1,0.5033106698081887,0.4966893301918113,0.5033106698081887,1.0,0.1,0.24954770628233608,1080,1580,1680,1710
2025-10-18,0.1895990073680877,0.030190020665252337,1,0,0.4964460340224206,0.5035539659775794,0.5035539659775794,1.0,0.1,0.24954770628233608,1080,1580,1680,1710
2025-10-19,0.1953230053186416,0.024528557385791183,1,0,0.4970152155539344,0.5029847844460655,0.5029847844460655,1.0,0.1,0.24954770628233608,1080,1580,1680,1710
2025-10-20,0.2001139968633651,-0.02860867514561083,0,0,0.49469140813636336,0.5053085918636366,0.5053085918636366,1.0,0.1,0.24954770628233608,1080,1580,1680,1710
2025-10-21,0.1943890005350113,-0.02256818107775105,0,0,0.4992646533990158,0.5007353466009842,0.5007353466009842,1.0,0.1,0.24954770628233608,1080,1580,1680,1710
2025-10-22,0.1900019943714141,0.025483933658217328,1,0,0.4983778556313787,0.5016221443686213,0.5016221443686213,1.0,0.1,0.24954770628233608,1080,1580,1680,1710
2025-10-23,0.1948439925909042,0.014647639192493234,1,0,0.4941471269715321,0.5058528730284679,0.5058528730284679,1.0,0.1,0.24954770628233608,1080,1580,1680,1710
2025-10-24,0.1976979970932006,-0.005599411123056619,0,0,0.49426183095833826,0.5057381690416618,0.5057381690416618,1.0,0.1,0.24954770628233608,1080,1580,1680,1710
2025-10-25,0.1965910047292709,0.046182145545527575,1,0,0.4957012636830007,0.5042987363169993,0.5042987363169993,1.0,0.1,0.24954770628233608,1080,1580,1680,1710
2025-10-26,0.2056699991226196,-0.025711114395592594,0,0,0.49382654652540453,0.5061734534745954,0.5061734534745954,1.0,0.1,0.24954770628233608,1080,1580,1680,1710
2025-10-27,0.2003819942474365,-0.03306183615459579,0,0,0.49671181845710083,0.5032881815428991,0.5032881815428991,1.0,0.1,0.24954770628233608,1080,1580,1680,1710
2025-10-28,0.1937569975852966,-0.007055243127409683,0,0,0.4997983592482141,0.500201640751786,0.500201640751786,1.0,0.1,0.24954770628233608,1080,1580,1680,1710
2025-10-29,0.1923899948596954,-0.050314404518168154,0,0,0.4967080431073111,0.5032919568926889,0.5032919568926889,1.0,0.1,0.24954770628233608,1080,1580,1680,1710
2025-10-30,0.1827100068330764,0.02037652772373577,1,1,0.5025828427703174,0.4974171572296826,0.5025828427703174,1.0,0.1,0.24954770628233608,1080,1580,1680,1710
2025-10-31,0.1864330023527145,0.004548525585696295,1,0,0.4946724561578779,0.5053275438421221,0.5053275438421221,1.0,0.1,0.24954770628233608,1080,1580,1680,1710
2025-11-01,0.187280997633934,-0.003780409549009156,0,0,0.49467331369672074,0.5053266863032793,0.5053266863032793,1.0,0.1,0.24954770628233608,1080,1580,1680,1710
2025-11-02,0.1865729987621307,-0.10360553266102823,0,0,0.4960453938448254,0.5039546061551746,0.5039546061551746,1.0,0.1,0.24954770628233608,1080,1580,1680,1710
2025-11-03,0.1672430038452148,-0.027193952539531052,0,1,0.5024853573340068,0.4975146426659932,0.5024853573340068,1.0,0.1,0.24954770628233608,1080,1580,1680,1710
2025-11-04,0.1626950055360794,0.028796210244528053,1,1,0.5031437099440633,0.4968562900559367,0.5031437099440633,1.0,0.1,0.24954770628233608,1080,1580,1680,1710
2025-11-05,0.167380005121231,-0.035691297946473965,0,0,0.4616368319373199,0.5383631680626801,0.5383631680626801,0.1,scale,0.25052548809150255,1110,1610,1710,1740
2025-11-06,0.1614059954881668,0.10697870053222092,1,0,0.48058366038547334,0.5194163396145266,0.5194163396145266,0.1,scale,0.25052548809150255,1110,1610,1710,1740
2025-11-07,0.1786729991436004,-0.013941655014427012,0,0,0.4351142818137807,0.5648857181862192,0.5648857181862192,0.1,scale,0.25052548809150255,1110,1610,1710,1740
2025-11-08,0.1761820018291473,0.01747056297128058,1,0,0.4609238840271069,0.5390761159728932,0.5390761159728932,0.1,scale,0.25052548809150255,1110,1610,1710,1740
2025-11-09,0.1792600005865097,0.014247458527415047,1,0,0.4512765745254724,0.5487234254745277,0.5487234254745277,0.1,scale,0.25052548809150255,1110,1610,1710,1740
2025-11-10,0.1818140000104904,-0.053840765405020474,0,0,0.46013087153900617,0.5398691284609938,0.5398691284609938,0.1,scale,0.25052548809150255,1110,1610,1710,1740
2025-11-11,0.1720249950885772,-0.011300628651011446,0,0,0.48838506655783037,0.5116149334421696,0.5116149334421696,0.1,scale,0.25052548809150255,1110,1610,1710,1740
2025-11-12,0.1700810045003891,-0.03401322400155671,0,0,0.4770811255110493,0.5229188744889507,0.5229188744889507,0.1,scale,0.25052548809150255,1110,1610,1710,1740
2025-11-13,0.1642960011959076,-0.04157135163442449,0,0,0.49820058693510194,0.5017994130648981,0.5017994130648981,0.1,scale,0.25052548809150255,1110,1610,1710,1740
2025-11-14,0.1574659943580627,0.036014184805217564,1,0,0.495756796101751,0.504243203898249,0.504243203898249,0.1,scale,0.25052548809150255,1110,1610,1710,1740
2025-11-15,0.1631370037794113,-0.027437127663937688,0,0,0.4575926633748382,0.5424073366251618,0.5424073366251618,0.1,scale,0.25052548809150255,1110,1610,1710,1740
2025-11-16,0.1586609929800033,-0.04266320571691584,0,0,0.48920732304628806,0.5107926769537119,0.5107926769537119,0.1,scale,0.25052548809150255,1110,1610,1710,1740
2025-11-17,0.1518920063972473,0.06459851078649681,1,0,0.49776550826199517,0.5022344917380048,0.5022344917380048,0.1,scale,0.25052548809150255,1110,1610,1710,1740
2025-11-18,0.1617040038108825,-0.045632823837433834,0,0,0.44929182514457716,0.5507081748554228,0.5507081748554228,0.1,scale,0.25052548809150255,1110,1610,1710,1740
2025-11-19,0.1543249934911728,-0.03390889362554761,0,0,0.4873358201033172,0.5126641798966828,0.5126641798966828,0.1,scale,0.25052548809150255,1110,1610,1710,1740
2025-11-20,0.1490920037031173,-0.05976175853127186,0,0,0.48755769648059166,0.5124423035194083,0.5124423035194083,0.1,scale,0.25052548809150255,1110,1610,1710,1740
2025-11-21,0.1401820033788681,0.0008702672508131837,1,1,0.5081062381037466,0.49189376189625345,0.5081062381037466,0.1,scale,0.25052548809150255,1110,1610,1710,1740
2025-11-22,0.1403039991855621,0.03226567025381799,1,0,0.47316281472194777,0.5268371852780522,0.5268371852780522,0.1,scale,0.25052548809150255,1110,1610,1710,1740
2025-11-23,0.1448310017585754,0.048076721261010036,1,0,0.4619742673648384,0.5380257326351616,0.5380257326351616,0.1,scale,0.25052548809150255,1110,1610,1710,1740
2025-11-24,0.1517940014600753,0.007760493732872353,1,0,0.4523124479094832,0.5476875520905168,0.5476875520905168,0.1,scale,0.25052548809150255,1110,1610,1710,1740
2025-11-25,0.1529719978570938,0.011806120471932635,1,0,0.45592447922099477,0.5440755207790052,0.5440755207790052,0.1,scale,0.25052548809150255,1110,1610,1710,1740
2025-11-26,0.1547780036926269,-0.013496806000129369,0,0,0.4554371398320341,0.544562860167966,0.544562860167966,0.1,scale,0.25052548809150255,1110,1610,1710,1740
2025-11-27,0.1526889950037002,-0.015777143757773948,0,0,0.46389134561514367,0.5361086543848563,0.5361086543848563,0.1,scale,0.25052548809150255,1110,1610,1710,1740
2025-11-28,0.1502799987792968,-0.011385387580910789,0,0,0.47650244502992567,0.5234975549700743,0.5234975549700743,0.1,scale,0.25052548809150255,1110,1610,1710,1740
2025-11-29,0.1485690027475357,-0.012788686234723512,0,0,0.4678794943471248,0.5321205056528753,0.5321205056528753,0.1,scale,0.25052548809150255,1110,1610,1710,1740
2025-11-30,0.1466690003871917,-0.07555103786629591,0,0,0.4777189489917562,0.5222810510082438,0.5222810510082438,0.1,scale,0.25052548809150255,1110,1610,1710,1740
2025-12-01,0.1355880051851272,0.0765848968206615,1,1,0.5173801934129358,0.48261980658706416,0.5173801934129358,0.1,scale,0.25052548809150255,1110,1610,1710,1740
2025-12-02,0.1459719985723495,0.04091194225406958,1,0,0.44593824826221706,0.5540617517377829,0.5540617517377829,0.1,scale,0.25052548809150255,1110,1610,1710,1740
2025-12-03,0.1519439965486526,-0.02922782848600658,0,0,0.45380400140821747,0.5461959985917826,0.5461959985917826,0.1,scale,0.25052548809150255,1110,1610,1710,1740
2025-12-04,0.1475030034780502,-0.053361638564996317,0,0,0.473297349473754,0.526702650526246,0.526702650526246,0.1,scale,0.25052548809150255,1110,1610,1710,1740
2025-12-05,0.1396320015192031,0.0007949377544211877,1,0,0.4896112151150727,0.5103887848849273,0.5103887848849273,1.0,scale,0.25040373904769014,1140,1640,1740,1770
2025-12-06,0.1397430002689361,-0.008351039678635153,0,0,0.46947916098509934,0.5305208390149007,0.5305208390149007,1.0,scale,0.25040373904769014,1140,1640,1740,1770
2025-12-07,0.1385760009288787,0.029031005159533496,1,0,0.4862390853784933,0.5137609146215067,0.5137609146215067,1.0,scale,0.25040373904769014,1140,1640,1740,1770
2025-12-08,0.1425990015268325,0.03813490911952244,1,0,0.4642347027900443,0.5357652972099557,0.5357652972099557,1.0,scale,0.25040373904769014,1140,1640,1740,1770
2025-12-09,0.1480370014905929,-0.030546388654998258,0,0,0.4611116825321616,0.5388883174678384,0.5388883174678384,1.0,scale,0.25040373904769014,1140,1640,1740,1770
2025-12-10,0.1435150057077407,-0.021816549233220184,0,0,0.47197730857649584,0.5280226914235042,0.5280226914235042,1.0,scale,0.25040373904769014,1140,1640,1740,1770
2025-12-11,0.1403840035200119,-0.024468605333334392,0,0,0.4746204596370444,0.5253795403629555,0.5253795403629555,1.0,scale,0.25040373904769014,1140,1640,1740,1770
2025-12-12,0.1369490027427673,0.016188469561803753,1,0,0.47394362979808424,0.5260563702019158,0.5260563702019158,1.0,scale,0.25040373904769014,1140,1640,1740,1770
2025-12-13,0.139165997505188,-0.035942630217858484,0,0,0.45891522512544586,0.5410847748745542,0.5410847748745542,1.0,scale,0.25040373904769014,1140,1640,1740,1770
2025-12-14,0.1341640055179596,-0.033034252766173555,0,0,0.4897213698905667,0.5102786301094333,0.5102786301094333,1.0,scale,0.25040373904769014,1140,1640,1740,1770
2025-12-15,0.129731997847557,0.01547810879345679,1,0,0.49263982189124694,0.5073601781087531,0.5073601781087531,1.0,scale,0.25040373904769014,1140,1640,1740,1770
2025-12-16,0.131740003824234,-0.042242313641043694,0,0,0.46322708580967115,0.5367729141903288,0.5367729141903288,1.0,scale,0.25040373904769014,1140,1640,1740,1770
2025-12-17,0.1261750012636184,-0.03271647782021059,0,0,0.4848818474055182,0.5151181525944818,0.5151181525944818,1.0,scale,0.25040373904769014,1140,1640,1740,1770
2025-12-18,0.1220469996333122,0.08330393420471993,1,0,0.4848989057298396,0.5151010942701604,0.5151010942701604,1.0,scale,0.25040373904769014,1140,1640,1740,1770
2025-12-19,0.1322139948606491,-0.001981577036428317,0,0,0.44750455631852587,0.5524954436814742,0.5524954436814742,1.0,scale,0.25040373904769014,1140,1640,1740,1770
2025-12-20,0.1319520026445388,-0.006775267135538221,0,0,0.45912285151113175,0.5408771484888683,0.5408771484888683,1.0,scale,0.25040373904769014,1140,1640,1740,1770
2025-12-21,0.1310579925775528,0.010499191998137425,1,0,0.47296249247797495,0.527037507522025,0.527037507522025,1.0,scale,0.25040373904769014,1140,1640,1740,1770
2025-12-22,0.132433995604515,-0.024457397725680896,0,0,0.4738181710656098,0.5261818289343902,0.5261818289343902,1.0,scale,0.25040373904769014,1140,1640,1740,1770
2025-12-23,0.1291950047016143,-0.005240175176150164,0,0,0.4717259284996918,0.5282740715003083,0.5282740715003083,1.0,scale,0.25040373904769014,1140,1640,1740,1770
2025-12-24,0.1285180002450943,-0.038694982559967395,0,0,0.4668332830189691,0.5331667169810309,0.5331667169810309,1.0,scale,0.25040373904769014,1140,1640,1740,1770
2025-12-25,0.1235449984669685,-0.012400306381724513,0,0,0.48584920819122995,0.51415079180877,0.51415079180877,1.0,scale,0.25040373904769014,1140,1640,1740,1770
2025-12-26,0.1220130026340484,0.018120995281720065,1,0,0.48291029369522936,0.5170897063047706,0.5170897063047706,1.0,scale,0.25040373904769014,1140,1640,1740,1770
2025-12-27,0.1242239996790885,-0.0032119473188574332,0,0,0.4564770250249531,0.543522974975047,0.543522974975047,1.0,scale,0.25040373904769014,1140,1640,1740,1770
2025-12-28,0.1238249987363815,-0.008843100669032933,0,0,0.46885274830774193,0.5311472516922581,0.5311472516922581,1.0,scale,0.25040373904769014,1140,1640,1740,1770
2025-12-29,0.1227300018072128,0.0044487972773117335,1,0,0.48580002423205493,0.5141999757679451,0.5141999757679451,1.0,scale,0.25040373904769014,1140,1640,1740,1770
2025-12-30,0.1232760027050972,-0.048525292634244765,0,0,0.46383588071551834,0.5361641192844817,0.5361641192844817,1.0,scale,0.25040373904769014,1140,1640,1740,1770
2025-12-31,0.1172939985990524,0.08002117013258125,1,0,0.48744213880679704,0.5125578611932029,0.5125578611932029,1.0,scale,0.25040373904769014,1140,1640,1740,1770
2026-01-01,0.1266800016164779,0.11835330643329556,1,0,0.4542188342915082,0.5457811657084918,0.5457811657084918,1.0,scale,0.25040373904769014,1140,1640,1740,1770
2026-01-02,0.1416729986667633,0.009776057127025561,1,0,0.45166655310806636,0.5483334468919336,0.5483334468919336,1.0,scale,0.25040373904769014,1140,1640,1740,1770
2026-01-03,0.1430580019950866,0.043688531591195234,1,0,0.46180349220283584,0.5381965077971642,0.5381965077971642,1.0,scale,0.25040373904769014,1140,1640,1740,1770
2026-01-04,0.1493079960346222,0.016810962994603385,1,0,0.4447775983592293,0.5552224016407707,0.5552224016407707,1.0,scale,0.24814278409103374,1170,1670,1770,1800
2026-01-05,0.1518180072307586,-0.00780539782068379,0,0,0.4484249398957064,0.5515750601042936,0.5515750601042936,1.0,scale,0.24814278409103374,1170,1670,1770,1800
2026-01-06,0.1506330072879791,-0.029064054028119846,0,0,0.47187925440670714,0.5281207455932928,0.5281207455932928,1.0,scale,0.24814278409103374,1170,1670,1770,1800
2026-01-07,0.1462550014257431,-0.029127233429380506,0,0,0.4791921867717922,0.5208078132282078,0.5208078132282078,1.0,scale,0.24814278409103374,1170,1670,1770,1800
2026-01-08,0.1419949978590011,-0.010669397383158974,0,0,0.4985432211597146,0.5014567788402854,0.5014567788402854,1.0,scale,0.24814278409103374,1170,1670,1770,1800
2026-01-09,0.1404799968004226,-0.007168213938589574,0,0,0.4771732757133692,0.5228267242866308,0.5228267242866308,1.0,scale,0.24814278409103374,1170,1670,1770,1800
2026-01-10,0.1394730061292648,-0.012446854258203688,0,0,0.46147419684738594,0.5385258031526141,0.5385258031526141,1.0,scale,0.24814278409103374,1170,1670,1770,1800
2026-01-11,0.1377370059490203,-0.008690549576377049,0,0,0.49432688226061317,0.5056731177393868,0.5056731177393868,1.0,scale,0.24814278409103374,1170,1670,1770,1800
2026-01-12,0.1365399956703186,0.08462722649809384,1,0,0.48829512043722556,0.5117048795627744,0.5117048795627744,1.0,scale,0.24814278409103374,1170,1670,1770,1800
2026-01-13,0.1480949968099594,-0.005888119590034324,0,0,0.41965844374601363,0.5803415562539864,0.5803415562539864,1.0,scale,0.24814278409103374,1170,1670,1770,1800
2026-01-14,0.1472229957580566,-0.04909560435823279,0,0,0.470119822097502,0.529880177902498,0.529880177902498,1.0,scale,0.24814278409103374,1170,1670,1770,1800
2026-01-15,0.1399949938058853,-0.013828984965787328,0,0,0.49118785617129235,0.5088121438287077,0.5088121438287077,1.0,scale,0.24814278409103374,1170,1670,1770,1800
2026-01-16,0.1380590051412582,-0.001933948502658156,0,0,0.46768504762389335,0.5323149523761066,0.5323149523761066,1.0,scale,0.24814278409103374,1170,1670,1770,1800
2026-01-17,0.1377920061349868,-0.04450914965991892,0,0,0.4456761724011523,0.5543238275988477,0.5543238275988477,1.0,scale,0.24814278409103374,1170,1670,1770,1800
2026-01-18,0.1316590011119842,-0.01968720226595322,0,0,0.49732993383688756,0.5026700661631125,0.5026700661631125,1.0,scale,0.24814278409103374,1170,1670,1770,1800
2026-01-19,0.1290670037269592,-0.04493790942488274,0,1,0.5053291479863207,0.49467085201367933,0.5053291479863207,1.0,scale,0.24814278409103374,1170,1670,1770,1800
2026-01-20,0.1232670024037361,0.026065335933735723,1,0,0.47885608117283485,0.5211439188271652,0.5211439188271652,1.0,scale,0.24814278409103374,1170,1670,1770,1800
2026-01-21,0.1264799982309341,-0.017971227139152224,0,0,0.4534213747411178,0.5465786252588822,0.5465786252588822,1.0,scale,0.24814278409103374,1170,1670,1770,1800
2026-01-22,0.1242069974541664,0.0035344474862932795,1,0,0.45276494223840186,0.5472350577615981,0.5472350577615981,1.0,scale,0.24814278409103374,1170,1670,1770,1800
2026-01-23,0.1246460005640983,-0.004412511088810023,0,0,0.45637737340194107,0.5436226265980589,0.5436226265980589,1.0,scale,0.24814278409103374,1170,1670,1770,1800
2026-01-24,0.1240959987044334,-0.038655530901603785,0,0,0.4367949545226146,0.5632050454773854,0.5632050454773854,1.0,scale,0.24814278409103374,1170,1670,1770,1800
2026-01-25,0.1192990019917488,0.025155256597206632,1,1,0.5137808828945433,0.48621911710545673,0.5137808828945433,1.0,scale,0.24814278409103374,1170,1670,1770,1800
2026-01-26,0.1222999989986419,0.030335255416627627,1,0,0.4449891495880257,0.5550108504119743,0.5550108504119743,1.0,scale,0.24814278409103374,1170,1670,1770,1800
2026-01-27,0.126010000705719,-0.009023119563577597,0,0,0.4238988483096455,0.5761011516903545,0.5761011516903545,1.0,scale,0.24814278409103374,1170,1670,1770,1800
2026-01-28,0.1248729974031448,-0.062255215788384,0,0,0.4434611250345401,0.5565388749654598,0.5565388749654598,1.0,scale,0.24814278409103374,1170,1670,1770,1800
2026-01-29,0.1170990020036697,-0.012263149368807569,0,1,0.5025030151698309,0.49749698483016913,0.5025030151698309,1.0,scale,0.24814278409103374,1170,1670,1770,1800
2026-01-30,0.1156629994511604,-0.09998012757645014,0,0,0.4670856619173193,0.5329143380826806,0.5329143380826806,1.0,scale,0.24814278409103374,1170,1670,1770,1800
2026-01-31,0.1040989980101585,0.0023535758944124296,1,1,0.5312076574210113,0.4687923425789887,0.5312076574210113,1.0,scale,0.24814278409103374,1170,1670,1770,1800
2026-02-01,0.1043440029025077,0.03373454058479197,1,0,0.4749527727344289,0.5250472272655711,0.5250472272655711,1.0,scale,0.24814278409103374,1170,1670,1770,1800
2026-02-02,0.107863999903202,-0.020562936594152315,0,0,0.4722086081277799,0.5277913918722201,0.5277913918722201,1.0,scale,0.24814278409103374,1170,1670,1770,1800
2026-02-03,0.1056459993124008,-0.017785805291924972,0,0,0.4705782548158637,0.5294217451841363,0.5294217451841363,0.1,scale,0.24447938594515095,1200,1700,1800,1830
2026-02-04,0.1037670001387596,-0.14919003737317016,0,0,0.46410887606121115,0.5358911239387889,0.5358911239387889,0.1,scale,0.24447938594515095,1200,1700,1800,1830
2026-02-05,0.0882859975099563,0.11556763440557116,1,1,0.5612730852504122,0.4387269147495878,0.5612730852504122,0.1,scale,0.24447938594515095,1200,1700,1800,1830
2026-02-06,0.0984890013933181,-0.002152512639032489,0,0,0.4135010793719046,0.5864989206280954,0.5864989206280954,0.1,scale,0.24447938594515095,1200,1700,1800,1830
2026-02-07,0.0982770025730133,-0.015659811943672497,0,0,0.44733317523979804,0.552666824760202,0.552666824760202,0.1,scale,0.24447938594515095,1200,1700,1800,1830
2026-02-08,0.0967380031943321,-0.0074118402289597984,0,0,0.44321737109023635,0.5567826289097637,0.5567826289097637,0.1,scale,0.24447938594515095,1200,1700,1800,1830
2026-02-09,0.0960209965705871,-0.03459657720682918,0,0,0.46203401061424415,0.5379659893857558,0.5379659893857558,0.1,scale,0.24447938594515095,1200,1700,1800,1830
2026-02-10,0.0926989987492561,-0.01779952481339453,0,0,0.47279711717831585,0.5272028828216841,0.5272028828216841,0.1,scale,0.24447938594515095,1200,1700,1800,1830
2026-02-11,0.0910490006208419,0.021307175957560487,1,0,0.47327250039750385,0.5267274996024962,0.5267274996024962,0.1,scale,0.24447938594515095,1200,1700,1800,1830
2026-02-12,0.0929889976978302,0.03863903611090702,1,0,0.4348910259780317,0.5651089740219684,0.5651089740219684,0.1,scale,0.24447938594515095,1200,1700,1800,1830
2026-02-13,0.0965820029377937,0.15103227898258598,1,0,0.41637918157158665,0.5836208184284133,0.5836208184284133,0.1,scale,0.24447938594515095,1200,1700,1800,1830
2026-02-14,0.1111690029501915,-0.0765681528486547,0,0,0.38939534102156936,0.6106046589784306,0.6106046589784306,0.1,scale,0.24447938594515095,1200,1700,1800,1830
2026-02-15,0.1026569977402687,-0.01631642131747102,0,0,0.478429138152929,0.521570861847071,0.521570861847071,0.1,scale,0.24447938594515095,1200,1700,1800,1830
2026-02-16,0.1009820029139518,-0.003475909492513307,0,0,0.43473338961135954,0.5652666103886405,0.5652666103886405,0.1,scale,0.24447938594515095,1200,1700,1800,1830
2026-02-17,0.1006309986114502,-0.021047181556920425,0,0,0.4489481946137702,0.5510518053862298,0.5510518053862298,0.1,scale,0.24447938594515095,1200,1700,1800,1830
2026-02-18,0.0985129997134208,-0.0022636944209923904,0,0,0.4578084152609443,0.5421915847390557,0.5421915847390557,0.1,scale,0.24447938594515095,1200,1700,1800,1830
2026-02-19,0.0982899963855743,0.018648965378183835,1,0,0.46210775584615277,0.5378922441538472,0.5378922441538472,0.1,scale,0.24447938594515095,1200,1700,1800,1830
2026-02-20,0.1001230031251907,-0.0164298531612892,0,0,0.45041860583154264,0.5495813941684573,0.5495813941684573,0.1,scale,0.24447938594515095,1200,1700,1800,1830
2026-02-21,0.0984779968857765,-0.0307174741836449,0,0,0.44114011271470904,0.558859887285291,0.558859887285291,0.1,scale,0.24447938594515095,1200,1700,1800,1830
2026-02-22,0.0954530015587806,-0.030171912155382286,0,0,0.46524169249746083,0.5347583075025392,0.5347583075025392,0.1,scale,0.24447938594515095,1200,1700,1800,1830
2026-02-23,0.0925730019807815,-0.01200134761235827,0,0,0.4931702044535738,0.5068297955464263,0.5068297955464263,0.1,scale,0.24447938594515095,1200,1700,1800,1830
2026-02-24,0.0914620012044906,0.10143011197132124,1,0,0.4564623089891325,0.5435376910108676,0.5435376910108676,0.1,scale,0.24447938594515095,1200,1700,1800,1830
2026-02-25,0.1007390022277832,-0.03682785837692082,0,0,0.4108793078089333,0.5891206921910668,0.5891206921910668,0.1,scale,0.24447938594515095,1200,1700,1800,1830
2026-02-26,0.0970290005207061,-0.03771040063542819,0,0,0.4516151817631783,0.5483848182368217,0.5483848182368217,0.1,scale,0.24447938594515095,1200,1700,1800,1830
2026-02-27,0.0933699980378151,0.007432786178066975,1,0,0.4630784370061795,0.5369215629938204,0.5369215629938204,0.1,scale,0.24447938594515095,1200,1700,1800,1830
2026-02-28,0.0940639972686767,-0.022697245857760784,0,0,0.45595564036728425,0.5440443596327158,0.5440443596327158,0.1,scale,0.24447938594515095,1200,1700,1800,1830
2026-03-01,0.0919290035963058,0.01760051584868272,1,0,0.45746547144741495,0.5425345285525851,0.5425345285525851,0.1,scale,0.24447938594515095,1200,1700,1800,1830
2026-03-02,0.0935470014810562,-0.037563997003425054,0,0,0.4340440089803629,0.5659559910196371,0.5659559910196371,0.1,scale,0.24447938594515095,1200,1700,1800,1830
2026-03-03,0.0900330021977424,0.09990777079656832,1,0,0.4756033582861957,0.5243966417138043,0.5243966417138043,0.1,scale,0.24447938594515095,1200,1700,1800,1830
2026-03-04,0.0990279987454414,-0.05545908067923777,0,0,0.4050489496991564,0.5949510503008436,0.5949510503008436,0.1,scale,0.24447938594515095,1200,1700,1800,1830
2026-03-05,0.0935359969735145,-0.02431148678739803,0,0,0.44684708535558976,0.5531529146444103,0.5531529146444103,0.1,scale,0.23934726432181475,1230,1730,1830,1860
2026-03-06,0.0912619978189468,-0.014518599021077105,0,0,0.4387937211268574,0.5612062788731427,0.5612062788731427,0.1,scale,0.23934726432181475,1230,1730,1830,1860
2026-03-07,0.0899370014667511,-0.008606063718920476,0,0,0.4423985015486961,0.5576014984513039,0.5576014984513039,0.1,scale,0.23934726432181475,1230,1730,1830,1860
2026-03-08,0.0891629979014396,0.013671639820493464,1,0,0.46266586394351583,0.5373341360564842,0.5373341360564842,0.1,scale,0.23934726432181475,1230,1730,1830,1860
2026-03-09,0.0903820022940635,0.04608219676301828,1,0,0.43902321820295204,0.5609767817970479,0.5609767817970479,0.1,scale,0.23934726432181475,1230,1730,1830,1860
2026-03-10,0.0945470035076141,-0.017568009289919306,0,0,0.4233046659454484,0.5766953340545515,0.5766953340545515,0.1,scale,0.23934726432181475,1230,1730,1830,1860
2026-03-11,0.0928860008716583,0.01991690347950459,1,0,0.42850350795431363,0.5714964920456864,0.5714964920456864,0.1,scale,0.23934726432181475,1230,1730,1830,1860
2026-03-12,0.0947360023856163,0.012761761446942188,1,0,0.41151416331913265,0.5884858366808674,0.5884858366808674,0.1,scale,0.23934726432181475,1230,1730,1830,1860
2026-03-13,0.0959450006484985,0.00047944014064826845,1,0,0.4367337896169275,0.5632662103830726,0.5632662103830726,0.1,scale,0.23934726432181475,1230,1730,1830,1860
2026-03-14,0.0959910005331039,0.014615916832547704,1,0,0.4150134489105284,0.5849865510894716,0.5849865510894716,0.1,scale,0.23934726432181475,1230,1730,1830,1860
2026-03-15,0.0973939970135688,0.05900779842351622,1,0,0.42505319767928884,0.5749468023207112,0.5749468023207112,0.1,scale,0.23934726432181475,1230,1730,1830,1860
2026-03-16,0.103141002357006,-0.02891193035559092,0,0,0.42340084604899275,0.5765991539510072,0.5765991539510072,0.1,scale,0.23934726432181475,1230,1730,1830,1860
2026-03-17,0.1001589968800544,-0.04968097791039894,0,0,0.43945543114992835,0.5605445688500716,0.5605445688500716,0.1,scale,0.23934726432181475,1230,1730,1830,1860
2026-03-18,0.0951829999685287,-0.017135403889678713,0,0,0.4667489057747337,0.5332510942252663,0.5332510942252663,0.1,scale,0.23934726432181475,1230,1730,1830,1860
2026-03-19,0.0935520008206367,0.006616658982631307,1,0,0.45207529537584795,0.547924704624152,0.547924704624152,0.1,scale,0.23934726432181475,1230,1730,1830,1860
2026-03-20,0.0941710025072097,-0.03137913470382836,0,0,0.4426185807096297,0.5573814192903703,0.5573814192903703,0.1,scale,0.23934726432181475,1230,1730,1830,1860
2026-03-21,0.0912159979343414,-0.012190834714008614,0,0,0.45986505035275843,0.5401349496472416,0.5401349496472416,0.1,scale,0.23934726432181475,1230,1730,1830,1860
2026-03-22,0.0901039987802505,0.04532538573855138,1,0,0.4733707911708517,0.5266292088291483,0.5266292088291483,0.1,scale,0.23934726432181475,1230,1730,1830,1860
2026-03-23,0.0941879972815513,0.009714675218892355,1,0,0.4330469344985478,0.5669530655014522,0.5669530655014522,0.1,scale,0.23934726432181475,1230,1730,1830,1860
2026-03-24,0.0951030030846595,0.010683137126544562,1,0,0.4225719673584858,0.5774280326415142,0.5774280326415142,0.1,scale,0.23934726432181475,1230,1730,1830,1860
2026-03-25,0.0961190015077591,-0.042624243907816384,0,0,0.4280900521261249,0.5719099478738752,0.5719099478738752,0.1,scale,0.23934726432181475,1230,1730,1830,1860
2026-03-26,0.0920220017433166,-0.021788304478412623,0,0,0.4609662174156805,0.5390337825843194,0.5390337825843194,0.1,scale,0.23934726432181475,1230,1730,1830,1860
2026-03-27,0.0900169983506202,0.009664888990344789,1,0,0.4509672607095275,0.5490327392904726,0.5490327392904726,0.1,scale,0.23934726432181475,1230,1730,1830,1860
2026-03-28,0.090887002646923,-0.005391335612875747,0,0,0.44442093706097674,0.5555790629390233,0.5555790629390233,0.1,scale,0.23934726432181475,1230,1730,1830,1860
2026-03-29,0.0903970003128051,0.0034735363738869207,1,0,0.4405494964992935,0.5594505035007065,0.5594505035007065,0.1,scale,0.23934726432181475,1230,1730,1830,1860
2026-03-30,0.0907109975814819,0.01650296541509877,1,0,0.4494814114664822,0.5505185885335178,0.5505185885335178,0.1,scale,0.23934726432181475,1230,1730,1830,1860
2026-03-31,0.0922079980373382,-0.00018430911312827813,0,0,0.4266944180370272,0.5733055819629729,0.5733055819629729,0.1,scale,0.23934726432181475,1230,1730,1830,1860
2026-04-01,0.0921910032629966,-0.019709112908889548,0,0,0.4334308077666424,0.5665691922333576,0.5665691922333576,0.1,scale,0.23934726432181475,1230,1730,1830,1860
2026-04-02,0.0903740003705024,0.012846633079394376,1,0,0.4482020214330228,0.5517979785669772,0.5517979785669772,0.1,scale,0.23934726432181475,1230,1730,1830,1860
2026-04-03,0.0915350019931793,0.005276656774342969,1,0,0.42681847024504516,0.5731815297549548,0.5731815297549548,0.1,scale,0.23934726432181475,1230,1730,1830,1860
2026-04-04,0.0920180007815361,0.002705974933538746,1,0,0.43512759254048744,0.5648724074595126,0.5648724074595126,0.1,scale,0.2416921152465866,1260,1760,1860,1890
2026-04-05,0.0922669991850853,-0.018121318647883022,0,0,0.4494746403097915,0.5505253596902084,0.5505253596902084,0.1,scale,0.2416921152465866,1260,1760,1860,1890
2026-04-06,0.0905949994921684,0.04902037139000037,1,0,0.47016640523306696,0.529833594766933,0.529833594766933,0.1,scale,0.2416921152465866,1260,1760,1860,1890
2026-04-07,0.0950360000133514,-0.027768457191382767,0,0,0.4235941792985686,0.5764058207014314,0.5764058207014314,0.1,scale,0.2416921152465866,1260,1760,1860,1890
2026-04-08,0.0923969969153404,0.0014394441234661937,1,0,0.45518451165740725,0.5448154883425927,0.5448154883425927,0.1,scale,0.2416921152465866,1260,1760,1860,1890
2026-04-09,0.0925299972295761,0.013012065383456672,1,0,0.4444012203769881,0.555598779623012,0.555598779623012,0.1,scale,0.2416921152465866,1260,1760,1860,1890
2026-04-10,0.0937340036034584,-0.006635844481635456,0,0,0.43957974247744136,0.5604202575225586,0.5604202575225586,0.1,scale,0.2416921152465866,1260,1760,1860,1890
2026-04-11,0.0931119993329048,-0.024465161661965107,0,0,0.4449967761310649,0.5550032238689351,0.5550032238689351,0.1,scale,0.2416921152465866,1260,1760,1860,1890
2026-04-12,0.0908339992165565,0.036241955790137226,1,0,0.46851072106035285,0.5314892789396471,0.5314892789396471,0.1,scale,0.2416921152465866,1260,1760,1860,1890
2026-04-13,0.0941260010004043,-0.011835235199959437,0,0,0.434222141375127,0.565777858624873,0.565777858624873,0.1,scale,0.2416921152465866,1260,1760,1860,1890
2026-04-14,0.0930119976401329,0.020502794848932027,1,0,0.4641908174350862,0.5358091825649138,0.5358091825649138,0.1,scale,0.2416921152465866,1260,1760,1860,1890
2026-04-15,0.0949190035462379,0.04505945259950028,1,0,0.4240481996688894,0.5759518003311106,0.5759518003311106,0.1,scale,0.2416921152465866,1260,1760,1860,1890
2026-04-16,0.0991960018873214,0.0035182879317809945,1,0,0.4384041421393729,0.561595857860627,0.561595857860627,0.1,scale,0.2416921152465866,1260,1760,1860,1890
2026-04-17,0.0995450019836425,-0.046622169011452885,0,0,0.4370196589903271,0.562980341009673,0.562980341009673,0.1,scale,0.2416921152465866,1260,1760,1860,1890
2026-04-18,0.0949039980769157,-0.019430122896428648,0,0,0.46158426859735135,0.5384157314026486,0.5384157314026486,0.1,scale,0.2416921152465866,1260,1760,1860,1890
2026-04-19,0.0930600017309188,0.02349022465589745,1,0,0.47014079596385233,0.5298592040361476,0.5298592040361476,0.1,scale,0.2416921152465866,1260,1760,1860,1890
2026-04-20,0.0952460020780563,-0.000997441899068141,0,0,0.43770459943602197,0.562295400563978,0.562295400563978,0.1,scale,0.2416921152465866,1260,1760,1860,1890
2026-04-21,0.0951509997248649,0.006169156862320335,1,0,0.44410948131805966,0.5558905186819403,0.5558905186819403,0.1,scale,0.2416921152465866,1260,1760,1860,1890
2026-04-22,0.0957380011677742,0.01530218089288482,1,0,0.4573749814506916,0.5426250185493084,0.5426250185493084,0.1,scale,0.2416921152465866,1260,1760,1860,1890
2026-04-23,0.0972030013799667,0.012890562782004178,1,0,0.43907499246682086,0.5609250075331791,0.5609250075331791,0.1,scale,0.2416921152465866,1260,1760,1860,1890
2026-04-24,0.0984560027718544,-0.004143995618160923,0,0,0.43718641450164875,0.5628135854983513,0.5628135854983513,0.1,scale,0.2416921152465866,1260,1760,1860,1890
2026-04-25,0.0980480015277862,0.012657050497804523,1,0,0.437020023780135,0.5629799762198651,0.5629799762198651,0.1,scale,0.2416921152465866,1260,1760,1860,1890
2026-04-26,0.0992890000343322,-0.0031322919474390254,0,0,0.4428707373806196,0.5571292626193804,0.5571292626193804,0.1,scale,0.2416921152465866,1260,1760,1860,1890
2026-04-27,0.0989779978990554,0.004051457469332442,1,0,0.45679136706950535,0.5432086329304946,0.5432086329304946,0.1,scale,0.2416921152465866,1260,1760,1860,1890
2026-04-28,0.0993790030479431,0.046679877622722854,1,0,0.44726406935688356,0.5527359306431164,0.5527359306431164,0.1,scale,0.2416921152465866,1260,1760,1860,1890
2026-04-29,0.1040180027484893,0.02379396693374347,1,0,0.4443784159031549,0.555621584096845,0.555621584096845,0.1,scale,0.2416921152465866,1260,1760,1860,1890
2026-04-30,0.1064930036664009,0.01785087491304438,1,0,0.42199063337609133,0.5780093666239087,0.5780093666239087,0.1,scale,0.2416921152465866,1260,1760,1860,1890
2026-05-01,0.1083939969539642,0.00047977797689835455,1,0,0.4291297380905936,0.5708702619094064,0.5708702619094064,0.1,scale,0.2416921152465866,1260,1760,1860,1890
2026-05-02,0.1084460020065307,-0.0015860806343995781,0,0,0.44080590279401655,0.5591940972059835,0.5591940972059835,0.1,scale,0.2416921152465866,1260,1760,1860,1890
2026-05-03,0.1082739979028701,0.017529652931506767,1,0,0.4514746271385082,0.5485253728614918,0.5485253728614918,0.1,scale,0.2416921152465866,1260,1760,1860,1890
2026-05-04,0.1101720035076141,0.0427694231622886,1,0,0.46874019146258933,0.5312598085374107,0.5312598085374107,0.1,scale,0.24675665756046974,1290,1790,1890,1920
2026-05-05,0.1148839965462684,-0.02138672868696001,0,0,0.4481130697087634,0.5518869302912366,0.5518869302912366,0.1,scale,0.24675665756046974,1290,1790,1890,1920
2026-05-06,0.1124270036816597,-0.04106669603770097,0,0,0.4734045004254325,0.5265954995745675,0.5265954995745675,0.1,scale,0.24675665756046974,1290,1790,1890,1920
2026-05-07,0.1078099980950355,0.015267643505227024,1,0,0.4806042050316807,0.5193957949683192,0.5193957949683192,0.1,scale,0.24675665756046974,1290,1790,1890,1920
2026-05-08,0.1094560027122497,-0.006751577979782986,0,0,0.4614821604617329,0.538517839538267,0.538517839538267,0.1,scale,0.24675665756046974,1290,1790,1890,1920
2026-05-09,0.1087170019745826,0.03496229273132401,1,0,0.4676670950341288,0.5323329049658712,0.5323329049658712,0.1,scale,0.24675665756046974,1290,1790,1890,1920
2026-05-10,0.1125179976224899,-0.011047079475377641,0,0,0.4578499497078229,0.5421500502921771,0.5421500502921771,0.1,scale,0.24675665756046974,1290,1790,1890,1920
2026-05-11,0.1112750023603439,-0.011314303145922744,0,0,0.4704686690813386,0.5295313309186613,0.5295313309186613,0.1,scale,0.24675665756046974,1290,1790,1890,1920
2026-05-12,0.1100160032510757,0.024487308698614818,1,0,0.46739378471862086,0.5326062152813791,0.5326062152813791,0.1,scale,0.24675665756046974,1290,1790,1890,1920
2026-05-13,0.1127099990844726,0.022890621694800828,1,0,0.46164260721851846,0.5383573927814815,0.5383573927814815,0.1,scale,0.24675665756046974,1290,1790,1890,1920
2026-05-14,0.1152900010347366,-0.01674910407560759,0,0,0.4542930889422455,0.5457069110577545,0.5457069110577545,0.1,scale,0.24675665756046974,1290,1790,1890,1920
2026-05-15,0.1133589968085289,-0.035259645764348146,0,0,0.4604514971519838,0.5395485028480163,0.5395485028480163,0.1,scale,0.24675665756046974,1290,1790,1890,1920
2026-05-16,0.1093619987368583,-0.005367508363866125,0,0,0.47594422459223923,0.5240557754077608,0.5240557754077608,0.1,scale,0.24675665756046974,1290,1790,1890,1920
2026-05-17,0.1087749972939491,-0.03791313050903755,0,0,0.47176789992979196,0.528232100070208,0.528232100070208,0.1,scale,0.24675665756046974,1290,1790,1890,1920
2026-05-18,0.1046509966254234,-0.016512009559435104,0,1,0.5050923851906443,0.49490761480935574,0.5050923851906443,0.1,scale,0.24675665756046974,1290,1790,1890,1920
2026-05-19,0.10292299836874,0.006325135689348782,1,0,0.4717253629481932,0.5282746370518068,0.5282746370518068,0.1,scale,0.24675665756046974,1290,1790,1890,1920
2026-05-20,0.1035740002989769,0.018537468024057535,1,0,0.471778463042473,0.5282215369575269,0.5282215369575269,0.1,scale,0.24675665756046974,1290,1790,1890,1920
2026-05-21,0.1054940000176429,-0.030703152339844997,0,0,0.46194596352652934,0.5380540364734707,0.5380540364734707,0.1,scale,0.24675665756046974,1290,1790,1890,1920
2026-05-22,0.1022550016641616,0.007109655669589543,1,0,0.4768892244126607,0.5231107755873393,0.5231107755873393,0.1,scale,0.24675665756046974,1290,1790,1890,1920
2026-05-23,0.1029819995164871,-0.007651853818656296,0,0,0.4701262766843489,0.5298737233156511,0.5298737233156511,0.1,scale,0.24675665756046974,1290,1790,1890,1920
2026-05-24,0.102193996310234,-0.0012426869567657706,0,0,0.45821597306969974,0.5417840269303003,0.5417840269303003,0.1,scale,0.24675665756046974,1290,1790,1890,1920
2026-05-25,0.1020670011639595,-0.01134547919984541,0,0,0.45991709608949355,0.5400829039105064,0.5400829039105064,0.1,scale,0.24675665756046974,1290,1790,1890,1920
2026-05-26,0.1009090021252632,-0.004885638622077693,0,0,0.47925655163141306,0.5207434483685869,0.5207434483685869,0.1,scale,0.24675665756046974,1290,1790,1890,1920
2026-05-27,0.1004159972071647,-0.009988420051126434,0,0,0.4658325097076261,0.5341674902923739,0.5341674902923739,0.1,scale,0.24675665756046974,1290,1790,1890,1920
2026-05-28,0.0994130000472068,0.002273329052932649,1,0,0.4718809893227195,0.5281190106772805,0.5281190106772805,0.1,scale,0.24675665756046974,1290,1790,1890,1920
2026-05-29,0.0996389985084533,0.007487071273251766,1,0,0.45646130706791493,0.5435386929320851,0.5435386929320851,0.1,scale,0.24675665756046974,1290,1790,1890,1920
2026-05-30,0.1003850027918815,-0.0012850460613379466,0,0,0.45324848629576997,0.54675151370423,0.54675151370423,0.1,scale,0.24675665756046974,1290,1790,1890,1920
2026-05-31,0.1002560034394264,0.0047877053533877945,1,0,0.457430280557412,0.542569719442588,0.542569719442588,0.1,scale,0.24675665756046974,1290,1790,1890,1920
2026-06-01,0.1007359996438026,-0.0809839417118694,0,0,0.4750670356370219,0.5249329643629781,0.5249329643629781,0.1,scale,0.24675665756046974,1290,1790,1890,1920
2026-06-02,0.092578001320362,-0.013178106602258821,0,1,0.5159640007141368,0.48403599928586316,0.5159640007141368,0.1,scale,0.24675665756046974,1290,1790,1890,1920
2026-06-03,0.0913579985499382,-0.0325970042235838,0,0,0.46606263031165,0.53393736968835,0.53393736968835,1.0,scale,0.25247304606319443,1320,1820,1920,1950
2026-06-04,0.0883800014853477,-0.0794297802179923,0,0,0.49638784444583084,0.5036121555541692,0.5036121555541692,1.0,scale,0.25247304606319443,1320,1820,1920,1950
2026-06-05,0.0813599973917007,0.006059549335098557,1,1,0.5131775881739431,0.4868224118260569,0.5131775881739431,1.0,scale,0.25247304606319443,1320,1820,1920,1950
2026-06-06,0.0818530023097992,0.051751281889772294,1,0,0.46497826880283205,0.5350217311971679,0.5350217311971679,1.0,scale,0.25247304606319443,1320,1820,1920,1950
2026-06-07,0.0860890001058578,0.00231153291266617,1,0,0.4391799032057363,0.5608200967942637,0.5608200967942637,1.0,scale,0.25247304606319443,1320,1820,1920,1950
2026-06-08,0.086287997663021,-0.017395165118073708,0,0,0.44665260153089587,0.5533473984691042,0.5533473984691042,1.0,scale,0.25247304606319443,1320,1820,1920,1950
2026-06-09,0.0847870036959648,-0.021607095797430365,0,0,0.4670907683139182,0.5329092316860817,0.5329092316860817,1.0,scale,0.25247304606319443,1320,1820,1920,1950
2026-06-10,0.082955002784729,0.036405230378356856,1,0,0.46237081249126855,0.5376291875087315,0.5376291875087315,1.0,scale,0.25247304606319443,1320,1820,1920,1950
2026-06-11,0.0859749987721443,-0.00012790994031008918,0,0,0.4351882322966928,0.5648117677033072,0.5648117677033072,1.0,scale,0.25247304606319443,1320,1820,1920,1950
2026-06-12,0.0859640017151832,0.02218368639750845,1,0,0.47296832268558153,0.5270316773144185,0.5270316773144185,1.0,scale,0.25247304606319443,1320,1820,1920,1950
2026-06-13,0.0878710001707077,0.010185396689085913,1,0,0.41870056573563486,0.5812994342643651,0.5812994342643651,1.0,scale,0.25247304606319443,1320,1820,1920,1950
2026-06-14,0.0887660011649131,-0.007401478482698565,0,0,0.4362956931104893,0.5637043068895107,0.5637043068895107,1.0,scale,0.25247304606319443,1320,1820,1920,1950
2026-06-15,0.0881090015172958,-0.011281529606055885,0,0,0.4700957891225122,0.5299042108774878,0.5299042108774878,1.0,scale,0.25247304606319443,1320,1820,1920,1950
2026-06-16,0.0871149972081184,-0.015129430055154436,0,0,0.446686854647627,0.553313145352373,0.553313145352373,1.0,scale,0.25247304606319443,1320,1820,1920,1950
2026-06-17,0.0857969969511032,-0.027646616145678538,0,0,0.4584602293292055,0.5415397706707945,0.5415397706707945,1.0,scale,0.25247304606319443,1320,1820,1920,1950
2026-06-18,0.0834250003099441,0.0012346038452411001,1,0,0.4741919154865424,0.5258080845134576,0.5258080845134576,1.0,scale,0.25247304606319443,1320,1820,1920,1950
2026-06-19,0.083527997136116,0.000814115643133162,1,0,0.45852786300017484,0.5414721369998252,0.5414721369998252,1.0,scale,0.25247304606319443,1320,1820,1920,1950
2026-06-20,0.0835959985852241,-0.01703430416846996,0,0,0.4651719480270813,0.5348280519729187,0.5348280519729187,1.0,scale,0.25247304606319443,1320,1820,1920,1950
2026-06-21,0.0821719989180564,0.0028476900633871427,1,0,0.4626801001640403,0.5373198998359596,0.5373198998359596,1.0,scale,0.25247304606319443,1320,1820,1920,1950
2026-06-22,0.082405999302864,-0.043261395258340274,0,0,0.469481410667091,0.530518589332909,0.530518589332909,1.0,scale,0.25247304606319443,1320,1820,1920,1950
2026-06-23,0.0788410007953643,-0.03589501278603113,0,0,0.49560995340579655,0.5043900465942035,0.5043900465942035,1.0,scale,0.25247304606319443,1320,1820,1920,1950
2026-06-24,0.0760110020637512,-0.016102981133940597,0,0,0.49701386259778274,0.5029861374022173,0.5029861374022173,1.0,scale,0.25247304606319443,1320,1820,1920,1950
2026-06-25,0.0747869983315467,0.011699943244203093,1,0,0.4695340142916676,0.5304659857083325,0.5304659857083325,1.0,scale,0.25247304606319443,1320,1820,1920,1950
2026-06-26,0.0756620019674301,-0.016283016887339796,0,0,0.4537996558688249,0.5462003441311751,0.5462003441311751,1.0,scale,0.25247304606319443,1320,1820,1920,1950
2026-06-27,0.0744299963116645,-0.01796317753313892,0,0,0.44880943899859155,0.5511905610014085,0.5511905610014085,1.0,scale,0.25247304606319443,1320,1820,1920,1950
2026-06-28,0.0730929970741272,0.002626810633965082,1,0,0.46367819562642265,0.5363218043735773,0.5363218043735773,1.0,scale,0.25247304606319443,1320,1820,1920,1950
2026-06-29,0.0732849985361099,-0.017616147625299727,0,0,0.46203530715565766,0.5379646928443423,0.5379646928443423,1.0,scale,0.25247304606319443,1320,1820,1920,1950
2026-06-30,0.0719939991831779,0.0025418946398014786,1,0,0.4661792531826821,0.533820746817318,0.533820746817318,1.0,scale,0.25247304606319443,1320,1820,1920,1950
2026-07-01,0.0721770003437995,0.026365704929262712,1,0,0.442853267987151,0.5571467320128489,0.5571467320128489,1.0,scale,0.25247304606319443,1320,1820,1920,1950
2026-07-02,0.0740799978375434,0.04603137390500467,1,0,0.44005634424543033,0.5599436557545696,0.5599436557545696,1.0,scale,0.25247304606319443,1320,1820,1920,1950
2026-07-03,0.0774900019168853,0.0012775308032328958,1,0,0.42775296558703524,0.5722470344129648,0.5722470344129648,10.0,scale,0.25122710404096293,1350,1850,1950,1980
2026-07-04,0.0775889977812767,0.001868862902264512,1,0,0.43919669105196624,0.5608033089480338,0.5608033089480338,10.0,scale,0.25122710404096293,1350,1850,1950,1980
2026-07-05,0.077734000980854,-0.014806943280834095,0,0,0.44378241071080177,0.5562175892891983,0.5562175892891983,10.0,scale,0.25122710404096293,1350,1850,1950,1980
2026-07-06,0.0765829980373382,-0.03132545874049819,0,0,0.4601875964983759,0.5398124035016241,0.5398124035016241,10.0,scale,0.25122710404096293,1350,1850,1950,1980
2026-07-07,0.0741840004920959,-0.02524805138353614,0,0,0.46153477890359207,0.5384652210964079,0.5384652210964079,10.0,scale,0.25122710404096293,1350,1850,1950,1980
2026-07-08,0.0723109990358352,0.007578344384549629,1,0,0.4735412002492649,0.5264587997507351,0.5264587997507351,10.0,scale,0.25122710404096293,1350,1850,1950,1980
2026-07-09,0.0728589966893196,0.016305502144448925,1,0,0.4604201593876947,0.5395798406123054,0.5395798406123054,10.0,scale,0.25122710404096293,1350,1850,1950,1980
2026-07-10,0.0740469992160797,-0.010506800879818146,0,0,0.45723407289981494,0.542765927100185,0.542765927100185,10.0,scale,0.25122710404096293,1350,1850,1950,1980
2026-07-11,0.0732690021395683,-0.007997967052875032,0,0,0.4632386169487455,0.5367613830512545,0.5367613830512545,10.0,scale,0.25122710404096293,1350,1850,1950,1980
2026-07-12,0.072682999074459,-0.011446953142722815,0,0,0.4673409304110457,0.5326590695889544,0.5326590695889544,10.0,scale,0.25122710404096293,1350,1850,1950,1980
2026-07-13,0.0718510001897811,0.03604682777670565,1,0,0.47145948593359516,0.5285405140664048,0.5285405140664048,10.0,scale,0.25122710404096293,1350,1850,1950,1980
2026-07-14,0.0744410008192062,-0.005333138764097245,0,0,0.4563330843243386,0.5436669156756614,0.5436669156756614,10.0,scale,0.25122710404096293,1350,1850,1950,1980
2026-07-15,0.0740439966320991,-0.02299975940874366,0,0,0.4653282412662826,0.5346717587337174,0.5346717587337174,10.0,scale,0.25122710404096293,1350,1850,1950,1980
2026-07-16,0.072341002523899,0.0023499798392183635,1,0,0.4598961131701105,0.5401038868298895,0.5401038868298895,10.0,scale,0.25122710404096293,1350,1850,1950,1980
2026-07-17,0.072511002421379,-0.0005792075881221326,0,0,0.4525113763397374,0.5474886236602625,0.5474886236602625,10.0,scale,0.25122710404096293,1350,1850,1950,1980
2026-07-18,0.0724690034985542,-0.0021940806806067803,0,0,0.44299317637332053,0.5570068236266794,0.5570068236266794,10.0,scale,0.25122710404096293,1350,1850,1950,1980
2026-07-19,0.0723100006580352,-0.002364794270832249,0,0,0.45504911639651696,0.5449508836034831,0.5449508836034831,10.0,scale,0.25122710404096293,1350,1850,1950,1980
2026-07-20,0.0721390023827552,0.01584442509878592,1,0,0.4683067117472375,0.5316932882527625,0.5316932882527625,10.0,scale,0.25122710404096293,1350,1850,1950,1980
2026-07-21,0.0732820034027099,-0.004503167223546489,0,0,0.4454324701002513,0.5545675298997488,0.5545675298997488,10.0,scale,0.25122710404096293,1350,1850,1950,1980
2026-07-22,0.072952002286911,-0.05234953916947249,0,0,0.46012706091707684,0.5398729390829231,0.5398729390829231,10.0,scale,0.25122710404096293,1350,1850,1950,1980
2026-07-23,0.0691329985857009,0.005612426680219773,1,0,0.4818102414669953,0.5181897585330046,0.5181897585330046,10.0,scale,0.25122710404096293,1350,1850,1950,1980
2026-07-24,0.0695210024714469,0.030983444238428248,1,0,0.4541427925354785,0.5458572074645215,0.5458572074645215,10.0,scale,0.25122710404096293,1350,1850,1950,1980
2026-07-25,0.0716750025749206,0.022629909846678453,1,0,0.44783712644341267,0.5521628735565873,0.5521628735565873,10.0,scale,0.25122710404096293,1350,1850,1950,1980
2026-07-26,0.0732970014214515,-0.04042456019192131,0,0,0.4479915230304685,0.5520084769695315,0.5520084769695315,10.0,scale,0.25122710404096293,1350,1850,1950,1980
2026-07-27,0.0703340023756027,0.005914574785991444,1,0,0.46980078122488017,0.5301992187751199,0.5301992187751199,10.0,scale,0.25122710404096293,1350,1850,1950,1980
2026-07-28,0.0707499980926513,-0.009554751185353205,0,0,0.4525217253845655,0.5474782746154345,0.5474782746154345,10.0,scale,0.25122710404096293,1350,1850,1950,1980
2026-07-29,0.0700739994645118,0.006821352462097918,1,0,0.4579670847040726,0.5420329152959273,0.5420329152959273,10.0,scale,0.25122710404096293,1350,1850,1950,1980
2026-07-30,0.0705519989132881,-0.0146275411911444,0,0,0.4510070434173906,0.5489929565826094,0.5489929565826094,10.0,scale,0.25122710404096293,1350,1850,1950,1980
2026-07-31,0.0695199966430664,-0.0064441309313150175,0,0,0.465369664007999,0.534630335992001,0.534630335992001,10.0,scale,0.25122710404096293,1350,1850,1950,1980
2026-08-01,0.0690720006823539,0.023265589702251566,1,0,0.45357422846101075,0.5464257715389893,0.5464257715389893,10.0,scale,0.25122710404096293,1350,1850,1950,1980
2026-08-02,0.0706790015101432,-0.007569487818054665,0,0,0.444135206919632,0.555864793080368,0.555864793080368,1.0,0.01,0.24752003377248472,1380,1880,1980,2010
2026-08-03,0.0701439976692199,-0.0014398961269386223,0,0,0.4535670319487768,0.5464329680512232,0.5464329680512232,1.0,0.01,0.24752003377248472,1380,1880,1980,2010
2026-08-04,0.070042997598648,-0.0008708636899940059,0,0,0.4469754786304039,0.5530245213695961,0.5530245213695961,1.0,0.01,0.24752003377248472,1380,1880,1980,2010
2026-08-05,0.069981999695301,-0.014203607540862362,0,0,0.4501688286587131,0.5498311713412869,0.5498311713412869,1.0,0.01,0.24752003377248472,1380,1880,1980,2010
2026-08-06,0.0689880028367042,0.009204471168960282,1,0,0.45572896088837334,0.5442710391116267,0.5442710391116267,1.0,0.01,0.24752003377248472,1380,1880,1980,2010
2026-08-07,0.0696230009198188,0.011030814345890816,1,0,0.4501626048428392,0.5498373951571608,0.5498373951571608,1.0,0.01,0.24752003377248472,1380,1880,1980,2010
2026-08-08,0.0703909993171691,-0.01613839106154613,0,0,0.4435276740979848,0.5564723259020152,0.5564723259020152,1.0,0.01,0.24752003377248472,1380,1880,1980,2010
2026-08-09,0.0692550018429756,0.00625222627172195,1,0,0.4498514604939321,0.5501485395060679,0.5501485395060679,1.0,0.01,0.24752003377248472,1380,1880,1980,2010
2026-08-10,0.0696879997849464,0.03075139268060223,1,0,0.4498891639574585,0.5501108360425415,0.5501108360425415,1.0,0.01,0.24752003377248472,1380,1880,1980,2010
2026-08-11,0.071831002831459,-0.031170437405106388,0,0,0.44541290269373246,0.5545870973062675,0.5545870973062675,1.0,0.01,0.24752003377248472,1380,1880,1980,2010
2026-08-12,0.069591999053955,0.0071416030011306475,1,0,0.45833596613733485,0.5416640338626652,0.5416640338626652,1.0,0.01,0.24752003377248472,1380,1880,1980,2010
2026-08-13,0.0700889974832534,-0.0012412851196934582,0,0,0.4433436368217477,0.5566563631782523,0.5566563631782523,1.0,0.01,0.24752003377248472,1380,1880,1980,2010
2026-08-14,0.0700019970536232,-0.006456914681259085,0,0,0.44969279408306023,0.5503072059169398,0.5503072059169398,1.0,0.01,0.24752003377248472,1380,1880,1980,2010
2026-08-15,0.0695500001311302,-0.000977734708553557,0,0,0.4501229952331368,0.5498770047668632,0.5498770047668632,1.0,0.01,0.24752003377248472,1380,1880,1980,2010
2026-08-16,0.0694819986820221,0.012463707880445263,1,0,0.45276388959588565,0.5472361104041144,0.5472361104041144,1.0,0.01,0.24752003377248472,1380,1880,1980,2010
2026-08-17,0.0703480020165443,-0.0019190953054295523,0,0,0.45464405862227564,0.5453559413777244,0.5453559413777244,1.0,0.01,0.24752003377248472,1380,1880,1980,2010
2026-08-18,0.070212997496128,0.067779561789588,1,0,0.4497872099852082,0.5502127900147917,0.5502127900147917,1.0,0.01,0.24752003377248472,1380,1880,1980,2010
2026-08-19,0.074972003698349,0.07269374072553192,1,0,0.45044532180243846,0.5495546781975615,0.5495546781975615,1.0,0.01,0.24752003377248472,1380,1880,1980,2010
2026-08-20,0.0804219990968704,0.13932758189737338,1,0,0.4380333191950981,0.561966680804902,0.561966680804902,1.0,0.01,0.24752003377248472,1380,1880,1980,2010
2026-08-21,0.0916270017623901,0.0035470087416065166,1,0,0.4296326408103943,0.5703673591896057,0.5703673591896057,1.0,0.01,0.24752003377248472,1380,1880,1980,2010
2026-08-22,0.0919520035386085,0.015943084800506435,1,0,0.4579959868038508,0.5420040131961492,0.5420040131961492,1.0,0.01,0.24752003377248472,1380,1880,1980,2010
2026-08-23,0.093418002128601,-0.03755166548203437,0,0,0.4458185753978473,0.5541814246021527,0.5541814246021527,1.0,0.01,0.24752003377248472,1380,1880,1980,2010
2026-08-24,0.0899100005626678,-0.04664663382256984,0,0,0.46770985320308495,0.532290146796915,0.532290146796915,1.0,0.01,0.24752003377248472,1380,1880,1980,2010
2026-08-25,0.085716001689434,0.02362453580552537,1,0,0.47312838751510083,0.5268716124848991,0.5268716124848991,1.0,0.01,0.24752003377248472,1380,1880,1980,2010
2026-08-26,0.0877410024404525,0.015978824764584676,1,0,0.45366364433327133,0.5463363556667287,0.5463363556667287,1.0,0.01,0.24752003377248472,1380,1880,1980,2010
2026-08-27,0.0891430005431175,-0.04401912947819053,0,0,0.4604179236374259,0.539582076362574,0.539582076362574,1.0,0.01,0.24752003377248472,1380,1880,1980,2010
2026-08-28,0.0852190032601356,0.0007274936196772774,1,0,0.47435668942570997,0.52564331057429,0.52564331057429,1.0,0.01,0.24752003377248472,1380,1880,1980,2010
2026-08-29,0.0852809995412826,-0.03733537581221125,0,0,0.45335924213327733,0.5466407578667227,0.5466407578667227,1.0,0.01,0.24752003377248472,1380,1880,1980,2010
2026-08-30,0.0820970013737678,0.0087335610456718,1,0,0.483822918836758,0.516177081163242,0.516177081163242,1.0,0.01,0.24752003377248472,1380,1880,1980,2010
2026-08-31,0.0828140005469322,-0.014116013458080778,0,0,0.4553676253572809,0.5446323746427191,0.5446323746427191,1.0,0.01,0.24752003377248472,1380,1880,1980,2010
