timestamp,close,future_return_1d,y_true,prediction,prob_positive,prob_negative,confidence,selected_C,selected_gamma,validation_brier,fold_start,train_end,validation_end,test_end
2022-10-22,5.848344802856445,0.019132615206294945,1,1,0.5000684052414529,0.4999315947585471,0.5000684052414529,10.0,scale,0.2489273886245917,0,500,600,630
2022-10-23,5.960238933563232,-0.007521804625087003,0,0,0.4904959789421887,0.5095040210578112,0.5095040210578112,10.0,scale,0.2489273886245917,0,500,600,630
2022-10-24,5.915407180786133,0.08992650683873649,1,0,0.46489494755691957,0.5351050524430805,0.5351050524430805,10.0,scale,0.2489273886245917,0,500,600,630
2022-10-25,6.447359085083008,0.0028772823970135697,1,0,0.3547924558900565,0.6452075441099435,0.6452075441099435,10.0,scale,0.2489273886245917,0,500,600,630
2022-10-26,6.465909957885742,-0.02007035990276107,0,0,0.41517949450479225,0.5848205054952078,0.5848205054952078,10.0,scale,0.2489273886245917,0,500,600,630
2022-10-27,6.336136817932129,0.029247939582665028,1,0,0.43750436485203414,0.5624956351479659,0.5624956351479659,10.0,scale,0.2489273886245917,0,500,600,630
2022-10-28,6.521455764770508,0.017220727198598684,1,0,0.4150779891156246,0.5849220108843753,0.5849220108843753,10.0,scale,0.2489273886245917,0,500,600,630
2022-10-29,6.63375997543335,0.002820873457258566,1,0,0.4241614214425476,0.5758385785574525,0.5758385785574525,10.0,scale,0.2489273886245917,0,500,600,630
2022-10-30,6.652472972869873,-0.0032422191363968844,0,0,0.44248566062406913,0.5575143393759309,0.5575143393759309,10.0,scale,0.2489273886245917,0,500,600,630
2022-10-31,6.630904197692871,-0.023797257790765913,0,0,0.45045484067915204,0.549545159320848,0.549545159320848,10.0,scale,0.2489273886245917,0,500,600,630
2022-11-01,6.473106861114502,-0.03524551478078708,0,0,0.44521692254606604,0.554783077453934,0.554783077453934,10.0,scale,0.2489273886245917,0,500,600,630
2022-11-02,6.244958877563477,0.028877204116968036,1,0,0.426928420097778,0.573071579902222,0.573071579902222,10.0,scale,0.2489273886245917,0,500,600,630
2022-11-03,6.425295829772949,0.09948138832557496,1,0,0.3915876788161889,0.6084123211838111,0.6084123211838111,10.0,scale,0.2489273886245917,0,500,600,630
2022-11-04,7.064493179321289,-0.006375834305525463,0,0,0.39244169040860205,0.6075583095913979,0.6075583095913979,10.0,scale,0.2489273886245917,0,500,600,630
2022-11-05,7.019451141357422,-0.02829081406679068,0,0,0.4307000094098259,0.5692999905901741,0.5692999905901741,10.0,scale,0.2489273886245917,0,500,600,630
2022-11-06,6.820865154266357,0.04410715562794665,1,0,0.44358601729849756,0.5564139827015024,0.5564139827015024,10.0,scale,0.2489273886245917,0,500,600,630
2022-11-07,7.121714115142822,-0.11613191738749162,0,0,0.4030984617850897,0.5969015382149103,0.5969015382149103,10.0,scale,0.2489273886245917,0,500,600,630
2022-11-08,6.294655799865723,-0.14000393914028264,0,0,0.47585603490214573,0.5241439650978543,0.5241439650978543,10.0,scale,0.2489273886245917,0,500,600,630
2022-11-09,5.413379192352295,0.10088482198783222,1,0,0.49270939435820194,0.5072906056417981,0.5072906056417981,10.0,scale,0.2489273886245917,0,500,600,630
2022-11-10,5.959506988525391,-0.03503626822612782,0,0,0.32193902106246663,0.6780609789375334,0.6780609789375334,10.0,scale,0.2489273886245917,0,500,600,630
2022-11-11,5.750708103179932,0.0031378655035372294,1,0,0.39257801383062824,0.6074219861693717,0.6074219861693717,10.0,scale,0.2489273886245917,0,500,600,630
2022-11-12,5.7687530517578125,-0.002687727641835558,0,0,0.43810358142084177,0.5618964185791582,0.5618964185791582,10.0,scale,0.2489273886245917,0,500,600,630
2022-11-13,5.75324821472168,0.017487971425151905,1,0,0.3685566982643799,0.63144330173562,0.63144330173562,10.0,scale,0.2489273886245917,0,500,600,630
2022-11-14,5.853860855102539,0.011023150367093448,1,0,0.36746383252282544,0.6325361674771746,0.6325361674771746,10.0,scale,0.2489273886245917,0,500,600,630
2022-11-15,5.918388843536377,-0.03450227570447095,0,0,0.42743113867398186,0.5725688613260181,0.5725688613260181,10.0,scale,0.2489273886245917,0,500,600,630
2022-11-16,5.71419095993042,-0.007626969922961746,0,0,0.4847390692240648,0.5152609307759353,0.5152609307759353,10.0,scale,0.2489273886245917,0,500,600,630
2022-11-17,5.670608997344971,-0.004748687135835761,0,1,0.5023742599008046,0.49762574009919536,0.5023742599008046,10.0,scale,0.2489273886245917,0,500,600,630
2022-11-18,5.643681049346924,-0.007378720082881762,0,1,0.5483536609269211,0.45164633907307894,0.5483536609269211,10.0,scale,0.2489273886245917,0,500,600,630
2022-11-19,5.6020379066467285,-0.055637207857290316,0,1,0.5633083046948777,0.4366916953051223,0.5633083046948777,10.0,scale,0.2489273886245917,0,500,600,630
2022-11-20,5.290356159210205,-0.018989640170816946,0,1,0.5008108008760475,0.49918919912395254,0.5008108008760475,10.0,scale,0.2489273886245917,0,500,600,630
2022-11-21,5.189894199371338,0.01611374938820731,1,0,0.3957704654561341,0.604229534543866,0.604229534543866,10.0,scale,0.24764733709082884,30,530,630,660
2022-11-22,5.273522853851318,0.030316530430867683,1,0,0.41071288630805547,0.5892871136919445,0.5892871136919445,10.0,scale,0.24764733709082884,30,530,630,660
2022-11-23,5.4333977699279785,-0.007643404222380856,0,0,0.44017271928896046,0.5598272807110396,0.5598272807110396,10.0,scale,0.24764733709082884,30,530,630,660
2022-11-24,5.391868114471436,-0.022770946216812304,0,0,0.39677859041081204,0.6032214095891879,0.6032214095891879,10.0,scale,0.24764733709082884,30,530,630,660
2022-11-25,5.269090175628662,0.006246016432636781,1,0,0.39635133734651606,0.6036486626534839,0.6036486626534839,10.0,scale,0.24764733709082884,30,530,630,660
2022-11-26,5.302000999450684,-0.0005793633334778558,0,0,0.4235188385293784,0.5764811614706216,0.5764811614706216,10.0,scale,0.24764733709082884,30,530,630,660
2022-11-27,5.298929214477539,-0.0309826810142666,0,0,0.40493138702979486,0.5950686129702052,0.5950686129702052,10.0,scale,0.24764733709082884,30,530,630,660
2022-11-28,5.134754180908203,0.03392113562325183,1,0,0.4066670650114996,0.5933329349885004,0.5933329349885004,10.0,scale,0.24764733709082884,30,530,630,660
2022-11-29,5.30893087387085,0.030823715704709098,1,0,0.4151018391667634,0.5848981608332366,0.5848981608332366,10.0,scale,0.24764733709082884,30,530,630,660
2022-11-30,5.472571849822998,-0.012865590322750697,0,0,0.45153243914244584,0.5484675608575542,0.5484675608575542,10.0,scale,0.24764733709082884,30,530,630,660
2022-12-01,5.402163982391357,0.04208661913916112,1,0,0.41444117846579653,0.5855588215342035,0.5855588215342035,10.0,scale,0.24764733709082884,30,530,630,660
2022-12-02,5.629522800445557,-0.022823377843319004,0,0,0.48269576050778057,0.5173042394922194,0.5173042394922194,10.0,scale,0.24764733709082884,30,530,630,660
2022-12-03,5.501038074493408,0.017200171316930968,1,0,0.4323707128214715,0.5676292871785285,0.5676292871785285,10.0,scale,0.24764733709082884,30,530,630,660
2022-12-04,5.595656871795654,-0.01909817542360448,0,0,0.4471076864381349,0.5528923135618651,0.5528923135618651,10.0,scale,0.24764733709082884,30,530,630,660
2022-12-05,5.488790035247803,0.0026165800250494975,1,0,0.45071077608155335,0.5492892239184466,0.5492892239184466,10.0,scale,0.24764733709082884,30,530,630,660
2022-12-06,5.503151893615723,-0.037072350914734375,0,0,0.4456047920332797,0.5543952079667203,0.5543952079667203,10.0,scale,0.24764733709082884,30,530,630,660
2022-12-07,5.299137115478516,0.02477077494876312,1,0,0.45081243442453506,0.549187565575465,0.549187565575465,10.0,scale,0.24764733709082884,30,530,630,660
2022-12-08,5.430400848388672,-0.02504176188071061,0,0,0.45041555874867384,0.5495844412513262,0.5495844412513262,10.0,scale,0.24764733709082884,30,530,630,660
2022-12-09,5.294414043426514,-0.003925988483851173,0,0,0.4354617609152391,0.5645382390847609,0.5645382390847609,10.0,scale,0.24764733709082884,30,530,630,660
2022-12-10,5.273628234863281,-0.020102716192267334,0,0,0.42451963159319517,0.5754803684068048,0.5754803684068048,10.0,scale,0.24764733709082884,30,530,630,660
2022-12-11,5.167613983154297,0.0003666974493212738,1,0,0.43713855694905995,0.56286144305094,0.56286144305094,10.0,scale,0.24764733709082884,30,530,630,660
2022-12-12,5.169508934020996,0.020784603540958235,1,0,0.445599638380405,0.5544003616195949,0.5544003616195949,10.0,scale,0.24764733709082884,30,530,630,660
2022-12-13,5.2769551277160645,-0.011700908058562276,0,0,0.45067363751394807,0.5493263624860519,0.5493263624860519,10.0,scale,0.24764733709082884,30,530,630,660
2022-12-14,5.2152099609375,0.0021920825726189364,1,0,0.414067134702232,0.585932865297768,0.585932865297768,10.0,scale,0.24764733709082884,30,530,630,660
2022-12-15,5.22664213180542,-0.10920683513998597,0,0,0.4150501855343866,0.5849498144656133,0.5849498144656133,10.0,scale,0.24764733709082884,30,530,630,660
2022-12-16,4.655857086181641,0.011700894301948761,1,0,0.4302494890590642,0.5697505109409358,0.5697505109409358,10.0,scale,0.24764733709082884,30,530,630,660
2022-12-17,4.710334777832031,-0.009903234244638348,0,0,0.44575149660220464,0.5542485033977953,0.5542485033977953,10.0,scale,0.24764733709082884,30,530,630,660
2022-12-18,4.663687229156494,-0.04008164850307161,0,0,0.44116531821297916,0.5588346817870209,0.5588346817870209,10.0,scale,0.24764733709082884,30,530,630,660
2022-12-19,4.47675895690918,0.030144398794944127,1,0,0.4203167670106441,0.579683232989356,0.579683232989356,10.0,scale,0.24764733709082884,30,530,630,660
2022-12-20,4.611708164215088,-0.02852766797295092,0,0,0.42764554395660936,0.5723544560433906,0.5723544560433906,10.0,scale,0.24764733709082884,30,530,630,660
2022-12-21,4.480146884918213,0.010594271819560408,1,0,0.43354462350524836,0.5664553764947516,0.5664553764947516,10.0,scale,0.251349213646488,60,560,660,690
2022-12-22,4.527610778808594,-0.012264235992336281,0,0,0.44189274681184953,0.5581072531881505,0.5581072531881505,10.0,scale,0.251349213646488,60,560,660,690
2022-12-23,4.47208309173584,-0.004096117154751,0,0,0.481413712880441,0.518586287119559,0.518586287119559,10.0,scale,0.251349213646488,60,560,660,690
2022-12-24,4.453764915466309,0.008819276458311265,1,1,0.5065479660442117,0.4934520339557883,0.5065479660442117,10.0,scale,0.251349213646488,60,560,660,690
2022-12-25,4.493043899536133,0.01758368925081788,1,0,0.42572535573663156,0.5742746442633684,0.5742746442633684,10.0,scale,0.251349213646488,60,560,660,690
2022-12-26,4.572048187255859,-0.020064391110814483,0,0,0.4364150404035396,0.5635849595964604,0.5635849595964604,10.0,scale,0.251349213646488,60,560,660,690
2022-12-27,4.480312824249268,-0.044160765065857976,0,0,0.47784453958209266,0.5221554604179073,0.5221554604179073,10.0,scale,0.251349213646488,60,560,660,690
2022-12-28,4.282458782196045,0.006554416690318643,1,0,0.47227078596337513,0.5277292140366249,0.5277292140366249,10.0,scale,0.251349213646488,60,560,660,690
2022-12-29,4.310527801513672,0.0030038168850927693,1,0,0.4905907636358235,0.5094092363641765,0.5094092363641765,10.0,scale,0.251349213646488,60,560,660,690
2022-12-30,4.32347583770752,-0.0020013265709246664,0,0,0.4486386002275203,0.5513613997724798,0.5513613997724798,10.0,scale,0.251349213646488,60,560,660,690
2022-12-31,4.314823150634766,0.012976911957775839,1,0,0.4733514797959676,0.5266485202040324,0.5266485202040324,10.0,scale,0.251349213646488,60,560,660,690
2023-01-01,4.370816230773926,0.02712489469539725,1,0,0.4527775625462687,0.5472224374537313,0.5472224374537313,10.0,scale,0.251349213646488,60,560,660,690
2023-01-02,4.489374160766602,0.007793922399600639,1,0,0.36350143751944597,0.636498562480554,0.636498562480554,10.0,scale,0.251349213646488,60,560,660,690
2023-01-03,4.524363994598389,0.023390437823339827,1,0,0.422190182051302,0.577809817948698,0.577809817948698,10.0,scale,0.251349213646488,60,560,660,690
2023-01-04,4.630190849304199,-0.002705913587486286,0,0,0.3311523619131816,0.6688476380868185,0.6688476380868185,10.0,scale,0.251349213646488,60,560,660,690
2023-01-05,4.617661952972412,0.014822274283222914,1,0,0.3969677906968381,0.6030322093031619,0.6030322093031619,10.0,scale,0.251349213646488,60,560,660,690
2023-01-06,4.686106204986572,-0.004300188135774818,0,0,0.3548034280068579,0.6451965719931421,0.6451965719931421,10.0,scale,0.251349213646488,60,560,660,690
2023-01-07,4.665955066680908,0.028943660626023826,1,0,0.41539535350544254,0.5846046464945575,0.5846046464945575,10.0,scale,0.251349213646488,60,560,660,690
2023-01-08,4.801004886627197,0.01955199203212965,1,0,0.32959180989725806,0.6704081901027419,0.6704081901027419,10.0,scale,0.251349213646488,60,560,660,690
2023-01-09,4.894874095916748,0.00488919217616246,1,0,0.3543003848616306,0.6456996151383694,0.6456996151383694,10.0,scale,0.251349213646488,60,560,660,690
2023-01-10,4.918806076049805,0.04293177130612591,1,0,0.3813005824442478,0.6186994175557522,0.6186994175557522,10.0,scale,0.251349213646488,60,560,660,690
2023-01-11,5.129979133605957,0.01939554649013897,1,0,0.27922320817918617,0.7207767918208139,0.7207767918208139,10.0,scale,0.251349213646488,60,560,660,690
2023-01-12,5.229477882385254,0.03294170425667531,1,0,0.27597536324676225,0.7240246367532377,0.7240246367532377,10.0,scale,0.251349213646488,60,560,660,690
2023-01-13,5.401745796203613,0.11531519077650088,1,0,0.27902208270732254,0.7209779172926775,0.7209779172926775,10.0,scale,0.251349213646488,60,560,660,690
2023-01-14,6.024649143218994,-0.01602598577478287,0,0,0.3639575182347954,0.6360424817652046,0.6360424817652046,10.0,scale,0.251349213646488,60,560,660,690
2023-01-15,5.928098201751709,-0.01979139041658451,0,0,0.3291407531983542,0.6708592468016459,0.6708592468016459,10.0,scale,0.251349213646488,60,560,660,690
2023-01-16,5.810772895812988,0.02502815919220569,1,0,0.3646520405234156,0.6353479594765844,0.6353479594765844,10.0,scale,0.251349213646488,60,560,660,690
2023-01-17,5.95620584487915,-0.051728398906450646,0,0,0.3367861573536183,0.6632138426463817,0.6632138426463817,10.0,scale,0.251349213646488,60,560,660,690
2023-01-18,5.648100852966309,0.027879110430913734,1,0,0.4784486044855765,0.5215513955144235,0.5215513955144235,10.0,scale,0.251349213646488,60,560,660,690
2023-01-19,5.805564880371094,0.07745636358379748,1,0,0.442358186856516,0.5576418131434839,0.5576418131434839,10.0,scale,0.251349213646488,60,560,660,690
2023-01-20,6.255242824554443,-0.0009325978154769432,0,0,0.35866383044671424,0.6413361695532858,0.6413361695532858,1.0,0.01,0.24815951021688082,90,590,690,720
2023-01-21,6.249409198760986,-0.007063579694766342,0,0,0.3998020418364721,0.600197958163528,0.600197958163528,1.0,0.01,0.24815951021688082,90,590,690,720
2023-01-22,6.205265998840332,0.05990946553033938,1,0,0.4494589385629136,0.5505410614370865,0.5505410614370865,1.0,0.01,0.24815951021688082,90,590,690,720
2023-01-23,6.577020168304443,-0.05933635520192071,0,0,0.3541562221743575,0.6458437778256425,0.6458437778256425,1.0,0.01,0.24815951021688082,90,590,690,720
2023-01-24,6.186763763427734,0.0354469939074733,1,0,0.4960327719690764,0.5039672280309235,0.5039672280309235,1.0,0.01,0.24815951021688082,90,590,690,720
2023-01-25,6.406065940856934,0.010732670690835056,1,0,0.40940264642173513,0.5905973535782649,0.5905973535782649,1.0,0.01,0.24815951021688082,90,590,690,720
2023-01-26,6.474820137023926,0.014333202589176253,1,0,0.43874493404670256,0.5612550659532974,0.5612550659532974,1.0,0.01,0.24815951021688082,90,590,690,720
2023-01-27,6.567625045776367,-0.025778919632088337,0,0,0.4403726046598991,0.559627395340101,0.559627395340101,1.0,0.01,0.24815951021688082,90,590,690,720
2023-01-28,6.398318767547607,0.03398394738150223,1,0,0.4881796540740527,0.5118203459259473,0.5118203459259473,1.0,0.01,0.24815951021688082,90,590,690,720
2023-01-29,6.615758895874023,-0.06463461958165384,0,0,0.42185451969577203,0.578145480304228,0.578145480304228,1.0,0.01,0.24815951021688082,90,590,690,720
2023-01-30,6.188151836395264,0.012316629673138069,1,1,0.5117867701197294,0.4882132298802706,0.5117867701197294,1.0,0.01,0.24815951021688082,90,590,690,720
2023-01-31,6.264369010925293,0.032202119547238395,1,0,0.4793447864486489,0.5206552135513511,0.5206552135513511,1.0,0.01,0.24815951021688082,90,590,690,720
2023-02-01,6.466094970703125,0.010738781438637712,1,0,0.4088649284287624,0.5911350715712376,0.5911350715712376,1.0,0.01,0.24815951021688082,90,590,690,720
2023-02-02,6.5355329513549805,0.07285572470929891,1,0,0.4103370637766692,0.5896629362233308,0.5896629362233308,1.0,0.01,0.24815951021688082,90,590,690,720
2023-02-03,7.011683940887451,-0.018337636191531503,0,0,0.3523397456798304,0.6476602543201696,0.6476602543201696,1.0,0.01,0.24815951021688082,90,590,690,720
2023-02-04,6.883106231689453,-0.03463295951761425,0,0,0.44484467064452127,0.5551553293554787,0.5551553293554787,1.0,0.01,0.24815951021688082,90,590,690,720
2023-02-05,6.644723892211914,-0.02256297741312574,0,0,0.4477716729374271,0.552228327062573,0.552228327062573,1.0,0.01,0.24815951021688082,90,590,690,720
2023-02-06,6.494799137115479,0.06885954424411111,1,0,0.47634604245103773,0.5236539575489623,0.5236539575489623,1.0,0.01,0.24815951021688082,90,590,690,720
2023-02-07,6.942028045654297,-0.02776627627814099,0,0,0.3750280812502799,0.62497191874972,0.62497191874972,1.0,0.01,0.24815951021688082,90,590,690,720
2023-02-08,6.749273777008057,-0.07674407119895343,0,0,0.45388745971291933,0.5461125402870807,0.5461125402870807,1.0,0.01,0.24815951021688082,90,590,690,720
2023-02-09,6.231307029724121,-0.0066786817690054345,0,0,0.4531813538073061,0.5468186461926938,0.5468186461926938,1.0,0.01,0.24815951021688082,90,590,690,720
2023-02-10,6.189690113067627,0.014395887562794085,1,0,0.4991226304615218,0.5008773695384783,0.5008773695384783,1.0,0.01,0.24815951021688082,90,590,690,720
2023-02-11,6.278796195983887,-0.01629007282274131,0,0,0.4784175771034916,0.5215824228965085,0.5215824228965085,1.0,0.01,0.24815951021688082,90,590,690,720
2023-02-12,6.176514148712158,-0.008943426544818722,0,0,0.47042042313280036,0.5295795768671996,0.5295795768671996,1.0,0.01,0.24815951021688082,90,590,690,720
2023-02-13,6.121274948120117,0.01736548748313882,1,0,0.44394127369991454,0.5560587263000855,0.5560587263000855,1.0,0.01,0.24815951021688082,90,590,690,720
2023-02-14,6.227573871612549,0.06133190160096702,1,0,0.4713885407348516,0.5286114592651484,0.5286114592651484,1.0,0.01,0.24815951021688082,90,590,690,720
2023-02-15,6.609522819519043,-0.04170462040228329,0,0,0.3976879039603971,0.6023120960396029,0.6023120960396029,1.0,0.01,0.24815951021688082,90,590,690,720
2023-02-16,6.333875179290772,0.1491169342334946,1,0,0.4743579796281621,0.5256420203718379,0.5256420203718379,1.0,0.01,0.24815951021688082,90,590,690,720
2023-02-17,7.278363227844238,-0.0049018483822609316,0,0,0.2835282076967561,0.716471792303244,0.716471792303244,1.0,0.01,0.24815951021688082,90,590,690,720
2023-02-18,7.242685794830322,0.027754667139991307,1,0,0.3966265115657011,0.6033734884342989,0.6033734884342989,1.0,0.01,0.24815951021688082,90,590,690,720
2023-02-19,7.443704128265381,0.013227119890940608,1,0,0.3432950891278788,0.6567049108721212,0.6567049108721212,1.0,0.01,0.2506941830055409,120,620,720,750
2023-02-20,7.542162895202637,-0.03889508683723941,0,0,0.4073722374073059,0.5926277625926941,0.5926277625926941,1.0,0.01,0.2506941830055409,120,620,720,750
2023-02-21,7.248809814453125,-0.009048500393636139,0,0,0.47918561865500653,0.5208143813449935,0.5208143813449935,1.0,0.01,0.2506941830055409,120,620,720,750
2023-02-22,7.183218955993652,-0.01303651506720993,0,0,0.45962665658690605,0.540373343413094,0.540373343413094,1.0,0.01,0.2506941830055409,120,620,720,750
2023-02-23,7.089574813842773,-0.06702136331682262,0,0,0.4748466675704507,0.5251533324295493,0.5251533324295493,1.0,0.01,0.2506941830055409,120,620,720,750
2023-02-24,6.614421844482422,-0.011163434415787044,0,1,0.5605785734332055,0.4394214265667945,0.5605785734332055,1.0,0.01,0.2506941830055409,120,620,720,750
2023-02-25,6.540582180023193,0.02278415306422632,1,1,0.55258611313183,0.44741388686816996,0.55258611313183,1.0,0.01,0.2506941830055409,120,620,720,750
2023-02-26,6.689603805541992,-0.015183208977671891,0,0,0.4932920715911221,0.5067079284088779,0.5067079284088779,1.0,0.01,0.2506941830055409,120,620,720,750
2023-02-27,6.588034152984619,-0.03689996944870655,0,1,0.507100786761523,0.49289921323847696,0.507100786761523,1.0,0.01,0.2506941830055409,120,620,720,750
2023-02-28,6.344935894012451,0.029826183772417414,1,1,0.5532010836320428,0.4467989163679572,0.5532010836320428,1.0,0.01,0.2506941830055409,120,620,720,750
2023-03-01,6.534181118011475,-0.03172032225241883,0,0,0.4790587657891265,0.5209412342108735,0.5209412342108735,1.0,0.01,0.2506941830055409,120,620,720,750
2023-03-02,6.3269147872924805,-0.04630733748240756,0,1,0.540281485451576,0.45971851454842405,0.540281485451576,1.0,0.01,0.2506941830055409,120,620,720,750
2023-03-03,6.033932209014893,-0.020107676002817487,0,1,0.5711516055414229,0.42884839445857714,0.5711516055414229,1.0,0.01,0.2506941830055409,120,620,720,750
2023-03-04,5.912603855133057,0.01141026074247864,1,1,0.5966792783680489,0.4033207216319511,0.5966792783680489,1.0,0.01,0.2506941830055409,120,620,720,750
2023-03-05,5.980068206787109,-0.009622192992136624,0,1,0.5599698001022742,0.44003019989772585,0.5599698001022742,1.0,0.01,0.2506941830055409,120,620,720,750
2023-03-06,5.922526836395264,-0.012010928116147901,0,1,0.5699027497288959,0.4300972502711041,0.5699027497288959,1.0,0.01,0.2506941830055409,120,620,720,750
2023-03-07,5.851391792297363,-0.04373145768754927,0,1,0.5610734041218741,0.4389265958781259,0.5610734041218741,1.0,0.01,0.2506941830055409,120,620,720,750
2023-03-08,5.595501899719238,-0.03838369514883233,0,1,0.6030590079768399,0.39694099202316013,0.6030590079768399,1.0,0.01,0.2506941830055409,120,620,720,750
2023-03-09,5.380725860595703,0.032320944329239154,1,1,0.6205068250931229,0.37949317490687706,0.6205068250931229,1.0,0.01,0.2506941830055409,120,620,720,750
2023-03-10,5.554636001586914,-0.008446622844563434,0,1,0.5345152071449327,0.4654847928550673,0.5345152071449327,1.0,0.01,0.2506941830055409,120,620,720,750
2023-03-11,5.507718086242676,0.0742156934552396,1,1,0.572130778938335,0.42786922106166503,0.572130778938335,1.0,0.01,0.2506941830055409,120,620,720,750
2023-03-12,5.916477203369141,0.03359915639835487,1,0,0.44934448066888344,0.5506555193311166,0.5506555193311166,1.0,0.01,0.2506941830055409,120,620,720,750
2023-03-13,6.115265846252441,0.021025148304334662,1,0,0.4258572614887827,0.5741427385112172,0.5741427385112172,1.0,0.01,0.2506941830055409,120,620,720,750
2023-03-14,6.243840217590332,-0.05731700294830977,0,0,0.4294590559386795,0.5705409440613205,0.5705409440613205,1.0,0.01,0.2506941830055409,120,620,720,750
2023-03-15,5.885962009429932,0.036553214714126536,1,1,0.5502755860884464,0.4497244139115536,0.5502755860884464,1.0,0.01,0.2506941830055409,120,620,720,750
2023-03-16,6.101112842559815,0.08764372161822132,1,0,0.4695142444677386,0.5304857555322614,0.5304857555322614,1.0,0.01,0.2506941830055409,120,620,720,750
2023-03-17,6.635837078094482,-0.04630162242868263,0,0,0.34569688851674224,0.6543031114832578,0.6543031114832578,1.0,0.01,0.2506941830055409,120,620,720,750
2023-03-18,6.328587055206299,0.022369559875976552,1,0,0.47892989415815224,0.5210701058418478,0.5210701058418478,1.0,0.01,0.2506941830055409,120,620,720,750
2023-03-19,6.470154762268066,-0.05789777474928326,0,0,0.44169820638493734,0.5583017936150627,0.5583017936150627,1.0,0.01,0.2506941830055409,120,620,720,750
2023-03-20,6.095547199249268,0.047171428260755155,1,1,0.5333324179487194,0.46666758205128056,0.5333324179487194,1.0,0.01,0.2506941830055409,120,620,720,750
2023-03-21,6.383082866668701,-0.05007016504566797,0,0,0.4720701417528178,0.5279298582471822,0.5279298582471822,1.0,0.01,0.251080482739694,150,650,750,780
2023-03-22,6.063480854034424,0.04320770906605298,1,1,0.5392522813058886,0.46074771869411135,0.5392522813058886,1.0,0.01,0.251080482739694,150,650,750,780
2023-03-23,6.325469970703125,-0.04702260123122648,0,0,0.47742680848699504,0.522573191513005,0.522573191513005,1.0,0.01,0.251080482739694,150,650,750,780
2023-03-24,6.028029918670654,-0.019802803342431563,0,1,0.5362397553986012,0.46376024460139875,0.5362397553986012,1.0,0.01,0.251080482739694,150,650,750,780
2023-03-25,5.908658027648926,0.02426829223021154,1,1,0.5329465276509185,0.46705347234908146,0.5329465276509185,1.0,0.01,0.251080482739694,150,650,750,780
2023-03-26,6.052051067352295,-0.029483210423263517,0,0,0.4968623906935511,0.5031376093064489,0.5031376093064489,1.0,0.01,0.251080482739694,150,650,750,780
2023-03-27,5.873617172241211,0.032489307402872036,1,1,0.519885671029699,0.48011432897030104,0.519885671029699,1.0,0.01,0.251080482739694,150,650,750,780
2023-03-28,6.064446926116943,0.01917885791921048,1,0,0.4831487142251403,0.5168512857748597,0.5168512857748597,1.0,0.01,0.251080482739694,150,650,750,780
2023-03-29,6.180756092071533,-0.010023387621571844,0,0,0.47278794138348407,0.5272120586165159,0.5272120586165159,1.0,0.01,0.251080482739694,150,650,750,780
2023-03-30,6.118803977966309,0.036317545847269095,1,0,0.48657658160704764,0.5134234183929524,0.5134234183929524,1.0,0.01,0.251080482739694,150,650,750,780
2023-03-31,6.341023921966553,0.010801550387946612,1,0,0.45515215958901806,0.544847840410982,0.544847840410982,1.0,0.01,0.251080482739694,150,650,750,780
2023-04-01,6.40951681137085,-0.022199447377722392,0,0,0.45646630190839516,0.5435336980916048,0.5435336980916048,1.0,0.01,0.251080482739694,150,650,750,780
2023-04-02,6.267229080200195,0.02632726617573078,1,0,0.4714559217006295,0.5285440782993704,0.5285440782993704,1.0,0.01,0.251080482739694,150,650,750,780
2023-04-03,6.432228088378906,0.0014725680091567384,1,0,0.43619050345571625,0.5638094965442837,0.5638094965442837,1.0,0.01,0.251080482739694,150,650,750,780
2023-04-04,6.441699981689453,-0.0058471900384508,0,0,0.4575695423965156,0.5424304576034844,0.5424304576034844,1.0,0.01,0.251080482739694,150,650,750,780
2023-04-05,6.40403413772583,-0.019246948284516008,0,0,0.45560428602617187,0.5443957139738281,0.5443957139738281,1.0,0.01,0.251080482739694,150,650,750,780
2023-04-06,6.280776023864746,-0.01528408315316232,0,0,0.47572419910056374,0.5242758008994363,0.5242758008994363,1.0,0.01,0.251080482739694,150,650,750,780
2023-04-07,6.184780120849609,-0.007894113561746297,0,0,0.46914437364577694,0.530855626354223,0.530855626354223,1.0,0.01,0.251080482739694,150,650,750,780
2023-04-08,6.135956764221191,0.013080008958633371,1,0,0.46912227088470065,0.5308777291152993,0.5308777291152993,1.0,0.01,0.251080482739694,150,650,750,780
2023-04-09,6.216215133666992,0.011942148215128956,1,0,0.44705655466682814,0.5529434453331719,0.5529434453331719,1.0,0.01,0.251080482739694,150,650,750,780
2023-04-10,6.290450096130371,0.021509123311575173,1,0,0.4354645448143887,0.5645354551856113,0.5645354551856113,1.0,0.01,0.251080482739694,150,650,750,780
2023-04-11,6.42575216293335,-0.001643244520409537,0,0,0.4180402133113329,0.5819597866886671,0.5819597866886671,1.0,0.01,0.251080482739694,150,650,750,780
2023-04-12,6.4151930809021,0.035424478217225275,1,0,0.4384098284965224,0.5615901715034777,0.5615901715034777,1.0,0.01,0.251080482739694,150,650,750,780
2023-04-13,6.6424479484558105,0.013787575403495067,1,0,0.41498398924542396,0.5850160107545761,0.5850160107545761,1.0,0.01,0.251080482739694,150,650,750,780
2023-04-14,6.734031200408936,0.01082140590968006,1,0,0.4136427884004502,0.5863572115995498,0.5863572115995498,1.0,0.01,0.251080482739694,150,650,750,780
2023-04-15,6.806902885437012,0.003843332906016128,1,0,0.4337941610946746,0.5662058389053254,0.5662058389053254,1.0,0.01,0.251080482739694,150,650,750,780
2023-04-16,6.833064079284668,-0.020125856473989456,0,0,0.4295958204336006,0.5704041795663994,0.5704041795663994,1.0,0.01,0.251080482739694,150,650,750,780
2023-04-17,6.695542812347412,0.033826129569120233,1,0,0.44306245617305645,0.5569375438269435,0.5569375438269435,1.0,0.01,0.251080482739694,150,650,750,780
2023-04-18,6.922027111053467,-0.08698407051871782,0,0,0.4168993270191481,0.5831006729808519,0.5831006729808519,1.0,0.01,0.251080482739694,150,650,750,780
2023-04-19,6.319921016693115,-0.03302115953608897,0,1,0.5189449163073724,0.4810550836926276,0.5189449163073724,1.0,0.01,0.251080482739694,150,650,750,780
2023-04-20,6.11122989654541,-0.04250143841635157,0,1,0.5177042798510947,0.4822957201489053,0.5177042798510947,1.0,0.01,0.24866627431521932,180,680,780,810
2023-04-21,5.851493835449219,0.017396934939834408,1,1,0.5329484530852778,0.46705154691472217,0.5329484530852778,1.0,0.01,0.24866627431521932,180,680,780,810
2023-04-22,5.953291893005371,-0.005981037341094786,0,1,0.5063809928059562,0.49361900719404384,0.5063809928059562,1.0,0.01,0.24866627431521932,180,680,780,810
2023-04-23,5.917685031890869,-0.00443535341855561,0,1,0.5025143885133868,0.4974856114866132,0.5025143885133868,1.0,0.01,0.24866627431521932,180,680,780,810
2023-04-24,5.891438007354736,0.018640267721204307,1,0,0.4985978725513989,0.5014021274486011,0.5014021274486011,1.0,0.01,0.24866627431521932,180,680,780,810
2023-04-25,6.001255989074707,-0.02479884464289428,0,0,0.4897410843408432,0.5102589156591568,0.5102589156591568,1.0,0.01,0.24866627431521932,180,680,780,810
2023-04-26,5.852431774139404,0.020289586317249864,1,0,0.49313614842868314,0.5068638515713169,0.5068638515713169,1.0,0.01,0.24866627431521932,180,680,780,810
2023-04-27,5.971175193786621,-0.0037815247512829053,0,0,0.49352902972164087,0.5064709702783592,0.5064709702783592,1.0,0.01,0.24866627431521932,180,680,780,810
2023-04-28,5.94859504699707,0.015401469871042295,1,1,0.5024005749189995,0.4975994250810005,0.5024005749189995,1.0,0.01,0.24866627431521932,180,680,780,810
2023-04-29,6.040212154388428,-0.023002716534292422,0,0,0.49174635747885814,0.5082536425211419,0.5082536425211419,1.0,0.01,0.24866627431521932,180,680,780,810
2023-04-30,5.901270866394043,-0.039541972914694745,0,1,0.5074416474739026,0.49255835252609736,0.5074416474739026,1.0,0.01,0.24866627431521932,180,680,780,810
2023-05-01,5.6679229736328125,0.008954783646921705,1,1,0.5250137977628468,0.47498620223715315,0.5250137977628468,1.0,0.01,0.24866627431521932,180,680,780,810
2023-05-02,5.718677997589111,0.01046207446933134,1,1,0.5193325593308754,0.4806674406691246,0.5193325593308754,1.0,0.01,0.24866627431521932,180,680,780,810
2023-05-03,5.778507232666016,-0.018896459006826682,0,0,0.4946567546826306,0.5053432453173694,0.5053432453173694,1.0,0.01,0.24866627431521932,180,680,780,810
2023-05-04,5.669313907623291,0.03253255648533693,1,1,0.5089836192621162,0.4910163807378838,0.5089836192621162,1.0,0.01,0.24866627431521932,180,680,780,810
2023-05-05,5.853751182556152,-0.03416071708148272,0,0,0.4677938068008575,0.5322061931991424,0.5322061931991424,1.0,0.01,0.24866627431521932,180,680,780,810
2023-05-06,5.653782844543457,-0.002211971788103395,0,1,0.509223096635331,0.49077690336466895,0.509223096635331,1.0,0.01,0.24866627431521932,180,680,780,810
2023-05-07,5.641276836395264,-0.04704320105083293,0,1,0.5009099708760252,0.4990900291239748,0.5009099708760252,1.0,0.01,0.24866627431521932,180,680,780,810
2023-05-08,5.3758931159973145,-0.00880206030389219,0,1,0.5030653598462007,0.4969346401537993,0.5030653598462007,1.0,0.01,0.24866627431521932,180,680,780,810
2023-05-09,5.328574180603027,0.026640852702009887,1,1,0.5250949555434432,0.4749050444565568,0.5250949555434432,1.0,0.01,0.24866627431521932,180,680,780,810
2023-05-10,5.470531940460205,-0.03383689239790644,0,0,0.4877015017865203,0.5122984982134797,0.5122984982134797,1.0,0.01,0.24866627431521932,180,680,780,810
2023-05-11,5.285426139831543,0.011458235409914197,1,1,0.5254321573394239,0.47456784266057606,0.5254321573394239,1.0,0.01,0.24866627431521932,180,680,780,810
2023-05-12,5.345987796783447,0.0011066464883040528,1,1,0.5030289016940608,0.4969710983059392,0.5030289016940608,1.0,0.01,0.24866627431521932,180,680,780,810
2023-05-13,5.351903915405273,0.00046811423911918837,1,1,0.5121178515526698,0.48788214844733024,0.5121178515526698,1.0,0.01,0.24866627431521932,180,680,780,810
2023-05-14,5.354409217834473,-0.006372957188567785,0,1,0.5011675009254263,0.4988324990745737,0.5011675009254263,1.0,0.01,0.24866627431521932,180,680,780,810
2023-05-15,5.320285797119141,-0.003945974025601595,0,0,0.4935763394714696,0.5064236605285304,0.5064236605285304,1.0,0.01,0.24866627431521932,180,680,780,810
2023-05-16,5.299292087554932,0.02162718392473395,1,1,0.5024794089340681,0.49752059106593194,0.5024794089340681,1.0,0.01,0.24866627431521932,180,680,780,810
2023-05-17,5.413900852203369,-0.013380750170009614,0,0,0.48375823253660366,0.5162417674633963,0.5162417674633963,1.0,0.01,0.24866627431521932,180,680,780,810
2023-05-18,5.341458797454834,0.005350633569398466,1,0,0.4967915566348846,0.5032084433651154,0.5032084433651154,1.0,0.01,0.24866627431521932,180,680,780,810
2023-05-19,5.370038986206055,0.008275950497381057,1,0,0.4968535125716385,0.5031464874283615,0.5031464874283615,1.0,0.01,0.24866627431521932,180,680,780,810
2023-05-20,5.414481163024902,-0.02604890008709826,0,0,0.47985319983573266,0.5201468001642673,0.5201468001642673,1.0,0.01,0.24579397632420946,210,710,810,840
2023-05-21,5.273439884185791,0.0074291054375066334,1,1,0.5104578787194032,0.4895421212805968,0.5104578787194032,1.0,0.01,0.24579397632420946,210,710,810,840
2023-05-22,5.31261682510376,0.016585669709232143,1,0,0.4781283527391704,0.5218716472608296,0.5218716472608296,1.0,0.01,0.24579397632420946,210,710,810,840
2023-05-23,5.400730133056641,-0.026051301448188235,0,0,0.464747558707664,0.5352524412923361,0.5352524412923361,1.0,0.01,0.24579397632420946,210,710,810,840
2023-05-24,5.260034084320068,-0.002971328946520302,0,1,0.5013720823882835,0.49862791761171654,0.5013720823882835,1.0,0.01,0.24579397632420946,210,710,810,840
2023-05-25,5.2444047927856445,0.0007688451157150666,1,0,0.483530174487562,0.516469825512438,0.516469825512438,1.0,0.01,0.24579397632420946,210,710,810,840
2023-05-26,5.24843692779541,0.017063043926601518,1,0,0.48518584799990955,0.5148141520000904,0.5148141520000904,1.0,0.01,0.24579397632420946,210,710,810,840
2023-05-27,5.337991237640381,0.03197511938590991,1,0,0.4633515257785322,0.5366484742214678,0.5366484742214678,1.0,0.01,0.24579397632420946,210,710,810,840
2023-05-28,5.508674144744873,-0.008689613969307342,0,0,0.4438016847090495,0.5561983152909504,0.5561983152909504,1.0,0.01,0.24579397632420946,210,710,810,840
2023-05-29,5.460805892944336,-0.0031138285071611316,0,0,0.4656707092111627,0.5343292907888373,0.5343292907888373,1.0,0.01,0.24579397632420946,210,710,810,840
2023-05-30,5.4438018798828125,-0.023140933107227424,0,0,0.46514208698686355,0.5348579130131365,0.5348579130131365,1.0,0.01,0.24579397632420946,210,710,810,840
2023-05-31,5.317827224731445,-0.020150566358915323,0,0,0.49482736881058853,0.5051726311894115,0.5051726311894115,1.0,0.01,0.24579397632420946,210,710,810,840
2023-06-01,5.210669994354248,0.013283286206344114,1,1,0.5101372740101926,0.4898627259898074,0.5101372740101926,1.0,0.01,0.24579397632420946,210,710,810,840
2023-06-02,5.2798848152160645,0.009556458615727736,1,0,0.4863684079319836,0.5136315920680163,0.5136315920680163,1.0,0.01,0.24579397632420946,210,710,810,840
2023-06-03,5.330341815948486,-0.002044900866723487,0,0,0.482415509540161,0.517584490459839,0.517584490459839,1.0,0.01,0.24579397632420946,210,710,810,840
2023-06-04,5.319441795349121,-0.04629032856631399,0,0,0.47583691330806094,0.5241630866919391,0.5241630866919391,1.0,0.01,0.24579397632420946,210,710,810,840
2023-06-05,5.073203086853027,0.02663084844667085,1,1,0.5280172884476291,0.4719827115523709,0.5280172884476291,1.0,0.01,0.24579397632420946,210,710,810,840
2023-06-06,5.208306789398193,-0.03573266501938044,0,0,0.4842907099993783,0.5157092900006217,0.5157092900006217,1.0,0.01,0.24579397632420946,210,710,810,840
2023-06-07,5.022200107574463,0.0007642193071097925,1,1,0.5308759741754869,0.46912402582451307,0.5308759741754869,1.0,0.01,0.24579397632420946,210,710,810,840
2023-06-08,5.02603816986084,-0.008741157565116842,0,1,0.5047862078716794,0.4952137921283206,0.5047862078716794,1.0,0.01,0.24579397632420946,210,710,810,840
2023-06-09,4.982104778289795,-0.09148955454755925,0,1,0.515063737819546,0.48493626218045405,0.515063737819546,1.0,0.01,0.24579397632420946,210,710,810,840
2023-06-10,4.526294231414795,-0.0010329395521245788,0,1,0.5865666320172244,0.41343336798277563,0.5865666320172244,1.0,0.01,0.24579397632420946,210,710,810,840
2023-06-11,4.521618843078613,0.002394510658662252,1,1,0.5765890260155592,0.42341097398444083,0.5765890260155592,1.0,0.01,0.24579397632420946,210,710,810,840
2023-06-12,4.532445907592773,0.019774591414324805,1,1,0.5670163149424694,0.4329836850575306,0.5670163149424694,1.0,0.01,0.24579397632420946,210,710,810,840
2023-06-13,4.622073173522949,-0.011298654003480846,0,1,0.52656988834603,0.47343011165397,0.52656988834603,1.0,0.01,0.24579397632420946,210,710,810,840
2023-06-14,4.569849967956543,-0.04216025802223988,0,1,0.5404223103581487,0.4595776896418513,0.5404223103581487,1.0,0.01,0.24579397632420946,210,710,810,840
2023-06-15,4.37718391418457,0.00906137726834011,1,1,0.5732507541432572,0.4267492458567428,0.5732507541432572,1.0,0.01,0.24579397632420946,210,710,810,840
2023-06-16,4.416847229003906,0.024742518460940444,1,1,0.5443621136543813,0.45563788634561875,0.5443621136543813,1.0,0.01,0.24579397632420946,210,710,810,840
2023-06-17,4.5261311531066895,0.0010675322390416575,1,1,0.5150254184031448,0.48497458159685525,0.5150254184031448,1.0,0.01,0.24579397632420946,210,710,810,840
2023-06-18,4.530962944030762,-0.001885053416512017,0,1,0.5191949363955708,0.4808050636044292,0.5191949363955708,1.0,0.01,0.24579397632420946,210,710,810,840
2023-06-19,4.522421836853027,0.03239459370663189,1,1,0.5104265683473563,0.48957343165264366,0.5104265683473563,1.0,0.01,0.2473657189579212,240,740,840,870
2023-06-20,4.668923854827881,0.03437664908022242,1,0,0.49444110219199316,0.5055588978080068,0.5055588978080068,1.0,0.01,0.2473657189579212,240,740,840,870
2023-06-21,4.829425811767578,0.0002489129189853223,1,0,0.47449958905371753,0.5255004109462824,0.5255004109462824,1.0,0.01,0.2473657189579212,240,740,840,870
2023-06-22,4.830627918243408,0.05580786690885131,1,0,0.48125201024190306,0.5187479897580969,0.5187479897580969,1.0,0.01,0.2473657189579212,240,740,840,870
2023-06-23,5.100214958190918,-0.018189074980511255,0,0,0.4505779091830378,0.5494220908169622,0.5494220908169622,1.0,0.01,0.2473657189579212,240,740,840,870
2023-06-24,5.007446765899658,0.03741595030823097,1,0,0.4729690369074493,0.5270309630925507,0.5270309630925507,1.0,0.01,0.2473657189579212,240,740,840,870
2023-06-25,5.194805145263672,-0.032354270528357265,0,0,0.45206358752512316,0.5479364124748769,0.5479364124748769,1.0,0.01,0.2473657189579212,240,740,840,870
2023-06-26,5.026731014251709,0.013753034462079095,1,0,0.496712818680453,0.503287181319547,0.503287181319547,1.0,0.01,0.2473657189579212,240,740,840,870
2023-06-27,5.0958638191223145,-0.04176956228529005,0,0,0.4664044244884196,0.5335955755115804,0.5335955755115804,1.0,0.01,0.2473657189579212,240,740,840,870
2023-06-28,4.883011817932129,0.02114454702923263,1,1,0.5192541707382824,0.4807458292617176,0.5192541707382824,1.0,0.01,0.2473657189579212,240,740,840,870
2023-06-29,4.986260890960693,0.0371905872717917,1,0,0.48180143377732015,0.5181985662226798,0.5181985662226798,1.0,0.01,0.2473657189579212,240,740,840,870
2023-06-30,5.171702861785889,0.03442663353078834,1,0,0.46007025239526056,0.5399297476047394,0.5399297476047394,1.0,0.01,0.2473657189579212,240,740,840,870
2023-07-01,5.349747180938721,0.028443923038232732,1,0,0.46786186476472313,0.5321381352352769,0.5321381352352769,1.0,0.01,0.2473657189579212,240,740,840,870
2023-07-02,5.501914978027344,-0.015014015866390618,0,0,0.4674266647842184,0.5325733352157815,0.5325733352157815,1.0,0.01,0.2473657189579212,240,740,840,870
2023-07-03,5.419309139251709,-0.01330228510666187,0,0,0.49451121234102147,0.5054887876589785,0.5054887876589785,1.0,0.01,0.2473657189579212,240,740,840,870
2023-07-04,5.347219944000244,-0.025827780494140584,0,1,0.5005404595176801,0.4994595404823199,0.5005404595176801,1.0,0.01,0.2473657189579212,240,740,840,870
2023-07-05,5.209113121032715,-0.03514302332542607,0,1,0.52185516992945,0.47814483007055,0.52185516992945,1.0,0.01,0.2473657189579212,240,740,840,870
2023-07-06,5.026049137115479,0.017693559507149015,1,1,0.5433546216583385,0.4566453783416615,0.5433546216583385,1.0,0.01,0.2473657189579212,240,740,840,870
2023-07-07,5.114977836608887,0.002246411493512568,1,1,0.5048449519002817,0.49515504809971833,0.5048449519002817,1.0,0.01,0.2473657189579212,240,740,840,870
2023-07-08,5.126468181610107,-0.00917767240446754,0,1,0.5060955802509303,0.49390441974906973,0.5060955802509303,1.0,0.01,0.2473657189579212,240,740,840,870
2023-07-09,5.079419136047363,0.010990194243241325,1,1,0.5134987320241167,0.48650126797588333,0.5134987320241167,1.0,0.01,0.2473657189579212,240,740,840,870
2023-07-10,5.135242938995361,0.014857951498623123,1,1,0.5067864632571505,0.4932135367428495,0.5067864632571505,1.0,0.01,0.2473657189579212,240,740,840,870
2023-07-11,5.211542129516602,-0.012188505201934263,0,0,0.4865483909135733,0.5134516090864267,0.5134516090864267,1.0,0.01,0.2473657189579212,240,740,840,870
2023-07-12,5.148021221160889,0.07720126641054526,1,1,0.5074720425640367,0.49252795743596334,0.5074720425640367,1.0,0.01,0.2473657189579212,240,740,840,870
2023-07-13,5.545454978942871,-0.016748122172424273,0,0,0.4710588790887513,0.5289411209112487,0.5289411209112487,1.0,0.01,0.2473657189579212,240,740,840,870
2023-07-14,5.452579021453857,-0.0038343186076084113,0,1,0.5043145996842178,0.49568540031578223,0.5043145996842178,1.0,0.01,0.2473657189579212,240,740,840,870
2023-07-15,5.431672096252441,-0.02297173515820594,0,0,0.49131242044842066,0.5086875795515793,0.5086875795515793,1.0,0.01,0.2473657189579212,240,740,840,870
2023-07-16,5.306897163391113,-0.0005969789844348927,0,1,0.5254971672658033,0.4745028327341967,0.5254971672658033,1.0,0.01,0.2473657189579212,240,740,840,870
2023-07-17,5.303729057312012,-0.023466099947081265,0,1,0.5214370823128055,0.4785629176871945,0.5214370823128055,1.0,0.01,0.2473657189579212,240,740,840,870
2023-07-18,5.179271221160889,0.0034392346183877986,1,1,0.5349262722290199,0.4650737277709801,0.5349262722290199,1.0,0.01,0.2473657189579212,240,740,840,870
2023-07-19,5.197083950042725,0.029419193830669155,1,1,0.5350128474399729,0.4649871525600271,0.5350128474399729,1.0,0.01,0.24565839634636968,270,770,870,900
2023-07-20,5.349977970123291,0.026137112014500863,1,0,0.47385153096668514,0.5261484690333149,0.5261484690333149,1.0,0.01,0.24565839634636968,270,770,870,900
2023-07-21,5.489810943603516,-0.03303735405153563,0,0,0.4632147594702912,0.5367852405297088,0.5367852405297088,1.0,0.01,0.24565839634636968,270,770,870,900
2023-07-22,5.308442115783691,0.016808098011158235,1,1,0.559700613766715,0.440299386233285,0.559700613766715,1.0,0.01,0.24565839634636968,270,770,870,900
2023-07-23,5.397666931152344,-0.03374215352171006,0,0,0.49619145405756004,0.50380854594244,0.50380854594244,1.0,0.01,0.24565839634636968,270,770,870,900
2023-07-24,5.215538024902344,-0.007487993902965284,0,1,0.5638034099195018,0.43619659008049816,0.5638034099195018,1.0,0.01,0.24565839634636968,270,770,870,900
2023-07-25,5.176484107971191,0.011859754451829518,1,1,0.5525306071961975,0.4474693928038025,0.5525306071961975,1.0,0.01,0.24565839634636968,270,770,870,900
2023-07-26,5.237875938415527,-0.0008394462731625696,0,1,0.5207410228513258,0.47925897714867416,0.5207410228513258,1.0,0.01,0.24565839634636968,270,770,870,900
2023-07-27,5.233479022979736,-0.003191956266563767,0,1,0.5368979505796365,0.4631020494203635,0.5368979505796365,1.0,0.01,0.24565839634636968,270,770,870,900
2023-07-28,5.216773986816406,0.006771618651219002,1,1,0.5372764089259431,0.4627235910740569,0.5372764089259431,1.0,0.01,0.24565839634636968,270,770,870,900
2023-07-29,5.252099990844727,-0.012580653127363894,0,1,0.5291081630689992,0.4708918369310008,0.5291081630689992,1.0,0.01,0.24565839634636968,270,770,870,900
2023-07-30,5.186025142669678,-0.014975243849166042,0,1,0.5419564705619144,0.4580435294380856,0.5419564705619144,1.0,0.01,0.24565839634636968,270,770,870,900
2023-07-31,5.108363151550293,0.017554163562186975,1,1,0.5608390388425093,0.4391609611574907,0.5608390388425093,1.0,0.01,0.24565839634636968,270,770,870,900
2023-08-01,5.198036193847656,-0.0270285344413832,0,0,0.4271772033667456,0.5728227966332544,0.5728227966332544,1.0,0.01,0.24565839634636968,270,770,870,900
2023-08-02,5.057540893554688,-0.015525673478131052,0,0,0.48988557083167755,0.5101144291683224,0.5101144291683224,1.0,0.01,0.24565839634636968,270,770,870,900
2023-08-03,4.979019165039063,0.0018443250946198475,1,0,0.48847240195286884,0.5115275980471312,0.5115275980471312,1.0,0.01,0.24565839634636968,270,770,870,900
2023-08-04,4.988202095031738,-0.0038071820543660317,0,0,0.47987702630731294,0.5201229736926871,0.5201229736926871,1.0,0.01,0.24565839634636968,270,770,870,900
2023-08-05,4.969211101531982,0.005827069094118009,1,0,0.4781591511402214,0.5218408488597785,0.5218408488597785,1.0,0.01,0.24565839634636968,270,770,870,900
2023-08-06,4.998167037963867,-0.007523719900064063,0,0,0.46364090670627645,0.5363590932937236,0.5363590932937236,1.0,0.01,0.24565839634636968,270,770,870,900
2023-08-07,4.960562229156494,0.020162350417709085,1,0,0.47194167231079587,0.5280583276892041,0.5280583276892041,1.0,0.01,0.24565839634636968,270,770,870,900
2023-08-08,5.0605788230896,-0.0012447230010771415,0,0,0.42729360445506664,0.5727063955449334,0.5727063955449334,1.0,0.01,0.24565839634636968,270,770,870,900
2023-08-09,5.054279804229736,-0.010891361583411752,0,0,0.4467753467703564,0.5532246532296436,0.5532246532296436,1.0,0.01,0.24565839634636968,270,770,870,900
2023-08-10,4.999231815338135,0.0009381781964372671,1,0,0.47840390073819083,0.5215960992618092,0.5215960992618092,1.0,0.01,0.24565839634636968,270,770,870,900
2023-08-11,5.003921985626221,0.0062079372135561695,1,0,0.46130291509546434,0.5386970849045356,0.5386970849045356,1.0,0.01,0.24565839634636968,270,770,870,900
2023-08-12,5.0349860191345215,-0.009668977494454833,0,0,0.4568540796933833,0.5431459203066167,0.5431459203066167,1.0,0.01,0.24565839634636968,270,770,870,900
2023-08-13,4.986302852630615,0.0004009740810850815,1,0,0.47041587926005507,0.529584120739945,0.529584120739945,1.0,0.01,0.24565839634636968,270,770,870,900
2023-08-14,4.988302230834961,-0.03524614892247835,0,0,0.45807510654033073,0.5419248934596692,0.5419248934596692,1.0,0.01,0.24565839634636968,270,770,870,900
2023-08-15,4.812483787536621,-0.03043682889588417,0,1,0.5240379034570027,0.47596209654299726,0.5240379034570027,1.0,0.01,0.24565839634636968,270,770,870,900
2023-08-16,4.666007041931152,-0.048873282300456844,0,1,0.5325589126707643,0.4674410873292357,0.5325589126707643,1.0,0.01,0.24565839634636968,270,770,870,900
2023-08-17,4.437963962554932,0.01664097835143874,1,1,0.5740879589294715,0.4259120410705285,0.5740879589294715,1.0,0.01,0.24565839634636968,270,770,870,900
2023-08-18,4.511816024780273,0.0012785929010086239,1,0,0.4791870920963558,0.5208129079036442,0.5208129079036442,1.0,0.01,0.24506563766385958,300,800,900,930
2023-08-19,4.517584800720215,0.0005289177968226255,1,0,0.48271610225059686,0.5172838977494032,0.5172838977494032,1.0,0.01,0.24506563766385958,300,800,900,930
2023-08-20,4.519974231719971,-0.019099968952660196,0,0,0.46998750363010333,0.5300124963698967,0.5300124963698967,1.0,0.01,0.24506563766385958,300,800,900,930
2023-08-21,4.433642864227295,-0.002914920730998416,0,0,0.4924669057846426,0.5075330942153574,0.5075330942153574,1.0,0.01,0.24506563766385958,300,800,900,930
2023-08-22,4.420719146728516,0.015241421563340074,1,0,0.4884661904168959,0.5115338095831041,0.5115338095831041,1.0,0.01,0.24506563766385958,300,800,900,930
2023-08-23,4.488097190856934,-0.014819242470056504,0,0,0.4591977700125457,0.5408022299874543,0.5408022299874543,1.0,0.01,0.24506563766385958,300,800,900,930
2023-08-24,4.421586990356445,0.014670528883587775,1,0,0.4915828073692316,0.5084171926307683,0.5084171926307683,1.0,0.01,0.24506563766385958,300,800,900,930
2023-08-25,4.486454010009766,0.004008916781524041,1,0,0.45432581283016255,0.5456741871698374,0.5456741871698374,1.0,0.01,0.24506563766385958,300,800,900,930
2023-08-26,4.504439830780029,-0.002674431098518504,0,0,0.4662696063300932,0.5337303936699068,0.5337303936699068,1.0,0.01,0.24506563766385958,300,800,900,930
2023-08-27,4.4923930168151855,0.02529138708094525,1,0,0.46436491495764604,0.5356350850423539,0.5356350850423539,1.0,0.01,0.24506563766385958,300,800,900,930
2023-08-28,4.606011867523193,0.014513473617235428,1,0,0.42195148200840543,0.5780485179915946,0.5780485179915946,1.0,0.01,0.24506563766385958,300,800,900,930
2023-08-29,4.672861099243164,-0.029218751594436543,0,0,0.4154664761171028,0.5845335238828973,0.5845335238828973,1.0,0.01,0.24506563766385958,300,800,900,930
2023-08-30,4.536325931549072,-0.058830813282156225,0,0,0.4770090914479289,0.5229909085520711,0.5229909085520711,1.0,0.01,0.24506563766385958,300,800,900,930
2023-08-31,4.2694501876831055,-0.012558515007115467,0,1,0.5115604913534872,0.48843950864651275,0.5115604913534872,1.0,0.01,0.24506563766385958,300,800,900,930
2023-09-01,4.215832233428955,0.010920412643428579,1,1,0.5070552617574529,0.49294473824254714,0.5070552617574529,1.0,0.01,0.24506563766385958,300,800,900,930
2023-09-02,4.261870861053467,-5.5830350027208375e-05,0,0,0.476763452739985,0.523236547260015,0.523236547260015,1.0,0.01,0.24506563766385958,300,800,900,930
2023-09-03,4.261632919311523,-0.0019886336935169835,0,0,0.46890574065514184,0.5310942593448582,0.5310942593448582,1.0,0.01,0.24506563766385958,300,800,900,930
2023-09-04,4.253158092498779,0.0008391708117891916,1,0,0.45990845291482535,0.5400915470851746,0.5400915470851746,1.0,0.01,0.24506563766385958,300,800,900,930
2023-09-05,4.25672721862793,0.0029745701917465173,1,0,0.46137774149747357,0.5386222585025264,0.5386222585025264,1.0,0.01,0.24506563766385958,300,800,900,930
2023-09-06,4.269389152526856,0.004063970993430477,1,0,0.4539517205688513,0.5460482794311488,0.5460482794311488,1.0,0.01,0.24506563766385958,300,800,900,930
2023-09-07,4.286739826202393,-0.008594157138892444,0,0,0.4560061351602042,0.5439938648397957,0.5439938648397957,1.0,0.01,0.24506563766385958,300,800,900,930
2023-09-08,4.249898910522461,-0.0024007358501658693,0,0,0.4758490351416455,0.5241509648583544,0.5241509648583544,1.0,0.01,0.24506563766385958,300,800,900,930
2023-09-09,4.239696025848389,-0.02069610394985566,0,0,0.4795896807637711,0.5204103192362288,0.5204103192362288,1.0,0.01,0.24506563766385958,300,800,900,930
2023-09-10,4.151950836181641,-0.03969963267484933,0,0,0.48988959697155365,0.5101104030284463,0.5101104030284463,1.0,0.01,0.24506563766385958,300,800,900,930
2023-09-11,3.987119913101196,-4.8136740393833755e-05,0,1,0.5320295786303697,0.4679704213696303,0.5320295786303697,1.0,0.01,0.24506563766385958,300,800,900,930
2023-09-12,3.98692798614502,0.003997873987853673,1,1,0.5110920235590148,0.48890797644098516,0.5110920235590148,1.0,0.01,0.24506563766385958,300,800,900,930
2023-09-13,4.002867221832275,0.013954650245675104,1,0,0.49575418800227766,0.5042458119977223,0.5042458119977223,1.0,0.01,0.24506563766385958,300,800,900,930
2023-09-14,4.058725833892822,0.020507262594773312,1,0,0.455418841431768,0.5445811585682321,0.5445811585682321,1.0,0.01,0.24506563766385958,300,800,900,930
2023-09-15,4.141959190368652,0.010538412247859119,1,0,0.4282148762650561,0.5717851237349438,0.5717851237349438,1.0,0.01,0.24506563766385958,300,800,900,930
2023-09-16,4.185608863830566,-0.026522074064082357,0,0,0.43167399101447096,0.5683260089855291,0.5683260089855291,1.0,0.01,0.24506563766385958,300,800,900,930
2023-09-17,4.074597835540772,0.008257294192860698,1,0,0.49145076083478084,0.5085492391652191,0.5085492391652191,1.0,0.01,0.2489266822384635,330,830,930,960
2023-09-18,4.108242988586426,0.011683560421142714,1,0,0.4650031012425554,0.5349968987574446,0.5349968987574446,1.0,0.01,0.2489266822384635,330,830,930,960
2023-09-19,4.156241893768311,-0.003931153586206992,0,0,0.4574882943810026,0.5425117056189974,0.5425117056189974,1.0,0.01,0.2489266822384635,330,830,930,960
2023-09-20,4.1399030685424805,-0.03041716395957339,0,0,0.46980824956370587,0.5301917504362941,0.5301917504362941,1.0,0.01,0.2489266822384635,330,830,930,960
2023-09-21,4.013978958129883,0.0013510456972527507,1,1,0.5068095402803754,0.4931904597196246,0.5068095402803754,1.0,0.01,0.2489266822384635,330,830,930,960
2023-09-22,4.019402027130127,0.0032685999793342635,1,0,0.4800779903294646,0.5199220096705355,0.5199220096705355,1.0,0.01,0.2489266822384635,330,830,930,960
2023-09-23,4.03253984451294,-0.010500778717936532,0,0,0.47476219315498447,0.5252378068450155,0.5252378068450155,1.0,0.01,0.2489266822384635,330,830,930,960
2023-09-24,3.990195035934448,0.01852541313261269,1,0,0.4850572830615825,0.5149427169384175,0.5149427169384175,1.0,0.01,0.2489266822384635,330,830,930,960
2023-09-25,4.064115047454834,-0.012306250789768547,0,0,0.4507955115075059,0.549204488492494,0.549204488492494,1.0,0.01,0.2489266822384635,330,830,930,960
2023-09-26,4.014101028442383,-0.005822992618356948,0,0,0.47905666912167927,0.5209433308783207,0.5209433308783207,1.0,0.01,0.2489266822384635,330,830,930,960
2023-09-27,3.990726947784424,0.0210322157740781,1,0,0.47505341629535586,0.5249465837046441,0.5249465837046441,1.0,0.01,0.2489266822384635,330,830,930,960
2023-09-28,4.074660778045654,0.0006383713490980547,1,0,0.4459153460004929,0.5540846539995071,0.5540846539995071,1.0,0.01,0.2489266822384635,330,830,930,960
2023-09-29,4.077261924743652,0.006954685720527598,1,0,0.4610299822198249,0.5389700177801751,0.5389700177801751,1.0,0.01,0.2489266822384635,330,830,930,960
2023-09-30,4.105618000030518,0.03784843506554214,1,0,0.4576423377740838,0.5423576622259162,0.5423576622259162,1.0,0.01,0.2489266822384635,330,830,930,960
2023-10-01,4.261009216308594,-0.03220999500446731,0,1,0.5069224960524477,0.49307750394755234,0.5069224960524477,1.0,0.01,0.2489266822384635,330,830,930,960
2023-10-02,4.123762130737305,-0.012007299590802933,0,1,0.5703710840798777,0.4296289159201223,0.5703710840798777,1.0,0.01,0.2489266822384635,330,830,930,960
2023-10-03,4.074246883392334,-0.006610009111321369,0,1,0.5665702118690016,0.4334297881309984,0.5665702118690016,1.0,0.01,0.2489266822384635,330,830,930,960
2023-10-04,4.047316074371338,-0.006072689661688835,0,1,0.5644369984419082,0.4355630015580918,0.5644369984419082,1.0,0.01,0.2489266822384635,330,830,930,960
2023-10-05,4.022737979888916,0.012282883015087398,1,1,0.5652797107622505,0.4347202892377495,0.5652797107622505,1.0,0.01,0.2489266822384635,330,830,930,960
2023-10-06,4.07214879989624,-0.0038558931792647133,0,1,0.542246531796318,0.457753468203682,0.542246531796318,1.0,0.01,0.2489266822384635,330,830,930,960
2023-10-07,4.0564470291137695,-0.010393575350893913,0,1,0.5565909189662049,0.44340908103379506,0.5565909189662049,1.0,0.01,0.2489266822384635,330,830,930,960
2023-10-08,4.014286041259766,-0.03414482130452601,0,1,0.5594961218595128,0.4405038781404872,0.5594961218595128,1.0,0.01,0.2489266822384635,330,830,930,960
2023-10-09,3.877218961715698,-0.016709634315332345,0,1,0.5914118689381711,0.4085881310618289,0.5914118689381711,1.0,0.01,0.2489266822384635,330,830,930,960
2023-10-10,3.812432050704956,-0.019508271755621864,0,1,0.5882809966935595,0.4117190033064405,0.5882809966935595,1.0,0.01,0.2489266822384635,330,830,930,960
2023-10-11,3.738058090209961,-0.017244513396390215,0,1,0.5951249782814425,0.4048750217185575,0.5951249782814425,1.0,0.01,0.2489266822384635,330,830,930,960
2023-10-12,3.6735970973968506,0.012957595324510462,1,1,0.5953906620764317,0.40460933792356835,0.5953906620764317,1.0,0.01,0.2489266822384635,330,830,930,960
2023-10-13,3.721198081970215,0.004051874968445279,1,1,0.5585419784983884,0.4414580215016116,0.5585419784983884,1.0,0.01,0.2489266822384635,330,830,930,960
2023-10-14,3.7362759113311768,0.0050055270610946945,1,1,0.5581556746503428,0.44184432534965723,0.5581556746503428,1.0,0.01,0.2489266822384635,330,830,930,960
2023-10-15,3.7549779415130615,0.008317777831818196,1,1,0.5547511288968894,0.4452488711031106,0.5547511288968894,1.0,0.01,0.2489266822384635,330,830,930,960
2023-10-16,3.786211013793945,-0.029357602899653057,0,1,0.5503622950605854,0.4496377049394146,0.5503622950605854,1.0,0.01,0.2489266822384635,330,830,930,960
2023-10-17,3.6750569343566895,-0.005036100879273975,0,0,0.4782516654509688,0.5217483345490312,0.5217483345490312,0.1,scale,0.2515982647016266,360,860,960,990
2023-10-18,3.656548976898194,-0.002097846743603804,0,0,0.4819904017020177,0.5180095982979823,0.5180095982979823,0.1,scale,0.2515982647016266,360,860,960,990
2023-10-19,3.64887809753418,0.019840891282722817,1,0,0.4811057899079261,0.5188942100920739,0.5188942100920739,0.1,scale,0.2515982647016266,360,860,960,990
2023-10-20,3.7212750911712646,0.049211633479643524,1,0,0.4858541961856009,0.5141458038143991,0.5141458038143991,0.1,scale,0.2515982647016266,360,860,960,990
2023-10-21,3.904405117034912,0.01544687059843075,1,0,0.492013637999569,0.507986362000431,0.507986362000431,0.1,scale,0.2515982647016266,360,860,960,990
2023-10-22,3.9647159576416016,0.09674257800604535,1,0,0.48562001772311036,0.5143799822768896,0.5143799822768896,0.1,scale,0.2515982647016266,360,860,960,990
2023-10-23,4.348272800445557,-0.037177695904666574,0,0,0.4882667486956237,0.5117332513043763,0.5117332513043763,0.1,scale,0.2515982647016266,360,860,960,990
2023-10-24,4.186614036560059,0.02351307510758005,1,0,0.4703987125841836,0.5296012874158165,0.5296012874158165,0.1,scale,0.2515982647016266,360,860,960,990
2023-10-25,4.2850542068481445,-0.01135303196715931,0,0,0.4780196204618635,0.5219803795381365,0.5219803795381365,0.1,scale,0.2515982647016266,360,860,960,990
2023-10-26,4.236405849456787,-0.022907601841297587,0,0,0.4705213301812655,0.5294786698187345,0.5294786698187345,0.1,scale,0.2515982647016266,360,860,960,990
2023-10-27,4.139359951019287,0.009844062810776766,1,0,0.46844144730836274,0.5315585526916373,0.5315585526916373,0.1,scale,0.2515982647016266,360,860,960,990
2023-10-28,4.180108070373535,0.03168284258780396,1,0,0.4757480032281299,0.5242519967718702,0.5242519967718702,0.1,scale,0.2515982647016266,360,860,960,990
2023-10-29,4.312545776367188,0.0499132911929856,1,0,0.4834500411861982,0.5165499588138018,0.5165499588138018,0.1,scale,0.2515982647016266,360,860,960,990
2023-10-30,4.527799129486084,-0.016921940674318514,0,0,0.4897960721619933,0.5102039278380067,0.5102039278380067,0.1,scale,0.2515982647016266,360,860,960,990
2023-10-31,4.4511799812316895,0.0628439749277998,1,0,0.4708536900454019,0.5291463099545981,0.5291463099545981,0.1,scale,0.2515982647016266,360,860,960,990
2023-11-01,4.730909824371338,-0.02020453287159918,0,0,0.4924403927196001,0.5075596072803998,0.5075596072803998,0.1,scale,0.2515982647016266,360,860,960,990
2023-11-02,4.635324001312256,-0.004278067054768631,0,0,0.4726915255006533,0.5273084744993467,0.5273084744993467,0.1,scale,0.2515982647016266,360,860,960,990
2023-11-03,4.615493774414063,0.016364974163666224,1,0,0.474659640935084,0.5253403590649159,0.5253403590649159,0.1,scale,0.2515982647016266,360,860,960,990
2023-11-04,4.691026210784912,0.01752150761425697,1,0,0.4797839405649888,0.5202160594350111,0.5202160594350111,0.1,scale,0.2515982647016266,360,860,960,990
2023-11-05,4.773220062255859,0.040884928205001225,1,0,0.48553799324338925,0.5144620067566108,0.5144620067566108,0.1,scale,0.2515982647016266,360,860,960,990
2023-11-06,4.968372821807861,-0.007423916445357448,0,0,0.4882668831799096,0.5117331168200904,0.5117331168200904,0.1,scale,0.2515982647016266,360,860,960,990
2023-11-07,4.931488037109375,0.02475865589900672,1,0,0.4759192951888352,0.5240807048111649,0.5240807048111649,0.1,scale,0.2515982647016266,360,860,960,990
2023-11-08,5.053585052490234,0.0066824015090956035,1,0,0.482787181185174,0.517212818814826,0.517212818814826,0.1,scale,0.2515982647016266,360,860,960,990
2023-11-09,5.087355136871338,0.04195611623516715,1,0,0.4811283346575234,0.5188716653424765,0.5188716653424765,0.1,scale,0.2515982647016266,360,860,960,990
2023-11-10,5.300800800323486,0.04760868558104847,1,0,0.47798589542836056,0.5220141045716394,0.5220141045716394,0.1,scale,0.2515982647016266,360,860,960,990
2023-11-11,5.553164958953857,0.02786250289910619,1,0,0.48554620853677144,0.5144537914632286,0.5144537914632286,0.1,scale,0.2515982647016266,360,860,960,990
2023-11-12,5.707890033721924,-0.05948290575192139,0,0,0.4783047291172834,0.5216952708827166,0.5216952708827166,0.1,scale,0.2515982647016266,360,860,960,990
2023-11-13,5.368368148803711,-0.0308550574847819,0,0,0.4625373783246052,0.5374626216753948,0.5374626216753948,0.1,scale,0.2515982647016266,360,860,960,990
2023-11-14,5.2027268409729,0.06983460314809697,1,0,0.46900091465316496,0.530999085346835,0.530999085346835,0.1,scale,0.2515982647016266,360,860,960,990
2023-11-15,5.566057205200195,-0.03730385711549211,0,0,0.49405314578973397,0.5059468542102661,0.5059468542102661,0.1,scale,0.2515982647016266,360,860,960,990
2023-11-16,5.358421802520752,-0.021688954542521954,0,0,0.4916646679352086,0.5083353320647914,0.5083353320647914,0.1,scale,0.25102412832179205,390,890,990,1020
2023-11-17,5.242203235626221,0.009350448716205273,1,0,0.49421351078817344,0.5057864892118266,0.5057864892118266,0.1,scale,0.25102412832179205,390,890,990,1020
2023-11-18,5.291220188140869,0.02892111949243792,1,0,0.4989884111092713,0.5010115888907287,0.5010115888907287,0.1,scale,0.25102412832179205,390,890,990,1020
2023-11-19,5.444248199462891,-0.02565098792931786,0,1,0.5029640293668995,0.49703597063310045,0.5029640293668995,0.1,scale,0.25102412832179205,390,890,990,1020
2023-11-20,5.304597854614258,-0.07827338243315596,0,0,0.4959189341452862,0.5040810658547138,0.5040810658547138,0.1,scale,0.25102412832179205,390,890,990,1020
2023-11-21,4.8893890380859375,0.05797777056526998,1,0,0.4886550531113113,0.5113449468886887,0.5113449468886887,0.1,scale,0.25102412832179205,390,890,990,1020
2023-11-22,5.17286491394043,-0.007583226987789016,0,1,0.5082868163614904,0.4917131836385096,0.5082868163614904,0.1,scale,0.25102412832179205,390,890,990,1020
2023-11-23,5.13363790512085,0.021369644619798622,1,0,0.4999476581564782,0.5000523418435219,0.5000523418435219,0.1,scale,0.25102412832179205,390,890,990,1020
2023-11-24,5.24334192276001,0.01654370623726531,1,1,0.5037805564216229,0.4962194435783771,0.5037805564216229,0.1,scale,0.25102412832179205,390,890,990,1020
2023-11-25,5.3300862312316895,-0.0009300410690605831,0,1,0.5045424132176646,0.4954575867823354,0.5045424132176646,0.1,scale,0.25102412832179205,390,890,990,1020
2023-11-26,5.32512903213501,-0.03073183551889591,0,1,0.5025929621622272,0.49740703783777285,0.5025929621622272,0.1,scale,0.25102412832179205,390,890,990,1020
2023-11-27,5.161478042602539,0.021156730661568313,1,0,0.4973801256673445,0.5026198743326555,0.5026198743326555,0.1,scale,0.25102412832179205,390,890,990,1020
2023-11-28,5.270678043365479,-0.019464123886441365,0,1,0.5024353411679768,0.49756465883202317,0.5024353411679768,0.1,scale,0.25102412832179205,390,890,990,1020
2023-11-29,5.168088912963867,0.05760449916905541,1,0,0.49851750532070144,0.5014824946792986,0.5014824946792986,0.1,scale,0.25102412832179205,390,890,990,1020
2023-11-30,5.465794086456299,0.0016915881482746364,1,1,0.5066928208607718,0.49330717913922817,0.5066928208607718,0.1,scale,0.25102412832179205,390,890,990,1020
2023-12-01,5.475039958953857,0.018053053690775478,1,0,0.4931551955213564,0.5068448044786436,0.5068448044786436,0.1,scale,0.25102412832179205,390,890,990,1020
2023-12-02,5.573881149291992,-0.0048989347158883145,0,0,0.49583483073426404,0.504165169265736,0.504165169265736,0.1,scale,0.25102412832179205,390,890,990,1020
2023-12-03,5.54657506942749,0.01437859713165679,1,0,0.493665438466141,0.506334561533859,0.506334561533859,0.1,scale,0.25102412832179205,390,890,990,1020
2023-12-04,5.626327037811279,0.05069825123823413,1,0,0.4952143467404565,0.5047856532595435,0.5047856532595435,0.1,scale,0.25102412832179205,390,890,990,1020
2023-12-05,5.911571979522705,0.022287459573388624,1,0,0.4958025820275613,0.5041974179724387,0.5041974179724387,0.1,scale,0.25102412832179205,390,890,990,1020
2023-12-06,6.043325901031494,0.03364704417540065,1,0,0.49179111311757423,0.5082088868824257,0.5082088868824257,0.1,scale,0.25102412832179205,390,890,990,1020
2023-12-07,6.246665954589844,0.09493269114505654,1,0,0.4911701194379238,0.5088298805620761,0.5088298805620761,0.1,scale,0.25102412832179205,390,890,990,1020
2023-12-08,6.839678764343262,0.04063659077209847,1,1,0.5028244976389469,0.4971755023610531,0.5028244976389469,0.1,scale,0.25102412832179205,390,890,990,1020
2023-12-09,7.11761999130249,0.031464893418391426,1,1,0.5013879500007891,0.49861204999921094,0.5013879500007891,0.1,scale,0.25102412832179205,390,890,990,1020
2023-12-10,7.3415751457214355,-0.08647710415922583,0,0,0.4936489401721849,0.5063510598278151,0.5063510598278151,0.1,scale,0.25102412832179205,390,890,990,1020
2023-12-11,6.7066969871521,0.06218885893976411,1,0,0.48396886140739853,0.5160311385926015,0.5160311385926015,0.1,scale,0.25102412832179205,390,890,990,1020
2023-12-12,7.123778820037842,0.06827825316086789,1,0,0.49794432956950163,0.5020556704304984,0.5020556704304984,0.1,scale,0.25102412832179205,390,890,990,1020
2023-12-13,7.610177993774414,-0.011705796474871133,0,0,0.49849589589293364,0.5015041041070664,0.5015041041070664,0.1,scale,0.25102412832179205,390,890,990,1020
2023-12-14,7.521094799041748,-0.07503588913602899,0,0,0.4907948734552082,0.5092051265447918,0.5092051265447918,0.1,scale,0.25102412832179205,390,890,990,1020
2023-12-15,6.956742763519287,0.018566766559188652,1,0,0.4803829405325853,0.5196170594674148,0.5196170594674148,0.1,scale,0.25102412832179205,390,890,990,1020
2023-12-16,7.085906982421875,-0.041447625553962086,0,1,0.5210913895016757,0.47890861049832434,0.5210913895016757,1.0,0.01,0.24860341751482704,420,920,1020,1050
2023-12-17,6.792212963104248,0.012295722718057789,1,1,0.5700502875734349,0.4299497124265651,0.5700502875734349,1.0,0.01,0.24860341751482704,420,920,1020,1050
2023-12-18,6.875728130340576,-0.023344307170725775,0,1,0.5239237002434879,0.4760762997565121,0.5239237002434879,1.0,0.01,0.24860341751482704,420,920,1020,1050
2023-12-19,6.715219020843506,0.03387471343660553,1,1,0.5676466944011488,0.4323533055988512,0.5676466944011488,1.0,0.01,0.24860341751482704,420,920,1020,1050
2023-12-20,6.942695140838623,0.20436044592928493,1,1,0.5002481738982096,0.49975182610179036,0.5002481738982096,1.0,0.01,0.24860341751482704,420,920,1020,1050
2023-12-21,8.361507415771484,-0.04692640330231179,0,0,0.438968354619421,0.561031645380579,0.561031645380579,1.0,0.01,0.24860341751482704,420,920,1020,1050
2023-12-22,7.969131946563721,0.046803523665935653,1,1,0.5140148932021124,0.48598510679788764,0.5140148932021124,1.0,0.01,0.24860341751482704,420,920,1020,1050
2023-12-23,8.34211540222168,0.03666382313621663,1,0,0.4507792059655452,0.5492207940344548,0.5492207940344548,1.0,0.01,0.24860341751482704,420,920,1020,1050
2023-12-24,8.647969245910645,0.0671476004827054,1,0,0.4537718305416697,0.5462281694583303,0.5462281694583303,1.0,0.01,0.24860341751482704,420,920,1020,1050
2023-12-25,9.228659629821776,-0.04436211364509324,0,0,0.45092202036162776,0.5490779796383722,0.5490779796383722,1.0,0.01,0.24860341751482704,420,920,1020,1050
2023-12-26,8.819256782531738,-0.013174250223921491,0,1,0.532425019861093,0.46757498013890697,0.532425019861093,1.0,0.01,0.24860341751482704,420,920,1020,1050
2023-12-27,8.703069686889648,-0.029065082299363443,0,1,0.5215045922477626,0.4784954077522374,0.5215045922477626,1.0,0.01,0.24860341751482704,420,920,1020,1050
2023-12-28,8.450114250183105,-0.01863747853274278,0,1,0.5492409321587072,0.4507590678412928,0.5492409321587072,1.0,0.01,0.24860341751482704,420,920,1020,1050
2023-12-29,8.292625427246094,0.00943459152420889,1,1,0.5462183180214014,0.4537816819785986,0.5462183180214014,1.0,0.01,0.24860341751482704,420,920,1020,1050
2023-12-30,8.37086296081543,-0.021129968193626336,0,1,0.5361765957669218,0.4638234042330782,0.5361765957669218,1.0,0.01,0.24860341751482704,420,920,1020,1050
2023-12-31,8.193986892700195,0.04941889088221174,1,1,0.5446911528393618,0.45530884716063824,0.5446911528393618,1.0,0.01,0.24860341751482704,420,920,1020,1050
2024-01-01,8.59892463684082,-0.021657214128655178,0,0,0.41372248495763664,0.5862775150423634,0.5862775150423634,1.0,0.01,0.24860341751482704,420,920,1020,1050
2024-01-02,8.41269588470459,-0.09163210941271915,0,0,0.4569540772737677,0.5430459227262323,0.5430459227262323,1.0,0.01,0.24860341751482704,420,920,1020,1050
2024-01-03,7.641822814941406,0.03136072587754546,1,1,0.5172722702477806,0.48272772975221945,0.5172722702477806,1.0,0.01,0.24860341751482704,420,920,1020,1050
2024-01-04,7.881475925445557,-0.05530868123373389,0,0,0.4569405992867926,0.5430594007132075,0.5430594007132075,1.0,0.01,0.24860341751482704,420,920,1020,1050
2024-01-05,7.44556188583374,-0.04119645393136817,0,1,0.5253502292348305,0.47464977076516945,0.5253502292348305,1.0,0.01,0.24860341751482704,420,920,1020,1050
2024-01-06,7.13883113861084,-0.03403892296242628,0,1,0.5320023969622065,0.4679976030377935,0.5320023969622065,1.0,0.01,0.24860341751482704,420,920,1020,1050
2024-01-07,6.895833015441895,0.08441549730631648,1,1,0.5407060703375953,0.4592939296624047,0.5407060703375953,1.0,0.01,0.24860341751482704,420,920,1020,1050
2024-01-08,7.477948188781738,-0.04824027504984241,0,0,0.41620676603281953,0.5837932339671805,0.5837932339671805,1.0,0.01,0.24860341751482704,420,920,1020,1050
2024-01-09,7.117209911346436,0.11996995016237211,1,1,0.514063078928412,0.48593692107158803,0.514063078928412,1.0,0.01,0.24860341751482704,420,920,1020,1050
2024-01-10,7.97106122970581,0.024981325367404494,1,0,0.3680224440057781,0.6319775559942219,0.6319775559942219,1.0,0.01,0.24860341751482704,420,920,1020,1050
2024-01-11,8.170188903808594,-0.07354970150800788,0,0,0.4018558729230661,0.5981441270769339,0.5981441270769339,1.0,0.01,0.24860341751482704,420,920,1020,1050
2024-01-12,7.569273948669434,0.0057748187939485884,1,1,0.5041289070412913,0.4958710929587087,0.5041289070412913,1.0,0.01,0.24860341751482704,420,920,1020,1050
2024-01-13,7.612985134124756,-0.037552455791321715,0,0,0.4618820600137086,0.5381179399862914,0.5381179399862914,1.0,0.01,0.24860341751482704,420,920,1020,1050
2024-01-14,7.327098846435547,0.026025052648567915,1,1,0.5113880411749994,0.48861195882500064,0.5113880411749994,1.0,0.01,0.24860341751482704,420,920,1020,1050
2024-01-15,7.517786979675293,-0.0036882033436378414,0,0,0.45907075284262067,0.5409292471573793,0.5409292471573793,1.0,0.01,0.2469346353172634,450,950,1050,1080
2024-01-16,7.490059852600098,-0.020974428363397135,0,0,0.49011656703455214,0.5098834329654478,0.5098834329654478,1.0,0.01,0.2469346353172634,450,950,1050,1080
2024-01-17,7.33296012878418,-0.04436449934882403,0,1,0.5056517918622905,0.4943482081377095,0.5056517918622905,1.0,0.01,0.2469346353172634,450,950,1050,1080
2024-01-18,7.007637023925781,-0.018983837866968556,0,1,0.5397047428454159,0.4602952571545841,0.5397047428454159,1.0,0.01,0.2469346353172634,450,950,1050,1080
2024-01-19,6.874605178833008,0.003533236799765138,1,1,0.5428613843724924,0.45713861562750757,0.5428613843724924,1.0,0.01,0.2469346353172634,450,950,1050,1080
2024-01-20,6.898894786834717,-0.013274093758853578,0,1,0.5280469839854051,0.47195301601459494,0.5280469839854051,1.0,0.01,0.2469346353172634,450,950,1050,1080
2024-01-21,6.807318210601807,-0.06968873102310802,0,1,0.5312113818793597,0.4687886181206403,0.5312113818793597,1.0,0.01,0.2469346353172634,450,950,1050,1080
2024-01-22,6.332924842834473,0.0033959521142290505,1,1,0.5530958487762214,0.4469041512237786,0.5530958487762214,1.0,0.01,0.2469346353172634,450,950,1050,1080
2024-01-23,6.35443115234375,0.01658858994246515,1,1,0.544159118537795,0.455840881462205,0.544159118537795,1.0,0.01,0.2469346353172634,450,950,1050,1080
2024-01-24,6.459842205047607,-0.00392876174101775,0,1,0.5372294981807659,0.46277050181923407,0.5372294981807659,1.0,0.01,0.2469346353172634,450,950,1050,1080
2024-01-25,6.434463024139404,0.036987569407457954,1,1,0.5425096889917255,0.45749031100827453,0.5425096889917255,1.0,0.01,0.2469346353172634,450,950,1050,1080
2024-01-26,6.672458171844482,-0.0003313762103324125,0,0,0.469977102660164,0.530022897339836,0.530022897339836,1.0,0.01,0.2469346353172634,450,950,1050,1080
2024-01-27,6.670247077941895,0.02531840032849786,1,1,0.5056597133143208,0.4943402866856792,0.5056597133143208,1.0,0.01,0.2469346353172634,450,950,1050,1080
2024-01-28,6.839127063751221,0.028037908372690712,1,0,0.4534737426101094,0.5465262573898906,0.5465262573898906,1.0,0.01,0.2469346353172634,450,950,1050,1080
2024-01-29,7.030881881713867,-0.02686928596250826,0,0,0.44724853379749435,0.5527514662025057,0.5527514662025057,1.0,0.01,0.2469346353172634,450,950,1050,1080
2024-01-30,6.841967105865479,-0.027218946458010596,0,1,0.5248854212915671,0.4751145787084329,0.5248854212915671,1.0,0.01,0.2469346353172634,450,950,1050,1080
2024-01-31,6.655735969543457,0.020334515682303156,1,1,0.5337156143005224,0.4662843856994776,0.5337156143005224,1.0,0.01,0.2469346353172634,450,950,1050,1080
2024-02-01,6.791077136993408,0.021373310524612554,1,1,0.5122651400006475,0.4877348599993525,0.5122651400006475,1.0,0.01,0.2469346353172634,450,950,1050,1080
2024-02-02,6.936224937438965,-0.015099697394213352,0,0,0.48895873072434315,0.5110412692756569,0.5110412692756569,1.0,0.01,0.2469346353172634,450,950,1050,1080
2024-02-03,6.83149003982544,-0.024044800910860475,0,1,0.5296487697661746,0.4703512302338254,0.5296487697661746,1.0,0.01,0.2469346353172634,450,950,1050,1080
2024-02-04,6.667228221893311,0.008952101998892514,1,1,0.5421617787497349,0.4578382212502651,0.5421617787497349,1.0,0.01,0.2469346353172634,450,950,1050,1080
2024-02-05,6.726913928985596,0.011713104952797426,1,0,0.48353216769082513,0.5164678323091749,0.5164678323091749,1.0,0.01,0.2469346353172634,450,950,1050,1080
2024-02-06,6.805706977844238,0.019722122147033838,1,0,0.4982275543534128,0.5017724456465872,0.5017724456465872,1.0,0.01,0.2469346353172634,450,950,1050,1080
2024-02-07,6.939929962158203,0.01076900180897633,1,0,0.4798151950797316,0.5201848049202684,0.5201848049202684,1.0,0.01,0.2469346353172634,450,950,1050,1080
2024-02-08,7.0146660804748535,0.025207906479182807,1,0,0.4768495572272733,0.5231504427727267,0.5231504427727267,1.0,0.01,0.2469346353172634,450,950,1050,1080
2024-02-09,7.19149112701416,0.0024155845016957667,1,0,0.4664485873184799,0.5335514126815202,0.5335514126815202,1.0,0.01,0.2469346353172634,450,950,1050,1080
2024-02-10,7.208862781524658,-0.015654433919225608,0,1,0.5049989253764776,0.4950010746235224,0.5049989253764776,1.0,0.01,0.2469346353172634,450,950,1050,1080
2024-02-11,7.096012115478516,0.035238246145393726,1,1,0.5142512460083094,0.4857487539916906,0.5142512460083094,1.0,0.01,0.2469346353172634,450,950,1050,1080
2024-02-12,7.346063137054443,0.002296471117294585,1,0,0.4614361540858229,0.538563845914177,0.538563845914177,1.0,0.01,0.2469346353172634,450,950,1050,1080
2024-02-13,7.362933158874512,0.040110898188546296,1,0,0.4962086742030304,0.5037913257969696,0.5037913257969696,1.0,0.01,0.2469346353172634,450,950,1050,1080
2024-02-14,7.658267021179199,0.015641556484678354,1,0,0.45823236579685395,0.5417676342031461,0.5417676342031461,1.0,0.01,0.24515484550494104,480,980,1080,1110
2024-02-15,7.778054237365723,-0.015488762035640313,0,0,0.47190702038834165,0.5280929796116584,0.5280929796116584,1.0,0.01,0.24515484550494104,480,980,1080,1110
2024-02-16,7.657581806182861,0.006107933856620784,1,1,0.5019471059104004,0.49805289408959963,0.5019471059104004,1.0,0.01,0.24515484550494104,480,980,1080,1110
2024-02-17,7.7043538093566895,0.01891206280097646,1,0,0.4884276697828953,0.5115723302171047,0.5115723302171047,1.0,0.01,0.24515484550494104,480,980,1080,1110
2024-02-18,7.8500590324401855,0.022814573030159435,1,0,0.47729754083692416,0.5227024591630758,0.5227024591630758,1.0,0.01,0.24515484550494104,480,980,1080,1110
2024-02-19,8.029154777526855,-0.036859294712702995,0,0,0.4637804042143657,0.5362195957856343,0.5362195957856343,1.0,0.01,0.24515484550494104,480,980,1080,1110
2024-02-20,7.733205795288086,-0.034255210415676474,0,1,0.5124672511308671,0.4875327488691329,0.5124672511308671,1.0,0.01,0.24515484550494104,480,980,1080,1110
2024-02-21,7.468303203582764,0.0019533056951825944,1,1,0.5328618104936033,0.46713818950639674,0.5328618104936033,1.0,0.01,0.24515484550494104,480,980,1080,1110
2024-02-22,7.482891082763672,0.010761204529986967,1,1,0.5115659797142,0.48843402028579996,0.5115659797142,1.0,0.01,0.24515484550494104,480,980,1080,1110
2024-02-23,7.563416004180908,0.03252262865998734,1,0,0.4999327550536765,0.5000672449463235,0.5000672449463235,1.0,0.01,0.24515484550494104,480,980,1080,1110
2024-02-24,7.809398174285889,0.01455472891306031,1,0,0.47371641523924674,0.5262835847607532,0.5262835847607532,1.0,0.01,0.24515484550494104,480,980,1080,1110
2024-02-25,7.923061847686768,0.02288024126339505,1,0,0.48004694200467973,0.5199530579953202,0.5199530579953202,1.0,0.01,0.24515484550494104,480,980,1080,1110
2024-02-26,8.10434341430664,0.03296403162148365,1,0,0.4627531331801071,0.5372468668198929,0.5372468668198929,1.0,0.01,0.24515484550494104,480,980,1080,1110
2024-02-27,8.371495246887207,-0.003449360451730721,0,0,0.4569027081941959,0.5430972918058041,0.5430972918058041,1.0,0.01,0.24515484550494104,480,980,1080,1110
2024-02-28,8.342618942260742,-0.010499584470276768,0,0,0.4862495766786382,0.5137504233213618,0.5137504233213618,1.0,0.01,0.24515484550494104,480,980,1080,1110
2024-02-29,8.255024909973145,0.050781762197665614,1,1,0.5070914558464996,0.4929085441535004,0.5070914558464996,1.0,0.01,0.24515484550494104,480,980,1080,1110
2024-03-01,8.674229621887207,0.08783158517826606,1,1,0.539720183541374,0.46027981645862603,0.539720183541374,1.0,0.01,0.24515484550494104,480,980,1080,1110
2024-03-02,9.436100959777832,0.038293212096576434,1,0,0.4910932158113903,0.5089067841886097,0.5089067841886097,1.0,0.01,0.24515484550494104,480,980,1080,1110
2024-03-03,9.797439575195312,0.011608276162813347,1,1,0.5129309219371548,0.48706907806284516,0.5129309219371548,1.0,0.01,0.24515484550494104,480,980,1080,1110
2024-03-04,9.911170959472656,-0.058598816698317346,0,1,0.5301974279635308,0.46980257203646925,0.5301974279635308,1.0,0.01,0.24515484550494104,480,980,1080,1110
2024-03-05,9.330388069152832,0.1268799149108495,1,1,0.5811003504279891,0.41889964957201087,0.5811003504279891,1.0,0.01,0.24515484550494104,480,980,1080,1110
2024-03-06,10.514226913452148,-0.008765378505475874,0,0,0.46774533531400386,0.5322546646859961,0.5322546646859961,1.0,0.01,0.24515484550494104,480,980,1080,1110
2024-03-07,10.42206573486328,0.023322231909584046,1,1,0.5433370769479815,0.4566629230520185,0.5433370769479815,1.0,0.01,0.24515484550494104,480,980,1080,1110
2024-03-08,10.665131568908691,-0.013369606787895338,0,1,0.516430383380936,0.48356961661906395,0.516430383380936,1.0,0.01,0.24515484550494104,480,980,1080,1110
2024-03-09,10.522542953491213,-0.023162613110433106,0,1,0.5515707772534695,0.4484292227465305,0.5515707772534695,1.0,0.01,0.24515484550494104,480,980,1080,1110
2024-03-10,10.278813362121582,0.0737014638085669,1,1,0.5601791415895756,0.4398208584104244,0.5601791415895756,1.0,0.01,0.24515484550494104,480,980,1080,1110
2024-03-11,11.036376953125,-0.028066412730892387,0,0,0.48751538075931355,0.5124846192406864,0.5124846192406864,1.0,0.01,0.24515484550494104,480,980,1080,1110
2024-03-12,10.726625442504885,0.055418796512916924,1,1,0.5624169994718677,0.43758300052813226,0.5624169994718677,1.0,0.01,0.24515484550494104,480,980,1080,1110
2024-03-13,11.32108211517334,0.019593522542090902,1,1,0.5025018544325087,0.4974981455674913,0.5025018544325087,1.0,0.01,0.24515484550494104,480,980,1080,1110
2024-03-14,11.542901992797852,-0.06103650068037547,0,1,0.5197784934093781,0.4802215065906219,0.5197784934093781,1.0,0.01,0.24515484550494104,480,980,1080,1110
2024-03-15,10.838363647460938,-0.10532230611443283,0,1,0.6317026136642023,0.36829738633579767,0.6317026136642023,1.0,0.01,0.2428502091559875,510,1010,1110,1140
2024-03-16,9.696842193603516,0.04318591218067569,1,1,0.6886176630508242,0.31138233694917583,0.6886176630508242,1.0,0.01,0.2428502091559875,510,1010,1110,1140
2024-03-17,10.115609169006348,-0.02058313460422556,0,1,0.6011816703446745,0.3988183296553255,0.6011816703446745,1.0,0.01,0.2428502091559875,510,1010,1110,1140
2024-03-18,9.907398223876951,-0.11537224242587574,0,1,0.6330330986586816,0.3669669013413184,0.6330330986586816,1.0,0.01,0.2428502091559875,510,1010,1110,1140
2024-03-19,8.764359474182129,0.08300663203010816,1,1,0.6831887173708135,0.31681128262918645,0.6831887173708135,1.0,0.01,0.2428502091559875,510,1010,1110,1140
2024-03-20,9.491859436035156,-0.03360415459317734,0,1,0.5778284087078183,0.42217159129218174,0.5778284087078183,1.0,0.01,0.2428502091559875,510,1010,1110,1140
2024-03-21,9.172893524169922,-0.027650534242638858,0,1,0.6435536190394325,0.35644638096056747,0.6435536190394325,1.0,0.01,0.2428502091559875,510,1010,1110,1140
2024-03-22,8.919258117675781,0.007044411559665287,1,1,0.6346864703440015,0.3653135296559985,0.6346864703440015,1.0,0.01,0.2428502091559875,510,1010,1110,1140
2024-03-23,8.982089042663574,0.04311028101048553,1,1,0.6294619843929052,0.37053801560709476,0.6294619843929052,1.0,0.01,0.2428502091559875,510,1010,1110,1140
2024-03-24,9.369309425354004,0.03931025841389513,1,1,0.585315975620561,0.41468402437943896,0.585315975620561,1.0,0.01,0.2428502091559875,510,1010,1110,1140
2024-03-25,9.737619400024414,-0.0048312377076682456,0,1,0.5689343334465626,0.43106566655343737,0.5689343334465626,1.0,0.01,0.2428502091559875,510,1010,1110,1140
2024-03-26,9.690574645996094,-0.02546769587840303,0,1,0.605482005380107,0.394517994619893,0.605482005380107,1.0,0.01,0.2428502091559875,510,1010,1110,1140
2024-03-27,9.443778038024902,0.007730255301706457,1,1,0.6373245139365051,0.36267548606349487,0.6373245139365051,1.0,0.01,0.2428502091559875,510,1010,1110,1140
2024-03-28,9.516780853271484,0.008348875866964978,1,1,0.6269782033323721,0.3730217966676279,0.6269782033323721,1.0,0.01,0.2428502091559875,510,1010,1110,1140
2024-03-29,9.596235275268556,-0.016933565034601528,0,1,0.6200305823780929,0.37996941762190706,0.6200305823780929,1.0,0.01,0.2428502091559875,510,1010,1110,1140
2024-03-30,9.43373680114746,0.02214276399389825,1,1,0.6402062060813244,0.3597937939186756,0.6402062060813244,1.0,0.01,0.2428502091559875,510,1010,1110,1140
2024-03-31,9.64262580871582,-0.04994122258215927,0,1,0.6112131704894583,0.38878682951054166,0.6112131704894583,1.0,0.01,0.2428502091559875,510,1010,1110,1140
2024-04-01,9.16106128692627,-0.0635786605322115,0,1,0.5184712946678508,0.4815287053321492,0.5184712946678508,1.0,0.01,0.2428502091559875,510,1010,1110,1140
2024-04-02,8.57861328125,-0.01690933337839373,0,1,0.5546019152016703,0.44539808479832965,0.5546019152016703,1.0,0.01,0.2428502091559875,510,1010,1110,1140
2024-04-03,8.433554649353027,0.006798878644132422,1,1,0.5581296610261385,0.4418703389738615,0.5581296610261385,1.0,0.01,0.2428502091559875,510,1010,1110,1140
2024-04-04,8.490893363952637,-0.01199616279136373,0,1,0.5284024311255893,0.47159756887441073,0.5284024311255893,1.0,0.01,0.2428502091559875,510,1010,1110,1140
2024-04-05,8.38903522491455,0.012534358675756696,1,1,0.5301823052406744,0.46981769475932555,0.5301823052406744,1.0,0.01,0.2428502091559875,510,1010,1110,1140
2024-04-06,8.494186401367188,0.025021781111061125,1,1,0.5127626549301204,0.4872373450698796,0.5127626549301204,1.0,0.01,0.2428502091559875,510,1010,1110,1140
2024-04-07,8.70672607421875,0.038811724067829845,1,0,0.4893048998052058,0.5106951001947941,0.5106951001947941,1.0,0.01,0.2428502091559875,510,1010,1110,1140
2024-04-08,9.044649124145508,-0.04252202814803285,0,0,0.4674759292234593,0.5325240707765406,0.5325240707765406,1.0,0.01,0.2428502091559875,510,1010,1110,1140
2024-04-09,8.660052299499512,-0.027846351000905933,0,1,0.5282231046751831,0.4717768953248169,0.5282231046751831,1.0,0.01,0.2428502091559875,510,1010,1110,1140
2024-04-10,8.418901443481445,-0.0046870939700207614,0,1,0.5377340870186574,0.46226591298134256,0.5377340870186574,1.0,0.01,0.2428502091559875,510,1010,1110,1140
2024-04-11,8.379441261291504,-0.1358506323521328,0,1,0.5382316397067947,0.46176836029320534,0.5382316397067947,1.0,0.01,0.2428502091559875,510,1010,1110,1140
2024-04-12,7.2410888671875,-0.11367227669465096,0,1,0.5741015118313665,0.4258984881686335,0.5741015118313665,1.0,0.01,0.2428502091559875,510,1010,1110,1140
2024-04-13,6.417977809906006,0.07032874610636752,1,1,0.6515394917253805,0.3484605082746195,0.6515394917253805,1.0,0.01,0.2428502091559875,510,1010,1110,1140
2024-04-14,6.8693461418151855,-0.02282823558386493,0,1,0.5279874355735926,0.4720125644264074,0.5279874355735926,1.0,scale,0.24347230148394053,540,1040,1140,1170
2024-04-15,6.712531089782715,-0.0018598161367056054,0,1,0.5471938062443881,0.45280619375561193,0.5471938062443881,1.0,scale,0.24347230148394053,540,1040,1140,1170
2024-04-16,6.700047016143799,-0.01797300508568167,0,1,0.5104635531953379,0.48953644680466213,0.5104635531953379,1.0,scale,0.24347230148394053,540,1040,1140,1170
2024-04-17,6.57962703704834,0.03129294404788707,1,1,0.5190651293725652,0.4809348706274348,0.5190651293725652,1.0,scale,0.24347230148394053,540,1040,1140,1170
2024-04-18,6.785522937774658,-0.014422632650828326,0,0,0.465215134458604,0.534784865541396,0.534784865541396,1.0,scale,0.24347230148394053,540,1040,1140,1170
2024-04-19,6.687657833099365,0.08173341456901895,1,1,0.5119673048394972,0.48803269516050285,0.5119673048394972,1.0,scale,0.24347230148394053,540,1040,1140,1170
2024-04-20,7.234262943267822,-0.0137172376695045,0,1,0.5130122934041207,0.4869877065958793,0.5130122934041207,1.0,scale,0.24347230148394053,540,1040,1140,1170
2024-04-21,7.135028839111328,0.04805616965309656,1,1,0.5323425313263547,0.4676574686736453,0.5323425313263547,1.0,scale,0.24347230148394053,540,1040,1140,1170
2024-04-22,7.477910995483398,-0.031201768922396456,0,1,0.5020759577936766,0.49792404220632336,0.5020759577936766,1.0,scale,0.24347230148394053,540,1040,1140,1170
2024-04-23,7.244586944580078,-0.04340235634831835,0,1,0.534674913489985,0.46532508651001503,0.534674913489985,1.0,scale,0.24347230148394053,540,1040,1140,1170
2024-04-24,6.930154800415039,-0.009781273557500025,0,1,0.5341036502475799,0.4658963497524201,0.5341036502475799,1.0,scale,0.24347230148394053,540,1040,1140,1170
2024-04-25,6.862369060516357,-0.015177295433650762,0,1,0.5126197515464369,0.4873802484535631,0.5126197515464369,1.0,scale,0.24347230148394053,540,1040,1140,1170
2024-04-26,6.758216857910156,0.005980593533849721,1,0,0.4918475538104487,0.5081524461895512,0.5081524461895512,1.0,scale,0.24347230148394053,540,1040,1140,1170
2024-04-27,6.798635005950928,-0.01103587650552107,0,0,0.458005551172623,0.541994448827377,0.541994448827377,1.0,scale,0.24347230148394053,540,1040,1140,1170
2024-04-28,6.723606109619141,-0.019613452758583727,0,0,0.49103381728841367,0.5089661827115863,0.5089661827115863,1.0,scale,0.24347230148394053,540,1040,1140,1170
2024-04-29,6.591732978820801,-0.025713284547173698,0,0,0.4737878614841187,0.5262121385158813,0.5262121385158813,1.0,scale,0.24347230148394053,540,1040,1140,1170
2024-04-30,6.422237873077393,0.07175145928520577,1,0,0.48472817797542844,0.5152718220245716,0.5152718220245716,1.0,scale,0.24347230148394053,540,1040,1140,1170
2024-05-01,6.883042812347412,0.05841506355445358,1,0,0.4538548588672949,0.5461451411327052,0.5461451411327052,1.0,scale,0.24347230148394053,540,1040,1140,1170
2024-05-02,7.285116195678711,-0.0041200429689862705,0,0,0.4794427740846271,0.5205572259153729,0.5205572259153729,1.0,scale,0.24347230148394053,540,1040,1140,1170
2024-05-03,7.255101203918457,-0.017648446768167014,0,1,0.5268010778600482,0.47319892213995185,0.5268010778600482,1.0,scale,0.24347230148394053,540,1040,1140,1170
2024-05-04,7.1270599365234375,0.025217160801491723,1,1,0.5403421287649749,0.4596578712350251,0.5403421287649749,1.0,scale,0.24347230148394053,540,1040,1140,1170
2024-05-05,7.306784152984619,-0.02525353809331421,0,0,0.4652791988257518,0.5347208011742481,0.5347208011742481,1.0,scale,0.24347230148394053,540,1040,1140,1170
2024-05-06,7.122262001037598,-0.017624048419485616,0,1,0.5165769826470746,0.48342301735292537,0.5165769826470746,1.0,scale,0.24347230148394053,540,1040,1140,1170
2024-05-07,6.996738910675049,-0.0009461451044333602,0,1,0.5458885189417934,0.45411148105820665,0.5458885189417934,1.0,scale,0.24347230148394053,540,1040,1140,1170
2024-05-08,6.990118980407715,0.00858367312802999,1,0,0.4987595672078095,0.5012404327921904,0.5012404327921904,1.0,scale,0.24347230148394053,540,1040,1140,1170
2024-05-09,7.050119876861572,-0.04257488228240547,0,0,0.4956456783088183,0.5043543216911817,0.5043543216911817,1.0,scale,0.24347230148394053,540,1040,1140,1170
2024-05-10,6.749961853027344,-0.013442150778033124,0,1,0.5384145497459305,0.4615854502540695,0.5384145497459305,1.0,scale,0.24347230148394053,540,1040,1140,1170
2024-05-11,6.6592278480529785,-0.005833841075806312,0,1,0.5440286049517279,0.4559713950482721,0.5440286049517279,1.0,scale,0.24347230148394053,540,1040,1140,1170
2024-05-12,6.6203789710998535,0.006815139879951859,1,1,0.5251395584610397,0.47486044153896034,0.5251395584610397,1.0,scale,0.24347230148394053,540,1040,1140,1170
2024-05-13,6.665497779846191,-0.02799429583672486,0,0,0.4979789409254656,0.5020210590745344,0.5020210590745344,1.0,scale,0.24347230148394053,540,1040,1140,1170
2024-05-14,6.4789018630981445,0.07479325090404654,1,1,0.5263330076639686,0.4736669923360314,0.5263330076639686,1.0,0.01,0.24476685952519214,570,1070,1170,1200
2024-05-15,6.963479995727539,0.009427070650850577,1,0,0.44081214178355793,0.559187858216442,0.559187858216442,1.0,0.01,0.24476685952519214,570,1070,1170,1200
2024-05-16,7.029125213623047,0.023848013424195624,1,0,0.48221138374702405,0.5177886162529759,0.5177886162529759,1.0,0.01,0.24476685952519214,570,1070,1170,1200
2024-05-17,7.196755886077881,-0.004835916934892492,0,0,0.4568905426137889,0.5431094573862111,0.5431094573862111,1.0,0.01,0.24476685952519214,570,1070,1170,1200
2024-05-18,7.161952972412109,-0.03133477197686452,0,0,0.49229768354158737,0.5077023164584127,0.5077023164584127,1.0,0.01,0.24476685952519214,570,1070,1170,1200
2024-05-19,6.937534809112549,0.09189071600133736,1,1,0.5164769087399659,0.4835230912600341,0.5164769087399659,1.0,0.01,0.24476685952519214,570,1070,1170,1200
2024-05-20,7.575029850006103,0.005099902813731072,1,0,0.41686132402561316,0.5831386759743868,0.5831386759743868,1.0,0.01,0.24476685952519214,570,1070,1170,1200
2024-05-21,7.613661766052246,-0.020908553550991305,0,0,0.45912344922089443,0.5408765507791056,0.5408765507791056,1.0,0.01,0.24476685952519214,570,1070,1170,1200
2024-05-22,7.454471111297607,-0.03403285286102442,0,0,0.48221872737090243,0.5177812726290976,0.5177812726290976,1.0,0.01,0.24476685952519214,570,1070,1170,1200
2024-05-23,7.200774192810059,0.0060433273880782234,1,0,0.4932610400235909,0.5067389599764092,0.5067389599764092,1.0,0.01,0.24476685952519214,570,1070,1170,1200
2024-05-24,7.244290828704834,0.025378184680621807,1,0,0.49338243997623205,0.5066175600237679,0.5066175600237679,1.0,0.01,0.24476685952519214,570,1070,1170,1200
2024-05-25,7.42813777923584,0.016033127371062106,1,0,0.4691033989891237,0.5308966010108763,0.5308966010108763,1.0,0.01,0.24476685952519214,570,1070,1170,1200
2024-05-26,7.547234058380127,0.010739970571840063,1,0,0.4534607132753967,0.5465392867246033,0.5465392867246033,1.0,0.01,0.24476685952519214,570,1070,1170,1200
2024-05-27,7.628291130065918,-0.03424332744123115,0,0,0.4547381123030904,0.5452618876969095,0.5452618876969095,1.0,0.01,0.24476685952519214,570,1070,1170,1200
2024-05-28,7.367073059082031,-0.026421772296883805,0,0,0.4879066320456281,0.5120933679543719,0.5120933679543719,1.0,0.01,0.24476685952519214,570,1070,1170,1200
2024-05-29,7.172421932220459,-0.024337940382772927,0,1,0.5125429053070584,0.48745709469294163,0.5125429053070584,1.0,0.01,0.24476685952519214,570,1070,1170,1200
2024-05-30,6.997859954833984,-0.0015309109502754659,0,1,0.5256742824649386,0.47432571753506136,0.5256742824649386,1.0,0.01,0.24476685952519214,570,1070,1170,1200
2024-05-31,6.987146854400635,0.010228068323248074,1,1,0.517138768583145,0.482861231416855,0.517138768583145,1.0,0.01,0.24476685952519214,570,1070,1170,1200
2024-06-01,7.058611869812012,-0.009856324894538138,0,0,0.49795555234579736,0.5020444476542026,0.5020444476542026,1.0,0.01,0.24476685952519214,570,1070,1170,1200
2024-06-02,6.989039897918701,0.0030346428507344037,1,0,0.49136479100800307,0.508635208991997,0.508635208991997,1.0,0.01,0.24476685952519214,570,1070,1170,1200
2024-06-03,7.010249137878418,0.02527099508773145,1,0,0.48842722514181747,0.5115727748581825,0.5115727748581825,1.0,0.01,0.24476685952519214,570,1070,1170,1200
2024-06-04,7.187405109405518,0.008531965030905031,1,0,0.47966287008021424,0.5203371299197858,0.5203371299197858,1.0,0.01,0.24476685952519214,570,1070,1170,1200
2024-06-05,7.248727798461914,-0.014721724251076429,0,0,0.4765238064663572,0.5234761935336427,0.5234761935336427,1.0,0.01,0.24476685952519214,570,1070,1170,1200
2024-06-06,7.142014026641846,-0.06780261223727857,0,0,0.492970693814308,0.507029306185692,0.507029306185692,1.0,0.01,0.24476685952519214,570,1070,1170,1200
2024-06-07,6.657766819000244,-0.04045544198902351,0,1,0.5063164530711051,0.49368354692889493,0.5063164530711051,1.0,0.01,0.24476685952519214,570,1070,1170,1200
2024-06-08,6.388423919677734,0.021028481740170024,1,1,0.5777873766781987,0.4222126233218013,0.5777873766781987,1.0,0.01,0.24476685952519214,570,1070,1170,1200
2024-06-09,6.522762775421143,-0.0023480862402658342,0,1,0.5267550328564415,0.47324496714355846,0.5267550328564415,1.0,0.01,0.24476685952519214,570,1070,1170,1200
2024-06-10,6.507446765899658,-0.01960056729980464,0,1,0.5288998208937307,0.47110017910626933,0.5288998208937307,1.0,0.01,0.24476685952519214,570,1070,1170,1200
2024-06-11,6.379897117614746,0.056712473170003275,1,1,0.5305633025021732,0.4694366974978268,0.5305633025021732,1.0,0.01,0.24476685952519214,570,1070,1170,1200
2024-06-12,6.7417168617248535,-0.056609426593735246,0,0,0.46582945399734393,0.534170546002656,0.534170546002656,1.0,0.01,0.24476685952519214,570,1070,1170,1200
2024-06-13,6.360072135925293,-0.03102337840093128,0,1,0.5800024873926253,0.4199975126073747,0.5800024873926253,1.0,scale,0.25197624441495564,600,1100,1200,1230
2024-06-14,6.162761211395264,0.009452233464742665,1,1,0.5508012093723766,0.44919879062762336,0.5508012093723766,1.0,scale,0.25197624441495564,600,1100,1200,1230
2024-06-15,6.221013069152832,0.026853364258826673,1,1,0.544684838774509,0.455315161225491,0.544684838774509,1.0,scale,0.25197624441495564,600,1100,1200,1230
2024-06-16,6.388068199157715,-0.04917812155933343,0,0,0.4738648939469054,0.5261351060530945,0.5261351060530945,1.0,scale,0.25197624441495564,600,1100,1200,1230
2024-06-17,6.073915004730225,-0.04910572940345137,0,1,0.5495184336129286,0.4504815663870714,0.5495184336129286,1.0,scale,0.25197624441495564,600,1100,1200,1230
2024-06-18,5.775650978088379,0.003213644046960784,1,1,0.5475247709146118,0.4524752290853882,0.5475247709146118,1.0,scale,0.25197624441495564,600,1100,1200,1230
2024-06-19,5.794211864471436,-0.026482093378485172,0,1,0.5905662679144487,0.40943373208555134,0.5905662679144487,1.0,scale,0.25197624441495564,600,1100,1200,1230
2024-06-20,5.640769004821777,-0.005266472520087384,0,1,0.6089647030879676,0.3910352969120324,0.6089647030879676,1.0,scale,0.25197624441495564,600,1100,1200,1230
2024-06-21,5.611062049865723,0.02438182243089937,1,1,0.5810233145545227,0.4189766854454773,0.5810233145545227,1.0,scale,0.25197624441495564,600,1100,1200,1230
2024-06-22,5.747869968414307,-0.01791581111810636,0,1,0.5216117857184579,0.4783882142815421,0.5216117857184579,1.0,scale,0.25197624441495564,600,1100,1200,1230
2024-06-23,5.64489221572876,0.014135429575973468,1,1,0.5749107264130117,0.42508927358698834,0.5749107264130117,1.0,scale,0.25197624441495564,600,1100,1200,1230
2024-06-24,5.724685192108154,0.02057925781733183,1,0,0.4909423041022768,0.5090576958977232,0.5090576958977232,1.0,scale,0.25197624441495564,600,1100,1200,1230
2024-06-25,5.842494964599609,-0.008424171196317554,0,1,0.5173313817291858,0.4826686182708142,0.5173313817291858,1.0,scale,0.25197624441495564,600,1100,1200,1230
2024-06-26,5.793276786804199,0.08426445065271637,1,1,0.567167572783423,0.432832427216577,0.567167572783423,1.0,scale,0.25197624441495564,600,1100,1200,1230
2024-06-27,6.281444072723389,-0.01700930446135751,0,0,0.47541676374860803,0.524583236251392,0.524583236251392,1.0,scale,0.25197624441495564,600,1100,1200,1230
2024-06-28,6.174601078033447,-0.01656156651165175,0,1,0.5234770343335264,0.47652296566647356,0.5234770343335264,1.0,scale,0.25197624441495564,600,1100,1200,1230
2024-06-29,6.07234001159668,0.022434984318338458,1,1,0.5318717700430325,0.46812822995696746,0.5318717700430325,1.0,scale,0.25197624441495564,600,1100,1200,1230
2024-06-30,6.208572864532471,0.019593602953414058,1,0,0.4634196703143584,0.5365803296856416,0.5365803296856416,1.0,scale,0.25197624441495564,600,1100,1200,1230
2024-07-01,6.330221176147461,0.029161678757669396,1,0,0.4816274745306801,0.5183725254693199,0.5183725254693199,1.0,scale,0.25197624441495564,600,1100,1200,1230
2024-07-02,6.5148210525512695,-0.06838069265152891,0,0,0.4960731674554465,0.5039268325445535,0.5039268325445535,1.0,scale,0.25197624441495564,600,1100,1200,1230
2024-07-03,6.069333076477051,-0.08407335017033679,0,1,0.5842962356521451,0.41570376434785494,0.5842962356521451,1.0,scale,0.25197624441495564,600,1100,1200,1230
2024-07-04,5.559063911437988,0.019189751558602364,1,1,0.561975336661098,0.438024663338902,0.561975336661098,1.0,scale,0.25197624441495564,600,1100,1200,1230
2024-07-05,5.665740966796875,0.10161691039831955,1,1,0.5064713154572567,0.49352868454274335,0.5064713154572567,1.0,scale,0.25197624441495564,600,1100,1200,1230
2024-07-06,6.241476058959961,-0.05370735723250475,0,0,0.44572754058633995,0.5542724594136601,0.5542724594136601,1.0,scale,0.25197624441495564,600,1100,1200,1230
2024-07-07,5.906262874603272,0.006517184144360311,1,1,0.579570013565869,0.420429986434131,0.579570013565869,1.0,scale,0.25197624441495564,600,1100,1200,1230
2024-07-08,5.9447550773620605,0.02848306997923733,1,1,0.5032874185212348,0.4967125814787652,0.5032874185212348,1.0,scale,0.25197624441495564,600,1100,1200,1230
2024-07-09,6.11407995223999,-0.0024859315770242585,0,0,0.46648240533771596,0.5335175946622841,0.5335175946622841,1.0,scale,0.25197624441495564,600,1100,1200,1230
2024-07-10,6.098880767822266,-0.031807122283484035,0,1,0.5051633021688314,0.49483669783116857,0.5051633021688314,1.0,scale,0.25197624441495564,600,1100,1200,1230
2024-07-11,5.904892921447754,0.03290744798423839,1,1,0.5591745912383032,0.44082540876169685,0.5591745912383032,1.0,scale,0.25197624441495564,600,1100,1200,1230
2024-07-12,6.099207878112793,0.0237408183244332,1,0,0.4757374201203453,0.5242625798796547,0.5242625798796547,1.0,scale,0.25197624441495564,600,1100,1200,1230
2024-07-13,6.24400806427002,0.013464064745910331,1,0,0.47664756001868425,0.5233524399813158,0.5233524399813158,1.0,scale,0.25155783937889253,630,1130,1230,1260
2024-07-14,6.328077793121338,0.026940139361632198,1,1,0.5043345439398799,0.49566545606012014,0.5043345439398799,1.0,scale,0.25155783937889253,630,1130,1230,1260
2024-07-15,6.498557090759277,-0.02374897475591886,0,0,0.4767494444498187,0.5232505555501813,0.5232505555501813,1.0,scale,0.25155783937889253,630,1130,1230,1260
2024-07-16,6.3442230224609375,-0.013297456557032072,0,1,0.5514845303455648,0.44851546965443523,0.5514845303455648,1.0,scale,0.25155783937889253,630,1130,1230,1260
2024-07-17,6.259860992431641,-0.026564152018452303,0,1,0.5504056561233284,0.44959434387667163,0.5504056561233284,1.0,scale,0.25155783937889253,630,1130,1230,1260
2024-07-18,6.093573093414307,0.04144728260074282,1,1,0.5720082892747523,0.42799171072524766,0.5720082892747523,1.0,scale,0.25155783937889253,630,1130,1230,1260
2024-07-19,6.346135139465332,-0.0014189848679183603,0,0,0.4852760062383368,0.5147239937616632,0.5147239937616632,1.0,scale,0.25155783937889253,630,1130,1230,1260
2024-07-20,6.337130069732666,0.013036190949158755,1,1,0.5389996404386244,0.46100035956137564,0.5389996404386244,1.0,scale,0.25155783937889253,630,1130,1230,1260
2024-07-21,6.419742107391357,-0.04869557143838654,0,1,0.5101500425771787,0.48984995742282134,0.5101500425771787,1.0,scale,0.25155783937889253,630,1130,1230,1260
2024-07-22,6.107129096984863,-0.03082612497070092,0,0,0.4322503820603939,0.5677496179396061,0.5677496179396061,1.0,scale,0.25155783937889253,630,1130,1230,1260
2024-07-23,5.918869972229004,-0.028803643344716745,0,1,0.5971408414954003,0.40285915850459975,0.5971408414954003,1.0,scale,0.25155783937889253,630,1130,1230,1260
2024-07-24,5.748384952545166,0.0009766709688079356,1,1,0.5800535318302428,0.4199464681697572,0.5800535318302428,1.0,scale,0.25155783937889253,630,1130,1230,1260
2024-07-25,5.75399923324585,0.020163816872297513,1,1,0.5123813779128962,0.4876186220871038,0.5123813779128962,1.0,scale,0.25155783937889253,630,1130,1230,1260
2024-07-26,5.870021820068359,-0.006633373213126403,0,1,0.5153418725529142,0.4846581274470858,0.5153418725529142,1.0,scale,0.25155783937889253,630,1130,1230,1260
2024-07-27,5.83108377456665,-0.01880572611786291,0,1,0.5490518740010096,0.45094812599899037,0.5490518740010096,1.0,scale,0.25155783937889253,630,1130,1230,1260
2024-07-28,5.721426010131836,-0.01177310875344828,0,1,0.5869481005124617,0.4130518994875383,0.5869481005124617,1.0,scale,0.25155783937889253,630,1130,1230,1260
2024-07-29,5.654067039489746,-0.023327467535567137,0,1,0.5220083494005895,0.4779916505994105,0.5220083494005895,1.0,scale,0.25155783937889253,630,1130,1230,1260
2024-07-30,5.522171974182129,-0.02478042600386121,0,1,0.6120379501306418,0.3879620498693582,0.6120379501306418,1.0,scale,0.25155783937889253,630,1130,1230,1260
2024-07-31,5.3853302001953125,-0.00786976564957087,0,1,0.5857026027167056,0.4142973972832944,0.5857026027167056,1.0,scale,0.25155783937889253,630,1130,1230,1260
2024-08-01,5.342948913574219,-0.04131592963697561,0,1,0.5415025810897749,0.4584974189102251,0.5415025810897749,1.0,scale,0.25155783937889253,630,1130,1230,1260
2024-08-02,5.122200012207031,-0.015332108487481677,0,1,0.6548996104838831,0.3451003895161169,0.6548996104838831,1.0,scale,0.25155783937889253,630,1130,1230,1260
2024-08-03,5.043665885925293,-0.07134170103733128,0,1,0.6455203401525317,0.3544796598474683,0.6455203401525317,1.0,scale,0.25155783937889253,630,1130,1230,1260
2024-08-04,4.683842182159424,-0.10153359621343516,0,1,0.6705824056545264,0.3294175943454736,0.6705824056545264,1.0,scale,0.25155783937889253,630,1130,1230,1260
2024-08-05,4.208274841308594,0.07096897225641641,1,0,0.48508257193508164,0.5149174280649184,0.5149174280649184,1.0,scale,0.25155783937889253,630,1130,1230,1260
2024-08-06,4.506931781768799,0.014140705168931733,1,1,0.5493669132693033,0.4506330867306967,0.5493669132693033,1.0,scale,0.25155783937889253,630,1130,1230,1260
2024-08-07,4.570662975311279,0.06787204465135699,1,1,0.5679987710370223,0.43200122896297766,0.5679987710370223,1.0,scale,0.25155783937889253,630,1130,1230,1260
2024-08-08,4.88088321685791,-0.01909738945681072,0,0,0.4591723100577412,0.5408276899422588,0.5408276899422588,1.0,scale,0.25155783937889253,630,1130,1230,1260
2024-08-09,4.787671089172363,-0.0066000868086506514,0,1,0.5618723417369801,0.4381276582630199,0.5618723417369801,1.0,scale,0.25155783937889253,630,1130,1230,1260
2024-08-10,4.756072044372559,-0.05461437231194144,0,1,0.5437521327024418,0.4562478672975582,0.5437521327024418,1.0,scale,0.25155783937889253,630,1130,1230,1260
2024-08-11,4.496322154998779,0.020226267199930925,1,1,0.5943508832129507,0.4056491167870493,0.5943508832129507,1.0,scale,0.25155783937889253,630,1130,1230,1260
2024-08-12,4.587265968322754,-0.008236528286227895,0,1,0.5388333803330085,0.46116661966699146,0.5388333803330085,10.0,scale,0.25250133035989925,660,1160,1260,1290
2024-08-13,4.549482822418213,-0.035862230591752975,0,1,0.5264327522412277,0.47356724775877235,0.5264327522412277,10.0,scale,0.25250133035989925,660,1160,1260,1290
2024-08-14,4.386328220367432,-0.023645591918160624,0,1,0.5507088812634852,0.44929111873651484,0.5507088812634852,10.0,scale,0.25250133035989925,660,1160,1260,1290
2024-08-15,4.282610893249512,0.0029356597707721477,1,1,0.5320525271370268,0.4679474728629732,0.5320525271370268,10.0,scale,0.25250133035989925,660,1160,1260,1290
2024-08-16,4.295183181762695,0.016195119438450867,1,1,0.518774432231136,0.48122556776886405,0.518774432231136,10.0,scale,0.25250133035989925,660,1160,1260,1290
2024-08-17,4.364744186401367,0.006033081000863971,1,1,0.5171241925444878,0.4828758074555122,0.5171241925444878,10.0,scale,0.25250133035989925,660,1160,1260,1290
2024-08-18,4.391077041625977,0.021120333734545582,1,1,0.5229673966198284,0.4770326033801716,0.5229673966198284,10.0,scale,0.25250133035989925,660,1160,1260,1290
2024-08-19,4.483818054199219,0.011121795362623699,1,0,0.4683600590917223,0.5316399409082777,0.5316399409082777,10.0,scale,0.25250133035989925,660,1160,1260,1290
2024-08-20,4.53368616104126,0.03002609744033058,1,0,0.4667891642945726,0.5332108357054274,0.5332108357054274,10.0,scale,0.25250133035989925,660,1160,1260,1290
2024-08-21,4.6698150634765625,0.005112774922314323,1,0,0.45933038184002634,0.5406696181599737,0.5406696181599737,10.0,scale,0.25250133035989925,660,1160,1260,1290
2024-08-22,4.693690776824951,0.043671672635312575,1,0,0.4834330311186,0.5165669688814001,0.5165669688814001,10.0,scale,0.25250133035989925,660,1160,1260,1290
2024-08-23,4.898672103881836,0.018017941724437936,1,0,0.4634310631895183,0.5365689368104817,0.5365689368104817,10.0,scale,0.25250133035989925,660,1160,1260,1290
2024-08-24,4.986936092376709,-0.032570680516635364,0,0,0.459126308996281,0.5408736910037191,0.5408736910037191,10.0,scale,0.25250133035989925,660,1160,1260,1290
2024-08-25,4.824508190155029,-0.05430587324603642,0,0,0.49762316084276936,0.5023768391572306,0.5023768391572306,10.0,scale,0.25250133035989925,660,1160,1260,1290
2024-08-26,4.562509059906006,-0.03981187831662447,0,1,0.5034988976977289,0.49650110230227107,0.5034988976977289,10.0,scale,0.25250133035989925,660,1160,1260,1290
2024-08-27,4.380867004394531,-0.027864854086229962,0,0,0.49638369948654326,0.5036163005134567,0.5036163005134567,10.0,scale,0.25250133035989925,660,1160,1260,1290
2024-08-28,4.258794784545898,-0.0018929970194841994,0,1,0.5079590217642505,0.49204097823574955,0.5079590217642505,10.0,scale,0.25250133035989925,660,1160,1260,1290
2024-08-29,4.250732898712158,0.006528962638453928,1,0,0.49541747017613097,0.5045825298238691,0.5045825298238691,10.0,scale,0.25250133035989925,660,1160,1260,1290
2024-08-30,4.2784857749938965,-0.0046749923517450664,0,0,0.46075992107201746,0.5392400789279825,0.5392400789279825,10.0,scale,0.25250133035989925,660,1160,1260,1290
2024-08-31,4.25848388671875,-0.04340886166888824,0,0,0.4946495992338553,0.5053504007661447,0.5053504007661447,10.0,scale,0.25250133035989925,660,1160,1260,1290
2024-09-01,4.073627948760986,0.03313536658068217,1,0,0.44717057964435913,0.5528294203556409,0.5528294203556409,10.0,scale,0.25250133035989925,660,1160,1260,1290
2024-09-02,4.208609104156494,-0.03461928171389084,0,0,0.4492306989670207,0.5507693010329793,0.5507693010329793,10.0,scale,0.25250133035989925,660,1160,1260,1290
2024-09-03,4.062910079956055,0.01157837414060614,1,0,0.4829355220078894,0.5170644779921105,0.5170644779921105,10.0,scale,0.25250133035989925,660,1160,1260,1290
2024-09-04,4.109951972961426,-0.02284552360696368,0,0,0.491046494316988,0.508953505683012,0.508953505683012,10.0,scale,0.25250133035989925,660,1160,1260,1290
2024-09-05,4.016057968139648,-0.0140901802883876,0,1,0.5352957675802504,0.46470423241974956,0.5352957675802504,10.0,scale,0.25250133035989925,660,1160,1260,1290
2024-09-06,3.9594709873199454,0.029590313854361838,1,0,0.4936979267875574,0.5063020732124426,0.5063020732124426,10.0,scale,0.25250133035989925,660,1160,1260,1290
2024-09-07,4.076632976531982,0.021457147639478702,1,1,0.5094872694327944,0.49051273056720557,0.5094872694327944,10.0,scale,0.25250133035989925,660,1160,1260,1290
2024-09-08,4.1641058921813965,0.029258666472455452,1,0,0.4957626840740436,0.5042373159259563,0.5042373159259563,10.0,scale,0.25250133035989925,660,1160,1260,1290
2024-09-09,4.285942077636719,-0.006928695526793094,0,0,0.4687757671135903,0.5312242328864096,0.5312242328864096,10.0,scale,0.25250133035989925,660,1160,1260,1290
2024-09-10,4.256246089935303,-0.015176347286773084,0,0,0.4748144061824109,0.5251855938175891,0.5251855938175891,10.0,scale,0.25250133035989925,660,1160,1260,1290
2024-09-11,4.191651821136475,0.02411196775257385,1,0,0.46620828474313997,0.5337917152568601,0.5337917152568601,0.1,scale,0.2530931395536779,690,1190,1290,1320
2024-09-12,4.292720794677734,0.030936114549666716,1,0,0.4540375163472143,0.5459624836527857,0.5459624836527857,0.1,scale,0.2530931395536779,690,1190,1290,1320
2024-09-13,4.425520896911621,0.0030796283586125295,1,0,0.4434675832281655,0.5565324167718345,0.5565324167718345,0.1,scale,0.2530931395536779,690,1190,1290,1320
2024-09-14,4.439149856567383,-0.008398237856692026,0,0,0.4630345983038881,0.5369654016961118,0.5369654016961118,0.1,scale,0.2530931395536779,690,1190,1290,1320
2024-09-15,4.40186882019043,-0.04620691926284537,0,0,0.46346777329444644,0.5365322267055536,0.5365322267055536,0.1,scale,0.2530931395536779,690,1190,1290,1320
2024-09-16,4.198472023010254,-0.01001483957562399,0,0,0.49563538032831383,0.5043646196716862,0.5043646196716862,0.1,scale,0.2530931395536779,690,1190,1290,1320
2024-09-17,4.1564249992370605,0.0030338472728357324,1,0,0.4808901865858107,0.5191098134141894,0.5191098134141894,0.1,scale,0.2530931395536779,690,1190,1290,1320
2024-09-18,4.169034957885742,0.02068110853129901,1,0,0.47010020273752706,0.5298997972624729,0.5298997972624729,0.1,scale,0.2530931395536779,690,1190,1290,1320
2024-09-19,4.255255222320557,0.019294442115497024,1,0,0.45492668299826566,0.5450733170017343,0.5450733170017343,0.1,scale,0.2530931395536779,690,1190,1290,1320
2024-09-20,4.337357997894287,0.029665024534143658,1,0,0.4542057340750637,0.5457942659249363,0.5457942659249363,0.1,scale,0.2530931395536779,690,1190,1290,1320
2024-09-21,4.4660258293151855,-0.03403269401293085,0,0,0.44907557399731973,0.5509244260026802,0.5509244260026802,0.1,scale,0.2530931395536779,690,1190,1290,1320
2024-09-22,4.314034938812256,0.03278488661724355,1,0,0.4780776813226372,0.5219223186773627,0.5219223186773627,0.1,scale,0.2530931395536779,690,1190,1290,1320
2024-09-23,4.455470085144043,0.041595826450871565,1,0,0.43975783463847656,0.5602421653615235,0.5602421653615235,0.1,scale,0.2530931395536779,690,1190,1290,1320
2024-09-24,4.640799045562744,-0.0011424654052042404,0,0,0.437819748001474,0.562180251998526,0.562180251998526,0.1,scale,0.2530931395536779,690,1190,1290,1320
2024-09-25,4.635497093200684,0.039000582429874475,1,0,0.4607906661148236,0.5392093338851764,0.5392093338851764,0.1,scale,0.2530931395536779,690,1190,1290,1320
2024-09-26,4.8162841796875,0.015732222627043546,1,0,0.4425139318926084,0.5574860681073917,0.5574860681073917,0.1,scale,0.2530931395536779,690,1190,1290,1320
2024-09-27,4.892055034637451,-0.017612072772797305,0,0,0.4528357320486381,0.547164267951362,0.547164267951362,0.1,scale,0.2530931395536779,690,1190,1290,1320
2024-09-28,4.805895805358887,-0.007796248204380407,0,0,0.47144250267451965,0.5285574973254803,0.5285574973254803,0.1,scale,0.2530931395536779,690,1190,1290,1320
2024-09-29,4.768427848815918,-0.06948658005835529,0,0,0.4713045306970044,0.5286954693029956,0.5286954693029956,0.1,scale,0.2530931395536779,690,1190,1290,1320
2024-09-30,4.43708610534668,-0.06267154305679679,0,1,0.5010136992716485,0.4989863007283515,0.5010136992716485,0.1,scale,0.2530931395536779,690,1190,1290,1320
2024-10-01,4.1590070724487305,-0.01327219341280228,0,0,0.4919666460069544,0.5080333539930456,0.5080333539930456,0.1,scale,0.2530931395536779,690,1190,1290,1320
2024-10-02,4.1038079261779785,0.005677462893791008,1,0,0.4945021366192218,0.5054978633807782,0.5054978633807782,0.1,scale,0.2530931395536779,690,1190,1290,1320
2024-10-03,4.1271071434021,0.016115337293740373,1,0,0.4744020748791172,0.5255979251208829,0.5255979251208829,0.1,scale,0.2530931395536779,690,1190,1290,1320
2024-10-04,4.19361686706543,-0.013448968759650737,0,0,0.45893824216975293,0.541061757830247,0.541061757830247,0.1,scale,0.2530931395536779,690,1190,1290,1320
2024-10-05,4.137217044830322,0.012410254838052692,1,0,0.4756688372159793,0.5243311627840207,0.5243311627840207,0.1,scale,0.2530931395536779,690,1190,1290,1320
2024-10-06,4.188560962677002,-0.012773152790928166,0,0,0.44821265795394405,0.551787342046056,0.551787342046056,0.1,scale,0.2530931395536779,690,1190,1290,1320
2024-10-07,4.135059833526611,-0.008980668367265188,0,0,0.45548212480660033,0.5445178751933997,0.5445178751933997,0.1,scale,0.2530931395536779,690,1190,1290,1320
2024-10-08,4.09792423248291,-0.018104787426532765,0,0,0.47586697083626206,0.5241330291637379,0.5241330291637379,0.1,scale,0.2530931395536779,690,1190,1290,1320
2024-10-09,4.0237321853637695,0.010537925653484548,1,0,0.48572960737572485,0.5142703926242751,0.5142703926242751,0.1,scale,0.2530931395536779,690,1190,1290,1320
2024-10-10,4.066133975982666,0.02499454399463552,1,0,0.475188790114839,0.524811209885161,0.524811209885161,0.1,scale,0.2530931395536779,690,1190,1290,1320
2024-10-11,4.167765140533447,0.00959048157431952,1,0,0.47811340511271155,0.5218865948872884,0.5218865948872884,10.0,scale,0.25360293471237966,720,1220,1320,1350
2024-10-12,4.207736015319824,-0.011985591542952867,0,0,0.48357409990285916,0.5164259000971408,0.5164259000971408,10.0,scale,0.25360293471237966,720,1220,1320,1350
2024-10-13,4.157303810119629,0.05189575085066256,1,0,0.4781434352335968,0.5218565647664032,0.5218565647664032,10.0,scale,0.25360293471237966,720,1220,1320,1350
2024-10-14,4.373050212860107,0.006882819458963407,1,0,0.43671482499298214,0.5632851750070178,0.5632851750070178,10.0,scale,0.25360293471237966,720,1220,1320,1350
2024-10-15,4.403149127960205,-0.019630124214959133,0,0,0.4465270166885951,0.5534729833114049,0.5534729833114049,10.0,scale,0.25360293471237966,720,1220,1320,1350
2024-10-16,4.316714763641357,-0.029592147496351084,0,0,0.4739094037186474,0.5260905962813526,0.5260905962813526,10.0,scale,0.25360293471237966,720,1220,1320,1350
2024-10-17,4.188973903656006,0.028022354228811608,1,0,0.4727108186167291,0.527289181383271,0.527289181383271,10.0,scale,0.25360293471237966,720,1220,1320,1350
2024-10-18,4.306358814239502,0.029617912081256303,1,0,0.4327331417487427,0.5672668582512572,0.5672668582512572,10.0,scale,0.25360293471237966,720,1220,1320,1350
2024-10-19,4.43390417098999,0.03108294812181356,1,0,0.4298471108419686,0.5701528891580314,0.5701528891580314,10.0,scale,0.25360293471237966,720,1220,1320,1350
2024-10-20,4.571722984313965,-0.04258657903679319,0,0,0.44302626328843453,0.5569737367115655,0.5569737367115655,10.0,scale,0.25360293471237966,720,1220,1320,1350
2024-10-21,4.377028942108154,-0.01270108434253392,0,0,0.4629012439000546,0.5370987560999454,0.5370987560999454,10.0,scale,0.25360293471237966,720,1220,1320,1350
2024-10-22,4.321435928344727,-0.029351381507602414,0,0,0.44294812220372654,0.5570518777962734,0.5570518777962734,10.0,scale,0.25360293471237966,720,1220,1320,1350
2024-10-23,4.194595813751221,0.002404081982969819,1,0,0.470347960080782,0.5296520399192179,0.5296520399192179,10.0,scale,0.25360293471237966,720,1220,1320,1350
2024-10-24,4.2046799659729,-0.051639100810594196,0,0,0.45955884290262705,0.540441157097373,0.540441157097373,10.0,scale,0.25360293471237966,720,1220,1320,1350
2024-10-25,3.98755407333374,0.010596941802261117,1,0,0.4789150092615716,0.5210849907384284,0.5210849907384284,10.0,scale,0.25360293471237966,720,1220,1320,1350
2024-10-26,4.029809951782227,0.02361177045798879,1,0,0.4455477057157702,0.5544522942842298,0.5544522942842298,10.0,scale,0.25360293471237966,720,1220,1320,1350
2024-10-27,4.124960899353027,0.0012329680822409372,1,0,0.41213380356633594,0.587866196433664,0.587866196433664,10.0,scale,0.25360293471237966,720,1220,1320,1350
2024-10-28,4.130046844482422,0.014453659343085068,1,0,0.4701282985890368,0.5298717014109632,0.5298717014109632,10.0,scale,0.25360293471237966,720,1220,1320,1350
2024-10-29,4.189741134643555,0.00044511344873132686,1,0,0.42984890297072603,0.570151097029274,0.570151097029274,10.0,scale,0.25360293471237966,720,1220,1320,1350
2024-10-30,4.191606044769287,-0.056101888018055934,0,0,0.433942946121575,0.566057053878425,0.566057053878425,10.0,scale,0.25360293471237966,720,1220,1320,1350
2024-10-31,3.956449031829834,-0.012546589090996707,0,0,0.4666710151435101,0.5333289848564899,0.5333289848564899,10.0,scale,0.25360293471237966,720,1220,1320,1350
2024-11-01,3.906809091567993,-0.00135741069774864,0,1,0.5061265509359444,0.4938734490640556,0.5061265509359444,10.0,scale,0.25360293471237966,720,1220,1320,1350
2024-11-02,3.901505947113037,-0.028941887553622037,0,1,0.5099777660256861,0.4900222339743139,0.5099777660256861,10.0,scale,0.25360293471237966,720,1220,1320,1350
2024-11-03,3.788589000701904,-0.01093332907082678,0,0,0.4991539176866742,0.5008460823133258,0.5008460823133258,10.0,scale,0.25360293471237966,720,1220,1320,1350
2024-11-04,3.7471671104431152,0.029528163505476046,1,1,0.522187649325553,0.47781235067444705,0.522187649325553,10.0,scale,0.25360293471237966,720,1220,1320,1350
2024-11-05,3.857814073562622,0.06736329283174025,1,1,0.5245409283489448,0.47545907165105517,0.5245409283489448,10.0,scale,0.25360293471237966,720,1220,1320,1350
2024-11-06,4.11768913269043,0.01103721648744349,1,0,0.495568669106986,0.504431330893014,0.504431330893014,10.0,scale,0.25360293471237966,720,1220,1320,1350
2024-11-07,4.163136959075928,0.040420441312416955,1,1,0.5369809262684815,0.4630190737315185,0.5369809262684815,10.0,scale,0.25360293471237966,720,1220,1320,1350
2024-11-08,4.3314127922058105,0.06954454666861754,1,1,0.5086868490303663,0.4913131509696337,0.5086868490303663,10.0,scale,0.25360293471237966,720,1220,1320,1350
2024-11-09,4.632638931274414,0.13372377397083457,1,1,0.5191783684431444,0.48082163155685564,0.5191783684431444,10.0,scale,0.25360293471237966,720,1220,1320,1350
2024-11-10,5.252132892608643,0.08731046951565125,1,0,0.4680033661262253,0.5319966338737747,0.5319966338737747,1.0,0.01,0.2537414495363781,750,1250,1350,1380
2024-11-11,5.710699081420898,-0.06591245439706939,0,0,0.48972932704320205,0.510270672956798,0.510270672956798,1.0,0.01,0.2537414495363781,750,1250,1350,1380
2024-11-12,5.334292888641357,-0.04831657745903373,0,1,0.5734731888193989,0.4265268111806011,0.5734731888193989,1.0,0.01,0.2537414495363781,750,1250,1350,1380
2024-11-13,5.0765581130981445,-0.06059364771694686,0,1,0.5896928408217249,0.4103071591782751,0.5896928408217249,1.0,0.01,0.2537414495363781,750,1250,1350,1380
2024-11-14,4.768950939178467,0.07797482605863393,1,1,0.6065853783848981,0.3934146216151019,0.6065853783848981,1.0,0.01,0.2537414495363781,750,1250,1350,1380
2024-11-15,5.140809059143066,0.12061274505711772,1,1,0.5233889587751123,0.47661104122488773,0.5233889587751123,1.0,0.01,0.2537414495363781,750,1250,1350,1380
2024-11-16,5.7608561515808105,-0.059856021545863336,0,0,0.4792847663711842,0.5207152336288158,0.5207152336288158,1.0,0.01,0.2537414495363781,750,1250,1350,1380
2024-11-17,5.41603422164917,0.10900590557680245,1,1,0.5768556979813261,0.4231443020186739,0.5768556979813261,1.0,0.01,0.2537414495363781,750,1250,1350,1380
2024-11-18,6.00641393661499,-0.0334703755361766,0,0,0.47567215823314407,0.524327841766856,0.524327841766856,1.0,0.01,0.2537414495363781,750,1250,1350,1380
2024-11-19,5.805377006530762,-0.015241945671527923,0,1,0.5567612909152317,0.44323870908476826,0.5567612909152317,1.0,0.01,0.2537414495363781,750,1250,1350,1380
2024-11-20,5.716891765594482,0.03864255728347299,1,1,0.5540559210431598,0.4459440789568402,0.5540559210431598,1.0,0.01,0.2537414495363781,750,1250,1350,1380
2024-11-21,5.937807083129883,0.12206793439766717,1,1,0.5294374022432565,0.4705625977567435,0.5294374022432565,1.0,0.01,0.2537414495363781,750,1250,1350,1380
2024-11-22,6.662622928619385,0.2770197071640481,1,0,0.4688869734090028,0.5311130265909971,0.5311130265909971,1.0,0.01,0.2537414495363781,750,1250,1350,1380
2024-11-23,8.50830078125,0.035874843077474905,1,0,0.4522861951536971,0.5477138048463028,0.5477138048463028,1.0,0.01,0.2537414495363781,750,1250,1350,1380
2024-11-24,8.8135347366333,-0.0645725914421661,0,0,0.4680530099262055,0.5319469900737945,0.5319469900737945,1.0,0.01,0.2537414495363781,750,1250,1350,1380
2024-11-25,8.24442195892334,-0.020170498153651906,0,1,0.5042337567914752,0.4957662432085248,0.5042337567914752,1.0,0.01,0.2537414495363781,750,1250,1350,1380
2024-11-26,8.07812786102295,0.047854496961288406,1,1,0.5110799213208879,0.48892007867911214,0.5110799213208879,1.0,0.01,0.2537414495363781,750,1250,1350,1380
2024-11-27,8.464702606201172,0.018482666064585818,1,0,0.48463454833692554,0.5153654516630745,0.5153654516630745,1.0,0.01,0.2537414495363781,750,1250,1350,1380
2024-11-28,8.621152877807617,0.04843862798113374,1,1,0.5002989283673855,0.49970107163261446,0.5002989283673855,1.0,0.01,0.2537414495363781,750,1250,1350,1380
2024-11-29,9.03874969482422,-0.007908362010826342,0,0,0.488200171077542,0.511799828922458,0.511799828922458,1.0,0.01,0.2537414495363781,750,1250,1350,1380
2024-11-30,8.967267990112305,0.03797003508080854,1,1,0.5398738699724895,0.46012613002751046,0.5398738699724895,1.0,0.01,0.2537414495363781,750,1250,1350,1380
2024-12-01,9.30775547027588,0.07292296049678404,1,0,0.386306840624612,0.613693159375388,0.613693159375388,1.0,0.01,0.2537414495363781,750,1250,1350,1380
2024-12-02,9.986504554748535,-0.015701884972977864,0,0,0.3822686887958457,0.6177313112041543,0.6177313112041543,1.0,0.01,0.2537414495363781,750,1250,1350,1380
2024-12-03,9.829697608947754,0.07110486519840298,1,0,0.4195035832200072,0.5804964167799929,0.5804964167799929,1.0,0.01,0.2537414495363781,750,1250,1350,1380
2024-12-04,10.528636932373049,-0.0003810662172979429,0,0,0.37962194578673825,0.6203780542132618,0.6203780542132618,1.0,0.01,0.2537414495363781,750,1250,1350,1380
2024-12-05,10.524624824523926,0.017173636258277503,1,0,0.41079031864450444,0.5892096813554956,0.5892096813554956,1.0,0.01,0.2537414495363781,750,1250,1350,1380
2024-12-06,10.705370903015137,-0.007114671688613239,0,0,0.40275034299647766,0.5972496570035224,0.5972496570035224,1.0,0.01,0.2537414495363781,750,1250,1350,1380
2024-12-07,10.629205703735352,-0.0203499519538326,0,0,0.4258646824833991,0.5741353175166009,0.5741353175166009,1.0,0.01,0.2537414495363781,750,1250,1350,1380
2024-12-08,10.412901878356934,-0.18241388939490066,0,0,0.4361241265750696,0.5638758734249304,0.5638758734249304,1.0,0.01,0.2537414495363781,750,1250,1350,1380
2024-12-09,8.513443946838379,-0.013721305707308118,0,1,0.5034740245499443,0.4965259754500557,0.5034740245499443,1.0,0.01,0.2537414495363781,750,1250,1350,1380
2024-12-10,8.396628379821777,0.07267110931758447,1,0,0.44291532599874384,0.5570846740012562,0.5570846740012562,1.0,0.01,0.2504958787149825,780,1280,1380,1410
2024-12-11,9.006820678710938,0.006365402501562922,1,0,0.3780713516007167,0.6219286483992833,0.6219286483992833,1.0,0.01,0.2504958787149825,780,1280,1380,1410
2024-12-12,9.064152717590332,0.0028949588156204076,1,0,0.38972915280230613,0.6102708471976939,0.6102708471976939,1.0,0.01,0.2504958787149825,780,1280,1380,1410
2024-12-13,9.09039306640625,-0.0592913236804824,0,0,0.3910916870649683,0.6089083129350317,0.6089083129350317,1.0,0.01,0.2504958787149825,780,1280,1380,1410
2024-12-14,8.551411628723145,0.055887687978047884,1,0,0.4380380435238125,0.5619619564761875,0.5619619564761875,1.0,0.01,0.2504958787149825,780,1280,1380,1410
2024-12-15,9.029330253601074,-0.03078410200995174,0,0,0.3612040671176798,0.6387959328823203,0.6387959328823203,1.0,0.01,0.2504958787149825,780,1280,1380,1410
2024-12-16,8.751370429992676,-0.03135800373062558,0,0,0.43279220740962887,0.5672077925903711,0.5672077925903711,1.0,0.01,0.2504958787149825,780,1280,1380,1410
2024-12-17,8.476944923400879,-0.09292534887752701,0,0,0.4427638950126581,0.5572361049873419,0.5572361049873419,1.0,0.01,0.2504958787149825,780,1280,1380,1410
2024-12-18,7.689221858978271,-0.09414449826476323,0,0,0.49413447996828586,0.5058655200317141,0.5058655200317141,1.0,0.01,0.2504958787149825,780,1280,1380,1410
2024-12-19,6.965323925018311,0.04706044076599003,1,1,0.5068218064922014,0.49317819350779857,0.5068218064922014,1.0,0.01,0.2504958787149825,780,1280,1380,1410
2024-12-20,7.293115139007568,-0.04417882425307318,0,0,0.4402201217841403,0.5597798782158597,0.5597798782158597,1.0,0.01,0.2504958787149825,780,1280,1380,1410
2024-12-21,6.970913887023926,-0.020200059292433625,0,0,0.4869356855939857,0.5130643144060143,0.5130643144060143,1.0,0.01,0.2504958787149825,780,1280,1380,1410
2024-12-22,6.830101013183594,0.07870789513367993,1,0,0.47618642795222915,0.5238135720477708,0.5238135720477708,1.0,0.01,0.2504958787149825,780,1280,1380,1410
2024-12-23,7.3676838874816895,0.025536281984910758,1,0,0.405794198002736,0.594205801997264,0.594205801997264,1.0,0.01,0.2504958787149825,780,1280,1380,1410
2024-12-24,7.5558271408081055,-0.008336258413787268,0,0,0.41620624651720484,0.5837937534827952,0.5837937534827952,1.0,0.01,0.2504958787149825,780,1280,1380,1410
2024-12-25,7.492839813232422,-0.07538191062736388,0,0,0.44230772654093614,0.5576922734590639,0.5576922734590639,1.0,0.01,0.2504958787149825,780,1280,1380,1410
2024-12-26,6.928015232086182,-0.004389741663988755,0,1,0.5021951837189013,0.49780481628109874,0.5021951837189013,1.0,0.01,0.2504958787149825,780,1280,1380,1410
2024-12-27,6.8976030349731445,0.02993303571119954,1,0,0.47309766294419203,0.5269023370558079,0.5269023370558079,1.0,0.01,0.2504958787149825,780,1280,1380,1410
2024-12-28,7.104069232940674,-0.03404841877063536,0,0,0.4489799587724857,0.5510200412275144,0.5510200412275144,1.0,0.01,0.2504958787149825,780,1280,1380,1410
2024-12-29,6.862186908721924,-0.02412040984642594,0,0,0.4869221454147832,0.5130778545852168,0.5130778545852168,1.0,0.01,0.2504958787149825,780,1280,1380,1410
2024-12-30,6.696668148040772,-0.009218928802769089,0,0,0.48003108805417316,0.5199689119458268,0.5199689119458268,1.0,0.01,0.2504958787149825,780,1280,1380,1410
2024-12-31,6.634932041168213,0.059294499441983506,1,0,0.48975004209485873,0.5102499579051413,0.5102499579051413,1.0,0.01,0.2504958787149825,780,1280,1380,1410
2025-01-01,7.028347015380859,0.0200065646678127,1,0,0.39872069971521695,0.601279300284783,0.601279300284783,1.0,0.01,0.2504958787149825,780,1280,1380,1410
2025-01-02,7.168960094451904,0.08069441285946977,1,0,0.41195266223256205,0.588047337767438,0.588047337767438,1.0,0.01,0.2504958787149825,780,1280,1380,1410
2025-01-03,7.74745512008667,-0.008141145355025192,0,0,0.36425352285298973,0.6357464771470103,0.6357464771470103,1.0,0.01,0.2504958787149825,780,1280,1380,1410
2025-01-04,7.68438196182251,-0.0006854348567887358,0,0,0.4112502459385676,0.5887497540614324,0.5887497540614324,1.0,0.01,0.2504958787149825,780,1280,1380,1410
2025-01-05,7.679114818572998,0.011402503099954053,1,0,0.4100083044338758,0.5899916955661242,0.5899916955661242,1.0,0.01,0.2504958787149825,780,1280,1380,1410
2025-01-06,7.76667594909668,-0.09675255864783061,0,0,0.39966080894064443,0.6003391910593556,0.6003391910593556,1.0,0.01,0.2504958787149825,780,1280,1380,1410
2025-01-07,7.015230178833008,-0.036206080422490405,0,0,0.4720694023578035,0.5279305976421965,0.5279305976421965,1.0,0.01,0.2504958787149825,780,1280,1380,1410
2025-01-08,6.761236190795898,-0.030151897055857302,0,0,0.4666391566377683,0.5333608433622317,0.5333608433622317,1.0,0.01,0.2504958787149825,780,1280,1380,1410
2025-01-09,6.557372093200684,0.027250966164007906,1,0,0.4713952371298261,0.5286047628701739,0.5286047628701739,1.0,0.01,0.24943017498126177,810,1310,1410,1440
2025-01-10,6.736066818237305,5.967484219082664e-05,1,0,0.4494580257378255,0.5505419742621744,0.5505419742621744,1.0,0.01,0.24943017498126177,810,1310,1410,1440
2025-01-11,6.73646879196167,-0.015992752806089805,0,0,0.45732045738656646,0.5426795426134335,0.5426795426134335,1.0,0.01,0.24943017498126177,810,1310,1410,1440
2025-01-12,6.628734111785889,-0.03503609656048434,0,0,0.45750316237043864,0.5424968376295614,0.5424968376295614,1.0,0.01,0.24943017498126177,810,1310,1410,1440
2025-01-13,6.396489143371582,0.04190575657073259,1,0,0.44486214451955136,0.5551378554804487,0.5551378554804487,1.0,0.01,0.24943017498126177,810,1310,1410,1440
2025-01-14,6.664538860321045,0.07509134406621487,1,0,0.4444259997524884,0.5555740002475116,0.5555740002475116,1.0,0.01,0.24943017498126177,810,1310,1410,1440
2025-01-15,7.164988040924072,-0.002060751883942502,0,0,0.41595612401219095,0.584043875987809,0.584043875987809,1.0,0.01,0.24943017498126177,810,1310,1410,1440
2025-01-16,7.1502227783203125,0.05066560391978614,1,0,0.44235968918728413,0.5576403108127159,0.5576403108127159,1.0,0.01,0.24943017498126177,810,1310,1410,1440
2025-01-17,7.512493133544922,-0.06244811118361093,0,0,0.4249647809733251,0.575035219026675,0.575035219026675,1.0,0.01,0.24943017498126177,810,1310,1410,1440
2025-01-18,7.043352127075195,-0.11517868144158339,0,0,0.45977587100204576,0.5402241289979542,0.5402241289979542,1.0,0.01,0.24943017498126177,810,1310,1410,1440
2025-01-19,6.232108116149902,0.02291517817041866,1,0,0.47200521011107077,0.5279947898889292,0.5279947898889292,1.0,0.01,0.24943017498126177,810,1310,1410,1440
2025-01-20,6.374917984008789,0.039684282616754496,1,0,0.4467569634888134,0.5532430365111867,0.5532430365111867,1.0,0.01,0.24943017498126177,810,1310,1410,1440
2025-01-21,6.627902030944824,-0.028272156312811547,0,0,0.4403934036954643,0.5596065963045357,0.5596065963045357,1.0,0.01,0.24943017498126177,810,1310,1410,1440
2025-01-22,6.440516948699951,-0.013426997167266697,0,0,0.4587739140975323,0.5412260859024677,0.5412260859024677,1.0,0.01,0.24943017498126177,810,1310,1410,1440
2025-01-23,6.354040145874023,-0.006096482894156652,0,0,0.4493581228455707,0.5506418771544292,0.5506418771544292,1.0,0.01,0.24943017498126177,810,1310,1410,1440
2025-01-24,6.315302848815918,0.001130612383580587,1,0,0.45284206217462164,0.5471579378253784,0.5471579378253784,1.0,0.01,0.24943017498126177,810,1310,1410,1440
2025-01-25,6.322443008422852,-0.0218594380744912,0,0,0.4506588001912432,0.5493411998087567,0.5493411998087567,1.0,0.01,0.24943017498126177,810,1310,1410,1440
2025-01-26,6.184237957000732,-0.03898988433211481,0,0,0.4620185267942353,0.5379814732057647,0.5379814732057647,1.0,0.01,0.24943017498126177,810,1310,1410,1440
2025-01-27,5.943115234375,-0.04837873695723616,0,0,0.44889126005670593,0.5511087399432941,0.5511087399432941,1.0,0.01,0.24943017498126177,810,1310,1410,1440
2025-01-28,5.655594825744629,0.019084633024081032,1,0,0.48474811220331937,0.5152518877966806,0.5152518877966806,1.0,0.01,0.24943017498126177,810,1310,1410,1440
2025-01-29,5.763529777526856,0.06303988798542015,1,0,0.4592570147051071,0.5407429852948928,0.5407429852948928,1.0,0.01,0.24943017498126177,810,1310,1410,1440
2025-01-30,6.126862049102783,0.03125692419799542,1,0,0.4358058012477246,0.5641941987522754,0.5641941987522754,1.0,0.01,0.24943017498126177,810,1310,1410,1440
2025-01-31,6.318368911743164,-0.06278313854940687,0,0,0.4337330188615392,0.5662669811384609,0.5662669811384609,1.0,0.01,0.24943017498126177,810,1310,1410,1440
2025-02-01,5.921681880950928,-0.13060814014901923,0,0,0.47153113392339535,0.5284688660766046,0.5284688660766046,1.0,0.01,0.24943017498126177,810,1310,1410,1440
2025-02-02,5.148262023925781,0.00730501798329275,1,0,0.4767382832216197,0.5232617167783803,0.5232617167783803,1.0,0.01,0.24943017498126177,810,1310,1410,1440
2025-02-03,5.185870170593262,-0.08400791940974428,0,0,0.4514321244420132,0.5485678755579868,0.5485678755579868,1.0,0.01,0.24943017498126177,810,1310,1410,1440
2025-02-04,4.750216007232666,-0.012121151283511988,0,0,0.49699221975875174,0.5030077802412483,0.5030077802412483,1.0,0.01,0.24943017498126177,810,1310,1410,1440
2025-02-05,4.692637920379639,-0.04259247498393226,0,0,0.4788823384477293,0.5211176615522707,0.5211176615522707,1.0,0.01,0.24943017498126177,810,1310,1410,1440
2025-02-06,4.492766857147217,0.021687293004734043,1,0,0.4850492825396983,0.5149507174603016,0.5149507174603016,1.0,0.01,0.24943017498126177,810,1310,1410,1440
2025-02-07,4.590202808380127,0.033773226475281026,1,0,0.4580623227555322,0.5419376772444677,0.5419376772444677,1.0,0.01,0.24943017498126177,810,1310,1410,1440
2025-02-08,4.74522876739502,0.0056963466488251235,1,0,0.46420843741844087,0.5357915625815591,0.5357915625815591,1.0,0.01,0.24677226627903598,840,1340,1440,1470
2025-02-09,4.77225923538208,0.014421841872321428,1,0,0.46520951126620325,0.5347904887337968,0.5347904887337968,1.0,0.01,0.24677226627903598,840,1340,1440,1470
2025-02-10,4.841084003448486,-0.0067422875316585085,0,0,0.4629783815024761,0.5370216184975238,0.5370216184975238,1.0,0.01,0.24677226627903598,840,1340,1440,1470
2025-02-11,4.808444023132324,0.08740516447875346,1,0,0.46773866738022324,0.5322613326197767,0.5322613326197767,1.0,0.01,0.24677226627903598,840,1340,1440,1470
2025-02-12,5.228726863861084,-0.018454352244119843,0,0,0.4425175513415802,0.5574824486584198,0.5574824486584198,1.0,0.01,0.24677226627903598,840,1340,1440,1470
2025-02-13,5.1322340965271,0.010719520211463829,1,0,0.46813415344640524,0.5318658465535948,0.5318658465535948,1.0,0.01,0.24677226627903598,840,1340,1440,1470
2025-02-14,5.187249183654785,-0.031472958004127416,0,0,0.4602218136145513,0.5397781863854487,0.5397781863854487,1.0,0.01,0.24677226627903598,840,1340,1440,1470
2025-02-15,5.023991107940674,-0.028500277095650395,0,0,0.4736560859720461,0.5263439140279539,0.5263439140279539,1.0,0.01,0.24677226627903598,840,1340,1440,1470
2025-02-16,4.880805969238281,0.0015503441257891382,1,0,0.47509988191858,0.52490011808142,0.52490011808142,1.0,0.01,0.24677226627903598,840,1340,1440,1470
2025-02-17,4.888372898101807,-0.026619686312296165,0,0,0.4643429829005721,0.5356570170994279,0.5356570170994279,1.0,0.01,0.24677226627903598,840,1340,1440,1470
2025-02-18,4.758245944976807,0.026081283605736694,1,0,0.4749794515145668,0.5250205484854332,0.5250205484854332,1.0,0.01,0.24677226627903598,840,1340,1440,1470
2025-02-19,4.882347106933594,0.03385439862236872,1,0,0.4689119542727178,0.5310880457272822,0.5310880457272822,1.0,0.01,0.24677226627903598,840,1340,1440,1470
2025-02-20,5.047636032104492,0.0017224244874669559,1,0,0.4603840942414049,0.5396159057585951,0.5396159057585951,1.0,0.01,0.24677226627903598,840,1340,1440,1470
2025-02-21,5.05633020401001,-0.002305285426776771,0,0,0.46243648151450617,0.5375635184854939,0.5375635184854939,1.0,0.01,0.24677226627903598,840,1340,1440,1470
2025-02-22,5.044673919677734,-0.016937462143582493,0,0,0.4711299830724545,0.5288700169275455,0.5288700169275455,1.0,0.01,0.24677226627903598,840,1340,1440,1470
2025-02-23,4.959229946136475,-0.11001283718030486,0,0,0.4755524511788442,0.5244475488211557,0.5244475488211557,1.0,0.01,0.24677226627903598,840,1340,1440,1470
2025-02-24,4.413650989532471,0.04990559195738764,1,0,0.4799165676634823,0.5200834323365178,0.5200834323365178,1.0,0.01,0.24677226627903598,840,1340,1440,1470
2025-02-25,4.633916854858398,0.022959905034231287,1,0,0.45272471375847956,0.5472752862415204,0.5472752862415204,1.0,0.01,0.24677226627903598,840,1340,1440,1470
2025-02-26,4.740311145782471,0.039186199025404767,1,0,0.461478355656559,0.5385216443434411,0.5385216443434411,1.0,0.01,0.24677226627903598,840,1340,1440,1470
2025-02-27,4.926065921783447,-0.04325888958831381,0,0,0.4506764963330711,0.5493235036669288,0.5493235036669288,1.0,0.01,0.24677226627903598,840,1340,1440,1470
2025-02-28,4.712969779968262,-0.010708720338120536,0,0,0.46811442878868736,0.5318855712113126,0.5318855712113126,1.0,0.01,0.24677226627903598,840,1340,1440,1470
2025-03-01,4.662499904632568,0.11456988367013965,1,0,0.47516567249429187,0.5248343275057081,0.5248343275057081,1.0,0.01,0.24677226627903598,840,1340,1440,1470
2025-03-02,5.196681976318359,-0.1390977912747683,0,0,0.4337384866291002,0.5662615133708998,0.5662615133708998,1.0,0.01,0.24677226627903598,840,1340,1440,1470
2025-03-03,4.473834991455078,-0.03251948986561093,0,0,0.4923284693789002,0.5076715306210998,0.5076715306210998,1.0,0.01,0.24677226627903598,840,1340,1440,1470
2025-03-04,4.328348159790039,0.04654472897160833,1,0,0.47483119418917585,0.5251688058108241,0.5251688058108241,1.0,0.01,0.24677226627903598,840,1340,1440,1470
2025-03-05,4.529809951782227,-0.02110687705927561,0,0,0.4578480646941888,0.5421519353058112,0.5421519353058112,1.0,0.01,0.24677226627903598,840,1340,1440,1470
2025-03-06,4.434199810028076,-0.006960175352888176,0,0,0.46820282222148807,0.531797177778512,0.531797177778512,1.0,0.01,0.24677226627903598,840,1340,1440,1470
2025-03-07,4.403337001800537,-0.02588173199384436,0,0,0.46213004685659126,0.5378699531434088,0.5378699531434088,1.0,0.01,0.24677226627903598,840,1340,1440,1470
2025-03-08,4.289371013641357,-0.06362196142655474,0,0,0.4752915494619702,0.5247084505380297,0.5247084505380297,1.0,0.01,0.24677226627903598,840,1340,1440,1470
2025-03-09,4.016472816467285,-0.033964830751046504,0,0,0.4802870407433457,0.5197129592566543,0.5197129592566543,1.0,0.01,0.24677226627903598,840,1340,1440,1470
2025-03-10,3.880053997039795,0.04064894176191092,1,0,0.49015644651765444,0.5098435534823456,0.5098435534823456,1.0,0.01,0.24298192935654664,870,1370,1470,1500
2025-03-11,4.037774085998535,-0.01601851525999709,0,0,0.46415485663162415,0.5358451433683759,0.5358451433683759,1.0,0.01,0.24298192935654664,870,1370,1470,1500
2025-03-12,3.973094940185547,0.0019604703880760077,1,0,0.4833979213837143,0.5166020786162857,0.5166020786162857,1.0,0.01,0.24298192935654664,870,1370,1470,1500
2025-03-13,3.980884075164795,0.050239090310508994,1,0,0.47395699906502825,0.5260430009349717,0.5260430009349717,1.0,0.01,0.24298192935654664,870,1370,1470,1500
2025-03-14,4.180880069732666,0.04093275718894551,1,0,0.4489583704712437,0.5510416295287563,0.5510416295287563,1.0,0.01,0.24298192935654664,870,1370,1470,1500
2025-03-15,4.352015018463135,-0.0107409609703778,0,0,0.44612687933524114,0.5538731206647589,0.5538731206647589,1.0,0.01,0.24298192935654664,870,1370,1470,1500
2025-03-16,4.305270195007324,0.016405713003469158,1,0,0.46429819740424044,0.5357018025957596,0.5357018025957596,1.0,0.01,0.24298192935654664,870,1370,1470,1500
2025-03-17,4.375901222229004,0.018020187579070646,1,0,0.4596399219093354,0.5403600780906646,0.5403600780906646,1.0,0.01,0.24298192935654664,870,1370,1470,1500
2025-03-18,4.454755783081055,0.019618830480716776,1,0,0.4615818514398881,0.5384181485601118,0.5384181485601118,1.0,0.01,0.24298192935654664,870,1370,1470,1500
2025-03-19,4.5421528816223145,-0.03196318126393283,0,0,0.4555647432738727,0.5444352567261272,0.5444352567261272,1.0,0.01,0.24298192935654664,870,1370,1470,1500
2025-03-20,4.396971225738525,0.02191816891597842,1,0,0.4832054410848356,0.5167945589151643,0.5167945589151643,1.0,0.01,0.24298192935654664,870,1370,1470,1500
2025-03-21,4.493344783782959,-0.01081041558268736,0,0,0.4596606645893062,0.5403393354106938,0.5403393354106938,1.0,0.01,0.24298192935654664,870,1370,1470,1500
2025-03-22,4.444769859313965,0.011512485627094282,1,0,0.479452811472952,0.5205471885270481,0.5205471885270481,1.0,0.01,0.24298192935654664,870,1370,1470,1500
2025-03-23,4.495940208435059,0.026762523240287273,1,0,0.469028823684585,0.530971176315415,0.530971176315415,1.0,0.01,0.24298192935654664,870,1370,1470,1500
2025-03-24,4.616262912750244,0.005113415394372822,1,0,0.457884326226965,0.542115673773035,0.542115673773035,1.0,0.01,0.24298192935654664,870,1370,1470,1500
2025-03-25,4.639867782592773,0.011626936640923624,1,0,0.4733449668164676,0.5266550331835325,0.5266550331835325,1.0,0.01,0.24298192935654664,870,1370,1470,1500
2025-03-26,4.693815231323242,-0.01383948870966889,0,0,0.4657872064658934,0.5342127935341066,0.5342127935341066,1.0,0.01,0.24298192935654664,870,1370,1470,1500
2025-03-27,4.628855228424072,-0.07539712176663338,0,0,0.48253591726589923,0.5174640827341008,0.5174640827341008,1.0,0.01,0.24298192935654664,870,1370,1470,1500
2025-03-28,4.279852867126465,-0.05302466647547954,0,0,0.49844422138492506,0.5015557786150749,0.5015557786150749,1.0,0.01,0.24298192935654664,870,1370,1470,1500
2025-03-29,4.052915096282959,-0.003308752115840141,0,1,0.5042631775745934,0.4957368224254066,0.5042631775745934,1.0,0.01,0.24298192935654664,870,1370,1470,1500
2025-03-30,4.0395050048828125,-0.004176259665398696,0,0,0.48737728715874634,0.5126227128412537,0.5126227128412537,1.0,0.01,0.24298192935654664,870,1370,1470,1500
2025-03-31,4.022634983062744,0.03797689376234947,1,0,0.4787261848219778,0.5212738151780222,0.5212738151780222,1.0,0.01,0.24298192935654664,870,1370,1470,1500
2025-04-01,4.1754021644592285,-0.049323681632277294,0,0,0.4628300674825994,0.5371699325174006,0.5371699325174006,1.0,0.01,0.24298192935654664,870,1370,1470,1500
2025-04-02,3.96945595741272,0.020700031623321458,1,0,0.4832261508345595,0.5167738491654406,0.5167738491654406,1.0,0.01,0.24298192935654664,870,1370,1470,1500
2025-04-03,4.051623821258545,-0.004629233514313658,0,0,0.4733721730339453,0.5266278269660547,0.5266278269660547,1.0,0.01,0.24298192935654664,870,1370,1470,1500
2025-04-04,4.032867908477783,-0.018927969218461627,0,0,0.48209044689988356,0.5179095531001164,0.5179095531001164,1.0,0.01,0.24298192935654664,870,1370,1470,1500
2025-04-05,3.956533908843994,-0.07064643812986948,0,0,0.4932633718657735,0.5067366281342265,0.5067366281342265,1.0,0.01,0.24298192935654664,870,1370,1470,1500
2025-04-06,3.677018880844116,-0.02326420397165574,0,0,0.4934626123952552,0.5065373876047448,0.5065373876047448,1.0,0.01,0.24298192935654664,870,1370,1470,1500
2025-04-07,3.5914759635925293,-0.061111043988937186,0,0,0.47449070547247885,0.5255092945275212,0.5255092945275212,1.0,0.01,0.24298192935654664,870,1370,1470,1500
2025-04-08,3.371997117996216,0.07928831569079131,1,1,0.5233801786353125,0.4766198213646875,0.5233801786353125,1.0,0.01,0.24298192935654664,870,1370,1470,1500
2025-04-09,3.639357089996338,-0.048682275360524274,0,0,0.4572890197532338,0.5427109802467662,0.5427109802467662,1.0,0.01,0.24671714305264258,900,1400,1500,1530
2025-04-10,3.46218490600586,0.028035825057762587,1,1,0.5076953236446109,0.4923046763553891,0.5076953236446109,1.0,0.01,0.24671714305264258,900,1400,1500,1530
2025-04-11,3.5592501163482666,0.04313264418973106,1,0,0.47492477604909844,0.5250752239509016,0.5250752239509016,1.0,0.01,0.24671714305264258,900,1400,1500,1530
2025-04-12,3.712769985198975,-0.012662268567780521,0,0,0.45991342641247007,0.54008657358753,0.54008657358753,1.0,0.01,0.24671714305264258,900,1400,1500,1530
2025-04-13,3.665757894515991,0.0015977571303797955,1,0,0.47018239985000354,0.5298176001499965,0.5298176001499965,1.0,0.01,0.24671714305264258,900,1400,1500,1530
2025-04-14,3.6716148853302,-0.04045411035639335,0,0,0.4738972706205073,0.5261027293794927,0.5261027293794927,1.0,0.01,0.24671714305264258,900,1400,1500,1530
2025-04-15,3.523082971572876,0.009722146371754725,1,0,0.49722649048737544,0.5027735095126246,0.5027735095126246,1.0,0.01,0.24671714305264258,900,1400,1500,1530
2025-04-16,3.557334899902344,0.02056459871704419,1,0,0.4809919578782979,0.519008042121702,0.519008042121702,1.0,0.01,0.24671714305264258,900,1400,1500,1530
2025-04-17,3.630490064620972,0.013242003105064848,1,0,0.476957952886219,0.523042047113781,0.523042047113781,1.0,0.01,0.24671714305264258,900,1400,1500,1530
2025-04-18,3.67856502532959,0.05457644101828896,1,0,0.47819068854362473,0.5218093114563753,0.5218093114563753,1.0,0.01,0.24671714305264258,900,1400,1500,1530
2025-04-19,3.879328012466431,-6.674418251628733e-05,0,0,0.45094804244065706,0.5490519575593429,0.5490519575593429,1.0,0.01,0.24671714305264258,900,1400,1500,1530
2025-04-20,3.8790690898895264,-0.02422901789459675,0,0,0.4663312736315682,0.5336687263684319,0.5336687263684319,1.0,0.01,0.24671714305264258,900,1400,1500,1530
2025-04-21,3.785083055496216,0.061392287337656004,1,0,0.4792946527683802,0.5207053472316199,0.5207053472316199,1.0,0.01,0.24671714305264258,900,1400,1500,1530
2025-04-22,4.017457962036133,0.018842237947495732,1,0,0.4464084904815007,0.5535915095184993,0.5535915095184993,1.0,0.01,0.24671714305264258,900,1400,1500,1530
2025-04-23,4.093155860900879,0.0418733989051685,1,0,0.46120547613894325,0.5387945238610568,0.5387945238610568,1.0,0.01,0.24671714305264258,900,1400,1500,1530
2025-04-24,4.26455020904541,-0.0021120579286871832,0,0,0.45725011134576055,0.5427498886542395,0.5427498886542395,1.0,0.01,0.24671714305264258,900,1400,1500,1530
2025-04-25,4.255543231964111,0.0027591396781967426,1,0,0.4687998060585261,0.5312001939414739,0.5312001939414739,1.0,0.01,0.24671714305264258,900,1400,1500,1530
2025-04-26,4.267284870147705,-0.04022808882859763,0,0,0.4726518256883088,0.5273481743116912,0.5273481743116912,1.0,0.01,0.24671714305264258,900,1400,1500,1530
2025-04-27,4.095620155334473,0.03482642844951389,1,0,0.48378192883019994,0.5162180711698001,0.5162180711698001,1.0,0.01,0.24671714305264258,900,1400,1500,1530
2025-04-28,4.238255977630615,-0.02170085574612013,0,0,0.4610477289072915,0.5389522710927085,0.5389522710927085,1.0,0.01,0.24671714305264258,900,1400,1500,1530
2025-04-29,4.146282196044922,-0.018840341036117536,0,0,0.4883940842832082,0.5116059157167918,0.5116059157167918,1.0,0.01,0.24671714305264258,900,1400,1500,1530
2025-04-30,4.068164825439453,0.026679880350135354,1,0,0.4830696737099204,0.5169303262900796,0.5169303262900796,1.0,0.01,0.24671714305264258,900,1400,1500,1530
2025-05-01,4.176702976226807,-0.003211144968918944,0,0,0.47958182392426013,0.5204181760757398,0.5204181760757398,1.0,0.01,0.24671714305264258,900,1400,1500,1530
2025-05-02,4.163290977478027,-0.03120012772799252,0,0,0.4882139148795452,0.5117860851204548,0.5117860851204548,1.0,0.01,0.24671714305264258,900,1400,1500,1530
2025-05-03,4.033395767211914,-0.027918127302674067,0,1,0.5016611464309197,0.49833885356908025,0.5016611464309197,1.0,0.01,0.24671714305264258,900,1400,1500,1530
2025-05-04,3.920790910720825,-0.0005187598483648026,0,0,0.49175149485783204,0.5082485051421679,0.5082485051421679,1.0,0.01,0.24671714305264258,900,1400,1500,1530
2025-05-05,3.9187569618225098,0.01243893301099308,1,0,0.49446117471329715,0.5055388252867028,0.5055388252867028,1.0,0.01,0.24671714305264258,900,1400,1500,1530
2025-05-06,3.9675021171569824,-0.00010888827594190964,0,0,0.487938093304257,0.512061906695743,0.512061906695743,1.0,0.01,0.24671714305264258,900,1400,1500,1530
2025-05-07,3.9670701026916495,0.11970444551741943,1,0,0.49432596897129377,0.5056740310287062,0.5056740310287062,1.0,0.01,0.24671714305264258,900,1400,1500,1530
2025-05-08,4.441946029663086,0.07896109210561919,1,0,0.4284556547888413,0.5715443452111587,0.5715443452111587,1.0,0.01,0.24671714305264258,900,1400,1500,1530
2025-05-09,4.792686939239502,0.10829477246676023,1,0,0.4408256908512461,0.5591743091487539,0.5591743091487539,1.0,0.01,0.24948470566749767,930,1430,1530,1560
2025-05-10,5.311709880828857,-0.04127936867333726,0,0,0.438713248487627,0.561286751512373,0.561286751512373,1.0,0.01,0.24948470566749767,930,1430,1530,1560
2025-05-11,5.0924458503723145,-0.003957813906152019,0,0,0.4695909412770011,0.5304090587229989,0.5304090587229989,1.0,0.01,0.24948470566749767,930,1430,1530,1560
2025-05-12,5.072290897369385,0.025426221625374223,1,0,0.4621884165796838,0.5378115834203162,0.5378115834203162,1.0,0.01,0.24948470566749767,930,1430,1530,1560
2025-05-13,5.201260089874268,-0.041518420753232976,0,0,0.4609426251992929,0.539057374800707,0.539057374800707,1.0,0.01,0.24948470566749767,930,1430,1530,1560
2025-05-14,4.985311985015869,-0.04350520045180484,0,0,0.4847349609417394,0.5152650390582606,0.5152650390582606,1.0,0.01,0.24948470566749767,930,1430,1530,1560
2025-05-15,4.768424987792969,-0.0029122673826053047,0,0,0.4900116574337734,0.5099883425662266,0.5099883425662266,1.0,0.01,0.24948470566749767,930,1430,1530,1560
2025-05-16,4.754538059234619,-0.03031444523707727,0,0,0.48466935470162953,0.5153306452983705,0.5153306452983705,1.0,0.01,0.24948470566749767,930,1430,1530,1560
2025-05-17,4.610406875610352,0.042172265957741706,1,0,0.49834111607343745,0.5016588839265625,0.5016588839265625,1.0,0.01,0.24948470566749767,930,1430,1530,1560
2025-05-18,4.804838180541992,-0.04335325167250936,0,0,0.46710815387735155,0.5328918461226484,0.5328918461226484,1.0,0.01,0.24948470566749767,930,1430,1530,1560
2025-05-19,4.596532821655273,0.017209066573938392,1,0,0.494471342618507,0.505528657381493,0.505528657381493,1.0,0.01,0.24948470566749767,930,1430,1530,1560
2025-05-20,4.675634860992432,0.01479442644380713,1,0,0.47514949810433804,0.524850501895662,0.524850501895662,1.0,0.01,0.24948470566749767,930,1430,1530,1560
2025-05-21,4.744808197021484,0.04249107389073847,1,0,0.47118194540274866,0.5288180545972514,0.5288180545972514,1.0,0.01,0.24948470566749767,930,1430,1530,1560
2025-05-22,4.946420192718506,-0.07920820522114502,0,0,0.4616022077870395,0.5383977922129606,0.5383977922129606,1.0,0.01,0.24948470566749767,930,1430,1530,1560
2025-05-23,4.554623126983643,-0.0014986802923907527,0,0,0.4967051188202235,0.5032948811797765,0.5032948811797765,1.0,0.01,0.24948470566749767,930,1430,1530,1560
2025-05-24,4.547797203063965,-0.004987930700770082,0,0,0.48929521928956593,0.5107047807104341,0.5107047807104341,1.0,0.01,0.24948470566749767,930,1430,1530,1560
2025-05-25,4.525113105773926,-0.012477331043167172,0,0,0.48835542848192653,0.5116445715180735,0.5116445715180735,1.0,0.01,0.24948470566749767,930,1430,1530,1560
2025-05-26,4.46865177154541,0.015392828552958981,1,0,0.4911542615980954,0.5088457384019046,0.5088457384019046,1.0,0.01,0.24948470566749767,930,1430,1530,1560
2025-05-27,4.5374369621276855,0.008274750294119393,1,0,0.4809991018831402,0.5190008981168598,0.5190008981168598,1.0,0.01,0.24948470566749767,930,1430,1530,1560
2025-05-28,4.5749831199646,-0.05106845791336334,0,0,0.48084461473725887,0.5191553852627411,0.5191553852627411,1.0,0.01,0.24948470566749767,930,1430,1530,1560
2025-05-29,4.34134578704834,-0.0674380320330844,0,1,0.5033713767715865,0.4966286232284135,0.5033713767715865,1.0,0.01,0.24948470566749767,930,1430,1530,1560
2025-05-30,4.048573970794678,0.0082122613870248,1,1,0.5135809611629085,0.4864190388370915,0.5135809611629085,1.0,0.01,0.24948470566749767,930,1430,1530,1560
2025-05-31,4.081821918487549,-0.004299548573684198,0,0,0.49940984132372157,0.5005901586762784,0.5005901586762784,1.0,0.01,0.24948470566749767,930,1430,1530,1560
2025-06-01,4.064271926879883,0.01996668933368806,1,1,0.501266163775469,0.49873383622453105,0.501266163775469,1.0,0.01,0.24948470566749767,930,1430,1530,1560
2025-06-02,4.145421981811523,-0.0010628532779360933,0,0,0.4826715042885524,0.5173284957114477,0.5173284957114477,1.0,0.01,0.24948470566749767,930,1430,1530,1560
2025-06-03,4.141016006469727,-0.029800882968653908,0,0,0.4895097630131356,0.5104902369868645,0.5104902369868645,1.0,0.01,0.24948470566749767,930,1430,1530,1560
2025-06-04,4.0176100730896,-0.04764526043971773,0,1,0.5012246059312871,0.49877539406871285,0.5012246059312871,1.0,0.01,0.24948470566749767,930,1430,1530,1560
2025-06-05,3.826189994812012,0.016846495720019394,1,1,0.5126151368204046,0.4873848631795954,0.5126151368204046,1.0,0.01,0.24948470566749767,930,1430,1530,1560
2025-06-06,3.8906478881835938,0.03541672794658357,1,0,0.498800414328503,0.501199585671497,0.501199585671497,1.0,0.01,0.24948470566749767,930,1430,1530,1560
2025-06-07,4.028441905975342,-0.0009013695727697613,0,0,0.48601210117412663,0.5139878988258734,0.5139878988258734,1.0,0.01,0.24948470566749767,930,1430,1530,1560
2025-06-08,4.024810791015625,0.03303931929332382,1,0,0.48810947475993777,0.5118905252400623,0.5118905252400623,1.0,0.01,0.24795947617217956,960,1460,1560,1590
2025-06-09,4.157787799835205,0.030990606929538478,1,0,0.4694337873306385,0.5305662126693615,0.5305662126693615,1.0,0.01,0.24795947617217956,960,1460,1560,1590
2025-06-10,4.286640167236328,-0.022021670046817876,0,0,0.46525771628266593,0.5347422837173341,0.5347422837173341,1.0,0.01,0.24795947617217956,960,1460,1560,1590
2025-06-11,4.192241191864014,-0.06295918670274125,0,0,0.49303241856079316,0.5069675814392068,0.5069675814392068,1.0,0.01,0.24795947617217956,960,1460,1560,1590
2025-06-12,3.928301095962525,-0.022057672602458167,0,1,0.5219041507154197,0.47809584928458027,0.5219041507154197,1.0,0.01,0.24795947617217956,960,1460,1560,1590
2025-06-13,3.841651916503906,-0.01468299992254718,0,1,0.5093287696019227,0.49067123039807725,0.5093287696019227,1.0,0.01,0.24795947617217956,960,1460,1560,1590
2025-06-14,3.785244941711426,0.009681309470091382,1,1,0.5184749817217903,0.4815250182782097,0.5184749817217903,1.0,0.01,0.24795947617217956,960,1460,1560,1590
2025-06-15,3.821891069412232,0.007697483988475806,1,1,0.501169203389555,0.49883079661044505,0.501169203389555,1.0,0.01,0.24795947617217956,960,1460,1560,1590
2025-06-16,3.851310014724731,-0.03285503850078897,0,0,0.48398138747373703,0.5160186125262629,0.5160186125262629,1.0,0.01,0.24795947617217956,960,1460,1560,1590
2025-06-17,3.724775075912476,-0.027477400234362293,0,1,0.5093856598201867,0.4906143401798133,0.5093856598201867,1.0,0.01,0.24795947617217956,960,1460,1560,1590
2025-06-18,3.622427940368652,-0.020571276100854186,0,1,0.5125275671674226,0.48747243283257735,0.5125275671674226,1.0,0.01,0.24795947617217956,960,1460,1560,1590
2025-06-19,3.54790997505188,-0.031067038245312872,0,1,0.5168242455916001,0.4831757544083999,0.5168242455916001,1.0,0.01,0.24795947617217956,960,1460,1560,1590
2025-06-20,3.437686920166016,-0.03433061667678328,0,1,0.5187558951548318,0.4812441048451682,0.5187558951548318,1.0,0.01,0.24795947617217956,960,1460,1560,1590
2025-06-21,3.319669008255005,-0.050395365427626015,0,1,0.5307873856335158,0.4692126143664842,0.5307873856335158,1.0,0.01,0.24795947617217956,960,1460,1560,1590
2025-06-22,3.152373075485229,0.08485827155944747,1,1,0.5235216444191372,0.4764783555808628,0.5235216444191372,1.0,0.01,0.24795947617217956,960,1460,1560,1590
2025-06-23,3.4198780059814453,0.005121232503495499,1,0,0.47141956121931533,0.5285804387806847,0.5285804387806847,1.0,0.01,0.24795947617217956,960,1460,1560,1590
2025-06-24,3.437391996383667,-0.023555663418546424,0,0,0.49239268769952543,0.5076073123004745,0.5076073123004745,1.0,0.01,0.24795947617217956,960,1460,1560,1590
2025-06-25,3.356421947479248,-0.01762889429028014,0,1,0.5009208011271262,0.4990791988728738,0.5009208011271262,1.0,0.01,0.24795947617217956,960,1460,1560,1590
2025-06-26,3.29725193977356,0.019162920435524144,1,1,0.5035533352197582,0.4964466647802418,0.5035533352197582,1.0,0.01,0.24795947617217956,960,1460,1560,1590
2025-06-27,3.3604369163513184,0.013027171785354064,1,0,0.4872371528489556,0.5127628471510444,0.5127628471510444,1.0,0.01,0.24795947617217956,960,1460,1560,1590
2025-06-28,3.4042139053344727,0.04207256209909471,1,0,0.4896040668874748,0.5103959331125252,0.5103959331125252,1.0,0.01,0.24795947617217956,960,1460,1560,1590
2025-06-29,3.547437906265259,-0.04168778979117793,0,0,0.46860766250433816,0.5313923374956618,0.5313923374956618,1.0,0.01,0.24795947617217956,960,1460,1560,1590
2025-06-30,3.399553060531616,-0.03405240245662333,0,1,0.5014917031284893,0.49850829687151066,0.5014917031284893,1.0,0.01,0.24795947617217956,960,1460,1560,1590
2025-07-01,3.283790111541748,0.07866515397205043,1,1,0.5361003063145466,0.46389969368545336,0.5361003063145466,1.0,0.01,0.24795947617217956,960,1460,1560,1590
2025-07-02,3.542109966278076,-0.0006690590351039472,0,0,0.47651889751727755,0.5234811024827224,0.5234811024827224,1.0,0.01,0.24795947617217956,960,1460,1560,1590
2025-07-03,3.539740085601806,-0.051425005856502004,0,1,0.508202819972076,0.49179718002792405,0.508202819972076,1.0,0.01,0.24795947617217956,960,1460,1560,1590
2025-07-04,3.3577089309692383,-0.0005995064208181855,0,1,0.5317736027646099,0.46822639723539006,0.5317736027646099,1.0,0.01,0.24795947617217956,960,1460,1560,1590
2025-07-05,3.355695962905884,0.011944176293973152,1,1,0.5220405333757207,0.47795946662427935,0.5220405333757207,1.0,0.01,0.24795947617217956,960,1460,1560,1590
2025-07-06,3.3957769870758057,-0.007645692902460088,0,1,0.5065322656833717,0.49346773431662827,0.5065322656833717,1.0,0.01,0.24795947617217956,960,1460,1560,1590
2025-07-07,3.369813919067383,0.023381451736603776,1,1,0.5196593741765428,0.48034062582345716,0.5196593741765428,1.0,0.01,0.24795947617217956,960,1460,1560,1590
2025-07-08,3.4486050605773926,0.04935414972576302,1,0,0.4764496051373989,0.523550394862601,0.523550394862601,1.0,0.1,0.24745742839613413,990,1490,1590,1620
2025-07-09,3.618808031082153,0.0731199197068515,1,0,0.4740103200428311,0.5259896799571688,0.5259896799571688,1.0,0.1,0.24745742839613413,990,1490,1590,1620
2025-07-10,3.8834149837493896,0.008698800354096425,1,0,0.4677232882097449,0.5322767117902552,0.5322767117902552,1.0,0.1,0.24745742839613413,990,1490,1590,1620
2025-07-11,3.917196035385132,-0.007212577110125351,0,0,0.47182073716365813,0.5281792628363419,0.5281792628363419,1.0,0.1,0.24745742839613413,990,1490,1590,1620
2025-07-12,3.8889429569244394,0.025291990409902487,1,0,0.47340249682585245,0.5265975031741476,0.5265975031741476,1.0,0.1,0.24745742839613413,990,1490,1590,1620
2025-07-13,3.98730206489563,-0.009157342368196764,0,0,0.47237454915895516,0.5276254508410448,0.5276254508410448,1.0,0.1,0.24745742839613413,990,1490,1590,1620
2025-07-14,3.950788974761963,0.032377898243960423,1,0,0.4776073651616018,0.5223926348383983,0.5223926348383983,1.0,0.1,0.24745742839613413,990,1490,1590,1620
2025-07-15,4.078707218170166,0.019383728783519683,1,0,0.4759363825554538,0.5240636174445462,0.5240636174445462,1.0,0.1,0.24745742839613413,990,1490,1590,1620
2025-07-16,4.1577677726745605,0.02624952821105775,1,0,0.47695079652895195,0.5230492034710481,0.5230492034710481,1.0,0.1,0.24745742839613413,990,1490,1590,1620
2025-07-17,4.266907215118408,-0.008833804388360678,0,0,0.47637796896065376,0.5236220310393462,0.5236220310393462,1.0,0.1,0.24745742839613413,990,1490,1590,1620
2025-07-18,4.229214191436768,0.04395395129607116,1,0,0.47888468877159507,0.5211153112284049,0.5211153112284049,1.0,0.1,0.24745742839613413,990,1490,1590,1620
2025-07-19,4.415104866027832,0.017254939062414598,1,0,0.4751767588645,0.5248232411355,0.5248232411355,1.0,0.1,0.24745742839613413,990,1490,1590,1620
2025-07-20,4.4912872314453125,0.002720377895026438,1,0,0.47550007301231795,0.524499926987682,0.524499926987682,1.0,0.1,0.24745742839613413,990,1490,1590,1620
2025-07-21,4.503505229949951,0.009705718703991284,1,0,0.4782036876674528,0.5217963123325472,0.5217963123325472,1.0,0.1,0.24745742839613413,990,1490,1590,1620
2025-07-22,4.547214984893799,-0.09494671934872179,0,0,0.4796063534198814,0.5203936465801187,0.5203936465801187,1.0,0.1,0.24745742839613413,990,1490,1590,1620
2025-07-23,4.115471839904785,-0.02802612049678066,0,0,0.48050640833677827,0.5194935916632217,0.5194935916632217,1.0,0.1,0.24745742839613413,990,1490,1590,1620
2025-07-24,4.000131130218506,0.02218352550631586,1,0,0.47847339672749145,0.5215266032725085,0.5215266032725085,1.0,0.1,0.24745742839613413,990,1490,1590,1620
2025-07-25,4.088868141174316,0.008790693107317615,1,0,0.47344895388962394,0.5265510461103761,0.5265510461103761,1.0,0.1,0.24745742839613413,990,1490,1590,1620
2025-07-26,4.124812126159668,0.02784902081509233,1,0,0.47496876659126946,0.5250312334087306,0.5250312334087306,1.0,0.1,0.24745742839613413,990,1490,1590,1620
2025-07-27,4.239684104919434,-0.06869829052388743,0,0,0.4732011640690865,0.5267988359309135,0.5267988359309135,1.0,0.1,0.24745742839613413,990,1490,1590,1620
2025-07-28,3.948425054550171,-0.011522324125598393,0,0,0.47528067970029797,0.524719320299702,0.524719320299702,1.0,0.1,0.24745742839613413,990,1490,1590,1620
2025-07-29,3.9029300212860103,-0.024651994569358848,0,0,0.47586743604577925,0.5241325639542207,0.5241325639542207,1.0,0.1,0.24745742839613413,990,1490,1590,1620
2025-07-30,3.80671501159668,-0.03103174642940354,0,0,0.4763512775564576,0.5236487224435424,0.5236487224435424,1.0,0.1,0.24745742839613413,990,1490,1590,1620
2025-07-31,3.688585996627808,-0.03689626516000766,0,0,0.4785602996340143,0.5214397003659856,0.5214397003659856,1.0,0.1,0.24745742839613413,990,1490,1590,1620
2025-08-01,3.5524909496307373,-0.012932890217041693,0,0,0.47065389349149145,0.5293461065085086,0.5293461065085086,1.0,0.1,0.24745742839613413,990,1490,1590,1620
2025-08-02,3.506546974182129,0.027778299052920064,1,0,0.4715226115091375,0.5284773884908625,0.5284773884908625,1.0,0.1,0.24745742839613413,990,1490,1590,1620
2025-08-03,3.603952884674072,0.0321785934628267,1,0,0.47091011435280433,0.5290898856471957,0.5290898856471957,1.0,0.1,0.24745742839613413,990,1490,1590,1620
2025-08-04,3.71992301940918,-0.02720296916748166,0,0,0.4692415414531734,0.5307584585468266,0.5307584585468266,1.0,0.1,0.24745742839613413,990,1490,1590,1620
2025-08-05,3.618730068206787,0.015267240451246167,1,0,0.47137094429689264,0.5286290557031074,0.5286290557031074,1.0,0.1,0.24745742839613413,990,1490,1590,1620
2025-08-06,3.673978090286255,0.05155472358757085,1,0,0.47059827073930915,0.5294017292606908,0.5294017292606908,1.0,0.1,0.24745742839613413,990,1490,1590,1620
2025-08-07,3.863389015197754,0.029733968196448357,1,0,0.48830882268526565,0.5116911773147343,0.5116911773147343,1.0,0.1,0.24910384268169858,1020,1520,1620,1650
2025-08-08,3.978262901306152,0.040411136396380165,1,0,0.4873101869165246,0.5126898130834754,0.5126898130834754,1.0,0.1,0.24910384268169858,1020,1520,1620,1650
2025-08-09,4.139029026031494,-0.01827002756742291,0,0,0.49320729950888575,0.5067927004911142,0.5067927004911142,1.0,0.1,0.24910384268169858,1020,1520,1620,1650
2025-08-10,4.063408851623535,-0.04913827073974242,0,0,0.49502826613693784,0.5049717338630622,0.5049717338630622,1.0,0.1,0.24910384268169858,1020,1520,1620,1650
2025-08-11,3.863739967346192,0.07374047403074213,1,0,0.4996326339897822,0.5003673660102178,0.5003673660102178,1.0,0.1,0.24910384268169858,1020,1520,1620,1650
2025-08-12,4.148653984069824,0.03209086338746059,1,0,0.48666500328731094,0.513334996712689,0.513334996712689,1.0,0.1,0.24910384268169858,1020,1520,1620,1650
2025-08-13,4.281787872314453,-0.06838987656410778,0,0,0.4946746750883058,0.5053253249116942,0.5053253249116942,1.0,0.1,0.24910384268169858,1020,1520,1620,1650
2025-08-14,3.988956928253174,-0.024536220351113247,0,1,0.5068777545857069,0.49312224541429306,0.5068777545857069,1.0,0.1,0.24910384268169858,1020,1520,1620,1650
2025-08-15,3.891083002090454,0.01952435558352339,1,1,0.5004416040904063,0.4995583959095937,0.5004416040904063,1.0,0.1,0.24910384268169858,1020,1520,1620,1650
2025-08-16,3.967053890228272,0.022597110528678632,1,0,0.49090621263886813,0.5090937873611319,0.5090937873611319,1.0,0.1,0.24910384268169858,1020,1520,1620,1650
2025-08-17,4.056697845458984,-0.03497544287918708,0,0,0.49399581399172016,0.5060041860082798,0.5060041860082798,1.0,0.1,0.24910384268169858,1020,1520,1620,1650
2025-08-18,3.914813041687012,-0.05093320818449998,0,1,0.5027150159826523,0.49728498401734766,0.5027150159826523,1.0,0.1,0.24910384268169858,1020,1520,1620,1650
2025-08-19,3.715419054031372,0.04438827569783799,1,1,0.5047899310236852,0.4952100689763148,0.5047899310236852,1.0,0.1,0.24910384268169858,1020,1520,1620,1650
2025-08-20,3.880340099334717,-0.022346772040080842,0,0,0.487628055644887,0.512371944355113,0.512371944355113,1.0,0.1,0.24910384268169858,1020,1520,1620,1650
2025-08-21,3.7936270236968994,0.10077053726442142,1,1,0.50321491636382,0.49678508363618,0.50321491636382,1.0,0.1,0.24910384268169858,1020,1520,1620,1650
2025-08-22,4.175912857055664,0.012088462446691484,1,0,0.4793290312150213,0.5206709687849786,0.5206709687849786,1.0,0.1,0.24910384268169858,1020,1520,1620,1650
2025-08-23,4.226393222808838,-0.027727994337154782,0,0,0.49188386016875035,0.5081161398312497,0.5081161398312497,1.0,0.1,0.24910384268169858,1020,1520,1620,1650
2025-08-24,4.109203815460205,-0.09082705501805877,0,0,0.493860547139395,0.506139452860605,0.506139452860605,1.0,0.1,0.24910384268169858,1020,1520,1620,1650
2025-08-25,3.735976934432984,0.040758022601786736,1,1,0.5039458783717067,0.4960541216282933,0.5039458783717067,1.0,0.1,0.24910384268169858,1020,1520,1620,1650
2025-08-26,3.888247966766357,-0.013907783269258123,0,0,0.477148787347916,0.522851212652084,0.522851212652084,1.0,0.1,0.24910384268169858,1020,1520,1620,1650
2025-08-27,3.834171056747437,0.03816206006847889,1,0,0.49070624420103687,0.5092937557989632,0.5092937557989632,1.0,0.1,0.24910384268169858,1020,1520,1620,1650
2025-08-28,3.980490922927856,-0.051144420773903465,0,0,0.48418292324828466,0.5158170767517154,0.5158170767517154,1.0,0.1,0.24910384268169858,1020,1520,1620,1650
2025-08-29,3.77691102027893,0.00880269454060345,1,1,0.5047937018633956,0.49520629813660444,0.5047937018633956,1.0,0.1,0.24910384268169858,1020,1520,1620,1650
2025-08-30,3.810158014297485,-0.017882466517501583,0,0,0.49694441426659836,0.5030555857334016,0.5030555857334016,1.0,0.1,0.24910384268169858,1020,1520,1620,1650
2025-08-31,3.74202299118042,-0.014135675521316005,0,0,0.49736912464832495,0.502630875351675,0.502630875351675,1.0,0.1,0.24910384268169858,1020,1520,1620,1650
2025-09-01,3.689126968383789,0.03466243831317373,1,0,0.47531470111769336,0.5246852988823066,0.5246852988823066,1.0,0.1,0.24910384268169858,1020,1520,1620,1650
2025-09-02,3.8170011043548575,0.012415189501490786,1,0,0.4577664516814131,0.5422335483185869,0.5422335483185869,1.0,0.1,0.24910384268169858,1020,1520,1620,1650
2025-09-03,3.8643898963928223,-0.025283886294696356,0,0,0.4639878720106256,0.5360121279893744,0.5360121279893744,1.0,0.1,0.24910384268169858,1020,1520,1620,1650
2025-09-04,3.7666831016540527,0.016507080937606222,1,0,0.46760946236882,0.5323905376311799,0.5323905376311799,1.0,0.1,0.24910384268169858,1020,1520,1620,1650
2025-09-05,3.82886004447937,-0.0009697745302240657,0,0,0.46472245859059286,0.5352775414094071,0.5352775414094071,1.0,0.1,0.24910384268169858,1020,1520,1620,1650
2025-09-06,3.8251469135284415,0.04436958284708736,1,0,0.45113466598265894,0.5488653340173411,0.5488653340173411,1.0,0.01,0.24979686645142724,1050,1550,1650,1680
2025-09-07,3.9948670864105225,0.012571075122136177,1,0,0.43108871404826543,0.5689112859517346,0.5689112859517346,1.0,0.01,0.24979686645142724,1050,1550,1650,1680
2025-09-08,4.045086860656738,0.023219525926771123,1,0,0.44145455964245695,0.558545440357543,0.558545440357543,1.0,0.01,0.24979686645142724,1050,1550,1650,1680
2025-09-09,4.139011859893799,0.018033355925142658,1,0,0.4355757875149378,0.5644242124850622,0.5644242124850622,1.0,0.01,0.24979686645142724,1050,1550,1650,1680
2025-09-10,4.21365213394165,0.006671405254627061,1,0,0.4392177491887022,0.5607822508112978,0.5607822508112978,1.0,0.01,0.24979686645142724,1050,1550,1650,1680
2025-09-11,4.241763114929199,0.018508542741586753,1,0,0.4461057685960882,0.5538942314039118,0.5538942314039118,1.0,0.01,0.24979686645142724,1050,1550,1650,1680
2025-09-12,4.320271968841553,0.041793911812974205,1,0,0.4481504354312732,0.5518495645687268,0.5518495645687268,1.0,0.01,0.24979686645142724,1050,1550,1650,1680
2025-09-13,4.500833034515381,-0.03972261265603061,0,0,0.4398515931971303,0.5601484068028697,0.5601484068028697,1.0,0.01,0.24979686645142724,1050,1550,1650,1680
2025-09-14,4.322048187255859,-0.039151402604944985,0,0,0.4630950398192195,0.5369049601807805,0.5369049601807805,1.0,0.01,0.24979686645142724,1050,1550,1650,1680
2025-09-15,4.152833938598633,0.024704091938523298,1,0,0.4614018109797493,0.5385981890202507,0.5385981890202507,1.0,0.01,0.24979686645142724,1050,1550,1650,1680
2025-09-16,4.255425930023193,0.03408119987337899,1,0,0.4465058537128889,0.553494146287111,0.553494146287111,1.0,0.01,0.24979686645142724,1050,1550,1650,1680
2025-09-17,4.400455951690674,0.031141825392740463,1,0,0.4366068889843112,0.5633931110156888,0.5633931110156888,1.0,0.01,0.24979686645142724,1050,1550,1650,1680
2025-09-18,4.53749418258667,-0.0394522171774041,0,0,0.4350219237861381,0.5649780762138619,0.5649780762138619,1.0,0.01,0.24979686645142724,1050,1550,1650,1680
2025-09-19,4.358479976654053,-9.386902863606217e-05,0,0,0.4486489704156942,0.5513510295843058,0.5513510295843058,1.0,0.01,0.24979686645142724,1050,1550,1650,1680
2025-09-20,4.3580708503723145,-0.019974863059255665,0,0,0.4503723589717083,0.5496276410282916,0.5496276410282916,1.0,0.01,0.24979686645142724,1050,1550,1650,1680
2025-09-21,4.271018981933594,-0.05482363690602721,0,0,0.46025707402589494,0.5397429259741051,0.5397429259741051,1.0,0.01,0.24979686645142724,1050,1550,1650,1680
2025-09-22,4.036866188049316,-0.015793495380656664,0,0,0.46032696614520485,0.5396730338547951,0.5396730338547951,1.0,0.01,0.24979686645142724,1050,1550,1650,1680
2025-09-23,3.9731099605560303,0.005445370441991226,1,0,0.4715652123682146,0.5284347876317854,0.5284347876317854,1.0,0.01,0.24979686645142724,1050,1550,1650,1680
2025-09-24,3.9947450160980233,-0.048613100131750464,0,0,0.4623326302187914,0.5376673697812087,0.5376673697812087,1.0,0.01,0.24979686645142724,1050,1550,1650,1680
2025-09-25,3.800548076629639,0.03345828847423693,1,0,0.47584226404845237,0.5241577359515477,0.5241577359515477,1.0,0.01,0.24979686645142724,1050,1550,1650,1680
2025-09-26,3.92770791053772,-0.008939054938748803,0,0,0.45370408240106025,0.5462959175989397,0.5462959175989397,1.0,0.01,0.24979686645142724,1050,1550,1650,1680
2025-09-27,3.8925979137420654,0.026811661532655018,1,0,0.4636264459605169,0.5363735540394832,0.5363735540394832,1.0,0.01,0.24979686645142724,1050,1550,1650,1680
2025-09-28,3.996964931488037,-0.003315520678653705,0,0,0.4442214691643575,0.5557785308356424,0.5557785308356424,1.0,0.01,0.24979686645142724,1050,1550,1650,1680
2025-09-29,3.983712911605835,-0.01907893055576415,0,0,0.4527657228088414,0.5472342771911586,0.5472342771911586,1.0,0.01,0.24979686645142724,1050,1550,1650,1680
2025-09-30,3.907707929611206,0.054604924980697245,1,0,0.46355410385143303,0.536445896148567,0.536445896148567,1.0,0.01,0.24979686645142724,1050,1550,1650,1680
2025-10-01,4.121088027954102,0.045568274541258,1,0,0.4465833490955084,0.5534166509044915,0.5534166509044915,1.0,0.01,0.24979686645142724,1050,1550,1650,1680
2025-10-02,4.3088788986206055,0.0026222907551192165,1,0,0.4446984636995933,0.5553015363004067,0.5553015363004067,1.0,0.01,0.24979686645142724,1050,1550,1650,1680
2025-10-03,4.320178031921387,-0.027470869430368694,0,0,0.45549503181796747,0.5445049681820325,0.5445049681820325,1.0,0.01,0.24979686645142724,1050,1550,1650,1680
2025-10-04,4.201498985290527,-0.015636835103394753,0,0,0.4707847467217685,0.5292152532782315,0.5292152532782315,1.0,0.01,0.24979686645142724,1050,1550,1650,1680
2025-10-05,4.135800838470459,0.060862039962861214,1,0,0.469180402899124,0.530819597100876,0.530819597100876,1.0,0.01,0.24979686645142724,1050,1550,1650,1680
2025-10-06,4.387514114379883,-0.05502482044897217,0,0,0.4959973497546932,0.5040026502453068,0.5040026502453068,10.0,scale,0.25155970778184,1080,1580,1680,1710
2025-10-07,4.146091938018799,0.01243440903003279,1,0,0.4975976697589105,0.5024023302410895,0.5024023302410895,10.0,scale,0.25155970778184,1080,1580,1680,1710
2025-10-08,4.197646141052246,-0.029194936057766907,0,0,0.4944614252993912,0.5055385747006088,0.5055385747006088,10.0,scale,0.25155970778184,1080,1580,1680,1710
2025-10-09,4.075096130371094,-0.2730439138525942,0,0,0.49555291152874154,0.5044470884712584,0.5044470884712584,10.0,scale,0.25155970778184,1080,1580,1680,1710
2025-10-10,2.962415933609009,0.01279328027641724,1,0,0.4908139154867387,0.5091860845132613,0.5091860845132613,10.0,scale,0.25155970778184,1080,1580,1680,1710
2025-10-11,3.000314950942993,0.08221637345716659,1,0,0.49741133846947677,0.5025886615305233,0.5025886615305233,10.0,scale,0.25155970778184,1080,1580,1680,1710
2025-10-12,3.2469899654388428,0.04007309567619566,1,0,0.48396543015333876,0.5160345698466613,0.5160345698466613,10.0,scale,0.25155970778184,1080,1580,1680,1710
2025-10-13,3.3771069049835205,-0.03741867144552413,0,0,0.49633575000016417,0.5036642499998358,0.5036642499998358,10.0,scale,0.25155970778184,1080,1580,1680,1710
2025-10-14,3.2507400512695312,-0.03447033838636315,0,0,0.4957463164224841,0.5042536835775159,0.5042536835775159,10.0,scale,0.25155970778184,1080,1580,1680,1710
2025-10-15,3.138685941696167,-0.03938204593028749,0,0,0.4959796985293391,0.5040203014706609,0.5040203014706609,10.0,scale,0.25155970778184,1080,1580,1680,1710
2025-10-16,3.015078067779541,-0.04086863088967607,0,1,0.5054688469705528,0.49453115302944717,0.5054688469705528,10.0,scale,0.25155970778184,1080,1580,1680,1710
2025-10-17,2.8918559551239014,0.014051567428783995,1,1,0.5012496215470738,0.49875037845292625,0.5012496215470738,10.0,scale,0.25155970778184,1080,1580,1680,1710
2025-10-18,2.9324910640716557,0.02569277983414131,1,0,0.49489300398493447,0.5051069960150656,0.5051069960150656,10.0,scale,0.25155970778184,1080,1580,1680,1710
2025-10-19,3.0078349113464355,0.0264978589502316,1,1,0.503368604431549,0.49663139556845104,0.503368604431549,10.0,scale,0.25155970778184,1080,1580,1680,1710
2025-10-20,3.087536096572876,-0.02624195322571743,0,0,0.49944219091803066,0.5005578090819693,0.5005578090819693,10.0,scale,0.25155970778184,1080,1580,1680,1710
2025-10-21,3.0065131187438965,-0.028117647338708363,0,0,0.4995199045234187,0.5004800954765813,0.5004800954765813,10.0,scale,0.25155970778184,1080,1580,1680,1710
2025-10-22,2.9219770431518555,0.027756889469845003,1,0,0.4961834576812362,0.5038165423187638,0.5038165423187638,10.0,scale,0.25155970778184,1080,1580,1680,1710
2025-10-23,3.003082036972046,0.025070898413356968,1,0,0.491773921399661,0.508226078600339,0.508226078600339,10.0,scale,0.25155970778184,1080,1580,1680,1710
2025-10-24,3.078372001647949,0.004511127489112976,1,0,0.49382720141692377,0.5061727985830762,0.5061727985830762,10.0,scale,0.25155970778184,1080,1580,1680,1710
2025-10-25,3.092258930206299,0.03355344855316256,1,0,0.4977446003754784,0.5022553996245216,0.5022553996245216,10.0,scale,0.25155970778184,1080,1580,1680,1710
2025-10-26,3.196014881134033,-0.017467958736172573,0,0,0.48733339996971764,0.5126666000302824,0.5126666000302824,10.0,scale,0.25155970778184,1080,1580,1680,1710
2025-10-27,3.1401870250701904,-0.027744195745484035,0,0,0.48916198462224664,0.5108380153777534,0.5108380153777534,10.0,scale,0.25155970778184,1080,1580,1680,1710
2025-10-28,3.053065061569214,0.008711190354943943,1,0,0.484827743046539,0.515172256953461,0.515172256953461,10.0,scale,0.25155970778184,1080,1580,1680,1710
2025-10-29,3.0796608924865723,-0.06707553761954954,0,1,0.5004180386419538,0.4995819613580462,0.5004180386419538,10.0,scale,0.25155970778184,1080,1580,1680,1710
2025-10-30,2.873090982437134,0.003217096684758891,1,0,0.4939792607517339,0.5060207392482661,0.5060207392482661,10.0,scale,0.25155970778184,1080,1580,1680,1710
2025-10-31,2.882333993911743,0.0292942941266241,1,0,0.49797005097303204,0.502029949026968,0.502029949026968,10.0,scale,0.25155970778184,1080,1580,1680,1710
2025-11-01,2.966769933700561,0.007104412050112918,1,0,0.49864953839287957,0.5013504616071205,0.5013504616071205,10.0,scale,0.25155970778184,1080,1580,1680,1710
2025-11-02,2.987847089767456,-0.1353951690955406,0,0,0.49626960559169,0.50373039440831,0.50373039440831,10.0,scale,0.25155970778184,1080,1580,1680,1710
2025-11-03,2.5833070278167725,-0.026979813431716626,0,0,0.4924141443262469,0.5075858556737531,0.5075858556737531,10.0,scale,0.25155970778184,1080,1580,1680,1710
2025-11-04,2.5136098861694336,0.0630345094739142,1,1,0.5072222179235957,0.4927777820764043,0.5072222179235957,10.0,scale,0.25155970778184,1080,1580,1680,1710
2025-11-05,2.6720540523529053,-0.003035135602731276,0,0,0.45860813503368986,0.5413918649663101,0.5413918649663101,10.0,scale,0.2504636894544934,1110,1610,1710,1740
2025-11-06,2.6639440059661865,0.21700001369324684,1,1,0.5073873077228911,0.4926126922771089,0.5073873077228911,10.0,scale,0.2504636894544934,1110,1610,1710,1740
2025-11-07,3.242019891738892,0.002314969895978125,1,0,0.4498846799886595,0.5501153200113404,0.5501153200113404,10.0,scale,0.2504636894544934,1110,1610,1710,1740
2025-11-08,3.2495250701904297,-0.005126308412284675,0,1,0.5024034784001712,0.4975965215998288,0.5024034784001712,10.0,scale,0.2504636894544934,1110,1610,1710,1740
2025-11-09,3.2328670024871826,0.008697215638748812,1,1,0.5297059554438803,0.4702940445561197,0.5297059554438803,10.0,scale,0.2504636894544934,1110,1610,1710,1740
2025-11-10,3.260983943939209,-0.06397794109153121,0,0,0.44445635911693127,0.5555436408830687,0.5555436408830687,10.0,scale,0.2504636894544934,1110,1610,1710,1740
2025-11-11,3.052352905273437,-0.04225847834672225,0,0,0.4968652302325842,0.5031347697674158,0.5031347697674158,10.0,scale,0.2504636894544934,1110,1610,1710,1740
2025-11-12,2.9233651161193848,-0.021203309681488758,0,1,0.5089575493006362,0.4910424506993638,0.5089575493006362,10.0,scale,0.2504636894544934,1110,1610,1710,1740
2025-11-13,2.861380100250244,-0.01803816490241472,0,1,0.5085791564869945,0.4914208435130055,0.5085791564869945,10.0,scale,0.2504636894544934,1110,1610,1710,1740
2025-11-14,2.8097660541534424,0.007670335196066302,1,0,0.4702919330328177,0.5297080669671823,0.5297080669671823,10.0,scale,0.2504636894544934,1110,1610,1710,1740
2025-11-15,2.831317901611328,-0.015519214160894523,0,0,0.4578297650921996,0.5421702349078004,0.5421702349078004,10.0,scale,0.2504636894544934,1110,1610,1710,1740
2025-11-16,2.7873780727386475,-0.045007527513852175,0,0,0.48284733564588866,0.5171526643541113,0.5171526643541113,10.0,scale,0.2504636894544934,1110,1610,1710,1740
2025-11-17,2.6619250774383545,0.03452312210303643,1,0,0.48139450347493057,0.5186054965250695,0.5186054965250695,10.0,scale,0.2504636894544934,1110,1610,1710,1740
2025-11-18,2.7538230419158936,-0.023877761155897015,0,0,0.4842039859753921,0.5157960140246078,0.5157960140246078,10.0,scale,0.2504636894544934,1110,1610,1710,1740
2025-11-19,2.68806791305542,-0.05523552375460039,0,0,0.4749677142096431,0.5250322857903569,0.5250322857903569,10.0,scale,0.2504636894544934,1110,1610,1710,1740
2025-11-20,2.539591073989868,-0.07646939484596837,0,0,0.4938445043592604,0.5061554956407396,0.5061554956407396,10.0,scale,0.2504636894544934,1110,1610,1710,1740
2025-11-21,2.34539008140564,-0.015299454249493416,0,1,0.5059211746810419,0.4940788253189581,0.5059211746810419,10.0,scale,0.2504636894544934,1110,1610,1710,1740
2025-11-22,2.309506893157959,-0.023288454959308647,0,1,0.5487236416992048,0.45127635830079516,0.5487236416992048,10.0,scale,0.2504636894544934,1110,1610,1710,1740
2025-11-23,2.255722045898437,0.037075486535300683,1,1,0.5229124855691223,0.4770875144308777,0.5229124855691223,10.0,scale,0.2504636894544934,1110,1610,1710,1740
2025-11-24,2.3393540382385254,-0.019186071042672226,0,0,0.4792052915866857,0.5207947084133143,0.5207947084133143,10.0,scale,0.2504636894544934,1110,1610,1710,1740
2025-11-25,2.294471025466919,0.021778817293831354,1,1,0.5265295093507373,0.4734704906492627,0.5265295093507373,10.0,scale,0.2504636894544934,1110,1610,1710,1740
2025-11-26,2.3444418907165527,-0.002811263195211522,0,1,0.5137819319044005,0.48621806809559953,0.5137819319044005,10.0,scale,0.2504636894544934,1110,1610,1710,1740
2025-11-27,2.337851047515869,-0.022609701460116205,0,1,0.5130872820821664,0.48691271791783364,0.5130872820821664,10.0,scale,0.2504636894544934,1110,1610,1710,1740
2025-11-28,2.2849929332733154,-0.010797421315104305,0,1,0.5046902329805714,0.49530976701942864,0.5046902329805714,10.0,scale,0.2504636894544934,1110,1610,1710,1740
2025-11-29,2.2603209018707275,-0.01846764396670908,0,1,0.5407780459125653,0.4592219540874347,0.5407780459125653,10.0,scale,0.2504636894544934,1110,1610,1710,1740
2025-11-30,2.218578100204468,-0.0791781882136926,0,1,0.5141011235576453,0.48589887644235474,0.5141011235576453,10.0,scale,0.2504636894544934,1110,1610,1710,1740
2025-12-01,2.042915105819702,0.1003423310230005,1,0,0.4703013676659244,0.5296986323340755,0.5296986323340755,10.0,scale,0.2504636894544934,1110,1610,1710,1740
2025-12-02,2.247905969619751,0.05295150259306958,1,0,0.4282271642662565,0.5717728357337435,0.5717728357337435,10.0,scale,0.2504636894544934,1110,1610,1710,1740
2025-12-03,2.366935968399048,-0.03920676486447072,0,0,0.42153385200436844,0.5784661479956316,0.5784661479956316,10.0,scale,0.2504636894544934,1110,1610,1710,1740
2025-12-04,2.274136066436768,-0.06457748024882137,0,1,0.5203020962001533,0.47969790379984667,0.5203020962001533,10.0,scale,0.2504636894544934,1110,1610,1710,1740
2025-12-05,2.1272780895233154,0.0008498785815691523,1,0,0.47147145737682394,0.5285285426231761,0.5285285426231761,0.1,scale,0.24993043614625396,1140,1640,1740,1770
2025-12-06,2.1290860176086426,-0.017639014588298307,0,0,0.4606144917190803,0.5393855082809197,0.5393855082809197,0.1,scale,0.24993043614625396,1140,1640,1740,1770
2025-12-07,2.0915310382843018,0.019068757575505302,1,0,0.47189342668626116,0.5281065733137389,0.5281065733137389,0.1,scale,0.24993043614625396,1140,1640,1740,1770
2025-12-08,2.1314139366149902,0.07523973136753193,1,0,0.4587350925949434,0.5412649074050566,0.5412649074050566,0.1,scale,0.24993043614625396,1140,1640,1740,1770
2025-12-09,2.291780948638916,-0.04260922268738421,0,0,0.4461345818633825,0.5538654181366175,0.5538654181366175,0.1,scale,0.24993043614625396,1140,1640,1740,1770
2025-12-10,2.194129943847656,-0.057862522558233986,0,0,0.4614406530104063,0.5385593469895937,0.5385593469895937,0.1,scale,0.24993043614625396,1140,1640,1740,1770
2025-12-11,2.067172050476074,-0.026192835627820266,0,0,0.47330889423225864,0.5266911057677414,0.5266911057677414,0.1,scale,0.24993043614625396,1140,1640,1740,1770
2025-12-12,2.0130269527435303,0.013234837261068,1,0,0.47311281435698144,0.5268871856430186,0.5268871856430186,0.1,scale,0.24993043614625396,1140,1640,1740,1770
2025-12-13,2.0396690368652344,-0.04155579572721979,0,0,0.46099620630367383,0.5390037936963261,0.5390037936963261,0.1,scale,0.24993043614625396,1140,1640,1740,1770
2025-12-14,1.9549089670181277,-0.027134761248652106,0,0,0.4748966119221541,0.525103388077846,0.525103388077846,0.1,scale,0.24993043614625396,1140,1640,1740,1770
2025-12-15,1.9018629789352417,-0.0017808718988856498,0,0,0.47469605774912166,0.5253039422508783,0.5253039422508783,0.1,scale,0.24993043614625396,1140,1640,1740,1770
2025-12-16,1.898476004600525,-0.04569613233961911,0,0,0.4723024968482283,0.5276975031517717,0.5276975031517717,0.1,scale,0.24993043614625396,1140,1640,1740,1770
2025-12-17,1.811722993850708,-0.029368198126127676,0,0,0.4822522539348992,0.5177477460651008,0.5177477460651008,0.1,scale,0.24993043614625396,1140,1640,1740,1770
2025-12-18,1.7585159540176392,0.05140812450204213,1,0,0.48113431540200297,0.5188656845979971,0.5188656845979971,0.1,scale,0.24993043614625396,1140,1640,1740,1770
2025-12-19,1.8489179611206052,-0.008729937263085907,0,0,0.458195570561482,0.541804429438518,0.541804429438518,0.1,scale,0.24993043614625396,1140,1640,1740,1770
2025-12-20,1.8327770233154297,-0.017898008435815016,0,0,0.464167502042923,0.535832497957077,0.535832497957077,0.1,scale,0.24993043614625396,1140,1640,1740,1770
2025-12-21,1.799973964691162,-0.009610659477977568,0,0,0.46773260417508083,0.5322673958249191,0.5322673958249191,0.1,scale,0.24993043614625396,1140,1640,1740,1770
2025-12-22,1.78267502784729,-0.010724907219809454,0,0,0.47004230310772555,0.5299576968922745,0.5299576968922745,0.1,scale,0.24993043614625396,1140,1640,1740,1770
2025-12-23,1.7635560035705566,-0.01525891286743486,0,0,0.47317908966481437,0.5268209103351856,0.5268209103351856,0.1,scale,0.24993043614625396,1140,1640,1740,1770
2025-12-24,1.736646056175232,-0.031236110437071085,0,0,0.4743794596554865,0.5256205403445136,0.5256205403445136,0.1,scale,0.24993043614625396,1140,1640,1740,1770
2025-12-25,1.6823999881744385,0.023649553028932013,1,0,0.4785973834505951,0.5214026165494049,0.5214026165494049,0.1,scale,0.24993043614625396,1140,1640,1740,1770
2025-12-26,1.7221879959106443,0.11129215131974246,1,0,0.47006292463245125,0.5299370753675487,0.5299370753675487,0.1,scale,0.24993043614625396,1140,1640,1740,1770
2025-12-27,1.913854002952576,-0.034010936822914895,0,0,0.4457037655566179,0.5542962344433822,0.5542962344433822,0.1,scale,0.24993043614625396,1140,1640,1740,1770
2025-12-28,1.848762035369873,-0.014348546026898834,0,0,0.4563493179164657,0.5436506820835343,0.5436506820835343,0.1,scale,0.24993043614625396,1140,1640,1740,1770
2025-12-29,1.8222349882125852,-0.00625440966792179,0,0,0.4556777497448892,0.5443222502551108,0.5443222502551108,0.1,scale,0.24993043614625396,1140,1640,1740,1770
2025-12-30,1.810837984085083,-0.01194971037648096,0,0,0.4572449706596676,0.5427550293403324,0.5427550293403324,0.1,scale,0.24993043614625396,1140,1640,1740,1770
2025-12-31,1.7891989946365356,0.11559862958544098,1,0,0.459950680724089,0.540049319275911,0.540049319275911,0.1,scale,0.24993043614625396,1140,1640,1740,1770
2026-01-01,1.996027946472168,0.08274931951321252,1,0,0.45246224765916015,0.5475377523408398,0.5475377523408398,0.1,scale,0.24993043614625396,1140,1640,1740,1770
2026-01-02,2.1611979007720947,-0.016730906555204483,0,0,0.45145120192001953,0.5485487980799805,0.5485487980799805,0.1,scale,0.24993043614625396,1140,1640,1740,1770
2026-01-03,2.1250391006469727,0.006969660251361587,1,0,0.4566588226905903,0.5433411773094097,0.5433411773094097,0.1,scale,0.24993043614625396,1140,1640,1740,1770
2026-01-04,2.139849901199341,0.032035454215352255,1,0,0.40355586038359853,0.5964441396164015,0.5964441396164015,1.0,0.01,0.24482434992055727,1170,1670,1770,1800
2026-01-05,2.2084009647369385,0.011645950076138556,1,0,0.40064111371554245,0.5993588862844575,0.5993588862844575,1.0,0.01,0.24482434992055727,1170,1670,1770,1800
2026-01-06,2.2341198921203613,-0.0407318524001401,0,0,0.40776774882402755,0.5922322511759724,0.5922322511759724,1.0,0.01,0.24482434992055727,1170,1670,1770,1800
2026-01-07,2.143120050430298,-0.015498453258503186,0,0,0.4385544944099972,0.5614455055900027,0.5614455055900027,1.0,0.01,0.24482434992055727,1170,1670,1770,1800
2026-01-08,2.1099050045013428,-0.014072640484868004,0,0,0.4527856254384574,0.5472143745615425,0.5472143745615425,1.0,0.01,0.24482434992055727,1170,1670,1770,1800
2026-01-09,2.0802130699157715,0.00475137896121125,1,0,0.46465879768973306,0.5353412023102669,0.5353412023102669,1.0,0.01,0.24482434992055727,1170,1670,1770,1800
2026-01-10,2.090096950531006,-0.01144972076661821,0,0,0.45432042505468156,0.5456795749453185,0.5456795749453185,1.0,0.01,0.24482434992055727,1170,1670,1770,1800
2026-01-11,2.0661659240722656,-0.0066964162080225265,0,0,0.4561336684532936,0.5438663315467064,0.5438663315467064,1.0,0.01,0.24482434992055727,1170,1670,1770,1800
2026-01-12,2.052330017089844,0.11176861875146371,1,0,0.45271239732177687,0.5472876026782232,0.5472876026782232,1.0,0.01,0.24482434992055727,1170,1670,1770,1800
2026-01-13,2.281716108322144,-0.024393506057494685,0,0,0.39845789860263137,0.6015421013973686,0.6015421013973686,1.0,0.01,0.24482434992055727,1170,1670,1770,1800
2026-01-14,2.2260570526123047,-0.048969556891255595,0,0,0.4231336692916697,0.5768663307083304,0.5768663307083304,1.0,0.01,0.24482434992055727,1170,1670,1770,1800
2026-01-15,2.1170480251312256,0.0009640135759239055,1,0,0.4347614577176375,0.5652385422823625,0.5652385422823625,1.0,0.01,0.24482434992055727,1170,1670,1770,1800
2026-01-16,2.119088888168335,0.027371194955774003,1,0,0.4300976505167253,0.5699023494832747,0.5699023494832747,1.0,0.01,0.24482434992055727,1170,1670,1770,1800
2026-01-17,2.177090883255005,-0.05021420089688511,0,0,0.41438537315252716,0.5856146268474729,0.5856146268474729,1.0,0.01,0.24482434992055727,1170,1670,1770,1800
2026-01-18,2.067770004272461,-0.018961458601411074,0,0,0.4444751658753762,0.5555248341246237,0.5555248341246237,1.0,0.01,0.24482434992055727,1170,1670,1770,1800
2026-01-19,2.028562068939209,-0.06490810382109191,0,0,0.4325942603426175,0.5674057396573825,0.5674057396573825,1.0,0.01,0.24482434992055727,1170,1670,1770,1800
2026-01-20,1.896891951560974,0.027707966229610248,1,0,0.489955801398308,0.5100441986016919,0.5100441986016919,1.0,0.01,0.24482434992055727,1170,1670,1770,1800
2026-01-21,1.949450969696045,-0.01287694503454373,0,0,0.4462671081742431,0.5537328918257569,0.5537328918257569,1.0,0.01,0.24482434992055727,1170,1670,1770,1800
2026-01-22,1.924347996711731,-6.547891507679982e-05,0,0,0.45682391189145694,0.543176088108543,0.543176088108543,1.0,0.01,0.24482434992055727,1170,1670,1770,1800
2026-01-23,1.924221992492676,0.0012737938824189943,1,0,0.4399161114498798,0.5600838885501203,0.5600838885501203,1.0,0.01,0.24482434992055727,1170,1670,1770,1800
2026-01-24,1.9266730546951292,-0.054507998803373536,0,0,0.4464423006069817,0.5535576993930182,0.5535576993930182,1.0,0.01,0.24482434992055727,1170,1670,1770,1800
2026-01-25,1.821653962135315,0.02894842734583758,1,0,0.4560475623295181,0.5439524376704818,0.5439524376704818,1.0,0.01,0.24482434992055727,1170,1670,1770,1800
2026-01-26,1.8743879795074463,0.0003206663959041123,1,0,0.4409731438660936,0.5590268561339065,0.5590268561339065,1.0,0.01,0.24482434992055727,1170,1670,1770,1800
2026-01-27,1.874989032745361,-0.0037995242790369588,0,0,0.44374283266063147,0.5562571673393686,0.5562571673393686,1.0,0.01,0.24482434992055727,1170,1670,1770,1800
2026-01-28,1.867864966392517,-0.07239009631058235,0,0,0.43893350542585835,0.5610664945741417,0.5610664945741417,1.0,0.01,0.24482434992055727,1170,1670,1770,1800
2026-01-29,1.7326500415802002,-0.026582986354831584,0,0,0.47688886752669646,0.5231111324733035,0.5231111324733035,1.0,0.01,0.24482434992055727,1170,1670,1770,1800
2026-01-30,1.6865910291671753,-0.08452433112991231,0,0,0.4767419907941755,0.5232580092058245,0.5232580092058245,1.0,0.01,0.24482434992055727,1170,1670,1770,1800
2026-01-31,1.5440330505371094,-0.030539546372038706,0,1,0.5096285097546778,0.49037149024532223,0.5096285097546778,1.0,0.01,0.24482434992055727,1170,1670,1770,1800
2026-02-01,1.496878981590271,0.03067852612276245,1,1,0.5456165756391372,0.45438342436086276,0.5456165756391372,1.0,0.01,0.24482434992055727,1170,1670,1770,1800
2026-02-02,1.542801022529602,-0.03230555697428361,0,1,0.5143265330997202,0.4856734669002798,0.5143265330997202,1.0,0.01,0.24482434992055727,1170,1670,1770,1800
2026-02-03,1.492959976196289,-0.02160341032346591,0,1,0.5122600130715285,0.48773998692847154,0.5122600130715285,1.0,0.01,0.24433161595654973,1200,1700,1800,1830
2026-02-04,1.4607069492340088,-0.148305541903902,0,1,0.509519133174389,0.490480866825611,0.509519133174389,1.0,0.01,0.24433161595654973,1200,1700,1800,1830
2026-02-05,1.2440760135650637,0.09864023473979544,1,1,0.5460725406994912,0.4539274593005088,0.5460725406994912,1.0,0.01,0.24433161595654973,1200,1700,1800,1830
2026-02-06,1.3667919635772705,0.003995470927432354,1,0,0.4772616858826392,0.5227383141173608,0.5227383141173608,1.0,0.01,0.24433161595654973,1200,1700,1800,1830
2026-02-07,1.3722529411315918,-0.025614066605208152,0,0,0.4809887214591471,0.5190112785408529,0.5190112785408529,1.0,0.01,0.24433161595654973,1200,1700,1800,1830
2026-02-08,1.3371039628982544,-0.013835850427065033,0,0,0.47235514800236217,0.5276448519976378,0.5276448519976378,1.0,0.01,0.24433161595654973,1200,1700,1800,1830
2026-02-09,1.3186039924621582,-0.02754805694689899,0,0,0.4858886218752347,0.5141113781247653,0.5141113781247653,1.0,0.01,0.24433161595654973,1200,1700,1800,1830
2026-02-10,1.2822790145874023,-0.021574138737601056,0,0,0.49261553630057825,0.5073844636994218,0.5073844636994218,1.0,0.01,0.24433161595654973,1200,1700,1800,1830
2026-02-11,1.2546149492263794,0.02145523106002556,1,0,0.49195838322551505,0.508041616774485,0.508041616774485,1.0,0.01,0.24433161595654973,1200,1700,1800,1830
2026-02-12,1.2815330028533936,0.03733345314418868,1,0,0.48224953517104724,0.5177504648289528,0.5177504648289528,1.0,0.01,0.24433161595654973,1200,1700,1800,1830
2026-02-13,1.329377055168152,0.06898260459486472,1,0,0.47394843794252783,0.5260515620574722,0.5260515620574722,1.0,0.01,0.24433161595654973,1200,1700,1800,1830
2026-02-14,1.4210809469223022,-0.04524301077830528,0,0,0.44234031344307967,0.5576596865569203,0.5576596865569203,1.0,0.01,0.24433161595654973,1200,1700,1800,1830
2026-02-15,1.3567869663238523,0.013829043028746435,1,0,0.47186683220328696,0.528133167796713,0.528133167796713,1.0,0.01,0.24433161595654973,1200,1700,1800,1830
2026-02-16,1.3755500316619873,-0.021123239116210613,0,0,0.4607827482347192,0.5392172517652808,0.5392172517652808,1.0,0.01,0.24433161595654973,1200,1700,1800,1830
2026-02-17,1.34649395942688,-0.02644342159198476,0,0,0.4829683990807026,0.5170316009192975,0.5170316009192975,1.0,0.01,0.24433161595654973,1200,1700,1800,1830
2026-02-18,1.3108880519866943,-0.01892006621000142,0,0,0.48741475271515583,0.5125852472848442,0.5125852472848442,1.0,0.01,0.24433161595654973,1200,1700,1800,1830
2026-02-19,1.2860859632492063,0.04297226177833746,1,1,0.5009685929161578,0.4990314070838422,0.5009685929161578,1.0,0.01,0.24433161595654973,1200,1700,1800,1830
2026-02-20,1.3413519859313965,0.013072609889943854,1,0,0.47021209765931005,0.52978790234069,0.52978790234069,1.0,0.01,0.24433161595654973,1200,1700,1800,1830
2026-02-21,1.358886957168579,-0.03428100466963824,0,0,0.4720922203162299,0.5279077796837701,0.5279077796837701,1.0,0.01,0.24433161595654973,1200,1700,1800,1830
2026-02-22,1.3123029470443726,-0.03665002936395345,0,0,0.4878616591975258,0.5121383408024742,0.5121383408024742,1.0,0.01,0.24433161595654973,1200,1700,1800,1830
2026-02-23,1.2642070055007937,-0.019394740393083088,0,0,0.49605576923482064,0.5039442307651794,0.5039442307651794,1.0,0.01,0.24433161595654973,1200,1700,1800,1830
2026-02-24,1.2396880388259888,0.3362151738340535,1,1,0.50629143608233,0.49370856391767004,0.50629143608233,1.0,0.01,0.24433161595654973,1200,1700,1800,1830
2026-02-25,1.6564899682998655,-0.03074027869882956,0,1,0.5035799096167857,0.49642009038321433,0.5035799096167857,1.0,0.01,0.24433161595654973,1200,1700,1800,1830
2026-02-26,1.6055690050125122,-0.0037843146324728627,0,0,0.3919626535926543,0.6080373464073456,0.6080373464073456,1.0,0.01,0.24433161595654973,1200,1700,1800,1830
2026-02-27,1.5994930267333984,0.04448035106338577,1,0,0.38826392905547547,0.6117360709445245,0.6117360709445245,1.0,0.01,0.24433161595654973,1200,1700,1800,1830
2026-02-28,1.6706390380859375,-0.07992030446537035,0,0,0.40156025316140304,0.5984397468385969,0.5984397468385969,1.0,0.01,0.24433161595654973,1200,1700,1800,1830
2026-03-01,1.537121057510376,-0.018128699598101705,0,0,0.41254489443993914,0.5874551055600609,0.5874551055600609,1.0,0.01,0.24433161595654973,1200,1700,1800,1830
2026-03-02,1.509255051612854,0.013886285657912723,1,0,0.40560432539859875,0.5943956746014012,0.5943956746014012,1.0,0.01,0.24433161595654973,1200,1700,1800,1830
2026-03-03,1.5302129983901978,0.007826987049363021,1,0,0.4054976696629112,0.5945023303370889,0.5945023303370889,1.0,0.01,0.24433161595654973,1200,1700,1800,1830
2026-03-04,1.5421899557113647,-0.00773056639004277,0,0,0.4188969257655516,0.5811030742344484,0.5811030742344484,1.0,0.01,0.24433161595654973,1200,1700,1800,1830
2026-03-05,1.5302679538726809,-0.0278134347624156,0,0,0.42768536200667046,0.5723146379933295,0.5723146379933295,0.1,scale,0.2417374234650034,1230,1730,1830,1860
2026-03-06,1.487705945968628,-0.02775481174270511,0,0,0.4324332347786872,0.5675667652213128,0.5675667652213128,0.1,scale,0.2417374234650034,1230,1730,1830,1860
2026-03-07,1.4464149475097656,0.003621406285851503,1,0,0.4385527510740433,0.5614472489259568,0.5614472489259568,0.1,scale,0.2417374234650034,1230,1730,1830,1860
2026-03-08,1.451653003692627,0.02798261164910465,1,0,0.43411230798377953,0.5658876920162205,0.5658876920162205,0.1,scale,0.2417374234650034,1230,1730,1830,1860
2026-03-09,1.492274045944214,-0.004085044202387977,0,0,0.42736080710634045,0.5726391928936596,0.5726391928936596,0.1,scale,0.2417374234650034,1230,1730,1830,1860
2026-03-10,1.4861780405044556,0.024048274780589907,1,0,0.42833107816935667,0.5716689218306433,0.5716689218306433,0.1,scale,0.2417374234650034,1230,1730,1830,1860
2026-03-11,1.5219180583953855,-0.0035008844050969934,0,0,0.4181602901279785,0.5818397098720215,0.5818397098720215,0.1,scale,0.2417374234650034,1230,1730,1830,1860
2026-03-12,1.5165899991989136,-0.03431577496099503,0,0,0.4218354312254542,0.5781645687745458,0.5781645687745458,0.1,scale,0.2417374234650034,1230,1730,1830,1860
2026-03-13,1.464547038078308,-0.034473454136339954,0,0,0.4308320188875234,0.5691679811124766,0.5691679811124766,0.1,scale,0.2417374234650034,1230,1730,1830,1860
2026-03-14,1.414059042930603,0.017996394701832008,1,0,0.44083303821322106,0.5591669617867789,0.5591669617867789,0.1,scale,0.2417374234650034,1230,1730,1830,1860
2026-03-15,1.439507007598877,0.14023341553862134,1,0,0.4314916766631574,0.5685083233368426,0.5685083233368426,0.1,scale,0.2417374234650034,1230,1730,1830,1860
2026-03-16,1.6413739919662476,-0.012387751098621669,0,0,0.4394236630137649,0.5605763369862351,0.5605763369862351,0.1,scale,0.2417374234650034,1230,1730,1830,1860
2026-03-17,1.6210410594940186,-0.028001780813717625,0,0,0.4176201487156355,0.5823798512843645,0.5823798512843645,0.1,scale,0.2417374234650034,1230,1730,1830,1860
2026-03-18,1.5756490230560305,-0.03245968867642324,0,0,0.4144724562551016,0.5855275437448983,0.5855275437448983,0.1,scale,0.2417374234650034,1230,1730,1830,1860
2026-03-19,1.5245039463043213,-0.016148144742301196,0,0,0.42661258167185817,0.5733874183281418,0.5733874183281418,0.1,scale,0.2417374234650034,1230,1730,1830,1860
2026-03-20,1.4998860359191897,-0.023814500702434627,0,0,0.42656418194872736,0.5734358180512726,0.5734358180512726,0.1,scale,0.2417374234650034,1230,1730,1830,1860
2026-03-21,1.4641669988632202,-0.035965183459187644,0,0,0.43116947740664546,0.5688305225933545,0.5688305225933545,0.1,scale,0.2417374234650034,1230,1730,1830,1860
2026-03-22,1.4115079641342163,0.00587673567197311,1,0,0.4399702120112735,0.5600297879887265,0.5600297879887265,0.1,scale,0.2417374234650034,1230,1730,1830,1860
2026-03-23,1.419803023338318,-0.01369275050710872,0,0,0.4416772758669801,0.55832272413302,0.55832272413302,0.1,scale,0.2417374234650034,1230,1730,1830,1860
2026-03-24,1.4003620147705078,-0.02791066177422008,0,0,0.4396611352799628,0.5603388647200371,0.5603388647200371,0.1,scale,0.2417374234650034,1230,1730,1830,1860
2026-03-25,1.3612769842147827,-0.028221982606691398,0,0,0.44240929409430857,0.5575907059056915,0.5575907059056915,0.1,scale,0.2417374234650034,1230,1730,1830,1860
2026-03-26,1.3228590488433838,-0.024366974481086934,0,0,0.44715975349616904,0.5528402465038309,0.5528402465038309,0.1,scale,0.2417374234650034,1230,1730,1830,1860
2026-03-27,1.290624976158142,-0.025891357604599152,0,0,0.46310649938584125,0.5368935006141587,0.5368935006141587,0.1,scale,0.2417374234650034,1230,1730,1830,1860
2026-03-28,1.2572089433670044,0.0006371943422831539,1,0,0.46390131289811726,0.5360986871018827,0.5360986871018827,0.1,scale,0.2417374234650034,1230,1730,1830,1860
2026-03-29,1.2580100297927856,-0.012485604740208767,0,0,0.457754665008926,0.5422453349910741,0.5422453349910741,0.1,scale,0.2417374234650034,1230,1730,1830,1860
2026-03-30,1.2423030138015747,0.007499813121204069,1,0,0.4639246646571363,0.5360753353428638,0.5360753353428638,0.1,scale,0.2417374234650034,1230,1730,1830,1860
2026-03-31,1.2516200542449951,0.0027164538757160628,1,0,0.46092259292732113,0.5390774070726789,0.5390774070726789,0.1,scale,0.2417374234650034,1230,1730,1830,1860
2026-04-01,1.255020022392273,-0.014870717925780097,0,0,0.4633860433387644,0.5366139566612356,0.5366139566612356,0.1,scale,0.2417374234650034,1230,1730,1830,1860
2026-04-02,1.2363569736480713,0.0008266069275308929,1,0,0.4643261286295357,0.5356738713704643,0.5356738713704643,0.1,scale,0.2417374234650034,1230,1730,1830,1860
2026-04-03,1.23737895488739,0.011606003032595735,1,0,0.46329262196265164,0.5367073780373484,0.5367073780373484,0.1,scale,0.2417374234650034,1230,1730,1830,1860
2026-04-04,1.2517399787902832,-0.00697109697995002,0,0,0.48295100621428977,0.5170489937857102,0.5170489937857102,1.0,scale,0.23876774580527144,1260,1760,1860,1890
2026-04-05,1.2430139780044556,-0.0004038492946830674,0,0,0.45250617097511264,0.5474938290248874,0.5474938290248874,1.0,scale,0.23876774580527144,1260,1760,1860,1890
2026-04-06,1.2425119876861572,0.06041065549029989,1,0,0.4788436307702054,0.5211563692297946,0.5211563692297946,1.0,scale,0.23876774580527144,1260,1760,1860,1890
2026-04-07,1.3175729513168335,-0.03689130967610077,0,0,0.4394876999312988,0.5605123000687011,0.5605123000687011,1.0,scale,0.23876774580527144,1260,1760,1860,1890
2026-04-08,1.2689659595489502,0.024252836439903724,1,0,0.46429812618151156,0.5357018738184884,0.5357018738184884,1.0,scale,0.23876774580527144,1260,1760,1860,1890
2026-04-09,1.2997419834136963,0.004312380801439808,1,0,0.46651692834219977,0.5334830716578003,0.5334830716578003,1.0,scale,0.23876774580527144,1260,1760,1860,1890
2026-04-10,1.305346965789795,-0.013695196110627528,0,0,0.485146292469335,0.514853707530665,0.514853707530665,1.0,scale,0.23876774580527144,1260,1760,1860,1890
2026-04-11,1.2874699831008911,-0.04987842220812977,0,0,0.49476271156393853,0.5052372884360614,0.5052372884360614,1.0,scale,0.23876774580527144,1260,1760,1860,1890
2026-04-12,1.2232530117034912,0.00595952400210864,1,0,0.485333421373001,0.514666578626999,0.514666578626999,1.0,scale,0.23876774580527144,1260,1760,1860,1890
2026-04-13,1.23054301738739,-0.05307984670056576,0,0,0.4106157109294925,0.5893842890705074,0.5893842890705074,1.0,scale,0.23876774580527144,1260,1760,1860,1890
2026-04-14,1.1652259826660156,0.01318372962479164,1,1,0.5074826896689945,0.49251731033100554,0.5074826896689945,1.0,scale,0.23876774580527144,1260,1760,1860,1890
2026-04-15,1.1805880069732666,0.12740256212708845,1,1,0.5170543950515732,0.48294560494842675,0.5170543950515732,1.0,scale,0.23876774580527144,1260,1760,1860,1890
2026-04-16,1.3309979438781738,0.003958721816498034,1,0,0.4110027001039599,0.5889972998960401,0.5889972998960401,1.0,scale,0.23876774580527144,1260,1760,1860,1890
2026-04-17,1.3362669944763184,-0.046663609713972765,0,0,0.41260972108667193,0.5873902789133281,0.5873902789133281,1.0,scale,0.23876774580527144,1260,1760,1860,1890
2026-04-18,1.273911952972412,-0.026362888425493947,0,0,0.4477269446065849,0.5522730553934151,0.5522730553934151,1.0,scale,0.23876774580527144,1260,1760,1860,1890
2026-04-19,1.2403279542922974,0.032549467184064707,1,0,0.46271200998995876,0.5372879900100412,0.5372879900100412,1.0,scale,0.23876774580527144,1260,1760,1860,1890
2026-04-20,1.2806999683380127,-0.000701926504822814,0,0,0.4232595748612766,0.5767404251387234,0.5767404251387234,1.0,scale,0.23876774580527144,1260,1760,1860,1890
2026-04-21,1.2798010110855105,-0.00664639234766029,0,0,0.4326997412069544,0.5673002587930456,0.5673002587930456,1.0,scale,0.23876774580527144,1260,1760,1860,1890
2026-04-22,1.2712949514389038,-0.023532699229539045,0,0,0.450592000653525,0.549407999346475,0.549407999346475,1.0,scale,0.23876774580527144,1260,1760,1860,1890
2026-04-23,1.2413779497146606,0.010161298392182383,1,0,0.4785169946014158,0.5214830053985842,0.5214830053985842,1.0,scale,0.23876774580527144,1260,1760,1860,1890
2026-04-24,1.253991961479187,-0.005923427789080393,0,0,0.47061214255872375,0.5293878574412763,0.5293878574412763,1.0,scale,0.23876774580527144,1260,1760,1860,1890
2026-04-25,1.2465640306472778,0.012621860493182702,1,0,0.4783784195194496,0.5216215804805504,0.5216215804805504,1.0,scale,0.23876774580527144,1260,1760,1860,1890
2026-04-26,1.2622979879379272,-0.022262604043867373,0,0,0.49390261110832856,0.5060973888916714,0.5060973888916714,1.0,scale,0.23876774580527144,1260,1760,1860,1890
2026-04-27,1.2341959476470947,-0.004100573485301795,0,0,0.48654022805946295,0.513459771940537,0.513459771940537,1.0,scale,0.23876774580527144,1260,1760,1860,1890
2026-04-28,1.229135036468506,-0.014528939361434512,0,1,0.5119564368513054,0.48804356314869457,0.5119564368513054,1.0,scale,0.23876774580527144,1260,1760,1860,1890
2026-04-29,1.2112770080566406,-0.006484053425041547,0,1,0.5045568297295795,0.4954431702704205,0.5045568297295795,1.0,scale,0.23876774580527144,1260,1760,1860,1890
2026-04-30,1.203423023223877,-0.0005799875661760545,0,0,0.47240003435421934,0.5275999656457806,0.5275999656457806,1.0,scale,0.23876774580527144,1260,1760,1860,1890
2026-05-01,1.2027250528335571,0.02006940300156934,1,0,0.4456423343264827,0.5543576656735173,0.5543576656735173,1.0,scale,0.23876774580527144,1260,1760,1860,1890
2026-05-02,1.2268630266189575,-0.01365433977546704,0,0,0.44728137082971553,0.5527186291702845,0.5527186291702845,1.0,scale,0.23876774580527144,1260,1760,1860,1890
2026-05-03,1.2101110219955444,0.014894474486479181,1,0,0.4404180841080859,0.5595819158919141,0.5595819158919141,1.0,scale,0.23876774580527144,1260,1760,1860,1890
2026-05-04,1.2281349897384644,0.041668870857823226,1,0,0.42079090630564386,0.5792090936943561,0.5792090936943561,1.0,0.01,0.23841965914059696,1290,1790,1890,1920
2026-05-05,1.2793099880218506,0.030504778863974957,1,0,0.4090372336384833,0.5909627663615167,0.5909627663615167,1.0,0.01,0.23841965914059696,1290,1790,1890,1920
2026-05-06,1.3183350563049316,-0.00754743016454662,0,0,0.40230195414684583,0.5976980458531542,0.5976980458531542,1.0,0.01,0.23841965914059696,1290,1790,1890,1920
2026-05-07,1.3083850145339966,0.0481906612428431,1,0,0.42153371929431793,0.5784662807056821,0.5784662807056821,1.0,0.01,0.23841965914059696,1290,1790,1890,1920
2026-05-08,1.3714369535446167,-0.018491545052100267,0,0,0.40376087857483073,0.5962391214251692,0.5962391214251692,1.0,0.01,0.23841965914059696,1290,1790,1890,1920
2026-05-09,1.3460769653320312,0.02696800981108982,1,0,0.4250781022348701,0.5749218977651299,0.5749218977651299,1.0,0.01,0.23841965914059696,1290,1790,1890,1920
2026-05-10,1.3823779821395874,-0.01409018640287052,0,0,0.40538012927079803,0.594619870729202,0.594619870729202,1.0,0.01,0.23841965914059696,1290,1790,1890,1920
2026-05-11,1.3629000186920166,-0.020727844032372045,0,0,0.43092308083574243,0.5690769191642575,0.5690769191642575,1.0,0.01,0.23841965914059696,1290,1790,1890,1920
2026-05-12,1.3346500396728516,-0.005077771632646888,0,0,0.43773221742078555,0.5622677825792144,0.5622677825792144,1.0,0.01,0.23841965914059696,1290,1790,1890,1920
2026-05-13,1.3278729915618896,0.02644679426512564,1,0,0.43419634410729635,0.5658036558927036,0.5658036558927036,1.0,0.01,0.23841965914059696,1290,1790,1890,1920
2026-05-14,1.3629909753799438,-0.03345657538917979,0,0,0.43204839483316854,0.5679516051668314,0.5679516051668314,1.0,0.01,0.23841965914059696,1290,1790,1890,1920
2026-05-15,1.317389965057373,-0.037378468759761474,0,0,0.45120928144243927,0.5487907185575607,0.5487907185575607,1.0,0.01,0.23841965914059696,1290,1790,1890,1920
2026-05-16,1.2681479454040527,-0.015459490678507493,0,0,0.465989359559769,0.5340106404402309,0.5340106404402309,1.0,0.01,0.23841965914059696,1290,1790,1890,1920
2026-05-17,1.2485430240631104,0.0009643350699639619,1,0,0.47027513769578133,0.5297248623042187,0.5297248623042187,1.0,0.01,0.23841965914059696,1290,1790,1890,1920
2026-05-18,1.2497470378875732,-0.02037613278901851,0,0,0.454946949803572,0.545053050196428,0.545053050196428,1.0,0.01,0.23841965914059696,1290,1790,1890,1920
2026-05-19,1.2242820262908936,0.018901712187179287,1,0,0.4670212873528479,0.5329787126471521,0.5329787126471521,1.0,0.01,0.23841965914059696,1290,1790,1890,1920
2026-05-20,1.2474230527877808,0.03233298703964582,1,0,0.439266737818382,0.560733262181618,0.560733262181618,1.0,0.01,0.23841965914059696,1290,1790,1890,1920
2026-05-21,1.2877559661865234,-0.02361939110278377,0,0,0.4205938880933154,0.5794061119066847,0.5794061119066847,1.0,0.01,0.23841965914059696,1290,1790,1890,1920
2026-05-22,1.2573399543762207,0.027323592354919768,1,0,0.43065416656223604,0.5693458334377639,0.5693458334377639,1.0,0.01,0.23841965914059696,1290,1790,1890,1920
2026-05-23,1.29169499874115,-0.03642888303591807,0,0,0.421534883481082,0.5784651165189181,0.5784651165189181,1.0,0.01,0.23841965914059696,1290,1790,1890,1920
2026-05-24,1.2446399927139282,0.01332034326498266,1,0,0.4466698979991336,0.5533301020008664,0.5533301020008664,1.0,0.01,0.23841965914059696,1290,1790,1890,1920
2026-05-25,1.2612190246582031,-0.010149744722809495,0,0,0.4264148761723623,0.5735851238276377,0.5735851238276377,1.0,0.01,0.23841965914059696,1290,1790,1890,1920
2026-05-26,1.2484179735183716,-0.015667813067170577,0,0,0.4304263222104685,0.5695736777895315,0.5695736777895315,1.0,0.01,0.23841965914059696,1290,1790,1890,1920
2026-05-27,1.2288579940795898,-0.013106485501932053,0,0,0.44240328892110586,0.5575967110788942,0.5575967110788942,1.0,0.01,0.23841965914059696,1290,1790,1890,1920
2026-05-28,1.2127519845962524,-0.017026528557446574,0,0,0.449875051039207,0.550124948960793,0.550124948960793,1.0,0.01,0.23841965914059696,1290,1790,1890,1920
2026-05-29,1.1921030282974243,-0.004201864284153589,0,0,0.4567306028292446,0.5432693971707554,0.5432693971707554,1.0,0.01,0.23841965914059696,1290,1790,1890,1920
2026-05-30,1.18709397315979,-0.0006461093951375396,0,0,0.4608704059243549,0.5391295940756451,0.5391295940756451,1.0,0.01,0.23841965914059696,1290,1790,1890,1920
2026-05-31,1.1863269805908203,-0.025968403976352805,0,0,0.45900321517276804,0.5409967848272319,0.5409967848272319,1.0,0.01,0.23841965914059696,1290,1790,1890,1920
2026-06-01,1.155519962310791,-0.06809575038346449,0,0,0.4600541441522698,0.5399458558477301,0.5399458558477301,1.0,0.01,0.23841965914059696,1290,1790,1890,1920
2026-06-02,1.076833963394165,0.024799576846938454,1,0,0.487511023420288,0.512488976579712,0.512488976579712,1.0,0.01,0.23841965914059696,1290,1790,1890,1920
2026-06-03,1.103538990020752,-0.061194064354106126,0,0,0.45109570328894427,0.5489042967110558,0.5489042967110558,1.0,0.01,0.23688109906139093,1320,1820,1920,1950
2026-06-04,1.0360089540481567,-0.08909764525716257,0,0,0.4821003737369617,0.5178996262630383,0.5178996262630383,1.0,0.01,0.23688109906139093,1320,1820,1920,1950
2026-06-05,0.94370299577713,-0.0009484163449223759,0,1,0.5039516288567525,0.4960483711432475,0.5039516288567525,1.0,0.01,0.23688109906139093,1320,1820,1920,1950
2026-06-06,0.9428079724311828,0.029499118487127385,1,0,0.4908341275336895,0.5091658724663105,0.5091658724663105,1.0,0.01,0.23688109906139093,1320,1820,1920,1950
2026-06-07,0.9706199765205384,0.002934237091294145,1,0,0.4551967636507341,0.5448032363492659,0.5448032363492659,1.0,0.01,0.23688109906139093,1320,1820,1920,1950
2026-06-08,0.973468005657196,-0.01610327353834773,0,0,0.440916899018224,0.559083100981776,0.559083100981776,1.0,0.01,0.23688109906139093,1320,1820,1920,1950
2026-06-09,0.9577919840812684,-0.043691105460093915,0,0,0.44576173179576245,0.5542382682042375,0.5542382682042375,1.0,0.01,0.23688109906139093,1320,1820,1920,1950
2026-06-10,0.9159449934959412,0.03766387299751983,1,0,0.4694295784804052,0.5305704215195948,0.5305704215195948,1.0,0.01,0.23688109906139093,1320,1820,1920,1950
2026-06-11,0.9504430294036864,0.006228666780218273,1,0,0.4289881526299304,0.5710118473700696,0.5710118473700696,1.0,0.01,0.23688109906139093,1320,1820,1920,1950
2026-06-12,0.9563630223274232,0.024645454262728794,1,0,0.434003344616476,0.5659966553835241,0.5659966553835241,1.0,0.01,0.23688109906139093,1320,1820,1920,1950
2026-06-13,0.9799330234527588,0.014887703256606821,1,0,0.416008212139429,0.5839917878605709,0.5839917878605709,1.0,0.01,0.23688109906139093,1320,1820,1920,1950
2026-06-14,0.994521975517273,0.01587000780926462,1,0,0.41600067145793357,0.5839993285420664,0.5839993285420664,1.0,0.01,0.23688109906139093,1320,1820,1920,1950
2026-06-15,1.0103050470352173,0.0014588699327306998,1,0,0.40711607792330345,0.5928839220766966,0.5928839220766966,1.0,0.01,0.23688109906139093,1320,1820,1920,1950
2026-06-16,1.0117789506912231,-0.009489223871055219,0,0,0.41667164443815,0.58332835556185,0.58332835556185,1.0,0.01,0.23688109906139093,1320,1820,1920,1950
2026-06-17,1.0021779537200928,-0.02957750784536184,0,0,0.4249071913621632,0.5750928086378368,0.5750928086378368,1.0,0.01,0.23688109906139093,1320,1820,1920,1950
2026-06-18,0.972536027431488,-0.012294710974760648,0,0,0.4478568522898352,0.5521431477101648,0.5521431477101648,1.0,0.01,0.23688109906139093,1320,1820,1920,1950
2026-06-19,0.960578978061676,0.00782652298443498,1,0,0.45488545763814586,0.5451145423618542,0.5451145423618542,1.0,0.01,0.23688109906139093,1320,1820,1920,1950
2026-06-20,0.9680969715118408,-0.02792173265660114,0,0,0.44898572762319666,0.5510142723768033,0.5510142723768033,1.0,0.01,0.23688109906139093,1320,1820,1920,1950
2026-06-21,0.941066026687622,-0.006501137412445512,0,0,0.4581941918111796,0.5418058081888204,0.5418058081888204,1.0,0.01,0.23688109906139093,1320,1820,1920,1950
2026-06-22,0.9349480271339417,-0.02767645310335931,0,0,0.45186553060802837,0.5481344693919716,0.5481344693919716,1.0,0.01,0.23688109906139093,1320,1820,1920,1950
2026-06-23,0.9090719819068908,-0.02486379056704302,0,0,0.4659273820340252,0.5340726179659748,0.5340726179659748,1.0,0.01,0.23688109906139093,1320,1820,1920,1950
2026-06-24,0.8864690065383911,-0.0504394626263458,0,0,0.46809078265732657,0.5319092173426734,0.5319092173426734,1.0,0.01,0.23688109906139093,1320,1820,1920,1950
2026-06-25,0.8417559862136841,0.010536298492556773,1,0,0.48718619819447656,0.5128138018055235,0.5128138018055235,1.0,0.01,0.23688109906139093,1320,1820,1920,1950
2026-06-26,0.8506249785423279,-0.041974984582498376,0,0,0.459705343561796,0.5402946564382041,0.5402946564382041,1.0,0.01,0.23688109906139093,1320,1820,1920,1950
2026-06-27,0.8149200081825256,-0.006569954306178127,0,0,0.4857581802010515,0.5142418197989485,0.5142418197989485,1.0,0.01,0.23688109906139093,1320,1820,1920,1950
2026-06-28,0.8095660209655762,0.01750562351018936,1,0,0.4610215549786157,0.5389784450213844,0.5389784450213844,1.0,0.01,0.23688109906139093,1320,1820,1920,1950
2026-06-29,0.8237379789352417,-0.0037499195008983133,0,0,0.44611680451633956,0.5538831954836605,0.5538831954836605,1.0,0.01,0.23688109906139093,1320,1820,1920,1950
2026-06-30,0.8206490278244019,0.008552966159861342,1,0,0.4418297406768182,0.5581702593231819,0.5581702593231819,1.0,0.01,0.23688109906139093,1320,1820,1920,1950
2026-07-01,0.8276680111885071,0.015322521697267666,1,0,0.43312841927730245,0.5668715807226976,0.5668715807226976,1.0,0.01,0.23688109906139093,1320,1820,1920,1950
2026-07-02,0.8403499722480774,0.04795388351563212,1,0,0.4278268464679989,0.5721731535320012,0.5721731535320012,1.0,0.01,0.23688109906139093,1320,1820,1920,1950
2026-07-03,0.8806480169296265,0.003327078999665778,1,0,0.43644680151925846,0.5635531984807416,0.5635531984807416,10.0,scale,0.24357134315315168,1350,1850,1950,1980
2026-07-04,0.8835780024528503,-0.0047228210455505515,0,0,0.44594954122323094,0.5540504587767691,0.5540504587767691,10.0,scale,0.24357134315315168,1350,1850,1950,1980
2026-07-05,0.8794050216674805,0.005807319088668272,1,0,0.4450758942095836,0.5549241057904164,0.5549241057904164,10.0,scale,0.24357134315315168,1350,1850,1950,1980
2026-07-06,0.8845120072364807,-0.03830360138572009,0,0,0.4344143743173217,0.5655856256826783,0.5655856256826783,10.0,scale,0.24357134315315168,1350,1850,1950,1980
2026-07-07,0.8506320118904114,-0.029975397367446144,0,0,0.4362406046816018,0.5637593953183981,0.5637593953183981,10.0,scale,0.24357134315315168,1350,1850,1950,1980
2026-07-08,0.8251339793205261,-4.240272169131476e-05,0,0,0.44388565701108035,0.5561143429889197,0.5561143429889197,10.0,scale,0.24357134315315168,1350,1850,1950,1980
2026-07-09,0.825098991394043,0.06217073287724273,1,0,0.4557541618821202,0.5442458381178799,0.5442458381178799,10.0,scale,0.24357134315315168,1350,1850,1950,1980
2026-07-10,0.8763960003852844,-0.02539948862463559,0,0,0.4569539113319822,0.5430460886680177,0.5430460886680177,10.0,scale,0.24357134315315168,1350,1850,1950,1980
2026-07-11,0.8541359901428223,-0.011623427846317647,0,0,0.43894600611747725,0.5610539938825228,0.5610539938825228,10.0,scale,0.24357134315315168,1350,1850,1950,1980
2026-07-12,0.8442080020904541,-0.010240364995559026,0,0,0.4451190014940227,0.5548809985059773,0.5548809985059773,10.0,scale,0.24357134315315168,1350,1850,1950,1980
2026-07-13,0.8355630040168762,0.01935460491591745,1,0,0.4478059308973431,0.5521940691026569,0.5521940691026569,10.0,scale,0.24357134315315168,1350,1850,1950,1980
2026-07-14,0.85173499584198,-0.006236711621525393,0,0,0.4516936881756304,0.5483063118243696,0.5483063118243696,10.0,scale,0.24357134315315168,1350,1850,1950,1980
2026-07-15,0.8464229702949524,0.012220874002622839,1,0,0.44622407826128563,0.5537759217387144,0.5537759217387144,10.0,scale,0.24357134315315168,1350,1850,1950,1980
2026-07-16,0.8567669987678528,-0.00918682928712733,0,0,0.44647862022716817,0.5535213797728318,0.5535213797728318,10.0,scale,0.24357134315315168,1350,1850,1950,1980
2026-07-17,0.8488960266113281,-0.015237487249082138,0,0,0.42360238684607177,0.5763976131539282,0.5763976131539282,10.0,scale,0.24357134315315168,1350,1850,1950,1980
2026-07-18,0.8359609842300415,-0.021230653789371057,0,0,0.4325605127426228,0.5674394872573771,0.5674394872573771,10.0,scale,0.24357134315315168,1350,1850,1950,1980
2026-07-19,0.8182129859924316,0.00969066394237017,1,0,0.42370764561229396,0.5762923543877061,0.5762923543877061,10.0,scale,0.24357134315315168,1350,1850,1950,1980
2026-07-20,0.8261420130729675,0.023814311356780582,1,0,0.43599573880864756,0.5640042611913525,0.5640042611913525,10.0,scale,0.24357134315315168,1350,1850,1950,1980
2026-07-21,0.8458160161972046,-0.013744114170401223,0,0,0.44135703390025494,0.5586429660997451,0.5586429660997451,10.0,scale,0.24357134315315168,1350,1850,1950,1980
2026-07-22,0.8341910243034363,-0.022608780897556136,0,0,0.43315224759266857,0.5668477524073314,0.5668477524073314,10.0,scale,0.24357134315315168,1350,1850,1950,1980
2026-07-23,0.815330982208252,-0.00863938432854372,0,0,0.42823147628125696,0.5717685237187431,0.5717685237187431,10.0,scale,0.24357134315315168,1350,1850,1950,1980
2026-07-24,0.8082870244979858,0.0069282017602787516,1,0,0.4164609754199874,0.5835390245800126,0.5835390245800126,10.0,scale,0.24357134315315168,1350,1850,1950,1980
2026-07-25,0.8138870000839233,0.014916046113742976,1,0,0.43791504003186604,0.5620849599681339,0.5620849599681339,10.0,scale,0.24357134315315168,1350,1850,1950,1980
2026-07-26,0.826026976108551,-0.0831183438993427,0,0,0.43666515351804586,0.5633348464819541,0.5633348464819541,10.0,scale,0.24357134315315168,1350,1850,1950,1980
2026-07-27,0.7573689818382263,0.004667516570006525,1,0,0.4314138935150698,0.5685861064849302,0.5685861064849302,10.0,scale,0.24357134315315168,1350,1850,1950,1980
2026-07-28,0.7609040141105652,0.0022998858438814107,1,0,0.43523960405522216,0.5647603959447778,0.5647603959447778,10.0,scale,0.24357134315315168,1350,1850,1950,1980
2026-07-29,0.7626540064811707,0.007059516251822551,1,0,0.4348487081366286,0.5651512918633714,0.5651512918633714,10.0,scale,0.24357134315315168,1350,1850,1950,1980
2026-07-30,0.7680379748344421,-0.013001939616185232,0,0,0.44049492891890757,0.5595050710810925,0.5595050710810925,10.0,scale,0.24357134315315168,1350,1850,1950,1980
2026-07-31,0.7580519914627075,0.02967478696732395,1,0,0.4349988300961875,0.5650011699038124,0.5650011699038124,10.0,scale,0.24357134315315168,1350,1850,1950,1980
2026-08-01,0.780547022819519,0.022049870007848638,1,0,0.42863111392715403,0.571368886072846,0.571368886072846,10.0,scale,0.24357134315315168,1350,1850,1950,1980
2026-08-02,0.7977579832077026,0.03208868275464183,1,0,0.4231565873054522,0.5768434126945479,0.5768434126945479,10.0,scale,0.24515184444633525,1380,1880,1980,2010
2026-08-03,0.8233569860458374,0.040122377609721704,1,0,0.4384235742657017,0.5615764257342983,0.5615764257342983,10.0,scale,0.24515184444633525,1380,1880,1980,2010
2026-08-04,0.8563920259475708,-0.01691871741080131,0,0,0.42709914805180804,0.572900851948192,0.572900851948192,10.0,scale,0.24515184444633525,1380,1880,1980,2010
2026-08-05,0.8419029712677002,-0.02559677355865453,0,0,0.424136591012855,0.575863408987145,0.575863408987145,10.0,scale,0.24515184444633525,1380,1880,1980,2010
2026-08-06,0.8203529715538025,-0.0031144558341245077,0,0,0.43409143181448795,0.565908568185512,0.565908568185512,10.0,scale,0.24515184444633525,1380,1880,1980,2010
2026-08-07,0.8177980184555054,-0.004452210996580663,0,0,0.4548809226663828,0.5451190773336172,0.5451190773336172,10.0,scale,0.24515184444633525,1380,1880,1980,2010
2026-08-08,0.8141570091247559,-0.01965102427007903,0,0,0.4479718431362124,0.5520281568637876,0.5520281568637876,10.0,scale,0.24515184444633525,1380,1880,1980,2010
2026-08-09,0.7981579899787903,0.008294084573600147,1,0,0.43826202000626635,0.5617379799937336,0.5617379799937336,10.0,scale,0.24515184444633525,1380,1880,1980,2010
2026-08-10,0.804777979850769,-0.018800195586795243,0,0,0.46984288860048246,0.5301571113995176,0.5301571113995176,10.0,scale,0.24515184444633525,1380,1880,1980,2010
2026-08-11,0.7896479964256287,-0.02064213760544442,0,0,0.42768827097327705,0.572311729026723,0.572311729026723,10.0,scale,0.24515184444633525,1380,1880,1980,2010
2026-08-12,0.7733479738235474,-0.0016550766087592983,0,0,0.42706369013018364,0.5729363098698164,0.5729363098698164,10.0,scale,0.24515184444633525,1380,1880,1980,2010
2026-08-13,0.7720680236816406,-0.010116997005825246,0,0,0.4400303334536023,0.5599696665463977,0.5599696665463977,10.0,scale,0.24515184444633525,1380,1880,1980,2010
2026-08-14,0.76425701379776,-0.006310742268917591,0,0,0.43628618733676217,0.5637138126632378,0.5637138126632378,10.0,scale,0.24515184444633525,1380,1880,1980,2010
2026-08-15,0.7594339847564697,-0.002005385996972975,0,0,0.43017462841759335,0.5698253715824066,0.5698253715824066,10.0,scale,0.24515184444633525,1380,1880,1980,2010
2026-08-16,0.7579110264778137,0.003974083248837523,1,0,0.4347494226389512,0.5652505773610488,0.5652505773610488,10.0,scale,0.24515184444633525,1380,1880,1980,2010
2026-08-17,0.7609230279922485,-0.01331151003002462,0,0,0.42543027201152855,0.5745697279884714,0.5745697279884714,10.0,scale,0.24515184444633525,1380,1880,1980,2010
2026-08-18,0.750793993473053,0.05092879752224344,1,0,0.40941717559697194,0.590582824403028,0.590582824403028,10.0,scale,0.24515184444633525,1380,1880,1980,2010
2026-08-19,0.7890310287475586,0.07648622000848482,1,0,0.43188445337311404,0.5681155466268859,0.5681155466268859,10.0,scale,0.24515184444633525,1380,1880,1980,2010
2026-08-20,0.8493810296058655,0.10516363608804302,1,0,0.4045367266653689,0.5954632733346311,0.5954632733346311,10.0,scale,0.24515184444633525,1380,1880,1980,2010
2026-08-21,0.938705027103424,-0.01848400807753836,0,0,0.4234262479148165,0.5765737520851835,0.5765737520851835,10.0,scale,0.24515184444633525,1380,1880,1980,2010
2026-08-22,0.9213539958000184,0.00809354269103113,1,0,0.42701412645039494,0.5729858735496051,0.5729858735496051,10.0,scale,0.24515184444633525,1380,1880,1980,2010
2026-08-23,0.928811013698578,-0.03283016734472999,0,0,0.39309119559499506,0.6069088044050049,0.6069088044050049,10.0,scale,0.24515184444633525,1380,1880,1980,2010
2026-08-24,0.8983179926872253,-0.051607577991908404,0,0,0.4361089527150749,0.5638910472849251,0.5638910472849251,10.0,scale,0.24515184444633525,1380,1880,1980,2010
2026-08-25,0.8519579768180847,0.028090634032306827,1,0,0.45005044714985465,0.5499495528501454,0.5499495528501454,10.0,scale,0.24515184444633525,1380,1880,1980,2010
2026-08-26,0.8758900165557861,0.006694864020378111,1,0,0.44412819131734116,0.5558718086826588,0.5558718086826588,10.0,scale,0.24515184444633525,1380,1880,1980,2010
2026-08-27,0.8817539811134338,-0.03738456743176355,0,0,0.4497493626191694,0.5502506373808306,0.5502506373808306,10.0,scale,0.24515184444633525,1380,1880,1980,2010
2026-08-28,0.8487899899482727,-0.003480255693458889,0,0,0.4334751346383467,0.5665248653616533,0.5665248653616533,10.0,scale,0.24515184444633525,1380,1880,1980,2010
2026-08-29,0.8458359837532043,-0.033643621809749225,0,0,0.43316806660784757,0.5668319333921524,0.5668319333921524,10.0,scale,0.24515184444633525,1380,1880,1980,2010
2026-08-30,0.8173789978027344,0.027627324159592348,1,0,0.4524944017377705,0.5475055982622294,0.5475055982622294,10.0,scale,0.24515184444633525,1380,1880,1980,2010
2026-08-31,0.8399609923362732,0.036856469678596016,1,0,0.44010308635173684,0.5598969136482632,0.5598969136482632,10.0,scale,0.24515184444633525,1380,1880,1980,2010
