timestamp,close,future_return_1d,y_true,prediction,prob_positive,prob_negative,confidence,selected_C,selected_gamma,validation_brier,fold_start,train_end,validation_end,test_end
2022-10-22,1314.2991943359375,0.03739470233280473,1,0,0.4135849546994945,0.5864150453005055,0.5864150453005055,1.0,scale,0.24567716315566532,0,500,600,630
2022-10-23,1363.447021484375,-0.013530768733529763,0,0,0.4177198254262418,0.5822801745737582,0.5822801745737582,1.0,scale,0.24567716315566532,0,500,600,630
2022-10-24,1344.99853515625,0.0867412618435559,1,1,0.5064913190083189,0.4935086809916811,0.5064913190083189,1.0,scale,0.24567716315566532,0,500,600,630
2022-10-25,1461.6654052734375,0.07176830260791678,1,0,0.4612447101859624,0.5387552898140375,0.5387552898140375,1.0,scale,0.24567716315566532,0,500,600,630
2022-10-26,1566.566650390625,-0.03331602421634816,0,0,0.43936347171771223,0.5606365282822878,0.5606365282822878,1.0,scale,0.24567716315566532,0,500,600,630
2022-10-27,1514.3748779296875,0.027141910462713303,1,0,0.4785845250541498,0.5214154749458502,0.5214154749458502,1.0,scale,0.24567716315566532,0,500,600,630
2022-10-28,1555.4779052734375,0.04128672020153079,1,0,0.3884640246471744,0.6115359753528256,0.6115359753528256,1.0,scale,0.24567716315566532,0,500,600,630
2022-10-29,1619.698486328125,-0.017852187537918507,0,0,0.4675135269030682,0.5324864730969319,0.5324864730969319,1.0,scale,0.24567716315566532,0,500,600,630
2022-10-30,1590.7833251953125,-0.011358459301194612,0,0,0.48537416401441963,0.5146258359855804,0.5146258359855804,1.0,scale,0.24567716315566532,0,500,600,630
2022-10-31,1572.7144775390625,0.004444616238050703,1,0,0.4338494314402077,0.5661505685597923,0.5661505685597923,1.0,scale,0.24567716315566532,0,500,600,630
2022-11-01,1579.70458984375,-0.03797722576567086,0,0,0.45628831108487977,0.5437116889151202,0.5437116889151202,1.0,scale,0.24567716315566532,0,500,600,630
2022-11-02,1519.7117919921875,0.007784341818641627,1,0,0.4160190428095963,0.5839809571904038,0.5839809571904038,1.0,scale,0.24567716315566532,0,500,600,630
2022-11-03,1531.541748046875,0.074142044046136,1,0,0.4902169950591183,0.5097830049408817,0.5097830049408817,1.0,scale,0.24567716315566532,0,500,600,630
2022-11-04,1645.0933837890625,-0.010409966011469485,0,0,0.4170919040371028,0.5829080959628972,0.5829080959628972,1.0,scale,0.24567716315566532,0,500,600,630
2022-11-05,1627.968017578125,-0.034234871794410315,0,0,0.4689098940803869,0.5310901059196131,0.5310901059196131,1.0,scale,0.24567716315566532,0,500,600,630
2022-11-06,1572.2347412109375,-0.002317359184151657,0,0,0.460452800600897,0.539547199399103,0.539547199399103,1.0,scale,0.24567716315566532,0,500,600,630
2022-11-07,1568.59130859375,-0.1502977455077471,0,0,0.44014514328340304,0.559854856716597,0.559854856716597,1.0,scale,0.24567716315566532,0,500,600,630
2022-11-08,1332.8355712890625,-0.17456449729905577,0,0,0.4353786533127074,0.5646213466872926,0.5646213466872926,1.0,scale,0.24567716315566532,0,500,600,630
2022-11-09,1100.1697998046875,0.18114912792558768,1,0,0.434344701709103,0.565655298290897,0.565655298290897,1.0,scale,0.24567716315566532,0,500,600,630
2022-11-10,1299.464599609375,-0.009421980619647496,0,0,0.4349759195918567,0.5650240804081432,0.5650240804081432,1.0,scale,0.24567716315566532,0,500,600,630
2022-11-11,1287.2210693359375,-0.02482305452438449,0,0,0.4277672932537351,0.5722327067462649,0.5722327067462649,1.0,scale,0.24567716315566532,0,500,600,630
2022-11-12,1255.268310546875,-0.026646969734394843,0,0,0.47168595184403606,0.528314048155964,0.528314048155964,1.0,scale,0.24567716315566532,0,500,600,630
2022-11-13,1221.8192138671875,0.016193094653558227,1,0,0.47881357612577385,0.5211864238742261,0.5211864238742261,1.0,scale,0.24567716315566532,0,500,600,630
2022-11-14,1241.604248046875,0.008160376403149927,1,0,0.4330712588143115,0.5669287411856885,0.5669287411856885,1.0,scale,0.24567716315566532,0,500,600,630
2022-11-15,1251.7362060546875,-0.028866838569826303,0,0,0.4646312793706114,0.5353687206293887,0.5353687206293887,1.0,scale,0.24567716315566532,0,500,600,630
2022-11-16,1215.6025390625,-0.012170051342529575,0,0,0.48594554605289825,0.5140544539471017,0.5140544539471017,1.0,scale,0.24567716315566532,0,500,600,630
2022-11-17,1200.80859375,0.009569967502366605,1,0,0.4726840874574769,0.5273159125425231,0.5273159125425231,1.0,scale,0.24567716315566532,0,500,600,630
2022-11-18,1212.30029296875,0.005053586870582327,1,0,0.4035816388776259,0.5964183611223741,0.5964183611223741,1.0,scale,0.24567716315566532,0,500,600,630
2022-11-19,1218.4267578125,-0.062342756772829966,0,0,0.40422224007430996,0.59577775992569,0.59577775992569,1.0,scale,0.24567716315566532,0,500,600,630
2022-11-20,1142.4666748046875,-0.0298596433605115,0,0,0.4120913264447743,0.5879086735552257,0.5879086735552257,1.0,scale,0.24567716315566532,0,500,600,630
2022-11-21,1108.35302734375,0.024198458350936924,1,0,0.4391879858757252,0.5608120141242747,0.5608120141242747,0.1,scale,0.24651869693046813,30,530,630,660
2022-11-22,1135.1734619140625,0.04230729897957275,1,0,0.4402052577907529,0.5597947422092471,0.5597947422092471,0.1,scale,0.24651869693046813,30,530,630,660
2022-11-23,1183.1995849609375,0.01756556510001106,1,0,0.44036553844724313,0.5596344615527569,0.5596344615527569,0.1,scale,0.24651869693046813,30,530,630,660
2022-11-24,1203.983154296875,-0.004200433335394882,0,0,0.46105970341308233,0.5389402965869177,0.5389402965869177,0.1,scale,0.24651869693046813,30,530,630,660
2022-11-25,1198.9259033203125,0.005815243360018485,1,0,0.46224824405374837,0.5377517559462517,0.5377517559462517,0.1,scale,0.24651869693046813,30,530,630,660
2022-11-26,1205.89794921875,-0.008931930020055212,0,0,0.45546148746427445,0.5445385125357256,0.5445385125357256,0.1,scale,0.24651869693046813,30,530,630,660
2022-11-27,1195.126953125,-0.02095239457105269,0,0,0.4492439772239563,0.5507560227760437,0.5507560227760437,0.1,scale,0.24651869693046813,30,530,630,660
2022-11-28,1170.086181640625,0.040009927654150346,1,0,0.4493072406099417,0.5506927593900584,0.5506927593900584,0.1,scale,0.24651869693046813,30,530,630,660
2022-11-29,1216.9012451171875,0.06474424595402373,1,0,0.4464725601480507,0.5535274398519493,0.5535274398519493,0.1,scale,0.24651869693046813,30,530,630,660
2022-11-30,1295.6885986328125,-0.014984057799110495,0,0,0.439063132510602,0.560936867489398,0.560936867489398,0.1,scale,0.24651869693046813,30,530,630,660
2022-12-01,1276.27392578125,0.014126606037395906,1,0,0.43229794196644056,0.5677020580335594,0.5677020580335594,0.1,scale,0.24651869693046813,30,530,630,660
2022-12-02,1294.3033447265625,-0.03937910387625765,0,0,0.4604610090210695,0.5395389909789305,0.5395389909789305,0.1,scale,0.24651869693046813,30,530,630,660
2022-12-03,1243.3348388671875,0.029695743878074943,1,0,0.4348188588120605,0.5651811411879395,0.5651811411879395,0.1,scale,0.24651869693046813,30,530,630,660
2022-12-04,1280.256591796875,-0.016074772913678648,0,0,0.4332022820525598,0.5667977179474402,0.5667977179474402,0.1,scale,0.24651869693046813,30,530,630,660
2022-12-05,1259.6767578125,0.009508035062938625,1,0,0.4546835199167301,0.5453164800832699,0.5453164800832699,0.1,scale,0.24651869693046813,30,530,630,660
2022-12-06,1271.65380859375,-0.030838824473082838,0,0,0.44696869504066344,0.5530313049593365,0.5530313049593365,0.1,scale,0.24651869693046813,30,530,630,660
2022-12-07,1232.4375,0.0394980134958669,1,0,0.4466273723891114,0.5533726276108886,0.5533726276108886,0.1,scale,0.24651869693046813,30,530,630,660
2022-12-08,1281.1163330078125,-0.013138184671514397,0,0,0.4316961029456148,0.5683038970543852,0.5683038970543852,0.1,scale,0.24651869693046813,30,530,630,660
2022-12-09,1264.2847900390625,0.0016605160885547754,1,0,0.43112475227425556,0.5688752477257444,0.5688752477257444,0.1,scale,0.24651869693046813,30,530,630,660
2022-12-10,1266.3841552734375,-0.0019864627881867047,0,0,0.4517013471065619,0.5482986528934382,0.5482986528934382,0.1,scale,0.24651869693046813,30,530,630,660
2022-12-11,1263.8685302734375,0.00850601785212901,1,0,0.4504292210809151,0.5495707789190849,0.5495707789190849,0.1,scale,0.24651869693046813,30,530,630,660
2022-12-12,1274.6190185546875,0.03603443469196854,1,0,0.4319785763889432,0.5680214236110568,0.5680214236110568,0.1,scale,0.24651869693046813,30,530,630,660
2022-12-13,1320.5491943359375,-0.008496812562910572,0,0,0.43754051219456197,0.5624594878054381,0.5624594878054381,0.1,scale,0.24651869693046813,30,530,630,660
2022-12-14,1309.3287353515625,-0.03282205022719986,0,0,0.4552587334481188,0.5447412665518812,0.5447412665518812,0.1,scale,0.24651869693046813,30,530,630,660
2022-12-15,1266.3538818359375,-0.07746214058242495,0,0,0.4361362837499455,0.5638637162500545,0.5638637162500545,0.1,scale,0.24651869693046813,30,530,630,660
2022-12-16,1168.2593994140625,0.017025445486444024,1,0,0.43380499087357055,0.5661950091264294,0.5661950091264294,0.1,scale,0.24651869693046813,30,530,630,660
2022-12-17,1188.1495361328125,-0.0028904831146532306,0,0,0.45909736203043056,0.5409026379695694,0.5409026379695694,0.1,scale,0.24651869693046813,30,530,630,660
2022-12-18,1184.7152099609375,-0.014438361671959554,0,0,0.4463218141554028,0.5536781858445972,0.5536781858445972,0.1,scale,0.24651869693046813,30,530,630,660
2022-12-19,1167.60986328125,0.04290281503722926,1,0,0.4451903712783603,0.5548096287216397,0.5548096287216397,0.1,scale,0.24651869693046813,30,530,630,660
2022-12-20,1217.70361328125,-0.0033699807166168716,0,0,0.4450901456047439,0.5549098543952561,0.5549098543952561,0.1,scale,0.24651869693046813,30,530,630,660
2022-12-21,1213.5999755859375,0.003775670247603724,1,0,0.43483879204819975,0.5651612079518002,0.5651612079518002,0.1,scale,0.2490698728892784,60,560,660,690
2022-12-22,1218.18212890625,0.0016231521337866095,1,0,0.4527100343003236,0.5472899656996764,0.5472899656996764,0.1,scale,0.2490698728892784,60,560,660,690
2022-12-23,1220.159423828125,0.0008106610684399662,1,0,0.4619233428266001,0.5380766571733999,0.5380766571733999,0.1,scale,0.2490698728892784,60,560,660,690
2022-12-24,1221.1485595703125,-0.0017905466295349282,0,0,0.4529200811353153,0.5470799188646847,0.5470799188646847,0.1,scale,0.2490698728892784,60,560,660,690
2022-12-25,1218.9620361328125,0.006573075177125132,1,0,0.4550714417089622,0.5449285582910378,0.5449285582910378,0.1,scale,0.2490698728892784,60,560,660,690
2022-12-26,1226.974365234375,-0.011559116196452335,0,0,0.44934951673753903,0.550650483262461,0.550650483262461,0.1,scale,0.2490698728892784,60,560,660,690
2022-12-27,1212.7916259765625,-0.018804171717317075,0,0,0.46557089652173733,0.5344291034782627,0.5344291034782627,0.1,scale,0.2490698728892784,60,560,660,690
2022-12-28,1189.986083984375,0.009755788816300015,1,0,0.47114758814742347,0.5288524118525766,0.5288524118525766,0.1,scale,0.2490698728892784,60,560,660,690
2022-12-29,1201.5953369140625,-0.001966176761464933,0,0,0.4505370124630869,0.549462987536913,0.549462987536913,0.1,scale,0.2490698728892784,60,560,660,690
2022-12-30,1199.2327880859375,-0.002052602193683639,0,0,0.4571994068075847,0.5428005931924154,0.5428005931924154,0.1,scale,0.2490698728892784,60,560,660,690
2022-12-31,1196.771240234375,0.003504097838116227,1,0,0.46504476916804893,0.5349552308319511,0.5349552308319511,0.1,scale,0.2490698728892784,60,560,660,690
2023-01-01,1200.96484375,0.011400643850810077,1,0,0.4400238867580963,0.5599761132419037,0.5599761132419037,0.1,scale,0.2490698728892784,60,560,660,690
2023-01-02,1214.6566162109375,0.00010059829352737637,1,0,0.45880193989944507,0.5411980601005549,0.5411980601005549,0.1,scale,0.2490698728892784,60,560,660,690
2023-01-03,1214.77880859375,0.03436658792451519,1,0,0.4650269899726131,0.5349730100273868,0.5349730100273868,0.1,scale,0.2490698728892784,60,560,660,690
2023-01-04,1256.526611328125,-0.004845112423745301,0,0,0.46639955001388916,0.5336004499861109,0.5336004499861109,0.1,scale,0.2490698728892784,60,560,660,690
2023-01-05,1250.4385986328125,0.015147028977039678,1,0,0.468005297925709,0.531994702074291,0.531994702074291,0.1,scale,0.2490698728892784,60,560,660,690
2023-01-06,1269.3790283203125,-0.00402452101708739,0,0,0.4393867730092922,0.5606132269907078,0.5606132269907078,0.1,scale,0.2490698728892784,60,560,660,690
2023-01-07,1264.2703857421875,0.018262795354943462,1,0,0.468237618771998,0.531762381228002,0.531762381228002,0.1,scale,0.2490698728892784,60,560,660,690
2023-01-08,1287.3594970703125,0.026550037838815266,1,0,0.4642938724361537,0.5357061275638463,0.5357061275638463,0.1,scale,0.2490698728892784,60,560,660,690
2023-01-09,1321.5389404296875,0.011386058087499595,1,0,0.45702100194687506,0.542978998053125,0.542978998053125,0.1,scale,0.2490698728892784,60,560,660,690
2023-01-10,1336.5860595703125,0.03841629150614301,1,0,0.4425810684989587,0.5574189315010414,0.5574189315010414,0.1,scale,0.2490698728892784,60,560,660,690
2023-01-11,1387.9327392578125,0.021619013988194213,1,0,0.4494130319636684,0.5505869680363316,0.5505869680363316,0.1,scale,0.2490698728892784,60,560,660,690
2023-01-12,1417.9384765625,0.02375024880007759,1,0,0.455253419050438,0.544746580949562,0.544746580949562,0.1,scale,0.2490698728892784,60,560,660,690
2023-01-13,1451.6148681640625,0.0682633136301174,1,0,0.4584539620929002,0.5415460379070998,0.5415460379070998,0.1,scale,0.2490698728892784,60,560,660,690
2023-01-14,1550.7069091796875,0.0011430806152468165,1,0,0.46225915343099716,0.5377408465690028,0.5377408465690028,0.1,scale,0.2490698728892784,60,560,660,690
2023-01-15,1552.4794921875,0.015687166258109064,1,0,0.45080607498715297,0.549193925012847,0.549193925012847,0.1,scale,0.2490698728892784,60,560,660,690
2023-01-16,1576.83349609375,-0.0056996675806778585,0,0,0.4655702142087501,0.5344297857912499,0.5344297857912499,0.1,scale,0.2490698728892784,60,560,660,690
2023-01-17,1567.8460693359375,-0.033382812478710555,0,0,0.4672689497656939,0.5327310502343061,0.5327310502343061,0.1,scale,0.2490698728892784,60,560,660,690
2023-01-18,1515.5069580078125,0.024446974889233086,1,0,0.46436560570516905,0.535634394294831,0.535634394294831,0.1,scale,0.2490698728892784,60,560,660,690
2023-01-19,1552.5565185546875,0.0690458804911851,1,0,0.46936129741958543,0.5306387025804146,0.5306387025804146,0.1,scale,0.2490698728892784,60,560,660,690
2023-01-20,1659.754150390625,-0.019663144882297257,0,1,0.5119624354197913,0.48803756458020875,0.5119624354197913,0.1,scale,0.2579958394043507,90,590,690,720
2023-01-21,1627.1181640625,0.0007767819470894111,1,0,0.4848287837737578,0.5151712162262422,0.5151712162262422,0.1,scale,0.2579958394043507,90,590,690,720
2023-01-22,1628.382080078125,-8.043655534839544e-05,0,1,0.5333344696296602,0.46666553037033975,0.5333344696296602,0.1,scale,0.2579958394043507,90,590,690,720
2023-01-23,1628.2510986328125,-0.04400233517182761,0,1,0.5071678353482311,0.49283216465176893,0.5071678353482311,0.1,scale,0.2579958394043507,90,590,690,720
2023-01-24,1556.604248046875,0.035401940854640435,1,0,0.4871638655561128,0.5128361344438872,0.5128361344438872,0.1,scale,0.2579958394043507,90,590,690,720
2023-01-25,1611.7110595703125,-0.005339109940311948,0,1,0.5082576871953371,0.49174231280466285,0.5082576871953371,0.1,scale,0.2579958394043507,90,590,690,720
2023-01-26,1603.10595703125,-0.0030874209336673175,0,1,0.5029159487893372,0.4970840512106628,0.5029159487893372,0.1,scale,0.2579958394043507,90,590,690,720
2023-01-27,1598.156494140625,-0.01609444108957936,0,0,0.49724838642127334,0.5027516135787267,0.5027516135787267,0.1,scale,0.2579958394043507,90,590,690,720
2023-01-28,1572.43505859375,0.046883068812149764,1,1,0.5187652543865887,0.4812347456134113,0.5187652543865887,0.1,scale,0.2579958394043507,90,590,690,720
2023-01-29,1646.1556396484375,-0.04788678522483769,0,1,0.5210955439798879,0.4789044560201121,0.5210955439798879,0.1,scale,0.2579958394043507,90,590,690,720
2023-01-30,1567.3265380859375,0.012255813857491304,1,1,0.526179860296712,0.47382013970328796,0.526179860296712,0.1,scale,0.2579958394043507,90,590,690,720
2023-01-31,1586.535400390625,0.034828926102213,1,1,0.5236382289822644,0.4763617710177356,0.5236382289822644,0.1,scale,0.2579958394043507,90,590,690,720
2023-02-01,1641.792724609375,0.0008824820072261819,1,1,0.5119700430833659,0.4880299569166341,0.5119700430833659,0.1,scale,0.2579958394043507,90,590,690,720
2023-02-02,1643.2415771484375,0.013086346292204398,1,1,0.5214231823281897,0.47857681767181026,0.5214231823281897,0.1,scale,0.2579958394043507,90,590,690,720
2023-02-03,1664.74560546875,0.0013897610693263118,1,1,0.510345136320851,0.489654863679149,0.510345136320851,0.1,scale,0.2579958394043507,90,590,690,720
2023-02-04,1667.0592041015625,-0.02124299484445158,0,1,0.5097721382123553,0.49022786178764466,0.5097721382123553,0.1,scale,0.2579958394043507,90,590,690,720
2023-02-05,1631.6458740234375,-0.009437589342205732,0,0,0.49909256851473155,0.5009074314852684,0.5009074314852684,0.1,scale,0.2579958394043507,90,590,690,720
2023-02-06,1616.2470703125,0.03449749159686455,1,1,0.5130420339507417,0.48695796604925834,0.5130420339507417,0.1,scale,0.2579958394043507,90,590,690,720
2023-02-07,1672.0035400390625,-0.01273127876485547,0,1,0.5080440559063486,0.4919559440936514,0.5080440559063486,0.1,scale,0.2579958394043507,90,590,690,720
2023-02-08,1650.716796875,-0.0631716867790626,0,0,0.4741620769970486,0.5258379230029514,0.5258379230029514,0.1,scale,0.2579958394043507,90,590,690,720
2023-02-09,1546.438232421875,-0.02041406577709526,0,1,0.506982776323708,0.49301722367629197,0.506982776323708,0.1,scale,0.2579958394043507,90,590,690,720
2023-02-10,1514.869140625,0.01654111006391079,1,1,0.5302184785856878,0.4697815214143122,0.5302184785856878,0.1,scale,0.2579958394043507,90,590,690,720
2023-02-11,1539.9267578125,-0.016165097645040705,0,0,0.46934149365161953,0.5306585063483804,0.5306585063483804,0.1,scale,0.2579958394043507,90,590,690,720
2023-02-12,1515.03369140625,-0.005193150420476522,0,1,0.5120104304715145,0.4879895695284855,0.5120104304715145,0.1,scale,0.2579958394043507,90,590,690,720
2023-02-13,1507.1658935546875,0.03298192238041198,1,1,0.5320346084724076,0.4679653915275924,0.5320346084724076,0.1,scale,0.2579958394043507,90,590,690,720
2023-02-14,1556.8751220703125,0.0750675811775845,1,1,0.5264135326639162,0.4735864673360838,0.5264135326639162,0.1,scale,0.2579958394043507,90,590,690,720
2023-02-15,1673.7459716796875,-0.020121538929091298,0,1,0.5162844525668235,0.48371554743317646,0.5162844525668235,0.1,scale,0.2579958394043507,90,590,690,720
2023-02-16,1640.067626953125,0.03336185492779764,1,1,0.517670065919488,0.48232993408051195,0.517670065919488,0.1,scale,0.2579958394043507,90,590,690,720
2023-02-17,1694.7833251953125,-0.0017488177653378623,0,1,0.5137741253601624,0.4862258746398376,0.5137741253601624,0.1,scale,0.2579958394043507,90,590,690,720
2023-02-18,1691.8194580078125,-0.006137357465717308,0,1,0.5122744387442053,0.4877255612557947,0.5122744387442053,0.1,scale,0.2579958394043507,90,590,690,720
2023-02-19,1681.4361572265625,0.0126314719596059,1,1,0.5135135178786757,0.4864864821213243,0.5135135178786757,1.0,0.1,0.25592502783395044,120,620,720,750
2023-02-20,1702.6751708984375,-0.026216858452078218,0,1,0.514777016919314,0.485222983080686,0.514777016919314,1.0,0.1,0.25592502783395044,120,620,720,750
2023-02-21,1658.036376953125,-0.008929048666112882,0,1,0.5030946805610184,0.49690531943898164,0.5030946805610184,1.0,0.1,0.25592502783395044,120,620,720,750
2023-02-22,1643.231689453125,0.004772402538407272,1,1,0.5137180040497228,0.4862819959502772,0.5137180040497228,1.0,0.1,0.25592502783395044,120,620,720,750
2023-02-23,1651.0738525390625,-0.025862370437327087,0,1,0.518547877137045,0.481452122862955,0.518547877137045,1.0,0.1,0.25592502783395044,120,620,720,750
2023-02-24,1608.3731689453125,-0.00836761779727413,0,1,0.5334429307159227,0.46655706928407725,0.5334429307159227,1.0,0.1,0.25592502783395044,120,620,720,750
2023-02-25,1594.9149169921875,0.028780357616977614,1,1,0.5317862542919165,0.4682137457080835,0.5317862542919165,1.0,0.1,0.25592502783395044,120,620,720,750
2023-02-26,1640.817138671875,-0.003955786725572508,0,1,0.5352493617562533,0.46475063824374674,0.5352493617562533,1.0,0.1,0.25592502783395044,120,620,720,750
2023-02-27,1634.326416015625,-0.01739632556596371,0,1,0.516746101967801,0.483253898032199,0.516746101967801,1.0,0.1,0.25592502783395044,120,620,720,750
2023-02-28,1605.8951416015625,0.035829596047825873,1,1,0.516576856067323,0.48342314393267705,0.516576856067323,1.0,0.1,0.25592502783395044,120,620,720,750
2023-03-01,1663.4337158203125,-0.009687419299942324,0,1,0.5164611027039903,0.48353889729600974,0.5164611027039903,1.0,0.1,0.25592502783395044,120,620,720,750
2023-03-02,1647.3193359375,-0.04744176292568125,0,1,0.5164218491053024,0.4835781508946976,0.5164218491053024,1.0,0.1,0.25592502783395044,120,620,720,750
2023-03-03,1569.1676025390625,-0.0014298360099453955,0,1,0.5164218491053024,0.4835781508946976,0.5164218491053024,1.0,0.1,0.25592502783395044,120,620,720,750
2023-03-04,1566.9239501953125,-0.001566891740346743,0,1,0.5164218491053024,0.4835781508946976,0.5164218491053024,1.0,0.1,0.25592502783395044,120,620,720,750
2023-03-05,1564.46875,0.0018727965263767299,1,1,0.5164218491053024,0.4835781508946976,0.5164218491053024,1.0,0.1,0.25592502783395044,120,620,720,750
2023-03-06,1567.398681640625,-0.0034870363462051746,0,1,0.5164218491053024,0.4835781508946976,0.5164218491053024,1.0,0.1,0.25592502783395044,120,620,720,750
2023-03-07,1561.93310546875,-0.017827171045494916,0,1,0.5164218491053024,0.4835781508946976,0.5164218491053024,1.0,0.1,0.25592502783395044,120,620,720,750
2023-03-08,1534.0882568359375,-0.0622046937711358,0,1,0.5164218491053024,0.4835781508946976,0.5164218491053024,1.0,0.1,0.25592502783395044,120,620,720,750
2023-03-09,1438.6607666015625,-0.0066052302026157195,0,1,0.5164218491053024,0.4835781508946976,0.5164218491053024,1.0,0.1,0.25592502783395044,120,620,720,750
2023-03-10,1429.1580810546875,0.0374056718236595,1,1,0.5164218491053024,0.4835781508946976,0.5164218491053024,1.0,0.1,0.25592502783395044,120,620,720,750
2023-03-11,1482.61669921875,0.07262583079496476,1,1,0.5164218491053024,0.4835781508946976,0.5164218491053024,1.0,0.1,0.25592502783395044,120,620,720,750
2023-03-12,1590.29296875,0.05660340137307651,1,1,0.5164218491053024,0.4835781508946976,0.5164218491053024,1.0,0.1,0.25592502783395044,120,620,720,750
2023-03-13,1680.3089599609375,0.013805865867504874,1,1,0.5164218491053024,0.4835781508946976,0.5164218491053024,1.0,0.1,0.25592502783395044,120,620,720,750
2023-03-14,1703.507080078125,-0.027781826468116,0,1,0.5164218491053024,0.4835781508946976,0.5164218491053024,1.0,0.1,0.25592502783395044,120,620,720,750
2023-03-15,1656.1805419921875,0.012700856927151394,1,1,0.5164218491053024,0.4835781508946976,0.5164218491053024,1.0,0.1,0.25592502783395044,120,620,720,750
2023-03-16,1677.2154541015625,0.06872680134113085,1,1,0.5164218491053024,0.4835781508946976,0.5164218491053024,1.0,0.1,0.25592502783395044,120,620,720,750
2023-03-17,1792.485107421875,-0.017197040759496796,0,1,0.5164218491053024,0.4835781508946976,0.5164218491053024,1.0,0.1,0.25592502783395044,120,620,720,750
2023-03-18,1761.65966796875,0.013576328363562151,1,1,0.5164218491053024,0.4835781508946976,0.5164218491053024,1.0,0.1,0.25592502783395044,120,620,720,750
2023-03-19,1785.5765380859375,-0.028145110529571027,0,1,0.5164218491053024,0.4835781508946976,0.5164218491053024,1.0,0.1,0.25592502783395044,120,620,720,750
2023-03-20,1735.3212890625,0.04116785380048826,1,1,0.5164218491053024,0.4835781508946976,0.5164218491053024,1.0,0.1,0.25592502783395044,120,620,720,750
2023-03-21,1806.7607421875,-0.03821408090164813,0,1,0.5185100973226021,0.4814899026773979,0.5185100973226021,1.0,0.1,0.25047705360598027,150,650,750,780
2023-03-22,1737.717041015625,0.04528246457522944,1,1,0.5185100973226021,0.4814899026773979,0.5185100973226021,1.0,0.1,0.25047705360598027,150,650,750,780
2023-03-23,1816.4051513671875,-0.035432817130064076,0,1,0.5185100973226021,0.4814899026773979,0.5185100973226021,1.0,0.1,0.25047705360598027,150,650,750,780
2023-03-24,1752.0447998046875,-0.0047259232742210555,0,1,0.5185100973226021,0.4814899026773979,0.5185100973226021,1.0,0.1,0.25047705360598027,150,650,750,780
2023-03-25,1743.7647705078125,0.01830062623377482,1,1,0.5185100973226021,0.4814899026773979,0.5185100973226021,1.0,0.1,0.25047705360598027,150,650,750,780
2023-03-26,1775.6767578125,-0.03391154505901961,0,1,0.5185100973226021,0.4814899026773979,0.5185100973226021,1.0,0.1,0.25047705360598027,150,650,750,780
2023-03-27,1715.4608154296875,0.033416577391890856,1,1,0.5185100973226021,0.4814899026773979,0.5185100973226021,1.0,0.1,0.25047705360598027,150,650,750,780
2023-03-28,1772.78564453125,0.011403627159211949,1,1,0.5185100973226021,0.4814899026773979,0.5185100973226021,1.0,0.1,0.25047705360598027,150,650,750,780
2023-03-29,1793.0018310546875,-0.00014760076254038967,0,1,0.5185100973226021,0.4814899026773979,0.5185100973226021,1.0,0.1,0.25047705360598027,150,650,750,780
2023-03-30,1792.7371826171875,0.016335306922469428,1,1,0.5185100973238012,0.48148990267619884,0.5185100973238012,1.0,0.1,0.25047705360598027,150,650,750,780
2023-03-31,1822.0220947265625,-0.004479363366151845,0,1,0.5185100973226021,0.4814899026773979,0.5185100973226021,1.0,0.1,0.25047705360598027,150,650,750,780
2023-04-01,1813.860595703125,-0.010007641085160612,0,1,0.5185105538310176,0.48148944616898237,0.5185105538310176,1.0,0.1,0.25047705360598027,150,650,750,780
2023-04-02,1795.7081298828125,0.008124365544173617,1,1,0.5186278249957098,0.4813721750042902,0.5186278249957098,1.0,0.1,0.25047705360598027,150,650,750,780
2023-04-03,1810.297119140625,0.03353483092395293,1,1,0.5185101115204229,0.4814898884795771,0.5185101115204229,1.0,0.1,0.25047705360598027,150,650,750,780
2023-04-04,1871.005126953125,0.020368135912491647,1,1,0.5185100973226021,0.4814899026773979,0.5185100973226021,1.0,0.1,0.25047705360598027,150,650,750,780
2023-04-05,1909.114013671875,-0.018957173846517184,0,1,0.518510097338175,0.481489902661825,0.518510097338175,1.0,0.1,0.25047705360598027,150,650,750,780
2023-04-06,1872.922607421875,-0.003890443200676441,0,1,0.5185100973226021,0.4814899026773979,0.5185100973226021,1.0,0.1,0.25047705360598027,150,650,750,780
2023-04-07,1865.6361083984373,-0.008650100295806595,0,1,0.5185100973239551,0.48148990267604486,0.5185100973239551,1.0,0.1,0.25047705360598027,150,650,750,780
2023-04-08,1849.4981689453125,0.005347206395527104,1,1,0.5185100973099205,0.4814899026900795,0.5185100973099205,1.0,0.1,0.25047705360598027,150,650,750,780
2023-04-09,1859.3878173828125,0.02786922752961596,1,1,0.5185100973274798,0.48148990267252023,0.5185100973274798,1.0,0.1,0.25047705360598027,150,650,750,780
2023-04-10,1911.20751953125,-0.009950684094362172,0,1,0.5185100973234422,0.4814899026765578,0.5185100973234422,1.0,0.1,0.25047705360598027,150,650,750,780
2023-04-11,1892.189697265625,0.015057915008098277,1,1,0.5185100973226021,0.4814899026773979,0.5185100973226021,1.0,0.1,0.25047705360598027,150,650,750,780
2023-04-12,1920.68212890625,0.04787492592582243,1,1,0.5185100973226021,0.4814899026773979,0.5185100973226021,1.0,0.1,0.25047705360598027,150,650,750,780
2023-04-13,2012.6346435546875,0.044221068526871576,1,1,0.5185100973226021,0.4814899026773979,0.5185100973226021,1.0,0.1,0.25047705360598027,150,650,750,780
2023-04-14,2101.635498046875,-0.004362650507376609,0,1,0.5185100973226021,0.4814899026773979,0.5185100973226021,1.0,0.1,0.25047705360598027,150,650,750,780
2023-04-15,2092.466796875,0.013161051129283452,1,1,0.5185100973226021,0.4814899026773979,0.5185100973226021,1.0,0.1,0.25047705360598027,150,650,750,780
2023-04-16,2120.005859375,-0.020642838914618267,0,1,0.5185100973226021,0.4814899026773979,0.5185100973226021,1.0,0.1,0.25047705360598027,150,650,750,780
2023-04-17,2076.242919921875,0.013627708647316883,1,1,0.5185100973226021,0.4814899026773979,0.5185100973226021,1.0,0.1,0.25047705360598027,150,650,750,780
2023-04-18,2104.537353515625,-0.07989115082796949,0,1,0.5185100973226021,0.4814899026773979,0.5185100973226021,1.0,0.1,0.25047705360598027,150,650,750,780
2023-04-19,1936.4034423828125,0.0034570346864029045,1,1,0.518510097323136,0.481489902676864,0.518510097323136,1.0,0.1,0.25047705360598027,150,650,750,780
2023-04-20,1943.09765625,-0.04791204292839435,0,1,0.5288880592656695,0.4711119407343305,0.5288880592656695,1.0,0.01,0.24743565660149305,180,680,780,810
2023-04-21,1849.9998779296875,0.013096627764505042,1,1,0.5292853321996265,0.4707146678003735,0.5292853321996265,1.0,0.01,0.24743565660149305,180,680,780,810
2023-04-22,1874.2286376953125,-0.006491537762182253,0,1,0.5243629052514255,0.4756370947485745,0.5243629052514255,1.0,0.01,0.24743565660149305,180,680,780,810
2023-04-23,1862.06201171875,-0.010367305335802768,0,1,0.513902336512873,0.486097663487127,0.513902336512873,1.0,0.01,0.24743565660149305,180,680,780,810
2023-04-24,1842.7574462890625,0.013021906854120191,1,1,0.5362324176039115,0.4637675823960885,0.5362324176039115,1.0,0.01,0.24743565660149305,180,680,780,810
2023-04-25,1866.753662109375,-0.00010148801571707722,0,1,0.519008983170345,0.48099101682965495,0.519008983170345,1.0,0.01,0.24743565660149305,180,680,780,810
2023-04-26,1866.564208984375,0.022620260136523074,1,1,0.5420955228629094,0.4579044771370906,0.5420955228629094,1.0,0.01,0.24743565660149305,180,680,780,810
2023-04-27,1908.786376953125,-0.00852560546680392,0,0,0.4989523422501878,0.5010476577498122,0.5010476577498122,1.0,0.01,0.24743565660149305,180,680,780,810
2023-04-28,1892.5128173828125,0.008667933265241068,1,1,0.521544208317036,0.47845579168296404,0.521544208317036,1.0,0.01,0.24743565660149305,180,680,780,810
2023-04-29,1908.9169921875,-0.016759595054255505,0,0,0.4984631224555569,0.5015368775444431,0.5015368775444431,1.0,0.01,0.24743565660149305,180,680,780,810
2023-04-30,1876.92431640625,-0.023959134648528724,0,1,0.5339201829038446,0.4660798170961554,0.5339201829038446,1.0,0.01,0.24743565660149305,180,680,780,810
2023-05-01,1831.954833984375,0.02119837887694409,1,1,0.5384182265373494,0.4615817734626506,0.5384182265373494,1.0,0.01,0.24743565660149305,180,680,780,810
2023-05-02,1870.789306640625,0.018100674783592785,1,1,0.5433586981317439,0.45664130186825613,0.5433586981317439,1.0,0.01,0.24743565660149305,180,680,780,810
2023-05-03,1904.65185546875,-0.014148388236346676,0,1,0.5011632891381015,0.4988367108618985,0.5011632891381015,1.0,0.01,0.24743565660149305,180,680,780,810
2023-05-04,1877.7041015625,0.06250016252602353,1,1,0.5349219398810977,0.4650780601189023,0.5349219398810977,1.0,0.01,0.24743565660149305,180,680,780,810
2023-05-05,1995.0609130859373,-0.04753695022846627,0,1,0.5407725418785527,0.4592274581214473,0.5407725418785527,1.0,0.01,0.24743565660149305,180,680,780,810
2023-05-06,1900.2218017578125,-0.014285377484394957,0,1,0.5112190562504481,0.48878094374955194,0.5112190562504481,1.0,0.01,0.24743565660149305,180,680,780,810
2023-05-07,1873.076416015625,-0.012831132355707098,0,1,0.5179432362919428,0.48205676370805717,0.5179432362919428,1.0,0.01,0.24743565660149305,180,680,780,810
2023-05-08,1849.042724609375,-0.0002377312267921594,0,1,0.5389526517650859,0.4610473482349141,0.5389526517650859,1.0,0.01,0.24743565660149305,180,680,780,810
2023-05-09,1848.6031494140625,-0.0033547817757508813,0,1,0.5211488625051109,0.47885113749488906,0.5211488625051109,1.0,0.01,0.24743565660149305,180,680,780,810
2023-05-10,1842.4014892578125,-0.02491904665707234,0,1,0.532475441981515,0.467524558018485,0.532475441981515,1.0,0.01,0.24743565660149305,180,680,780,810
2023-05-11,1796.4906005859375,0.006417609310578776,1,1,0.5437402081660366,0.45625979183396337,0.5437402081660366,1.0,0.01,0.24743565660149305,180,680,780,810
2023-05-12,1808.019775390625,-0.006584500561665818,0,1,0.5432790959170244,0.4567209040829756,0.5432790959170244,1.0,0.01,0.24743565660149305,180,680,780,810
2023-05-13,1796.1148681640625,0.0024419977119396474,1,1,0.5180940541292455,0.4819059458707545,0.5180940541292455,1.0,0.01,0.24743565660149305,180,680,780,810
2023-05-14,1800.5009765625,0.009469003581360047,1,1,0.5410411839254189,0.4589588160745811,0.5410411839254189,1.0,0.01,0.24743565660149305,180,680,780,810
2023-05-15,1817.5499267578125,0.003615599828306948,1,1,0.5399444400806785,0.46005555991932146,0.5399444400806785,1.0,0.01,0.24743565660149305,180,680,780,810
2023-05-16,1824.1214599609373,-0.0012399617404647012,0,1,0.5361581746975248,0.4638418253024752,0.5361581746975248,1.0,0.01,0.24743565660149305,180,680,780,810
2023-05-17,1821.859619140625,-0.011049755592651422,0,1,0.5256475629249207,0.47435243707507935,0.5256475629249207,1.0,0.01,0.24743565660149305,180,680,780,810
2023-05-18,1801.728515625,0.0060280790473556944,1,1,0.5166989343247835,0.48330106567521647,0.5166989343247835,1.0,0.01,0.24743565660149305,180,680,780,810
2023-05-19,1812.5894775390625,0.004352088491321071,1,1,0.5321999250323755,0.46780007496762455,0.5321999250323755,1.0,0.01,0.24743565660149305,180,680,780,810
2023-05-20,1820.47802734375,-0.00875959777262747,0,1,0.5030099397378467,0.4969900602621533,0.5030099397378467,1.0,0.01,0.248515768061215,210,710,810,840
2023-05-21,1804.5313720703125,0.0072059805498594365,1,1,0.5063408183325313,0.4936591816674687,0.5063408183325313,1.0,0.01,0.248515768061215,210,710,810,840
2023-05-22,1817.5347900390625,0.020272418111193735,1,1,0.5166970120380052,0.4833029879619948,0.5166970120380052,1.0,0.01,0.248515768061215,210,710,810,840
2023-05-23,1854.380615234375,-0.02927157413235626,0,1,0.5295152413340175,0.4704847586659825,0.5295152413340175,1.0,0.01,0.248515768061215,210,710,810,840
2023-05-24,1800.0999755859375,0.0032519081412238915,1,1,0.52508753693401,0.47491246306599,0.52508753693401,1.0,0.01,0.248515768061215,210,710,810,840
2023-05-25,1805.9537353515625,0.012589448704585227,1,1,0.5133670970951175,0.4866329029048825,0.5133670970951175,1.0,0.01,0.248515768061215,210,710,810,840
2023-05-26,1828.689697265625,0.001328048640957924,1,1,0.5234054478705621,0.4765945521294379,0.5234054478705621,1.0,0.01,0.248515768061215,210,710,810,840
2023-05-27,1831.1182861328125,0.04357768640169235,1,1,0.5148945165306817,0.48510548346931825,0.5148945165306817,1.0,0.01,0.248515768061215,210,710,810,840
2023-05-28,1910.9141845703125,-0.009333783648857619,0,1,0.5210772817300794,0.4789227182699206,0.5210772817300794,1.0,0.01,0.248515768061215,210,710,810,840
2023-05-29,1893.078125,0.004198710144688311,1,1,0.519215845413736,0.480784154586264,0.519215845413736,1.0,0.01,0.248515768061215,210,710,810,840
2023-05-30,1901.026611328125,-0.014148207081263298,0,1,0.5185935016344614,0.4814064983655386,0.5185935016344614,1.0,0.01,0.248515768061215,210,710,810,840
2023-05-31,1874.1304931640625,-0.006365126223573547,0,1,0.5172160212983473,0.4827839787016527,0.5172160212983473,1.0,0.01,0.248515768061215,210,710,810,840
2023-06-01,1862.201416015625,0.024194577124557304,1,1,0.518723777172665,0.48127622282733495,0.518723777172665,1.0,0.01,0.248515768061215,210,710,810,840
2023-06-02,1907.256591796875,-0.007782967574883393,0,1,0.5167357969275036,0.4832642030724964,0.5167357969275036,1.0,0.01,0.248515768061215,210,710,810,840
2023-06-03,1892.4124755859373,-0.0010034418002141665,0,1,0.5163685382783836,0.4836314617216164,0.5163685382783836,1.0,0.01,0.248515768061215,210,710,810,840
2023-06-04,1890.5135498046875,-0.041621061468822385,0,1,0.5143595747688822,0.48564042523111783,0.5143595747688822,1.0,0.01,0.248515768061215,210,710,810,840
2023-06-05,1811.828369140625,0.040106725970251,1,1,0.5168058382361944,0.4831941617638056,0.5168058382361944,1.0,0.01,0.248515768061215,210,710,810,840
2023-06-06,1884.494873046875,-0.027646069882318547,0,1,0.5154885620901978,0.4845114379098022,0.5154885620901978,1.0,0.01,0.248515768061215,210,710,810,840
2023-06-07,1832.39599609375,0.0075889075389308225,1,1,0.5155077869206849,0.4844922130793151,0.5155077869206849,1.0,0.01,0.248515768061215,210,710,810,840
2023-06-08,1846.3018798828125,-0.003291260341800495,0,1,0.5154772242730563,0.4845227757269437,0.5154772242730563,1.0,0.01,0.248515768061215,210,710,810,840
2023-06-09,1840.2252197265625,-0.04773353454780638,0,1,0.5154868030959915,0.4845131969040085,0.5154868030959915,1.0,0.01,0.248515768061215,210,710,810,840
2023-06-10,1752.384765625,0.0005880658165602348,1,1,0.5154893126943701,0.48451068730562985,0.5154893126943701,1.0,0.01,0.248515768061215,210,710,810,840
2023-06-11,1753.415283203125,-0.006208795362955821,0,1,0.5154565375249602,0.48454346247503977,0.5154565375249602,1.0,0.01,0.248515768061215,210,710,810,840
2023-06-12,1742.5286865234375,-0.0020034613456795247,0,1,0.515485362229168,0.48451463777083204,0.515485362229168,1.0,0.01,0.248515768061215,210,710,810,840
2023-06-13,1739.03759765625,-0.050900745714856144,0,1,0.5143297879485086,0.4856702120514914,0.5143297879485086,1.0,0.01,0.248515768061215,210,710,810,840
2023-06-14,1650.519287109375,0.00908834473998854,1,1,0.5085212499556055,0.49147875004439445,0.5085212499556055,1.0,0.01,0.248515768061215,210,710,810,840
2023-06-15,1665.519775390625,0.030710561716126294,1,0,0.4934319981753266,0.5065680018246734,0.5065680018246734,1.0,0.01,0.248515768061215,210,710,810,840
2023-06-16,1716.6688232421875,0.006137047622508218,1,0,0.4410426042885453,0.5589573957114546,0.5589573957114546,1.0,0.01,0.248515768061215,210,710,810,840
2023-06-17,1727.2041015625,-0.003836597486115201,0,0,0.41190023878306437,0.5880997612169356,0.5880997612169356,1.0,0.01,0.248515768061215,210,710,810,840
2023-06-18,1720.5775146484375,0.009928009075009792,1,0,0.3721291912324353,0.6278708087675646,0.6278708087675646,1.0,0.01,0.248515768061215,210,710,810,840
2023-06-19,1737.659423828125,0.03134133797581806,1,0,0.4881942546681747,0.5118057453318253,0.5118057453318253,0.1,scale,0.2501435904126005,240,740,840,870
2023-06-20,1792.1199951171875,0.05517889834423917,1,0,0.48670317822133374,0.5132968217786662,0.5132968217786662,0.1,scale,0.2501435904126005,240,740,840,870
2023-06-21,1891.0072021484373,-0.009552691795066348,0,1,0.510463280504339,0.489536719495661,0.510463280504339,0.1,scale,0.2501435904126005,240,740,840,870
2023-06-22,1872.9429931640625,0.010635170133588723,1,0,0.4669869513877819,0.5330130486122181,0.5330130486122181,0.1,scale,0.2501435904126005,240,740,840,870
2023-06-23,1892.862060546875,-0.008876699741769856,0,0,0.47440174146278613,0.5255982585372139,0.5255982585372139,0.1,scale,0.2501435904126005,240,740,840,870
2023-06-24,1876.0596923828125,0.01303072137420247,1,0,0.46019136874770933,0.5398086312522907,0.5398086312522907,0.1,scale,0.2501435904126005,240,740,840,870
2023-06-25,1900.506103515625,-0.021611739163331922,0,0,0.4914119007344625,0.5085880992655375,0.5085880992655375,0.1,scale,0.2501435904126005,240,740,840,870
2023-06-26,1859.432861328125,0.016279430380120807,1,0,0.48039914091606073,0.5196008590839393,0.5196008590839393,0.1,scale,0.2501435904126005,240,740,840,870
2023-06-27,1889.703369140625,-0.03266765501002877,0,0,0.4686550371517534,0.5313449628482466,0.5313449628482466,0.1,scale,0.2501435904126005,240,740,840,870
2023-06-28,1827.97119140625,0.013269412357076016,1,0,0.47343126387265744,0.5265687361273426,0.5265687361273426,0.1,scale,0.2501435904126005,240,740,840,870
2023-06-29,1852.227294921875,0.04371043993566137,1,0,0.4681534663964539,0.5318465336035461,0.5318465336035461,0.1,scale,0.2501435904126005,240,740,840,870
2023-06-30,1933.18896484375,-0.004460529742211228,0,1,0.5208709235148999,0.47912907648510006,0.5208709235148999,0.1,scale,0.2501435904126005,240,740,840,870
2023-07-01,1924.56591796875,0.0066884882472737495,1,0,0.4597445090280387,0.5402554909719612,0.5402554909719612,0.1,scale,0.2501435904126005,240,740,840,870
2023-07-02,1937.4383544921875,0.009265226747700916,1,0,0.48635175426458505,0.513648245735415,0.513648245735415,0.1,scale,0.2501435904126005,240,740,840,870
2023-07-03,1955.38916015625,-0.009591755757138554,0,0,0.4854642511888199,0.5145357488111801,0.5145357488111801,0.1,scale,0.2501435904126005,240,740,840,870
2023-07-04,1936.633544921875,-0.013448869712526457,0,0,0.4615957215366131,0.5384042784633869,0.5384042784633869,0.1,scale,0.2501435904126005,240,740,840,870
2023-07-05,1910.5880126953125,-0.0324253777759973,0,0,0.4683449556838654,0.5316550443161345,0.5316550443161345,0.1,scale,0.2501435904126005,240,740,840,870
2023-07-06,1848.636474609375,0.01188230609685803,1,0,0.4885043716370051,0.5114956283629949,0.5114956283629949,0.1,scale,0.2501435904126005,240,740,840,870
2023-07-07,1870.6025390625,-0.0027066082588487195,0,0,0.4602562814374741,0.5397437185625259,0.5397437185625259,0.1,scale,0.2501435904126005,240,740,840,870
2023-07-08,1865.53955078125,-0.0013560608539179286,0,0,0.45853901537378683,0.5414609846262132,0.5414609846262132,0.1,scale,0.2501435904126005,240,740,840,870
2023-07-09,1863.009765625,0.009418432035694924,1,0,0.4699149440722743,0.5300850559277257,0.5300850559277257,0.1,scale,0.2501435904126005,240,740,840,870
2023-07-10,1880.556396484375,-0.0011806808443571848,0,0,0.4887893319485496,0.5112106680514503,0.5112106680514503,0.1,scale,0.2501435904126005,240,740,840,870
2023-07-11,1878.3360595703125,-0.0033126606963430616,0,0,0.460172447345721,0.5398275526542791,0.5398275526542791,0.1,scale,0.2501435904126005,240,740,840,870
2023-07-12,1872.11376953125,0.07178928293005193,1,0,0.4820548074434851,0.5179451925565148,0.5179451925565148,0.1,scale,0.2501435904126005,240,740,840,870
2023-07-13,2006.511474609375,-0.03347323429785676,0,1,0.511367314869237,0.48863268513076297,0.511367314869237,0.1,scale,0.2501435904126005,240,740,840,870
2023-07-14,1939.3470458984373,-0.00406347754040659,0,0,0.46487243048679044,0.5351275695132096,0.5351275695132096,0.1,scale,0.2501435904126005,240,740,840,870
2023-07-15,1931.466552734375,-0.0040304440984128,0,0,0.4515433442010477,0.5484566557989523,0.5484566557989523,0.1,scale,0.2501435904126005,240,740,840,870
2023-07-16,1923.681884765625,-0.0062566304215256885,0,0,0.46438120055614457,0.5356187994438555,0.5356187994438555,0.1,scale,0.2501435904126005,240,740,840,870
2023-07-17,1911.6461181640625,-0.007348051957174251,0,0,0.4899715657081968,0.5100284342918032,0.5100284342918032,0.1,scale,0.2501435904126005,240,740,840,870
2023-07-18,1897.5992431640625,-0.004527462068031229,0,0,0.46120040837436427,0.5387995916256357,0.5387995916256357,0.1,scale,0.2501435904126005,240,740,840,870
2023-07-19,1889.0079345703125,0.0010382072011099197,1,0,0.3415452168509054,0.6584547831490946,0.6584547831490946,1.0,0.01,0.24822016940678945,270,770,870,900
2023-07-20,1890.9691162109373,0.0005875092853386832,1,0,0.4025128507499935,0.5974871492500065,0.5974871492500065,1.0,0.01,0.24822016940678945,270,770,870,900
2023-07-21,1892.080078125,-0.014358654754347167,0,0,0.3355402516571472,0.6644597483428528,0.6644597483428528,1.0,0.01,0.24822016940678945,270,770,870,900
2023-07-22,1864.912353515625,0.013019001578937539,1,0,0.3643049262385383,0.6356950737614617,0.6356950737614617,1.0,0.01,0.24822016940678945,270,770,870,900
2023-07-23,1889.191650390625,-0.020744097184215993,0,0,0.3797264239843267,0.6202735760156732,0.6202735760156732,1.0,0.01,0.24822016940678945,270,770,870,900
2023-07-24,1850.0020751953125,0.00418370782813593,1,0,0.4232280155899888,0.5767719844100112,0.5767719844100112,1.0,0.01,0.24822016940678945,270,770,870,900
2023-07-25,1857.741943359375,0.007761018047494739,1,0,0.32645021577397226,0.6735497842260277,0.6735497842260277,1.0,0.01,0.24822016940678945,270,770,870,900
2023-07-26,1872.159912109375,-0.006304340937255626,0,0,0.4123179752703124,0.5876820247296877,0.5876820247296877,1.0,0.01,0.24822016940678945,270,770,870,900
2023-07-27,1860.357177734375,0.007733834924120275,1,0,0.3102224094770663,0.6897775905229337,0.6897775905229337,1.0,0.01,0.24822016940678945,270,770,870,900
2023-07-28,1874.744873046875,0.0033732454481110175,1,0,0.32419650883002116,0.6758034911699788,0.6758034911699788,1.0,0.01,0.24822016940678945,270,770,870,900
2023-07-29,1881.06884765625,-0.010326601736203367,0,0,0.3033096766677184,0.6966903233322816,0.6966903233322816,1.0,0.01,0.24822016940678945,270,770,870,900
2023-07-30,1861.643798828125,-0.002944411447533879,0,0,0.42102985857077757,0.5789701414292224,0.5789701414292224,1.0,0.01,0.24822016940678945,270,770,870,900
2023-07-31,1856.162353515625,0.008420470716144157,1,0,0.358558933056042,0.6414410669439581,0.6414410669439581,1.0,0.01,0.24822016940678945,270,770,870,900
2023-08-01,1871.7921142578125,-0.017471166978973995,0,0,0.4437173031904199,0.5562826968095801,0.5562826968095801,1.0,0.01,0.24822016940678945,270,770,870,900
2023-08-02,1839.0897216796875,-0.0021495672689105794,0,0,0.33808681365528953,0.6619131863447105,0.6619131863447105,1.0,0.01,0.24822016940678945,270,770,870,900
2023-08-03,1835.136474609375,-0.00404524899760117,0,0,0.3221916838726195,0.6778083161273805,0.6778083161273805,1.0,0.01,0.24822016940678945,270,770,870,900
2023-08-04,1827.712890625,0.0039803978247232585,1,0,0.35609651254423225,0.6439034874557678,0.6439034874557678,1.0,0.01,0.24822016940678945,270,770,870,900
2023-08-05,1834.9879150390625,-0.004101323417211589,0,0,0.3130329915718782,0.6869670084281219,0.6869670084281219,1.0,0.01,0.24822016940678945,270,770,870,900
2023-08-06,1827.4620361328125,-0.0002862950633341077,0,0,0.3541064537417351,0.6458935462582649,0.6458935462582649,1.0,0.01,0.24822016940678945,270,770,870,900
2023-08-07,1826.9388427734373,0.015801585470487378,1,0,0.4766912868861163,0.5233087131138837,0.5233087131138837,1.0,0.01,0.24822016940678945,270,770,870,900
2023-08-08,1855.807373046875,-0.000813535740253668,0,0,0.35211548463823095,0.647884515361769,0.647884515361769,1.0,0.01,0.24822016940678945,270,770,870,900
2023-08-09,1854.297607421875,-0.0019113379853046286,0,0,0.35417724510793414,0.6458227548920659,0.6458227548920659,1.0,0.01,0.24822016940678945,270,770,870,900
2023-08-10,1850.75341796875,-0.0019608383726751333,0,0,0.31748438552924274,0.6825156144707573,0.6825156144707573,1.0,0.01,0.24822016940678945,270,770,870,900
2023-08-11,1847.1243896484373,0.0009558116061818556,1,0,0.336570886882376,0.663429113117624,0.663429113117624,1.0,0.01,0.24822016940678945,270,770,870,900
2023-08-12,1848.889892578125,-0.005197573554549306,0,0,0.3164240607397493,0.6835759392602507,0.6835759392602507,1.0,0.01,0.24822016940678945,270,770,870,900
2023-08-13,1839.2801513671875,0.0026671519533285615,1,0,0.39528982935460366,0.6047101706453963,0.6047101706453963,1.0,0.01,0.24822016940678945,270,770,870,900
2023-08-14,1844.185791015625,-0.009355376145865901,0,0,0.3976605604392661,0.6023394395607339,0.6023394395607339,1.0,0.01,0.24822016940678945,270,770,870,900
2023-08-15,1826.9327392578125,-0.011644479943617059,0,0,0.3658592977502815,0.6341407022497185,0.6341407022497185,1.0,0.01,0.24822016940678945,270,770,870,900
2023-08-16,1805.6590576171875,-0.06685956876976196,0,0,0.37159356942060734,0.6284064305793926,0.6284064305793926,1.0,0.01,0.24822016940678945,270,770,870,900
2023-08-17,1684.9334716796875,-0.014237003254733094,0,1,0.5498240353442351,0.4501759646557649,0.5498240353442351,1.0,0.01,0.24822016940678945,270,770,870,900
2023-08-18,1660.945068359375,0.005133737190461396,1,0,0.44770366546759316,0.5522963345324068,0.5522963345324068,1.0,0.1,0.24468585457591524,300,800,900,930
2023-08-19,1669.471923828125,0.009212569995102449,1,0,0.42187860139279576,0.5781213986072042,0.5781213986072042,1.0,0.1,0.24468585457591524,300,800,900,930
2023-08-20,1684.85205078125,-0.010435935786971329,0,0,0.41865456137640383,0.5813454386235961,0.5813454386235961,1.0,0.1,0.24468585457591524,300,800,900,930
2023-08-21,1667.26904296875,-0.020018643652328416,0,0,0.4861497274554536,0.5138502725445464,0.5138502725445464,1.0,0.1,0.24468585457591524,300,800,900,930
2023-08-22,1633.892578125,0.027775287399602888,1,1,0.5261512170011513,0.4738487829988487,0.5261512170011513,1.0,0.1,0.24468585457591524,300,800,900,930
2023-08-23,1679.2744140625,-0.011510825045927042,0,0,0.3964387336887654,0.6035612663112346,0.6035612663112346,1.0,0.1,0.24468585457591524,300,800,900,930
2023-08-24,1659.944580078125,-0.004222744282248891,0,0,0.35970767444674956,0.6402923255532504,0.6402923255532504,1.0,0.1,0.24468585457591524,300,800,900,930
2023-08-25,1652.93505859375,-0.004010015919243992,0,0,0.3921312159349822,0.6078687840650179,0.6078687840650179,1.0,0.1,0.24468585457591524,300,800,900,930
2023-08-26,1646.3067626953125,0.006806932390764242,1,0,0.3637324925145216,0.6362675074854784,0.6362675074854784,1.0,0.1,0.24468585457591524,300,800,900,930
2023-08-27,1657.5130615234375,-0.0030501503607176517,0,0,0.38523244792767847,0.6147675520723215,0.6147675520723215,1.0,0.1,0.24468585457591524,300,800,900,930
2023-08-28,1652.4573974609375,0.046759638502996026,1,0,0.4990837977965343,0.5009162022034657,0.5009162022034657,1.0,0.1,0.24468585457591524,300,800,900,930
2023-08-29,1729.7257080078125,-0.014229727451396501,0,0,0.45755192123355165,0.5424480787664483,0.5424480787664483,1.0,0.1,0.24468585457591524,300,800,900,930
2023-08-30,1705.1121826171875,-0.03487924317662894,0,0,0.331518119733661,0.668481880266339,0.668481880266339,1.0,0.1,0.24468585457591524,300,800,900,930
2023-08-31,1645.63916015625,-0.01042023648557433,0,0,0.4262401214312743,0.5737598785687257,0.5737598785687257,1.0,0.1,0.24468585457591524,300,800,900,930
2023-09-01,1628.4912109375,0.0052405439035725365,1,0,0.347993324616093,0.652006675383907,0.652006675383907,1.0,0.1,0.24468585457591524,300,800,900,930
2023-09-02,1637.025390625,-0.0005544903878390572,0,0,0.32335524147187483,0.6766447585281252,0.6766447585281252,1.0,0.1,0.24468585457591524,300,800,900,930
2023-09-03,1636.11767578125,-0.003949839574139524,0,0,0.37767082235107574,0.6223291776489243,0.6223291776489243,1.0,0.1,0.24468585457591524,300,800,900,930
2023-09-04,1629.6552734375,0.0024386268424532176,1,0,0.416378763620447,0.583621236379553,0.583621236379553,1.0,0.1,0.24468585457591524,300,800,900,930
2023-09-05,1633.62939453125,-0.0008429544668591138,0,0,0.41618569217831847,0.5838143078216815,0.5838143078216815,1.0,0.1,0.24468585457591524,300,800,900,930
2023-09-06,1632.2523193359375,0.009401700388986578,1,0,0.39540570851393136,0.6045942914860687,0.6045942914860687,1.0,0.1,0.24468585457591524,300,800,900,930
2023-09-07,1647.5982666015625,-0.006955851709160243,0,0,0.3650281097484445,0.6349718902515555,0.6349718902515555,1.0,0.1,0.24468585457591524,300,800,900,930
2023-09-08,1636.1378173828125,-0.0005961990834902897,0,0,0.36307254752703255,0.6369274524729674,0.6369274524729674,1.0,0.1,0.24468585457591524,300,800,900,930
2023-09-09,1635.162353515625,-0.011212034116571123,0,0,0.3356819304926417,0.6643180695073583,0.6643180695073583,1.0,0.1,0.24468585457591524,300,800,900,930
2023-09-10,1616.828857421875,-0.04032038506124014,0,0,0.498471503507521,0.501528496492479,0.501528496492479,1.0,0.1,0.24468585457591524,300,800,900,930
2023-09-11,1551.6376953125,0.02628947992827646,1,1,0.5131773349320187,0.48682266506798133,0.5131773349320187,1.0,0.1,0.24468585457591524,300,800,900,930
2023-09-12,1592.429443359375,0.009770657090104162,1,0,0.3584191631592745,0.6415808368407254,0.6415808368407254,1.0,0.1,0.24468585457591524,300,800,900,930
2023-09-13,1607.988525390625,0.011807198586281986,1,0,0.32713969528751635,0.6728603047124837,0.6728603047124837,1.0,0.1,0.24468585457591524,300,800,900,930
2023-09-14,1626.974365234375,0.009014288078772026,1,0,0.385361989716728,0.614638010283272,0.614638010283272,1.0,0.1,0.24468585457591524,300,800,900,930
2023-09-15,1641.640380859375,-0.003909931338625383,0,0,0.33740483553254635,0.6625951644674537,0.6625951644674537,1.0,0.1,0.24468585457591524,300,800,900,930
2023-09-16,1635.2216796875,-0.007537174515831024,0,0,0.3222987071026646,0.6777012928973354,0.6777012928973354,1.0,0.1,0.24468585457591524,300,800,900,930
2023-09-17,1622.896728515625,0.008904027674040194,1,0,0.435489170385855,0.564510829614145,0.564510829614145,1.0,0.1,0.241061799380808,330,830,930,960
2023-09-18,1637.3470458984375,0.0037851668963293505,1,0,0.47118176792849775,0.5288182320715022,0.5288182320715022,1.0,0.1,0.241061799380808,330,830,930,960
2023-09-19,1643.544677734375,-0.012566772911124402,0,0,0.42453721908544095,0.575462780914559,0.575462780914559,1.0,0.1,0.241061799380808,330,830,930,960
2023-09-20,1622.890625,-0.02377462631781635,0,0,0.44727627945540616,0.5527237205445938,0.5527237205445938,1.0,0.1,0.241061799380808,330,830,930,960
2023-09-21,1584.3070068359375,0.005656292418244391,1,0,0.4389552235528375,0.5610447764471624,0.5610447764471624,1.0,0.1,0.241061799380808,330,830,930,960
2023-09-22,1593.268310546875,0.00036998008129596194,1,0,0.42247598581129303,0.577524014188707,0.577524014188707,1.0,0.1,0.241061799380808,330,830,930,960
2023-09-23,1593.8577880859375,-0.008159068286052618,0,0,0.4218550105210328,0.5781449894789672,0.5781449894789672,1.0,0.1,0.241061799380808,330,830,930,960
2023-09-24,1580.8533935546875,0.0047249684583838825,1,0,0.4663831771708856,0.5336168228291144,0.5336168228291144,1.0,0.1,0.241061799380808,330,830,930,960
2023-09-25,1588.3228759765625,0.0032073833529786544,1,0,0.46529943644136207,0.5347005635586379,0.5347005635586379,1.0,0.1,0.241061799380808,330,830,930,960
2023-09-26,1593.417236328125,0.0025567531946391053,1,0,0.426885423715936,0.5731145762840639,0.5731145762840639,1.0,0.1,0.241061799380808,330,830,930,960
2023-09-27,1597.4912109375,0.03467404334555346,1,0,0.4643710345183315,0.5356289654816685,0.5356289654816685,1.0,0.1,0.241061799380808,330,830,930,960
2023-09-28,1652.8826904296875,0.009112054541902781,1,0,0.4429181068040309,0.5570818931959691,0.5570818931959691,1.0,0.1,0.241061799380808,330,830,930,960
2023-09-29,1667.94384765625,0.001929332083119517,1,0,0.4294208833908682,0.5705791166091319,0.5705791166091319,1.0,0.1,0.241061799380808,330,830,930,960
2023-09-30,1671.161865234375,0.037488026069531166,1,0,0.4263264333530155,0.5736735666469845,0.5736735666469845,1.0,0.1,0.241061799380808,330,830,930,960
2023-10-01,1733.8104248046875,-0.04047897066718298,0,0,0.46869508276930427,0.5313049172306957,0.5313049172306957,1.0,0.1,0.241061799380808,330,830,930,960
2023-10-02,1663.6275634765625,-0.00417274556135816,0,0,0.4789202417188137,0.5210797582811864,0.5210797582811864,1.0,0.1,0.241061799380808,330,830,930,960
2023-10-03,1656.6856689453125,-0.005340502634588518,0,0,0.4183392188794141,0.5816607811205858,0.5816607811205858,1.0,0.1,0.241061799380808,330,830,930,960
2023-10-04,1647.838134765625,-0.022066302247040315,0,0,0.44473766838004397,0.5552623316199561,0.5552623316199561,1.0,0.1,0.241061799380808,330,830,930,960
2023-10-05,1611.4764404296875,0.021319022529365572,1,0,0.45035366281828804,0.549646337181712,0.549646337181712,1.0,0.1,0.241061799380808,330,830,930,960
2023-10-06,1645.83154296875,-0.006878172039150754,0,0,0.4350958137937853,0.5649041862062147,0.5649041862062147,1.0,0.1,0.241061799380808,330,830,930,960
2023-10-07,1634.51123046875,-0.0005889506700414993,0,0,0.42370451062744274,0.5762954893725573,0.5762954893725573,1.0,0.1,0.241061799380808,330,830,930,960
2023-10-08,1633.548583984375,-0.032898895010697204,0,0,0.4665181867793753,0.5334818132206247,0.5334818132206247,1.0,0.1,0.241061799380808,330,830,930,960
2023-10-09,1579.806640625,-0.007655131722261288,0,0,0.483427361040775,0.516572638959225,0.516572638959225,1.0,0.1,0.241061799380808,330,830,930,960
2023-10-10,1567.7130126953125,-0.000930177871406368,0,0,0.4329329506364259,0.5670670493635741,0.5670670493635741,1.0,0.1,0.241061799380808,330,830,930,960
2023-10-11,1566.2547607421875,-0.01701021740023334,0,0,0.4446447451921419,0.5553552548078581,0.5553552548078581,1.0,0.1,0.241061799380808,330,830,930,960
2023-10-12,1539.6124267578125,0.008104020573232784,1,0,0.44072369869199296,0.5592763013080071,0.5592763013080071,1.0,0.1,0.241061799380808,330,830,930,960
2023-10-13,1552.0894775390625,0.002040706057397923,1,0,0.4365548942478444,0.5634451057521557,0.5634451057521557,1.0,0.1,0.241061799380808,330,830,930,960
2023-10-14,1555.2568359375,0.0018086969407560272,1,0,0.42597353357366097,0.574026466426339,0.574026466426339,1.0,0.1,0.241061799380808,330,830,930,960
2023-10-15,1558.06982421875,0.027254540765113022,1,0,0.45219483845428887,0.5478051615457111,0.5478051615457111,1.0,0.1,0.241061799380808,330,830,930,960
2023-10-16,1600.5343017578125,-0.02192688186935865,0,0,0.45707696655349306,0.5429230334465069,0.5429230334465069,1.0,0.1,0.241061799380808,330,830,930,960
2023-10-17,1565.4395751953125,-0.0010793755903444335,0,0,0.3729871326664842,0.6270128673335158,0.6270128673335158,10.0,scale,0.24044678049616547,360,860,960,990
2023-10-18,1563.7498779296875,0.0023706817647977108,1,0,0.38981378744009587,0.6101862125599041,0.6101862125599041,10.0,scale,0.24044678049616547,360,860,960,990
2023-10-19,1567.45703125,0.023738984945261166,1,0,0.41389802336772513,0.5861019766322748,0.5861019766322748,10.0,scale,0.24044678049616547,360,860,960,990
2023-10-20,1604.6668701171875,0.015353699699918621,1,0,0.42633657211986054,0.5736634278801395,0.5736634278801395,10.0,scale,0.24044678049616547,360,860,960,990
2023-10-21,1629.304443359375,0.020944819993793384,1,0,0.3643347231247279,0.6356652768752721,0.6356652768752721,10.0,scale,0.24044678049616547,360,860,960,990
2023-10-22,1663.429931640625,0.061290684296216424,1,0,0.4363167803238077,0.5636832196761923,0.5636832196761923,10.0,scale,0.24044678049616547,360,860,960,990
2023-10-23,1765.3826904296875,0.010793585817743923,1,0,0.3879225523745892,0.6120774476254107,0.6120774476254107,10.0,scale,0.24044678049616547,360,860,960,990
2023-10-24,1784.4375,0.0016588325496480483,1,1,0.5289741421503323,0.47102585784966766,0.5289741421503323,10.0,scale,0.24044678049616547,360,860,960,990
2023-10-25,1787.3975830078125,0.009310588640725426,1,0,0.4852124470073579,0.5147875529926421,0.5147875529926421,10.0,scale,0.24044678049616547,360,860,960,990
2023-10-26,1804.039306640625,-0.013300163952285393,0,1,0.5732065773551411,0.42679342264485887,0.5732065773551411,10.0,scale,0.24044678049616547,360,860,960,990
2023-10-27,1780.0452880859375,-0.0019253015900076997,0,0,0.4953375518210132,0.5046624481789868,0.5046624481789868,10.0,scale,0.24044678049616547,360,860,960,990
2023-10-28,1776.6181640625,0.01065386858481232,1,0,0.46145545656878695,0.538544543431213,0.538544543431213,10.0,scale,0.24044678049616547,360,860,960,990
2023-10-29,1795.5460205078125,0.008099264721129096,1,1,0.5136937200067777,0.4863062799932223,0.5136937200067777,10.0,scale,0.24044678049616547,360,860,960,990
2023-10-30,1810.088623046875,0.0035193643267046326,1,1,0.5632415084744784,0.4367584915255216,0.5632415084744784,10.0,scale,0.24044678049616547,360,860,960,990
2023-10-31,1816.458984375,0.01686288408831138,1,1,0.5266503356680455,0.47334966433195447,0.5266503356680455,10.0,scale,0.24044678049616547,360,860,960,990
2023-11-01,1847.0897216796875,-0.02515781959835861,0,1,0.565503185543547,0.43449681445645305,0.565503185543547,10.0,scale,0.24044678049616547,360,860,960,990
2023-11-02,1800.6209716796875,0.01786838809609348,1,1,0.5195881578158068,0.4804118421841932,0.5195881578158068,10.0,scale,0.24044678049616547,360,860,960,990
2023-11-03,1832.795166015625,0.013587684453004512,1,0,0.46575275312506004,0.53424724687494,0.53424724687494,10.0,scale,0.24044678049616547,360,860,960,990
2023-11-04,1857.6986083984373,0.019625953467632185,1,0,0.43427439407031493,0.5657256059296851,0.5657256059296851,10.0,scale,0.24044678049616547,360,860,960,990
2023-11-05,1894.15771484375,0.002998529349214518,1,1,0.5178430400063478,0.48215695999365216,0.5178430400063478,10.0,scale,0.24044678049616547,360,860,960,990
2023-11-06,1899.83740234375,-0.006165335386688842,0,0,0.4359656234047905,0.5640343765952095,0.5640343765952095,10.0,scale,0.24044678049616547,360,860,960,990
2023-11-07,1888.124267578125,0.0006345557534326307,1,0,0.4660030246675415,0.5339969753324585,0.5339969753324585,10.0,scale,0.24044678049616547,360,860,960,990
2023-11-08,1889.3223876953125,0.12239237144858772,1,0,0.3994751855397152,0.6005248144602848,0.6005248144602848,10.0,scale,0.24044678049616547,360,860,960,990
2023-11-09,2120.56103515625,-0.019933988946118864,0,0,0.3941840454413045,0.6058159545586955,0.6058159545586955,10.0,scale,0.24044678049616547,360,860,960,990
2023-11-10,2078.289794921875,-0.012306237463546976,0,0,0.49970264015856014,0.5002973598414399,0.5002973598414399,10.0,scale,0.24044678049616547,360,860,960,990
2023-11-11,2052.7138671875,-0.003666782589169526,0,0,0.46942849359079475,0.5305715064092053,0.5305715064092053,10.0,scale,0.24044678049616547,360,860,960,990
2023-11-12,2045.18701171875,0.004927847225156823,1,0,0.45364360295157563,0.5463563970484244,0.5463563970484244,10.0,scale,0.24044678049616547,360,860,960,990
2023-11-13,2055.265380859375,-0.03708171667973137,0,0,0.49469566218995464,0.5053043378100454,0.5053043378100454,10.0,scale,0.24044678049616547,360,860,960,990
2023-11-14,1979.0526123046875,0.04110847506282078,1,0,0.46278130377858895,0.537218696221411,0.537218696221411,10.0,scale,0.24044678049616547,360,860,960,990
2023-11-15,2060.408447265625,-0.04830442993030459,0,0,0.418261076903802,0.581738923096198,0.581738923096198,10.0,scale,0.24044678049616547,360,860,960,990
2023-11-16,1960.881591796875,0.0002035665608492998,1,1,0.5798901883834657,0.42010981161653427,0.5798901883834657,10.0,scale,0.25326177859416243,390,890,990,1020
2023-11-17,1961.28076171875,0.0010219202166552588,1,1,0.5240550895049085,0.47594491049509147,0.5240550895049085,10.0,scale,0.25326177859416243,390,890,990,1020
2023-11-18,1963.2850341796875,0.025426483024461932,1,0,0.49328151102539464,0.5067184889746054,0.5067184889746054,10.0,scale,0.25326177859416243,390,890,990,1020
2023-11-19,2013.2044677734373,0.004487705105652884,1,0,0.4972472455890666,0.5027527544109334,0.5027527544109334,10.0,scale,0.25326177859416243,390,890,990,1020
2023-11-20,2022.2391357421875,-0.04211784935612517,0,1,0.5586711277413744,0.4413288722586256,0.5586711277413744,10.0,scale,0.25326177859416243,390,890,990,1020
2023-11-21,1937.0667724609373,0.06574813130783852,1,1,0.5459334031942764,0.4540665968057236,0.5459334031942764,10.0,scale,0.25326177859416243,390,890,990,1020
2023-11-22,2064.42529296875,-0.0010727438851469984,0,0,0.47069813652534204,0.529301863474658,0.529301863474658,10.0,scale,0.25326177859416243,390,890,990,1020
2023-11-23,2062.210693359375,0.009185000500188556,1,0,0.39628370254288875,0.6037162974571113,0.6037162974571113,10.0,scale,0.25326177859416243,390,890,990,1020
2023-11-24,2081.152099609375,0.0015669139841998359,1,1,0.5150306670937824,0.4849693329062176,0.5150306670937824,10.0,scale,0.25326177859416243,390,890,990,1020
2023-11-25,2084.4130859375,-0.010135684364837805,0,0,0.4019817863375907,0.5980182136624093,0.5980182136624093,10.0,scale,0.25326177859416243,390,890,990,1020
2023-11-26,2063.2861328125,-0.017384294811873424,0,1,0.5334079787834315,0.4665920212165685,0.5334079787834315,10.0,scale,0.25326177859416243,390,890,990,1020
2023-11-27,2027.4173583984373,0.010812167645888104,1,1,0.5245261806770513,0.47547381932294874,0.5245261806770513,10.0,scale,0.25326177859416243,390,890,990,1020
2023-11-28,2049.338134765625,-0.009470831200383945,0,0,0.4871039989278874,0.5128960010721126,0.5128960010721126,10.0,scale,0.25326177859416243,390,890,990,1020
2023-11-29,2029.92919921875,0.011146671092621574,1,0,0.49535326954651376,0.5046467304534863,0.5046467304534863,10.0,scale,0.25326177859416243,390,890,990,1020
2023-11-30,2052.55615234375,0.016849107974407973,1,1,0.5113197811824817,0.48868021881751833,0.5113197811824817,10.0,scale,0.25326177859416243,390,890,990,1020
2023-12-01,2087.139892578125,0.03764204271297267,1,1,0.5579948606842184,0.44200513931578156,0.5579948606842184,10.0,scale,0.25326177859416243,390,890,990,1020
2023-12-02,2165.7041015625,0.012923071442646705,1,0,0.4691041418830278,0.5308958581169723,0.5308958581169723,10.0,scale,0.25326177859416243,390,890,990,1020
2023-12-03,2193.691650390625,0.022575720663866372,1,0,0.4865598815415869,0.5134401184584131,0.5134401184584131,10.0,scale,0.25326177859416243,390,890,990,1020
2023-12-04,2243.2158203125,0.02256848231190145,1,1,0.5539735530581763,0.4460264469418237,0.5539735530581763,10.0,scale,0.25326177859416243,390,890,990,1020
2023-12-05,2293.841796875,-0.027107545082919904,0,1,0.5350116034463883,0.4649883965536117,0.5350116034463883,10.0,scale,0.25326177859416243,390,890,990,1020
2023-12-06,2231.661376953125,0.05642353010676748,1,1,0.5035261904609356,0.4964738095390644,0.5035261904609356,10.0,scale,0.25326177859416243,390,890,990,1020
2023-12-07,2357.57958984375,0.0004887825441670657,1,0,0.48824552695637335,0.5117544730436266,0.5117544730436266,10.0,scale,0.25326177859416243,390,890,990,1020
2023-12-08,2358.73193359375,-0.007443253883560597,0,1,0.5022536775476886,0.49774632245231143,0.5022536775476886,10.0,scale,0.25326177859416243,390,890,990,1020
2023-12-09,2341.17529296875,0.004821233826242777,1,0,0.48727833051827796,0.512721669481722,0.512721669481722,10.0,scale,0.25326177859416243,390,890,990,1020
2023-12-10,2352.462646484375,-0.054361666168691425,0,0,0.467383877983137,0.532616122016863,0.532616122016863,10.0,scale,0.25326177859416243,390,890,990,1020
2023-12-11,2224.578857421875,-0.010132601687358522,0,0,0.4686795657637707,0.5313204342362293,0.5313204342362293,10.0,scale,0.25326177859416243,390,890,990,1020
2023-12-12,2202.0380859375,0.02661652224701272,1,0,0.486367691212009,0.513632308787991,0.513632308787991,10.0,scale,0.25326177859416243,390,890,990,1020
2023-12-13,2260.648681640625,0.02474087211166509,1,1,0.5146785939503236,0.48532140604967644,0.5146785939503236,10.0,scale,0.25326177859416243,390,890,990,1020
2023-12-14,2316.5791015625,-0.041976420815141524,0,0,0.49333412348798483,0.5066658765120151,0.5066658765120151,10.0,scale,0.25326177859416243,390,890,990,1020
2023-12-15,2219.33740234375,0.0034195392373013167,1,1,0.5290425790904562,0.47095742090954384,0.5290425790904562,10.0,scale,0.25326177859416243,390,890,990,1020
2023-12-16,2226.926513671875,-0.013671449108484612,0,0,0.4792762907223532,0.5207237092776468,0.5207237092776468,10.0,scale,0.25835509383027483,420,920,1020,1050
2023-12-17,2196.481201171875,0.009466157195896718,1,1,0.5784299820684189,0.4215700179315811,0.5784299820684189,10.0,scale,0.25835509383027483,420,920,1020,1050
2023-12-18,2217.2734375,-0.017769968394459656,0,1,0.6146700159485522,0.3853299840514478,0.6146700159485522,10.0,scale,0.25835509383027483,420,920,1020,1050
2023-12-19,2177.87255859375,0.011037752537226941,1,1,0.5562287345946862,0.44377126540531375,0.5562287345946862,10.0,scale,0.25835509383027483,420,920,1020,1050
2023-12-20,2201.911376953125,0.017090198956007274,1,1,0.5841693047393094,0.4158306952606906,0.5841693047393094,10.0,scale,0.25835509383027483,420,920,1020,1050
2023-12-21,2239.54248046875,0.03883937127050796,1,0,0.459900676164263,0.540099323835737,0.540099323835737,10.0,scale,0.25835509383027483,420,920,1020,1050
2023-12-22,2326.52490234375,-0.007512713750621014,0,0,0.4686632728069156,0.5313367271930844,0.5313367271930844,10.0,scale,0.25835509383027483,420,920,1020,1050
2023-12-23,2309.04638671875,-0.018775823775668332,0,0,0.36971753730269236,0.6302824626973076,0.6302824626973076,10.0,scale,0.25835509383027483,420,920,1020,1050
2023-12-24,2265.692138671875,0.003032022219169095,1,1,0.5392975610561307,0.4607024389438693,0.5392975610561307,10.0,scale,0.25835509383027483,420,920,1020,1050
2023-12-25,2272.561767578125,-0.0180837485401647,0,0,0.4621615395228778,0.5378384604771222,0.5378384604771222,10.0,scale,0.25835509383027483,420,920,1020,1050
2023-12-26,2231.46533203125,0.06599907965814755,1,1,0.600106365682734,0.399893634317266,0.600106365682734,10.0,scale,0.25835509383027483,420,920,1020,1050
2023-12-27,2378.739990234375,-0.013105185204343561,0,0,0.49739912383158863,0.5026008761684113,0.5026008761684113,10.0,scale,0.25835509383027483,420,920,1020,1050
2023-12-28,2347.566162109375,-0.019967696347748753,0,1,0.524307705155604,0.475692294844396,0.524307705155604,10.0,scale,0.25835509383027483,420,920,1020,1050
2023-12-29,2300.690673828125,-0.003748980355657072,0,1,0.5174013161577639,0.48259868384223614,0.5174013161577639,10.0,scale,0.25835509383027483,420,920,1020,1050
2023-12-30,2292.0654296875,-0.004622136062972015,0,0,0.43531536723055797,0.564684632769442,0.564684632769442,10.0,scale,0.25835509383027483,420,920,1020,1050
2023-12-31,2281.47119140625,0.031057455259582145,1,1,0.5395876548762338,0.46041234512376616,0.5395876548762338,10.0,scale,0.25835509383027483,420,920,1020,1050
2024-01-01,2352.327880859375,0.001491520357524756,1,0,0.4986352655681786,0.5013647344318214,0.5013647344318214,10.0,scale,0.25835509383027483,420,920,1020,1050
2024-01-02,2355.83642578125,-0.06158087263741796,0,1,0.6230082334665445,0.37699176653345545,0.6230082334665445,10.0,scale,0.25835509383027483,420,920,1020,1050
2024-01-03,2210.761962890625,0.02636019798833411,1,1,0.6564210578158451,0.34357894218415486,0.6564210578158451,10.0,scale,0.25835509383027483,420,920,1020,1050
2024-01-04,2269.0380859375,-0.00017226204489362296,0,0,0.4493075756500607,0.5506924243499394,0.5506924243499394,10.0,scale,0.25835509383027483,420,920,1020,1050
2024-01-05,2268.647216796875,-0.011911266210730354,0,1,0.5053591515802821,0.4946408484197179,0.5053591515802821,10.0,scale,0.25835509383027483,420,920,1020,1050
2024-01-06,2241.624755859375,-0.008368389496710593,0,0,0.4631087293426215,0.5368912706573785,0.5368912706573785,10.0,scale,0.25835509383027483,420,920,1020,1050
2024-01-07,2222.865966796875,0.04956067963271038,1,1,0.5629459057096069,0.4370540942903931,0.5629459057096069,10.0,scale,0.25835509383027483,420,920,1020,1050
2024-01-08,2333.03271484375,0.005055408575588727,1,1,0.5245969393797523,0.47540306062024773,0.5245969393797523,10.0,scale,0.25835509383027483,420,920,1020,1050
2024-01-09,2344.8271484375,0.10119141078079541,1,1,0.5243424578759112,0.47565754212408884,0.5243424578759112,10.0,scale,0.25835509383027483,420,920,1020,1050
2024-01-10,2582.103515625,0.014529094117638142,1,0,0.48686273037231026,0.5131372696276897,0.5131372696276897,10.0,scale,0.25835509383027483,420,920,1020,1050
2024-01-11,2619.619140625,-0.036325484903951155,0,1,0.506155254457294,0.49384474554270597,0.506155254457294,10.0,scale,0.25835509383027483,420,920,1020,1050
2024-01-12,2524.460205078125,0.020653007406344237,1,1,0.5844794528404014,0.41552054715959863,0.5844794528404014,10.0,scale,0.25835509383027483,420,920,1020,1050
2024-01-13,2576.597900390625,-0.04050173658734413,0,0,0.4481249895183263,0.5518750104816736,0.5518750104816736,10.0,scale,0.25835509383027483,420,920,1020,1050
2024-01-14,2472.2412109375,0.01582473361444947,1,0,0.48433619577933695,0.515663804220663,0.515663804220663,10.0,scale,0.25835509383027483,420,920,1020,1050
2024-01-15,2511.36376953125,0.030392806292802277,1,0,0.4780231346699236,0.5219768653300765,0.5219768653300765,10.0,scale,0.25332414704270134,450,950,1050,1080
2024-01-16,2587.691162109375,-0.022924597112815248,0,0,0.49633364418860987,0.5036663558113901,0.5036663558113901,10.0,scale,0.25332414704270134,450,950,1050,1080
2024-01-17,2528.369384765625,-0.024264882460276693,0,1,0.6609315068788799,0.3390684931211201,0.6609315068788799,10.0,scale,0.25332414704270134,450,950,1050,1080
2024-01-18,2467.018798828125,0.009112105809166549,1,1,0.7220331808910495,0.2779668191089505,0.7220331808910495,10.0,scale,0.25332414704270134,450,950,1050,1080
2024-01-19,2489.49853515625,-0.007997363142403069,0,1,0.6411565339407096,0.3588434660592904,0.6411565339407096,10.0,scale,0.25332414704270134,450,950,1050,1080
2024-01-20,2469.589111328125,-0.006347624922185768,0,1,0.5104140099846118,0.48958599001538816,0.5104140099846118,10.0,scale,0.25332414704270134,450,950,1050,1080
2024-01-21,2453.9130859375,-0.05830959162402838,0,1,0.6711491985606963,0.3288508014393037,0.6711491985606963,10.0,scale,0.25332414704270134,450,950,1050,1080
2024-01-22,2310.826416015625,-0.030352942295125973,0,0,0.31343527015263384,0.6865647298473662,0.6865647298473662,10.0,scale,0.25332414704270134,450,950,1050,1080
2024-01-23,2240.68603515625,-0.0031795028247356694,0,1,0.8392229698048687,0.16077703019513134,0.8392229698048687,10.0,scale,0.25332414704270134,450,950,1050,1080
2024-01-24,2233.561767578125,-0.007096988643921831,0,1,0.6399811458873618,0.36001885411263823,0.6399811458873618,10.0,scale,0.25332414704270134,450,950,1050,1080
2024-01-25,2217.710205078125,0.022315585616102362,1,1,0.7327599590789152,0.2672400409210848,0.7327599590789152,10.0,scale,0.25332414704270134,450,950,1050,1080
2024-01-26,2267.19970703125,0.0003026990938410634,1,1,0.6747951679477231,0.3252048320522769,0.6747951679477231,10.0,scale,0.25332414704270134,450,950,1050,1080
2024-01-27,2267.885986328125,-0.004708017139361198,0,0,0.46350931547812824,0.5364906845218718,0.5364906845218718,10.0,scale,0.25332414704270134,450,950,1050,1080
2024-01-28,2257.208740234375,0.02651747163790663,1,1,0.6498480376674461,0.35015196233255386,0.6498480376674461,10.0,scale,0.25332414704270134,450,950,1050,1080
2024-01-29,2317.064208984375,0.011838016077853064,1,1,0.5187951787595657,0.4812048212404343,0.5187951787595657,10.0,scale,0.25332414704270134,450,950,1050,1080
2024-01-30,2344.49365234375,-0.02642328277923489,0,0,0.4390998647503832,0.5609001352496168,0.5609001352496168,10.0,scale,0.25332414704270134,450,950,1050,1080
2024-01-31,2282.54443359375,0.009323048929214206,1,0,0.4816918956497193,0.5183081043502806,0.5183081043502806,10.0,scale,0.25332414704270134,450,950,1050,1080
2024-02-01,2303.82470703125,0.0018288626271742991,1,0,0.39286947375113423,0.6071305262488658,0.6071305262488658,10.0,scale,0.25332414704270134,450,950,1050,1080
2024-02-02,2308.0380859375,-0.005199115184661651,0,0,0.3819005052707793,0.6180994947292207,0.6180994947292207,10.0,scale,0.25332414704270134,450,950,1050,1080
2024-02-03,2296.038330078125,-0.002827560592065126,0,0,0.37890171670583694,0.6210982832941631,0.6210982832941631,10.0,scale,0.25332414704270134,450,950,1050,1080
2024-02-04,2289.546142578125,0.0040806224708709316,1,1,0.5347430790464768,0.4652569209535232,0.5347430790464768,10.0,scale,0.25332414704270134,450,950,1050,1080
2024-02-05,2298.888916015625,0.03189061801573012,1,1,0.6128538974094851,0.38714610259051485,0.6128538974094851,10.0,scale,0.25332414704270134,450,950,1050,1080
2024-02-06,2372.201904296875,0.021728004179265792,1,1,0.6427172273436871,0.3572827726563129,0.6427172273436871,10.0,scale,0.25332414704270134,450,950,1050,1080
2024-02-07,2423.7451171875,-0.0015837568973957605,0,1,0.6427731523430933,0.3572268476569067,0.6427731523430933,10.0,scale,0.25332414704270134,450,950,1050,1080
2024-02-08,2419.906494140625,0.02793873689875137,1,1,0.6925453619063083,0.30745463809369167,0.6925453619063083,10.0,scale,0.25332414704270134,450,950,1050,1080
2024-02-09,2487.515625,0.005512587075457986,1,1,0.6538116156083648,0.34618838439163524,0.6538116156083648,10.0,scale,0.25332414704270134,450,950,1050,1080
2024-02-10,2501.228271484375,0.002535668266889557,1,0,0.4917617868514522,0.5082382131485478,0.5082382131485478,10.0,scale,0.25332414704270134,450,950,1050,1080
2024-02-11,2507.570556640625,0.060036360595147054,1,1,0.6938705717778411,0.30612942822215894,0.6938705717778411,10.0,scale,0.25332414704270134,450,950,1050,1080
2024-02-12,2658.115966796875,-0.005993216346274366,0,1,0.6422771513712441,0.3577228486287559,0.6422771513712441,10.0,scale,0.25332414704270134,450,950,1050,1080
2024-02-13,2642.185302734375,0.05136545149773286,1,1,0.7300260411742739,0.26997395882572606,0.7300260411742739,10.0,scale,0.25332414704270134,450,950,1050,1080
2024-02-14,2777.90234375,0.016730812227639058,1,1,0.5404299030237805,0.45957009697621953,0.5404299030237805,10.0,scale,0.24226571046869824,480,980,1080,1110
2024-02-15,2824.37890625,-0.007324619212465078,0,1,0.6640210307738911,0.3359789692261089,0.6640210307738911,10.0,scale,0.24226571046869824,480,980,1080,1110
2024-02-16,2803.69140625,-0.006070139812886177,0,1,0.657299493730203,0.342700506269797,0.657299493730203,10.0,scale,0.24226571046869824,480,980,1080,1110
2024-02-17,2786.672607421875,0.03313106792926823,1,1,0.6838362133376752,0.3161637866623248,0.6838362133376752,10.0,scale,0.24226571046869824,480,980,1080,1110
2024-02-18,2878.998046875,0.022430254937596983,1,1,0.5781822719287555,0.4218177280712445,0.5781822719287555,10.0,scale,0.24226571046869824,480,980,1080,1110
2024-02-19,2943.57470703125,0.02375647368863687,1,0,0.4960041332034422,0.5039958667965578,0.5039958667965578,10.0,scale,0.24226571046869824,480,980,1080,1110
2024-02-20,3013.503662109375,-0.014318281375232278,0,1,0.5507050354753094,0.44929496452469064,0.5507050354753094,10.0,scale,0.24226571046869824,480,980,1080,1110
2024-02-21,2970.35546875,0.0002194536901753974,1,1,0.6029619576954547,0.3970380423045453,0.6029619576954547,10.0,scale,0.24226571046869824,480,980,1080,1110
2024-02-22,2971.00732421875,-0.01661023205546175,0,1,0.5569452994699932,0.44305470053000684,0.5569452994699932,10.0,scale,0.24226571046869824,480,980,1080,1110
2024-02-23,2921.658203125,0.02420809632265497,1,1,0.524470796282013,0.475529203717987,0.524470796282013,10.0,scale,0.24226571046869824,480,980,1080,1110
2024-02-24,2992.385986328125,0.04020580227502868,1,0,0.4051309994464004,0.5948690005535996,0.5948690005535996,10.0,scale,0.24226571046869824,480,980,1080,1110
2024-02-25,3112.697265625,0.021298694046122835,1,0,0.4210751085482209,0.5789248914517791,0.5789248914517791,10.0,scale,0.24226571046869824,480,980,1080,1110
2024-02-26,3178.99365234375,0.0206120684504405,1,0,0.3923958367271832,0.6076041632728169,0.6076041632728169,10.0,scale,0.24226571046869824,480,980,1080,1110
2024-02-27,3244.519287109375,0.04351478842287437,1,0,0.39758703823959507,0.6024129617604049,0.6024129617604049,10.0,scale,0.24226571046869824,480,980,1080,1110
2024-02-28,3385.703857421875,-0.012932076026531347,0,0,0.3329511483147723,0.6670488516852278,0.6670488516852278,10.0,scale,0.24226571046869824,480,980,1080,1110
2024-02-29,3341.919677734375,0.02786849665007196,1,0,0.4385614043244617,0.5614385956755383,0.5614385956755383,10.0,scale,0.24226571046869824,480,980,1080,1110
2024-03-01,3435.053955078125,-0.003785719397915277,0,0,0.2585644620587109,0.7414355379412891,0.7414355379412891,10.0,scale,0.24226571046869824,480,980,1080,1110
2024-03-02,3422.0498046875,0.020146944548209422,1,0,0.37752323761500506,0.6224767623849949,0.6224767623849949,10.0,scale,0.24226571046869824,480,980,1080,1110
2024-03-03,3490.99365234375,0.039942835603055116,1,0,0.34144256605609524,0.6585574339439048,0.6585574339439048,10.0,scale,0.24226571046869824,480,980,1080,1110
2024-03-04,3630.433837890625,-0.02078793930730316,0,0,0.3601279222057914,0.6398720777942086,0.6398720777942086,10.0,scale,0.24226571046869824,480,980,1080,1110
2024-03-05,3554.964599609375,0.07433596350833915,1,1,0.5366390808466509,0.4633609191533491,0.5366390808466509,10.0,scale,0.24226571046869824,480,980,1080,1110
2024-03-06,3819.226318359375,0.01443259270225794,1,0,0.1719998415876386,0.8280001584123614,0.8280001584123614,10.0,scale,0.24226571046869824,480,980,1080,1110
2024-03-07,3874.34765625,0.0045719642318817755,1,0,0.30293829529007743,0.6970617047099226,0.6970617047099226,10.0,scale,0.24226571046869824,480,980,1080,1110
2024-03-08,3892.06103515625,0.006001424424042279,1,0,0.38281395468404705,0.617186045315953,0.617186045315953,10.0,scale,0.24226571046869824,480,980,1080,1110
2024-03-09,3915.4189453125,-0.00874129449649308,0,0,0.30166638726544037,0.6983336127345596,0.6983336127345596,10.0,scale,0.24226571046869824,480,980,1080,1110
2024-03-10,3881.193115234375,0.047730671374699885,1,0,0.4623436492761825,0.5376563507238175,0.5376563507238175,10.0,scale,0.24226571046869824,480,980,1080,1110
2024-03-11,4066.445068359375,-0.021190960052674845,0,0,0.32855288964052437,0.6714471103594757,0.6714471103594757,10.0,scale,0.24226571046869824,480,980,1080,1110
2024-03-12,3980.273193359375,0.006578402189656218,1,0,0.3983588237698611,0.6016411762301389,0.6016411762301389,10.0,scale,0.24226571046869824,480,980,1080,1110
2024-03-13,4006.45703125,-0.030779476587110888,0,0,0.26845715476050674,0.7315428452394932,0.7315428452394932,10.0,scale,0.24226571046869824,480,980,1080,1110
2024-03-14,3883.140380859375,-0.03809292261097419,0,1,0.5403774741811628,0.4596225258188372,0.5403774741811628,10.0,scale,0.24226571046869824,480,980,1080,1110
2024-03-15,3735.22021484375,-0.05685343706857138,0,1,0.6630008301977306,0.3369991698022694,0.6630008301977306,10.0,scale,0.24233984999628672,510,1010,1110,1140
2024-03-16,3522.860107421875,0.03393634003909307,1,1,0.6640155551760712,0.33598444482392875,0.6640155551760712,10.0,scale,0.24233984999628672,510,1010,1110,1140
2024-03-17,3642.4130859375,-0.0341608641249429,0,1,0.6033184325773,0.3966815674227,0.6033184325773,10.0,scale,0.24233984999628672,510,1010,1110,1140
2024-03-18,3517.985107421875,-0.10243560798455653,0,1,0.7555323574841851,0.24446764251581488,0.7555323574841851,10.0,scale,0.24233984999628672,510,1010,1110,1140
2024-03-19,3157.6181640625,0.11267192037115104,1,1,0.790001867135504,0.20999813286449598,0.790001867135504,10.0,scale,0.24233984999628672,510,1010,1110,1140
2024-03-20,3513.39306640625,-0.0058068810073729216,0,1,0.5990225298307502,0.4009774701692498,0.5990225298307502,10.0,scale,0.24233984999628672,510,1010,1110,1140
2024-03-21,3492.9912109375,-0.04560653406668436,0,0,0.4736291600949728,0.5263708399050272,0.5263708399050272,10.0,scale,0.24233984999628672,510,1010,1110,1140
2024-03-22,3333.68798828125,0.0008717090110383907,1,1,0.5332113681840882,0.4667886318159118,0.5332113681840882,10.0,scale,0.24233984999628672,510,1010,1110,1140
2024-03-23,3336.593994140625,0.035378137308897495,1,1,0.504575433326993,0.49542456667300705,0.504575433326993,10.0,scale,0.24233984999628672,510,1010,1110,1140
2024-03-24,3454.636474609375,0.039438972943898865,1,0,0.49307303339455677,0.5069269666054432,0.5069269666054432,10.0,scale,0.24233984999628672,510,1010,1110,1140
2024-03-25,3590.8837890625,-0.0009409678643157449,0,1,0.5009536349478015,0.49904636505219846,0.5009536349478015,10.0,scale,0.24233984999628672,510,1010,1110,1140
2024-03-26,3587.5048828125,-0.024359450730277232,0,1,0.504012442564981,0.495987557435019,0.504012442564981,10.0,scale,0.24233984999628672,510,1010,1110,1140
2024-03-27,3500.115234375,0.017479056214108946,1,1,0.606649804547927,0.39335019545207295,0.606649804547927,10.0,scale,0.24233984999628672,510,1010,1110,1140
2024-03-28,3561.2939453125,-0.013896014686989755,0,1,0.5610606475577721,0.4389393524422279,0.5610606475577721,10.0,scale,0.24233984999628672,510,1010,1110,1140
2024-03-29,3511.80615234375,-0.0010996667352133338,0,1,0.5700620632859268,0.4299379367140732,0.5700620632859268,10.0,scale,0.24233984999628672,510,1010,1110,1140
2024-03-30,3507.9443359375,0.03988435846648297,1,1,0.5937369069926336,0.4062630930073664,0.5937369069926336,10.0,scale,0.24233984999628672,510,1010,1110,1140
2024-03-31,3647.8564453125,-0.03915351882861429,0,1,0.6220626255729634,0.37793737442703657,0.6220626255729634,10.0,scale,0.24233984999628672,510,1010,1110,1140
2024-04-01,3505.030029296875,-0.0649910010049034,0,1,0.686675582513798,0.313324417486202,0.686675582513798,10.0,scale,0.24233984999628672,510,1010,1110,1140
2024-04-02,3277.234619140625,0.010437847565395009,1,1,0.6913849083614939,0.3086150916385061,0.6913849083614939,10.0,scale,0.24233984999628672,510,1010,1110,1140
2024-04-03,3311.44189453125,0.00561647566373269,1,1,0.5911839858965405,0.40881601410345947,0.5911839858965405,10.0,scale,0.24233984999628672,510,1010,1110,1140
2024-04-04,3330.04052734375,-0.0033498911937862585,0,1,0.6313466714692475,0.3686533285307525,0.6313466714692475,10.0,scale,0.24233984999628672,510,1010,1110,1140
2024-04-05,3318.88525390625,0.010635674717235144,1,1,0.6695654972579159,0.3304345027420841,0.6695654972579159,10.0,scale,0.24233984999628672,510,1010,1110,1140
2024-04-06,3354.183837890625,0.02960803456678729,1,1,0.5829370112439931,0.4170629887560069,0.5829370112439931,10.0,scale,0.24233984999628672,510,1010,1110,1140
2024-04-07,3453.49462890625,0.07001548335394525,1,1,0.5964103472598477,0.40358965274015235,0.5964103472598477,10.0,scale,0.24233984999628672,510,1010,1110,1140
2024-04-08,3695.292724609375,-0.051451781685670994,0,1,0.5397199196186749,0.46028008038132506,0.5397199196186749,10.0,scale,0.24233984999628672,510,1010,1110,1140
2024-04-09,3505.163330078125,0.011004831112360725,1,1,0.5341156716451574,0.4658843283548426,0.5341156716451574,10.0,scale,0.24233984999628672,510,1010,1110,1140
2024-04-10,3543.737060546875,-0.010861205883757163,0,1,0.5314319769201254,0.46856802307987455,0.5314319769201254,10.0,scale,0.24233984999628672,510,1010,1110,1140
2024-04-11,3505.247802734375,-0.07480580700184813,0,0,0.4760730625148638,0.5239269374851362,0.5239269374851362,10.0,scale,0.24233984999628672,510,1010,1110,1140
2024-04-12,3243.034912109375,-0.07342952756850973,0,0,0.48122642268575744,0.5187735773142426,0.5187735773142426,10.0,scale,0.24233984999628672,510,1010,1110,1140
2024-04-13,3004.900390625,0.050597851556279494,1,1,0.5573782896740374,0.44262171032596265,0.5573782896740374,10.0,scale,0.24233984999628672,510,1010,1110,1140
2024-04-14,3156.94189453125,-0.01753011445356112,0,1,0.5704957371644392,0.42950426283556076,0.5704957371644392,1.0,scale,0.24887786543712004,540,1040,1140,1170
2024-04-15,3101.600341796875,-0.005377925568445963,0,1,0.5888257977894116,0.4111742022105884,0.5888257977894116,1.0,scale,0.24887786543712004,540,1040,1140,1170
2024-04-16,3084.920166015625,-0.03247819118850337,0,1,0.5794980251851204,0.4205019748148796,0.5794980251851204,1.0,scale,0.24887786543712004,540,1040,1140,1170
2024-04-17,2984.7275390625,0.027238683519387852,1,1,0.5883862031967412,0.4116137968032588,0.5883862031967412,1.0,scale,0.24887786543712004,540,1040,1140,1170
2024-04-18,3066.027587890625,-0.0022012272375354636,0,1,0.5689354736480179,0.4310645263519821,0.5689354736480179,1.0,scale,0.24887786543712004,540,1040,1140,1170
2024-04-19,3059.278564453125,0.032147655318233825,1,1,0.5634352228330527,0.4365647771669473,0.5634352228330527,1.0,scale,0.24887786543712004,540,1040,1140,1170
2024-04-20,3157.627197265625,-0.0032741746890918577,0,1,0.5586988950269415,0.4413011049730585,0.5586988950269415,1.0,scale,0.24887786543712004,540,1040,1140,1170
2024-04-21,3147.28857421875,0.017273130222613897,1,1,0.558589377598208,0.44141062240179196,0.558589377598208,1.0,scale,0.24887786543712004,540,1040,1140,1170
2024-04-22,3201.652099609375,0.0057031560320381924,1,1,0.5570022447160377,0.44299775528396235,0.5570022447160377,1.0,scale,0.24887786543712004,540,1040,1140,1170
2024-04-23,3219.91162109375,-0.024878460883124842,0,1,0.5454134565095995,0.4545865434904005,0.5454134565095995,1.0,scale,0.24887786543712004,540,1040,1140,1170
2024-04-24,3139.80517578125,0.005320185415315981,1,1,0.5494530595941661,0.4505469404058339,0.5494530595941661,1.0,scale,0.24887786543712004,540,1040,1140,1170
2024-04-25,3156.509521484375,-0.008346157799679732,0,1,0.5493546859166948,0.4506453140833052,0.5493546859166948,1.0,scale,0.24887786543712004,540,1040,1140,1170
2024-04-26,3130.164794921875,0.03897667565831631,1,1,0.5469406213432968,0.4530593786567032,0.5469406213432968,1.0,scale,0.24887786543712004,540,1040,1140,1170
2024-04-27,3252.168212890625,0.0032613458524253236,1,1,0.5635000887012753,0.4364999112987247,0.5635000887012753,1.0,scale,0.24887786543712004,540,1040,1140,1170
2024-04-28,3262.774658203125,-0.01451087129353712,0,1,0.5535615696681792,0.44643843033182085,0.5535615696681792,1.0,scale,0.24887786543712004,540,1040,1140,1170
2024-04-29,3215.428955078125,-0.06317729070733402,0,1,0.5655223789892976,0.4344776210107024,0.5655223789892976,1.0,scale,0.24887786543712004,540,1040,1140,1170
2024-04-30,3012.286865234375,-0.014109611457047588,0,1,0.5732847277185987,0.42671527228140127,0.5732847277185987,1.0,scale,0.24887786543712004,540,1040,1140,1170
2024-05-01,2969.78466796875,0.0061902767768931,1,1,0.5697155870535652,0.4302844129464348,0.5697155870535652,1.0,scale,0.24887786543712004,540,1040,1140,1170
2024-05-02,2988.16845703125,0.03861011747338838,1,1,0.5542795224474223,0.4457204775525777,0.5542795224474223,1.0,scale,0.24887786543712004,540,1040,1140,1170
2024-05-03,3103.5419921875,0.004522066678476877,1,1,0.5513650755709816,0.4486349244290184,0.5513650755709816,1.0,scale,0.24887786543712004,540,1040,1140,1170
2024-05-04,3117.576416015625,0.006310224609351378,1,1,0.5485076891299693,0.4514923108700307,0.5485076891299693,1.0,scale,0.24887786543712004,540,1040,1140,1170
2024-05-05,3137.2490234375,-0.02375337855399917,0,1,0.5535479004868885,0.4464520995131115,0.5535479004868885,1.0,scale,0.24887786543712004,540,1040,1140,1170
2024-05-06,3062.728759765625,-0.01833385054066039,0,1,0.5583299284787592,0.4416700715212408,0.5583299284787592,1.0,scale,0.24887786543712004,540,1040,1140,1170
2024-05-07,3006.5771484375,-0.010949302229649516,0,1,0.5477684299153908,0.45223157008460924,0.5477684299153908,1.0,scale,0.24887786543712004,540,1040,1140,1170
2024-05-08,2973.6572265625,0.0209719132026831,1,1,0.5499436121580864,0.4500563878419136,0.5499436121580864,1.0,scale,0.24887786543712004,540,1040,1140,1170
2024-05-09,3036.0205078125,-0.041577205332458456,0,1,0.542545079950045,0.457454920049955,0.542545079950045,1.0,scale,0.24887786543712004,540,1040,1140,1170
2024-05-10,2909.791259765625,0.0006223095933592937,1,1,0.5715513593109872,0.4284486406890128,0.5715513593109872,1.0,scale,0.24887786543712004,540,1040,1140,1170
2024-05-11,2911.60205078125,0.005873005038939505,1,1,0.5556539486541335,0.44434605134586647,0.5556539486541335,1.0,scale,0.24887786543712004,540,1040,1140,1170
2024-05-12,2928.701904296875,0.007053539594945368,1,1,0.5525300689386022,0.44746993106139776,0.5525300689386022,1.0,scale,0.24887786543712004,540,1040,1140,1170
2024-05-13,2949.359619140625,-0.023124226599441355,0,1,0.5547669038779358,0.4452330961220642,0.5547669038779358,1.0,scale,0.24887786543712004,540,1040,1140,1170
2024-05-14,2881.157958984375,0.05410973083044013,1,1,0.5586038561002833,0.4413961438997167,0.5586038561002833,1.0,0.01,0.2509754482581086,570,1070,1170,1200
2024-05-15,3037.056640625,-0.030267969283067964,0,1,0.5674309374739246,0.4325690625260754,0.5674309374739246,1.0,0.01,0.2509754482581086,570,1070,1170,1200
2024-05-16,2945.131103515625,0.050587747570991715,1,1,0.5599087746527821,0.4400912253472179,0.5599087746527821,1.0,0.01,0.2509754482581086,570,1070,1170,1200
2024-05-17,3094.11865234375,0.009317781735288744,1,1,0.5671554633332879,0.4328445366667121,0.5671554633332879,1.0,0.01,0.2509754482581086,570,1070,1170,1200
2024-05-18,3122.948974609375,-0.0163646468279689,0,1,0.5690159382086326,0.4309840617913674,0.5690159382086326,1.0,0.01,0.2509754482581086,570,1070,1170,1200
2024-05-19,3071.843017578125,0.19272223475749883,1,1,0.5631009105810864,0.43689908941891364,0.5631009105810864,1.0,0.01,0.2509754482581086,570,1070,1170,1200
2024-05-20,3663.85546875,0.03424187347472718,1,1,0.5460233891058028,0.45397661089419716,0.5460233891058028,1.0,0.01,0.2509754482581086,570,1070,1170,1200
2024-05-21,3789.312744140625,-0.013747867811565229,0,1,0.5474855340648589,0.4525144659351411,0.5474855340648589,1.0,0.01,0.2509754482581086,570,1070,1170,1200
2024-05-22,3737.2177734375,0.010625410415868064,1,1,0.5517522930888699,0.44824770691113014,0.5517522930888699,1.0,0.01,0.2509754482581086,570,1070,1170,1200
2024-05-23,3776.92724609375,-0.013236335392203924,0,1,0.550143026060227,0.449856973939773,0.550143026060227,1.0,0.01,0.2509754482581086,570,1070,1170,1200
2024-05-24,3726.9345703125,0.005984006837891798,1,1,0.5649102373796846,0.4350897626203154,0.5649102373796846,1.0,0.01,0.2509754482581086,570,1070,1170,1200
2024-05-25,3749.236572265625,0.020447066274494885,1,1,0.566985730405632,0.43301426959436795,0.566985730405632,1.0,0.01,0.2509754482581086,570,1070,1170,1200
2024-05-26,3825.8974609375,0.017279442451079374,1,1,0.5555766914230451,0.4444233085769549,0.5555766914230451,1.0,0.01,0.2509754482581086,570,1070,1170,1200
2024-05-27,3892.0068359375,-0.013296607756030476,0,1,0.5511049693701283,0.4488950306298717,0.5511049693701283,1.0,0.01,0.2509754482581086,570,1070,1170,1200
2024-05-28,3840.25634765625,-0.020066320442424512,0,1,0.5495506790546208,0.45044932094537915,0.5495506790546208,1.0,0.01,0.2509754482581086,570,1070,1170,1200
2024-05-29,3763.196533203125,-0.0043438931992773044,0,1,0.5512659507313572,0.4487340492686428,0.5512659507313572,1.0,0.01,0.2509754482581086,570,1070,1170,1200
2024-05-30,3746.849609375,0.0035168216840502087,1,1,0.5531670798331728,0.4468329201668272,0.5531670798331728,1.0,0.01,0.2509754482581086,570,1070,1170,1200
2024-05-31,3760.026611328125,0.014141485892959826,1,1,0.5525387375765214,0.4474612624234786,0.5525387375765214,1.0,0.01,0.2509754482581086,570,1070,1170,1200
2024-06-01,3813.198974609375,-0.00847135927884124,0,1,0.5597684315175959,0.4402315684824041,0.5597684315175959,1.0,0.01,0.2509754482581086,570,1070,1170,1200
2024-06-02,3780.89599609375,-0.0038368778068711418,0,1,0.5464692996203195,0.45353070037968046,0.5464692996203195,1.0,0.01,0.2509754482581086,570,1070,1170,1200
2024-06-03,3766.38916015625,0.01224693121792586,1,1,0.5555799756689892,0.4444200243310108,0.5555799756689892,1.0,0.01,0.2509754482581086,570,1070,1170,1200
2024-06-04,3812.515869140625,0.013572433260235606,1,1,0.5641190467281301,0.43588095327186993,0.5641190467281301,1.0,0.01,0.2509754482581086,570,1070,1170,1200
2024-06-05,3864.260986328125,-0.0136261576231963,0,1,0.5614915103843486,0.43850848961565136,0.5614915103843486,1.0,0.01,0.2509754482581086,570,1070,1170,1200
2024-06-06,3811.60595703125,-0.03488734358684775,0,1,0.5610383392596524,0.4389616607403476,0.5610383392596524,1.0,0.01,0.2509754482581086,570,1070,1170,1200
2024-06-07,3678.629150390625,0.0006308874002707299,1,1,0.5494576109823758,0.4505423890176242,0.5494576109823758,1.0,0.01,0.2509754482581086,570,1070,1170,1200
2024-06-08,3680.949951171875,0.006779189544245501,1,1,0.564452384013269,0.435547615986731,0.564452384013269,1.0,0.01,0.2509754482581086,570,1070,1170,1200
2024-06-09,3705.90380859375,-0.010574014146293997,0,1,0.5624801343290287,0.43751986567097134,0.5624801343290287,1.0,0.01,0.2509754482581086,570,1070,1170,1200
2024-06-10,3666.717529296875,-0.04592308012417712,0,1,0.5539407640784931,0.44605923592150687,0.5539407640784931,1.0,0.01,0.2509754482581086,570,1070,1170,1200
2024-06-11,3498.33056640625,0.01751895888957078,1,1,0.5378971658442568,0.46210283415574316,0.5378971658442568,1.0,0.01,0.2509754482581086,570,1070,1170,1200
2024-06-12,3559.61767578125,-0.025378125970065946,0,1,0.5592622622358374,0.4407377377641626,0.5592622622358374,1.0,0.01,0.2509754482581086,570,1070,1170,1200
2024-06-13,3469.28125,0.003168011430681794,1,1,0.5600076603224632,0.4399923396775368,0.5600076603224632,1.0,0.01,0.2504993484673633,600,1100,1200,1230
2024-06-14,3480.27197265625,0.024503138996214258,1,1,0.5609227010450782,0.43907729895492176,0.5609227010450782,1.0,0.01,0.2504993484673633,600,1100,1200,1230
2024-06-15,3565.549560546875,0.015429295002475696,1,1,0.563412132253377,0.43658786774662295,0.563412132253377,1.0,0.01,0.2504993484673633,600,1100,1200,1230
2024-06-16,3620.5634765625,-0.03015678941117861,0,1,0.5635210975710061,0.4364789024289939,0.5635210975710061,1.0,0.01,0.2504993484673633,600,1100,1200,1230
2024-06-17,3511.37890625,-0.007887929643914382,0,1,0.5594625184685119,0.4405374815314881,0.5594625184685119,1.0,0.01,0.2504993484673633,600,1100,1200,1230
2024-06-18,3483.681396484375,0.021720130807989513,1,1,0.5611825051673313,0.43881749483266874,0.5611825051673313,1.0,0.01,0.2504993484673633,600,1100,1200,1230
2024-06-19,3559.347412109375,-0.013558805157003362,0,1,0.5650601868016037,0.43493981319839625,0.5650601868016037,1.0,0.01,0.2504993484673633,600,1100,1200,1230
2024-06-20,3511.0869140625,0.0014208618736464285,1,1,0.5629086265124565,0.43709137348754346,0.5629086265124565,1.0,0.01,0.2504993484673633,600,1100,1200,1230
2024-06-21,3516.07568359375,-0.006047141456727134,0,1,0.5637320126263514,0.4362679873736486,0.5637320126263514,1.0,0.01,0.2504993484673633,600,1100,1200,1230
2024-06-22,3494.8134765625,-0.02180421377772701,0,1,0.5642518579720157,0.4357481420279843,0.5642518579720157,1.0,0.01,0.2504993484673633,600,1100,1200,1230
2024-06-23,3418.61181640625,-0.019995095208515723,0,1,0.5612202494901944,0.43877975050980556,0.5612202494901944,1.0,0.01,0.2504993484673633,600,1100,1200,1230
2024-06-24,3350.25634765625,0.013363963957398806,1,1,0.5601649645494455,0.43983503545055447,0.5601649645494455,1.0,0.01,0.2504993484673633,600,1100,1200,1230
2024-06-25,3395.029052734375,-0.007526226555239823,0,1,0.5644322186460522,0.4355677813539478,0.5644322186460522,1.0,0.01,0.2504993484673633,600,1100,1200,1230
2024-06-26,3369.477294921875,0.0223545777563241,1,1,0.5625746862939055,0.4374253137060945,0.5625746862939055,1.0,0.01,0.2504993484673633,600,1100,1200,1230
2024-06-27,3444.800537109375,-0.02065854031739267,0,1,0.5642908902498922,0.4357091097501078,0.5642908902498922,1.0,0.01,0.2504993484673633,600,1100,1200,1230
2024-06-28,3373.635986328125,-0.00019806905467367741,0,1,0.5624295239284357,0.4375704760715643,0.5624295239284357,1.0,0.01,0.2504993484673633,600,1100,1200,1230
2024-06-29,3372.9677734375,0.017765182101838528,1,1,0.564130168197175,0.435869831802825,0.564130168197175,1.0,0.01,0.2504993484673633,600,1100,1200,1230
2024-06-30,3432.88916015625,0.0021708806286613314,1,1,0.5642160587099251,0.4357839412900749,0.5642160587099251,1.0,0.01,0.2504993484673633,600,1100,1200,1230
2024-07-01,3440.341552734375,-0.0069722194841920215,0,1,0.5636448864136003,0.43635511358639967,0.5636448864136003,1.0,0.01,0.2504993484673633,600,1100,1200,1230
2024-07-02,3416.354736328125,-0.03613149037734886,0,1,0.5641998589507293,0.4358001410492707,0.5641998589507293,1.0,0.01,0.2504993484673633,600,1100,1200,1230
2024-07-03,3292.916748046875,-0.07239623520151972,0,1,0.5609203120302184,0.4390796879697816,0.5609203120302184,1.0,0.01,0.2504993484673633,600,1100,1200,1230
2024-07-04,3054.52197265625,-0.023873895979977133,0,1,0.5565153277308476,0.44348467226915245,0.5565153277308476,1.0,0.01,0.2504993484673633,600,1100,1200,1230
2024-07-05,2981.5986328125,0.029440346500360093,1,1,0.5572750140739238,0.44272498592607623,0.5572750140739238,1.0,0.01,0.2504993484673633,600,1100,1200,1230
2024-07-06,3069.3779296875,-0.045608825587177826,0,1,0.5625973000157227,0.4374026999842773,0.5625973000157227,1.0,0.01,0.2504993484673633,600,1100,1200,1230
2024-07-07,2929.38720703125,0.03049945952793487,1,1,0.5574709025128346,0.4425290974871654,0.5574709025128346,1.0,0.01,0.2504993484673633,600,1100,1200,1230
2024-07-08,3018.73193359375,0.015006640664742665,1,1,0.5607660850548084,0.4392339149451916,0.5607660850548084,1.0,0.01,0.2504993484673633,600,1100,1200,1230
2024-07-09,3064.032958984375,0.01246259146908213,1,1,0.5627222071255268,0.4372777928744732,0.5627222071255268,1.0,0.01,0.2504993484673633,600,1100,1200,1230
2024-07-10,3102.21875,-0.0006085771524413364,0,1,0.5626960441917945,0.43730395580820547,0.5626960441917945,1.0,0.01,0.2504993484673633,600,1100,1200,1230
2024-07-11,3100.330810546875,0.010911055279745563,1,1,0.5627058835114788,0.43729411648852123,0.5627058835114788,1.0,0.01,0.2504993484673633,600,1100,1200,1230
2024-07-12,3134.15869140625,0.013732565354943382,1,1,0.5636531901456514,0.4363468098543486,0.5636531901456514,1.0,0.01,0.2504993484673633,600,1100,1200,1230
2024-07-13,3177.19873046875,0.021050106325543716,1,1,0.5032087040780704,0.4967912959219296,0.5032087040780704,1.0,0.01,0.2517215192665615,630,1130,1230,1260
2024-07-14,3244.0791015625,0.0756682020158721,1,1,0.5351176777380827,0.4648823222619173,0.5351176777380827,1.0,0.01,0.2517215192665615,630,1130,1230,1260
2024-07-15,3489.552734375,-0.013193469233778732,0,1,0.5371264145340553,0.4628735854659447,0.5371264145340553,1.0,0.01,0.2517215192665615,630,1130,1230,1260
2024-07-16,3443.513427734375,-0.0159026492788078,0,1,0.5439256923681548,0.4560743076318452,0.5439256923681548,1.0,0.01,0.2517215192665615,630,1130,1230,1260
2024-07-17,3388.75244140625,0.011067820433664055,1,1,0.5243766039734016,0.4756233960265984,0.5243766039734016,1.0,0.01,0.2517215192665615,630,1130,1230,1260
2024-07-18,3426.258544921875,0.023196240831611536,1,1,0.5129280000164298,0.4870719999835702,0.5129280000164298,1.0,0.01,0.2517215192665615,630,1130,1230,1260
2024-07-19,3505.73486328125,0.003868103950767088,1,1,0.5336143174090285,0.46638568259097146,0.5336143174090285,1.0,0.01,0.2517215192665615,630,1130,1230,1260
2024-07-20,3519.29541015625,0.0049186148294897425,1,1,0.5166778879726817,0.48332211202731834,0.5166778879726817,1.0,0.01,0.2517215192665615,630,1130,1230,1260
2024-07-21,3536.60546875,-0.027197137968854812,0,1,0.5672518671610102,0.43274813283898983,0.5672518671610102,1.0,0.01,0.2517215192665615,630,1130,1230,1260
2024-07-22,3440.419921875,0.012084550339342526,1,1,0.588976887448456,0.411023112551544,0.588976887448456,1.0,0.01,0.2517215192665615,630,1130,1230,1260
2024-07-23,3481.995849609375,-0.04183132330756956,0,1,0.5600023364230017,0.4399976635769983,0.5600023364230017,1.0,0.01,0.2517215192665615,630,1130,1230,1260
2024-07-24,3336.33935546875,-0.04852986825503891,0,1,0.5456891836205493,0.4543108163794507,0.5456891836205493,1.0,0.01,0.2517215192665615,630,1130,1230,1260
2024-07-25,3174.42724609375,0.031981885880926875,1,1,0.6068199032784802,0.39318009672151977,0.6068199032784802,1.0,0.01,0.2517215192665615,630,1130,1230,1260
2024-07-26,3275.951416015625,-0.008651992126869734,0,0,0.4996771611394051,0.5003228388605949,0.5003228388605949,1.0,0.01,0.2517215192665615,630,1130,1230,1260
2024-07-27,3247.60791015625,0.007345926636807887,1,1,0.5447867826188287,0.45521321738117126,0.5447867826188287,1.0,0.01,0.2517215192665615,630,1130,1230,1260
2024-07-28,3271.464599609375,0.015000836945357587,1,1,0.5146721818845086,0.4853278181154914,0.5146721818845086,1.0,0.01,0.2517215192665615,630,1130,1230,1260
2024-07-29,3320.539306640625,-0.012609873928464688,0,1,0.5515545356211089,0.4484454643788911,0.5515545356211089,1.0,0.01,0.2517215192665615,630,1130,1230,1260
2024-07-30,3278.667724609375,-0.01444857310697567,0,1,0.5145427682299152,0.4854572317700848,0.5145427682299152,1.0,0.01,0.2517215192665615,630,1130,1230,1260
2024-07-31,3231.295654296875,-0.009201015429318393,0,1,0.5381317318503624,0.46186826814963755,0.5381317318503624,1.0,0.01,0.2517215192665615,630,1130,1230,1260
2024-08-01,3201.564453125,-0.06732685619396284,0,1,0.541774773754894,0.458225226245106,0.541774773754894,1.0,0.01,0.2517215192665615,630,1130,1230,1260
2024-08-02,2986.01318359375,-0.02767149249716494,0,1,0.5859554123566919,0.4140445876433081,0.5859554123566919,1.0,0.01,0.2517215192665615,630,1130,1230,1260
2024-08-03,2903.3857421875,-0.07473578631090383,0,1,0.5650109158539125,0.4349890841460875,0.5650109158539125,1.0,0.01,0.2517215192665615,630,1130,1230,1260
2024-08-04,2686.39892578125,-0.10020575290203382,0,1,0.6411686140461745,0.35883138595382547,0.6411686140461745,1.0,0.01,0.2517215192665615,630,1130,1230,1260
2024-08-05,2417.206298828125,0.01717585219975959,1,1,0.6590829503110228,0.3409170496889772,0.6590829503110228,1.0,0.01,0.2517215192665615,630,1130,1230,1260
2024-08-06,2458.723876953125,-0.049673947786168404,0,1,0.6000258115395747,0.3999741884604253,0.6000258115395747,1.0,0.01,0.2517215192665615,630,1130,1230,1260
2024-08-07,2336.58935546875,0.14840580649003665,1,1,0.65985248355432,0.34014751644568,0.65985248355432,1.0,0.01,0.2517215192665615,630,1130,1230,1260
2024-08-08,2683.352783203125,-0.03121250061300085,0,1,0.5152971193301701,0.4847028806698299,0.5152971193301701,1.0,0.01,0.2517215192665615,630,1130,1230,1260
2024-08-09,2599.5986328125,0.004009971491242048,1,1,0.5374365162856127,0.46256348371438727,0.5374365162856127,1.0,0.01,0.2517215192665615,630,1130,1230,1260
2024-08-10,2610.02294921875,-0.021751054706288353,0,1,0.5213692418644227,0.4786307581355773,0.5213692418644227,1.0,0.01,0.2517215192665615,630,1130,1230,1260
2024-08-11,2553.252197265625,0.0670437834865365,1,1,0.5369227906710388,0.46307720932896124,0.5369227906710388,1.0,0.01,0.2517215192665615,630,1130,1230,1260
2024-08-12,2724.431884765625,-0.007619940833063277,0,1,0.5186167404544216,0.48138325954557837,0.5186167404544216,1.0,scale,0.2535860956817555,660,1160,1260,1290
2024-08-13,2703.671875,-0.015074713930707695,0,1,0.5119501134616834,0.4880498865383166,0.5119501134616834,1.0,scale,0.2535860956817555,660,1160,1260,1290
2024-08-14,2662.914794921875,-0.03485922591835067,0,1,0.5120432941337897,0.4879567058662103,0.5120432941337897,1.0,scale,0.2535860956817555,660,1160,1260,1290
2024-08-15,2570.087646484375,0.008987583355268836,1,1,0.5167519762579075,0.4832480237420925,0.5167519762579075,1.0,scale,0.2535860956817555,660,1160,1260,1290
2024-08-16,2593.1865234375,0.008237105726658145,1,1,0.517041044600201,0.48295895539979905,0.517041044600201,1.0,scale,0.2535860956817555,660,1160,1260,1290
2024-08-17,2614.546875,-0.00045503000041835495,0,1,0.51606495560827,0.48393504439172996,0.51606495560827,1.0,scale,0.2535860956817555,660,1160,1260,1290
2024-08-18,2613.357177734375,0.009164158253623267,1,1,0.5190348677495402,0.4809651322504598,0.5190348677495402,1.0,scale,0.2535860956817555,660,1160,1260,1290
2024-08-19,2637.306396484375,-0.024342815448445854,0,1,0.5231840700337627,0.47681592996623734,0.5231840700337627,1.0,scale,0.2535860956817555,660,1160,1260,1290
2024-08-20,2573.10693359375,0.02265299333570292,1,1,0.5209274580628044,0.4790725419371956,0.5209274580628044,1.0,scale,0.2535860956817555,660,1160,1260,1290
2024-08-21,2631.3955078125,-0.003208978571182075,0,1,0.522095950932493,0.47790404906750705,0.522095950932493,1.0,scale,0.2535860956817555,660,1160,1260,1290
2024-08-22,2622.951416015625,0.05394518732020126,1,1,0.5175127717260004,0.4824872282739996,0.5175127717260004,1.0,scale,0.2535860956817555,660,1160,1260,1290
2024-08-23,2764.447021484375,0.0017879260896347393,1,1,0.5231193497107791,0.4768806502892209,0.5231193497107791,1.0,scale,0.2535860956817555,660,1160,1260,1290
2024-08-24,2769.3896484375,-0.007305556877908126,0,1,0.5190294230259873,0.4809705769740127,0.5190294230259873,1.0,scale,0.2535860956817555,660,1160,1260,1290
2024-08-25,2749.15771484375,-0.024668333251928187,0,1,0.5197685361224269,0.4802314638775731,0.5197685361224269,1.0,scale,0.2535860956817555,660,1160,1260,1290
2024-08-26,2681.340576171875,-0.08302340092495786,0,1,0.5174929296516242,0.4825070703483758,0.5174929296516242,1.0,scale,0.2535860956817555,660,1160,1260,1290
2024-08-27,2458.7265625,0.02834351973360194,1,1,0.5164528345117632,0.48354716548823684,0.5164528345117632,1.0,scale,0.2535860956817555,660,1160,1260,1290
2024-08-28,2528.41552734375,0.00014918325787260933,1,1,0.5179677505000634,0.4820322494999366,0.5179677505000634,1.0,scale,0.2535860956817555,660,1160,1260,1290
2024-08-29,2528.792724609375,-0.0011747515310726042,0,1,0.5153285682271621,0.4846714317728379,0.5153285682271621,1.0,scale,0.2535860956817555,660,1160,1260,1290
2024-08-30,2525.822021484375,-0.004920466505769938,0,1,0.5214055375593589,0.4785944624406411,0.5214055375593589,1.0,scale,0.2535860956817555,660,1160,1260,1290
2024-08-31,2513.393798828125,-0.034014349489517204,0,1,0.5165777330053293,0.4834222669946707,0.5165777330053293,1.0,scale,0.2535860956817555,660,1160,1260,1290
2024-09-01,2427.90234375,0.04542394894641233,1,1,0.5210246223483868,0.47897537765161324,0.5210246223483868,1.0,scale,0.2535860956817555,660,1160,1260,1290
2024-09-02,2538.187255859375,-0.04632577672207194,0,1,0.5191411848647463,0.48085881513525375,0.5191411848647463,1.0,scale,0.2535860956817555,660,1160,1260,1290
2024-09-03,2420.603759765625,0.011721576032903469,1,1,0.5163669559121561,0.4836330440878439,0.5163669559121561,1.0,scale,0.2535860956817555,660,1160,1260,1290
2024-09-04,2448.97705078125,-0.03317283105091118,0,1,0.5210831206986184,0.4789168793013816,0.5210831206986184,1.0,scale,0.2535860956817555,660,1160,1260,1290
2024-09-05,2367.737548828125,-0.06075888100671323,0,1,0.5174591433408527,0.48254085665914725,0.5174591433408527,1.0,scale,0.2535860956817555,660,1160,1260,1290
2024-09-06,2223.87646484375,0.022587006825558698,1,1,0.5204821379246416,0.4795178620753584,0.5204821379246416,1.0,scale,0.2535860956817555,660,1160,1260,1290
2024-09-07,2274.107177734375,0.010195557730363625,1,1,0.5168020904418968,0.48319790955810316,0.5168020904418968,1.0,scale,0.2535860956817555,660,1160,1260,1290
2024-09-08,2297.29296875,0.026635352920471922,1,1,0.5176733767213196,0.48232662327868037,0.5176733767213196,1.0,scale,0.2535860956817555,660,1160,1260,1290
2024-09-09,2358.482177734375,0.013185970725884122,1,1,0.5213304827346311,0.4786695172653689,0.5213304827346311,1.0,scale,0.2535860956817555,660,1160,1260,1290
2024-09-10,2389.5810546875,-0.020815155801287455,0,1,0.5173636596128801,0.4826363403871199,0.5173636596128801,1.0,scale,0.2535860956817555,660,1160,1260,1290
2024-09-11,2339.841552734375,0.009376782595058808,1,1,0.5122466218258402,0.48775337817415976,0.5122466218258402,1.0,0.1,0.2565752242087819,690,1190,1290,1320
2024-09-12,2361.78173828125,0.03379882152498004,1,1,0.5134425517931152,0.48655744820688485,0.5134425517931152,1.0,0.1,0.2565752242087819,690,1190,1290,1320
2024-09-13,2441.607177734375,-0.009424724345186375,0,1,0.5126917121739658,0.4873082878260342,0.5126917121739658,1.0,0.1,0.2565752242087819,690,1190,1290,1320
2024-09-14,2418.595703125,-0.04039471590968735,0,1,0.5135245891446472,0.48647541085535284,0.5135245891446472,1.0,0.1,0.2565752242087819,690,1190,1290,1320
2024-09-15,2320.897216796875,-0.011036044683605084,0,1,0.5125026762312709,0.4874973237687291,0.5125026762312709,1.0,0.1,0.2565752242087819,690,1190,1290,1320
2024-09-16,2295.28369140625,0.020225853753695455,1,1,0.5113840936504092,0.48861590634959085,0.5113840936504092,1.0,0.1,0.2565752242087819,690,1190,1290,1320
2024-09-17,2341.707763671875,0.011966155926492306,1,1,0.5128348122623302,0.4871651877376698,0.5128348122623302,1.0,0.1,0.2565752242087819,690,1190,1290,1320
2024-09-18,2369.72900390625,0.04009875947956032,1,1,0.5121170942004739,0.4878829057995261,0.5121170942004739,1.0,0.1,0.2565752242087819,690,1190,1290,1320
2024-09-19,2464.752197265625,0.039078907942797114,1,1,0.5120486936067117,0.4879513063932883,0.5120486936067117,1.0,0.1,0.2565752242087819,690,1190,1290,1320
2024-09-20,2561.072021484375,0.021391493792606076,1,1,0.5108345741574066,0.48916542584259337,0.5108345741574066,1.0,0.1,0.2565752242087819,690,1190,1290,1320
2024-09-21,2615.857177734375,-0.012613314361003103,0,1,0.5106547298088293,0.4893452701911707,0.5106547298088293,1.0,0.1,0.2565752242087819,690,1190,1290,1320
2024-09-22,2582.862548828125,0.025430636221980274,1,1,0.5102156414640183,0.4897843585359817,0.5102156414640183,1.0,0.1,0.2565752242087819,690,1190,1290,1320
2024-09-23,2648.54638671875,0.0021931251720292977,1,1,0.5108430026741383,0.4891569973258617,0.5108430026741383,1.0,0.1,0.2565752242087819,690,1190,1290,1320
2024-09-24,2654.35498046875,-0.028242759218479185,0,1,0.5109223336927372,0.4890776663072628,0.5109223336927372,1.0,0.1,0.2565752242087819,690,1190,1290,1320
2024-09-25,2579.388671875,0.020474339471486358,1,1,0.5110183471591737,0.4889816528408263,0.5110183471591737,1.0,0.1,0.2565752242087819,690,1190,1290,1320
2024-09-26,2632.199951171875,0.024200548885121798,1,1,0.511025560648675,0.488974439351325,0.511025560648675,1.0,0.1,0.2565752242087819,690,1190,1290,1320
2024-09-27,2695.900634765625,-0.006810923232421495,0,1,0.5113040390207767,0.4886959609792233,0.5113040390207767,1.0,0.1,0.2565752242087819,690,1190,1290,1320
2024-09-28,2677.5390625,-0.006794350426726936,0,1,0.5115060341074146,0.4884939658925854,0.5115060341074146,1.0,0.1,0.2565752242087819,690,1190,1290,1320
2024-09-29,2659.346923828125,-0.021164662339909768,0,1,0.5095920365603812,0.4904079634396188,0.5095920365603812,1.0,0.1,0.2565752242087819,690,1190,1290,1320
2024-09-30,2603.062744140625,-0.059215476810716816,0,1,0.5096781451980902,0.4903218548019098,0.5096781451980902,1.0,0.1,0.2565752242087819,690,1190,1290,1320
2024-10-01,2448.921142578125,-0.03417400898294953,0,1,0.509845765227914,0.490154234772086,0.509845765227914,1.0,0.1,0.2565752242087819,690,1190,1290,1320
2024-10-02,2365.231689453125,-0.006528083382423278,0,1,0.5100437291491815,0.4899562708508185,0.5100437291491815,1.0,0.1,0.2565752242087819,690,1190,1290,1320
2024-10-03,2349.791259765625,0.027663174452933648,1,1,0.509562332472831,0.490437667527169,0.509562332472831,1.0,0.1,0.2565752242087819,690,1190,1290,1320
2024-10-04,2414.7939453125,0.0003469822452661919,1,1,0.510897816893136,0.48910218310686404,0.510897816893136,1.0,0.1,0.2565752242087819,690,1190,1290,1320
2024-10-05,2415.6318359375,0.010070213255379601,1,1,0.5119780524931914,0.4880219475068086,0.5119780524931914,1.0,0.1,0.2565752242087819,690,1190,1290,1320
2024-10-06,2439.957763671875,-0.0074432160600884645,0,1,0.5112893804521516,0.48871061954784845,0.5112893804521516,1.0,0.1,0.2565752242087819,690,1190,1290,1320
2024-10-07,2421.796630859375,0.007450745129958358,1,1,0.5116185643474597,0.48838143565254033,0.5116185643474597,1.0,0.1,0.2565752242087819,690,1190,1290,1320
2024-10-08,2439.8408203125,-0.029328705566008972,0,1,0.5126968327893708,0.48730316721062916,0.5126968327893708,1.0,0.1,0.2565752242087819,690,1190,1290,1320
2024-10-09,2368.283447265625,0.0065762664129611625,1,1,0.5112293178533102,0.48877068214668984,0.5112293178533102,1.0,0.1,0.2565752242087819,690,1190,1290,1320
2024-10-10,2383.85791015625,0.022088362462288513,1,1,0.51162194779225,0.48837805220775,0.51162194779225,1.0,0.1,0.2565752242087819,690,1190,1290,1320
2024-10-11,2436.513427734375,0.016420909144015505,1,1,0.50579853956406,0.49420146043594004,0.50579853956406,1.0,0.01,0.2502748276568395,720,1220,1320,1350
2024-10-12,2476.523193359375,-0.00357202041554483,0,1,0.5002827877997902,0.4997172122002098,0.5002827877997902,1.0,0.01,0.2502748276568395,720,1220,1320,1350
2024-10-13,2467.677001953125,0.06533387483978648,1,1,0.5188945611392021,0.48110543886079793,0.5188945611392021,1.0,0.01,0.2502748276568395,720,1220,1320,1350
2024-10-14,2628.89990234375,-0.00870247272142377,0,1,0.5259213304457995,0.4740786695542005,0.5259213304457995,1.0,0.01,0.2502748276568395,720,1220,1320,1350
2024-10-15,2606.02197265625,0.0019493612019787498,1,1,0.5185310998513144,0.4814689001486856,0.5185310998513144,1.0,0.01,0.2502748276568395,720,1220,1320,1350
2024-10-16,2611.10205078125,-0.0026152226716711358,0,1,0.5128689121958595,0.4871310878041405,0.5128689121958595,1.0,0.01,0.2502748276568395,720,1220,1320,1350
2024-10-17,2604.2734375,0.014314475606500121,1,1,0.5161890901927428,0.48381090980725716,0.5161890901927428,1.0,0.01,0.2502748276568395,720,1220,1320,1350
2024-10-18,2641.55224609375,0.002689606589697968,1,1,0.5200354001560024,0.47996459984399764,0.5200354001560024,1.0,0.01,0.2502748276568395,720,1220,1320,1350
2024-10-19,2648.656982421875,0.03688927328017333,1,0,0.49955450925060835,0.5004454907493916,0.5004454907493916,1.0,0.01,0.2502748276568395,720,1220,1320,1350
2024-10-20,2746.364013671875,-0.029366775513825272,0,1,0.5306339444951133,0.46936605550488675,0.5306339444951133,1.0,0.01,0.2502748276568395,720,1220,1320,1350
2024-10-21,2665.712158203125,-0.01707410468059689,0,1,0.5443500767827272,0.4556499232172728,0.5443500767827272,1.0,0.01,0.2502748276568395,720,1220,1320,1350
2024-10-22,2620.197509765625,-0.04240086191916037,0,1,0.5283594628970011,0.4716405371029989,0.5283594628970011,1.0,0.01,0.2502748276568395,720,1220,1320,1350
2024-10-23,2509.098876953125,0.010123020035770258,1,1,0.5482541689510513,0.4517458310489487,0.5482541689510513,1.0,0.01,0.2502748276568395,720,1220,1320,1350
2024-10-24,2534.49853515625,-0.03888913398757343,0,1,0.5189766597236513,0.48102334027634874,0.5189766597236513,1.0,0.01,0.2502748276568395,720,1220,1320,1350
2024-10-25,2435.93408203125,0.017927081761059283,1,1,0.5568093931495283,0.44319060685047174,0.5568093931495283,1.0,0.01,0.2502748276568395,720,1220,1320,1350
2024-10-26,2479.603271484375,0.01062161945285034,1,1,0.503356109850923,0.49664389014907695,0.503356109850923,1.0,0.01,0.2502748276568395,720,1220,1320,1350
2024-10-27,2505.940673828125,0.02370665487957191,1,1,0.5134917057444911,0.4865082942555089,0.5134917057444911,1.0,0.01,0.2502748276568395,720,1220,1320,1350
2024-10-28,2565.34814453125,0.02830390688093809,1,1,0.5385263744669707,0.4614736255330293,0.5385263744669707,1.0,0.01,0.2502748276568395,720,1220,1320,1350
2024-10-29,2637.95751953125,0.007359875554762585,1,1,0.5114832646661185,0.4885167353338815,0.5114832646661185,1.0,0.01,0.2502748276568395,720,1220,1320,1350
2024-10-30,2657.37255859375,-0.05327564692788833,0,1,0.514674284132779,0.48532571586722095,0.514674284132779,1.0,0.01,0.2502748276568395,720,1220,1320,1350
2024-10-31,2515.79931640625,-0.001555695771857435,0,1,0.5273840909241342,0.4726159090758658,0.5273840909241342,1.0,0.01,0.2502748276568395,720,1220,1320,1350
2024-11-01,2511.885498046875,-0.00828735806127956,0,1,0.515529067421498,0.48447093257850204,0.515529067421498,1.0,0.01,0.2502748276568395,720,1220,1320,1350
2024-11-02,2491.068603515625,-0.013907007819047301,0,0,0.4980284253921179,0.5019715746078821,0.5019715746078821,1.0,0.01,0.2502748276568395,720,1220,1320,1350
2024-11-03,2456.42529296875,-0.024181043059307794,0,1,0.5427073363725621,0.4572926636274379,0.5427073363725621,1.0,0.01,0.2502748276568395,720,1220,1320,1350
2024-11-04,2397.0263671875,0.010690023242502233,1,1,0.5378109615167811,0.4621890384832189,0.5378109615167811,1.0,0.01,0.2502748276568395,720,1220,1320,1350
2024-11-05,2422.650634765625,0.12445812465100636,1,1,0.5269343848627904,0.47306561513720957,0.5269343848627904,1.0,0.01,0.2502748276568395,720,1220,1320,1350
2024-11-06,2724.169189453125,0.06292423408548897,1,1,0.503170712541843,0.496829287458157,0.503170712541843,1.0,0.01,0.2502748276568395,720,1220,1320,1350
2024-11-07,2895.58544921875,0.023038926949513483,1,0,0.49108747469241826,0.5089125253075817,0.5089125253075817,1.0,0.01,0.2502748276568395,720,1220,1320,1350
2024-11-08,2962.296630859375,0.05699898471735465,1,1,0.5078953081726422,0.49210469182735783,0.5078953081726422,1.0,0.01,0.2502748276568395,720,1220,1320,1350
2024-11-09,3131.14453125,0.01922197042565066,1,0,0.49261566456250544,0.5073843354374945,0.5073843354374945,1.0,0.01,0.2502748276568395,720,1220,1320,1350
2024-11-10,3191.331298828125,0.05749377681988088,1,1,0.5260548754669082,0.4739451245330918,0.5260548754669082,0.1,scale,0.24837146363317772,750,1250,1350,1380
2024-11-11,3374.81298828125,-0.0380926778784183,0,1,0.5268415425244992,0.4731584574755008,0.5268415425244992,0.1,scale,0.24837146363317772,750,1250,1350,1380
2024-11-12,3246.25732421875,-0.016530228997185037,0,1,0.5267490356314751,0.4732509643685249,0.5267490356314751,0.1,scale,0.24837146363317772,750,1250,1350,1380
2024-11-13,3192.595947265625,-0.041861613246530704,0,1,0.5269727483592506,0.47302725164074944,0.5269727483592506,0.1,scale,0.24837146363317772,750,1250,1350,1380
2024-11-14,3058.94873046875,0.014414035918883572,1,1,0.5265961659043759,0.47340383409562414,0.5265961659043759,0.1,scale,0.24837146363317772,750,1250,1350,1380
2024-11-15,3103.04052734375,0.00974315294018413,1,1,0.526900401293496,0.473099598706504,0.526900401293496,0.1,scale,0.24837146363317772,750,1250,1350,1380
2024-11-16,3133.27392578125,-0.01838725437104416,0,1,0.5268467880209783,0.4731532119790217,0.5268467880209783,0.1,scale,0.24837146363317772,750,1250,1350,1380
2024-11-17,3075.66162109375,0.04298093890177013,1,1,0.525707266283335,0.474292733716665,0.525707266283335,0.1,scale,0.24837146363317772,750,1250,1350,1380
2024-11-18,3207.8564453125,-0.030073793436219964,0,1,0.5263267049951502,0.4736732950048498,0.5263267049951502,0.1,scale,0.24837146363317772,750,1250,1350,1380
2024-11-19,3111.384033203125,-0.012597623598885388,0,1,0.5260253458395387,0.47397465416046125,0.5260253458395387,0.1,scale,0.24837146363317772,750,1250,1350,1380
2024-11-20,3072.18798828125,0.09402613638837987,1,1,0.5257848092829339,0.4742151907170661,0.5257848092829339,0.1,scale,0.24837146363317772,750,1250,1350,1380
2024-11-21,3361.053955078125,-0.008763062239896535,0,1,0.5269782954830937,0.4730217045169063,0.5269782954830937,0.1,scale,0.24837146363317772,750,1250,1350,1380
2024-11-22,3331.600830078125,0.019396849109391878,1,1,0.527700015371863,0.47229998462813705,0.527700015371863,0.1,scale,0.24837146363317772,750,1250,1350,1380
2024-11-23,3396.223388671875,-0.009588143309746888,0,1,0.527334474127115,0.472665525872885,0.527334474127115,0.1,scale,0.24837146363317772,750,1250,1350,1380
2024-11-24,3363.659912109375,0.01483028442427825,1,1,0.527771617745273,0.47222838225472696,0.527771617745273,0.1,scale,0.24837146363317772,750,1250,1350,1380
2024-11-25,3413.5439453125,-0.0254945044570557,0,1,0.5259773825362137,0.47402261746378627,0.5259773825362137,0.1,scale,0.24837146363317772,750,1250,1350,1380
2024-11-26,3326.517333984375,0.09942287996365606,1,1,0.5271238158551168,0.4728761841448832,0.5271238158551168,0.1,scale,0.24837146363317772,750,1250,1350,1380
2024-11-27,3657.249267578125,-0.021173767078749073,0,1,0.5282298227744652,0.4717701772255348,0.5282298227744652,0.1,scale,0.24837146363317772,750,1250,1350,1380
2024-11-28,3579.8115234375,0.003822229533186672,1,1,0.5274366892925013,0.4725633107074987,0.5274366892925013,0.1,scale,0.24837146363317772,750,1250,1350,1380
2024-11-29,3593.494384765625,0.03122613408711894,1,1,0.5275437273155831,0.4724562726844169,0.5275437273155831,0.1,scale,0.24837146363317772,750,1250,1350,1380
2024-11-30,3705.705322265625,0.0014733272945559595,1,1,0.5275219590825974,0.47247804091740264,0.5275219590825974,0.1,scale,0.24837146363317772,750,1250,1350,1380
2024-12-01,3711.1650390625,-0.018044617264257212,0,1,0.5274313972739063,0.4725686027260937,0.5274313972739063,0.1,scale,0.24837146363317772,750,1250,1350,1380
2024-12-02,3644.198486328125,-0.0064449882448404106,0,1,0.5258353075582143,0.4741646924417857,0.5258353075582143,0.1,scale,0.24837146363317772,750,1250,1350,1380
2024-12-03,3620.711669921875,0.06093260244895049,1,1,0.5272801866496147,0.47271981335038527,0.5272801866496147,0.1,scale,0.24837146363317772,750,1250,1350,1380
2024-12-04,3841.3310546875,-0.007893814272854183,0,1,0.5267538020400785,0.4732461979599215,0.5267538020400785,0.1,scale,0.24837146363317772,750,1250,1350,1380
2024-12-05,3811.00830078125,0.051115670898385535,1,1,0.5265420130488068,0.47345798695119323,0.5265420130488068,0.1,scale,0.24837146363317772,750,1250,1350,1380
2024-12-06,4005.810546875,-0.0007783493216640958,0,1,0.5279851171271127,0.4720148828728873,0.5279851171271127,0.1,scale,0.24837146363317772,750,1250,1350,1380
2024-12-07,4002.692626953125,0.0007524841828581152,1,1,0.5282001100029166,0.47179988999708344,0.5282001100029166,0.1,scale,0.24837146363317772,750,1250,1350,1380
2024-12-08,4005.70458984375,-0.07165135464156769,0,1,0.5272195899327817,0.47278041006721827,0.5272195899327817,0.1,scale,0.24837146363317772,750,1250,1350,1380
2024-12-09,3718.6904296875,-0.02335679484361486,0,1,0.5259763974640056,0.4740236025359944,0.5259763974640056,0.1,scale,0.24837146363317772,750,1250,1350,1380
2024-12-10,3631.833740234375,0.055340716460503314,1,0,0.49555752456227936,0.5044424754377206,0.5044424754377206,1.0,0.1,0.2488071825006944,780,1280,1380,1410
2024-12-11,3832.822021484375,0.013118151777930187,1,1,0.5142029744695236,0.48579702553047643,0.5142029744695236,1.0,0.1,0.2488071825006944,780,1280,1380,1410
2024-12-12,3883.1015625,0.007237451638409276,1,1,0.506103940019663,0.49389605998033703,0.506103940019663,1.0,0.1,0.2488071825006944,780,1280,1380,1410
2024-12-13,3911.205322265625,-0.010942930708463194,0,1,0.5107034993332736,0.48929650066672636,0.5107034993332736,1.0,0.1,0.2488071825006944,780,1280,1380,1410
2024-12-14,3868.4052734375,0.02159439944037822,1,1,0.504937304874254,0.49506269512574597,0.504937304874254,1.0,0.1,0.2488071825006944,780,1280,1380,1410
2024-12-15,3951.941162109375,0.00899299697642908,1,1,0.5110435251160308,0.4889564748839692,0.5110435251160308,1.0,0.1,0.2488071825006944,780,1280,1380,1410
2024-12-16,3987.48095703125,-0.02525776168846805,0,1,0.5032494242868656,0.4967505757131344,0.5032494242868656,1.0,0.1,0.2488071825006944,780,1280,1380,1410
2024-12-17,3886.76611328125,-0.06894545380539963,0,1,0.5015724472084327,0.49842755279156725,0.5015724472084327,1.0,0.1,0.2488071825006944,780,1280,1380,1410
2024-12-18,3618.791259765625,-0.05550562793804503,0,0,0.4892615288249244,0.5107384711750755,0.5107384711750755,1.0,0.1,0.2488071825006944,780,1280,1380,1410
2024-12-19,3417.927978515625,0.015982047785855658,1,0,0.4901431095806175,0.5098568904193825,0.5098568904193825,1.0,0.1,0.2488071825006944,780,1280,1380,1410
2024-12-20,3472.553466796875,-0.038971625917780583,0,0,0.4856861626123493,0.5143138373876507,0.5143138373876507,1.0,0.1,0.2488071825006944,780,1280,1380,1410
2024-12-21,3337.222412109375,-0.01788530954448675,0,0,0.49637717422827116,0.5036228257717288,0.5036228257717288,1.0,0.1,0.2488071825006944,780,1280,1380,1410
2024-12-22,3277.53515625,0.042181162840310815,1,0,0.48744043088499545,0.5125595691150046,0.5125595691150046,1.0,0.1,0.2488071825006944,780,1280,1380,1410
2024-12-23,3415.785400390625,0.022327047913535125,1,0,0.4863342679301007,0.5136657320698993,0.5136657320698993,1.0,0.1,0.2488071825006944,780,1280,1380,1410
2024-12-24,3492.0498046875,0.00033949884489303805,1,1,0.512868504586284,0.48713149541371603,0.512868504586284,1.0,0.1,0.2488071825006944,780,1280,1380,1410
2024-12-25,3493.2353515625,-0.04637807223950974,0,1,0.5103318798483084,0.4896681201516916,0.5103318798483084,1.0,0.1,0.2488071825006944,780,1280,1380,1410
2024-12-26,3331.225830078125,-0.000693089573747363,0,0,0.49545927361246783,0.5045407263875321,0.5045407263875321,1.0,0.1,0.2488071825006944,780,1280,1380,1410
2024-12-27,3328.9169921875,0.02072306150150305,1,0,0.49574132585700037,0.5042586741429996,0.5042586741429996,1.0,0.1,0.2488071825006944,780,1280,1380,1410
2024-12-28,3397.90234375,-0.014240820106154684,0,1,0.5162095556232605,0.48379044437673946,0.5162095556232605,1.0,0.1,0.2488071825006944,780,1280,1380,1410
2024-12-29,3349.513427734375,0.0020537760301735375,1,1,0.5034388379768926,0.4965611620231074,0.5034388379768926,1.0,0.1,0.2488071825006944,780,1280,1380,1410
2024-12-30,3356.392578125,-0.0071090729967826505,0,0,0.49539660952586945,0.5046033904741305,0.5046033904741305,1.0,0.1,0.2488071825006944,780,1280,1380,1410
2024-12-31,3332.53173828125,0.006293237021109732,1,1,0.5050649544083975,0.4949350455916025,0.5050649544083975,1.0,0.1,0.2488071825006944,780,1280,1380,1410
2025-01-01,3353.504150390625,0.029189893122086197,1,1,0.51137913133027,0.48862086866973,0.51137913133027,1.0,0.1,0.2488071825006944,780,1280,1380,1410
2025-01-02,3451.392578125,0.04450875524089293,1,0,0.4968003780943094,0.5031996219056907,0.5031996219056907,1.0,0.1,0.2488071825006944,780,1280,1380,1410
2025-01-03,3605.009765625,0.014617719482165947,1,1,0.5007612895067344,0.4992387104932656,0.5007612895067344,1.0,0.1,0.2488071825006944,780,1280,1380,1410
2025-01-04,3657.706787109375,-0.006452957745802013,0,0,0.498619563125385,0.501380436874615,0.501380436874615,1.0,0.1,0.2488071825006944,780,1280,1380,1410
2025-01-05,3634.103759765625,0.01499890260780301,1,0,0.49782549595185277,0.5021745040481472,0.5021745040481472,1.0,0.1,0.2488071825006944,780,1280,1380,1410
2025-01-06,3688.611328125,-0.08323835401301194,0,1,0.5035060462833679,0.4964939537166321,0.5035060462833679,1.0,0.1,0.2488071825006944,780,1280,1380,1410
2025-01-07,3381.577392578125,-0.016337951334858714,0,1,0.5120813626790579,0.4879186373209421,0.5120813626790579,1.0,0.1,0.2488071825006944,780,1280,1380,1410
2025-01-08,3326.329345703125,-0.03213713091240178,0,1,0.5046971687785822,0.4953028312214178,0.5046971687785822,1.0,0.1,0.2488071825006944,780,1280,1380,1410
2025-01-09,3219.4306640625,0.014927896012281394,1,1,0.5178747984663521,0.4821252015336479,0.5178747984663521,1.0,scale,0.24939333311562226,810,1310,1410,1440
2025-01-10,3267.489990234375,0.004507369034684849,1,1,0.5161670842124907,0.4838329157875093,0.5161670842124907,1.0,scale,0.24939333311562226,810,1310,1410,1440
2025-01-11,3282.2177734375,-0.004955978757455792,0,1,0.5232257706097906,0.4767742293902094,0.5232257706097906,1.0,scale,0.24939333311562226,810,1310,1410,1440
2025-01-12,3265.951171875,-0.03994285558798849,0,1,0.5153543248071268,0.48464567519287316,0.5153543248071268,1.0,scale,0.24939333311562226,810,1310,1410,1440
2025-01-13,3135.499755859375,0.028124644018336253,1,1,0.5289111883335171,0.47108881166648287,0.5289111883335171,1.0,scale,0.24939333311562226,810,1310,1410,1440
2025-01-14,3223.6845703125,0.07037072715887938,1,1,0.5231826734812504,0.47681732651874964,0.5231826734812504,1.0,scale,0.24939333311562226,810,1310,1410,1440
2025-01-15,3450.53759765625,-0.041208762051769265,0,1,0.5171705181060179,0.4828294818939821,0.5171705181060179,1.0,scale,0.24939333311562226,810,1310,1410,1440
2025-01-16,3308.34521484375,0.05010419171097702,1,1,0.5207570843606316,0.4792429156393684,0.5207570843606316,1.0,scale,0.24939333311562226,810,1310,1410,1440
2025-01-17,3474.107177734375,-0.0484491750950794,0,1,0.5193897125271115,0.4806102874728885,0.5193897125271115,1.0,scale,0.24939333311562226,810,1310,1410,1440
2025-01-18,3305.78955078125,-0.02928958236001966,0,1,0.5234516095098544,0.47654839049014563,0.5234516095098544,1.0,scale,0.24939333311562226,810,1310,1410,1440
2025-01-19,3208.96435546875,0.02152440391061483,1,1,0.5195997608171647,0.48040023918283525,0.5195997608171647,1.0,scale,0.24939333311562226,810,1310,1410,1440
2025-01-20,3278.035400390625,0.015061109347230373,1,1,0.5260735199649695,0.47392648003503046,0.5260735199649695,1.0,scale,0.24939333311562226,810,1310,1410,1440
2025-01-21,3327.40625,-0.026201080984625813,0,1,0.5273707751337979,0.47262922486620207,0.5273707751337979,1.0,scale,0.24939333311562226,810,1310,1410,1440
2025-01-22,3240.224609375,0.029161404946970837,1,1,0.5220492003180901,0.4779507996819099,0.5220492003180901,1.0,scale,0.24939333311562226,810,1310,1410,1440
2025-01-23,3334.714111328125,-0.007544628669076459,0,1,0.5160457353233893,0.48395426467661073,0.5160457353233893,1.0,scale,0.24939333311562226,810,1310,1410,1440
2025-01-24,3309.554931640625,0.0023310081774501334,1,1,0.5206544199609304,0.4793455800390696,0.5206544199609304,1.0,scale,0.24939333311562226,810,1310,1410,1440
2025-01-25,3317.26953125,-0.02445844485711024,0,1,0.52406920169467,0.47593079830533,0.52406920169467,1.0,scale,0.24939333311562226,810,1310,1410,1440
2025-01-26,3236.13427734375,-0.017679695057172262,0,1,0.5178615506439117,0.4821384493560883,0.5178615506439117,1.0,scale,0.24939333311562226,810,1310,1410,1440
2025-01-27,3178.92041015625,-0.0320259233300908,0,1,0.5236846594736556,0.4763153405263444,0.5236846594736556,1.0,scale,0.24939333311562226,810,1310,1410,1440
2025-01-28,3077.112548828125,0.011662386097330613,1,1,0.5207148507684664,0.47928514923153365,0.5207148507684664,1.0,scale,0.24939333311562226,810,1310,1410,1440
2025-01-29,3112.9990234375,0.0432961927853559,1,1,0.5153035207665563,0.4846964792334437,0.5153035207665563,1.0,scale,0.24939333311562226,810,1310,1410,1440
2025-01-30,3247.780029296875,0.015544497153892722,1,1,0.5186280812859785,0.4813719187140215,0.5186280812859785,1.0,scale,0.24939333311562226,810,1310,1410,1440
2025-01-31,3298.26513671875,-0.05455489961504678,0,1,0.5123076934538628,0.48769230654613716,0.5123076934538628,1.0,scale,0.24939333311562226,810,1310,1410,1440
2025-02-01,3118.32861328125,-0.08005434100956466,0,1,0.5215466210950602,0.4784533789049398,0.5215466210950602,1.0,scale,0.24939333311562226,810,1310,1410,1440
2025-02-02,2868.69287109375,0.005533453740142802,1,1,0.5204289442077161,0.4795710557922839,0.5204289442077161,1.0,scale,0.24939333311562226,810,1310,1410,1440
2025-02-03,2884.566650390625,-0.05183287439003281,0,1,0.5185725849884025,0.48142741501159747,0.5185725849884025,1.0,scale,0.24939333311562226,810,1310,1410,1440
2025-02-04,2735.05126953125,0.01927853557646908,1,1,0.5184471923124632,0.48155280768753683,0.5184471923124632,1.0,scale,0.24939333311562226,810,1310,1410,1440
2025-02-05,2787.779052734375,-0.035647794157377954,0,1,0.5191311362650434,0.48086886373495663,0.5191311362650434,1.0,scale,0.24939333311562226,810,1310,1410,1440
2025-02-06,2688.40087890625,-0.024620471517087794,0,1,0.5129458952986398,0.48705410470136024,0.5129458952986398,1.0,scale,0.24939333311562226,810,1310,1410,1440
2025-02-07,2622.211181640625,0.0038506311160004802,1,1,0.5103747157348217,0.48962528426517826,0.5103747157348217,1.0,scale,0.24939333311562226,810,1310,1410,1440
2025-02-08,2632.308349609375,-0.0013627424019899692,0,1,0.5224483693201452,0.47755163067985484,0.5224483693201452,0.1,scale,0.2505718152756828,840,1340,1440,1470
2025-02-09,2628.72119140625,0.0123427150611084,1,1,0.5149723210879701,0.4850276789120299,0.5149723210879701,0.1,scale,0.2505718152756828,840,1340,1440,1470
2025-02-10,2661.166748046875,-0.02193953673434812,0,1,0.5164680361399371,0.4835319638600629,0.5164680361399371,0.1,scale,0.2505718152756828,840,1340,1440,1470
2025-02-11,2602.781982421875,0.051529524214203315,1,1,0.5140998976200298,0.48590010237997017,0.5140998976200298,0.1,scale,0.2505718152756828,840,1340,1440,1470
2025-02-12,2736.902099609375,-0.022287794557012575,0,1,0.5201313854824986,0.4798686145175014,0.5201313854824986,0.1,scale,0.2505718152756828,840,1340,1440,1470
2025-02-13,2675.902587890625,0.018755901306300338,1,1,0.529679988417396,0.47032001158260395,0.529679988417396,0.1,scale,0.2505718152756828,840,1340,1440,1470
2025-02-14,2726.091552734375,-0.011933472391497446,0,1,0.5282318270021108,0.4717681729978892,0.5282318270021108,0.1,scale,0.2505718152756828,840,1340,1440,1470
2025-02-15,2693.559814453125,-0.011228225310643603,0,1,0.5346909857966783,0.4653090142033217,0.5346909857966783,0.1,scale,0.2505718152756828,840,1340,1440,1470
2025-02-16,2663.31591796875,0.029994109419593684,1,1,0.5215858890220857,0.4784141109779143,0.5215858890220857,0.1,scale,0.2505718152756828,840,1340,1440,1470
2025-02-17,2743.19970703125,-0.026925068435387,0,1,0.5152141220316825,0.4847858779683175,0.5152141220316825,0.1,scale,0.2505718152756828,840,1340,1440,1470
2025-02-18,2669.3388671875,0.017394617624989728,1,1,0.5201231499017099,0.47987685009829006,0.5201231499017099,0.1,scale,0.2505718152756828,840,1340,1440,1470
2025-02-19,2715.77099609375,0.009063900656951951,1,1,0.5285819337398927,0.4714180662601073,0.5285819337398927,0.1,scale,0.2505718152756828,840,1340,1440,1470
2025-02-20,2740.386474609375,-0.029459697666460616,0,1,0.5162553042472753,0.4837446957527247,0.5162553042472753,0.1,scale,0.2505718152756828,840,1340,1440,1470
2025-02-21,2659.655517578125,0.039243345090012705,1,1,0.5027832902034514,0.49721670979654864,0.5027832902034514,0.1,scale,0.2505718152756828,840,1340,1440,1470
2025-02-22,2764.029296875,0.020723733255699095,1,1,0.533160012064768,0.46683998793523196,0.533160012064768,0.1,scale,0.2505718152756828,840,1340,1440,1470
2025-02-23,2821.310302734375,-0.10898801644535905,0,1,0.5121392980341197,0.4878607019658803,0.5121392980341197,0.1,scale,0.2505718152756828,840,1340,1440,1470
2025-02-24,2513.8212890625,-0.008047015853369976,0,1,0.5075817169890027,0.4924182830109973,0.5075817169890027,0.1,scale,0.2505718152756828,840,1340,1440,1470
2025-02-25,2493.592529296875,-0.06502260921668868,0,1,0.5122399118746795,0.48776008812532046,0.5122399118746795,0.1,scale,0.2505718152756828,840,1340,1440,1470
2025-02-26,2331.45263671875,-0.01113823258073876,0,1,0.5090895935920123,0.49091040640798767,0.5090895935920123,0.1,scale,0.2505718152756828,840,1340,1440,1470
2025-02-27,2305.484375,-0.029312322518993406,0,1,0.5119024300555558,0.4880975699444442,0.5119024300555558,0.1,scale,0.2505718152756828,840,1340,1440,1470
2025-02-28,2237.9052734375,-0.009500832382402846,0,1,0.5023538829195829,0.49764611708041706,0.5023538829195829,0.1,scale,0.2505718152756828,840,1340,1440,1470
2025-03-01,2216.643310546875,0.13671629895947635,1,1,0.5188907198782519,0.48110928012174814,0.5188907198782519,0.1,scale,0.2505718152756828,840,1340,1440,1470
2025-03-02,2519.694580078125,-0.14847855308604507,0,1,0.5280995482574993,0.4719004517425007,0.5280995482574993,0.1,scale,0.2505718152756828,840,1340,1440,1470
2025-03-03,2145.573974609375,0.011391432967872817,1,1,0.5231830233579391,0.4768169766420609,0.5231830233579391,0.1,scale,0.2505718152756828,840,1340,1440,1470
2025-03-04,2170.01513671875,0.03316205356610458,1,1,0.5314252190681518,0.46857478093184823,0.5314252190681518,0.1,scale,0.2505718152756828,840,1340,1440,1470
2025-03-05,2241.977294921875,-0.017618594251921915,0,1,0.5427289586978682,0.4572710413021318,0.5427289586978682,0.1,scale,0.2505718152756828,840,1340,1440,1470
2025-03-06,2202.476806640625,-0.02882630029114286,0,1,0.5399163582068681,0.4600836417931319,0.5399163582068681,0.1,scale,0.2505718152756828,840,1340,1440,1470
2025-03-07,2138.987548828125,0.029230046295678047,1,1,0.5320989263287627,0.46790107367123734,0.5320989263287627,0.1,scale,0.2505718152756828,840,1340,1440,1470
2025-03-08,2201.51025390625,-0.08448795471326176,0,1,0.5476766642577306,0.45232333574226935,0.5476766642577306,0.1,scale,0.2505718152756828,840,1340,1440,1470
2025-03-09,2015.5091552734373,-0.07658500963990711,0,1,0.5135611944903035,0.48643880550969654,0.5135611944903035,0.1,scale,0.2505718152756828,840,1340,1440,1470
2025-03-10,1861.1513671875,0.031536179458804936,1,1,0.5015939059190714,0.4984060940809286,0.5015939059190714,1.0,scale,0.2509795453586825,870,1370,1470,1500
2025-03-11,1919.844970703125,-0.005657907202539225,0,0,0.49979685190961326,0.5002031480903868,0.5002031480903868,1.0,scale,0.2509795453586825,870,1370,1470,1500
2025-03-12,1908.982666015625,-0.024103446480985946,0,0,0.499510246629315,0.500489753370685,0.500489753370685,1.0,scale,0.2509795453586825,870,1370,1470,1500
2025-03-13,1862.9696044921875,0.024959035666801466,1,0,0.49930818078207023,0.5006918192179297,0.5006918192179297,1.0,scale,0.2509795453586825,870,1370,1470,1500
2025-03-14,1909.467529296875,0.01462560823630299,1,1,0.5004019355804452,0.4995980644195548,0.5004019355804452,1.0,scale,0.2509795453586825,870,1370,1470,1500
2025-03-15,1937.3946533203125,-0.025786999381329778,0,1,0.5008553337246874,0.4991446662753126,0.5008553337246874,1.0,scale,0.2509795453586825,870,1370,1470,1500
2025-03-16,1887.43505859375,0.020963831795744126,1,0,0.49969309489414704,0.500306905105853,0.500306905105853,1.0,scale,0.2509795453586825,870,1370,1470,1500
2025-03-17,1927.0029296875,0.002875204421535882,1,0,0.4995852365859424,0.5004147634140577,0.5004147634140577,1.0,scale,0.2509795453586825,870,1370,1470,1500
2025-03-18,1932.54345703125,0.06478796942480636,1,0,0.49995603911633807,0.500043960883662,0.500043960883662,1.0,scale,0.2509795453586825,870,1370,1470,1500
2025-03-19,2057.7490234375,-0.03676306928602102,0,0,0.4986987720157767,0.5013012279842233,0.5013012279842233,1.0,scale,0.2509795453586825,870,1370,1470,1500
2025-03-20,1982.099853515625,-0.008704061657306195,0,1,0.5022431324867956,0.49775686751320436,0.5022431324867956,1.0,scale,0.2509795453586825,870,1370,1470,1500
2025-03-21,1964.8475341796875,0.007731036303297412,1,1,0.5014619865295011,0.49853801347049886,0.5014619865295011,1.0,scale,0.2509795453586825,870,1370,1470,1500
2025-03-22,1980.037841796875,0.012758015026691494,1,1,0.5022756112107848,0.4977243887892152,0.5022756112107848,1.0,scale,0.2509795453586825,870,1370,1470,1500
2025-03-23,2005.2991943359373,0.03599453377041595,1,1,0.5001574913639554,0.4998425086360446,0.5001574913639554,1.0,scale,0.2509795453586825,870,1370,1470,1500
2025-03-24,2077.47900390625,-0.004676265671871183,0,0,0.49919926617844324,0.5008007338215568,0.5008007338215568,1.0,scale,0.2509795453586825,870,1370,1470,1500
2025-03-25,2067.76416015625,-0.028327615997143618,0,1,0.5003408204091689,0.49965917959083106,0.5003408204091689,1.0,scale,0.2509795453586825,870,1370,1470,1500
2025-03-26,2009.1893310546875,-0.003400331205273277,0,0,0.4992653098457935,0.5007346901542065,0.5007346901542065,1.0,scale,0.2509795453586825,870,1370,1470,1500
2025-03-27,2002.357421875,-0.05336434495667708,0,1,0.5000131906172922,0.4999868093827078,0.5000131906172922,1.0,scale,0.2509795453586825,870,1370,1470,1500
2025-03-28,1895.5029296875,-0.03597072635426679,0,0,0.4999532790960446,0.5000467209039554,0.5000467209039554,1.0,scale,0.2509795453586825,870,1370,1470,1500
2025-03-29,1827.3203125,-0.01154788485957492,0,0,0.49976008790729504,0.500239912092705,0.500239912092705,1.0,scale,0.2509795453586825,870,1370,1470,1500
2025-03-30,1806.2186279296875,0.009556624138489678,1,0,0.4990677989023689,0.5009322010976311,0.5009322010976311,1.0,scale,0.2509795453586825,870,1370,1470,1500
2025-03-31,1823.47998046875,0.044975253629213396,1,0,0.4975160987753212,0.5024839012246788,0.5024839012246788,1.0,scale,0.2509795453586825,870,1370,1470,1500
2025-04-01,1905.491455078125,-0.05782142048584138,0,0,0.49917925694591975,0.5008207430540803,0.5008207430540803,1.0,scale,0.2509795453586825,870,1370,1470,1500
2025-04-02,1795.313232421875,0.011320573057860273,1,0,0.4987064327490226,0.5012935672509774,0.5012935672509774,1.0,scale,0.2509795453586825,870,1370,1470,1500
2025-04-03,1815.63720703125,-0.00016633386447217902,0,1,0.5005416344357763,0.49945836556422374,0.5005416344357763,1.0,scale,0.2509795453586825,870,1370,1470,1500
2025-04-04,1815.335205078125,-0.0051571403729591125,0,1,0.5002523180512268,0.49974768194877317,0.5002523180512268,1.0,scale,0.2509795453586825,870,1370,1470,1500
2025-04-05,1805.9732666015625,-0.12693722742042624,0,1,0.5026959886641189,0.4973040113358811,0.5026959886641189,1.0,scale,0.2509795453586825,870,1370,1470,1500
2025-04-06,1576.72802734375,-0.013627626435405826,0,1,0.5038998565723861,0.4961001434276139,0.5038998565723861,1.0,scale,0.2509795453586825,870,1370,1470,1500
2025-04-07,1555.240966796875,-0.05316723773116572,0,0,0.4998766673794398,0.5001233326205602,0.5001233326205602,1.0,scale,0.2509795453586825,870,1370,1470,1500
2025-04-08,1472.5531005859375,0.1327537447707503,1,0,0.4980466921365599,0.5019533078634402,0.5019533078634402,1.0,scale,0.2509795453586825,870,1370,1470,1500
2025-04-09,1668.0400390625,-0.08724085563087758,0,0,0.4288644322716404,0.5711355677283596,0.5711355677283596,1.0,0.01,0.25120090641863174,900,1400,1500,1530
2025-04-10,1522.518798828125,0.02931391157840868,1,0,0.48828806019591114,0.5117119398040888,0.5117119398040888,1.0,0.01,0.25120090641863174,900,1400,1500,1530
2025-04-11,1567.1497802734375,0.04873738626716384,1,0,0.44516919326081805,0.554830806739182,0.554830806739182,1.0,0.01,0.25120090641863174,900,1400,1500,1530
2025-04-12,1643.528564453125,-0.028501344272703122,0,0,0.4226131108132712,0.5773868891867289,0.5773868891867289,1.0,0.01,0.25120090641863174,900,1400,1500,1530
2025-04-13,1596.685791015625,0.016336405441875312,1,0,0.4693645849094854,0.5306354150905146,0.5306354150905146,1.0,0.01,0.25120090641863174,900,1400,1500,1530
2025-04-14,1622.7698974609375,-0.021036532181973544,0,0,0.4513028820326779,0.5486971179673221,0.5486971179673221,1.0,0.01,0.25120090641863174,900,1400,1500,1530
2025-04-15,1588.6324462890625,-0.00662651680945181,0,0,0.4555643501189413,0.5444356498810587,0.5444356498810587,1.0,0.01,0.25120090641863174,900,1400,1500,1530
2025-04-16,1578.1053466796875,0.002815397066748826,1,0,0.4829801668412853,0.5170198331587147,0.5170198331587147,1.0,0.01,0.25120090641863174,900,1400,1500,1530
2025-04-17,1582.54833984375,0.004029161456178265,1,0,0.47720234828821084,0.5227976517117892,0.5227976517117892,1.0,0.01,0.25120090641863174,900,1400,1500,1530
2025-04-18,1588.9246826171875,0.015103402450633574,1,0,0.47815655472057167,0.5218434452794283,0.5218434452794283,1.0,0.01,0.25120090641863174,900,1400,1500,1530
2025-04-19,1612.9228515625,-0.01575312130479345,0,0,0.4881048378888709,0.5118951621111292,0.5118951621111292,1.0,0.01,0.25120090641863174,900,1400,1500,1530
2025-04-20,1587.5142822265625,-0.004900607977736393,0,1,0.5123160940467165,0.4876839059532835,0.5123160940467165,1.0,0.01,0.25120090641863174,900,1400,1500,1530
2025-04-21,1579.7344970703125,0.11242216226721125,1,1,0.5113204714188334,0.4886795285811666,0.5113204714188334,1.0,0.01,0.25120090641863174,900,1400,1500,1530
2025-04-22,1757.3316650390625,0.022063326905880754,1,0,0.44896052401699793,0.5510394759830021,0.5510394759830021,1.0,0.01,0.25120090641863174,900,1400,1500,1530
2025-04-23,1796.104248046875,-0.014627537926254486,0,0,0.47676105552284026,0.5232389444771597,0.5232389444771597,1.0,0.01,0.25120090641863174,900,1400,1500,1530
2025-04-24,1769.8316650390625,0.009494042160750782,1,0,0.49756231960483865,0.5024376803951613,0.5024376803951613,1.0,0.01,0.25120090641863174,900,1400,1500,1530
2025-04-25,1786.634521484375,0.019727919508667258,1,0,0.48290295804249933,0.5170970419575007,0.5170970419575007,1.0,0.01,0.25120090641863174,900,1400,1500,1530
2025-04-26,1821.881103515625,-0.015926458222360718,0,0,0.4658246450236004,0.5341753549763997,0.5341753549763997,1.0,0.01,0.25120090641863174,900,1400,1500,1530
2025-04-27,1792.864990234375,0.0033392455309573243,1,0,0.49475427984448767,0.5052457201555123,0.5052457201555123,1.0,0.01,0.25120090641863174,900,1400,1500,1530
2025-04-28,1798.851806640625,0.00018003291759050022,1,0,0.4923066591327203,0.5076933408672797,0.5076933408672797,1.0,0.01,0.25120090641863174,900,1400,1500,1530
2025-04-29,1799.1756591796875,-0.0030015237962643937,0,1,0.5083963725892989,0.49160362741070107,0.5083963725892989,1.0,0.01,0.25120090641863174,900,1400,1500,1530
2025-04-30,1793.775390625,0.025335483600515296,1,1,0.5174099715146315,0.48259002848536847,0.5174099715146315,1.0,0.01,0.25120090641863174,900,1400,1500,1530
2025-05-01,1839.2215576171875,0.0018955454880142941,1,1,0.5027121314064635,0.49728786859353646,0.5027121314064635,1.0,0.01,0.25120090641863174,900,1400,1500,1530
2025-05-02,1842.7078857421875,-0.004812571830357215,0,1,0.5108907119757912,0.48910928802420883,0.5108907119757912,1.0,0.01,0.25120090641863174,900,1400,1500,1530
2025-05-03,1833.8397216796875,-0.013766461212495806,0,1,0.5073178811468808,0.4926821188531192,0.5073178811468808,1.0,0.01,0.25120090641863174,900,1400,1500,1530
2025-05-04,1808.59423828125,0.006139172208646793,1,1,0.5216583007311608,0.4783416992688392,0.5216583007311608,1.0,0.01,0.25120090641863174,900,1400,1500,1530
2025-05-05,1819.697509765625,-0.0025333800408158247,0,1,0.5153022390389176,0.4846977609610824,0.5153022390389176,1.0,0.01,0.25120090641863174,900,1400,1500,1530
2025-05-06,1815.0875244140625,-0.0019177229274721652,0,1,0.5155059806112003,0.48449401938879966,0.5155059806112003,1.0,0.01,0.25120090641863174,900,1400,1500,1530
2025-05-07,1811.606689453125,0.2179876908621854,1,0,0.4599386678450848,0.5400613321549153,0.5400613321549153,1.0,0.01,0.25120090641863174,900,1400,1500,1530
2025-05-08,2206.5146484375,0.0629919569669184,1,0,0.4109253062370649,0.5890746937629351,0.5890746937629351,1.0,0.01,0.25120090641863174,900,1400,1500,1530
2025-05-09,2345.50732421875,0.10100811912068441,1,0,0.49630306403196717,0.5036969359680328,0.5036969359680328,1.0,0.1,0.2514221316909326,930,1430,1530,1560
2025-05-10,2582.422607421875,-0.027952363120453683,0,1,0.5048219463284073,0.49517805367159273,0.5048219463284073,1.0,0.1,0.2514221316909326,930,1430,1530,1560
2025-05-11,2510.23779296875,-0.005513456904119418,0,1,0.5151997369067968,0.48480026309320323,0.5151997369067968,1.0,0.1,0.2514221316909326,930,1430,1530,1560
2025-05-12,2496.397705078125,0.0735988233044782,1,1,0.5152360080678127,0.48476399193218733,0.5152360080678127,1.0,0.1,0.2514221316909326,930,1430,1530,1560
2025-05-13,2680.129638671875,-0.02614291683469505,0,1,0.5038251434672446,0.4961748565327554,0.5038251434672446,1.0,0.1,0.2514221316909326,930,1430,1530,1560
2025-05-14,2610.063232421875,-0.02421638604114429,0,1,0.5253400593540244,0.4746599406459756,0.5253400593540244,1.0,0.1,0.2514221316909326,930,1430,1530,1560
2025-05-15,2546.85693359375,-0.004146022508211833,0,1,0.5092150743542945,0.4907849256457055,0.5092150743542945,1.0,0.1,0.2514221316909326,930,1430,1530,1560
2025-05-16,2536.297607421875,-0.023870705359441913,0,1,0.5002303870733037,0.4997696129266963,0.5002303870733037,1.0,0.1,0.2514221316909326,930,1430,1530,1560
2025-05-17,2475.75439453125,0.009079756900171487,1,0,0.4953184993653098,0.5046815006346902,0.5046815006346902,1.0,0.1,0.2514221316909326,930,1430,1530,1560
2025-05-18,2498.233642578125,0.01238199059589462,1,0,0.48609530145441093,0.5139046985455891,0.5139046985455891,1.0,0.1,0.2514221316909326,930,1430,1530,1560
2025-05-19,2529.166748046875,-0.001974425904344268,0,0,0.4842925387222057,0.5157074612777943,0.5157074612777943,1.0,0.1,0.2514221316909326,930,1430,1530,1560
2025-05-20,2524.173095703125,0.011161703733228778,1,0,0.4847376230021494,0.5152623769978506,0.5152623769978506,1.0,0.1,0.2514221316909326,930,1430,1530,1560
2025-05-21,2552.34716796875,0.04380666386466037,1,0,0.48601357867580636,0.5139864213241936,0.5139864213241936,1.0,0.1,0.2514221316909326,930,1430,1530,1560
2025-05-22,2664.156982421875,-0.051691806751355096,0,0,0.4848716570274526,0.5151283429725474,0.5151283429725474,1.0,0.1,0.2514221316909326,930,1430,1530,1560
2025-05-23,2526.44189453125,0.001664137106111907,1,1,0.5106058796139183,0.48939412038608165,0.5106058796139183,1.0,0.1,0.2514221316909326,930,1430,1530,1560
2025-05-24,2530.646240234375,0.008344775909608915,1,0,0.47346771614820476,0.5265322838517952,0.5265322838517952,1.0,0.1,0.2514221316909326,930,1430,1530,1560
2025-05-25,2551.763916015625,0.004849395212889407,1,1,0.5001472091113662,0.49985279088863377,0.5001472091113662,1.0,0.1,0.2514221316909326,930,1430,1530,1560
2025-05-26,2564.138427734375,0.03858270497969518,1,0,0.4937613658240593,0.5062386341759407,0.5062386341759407,1.0,0.1,0.2514221316909326,930,1430,1530,1560
2025-05-27,2663.06982421875,0.007188345657390238,1,0,0.4903477490630946,0.5096522509369055,0.5096522509369055,1.0,0.1,0.2514221316909326,930,1430,1530,1560
2025-05-28,2682.212890625,-0.01847657419064974,0,0,0.4834604653392743,0.5165395346607258,0.5165395346607258,1.0,0.1,0.2514221316909326,930,1430,1530,1560
2025-05-29,2632.65478515625,-0.039014299261621144,0,1,0.5153862706916686,0.48461372930833135,0.5153862706916686,1.0,0.1,0.2514221316909326,930,1430,1530,1560
2025-05-30,2529.943603515625,-0.00033842697943353706,0,1,0.5158004643316931,0.48419953566830687,0.5158004643316931,1.0,0.1,0.2514221316909326,930,1430,1530,1560
2025-05-31,2529.08740234375,0.002838555548326349,1,0,0.4938465384953157,0.5061534615046843,0.5061534615046843,1.0,0.1,0.2514221316909326,930,1430,1530,1560
2025-06-01,2536.266357421875,0.027927293393387842,1,1,0.5092175305105316,0.49078246948946835,0.5092175305105316,1.0,0.1,0.2514221316909326,930,1430,1530,1560
2025-06-02,2607.097412109375,-0.005299816803046031,0,1,0.5071783520901507,0.4928216479098493,0.5071783520901507,1.0,0.1,0.2514221316909326,930,1430,1530,1560
2025-06-03,2593.2802734375,0.005924077364914293,1,1,0.5165465887204702,0.4834534112795298,0.5165465887204702,1.0,0.1,0.2514221316909326,930,1430,1530,1560
2025-06-04,2608.64306640625,-0.07373849813037003,0,1,0.5094865871631835,0.4905134128368165,0.5094865871631835,1.0,0.1,0.2514221316909326,930,1430,1530,1560
2025-06-05,2416.28564453125,0.02520777285804554,1,1,0.5261505429167482,0.47384945708325177,0.5261505429167482,1.0,0.1,0.2514221316909326,930,1430,1530,1560
2025-06-06,2477.19482421875,0.019905800865118284,1,0,0.4974941801283744,0.5025058198716257,0.5025058198716257,1.0,0.1,0.2514221316909326,930,1430,1530,1560
2025-06-07,2526.50537109375,-0.006221345063654238,0,0,0.47977786975898645,0.5202221302410135,0.5202221302410135,1.0,0.1,0.2514221316909326,930,1430,1530,1560
2025-06-08,2510.787109375,0.06799858890117094,1,1,0.5018016434582303,0.4981983565417697,0.5018016434582303,1.0,0.1,0.24970421165320947,960,1460,1560,1590
2025-06-09,2681.51708984375,0.049226047740363876,1,0,0.48665353760352564,0.5133464623964743,0.5133464623964743,1.0,0.1,0.24970421165320947,960,1460,1560,1590
2025-06-10,2813.517578125,-0.01421291324458307,0,0,0.48638342622234354,0.5136165737776565,0.5136165737776565,1.0,0.1,0.24970421165320947,960,1460,1560,1590
2025-06-11,2773.529296875,-0.04389141697422694,0,0,0.49111117795640413,0.5088888220435959,0.5088888220435959,1.0,0.1,0.24970421165320947,960,1460,1560,1590
2025-06-12,2651.795166015625,-0.02726797414745119,0,1,0.5013037679169365,0.49869623208306346,0.5013037679169365,1.0,0.1,0.24970421165320947,960,1460,1560,1590
2025-06-13,2579.486083984375,-0.017849288846087386,0,1,0.5054126276166268,0.49458737238337325,0.5054126276166268,1.0,0.1,0.24970421165320947,960,1460,1560,1590
2025-06-14,2533.444091796875,0.005286505610925474,1,0,0.4930822714187442,0.5069177285812558,0.5069177285812558,1.0,0.1,0.24970421165320947,960,1460,1560,1590
2025-06-15,2546.837158203125,-0.0024470263889081467,0,1,0.5020741638609182,0.4979258361390818,0.5020741638609182,1.0,0.1,0.24970421165320947,960,1460,1560,1590
2025-06-16,2540.60498046875,-0.011746613932036243,0,1,0.511457389765231,0.48854261023476897,0.511457389765231,1.0,0.1,0.24970421165320947,960,1460,1560,1590
2025-06-17,2510.761474609375,0.005392801825034654,1,1,0.516585849470453,0.48341415052954695,0.516585849470453,1.0,0.1,0.24970421165320947,960,1460,1560,1590
2025-06-18,2524.301513671875,-0.0010489829382142046,0,0,0.4993055269038595,0.5006944730961405,0.5006944730961405,1.0,0.1,0.24970421165320947,960,1460,1560,1590
2025-06-19,2521.653564453125,-0.04534697662134013,0,0,0.4949660505993711,0.5050339494006288,0.5050339494006288,1.0,0.1,0.24970421165320947,960,1460,1560,1590
2025-06-20,2407.30419921875,-0.04436854876282892,0,1,0.5096266118106071,0.4903733881893929,0.5096266118106071,1.0,0.1,0.24970421165320947,960,1460,1560,1590
2025-06-21,2300.49560546875,-0.031420390689421374,0,1,0.5117824166385153,0.4882175833614847,0.5117824166385153,1.0,0.1,0.24970421165320947,960,1460,1560,1590
2025-06-22,2228.213134765625,0.0868910668308287,1,1,0.5137468806288056,0.4862531193711944,0.5137468806288056,1.0,0.1,0.24970421165320947,960,1460,1560,1590
2025-06-23,2421.824951171875,0.01081161455453472,1,0,0.4938291118675161,0.5061708881324839,0.5061708881324839,1.0,0.1,0.24970421165320947,960,1460,1560,1590
2025-06-24,2448.0087890625,-0.011723195789307361,0,0,0.49111704179151366,0.5088829582084864,0.5088829582084864,1.0,0.1,0.24970421165320947,960,1460,1560,1590
2025-06-25,2419.310302734375,-0.0013076347482894324,0,0,0.497595900849033,0.5024040991509671,0.5024040991509671,1.0,0.1,0.24970421165320947,960,1460,1560,1590
2025-06-26,2416.146728515625,0.0031952591093227234,1,0,0.49868945161056893,0.5013105483894311,0.5013105483894311,1.0,0.1,0.24970421165320947,960,1460,1560,1590
2025-06-27,2423.866943359375,0.00546334924732772,1,0,0.4909012982836186,0.5090987017163814,0.5090987017163814,1.0,0.1,0.24970421165320947,960,1460,1560,1590
2025-06-28,2437.109375,0.02619931078698512,1,0,0.48343360733915436,0.5165663926608457,0.5165663926608457,1.0,0.1,0.24970421165320947,960,1460,1560,1590
2025-06-29,2500.9599609375,-0.005796016607685361,0,0,0.49779629914773993,0.5022037008522601,0.5022037008522601,1.0,0.1,0.24970421165320947,960,1460,1560,1590
2025-06-30,2486.46435546875,-0.032444314225516746,0,1,0.5101119357104998,0.48988806428950016,0.5101119357104998,1.0,0.1,0.24970421165320947,960,1460,1560,1590
2025-07-01,2405.792724609375,0.06881005288444131,1,1,0.5061873413801236,0.49381265861987644,0.5061873413801236,1.0,0.1,0.24970421165320947,960,1460,1560,1590
2025-07-02,2571.33544921875,0.007650450666005781,1,0,0.4952697005358669,0.5047302994641332,0.5047302994641332,1.0,0.1,0.24970421165320947,960,1460,1560,1590
2025-07-03,2591.00732421875,-0.03183665785149692,0,0,0.4963592383959531,0.5036407616040469,0.5036407616040469,1.0,0.1,0.24970421165320947,960,1460,1560,1590
2025-07-04,2508.518310546875,0.003492786444157847,1,1,0.5003420454409234,0.4996579545590766,0.5003420454409234,1.0,0.1,0.24970421165320947,960,1460,1560,1590
2025-07-05,2517.280029296875,0.021434461935417204,1,0,0.49229230742100294,0.5077076925789971,0.5077076925789971,1.0,0.1,0.24970421165320947,960,1460,1560,1590
2025-07-06,2571.236572265625,-0.010976581842489175,0,1,0.5036793329426973,0.4963206670573027,0.5036793329426973,1.0,0.1,0.24970421165320947,960,1460,1560,1590
2025-07-07,2543.01318359375,0.028506606355380493,1,1,0.5059972434100285,0.4940027565899715,0.5059972434100285,1.0,0.1,0.24970421165320947,960,1460,1560,1590
2025-07-08,2615.505859375,0.05936584999764771,1,1,0.5031785792756088,0.49682142072439117,0.5031785792756088,0.1,scale,0.2501502880201733,990,1490,1590,1620
2025-07-09,2770.777587890625,0.06643175827521208,1,1,0.5037928608661476,0.4962071391338524,0.5037928608661476,0.1,scale,0.2501502880201733,990,1490,1590,1620
2025-07-10,2954.84521484375,0.0010291624108509367,1,1,0.5031633152525111,0.4968366847474889,0.5031633152525111,0.1,scale,0.2501502880201733,990,1490,1590,1620
2025-07-11,2957.88623046875,-0.005062604917237423,0,1,0.5059139963071542,0.49408600369284583,0.5059139963071542,0.1,scale,0.2501502880201733,990,1490,1590,1620
2025-07-12,2942.91162109375,0.010345966697322684,1,1,0.503615137040107,0.49638486295989304,0.503615137040107,0.1,scale,0.2501502880201733,990,1490,1590,1620
2025-07-13,2973.35888671875,0.013450089573111779,1,1,0.5044687657816287,0.4955312342183713,0.5044687657816287,0.1,scale,0.2501502880201733,990,1490,1590,1620
2025-07-14,3013.350830078125,0.04199272686615596,1,1,0.5036901995330593,0.49630980046694073,0.5036901995330593,0.1,scale,0.2501502880201733,990,1490,1590,1620
2025-07-15,3139.8896484375,0.07376602792880305,1,1,0.5044259861977008,0.49557401380229915,0.5044259861977008,0.1,scale,0.2501502880201733,990,1490,1590,1620
2025-07-16,3371.5068359375,0.03122567831346279,1,1,0.5021751197366954,0.4978248802633046,0.5021751197366954,0.1,scale,0.2501502880201733,990,1490,1590,1620
2025-07-17,3476.784423828125,0.020775499653849394,1,1,0.5036305361811875,0.49636946381881253,0.5036305361811875,0.1,scale,0.2501502880201733,990,1490,1590,1620
2025-07-18,3549.016357421875,0.013033843623181607,1,1,0.5045646423885639,0.4954353576114361,0.5045646423885639,0.1,scale,0.2501502880201733,990,1490,1590,1620
2025-07-19,3595.273681640625,0.04567044638207407,1,1,0.5039157942507262,0.4960842057492738,0.5039157942507262,0.1,scale,0.2501502880201733,990,1490,1590,1620
2025-07-20,3759.471435546875,0.0010373538968471152,1,1,0.5022684070454524,0.4977315929545476,0.5022684070454524,0.1,scale,0.2501502880201733,990,1490,1590,1620
2025-07-21,3763.371337890625,-0.0037800761075303946,0,1,0.5047214489579943,0.4952785510420057,0.5047214489579943,0.1,scale,0.2501502880201733,990,1490,1590,1620
2025-07-22,3749.1455078125,-0.03185843128317001,0,1,0.5046006561927682,0.49539934380723183,0.5046006561927682,0.1,scale,0.2501502880201733,990,1490,1590,1620
2025-07-23,3629.70361328125,0.021572560819185016,1,1,0.5046319740942048,0.4953680259057952,0.5046319740942048,0.1,scale,0.2501502880201733,990,1490,1590,1620
2025-07-24,3708.005615234375,0.005194498732584263,1,1,0.5020676400190937,0.49793235998090635,0.5020676400190937,0.1,scale,0.2501502880201733,990,1490,1590,1620
2025-07-25,3727.266845703125,0.0037907536475187964,1,1,0.5029839729835142,0.49701602701648584,0.5029839729835142,0.1,scale,0.2501502880201733,990,1490,1590,1620
2025-07-26,3741.39599609375,0.03577557309550983,1,1,0.5020827125772669,0.4979172874227331,0.5020827125772669,0.1,scale,0.2501502880201733,990,1490,1590,1620
2025-07-27,3875.24658203125,-0.022661990384936437,0,1,0.5015418378465135,0.4984581621534865,0.5015418378465135,0.1,scale,0.2501502880201733,990,1490,1590,1620
2025-07-28,3787.42578125,0.0015918602984175134,1,1,0.5039465299379274,0.49605347006207257,0.5039465299379274,0.1,scale,0.2501502880201733,990,1490,1590,1620
2025-07-29,3793.454833984375,0.0038874395023140718,1,1,0.5023243186554035,0.4976756813445965,0.5023243186554035,0.1,scale,0.2501502880201733,990,1490,1590,1620
2025-07-30,3808.20166015625,-0.029277308933214563,0,1,0.5024408282418953,0.4975591717581047,0.5024408282418953,0.1,scale,0.2501502880201733,990,1490,1590,1620
2025-07-31,3696.707763671875,-0.05635874139752328,0,1,0.503342705952678,0.49665729404732195,0.503342705952678,0.1,scale,0.2501502880201733,990,1490,1590,1620
2025-08-01,3488.365966796875,-0.027412478154400954,0,1,0.5058827477369409,0.49411725226305914,0.5058827477369409,0.1,scale,0.2501502880201733,990,1490,1590,1620
2025-08-02,3392.7412109375,0.030841709681774132,1,1,0.5030147778568836,0.49698522214311636,0.5030147778568836,0.1,scale,0.2501502880201733,990,1490,1590,1620
2025-08-03,3497.379150390625,0.06336371438852972,1,0,0.49875080274243344,0.5012491972575666,0.5012491972575666,0.1,scale,0.2501502880201733,990,1490,1590,1620
2025-08-04,3718.986083984375,-0.028794587423448093,0,0,0.497944337861804,0.502055662138196,0.502055662138196,0.1,scale,0.2501502880201733,990,1490,1590,1620
2025-08-05,3611.8994140625,0.01993999056395901,1,1,0.5015467547778282,0.4984532452221718,0.5015467547778282,0.1,scale,0.2501502880201733,990,1490,1590,1620
2025-08-06,3683.920654296875,0.06254349511267532,1,0,0.49827366243361454,0.5017263375663854,0.5017263375663854,0.1,scale,0.2501502880201733,990,1490,1590,1620
2025-08-07,3914.325927734375,0.02440342244929994,1,1,0.5347343118709198,0.4652656881290802,0.5347343118709198,0.1,scale,0.25039025636601747,1020,1520,1620,1650
2025-08-08,4009.848876953125,0.06328174749903215,1,1,0.5312924656810953,0.46870753431890466,0.5312924656810953,0.1,scale,0.25039025636601747,1020,1520,1620,1650
2025-08-09,4263.59912109375,-0.0022003353011864624,0,1,0.5319380711725825,0.4680619288274175,0.5319380711725825,0.1,scale,0.25039025636601747,1020,1520,1620,1650
2025-08-10,4254.2177734375,-0.006405637420032861,0,1,0.5302658485767049,0.4697341514232951,0.5302658485767049,0.1,scale,0.25039025636601747,1020,1520,1620,1650
2025-08-11,4226.966796875,0.08610382463415012,1,1,0.5276164067996589,0.47238359320034107,0.5276164067996589,0.1,scale,0.25039025636601747,1020,1520,1620,1650
2025-08-12,4590.9248046875,0.036016942392504525,1,1,0.5334661261776913,0.4665338738223087,0.5334661261776913,0.1,scale,0.25039025636601747,1020,1520,1620,1650
2025-08-13,4756.27587890625,-0.04375468965602913,0,1,0.5302704581999623,0.4697295418000377,0.5302704581999623,0.1,scale,0.25039025636601747,1020,1520,1620,1650
2025-08-14,4548.16650390625,-0.023784910750758614,0,1,0.5266969946011674,0.47330300539883263,0.5266969946011674,0.1,scale,0.25039025636601747,1020,1520,1620,1650
2025-08-15,4439.98876953125,-0.0031100515039045318,0,1,0.5287188254191314,0.4712811745808686,0.5287188254191314,0.1,scale,0.25039025636601747,1020,1520,1620,1650
2025-08-16,4426.18017578125,0.010639266076744924,1,1,0.5304455947513024,0.4695544052486976,0.5304455947513024,0.1,scale,0.25039025636601747,1020,1520,1620,1650
2025-08-17,4473.271484375,-0.03593937951766457,0,1,0.5290673527078034,0.47093264729219664,0.5290673527078034,0.1,scale,0.25039025636601747,1020,1520,1620,1650
2025-08-18,4312.5048828125,-0.055429681352263005,0,1,0.5246487880344212,0.47535121196557883,0.5246487880344212,0.1,scale,0.25039025636601747,1020,1520,1620,1650
2025-08-19,4073.464111328125,0.06408215951312646,1,1,0.5225334984874361,0.47746650151256387,0.5225334984874361,0.1,scale,0.25039025636601747,1020,1520,1620,1650
2025-08-20,4334.50048828125,-0.025675513855549226,0,1,0.5347334697409938,0.4652665302590062,0.5347334697409938,0.1,scale,0.25039025636601747,1020,1520,1620,1650
2025-08-21,4223.2099609375,0.14399915644733907,1,1,0.5298741997698063,0.4701258002301937,0.5298741997698063,0.1,scale,0.25039025636601747,1020,1520,1620,1650
2025-08-22,4831.3486328125,-0.011437448418844975,0,1,0.5350290452746471,0.4649709547253529,0.5350290452746471,0.1,scale,0.25039025636601747,1020,1520,1620,1650
2025-08-23,4776.09033203125,0.0007447783980119027,1,1,0.5358733707560106,0.4641266292439894,0.5358733707560106,0.1,scale,0.25039025636601747,1020,1520,1620,1650
2025-08-24,4779.6474609375,-0.08508151935728459,0,1,0.5339099098966497,0.46609009010335034,0.5339099098966497,0.1,scale,0.25039025636601747,1020,1520,1620,1650
2025-08-25,4372.98779296875,0.05200997021062914,1,1,0.528020716152881,0.47197928384711896,0.528020716152881,0.1,scale,0.25039025636601747,1020,1520,1620,1650
2025-08-26,4600.4267578125,-0.021092323933093016,0,1,0.5396208276516764,0.4603791723483236,0.5396208276516764,0.1,scale,0.25039025636601747,1020,1520,1620,1650
2025-08-27,4503.39306640625,0.0008404036496352241,1,1,0.534771723187561,0.46522827681243895,0.534771723187561,0.1,scale,0.25039025636601747,1020,1520,1620,1650
2025-08-28,4507.177734375,-0.032620169651272346,0,1,0.5369479406647841,0.46305205933521587,0.5369479406647841,0.1,scale,0.25039025636601747,1020,1520,1620,1650
2025-08-29,4360.15283203125,0.0032110086092389523,1,1,0.5260142811928086,0.4739857188071914,0.5260142811928086,0.1,scale,0.25039025636601747,1020,1520,1620,1650
2025-08-30,4374.1533203125,0.0036271528440883216,1,1,0.5347125147583595,0.46528748524164054,0.5347125147583595,0.1,scale,0.25039025636601747,1020,1520,1620,1650
2025-08-31,4390.01904296875,-0.017209225605980594,0,1,0.5317305888490763,0.4682694111509237,0.5317305888490763,0.1,scale,0.25039025636601747,1020,1520,1620,1650
2025-09-01,4314.47021484375,0.002525340834435452,1,1,0.526122353006938,0.473877646993062,0.526122353006938,0.1,scale,0.25039025636601747,1020,1520,1620,1650
2025-09-02,4325.36572265625,0.028904708992612438,1,1,0.5272573925871261,0.4727426074128739,0.5272573925871261,0.1,scale,0.25039025636601747,1020,1520,1620,1650
2025-09-03,4450.38916015625,-0.03407455260068215,0,1,0.5331302365451396,0.4668697634548604,0.5331302365451396,0.1,scale,0.25039025636601747,1020,1520,1620,1650
2025-09-04,4298.744140625,0.00191791570666755,1,1,0.5263033865175502,0.47369661348244985,0.5263033865175502,0.1,scale,0.25039025636601747,1020,1520,1620,1650
2025-09-05,4306.98876953125,-0.007603126867408605,0,1,0.5273541427845784,0.4726458572154216,0.5273541427845784,0.1,scale,0.25039025636601747,1020,1520,1620,1650
2025-09-06,4274.2421875,0.007277423081211376,1,0,0.4987780604394968,0.5012219395605032,0.5012219395605032,1.0,scale,0.2504474032100943,1050,1550,1650,1680
2025-09-07,4305.34765625,0.0006328430576436617,1,1,0.5235961775916941,0.4764038224083059,0.5235961775916941,1.0,scale,0.2504474032100943,1050,1550,1650,1680
2025-09-08,4308.072265625,0.00022498189944109015,1,1,0.5378243351921407,0.4621756648078593,0.5378243351921407,1.0,scale,0.2504474032100943,1050,1550,1650,1680
2025-09-09,4309.04150390625,0.009307056372314992,1,1,0.5229932585167949,0.4770067414832051,0.5229932585167949,1.0,scale,0.2504474032100943,1050,1550,1650,1680
2025-09-10,4349.14599609375,0.025772278613875654,1,1,0.5368798391490991,0.4631201608509009,0.5368798391490991,1.0,scale,0.2504474032100943,1050,1550,1650,1680
2025-09-11,4461.2333984375,0.05693777317310178,1,1,0.518661806085123,0.481338193914877,0.518661806085123,1.0,scale,0.2504474032100943,1050,1550,1650,1680
2025-09-12,4715.24609375,-0.009981749693273922,0,1,0.5301438250111644,0.4698561749888356,0.5301438250111644,1.0,scale,0.2504474032100943,1050,1550,1650,1680
2025-09-13,4668.1796875,-0.012549223717087221,0,1,0.5251685603288819,0.47483143967111807,0.5251685603288819,1.0,scale,0.2504474032100943,1050,1550,1650,1680
2025-09-14,4609.59765625,-0.0179576071325368,0,1,0.5207908161701964,0.4792091838298036,0.5207908161701964,1.0,scale,0.2504474032100943,1050,1550,1650,1680
2025-09-15,4526.8203125,-0.005137349788500112,0,1,0.534462440484583,0.465537559515417,0.534462440484583,1.0,scale,0.2504474032100943,1050,1550,1650,1680
2025-09-16,4503.564453125,0.019799637873646025,1,1,0.5183678902276264,0.4816321097723736,0.5183678902276264,1.0,scale,0.2504474032100943,1050,1550,1650,1680
2025-09-17,4592.7333984375,-0.0006128056825500661,0,1,0.5274839327234139,0.4725160672765861,0.5274839327234139,1.0,scale,0.2504474032100943,1050,1550,1650,1680
2025-09-18,4589.9189453125,-0.025926809284188335,0,1,0.5234916699311875,0.47650833006881255,0.5234916699311875,1.0,scale,0.2504474032100943,1050,1550,1650,1680
2025-09-19,4470.9169921875,0.002538323308692858,1,1,0.5365825960903694,0.4634174039096306,0.5365825960903694,1.0,scale,0.2504474032100943,1050,1550,1650,1680
2025-09-20,4482.265625,-0.006901983511407805,0,1,0.516397292715728,0.483602707284272,0.516397292715728,1.0,scale,0.2504474032100943,1050,1550,1650,1680
2025-09-21,4451.3291015625,-0.055815163176552995,0,1,0.5356611328657007,0.4643388671342993,0.5356611328657007,1.0,scale,0.2504474032100943,1050,1550,1650,1680
2025-09-22,4202.87744140625,-0.008892368544476281,0,0,0.49718124120842866,0.5028187587915713,0.5028187587915713,1.0,scale,0.2504474032100943,1050,1550,1650,1680
2025-09-23,4165.50390625,-0.0028891265593804505,0,1,0.5166913006892885,0.4833086993107115,0.5166913006892885,1.0,scale,0.2504474032100943,1050,1550,1650,1680
2025-09-24,4153.46923828125,-0.0686499014554498,0,1,0.5394557850064517,0.46054421499354825,0.5394557850064517,1.0,scale,0.2504474032100943,1050,1550,1650,1680
2025-09-25,3868.333984375,0.043314242191835106,1,1,0.5469446259122919,0.45305537408770813,0.5469446259122919,1.0,scale,0.2504474032100943,1050,1550,1650,1680
2025-09-26,4035.887939453125,-0.004269131498844225,0,1,0.518871866855001,0.481128133144999,0.518871866855001,1.0,scale,0.2504474032100943,1050,1550,1650,1680
2025-09-27,4018.658203125,0.03056203169493088,1,1,0.5072024522166876,0.4927975477833124,0.5072024522166876,1.0,scale,0.2504474032100943,1050,1550,1650,1680
2025-09-28,4141.4765625,0.018318402441761972,1,1,0.5324475021337297,0.4675524978662703,0.5324475021337297,1.0,scale,0.2504474032100943,1050,1550,1650,1680
2025-09-29,4217.341796875,-0.016926367551390986,0,1,0.5333604394171803,0.46663956058281975,0.5333604394171803,1.0,scale,0.2504474032100943,1050,1550,1650,1680
2025-09-30,4145.95751953125,0.04948308905476795,1,1,0.5213551942973056,0.4786448057026944,0.5213551942973056,1.0,scale,0.2504474032100943,1050,1550,1650,1680
2025-10-01,4351.1123046875,0.03144288491246505,1,1,0.519355055338454,0.48064494466154595,0.519355055338454,1.0,scale,0.2504474032100943,1050,1550,1650,1680
2025-10-02,4487.923828125,0.006004285806920251,1,1,0.5198142789090007,0.48018572109099933,0.5198142789090007,1.0,scale,0.2504474032100943,1050,1550,1650,1680
2025-10-03,4514.87060546875,-0.005686395488865736,0,1,0.5248587293401223,0.47514127065987766,0.5248587293401223,1.0,scale,0.2504474032100943,1050,1550,1650,1680
2025-10-04,4489.197265625,0.005841932173111797,1,0,0.49415950383768253,0.5058404961623175,0.5058404961623175,1.0,scale,0.2504474032100943,1050,1550,1650,1680
2025-10-05,4515.4228515625,0.0381688799649984,1,1,0.5202678651218061,0.4797321348781939,0.5202678651218061,1.0,scale,0.2504474032100943,1050,1550,1650,1680
2025-10-06,4687.771484375,-0.05047593076900958,0,1,0.5234538209122213,0.47654617908777874,0.5234538209122213,1.0,0.01,0.24942808622103135,1080,1580,1680,1710
2025-10-07,4451.15185546875,0.017185685016793073,1,1,0.5271417432132262,0.47285825678677385,0.5271417432132262,1.0,0.01,0.24942808622103135,1080,1580,1680,1710
2025-10-08,4527.64794921875,-0.03500810935589638,0,1,0.5229852812410278,0.47701471875897217,0.5229852812410278,1.0,0.01,0.24942808622103135,1080,1580,1680,1710
2025-10-09,4369.1435546875,-0.12042057191289324,0,1,0.527776342913085,0.47222365708691505,0.527776342913085,1.0,0.01,0.24942808622103135,1080,1580,1680,1710
2025-10-10,3843.0087890625,-0.02404293663335999,0,1,0.5300482977976626,0.4699517022023374,0.5300482977976626,1.0,0.01,0.24942808622103135,1080,1580,1680,1710
2025-10-11,3750.611572265625,0.11033298280456205,1,1,0.5254109423919737,0.4745890576080263,0.5254109423919737,1.0,0.01,0.24942808622103135,1080,1580,1680,1710
2025-10-12,4164.427734375,0.01946006611990403,1,1,0.5165631736965836,0.48343682630341644,0.5165631736965836,1.0,0.01,0.24942808622103135,1080,1580,1680,1710
2025-10-13,4245.4677734375,-0.028278547964407763,0,1,0.5198603266098218,0.48013967339017816,0.5198603266098218,1.0,0.01,0.24942808622103135,1080,1580,1680,1710
2025-10-14,4125.412109375,-0.03343972264134598,0,1,0.5236560193274172,0.47634398067258277,0.5236560193274172,1.0,0.01,0.24942808622103135,1080,1580,1680,1710
2025-10-15,3987.45947265625,-0.023249158708877005,0,1,0.5221037371171696,0.4778962628828304,0.5221037371171696,1.0,0.01,0.24942808622103135,1080,1580,1680,1710
2025-10-16,3894.75439453125,-0.015969057439913503,0,1,0.5225373068735413,0.4774626931264587,0.5225373068735413,1.0,0.01,0.24942808622103135,1080,1580,1680,1710
2025-10-17,3832.558837890625,0.015078008181977465,1,1,0.523841387331683,0.47615861266831705,0.523841387331683,1.0,0.01,0.24942808622103135,1080,1580,1680,1710
2025-10-18,3890.34619140625,0.024240379173758653,1,1,0.5195995570401184,0.4804004429598816,0.5195995570401184,1.0,0.01,0.24942808622103135,1080,1580,1680,1710
2025-10-19,3984.649658203125,-0.0009760969295927735,0,1,0.5251568318780169,0.47484316812198313,0.5251568318780169,1.0,0.01,0.24942808622103135,1080,1580,1680,1710
2025-10-20,3980.76025390625,-0.02612468149719649,0,1,0.5257129491290582,0.4742870508709418,0.5257129491290582,1.0,0.01,0.24942808622103135,1080,1580,1680,1710
2025-10-21,3876.76416015625,-0.017705963754152787,0,1,0.5269771424641884,0.47302285753581164,0.5269771424641884,1.0,0.01,0.24942808622103135,1080,1580,1680,1710
2025-10-22,3808.122314453125,0.01257944172448533,1,1,0.52568232962021,0.47431767037979,0.52568232962021,1.0,0.01,0.24942808622103135,1080,1580,1680,1710
2025-10-23,3856.0263671875,0.0203683813713873,1,1,0.5237924422971658,0.4762075577028342,0.5237924422971658,1.0,0.01,0.24942808622103135,1080,1580,1680,1710
2025-10-24,3934.5673828125,0.004804483597282472,1,1,0.5249245168826037,0.47507548311739634,0.5249245168826037,1.0,0.01,0.24942808622103135,1080,1580,1680,1710
2025-10-25,3953.470947265625,0.051731330083082616,1,1,0.5239541355563482,0.4760458644436518,0.5239541355563482,1.0,0.01,0.24942808622103135,1080,1580,1680,1710
2025-10-26,4157.9892578125,-0.009107091228975794,0,1,0.5251850639169436,0.47481493608305636,0.5251850639169436,1.0,0.01,0.24942808622103135,1080,1580,1680,1710
2025-10-27,4120.1220703125,-0.03346008122768285,0,1,0.5261366156636101,0.47386338433638986,0.5261366156636101,1.0,0.01,0.24942808622103135,1080,1580,1680,1710
2025-10-28,3982.262451171875,-0.01981522433432381,0,1,0.526034766738094,0.473965233261906,0.526034766738094,1.0,0.01,0.24942808622103135,1080,1580,1680,1710
2025-10-29,3903.35302734375,-0.025357117972616416,0,1,0.5253063866866455,0.47469361331335447,0.5253063866866455,1.0,0.01,0.24942808622103135,1080,1580,1680,1710
2025-10-30,3804.375244140625,0.01122525392067275,1,1,0.5268960069282385,0.47310399307176154,0.5268960069282385,1.0,0.01,0.24942808622103135,1080,1580,1680,1710
2025-10-31,3847.080322265625,0.007046295825625215,1,1,0.5252776615548255,0.47472233844517453,0.5252776615548255,1.0,0.01,0.24942808622103135,1080,1580,1680,1710
2025-11-01,3874.18798828125,0.009518186585722344,1,1,0.5232475374944556,0.47675246250554437,0.5232475374944556,1.0,0.01,0.24942808622103135,1080,1580,1680,1710
2025-11-02,3911.063232421875,-0.0789440386423853,0,1,0.5267999950305744,0.4732000049694256,0.5267999950305744,1.0,0.01,0.24942808622103135,1080,1580,1680,1710
2025-11-03,3602.30810546875,-0.08598199640611282,0,1,0.5294920690559661,0.47050793094403387,0.5294920690559661,1.0,0.01,0.24942808622103135,1080,1580,1680,1710
2025-11-04,3292.574462890625,0.040271429297028094,1,1,0.530325263513104,0.46967473648689595,0.530325263513104,1.0,0.01,0.24942808622103135,1080,1580,1680,1710
2025-11-05,3425.171142578125,-0.03296574838976807,0,0,0.4892034018789294,0.5107965981210706,0.5107965981210706,10.0,scale,0.2506058028628361,1110,1610,1710,1740
2025-11-06,3312.2578125,0.037147836870148554,1,1,0.5152260755592072,0.4847739244407928,0.5152260755592072,10.0,scale,0.2506058028628361,1110,1610,1710,1740
2025-11-07,3435.301025390625,-0.01016651774327515,0,1,0.523861656679974,0.476138343320026,0.523861656679974,10.0,scale,0.2506058028628361,1110,1610,1710,1740
2025-11-08,3400.3759765625,0.053595650182295396,1,1,0.5060428778859544,0.49395712211404563,0.5060428778859544,10.0,scale,0.2506058028628361,1110,1610,1710,1740
2025-11-09,3582.621337890625,-0.003952797579624412,0,1,0.5072922827705809,0.4927077172294191,0.5072922827705809,10.0,scale,0.2506058028628361,1110,1610,1710,1740
2025-11-10,3568.4599609375,-0.04292544572498369,0,1,0.5101862882068863,0.4898137117931137,0.5101862882068863,10.0,scale,0.2506058028628361,1110,1610,1710,1740
2025-11-11,3415.2822265625,-0.0006406464052173266,0,1,0.5172303385125491,0.48276966148745093,0.5172303385125491,10.0,scale,0.2506058028628361,1110,1610,1710,1740
2025-11-12,3413.09423828125,-0.05283685290035778,0,1,0.5176815440682961,0.48231845593170386,0.5176815440682961,10.0,scale,0.2506058028628361,1110,1610,1710,1740
2025-11-13,3232.757080078125,-0.039895183075048135,0,1,0.5057570678178838,0.49424293218211623,0.5057570678178838,10.0,scale,0.2506058028628361,1110,1610,1710,1740
2025-11-14,3103.78564453125,0.02024808099609965,1,1,0.5264016622204389,0.47359833777956106,0.5264016622204389,10.0,scale,0.2506058028628361,1110,1610,1710,1740
2025-11-15,3166.63134765625,-0.023300450051277788,0,1,0.5092858596312415,0.4907141403687585,0.5092858596312415,10.0,scale,0.2506058028628361,1110,1610,1710,1740
2025-11-16,3092.847412109375,-0.02208598894421776,0,1,0.562807140010659,0.437192859989341,0.562807140010659,10.0,scale,0.2506058028628361,1110,1610,1710,1740
2025-11-17,3024.538818359375,0.03254717213392322,1,1,0.5645335122576891,0.4354664877423109,0.5645335122576891,10.0,scale,0.2506058028628361,1110,1610,1710,1740
2025-11-18,3122.97900390625,-0.031991314382848524,0,1,0.5377295984642312,0.4622704015357688,0.5377295984642312,10.0,scale,0.2506058028628361,1110,1610,1710,1740
2025-11-19,3023.07080078125,-0.0632777812683677,0,1,0.538972866425651,0.461027133574349,0.538972866425651,10.0,scale,0.2506058028628361,1110,1610,1710,1740
2025-11-20,2831.777587890625,-0.023334590055091975,0,1,0.5297565569247884,0.4702434430752116,0.5297565569247884,10.0,scale,0.2506058028628361,1110,1610,1710,1740
2025-11-21,2765.69921875,0.0006899532357182991,1,1,0.5394004755043355,0.46059952449566455,0.5394004755043355,10.0,scale,0.2506058028628361,1110,1610,1710,1740
2025-11-22,2767.607421875,0.012309767363083646,1,1,0.5285852211020452,0.4714147788979548,0.5285852211020452,10.0,scale,0.2506058028628361,1110,1610,1710,1740
2025-11-23,2801.676025390625,0.05390964270915899,1,1,0.5697168935577697,0.43028310644223033,0.5697168935577697,10.0,scale,0.2506058028628361,1110,1610,1710,1740
2025-11-24,2952.71337890625,0.0017688477411781367,1,1,0.5334002921143375,0.4665997078856625,0.5334002921143375,10.0,scale,0.2506058028628361,1110,1610,1710,1740
2025-11-25,2957.936279296875,0.023623136478952533,1,1,0.538914719353557,0.46108528064644305,0.538914719353557,10.0,scale,0.2506058028628361,1110,1610,1710,1740
2025-11-26,3027.81201171875,-0.0043826285579375845,0,1,0.531939345015803,0.468060654984197,0.531939345015803,10.0,scale,0.2506058028628361,1110,1610,1710,1740
2025-11-27,3014.542236328125,0.0058921738820569836,1,1,0.5200817715700903,0.4799182284299097,0.5200817715700903,10.0,scale,0.2506058028628361,1110,1610,1710,1740
2025-11-28,3032.304443359375,-0.013395469150188521,0,1,0.522397523714408,0.47760247628559205,0.522397523714408,10.0,scale,0.2506058028628361,1110,1610,1710,1740
2025-11-29,2991.685302734375,0.0001428111751458072,1,1,0.5048298131347272,0.4951701868652728,0.5048298131347272,10.0,scale,0.2506058028628361,1110,1610,1710,1740
2025-11-30,2992.112548828125,-0.06414317003534598,0,1,0.5151324245908983,0.48486757540910175,0.5151324245908983,10.0,scale,0.2506058028628361,1110,1610,1710,1740
2025-12-01,2800.18896484375,0.07062049558248629,1,0,0.46178011804277475,0.5382198819572253,0.5382198819572253,10.0,scale,0.2506058028628361,1110,1610,1710,1740
2025-12-02,2997.939697265625,0.06458838390069488,1,1,0.5031145857424112,0.4968854142575888,0.5031145857424112,10.0,scale,0.2506058028628361,1110,1610,1710,1740
2025-12-03,3191.57177734375,-0.01793955301277983,0,1,0.5122387458773711,0.48776125412262894,0.5122387458773711,10.0,scale,0.2506058028628361,1110,1610,1710,1740
2025-12-04,3134.31640625,-0.03505821706537382,0,1,0.5087650137393646,0.49123498626063544,0.5087650137393646,10.0,scale,0.2506058028628361,1110,1610,1710,1740
2025-12-05,3024.432861328125,0.005215821632364781,1,1,0.5045110697359535,0.4954889302640465,0.5045110697359535,0.1,scale,0.2515391694205863,1140,1640,1740,1770
2025-12-06,3040.207763671875,0.0069383396729270075,1,1,0.5097526251555826,0.4902473748444174,0.5097526251555826,0.1,scale,0.2515391694205863,1140,1640,1740,1770
2025-12-07,3061.3017578125,0.02087224497595197,1,1,0.5052459080233076,0.4947540919766924,0.5052459080233076,0.1,scale,0.2515391694205863,1140,1640,1740,1770
2025-12-08,3125.197998046875,0.0626894655346446,1,1,0.5047804880638035,0.4952195119361965,0.5047804880638035,0.1,scale,0.2515391694205863,1140,1640,1740,1770
2025-12-09,3321.114990234375,0.0012872624094455443,1,1,0.505248867245715,0.49475113275428495,0.505248867245715,0.1,scale,0.2515391694205863,1140,1640,1740,1770
2025-12-10,3325.39013671875,-0.026563274780229462,0,1,0.5037270896683846,0.49627291033161536,0.5037270896683846,0.1,scale,0.2515391694205863,1140,1640,1740,1770
2025-12-11,3237.056884765625,-0.0472294070775402,0,1,0.5038275181357088,0.4961724818642912,0.5038275181357088,0.1,scale,0.2515391694205863,1140,1640,1740,1770
2025-12-12,3084.172607421875,0.01054503402301843,1,1,0.5046478354108378,0.4953521645891622,0.5046478354108378,0.1,scale,0.2515391694205863,1140,1640,1740,1770
2025-12-13,3116.6953125,-0.018000022559953033,0,1,0.509369710752056,0.49063028924794405,0.509369710752056,0.1,scale,0.2515391694205863,1140,1640,1740,1770
2025-12-14,3060.5947265625,-0.03150094334836495,0,1,0.502612710138273,0.497387289861727,0.502612710138273,0.1,scale,0.2515391694205863,1140,1640,1740,1770
2025-12-15,2964.18310546875,-7.412718940891239e-07,0,1,0.5012916327598825,0.49870836724011747,0.5012916327598825,0.1,scale,0.2515391694205863,1140,1640,1740,1770
2025-12-16,2964.180908203125,-0.04479394067431908,0,1,0.5022282105047081,0.4977717894952919,0.5022282105047081,0.1,scale,0.2515391694205863,1140,1640,1740,1770
2025-12-17,2831.403564453125,-0.001530856537254932,0,0,0.4980345049950166,0.5019654950049834,0.5019654950049834,0.1,scale,0.2515391694205863,1140,1640,1740,1770
2025-12-18,2827.069091796875,0.05337740480626607,1,0,0.4992627477181152,0.5007372522818848,0.5007372522818848,0.1,scale,0.2515391694205863,1140,1640,1740,1770
2025-12-19,2977.970703125,-0.00013035171680586544,0,1,0.5057672132608599,0.49423278673914006,0.5057672132608599,0.1,scale,0.2515391694205863,1140,1640,1740,1770
2025-12-20,2977.58251953125,0.008070725107488519,1,1,0.5096581630005257,0.4903418369994743,0.5096581630005257,0.1,scale,0.2515391694205863,1140,1640,1740,1770
2025-12-21,3001.61376953125,0.0014858543703297755,1,1,0.5022617317438992,0.4977382682561008,0.5022617317438992,0.1,scale,0.2515391694205863,1140,1640,1740,1770
2025-12-22,3006.07373046875,-0.014204477620910372,0,1,0.5032216728130765,0.4967783271869235,0.5032216728130765,0.1,scale,0.2515391694205863,1140,1640,1740,1770
2025-12-23,2963.3740234375,-0.006001080904730394,0,1,0.5040794993075243,0.49592050069247573,0.5040794993075243,0.1,scale,0.2515391694205863,1140,1640,1740,1770
2025-12-24,2945.590576171875,-0.014262330504439258,0,1,0.5077420455506327,0.49225795444936726,0.5077420455506327,0.1,scale,0.2515391694205863,1140,1640,1740,1770
2025-12-25,2903.57958984375,0.007634030664264602,1,1,0.5050930053229724,0.4949069946770276,0.5050930053229724,0.1,scale,0.2515391694205863,1140,1640,1740,1770
2025-12-26,2925.74560546875,0.0076058169600530245,1,1,0.5003167291691496,0.4996832708308504,0.5003167291691496,0.1,scale,0.2515391694205863,1140,1640,1740,1770
2025-12-27,2947.998291015625,0.0001932919094582708,1,1,0.508547422167882,0.49145257783211804,0.508547422167882,0.1,scale,0.2515391694205863,1140,1640,1740,1770
2025-12-28,2948.568115234375,-0.004758168917232131,0,1,0.5008814476699904,0.49911855233000957,0.5008814476699904,0.1,scale,0.2515391694205863,1140,1640,1740,1770
2025-12-29,2934.538330078125,0.01256702548089339,1,1,0.5080955980324993,0.49190440196750074,0.5080955980324993,0.1,scale,0.2515391694205863,1140,1640,1740,1770
2025-12-30,2971.416748046875,-0.0014737583994245407,0,1,0.5045198190994573,0.4954801809005427,0.5045198190994573,0.1,scale,0.2515391694205863,1140,1640,1740,1770
2025-12-31,2967.03759765625,0.01124242223269234,1,1,0.5011098524718424,0.49889014752815763,0.5011098524718424,0.1,scale,0.2515391694205863,1140,1640,1740,1770
2026-01-01,3000.394287109375,0.04133734051066695,1,1,0.503032827266373,0.496967172733627,0.503032827266373,0.1,scale,0.2515391694205863,1140,1640,1740,1770
2026-01-02,3124.422607421875,0.00047844777570227315,1,1,0.5073340568914972,0.49266594310850276,0.5073340568914972,0.1,scale,0.2515391694205863,1140,1640,1740,1770
2026-01-03,3125.91748046875,0.004732360608502573,1,1,0.5041524908036416,0.49584750919635845,0.5041524908036416,0.1,scale,0.2515391694205863,1140,1640,1740,1770
2026-01-04,3140.71044921875,0.027197643098951785,1,0,0.4962426508890944,0.5037573491109055,0.5037573491109055,0.1,scale,0.25032861414448143,1170,1670,1770,1800
2026-01-05,3226.13037109375,0.021640912864389295,1,1,0.5041648193558288,0.4958351806441712,0.5041648193558288,0.1,scale,0.25032861414448143,1170,1670,1770,1800
2026-01-06,3295.94677734375,-0.03917016624496916,0,0,0.4958152950595232,0.5041847049404768,0.5041847049404768,0.1,scale,0.25032861414448143,1170,1670,1770,1800
2026-01-07,3166.843994140625,-0.01972355629036915,0,0,0.4983142799386237,0.5016857200613762,0.5016857200613762,0.1,scale,0.25032861414448143,1170,1670,1770,1800
2026-01-08,3104.382568359375,-0.006872686838344633,0,0,0.4973965196874958,0.5026034803125041,0.5026034803125041,0.1,scale,0.25032861414448143,1170,1670,1770,1800
2026-01-09,3083.047119140625,-0.00021119464663144072,0,0,0.498597192881579,0.501402807118421,0.501402807118421,0.1,scale,0.25032861414448143,1170,1670,1770,1800
2026-01-10,3082.39599609375,0.01183795263773435,1,1,0.5055874022185197,0.4944125977814803,0.5055874022185197,0.1,scale,0.25032861414448143,1170,1670,1770,1800
2026-01-11,3118.88525390625,-0.008515881935856728,0,0,0.4975966084705041,0.5024033915294959,0.5024033915294959,0.1,scale,0.25032861414448143,1170,1670,1770,1800
2026-01-12,3092.3251953125,0.07430339604003233,1,1,0.5006615137435125,0.49933848625648747,0.5006615137435125,0.1,scale,0.25032861414448143,1170,1670,1770,1800
2026-01-13,3322.095458984375,0.009821270239958713,1,1,0.5066026520099717,0.4933973479900283,0.5066026520099717,0.1,scale,0.25032861414448143,1170,1670,1770,1800
2026-01-14,3354.72265625,-0.011214440579919382,0,1,0.5003203828240859,0.49967961717591414,0.5003203828240859,0.1,scale,0.25032861414448143,1170,1670,1770,1800
2026-01-15,3317.101318359375,-0.006517479736100618,0,1,0.5006471726246898,0.49935282737531017,0.5006471726246898,0.1,scale,0.25032861414448143,1170,1670,1770,1800
2026-01-16,3295.482177734375,0.004060735078022848,1,1,0.502987889364038,0.49701211063596196,0.502987889364038,0.1,scale,0.25032861414448143,1170,1670,1770,1800
2026-01-17,3308.8642578125,-0.0083734299173297,0,1,0.5069222926752116,0.4930777073247884,0.5069222926752116,0.1,scale,0.25032861414448143,1170,1670,1770,1800
2026-01-18,3281.15771484375,-0.028811971050971552,0,1,0.5010969750110764,0.4989030249889236,0.5010969750110764,0.1,scale,0.25032861414448143,1170,1670,1770,1800
2026-01-19,3186.62109375,-0.07877164352915944,0,1,0.5064848018977651,0.4935151981022349,0.5064848018977651,0.1,scale,0.25032861414448143,1170,1670,1770,1800
2026-01-20,2935.605712890625,0.014748373722715646,1,0,0.4944672593869615,0.5055327406130385,0.5055327406130385,0.1,scale,0.25032861414448143,1170,1670,1770,1800
2026-01-21,2978.901123046875,-0.009825039857546347,0,0,0.4952151096435641,0.5047848903564359,0.5047848903564359,0.1,scale,0.25032861414448143,1170,1670,1770,1800
2026-01-22,2949.63330078125,0.0012283041671792283,1,0,0.4999944963315282,0.5000055036684719,0.5000055036684719,0.1,scale,0.25032861414448143,1170,1670,1770,1800
2026-01-23,2953.25634765625,-0.0015290325215363554,0,0,0.49608394226782776,0.5039160577321722,0.5039160577321722,0.1,scale,0.25032861414448143,1170,1670,1770,1800
2026-01-24,2948.74072265625,-0.04504918926428636,0,1,0.506601174789085,0.49339882521091505,0.506601174789085,0.1,scale,0.25032861414448143,1170,1670,1770,1800
2026-01-25,2815.90234375,0.03926083862438623,1,1,0.50518573851269,0.49481426148731,0.50518573851269,0.1,scale,0.25032861414448143,1170,1670,1770,1800
2026-01-26,2926.45703125,0.032720079340819774,1,0,0.4989777974149709,0.501022202585029,0.501022202585029,0.1,scale,0.25032861414448143,1170,1670,1770,1800
2026-01-27,3022.2109375,-0.005162947242162819,0,1,0.5056147999571906,0.4943852000428094,0.5056147999571906,0.1,scale,0.25032861414448143,1170,1670,1770,1800
2026-01-28,3006.607421875,-0.06265359238084345,0,1,0.5064844281389216,0.4935155718610784,0.5064844281389216,0.1,scale,0.25032861414448143,1170,1670,1770,1800
2026-01-29,2818.232666015625,-0.041109956346790044,0,0,0.4984939632342193,0.5015060367657806,0.5015060367657806,0.1,scale,0.25032861414448143,1170,1670,1770,1800
2026-01-30,2702.375244140625,-0.09520641066538593,0,0,0.49585847068709427,0.5041415293129057,0.5041415293129057,0.1,scale,0.25032861414448143,1170,1670,1770,1800
2026-01-31,2445.091796875,-0.0724418417956253,0,0,0.4974617065699139,0.5025382934300862,0.5025382934300862,0.1,scale,0.25032861414448143,1170,1670,1770,1800
2026-02-01,2267.96484375,0.03368299377022699,1,0,0.4978517094269785,0.5021482905730215,0.5021482905730215,0.1,scale,0.25032861414448143,1170,1670,1770,1800
2026-02-02,2344.356689453125,-0.04982085366444211,0,0,0.49317681925466156,0.5068231807453385,0.5068231807453385,0.1,scale,0.25032861414448143,1170,1670,1770,1800
2026-02-03,2227.558837890625,-0.037733992059035826,0,0,0.47246631413219975,0.5275336858678003,0.5275336858678003,0.1,scale,0.2504895944839128,1200,1700,1800,1830
2026-02-04,2143.504150390625,-0.15013782215594373,0,0,0.4731161733569822,0.5268838266430178,0.5268838266430178,0.1,scale,0.2504895944839128,1200,1700,1800,1830
2026-02-05,1821.68310546875,0.1326816155325108,1,0,0.49179033724353644,0.5082096627564636,0.5082096627564636,0.1,scale,0.2504895944839128,1200,1700,1800,1830
2026-02-06,2063.386962890625,0.013163964881106383,1,1,0.5145055553538249,0.4854944446461751,0.5145055553538249,0.1,scale,0.2504895944839128,1200,1700,1800,1830
2026-02-07,2090.54931640625,-0.0008545012256375717,0,1,0.5153155208719309,0.4846844791280691,0.5153155208719309,0.1,scale,0.2504895944839128,1200,1700,1800,1830
2026-02-08,2088.762939453125,0.007087777756089597,1,1,0.5256347239259747,0.47436527607402534,0.5256347239259747,0.1,scale,0.2504895944839128,1200,1700,1800,1830
2026-02-09,2103.567626953125,-0.03996552777885143,0,1,0.51352774025995,0.48647225974005004,0.51352774025995,0.1,scale,0.2504895944839128,1200,1700,1800,1830
2026-02-10,2019.4974365234373,-0.03905729079240494,0,1,0.5106662404547151,0.4893337595452849,0.5106662404547151,0.1,scale,0.2504895944839128,1200,1700,1800,1830
2026-02-11,1940.621337890625,0.0032563467246882194,1,1,0.5051336490225806,0.4948663509774194,0.5051336490225806,0.1,scale,0.2504895944839128,1200,1700,1800,1830
2026-02-12,1946.940673828125,0.05217758881277712,1,1,0.5088126807273387,0.49118731927266135,0.5088126807273387,0.1,scale,0.2504895944839128,1200,1700,1800,1830
2026-02-13,2048.52734375,0.01829725240883784,1,1,0.5015864557897524,0.49841354421024764,0.5015864557897524,0.1,scale,0.2504895944839128,1200,1700,1800,1830
2026-02-14,2086.009765625,-0.05751017989077156,0,1,0.5056232508074214,0.49437674919257857,0.5056232508074214,0.1,scale,0.2504895944839128,1200,1700,1800,1830
2026-02-15,1966.04296875,0.016212644568821766,1,0,0.49752615575623976,0.5024738442437602,0.5024738442437602,0.1,scale,0.2504895944839128,1200,1700,1800,1830
2026-02-16,1997.917724609375,-0.0028646768590002702,0,1,0.5054901012783994,0.49450989872160056,0.5054901012783994,0.1,scale,0.2504895944839128,1200,1700,1800,1830
2026-02-17,1992.1943359375,-0.019184983188783145,0,1,0.5007738420867509,0.4992261579132491,0.5007738420867509,0.1,scale,0.2504895944839128,1200,1700,1800,1830
2026-02-18,1953.97412109375,-0.002954528018943803,0,1,0.5017105130121454,0.4982894869878546,0.5017105130121454,0.1,scale,0.2504895944839128,1200,1700,1800,1830
2026-02-19,1948.2010498046875,0.010687443713567113,1,0,0.49870321915828486,0.5012967808417151,0.5012967808417151,0.1,scale,0.2504895944839128,1200,1700,1800,1830
2026-02-20,1969.0223388671875,0.0023945100352251725,1,0,0.48744152619529757,0.5125584738047024,0.5125584738047024,0.1,scale,0.2504895944839128,1200,1700,1800,1830
2026-02-21,1973.7371826171875,-0.008071629067117003,0,0,0.4981907771446498,0.5018092228553501,0.5018092228553501,0.1,scale,0.2504895944839128,1200,1700,1800,1830
2026-02-22,1957.805908203125,-0.05225395436661606,0,0,0.491797394352756,0.508202605647244,0.508202605647244,0.1,scale,0.2504895944839128,1200,1700,1800,1830
2026-02-23,1855.5028076171875,-0.001365303886856295,0,0,0.49410172812608044,0.5058982718739196,0.5058982718739196,0.1,scale,0.2504895944839128,1200,1700,1800,1830
2026-02-24,1852.969482421875,0.10882988045871778,1,0,0.48763150767359215,0.5123684923264078,0.5123684923264078,0.1,scale,0.2504895944839128,1200,1700,1800,1830
2026-02-25,2054.6279296875,-0.013547624241957545,0,1,0.5075301850439818,0.49246981495601816,0.5075301850439818,0.1,scale,0.2504895944839128,1200,1700,1800,1830
2026-02-26,2026.7926025390625,-0.04738065532627633,0,1,0.508991260538841,0.49100873946115897,0.508991260538841,0.1,scale,0.2504895944839128,1200,1700,1800,1830
2026-02-27,1930.7618408203125,0.017759153699916874,1,1,0.507880248672521,0.492119751327479,0.507880248672521,0.1,scale,0.2504895944839128,1200,1700,1800,1830
2026-02-28,1965.050537109375,-0.013223011941958851,0,1,0.5088616546317337,0.4911383453682663,0.5088616546317337,0.1,scale,0.2504895944839128,1200,1700,1800,1830
2026-03-01,1939.066650390625,0.045486972038864204,1,1,0.5049933602708913,0.49500663972910874,0.5049933602708913,0.1,scale,0.2504895944839128,1200,1700,1800,1830
2026-03-02,2027.2689208984373,-0.021950713860043103,0,1,0.5108223503390558,0.48917764966094424,0.5108223503390558,0.1,scale,0.2504895944839128,1200,1700,1800,1830
2026-03-03,1982.7689208984373,0.0724927895935461,1,1,0.5103313645351765,0.48966863546482353,0.5103313645351765,0.1,scale,0.2504895944839128,1200,1700,1800,1830
2026-03-04,2126.50537109375,-0.025816959171616194,0,1,0.5063718281967068,0.4936281718032932,0.5063718281967068,0.1,scale,0.2504895944839128,1200,1700,1800,1830
2026-03-05,2071.60546875,-0.04482236094062009,0,0,0.49716287444890195,0.502837125551098,0.502837125551098,1.0,0.01,0.25040455286502555,1230,1730,1830,1860
2026-03-06,1978.751220703125,-0.004697799435284589,0,0,0.49834917456178623,0.5016508254382137,0.5016508254382137,1.0,0.01,0.25040455286502555,1230,1730,1830,1860
2026-03-07,1969.4554443359373,-0.016680097080789213,0,0,0.4957531787187745,0.5042468212812254,0.5042468212812254,1.0,0.01,0.25040455286502555,1230,1730,1830,1860
2026-03-08,1936.604736328125,0.02908879392733521,1,0,0.4970533568432347,0.5029466431567653,0.5029466431567653,1.0,0.01,0.25040455286502555,1230,1730,1830,1860
2026-03-09,1992.938232421875,0.022169403074209004,1,0,0.4952753587935539,0.5047246412064461,0.5047246412064461,1.0,0.01,0.25040455286502555,1230,1730,1830,1860
2026-03-10,2037.1204833984373,0.007094700046877955,1,0,0.4957823805450072,0.5042176194549928,0.5042176194549928,1.0,0.01,0.25040455286502555,1230,1730,1830,1860
2026-03-11,2051.5732421875,0.010510464768130001,1,0,0.4985548512954856,0.5014451487045144,0.5014451487045144,1.0,0.01,0.25040455286502555,1230,1730,1830,1860
2026-03-12,2073.13623046875,0.009370945241431228,1,0,0.498038051564792,0.501961948435208,0.501961948435208,1.0,0.01,0.25040455286502555,1230,1730,1830,1860
2026-03-13,2092.5634765625,0.0021615561057222177,1,0,0.4989220524325495,0.5010779475674505,0.5010779475674505,1.0,0.01,0.25040455286502555,1230,1730,1830,1860
2026-03-14,2097.086669921875,0.03833396568225522,1,0,0.4992766345403474,0.5007233654596526,0.5007233654596526,1.0,0.01,0.25040455286502555,1230,1730,1830,1860
2026-03-15,2177.476318359375,0.07977111189072517,1,0,0.49651768891697184,0.5034823110830282,0.5034823110830282,1.0,0.01,0.25040455286502555,1230,1730,1830,1860
2026-03-16,2351.176025390625,-0.014087655809712052,0,0,0.48941356169464234,0.5105864383053577,0.5105864383053577,1.0,0.01,0.25040455286502555,1230,1730,1830,1860
2026-03-17,2318.053466796875,-0.04934391616753975,0,0,0.49993756091849834,0.5000624390815016,0.5000624390815016,1.0,0.01,0.25040455286502555,1230,1730,1830,1860
2026-03-18,2203.671630859375,-0.03006246566260873,0,0,0.49943327289119405,0.5005667271088059,0.5005667271088059,1.0,0.01,0.25040455286502555,1230,1730,1830,1860
2026-03-19,2137.423828125,0.00424494293930433,1,0,0.49793019354543516,0.5020698064545648,0.5020698064545648,1.0,0.01,0.25040455286502555,1230,1730,1830,1860
2026-03-20,2146.4970703125,-0.03252141820817256,0,0,0.49661872226333653,0.5033812777366635,0.5033812777366635,1.0,0.01,0.25040455286502555,1230,1730,1830,1860
2026-03-21,2076.68994140625,-0.01138427123429453,0,0,0.4994190229649197,0.5005809770350803,0.5005809770350803,1.0,0.01,0.25040455286502555,1230,1730,1830,1860
2026-03-22,2053.04833984375,0.04826854503462008,1,0,0.49812211892174935,0.5018778810782507,0.5018778810782507,1.0,0.01,0.25040455286502555,1230,1730,1830,1860
2026-03-23,2152.14599609375,0.0016533960130185044,1,0,0.49452565119955527,0.5054743488004447,0.5054743488004447,1.0,0.01,0.25040455286502555,1230,1730,1830,1860
2026-03-24,2155.704345703125,0.005713742098458985,1,0,0.49869375605796384,0.5013062439420362,0.5013062439420362,1.0,0.01,0.25040455286502555,1230,1730,1830,1860
2026-03-25,2168.021484375,-0.050019391420208725,0,0,0.498662815923022,0.501337184076978,0.501337184076978,1.0,0.01,0.25040455286502555,1230,1730,1830,1860
2026-03-26,2059.578369140625,-0.03316523299517671,0,1,0.5017082075921103,0.4982917924078897,0.5017082075921103,1.0,0.01,0.25040455286502555,1230,1730,1830,1860
2026-03-27,1991.27197265625,0.0007144214559386963,1,1,0.5012535799450142,0.4987464200549858,0.5012535799450142,1.0,0.01,0.25040455286502555,1230,1730,1830,1860
2026-03-28,1992.694580078125,-0.005086021609450597,0,0,0.4978332725897528,0.5021667274102473,0.5021667274102473,1.0,0.01,0.25040455286502555,1230,1730,1830,1860
2026-03-29,1982.5596923828125,0.020657738756954647,1,0,0.49893406393970524,0.5010659360602947,0.5010659360602947,1.0,0.01,0.25040455286502555,1230,1730,1830,1860
2026-03-30,2023.514892578125,0.040124913175980215,1,0,0.4968753795736221,0.503124620426378,0.503124620426378,1.0,0.01,0.25040455286502555,1230,1730,1830,1860
2026-03-31,2104.708251953125,0.016167945634351977,1,0,0.49454430631267493,0.5054556936873251,0.5054556936873251,1.0,0.01,0.25040455286502555,1230,1730,1830,1860
2026-04-01,2138.737060546875,-0.038286390129433245,0,0,0.49690390626076353,0.5030960937392365,0.5030960937392365,1.0,0.01,0.25040455286502555,1230,1730,1830,1860
2026-04-02,2056.8525390625,-0.001685723740716183,0,1,0.5010192154524434,0.49898078454755657,0.5010192154524434,1.0,0.01,0.25040455286502555,1230,1730,1830,1860
2026-04-03,2053.38525390625,0.005827600335098326,1,0,0.4978824727170275,0.5021175272829725,0.5021175272829725,1.0,0.01,0.25040455286502555,1230,1730,1830,1860
2026-04-04,2065.3515625,0.021131532161972943,1,1,0.5162928134784972,0.4837071865215028,0.5162928134784972,1.0,scale,0.24924798048805408,1260,1760,1860,1890
2026-04-05,2108.99560546875,-0.0005851746946151648,0,1,0.5048201240403022,0.4951798759596978,0.5048201240403022,1.0,scale,0.24924798048805408,1260,1760,1860,1890
2026-04-06,2107.761474609375,0.06359598447469827,1,1,0.5103789522758037,0.48962104772419635,0.5103789522758037,1.0,scale,0.24924798048805408,1260,1760,1860,1890
2026-04-07,2241.806640625,-0.022959692630716844,0,1,0.5096268777910375,0.49037312220896245,0.5096268777910375,1.0,scale,0.24924798048805408,1260,1760,1860,1890
2026-04-08,2190.33544921875,-0.0005439378020498653,0,1,0.5082324435059482,0.4917675564940518,0.5082324435059482,1.0,scale,0.24924798048805408,1260,1760,1860,1890
2026-04-09,2189.14404296875,0.025582893392399164,1,1,0.5057450151272151,0.49425498487278485,0.5057450151272151,1.0,scale,0.24924798048805408,1260,1760,1860,1890
2026-04-10,2245.148681640625,0.017923737259448957,1,1,0.5003011752043586,0.4996988247956414,0.5003011752043586,1.0,scale,0.24924798048805408,1260,1760,1860,1890
2026-04-11,2285.39013671875,-0.04077595476873197,0,0,0.49785662141319525,0.5021433785868048,0.5021433785868048,1.0,scale,0.24924798048805408,1260,1760,1860,1890
2026-04-12,2192.201171875,0.08143124552858283,1,0,0.4945380127545041,0.505461987245496,0.505461987245496,1.0,scale,0.24924798048805408,1260,1760,1860,1890
2026-04-13,2370.71484375,-0.01999660571788242,0,1,0.5233941661371848,0.4766058338628152,0.5233941661371848,1.0,scale,0.24924798048805408,1260,1760,1860,1890
2026-04-14,2323.30859375,0.015550417222206292,1,1,0.5026020513780266,0.4973979486219734,0.5026020513780266,1.0,scale,0.24924798048805408,1260,1760,1860,1890
2026-04-15,2359.43701171875,-0.004573969185826421,0,1,0.5099857641873762,0.4900142358126238,0.5099857641873762,1.0,scale,0.24924798048805408,1260,1760,1860,1890
2026-04-16,2348.64501953125,0.030837677558848364,1,1,0.5010133757865316,0.4989866242134684,0.5010133757865316,1.0,scale,0.24924798048805408,1260,1760,1860,1890
2026-04-17,2421.07177734375,-0.02890091572709097,0,1,0.5059732448732642,0.4940267551267358,0.5059732448732642,1.0,scale,0.24924798048805408,1260,1760,1860,1890
2026-04-18,2351.1005859375,-0.036656702084753356,0,1,0.5040842009207229,0.4959157990792771,0.5040842009207229,1.0,scale,0.24924798048805408,1260,1760,1860,1890
2026-04-19,2264.9169921875,0.022206292914811687,1,0,0.4986094757155983,0.5013905242844017,0.5013905242844017,1.0,scale,0.24924798048805408,1260,1760,1860,1890
2026-04-20,2315.21240234375,0.005510533991485822,1,1,0.5001720923056853,0.49982790769431473,0.5001720923056853,1.0,scale,0.24924798048805408,1260,1760,1860,1890
2026-04-21,2327.970458984375,0.020669366999717997,1,1,0.5055093100627972,0.4944906899372028,0.5055093100627972,1.0,scale,0.24924798048805408,1260,1760,1860,1890
2026-04-22,2376.088134765625,-0.018759497216376042,0,1,0.5024398026722705,0.4975601973277295,0.5024398026722705,1.0,scale,0.24924798048805408,1260,1760,1860,1890
2026-04-23,2331.513916015625,-0.006786890852357175,0,0,0.4984867830724708,0.5015132169275291,0.5015132169275291,1.0,scale,0.24924798048805408,1260,1760,1860,1890
2026-04-24,2315.690185546875,0.0013554991229898228,1,1,0.5050169687660212,0.4949830312339788,0.5050169687660212,1.0,scale,0.24924798048805408,1260,1760,1860,1890
2026-04-25,2318.8291015625,0.021950691540593592,1,1,0.5172558502094232,0.4827441497905768,0.5172558502094232,1.0,scale,0.24924798048805408,1260,1760,1860,1890
2026-04-26,2369.72900390625,-0.028131925191703266,0,1,0.505924634994578,0.49407536500542204,0.505924634994578,1.0,scale,0.24924798048805408,1260,1760,1860,1890
2026-04-27,2303.06396484375,-0.0059244064939814045,0,0,0.4953923720889991,0.5046076279110009,0.5046076279110009,1.0,scale,0.24924798048805408,1260,1760,1860,1890
2026-04-28,2289.419677734375,-0.01572621507544203,0,1,0.5063639016989955,0.4936360983010045,0.5063639016989955,1.0,scale,0.24924798048805408,1260,1760,1860,1890
2026-04-29,2253.415771484375,0.0012582894176169646,1,0,0.4884470420906551,0.511552957909345,0.511552957909345,1.0,scale,0.24924798048805408,1260,1760,1860,1890
2026-04-30,2256.251220703125,0.017215516135995923,1,1,0.5127183731942382,0.4872816268057618,0.5127183731942382,1.0,scale,0.24924798048805408,1260,1760,1860,1890
2026-05-01,2295.09375,0.009210161281538065,1,1,0.5009405495574407,0.4990594504425593,0.5009405495574407,1.0,scale,0.24924798048805408,1260,1760,1860,1890
2026-05-02,2316.23193359375,0.002333017050397679,1,1,0.5189320693160715,0.4810679306839285,0.5189320693160715,1.0,scale,0.24924798048805408,1260,1760,1860,1890
2026-05-03,2321.6357421875,0.01066542438971041,1,0,0.4884410985721809,0.5115589014278191,0.5115589014278191,1.0,scale,0.24924798048805408,1260,1760,1860,1890
2026-05-04,2346.39697265625,0.006301424994813232,1,1,0.5317600652951036,0.46823993470489644,0.5317600652951036,10.0,scale,0.24989328945514308,1290,1790,1890,1920
2026-05-05,2361.1826171875,-0.004396362720448854,0,1,0.5284597442929473,0.4715402557070527,0.5284597442929473,10.0,scale,0.24989328945514308,1290,1790,1890,1920
2026-05-06,2350.802001953125,-0.025393178961011564,0,1,0.5100048559012154,0.48999514409878464,0.5100048559012154,10.0,scale,0.24989328945514308,1290,1790,1890,1920
2026-05-07,2291.107666015625,0.00692438080865676,1,1,0.5128322878898718,0.4871677121101282,0.5128322878898718,10.0,scale,0.24989328945514308,1290,1790,1890,1920
2026-05-08,2306.97216796875,0.008563227258402195,1,1,0.5162825661952163,0.4837174338047837,0.5162825661952163,10.0,scale,0.24989328945514308,1290,1790,1890,1920
2026-05-09,2326.727294921875,0.018187198165845242,1,1,0.5298103239855526,0.4701896760144474,0.5298103239855526,10.0,scale,0.24989328945514308,1290,1790,1890,1920
2026-05-10,2369.0439453125,-0.012529571487047475,0,1,0.5082869584515393,0.49171304154846074,0.5082869584515393,10.0,scale,0.24989328945514308,1290,1790,1890,1920
2026-05-11,2339.36083984375,-0.027664515902802167,0,1,0.5181396178597973,0.48186038214020266,0.5181396178597973,10.0,scale,0.24989328945514308,1290,1790,1890,1920
2026-05-12,2274.6435546875,-0.007503214574742345,0,1,0.5051644014797814,0.49483559852021863,0.5051644014797814,10.0,scale,0.24989328945514308,1290,1790,1890,1920
2026-05-13,2257.576416015625,0.010346670115700896,1,1,0.5088833773713681,0.49111662262863187,0.5088833773713681,10.0,scale,0.24989328945514308,1290,1790,1890,1920
2026-05-14,2280.934814453125,-0.02525541574718848,0,1,0.5048754723079819,0.4951245276920181,0.5048754723079819,10.0,scale,0.24989328945514308,1290,1790,1890,1920
2026-05-15,2223.328857421875,-0.01959984648757984,0,1,0.5058271563494624,0.4941728436505376,0.5058271563494624,10.0,scale,0.24989328945514308,1290,1790,1890,1920
2026-05-16,2179.751953125,-0.023904871092521485,0,1,0.5205036574695842,0.47949634253041584,0.5205036574695842,10.0,scale,0.24989328945514308,1290,1790,1890,1920
2026-05-17,2127.645263671875,0.000409302069402262,1,1,0.5031714700624336,0.49682852993756643,0.5031714700624336,10.0,scale,0.24989328945514308,1290,1790,1890,1920
2026-05-18,2128.51611328125,-0.008716046816836354,0,0,0.4863017204687975,0.5136982795312025,0.5136982795312025,10.0,scale,0.24989328945514308,1290,1790,1890,1920
2026-05-19,2109.9638671875,0.008066266685735402,1,1,0.5136865938370063,0.4863134061629937,0.5136865938370063,10.0,scale,0.24989328945514308,1290,1790,1890,1920
2026-05-20,2126.9833984375,0.0020814671600175583,1,0,0.49520042623622035,0.5047995737637796,0.5047995737637796,10.0,scale,0.24989328945514308,1290,1790,1890,1920
2026-05-21,2131.41064453125,-0.031328398313085315,0,0,0.4912999246318693,0.5087000753681308,0.5087000753681308,10.0,scale,0.24989328945514308,1290,1790,1890,1920
2026-05-22,2064.636962890625,0.024853983556100134,1,0,0.4985978215988818,0.5014021784011182,0.5014021784011182,10.0,scale,0.24989328945514308,1290,1790,1890,1920
2026-05-23,2115.951416015625,-0.0084867352791419,0,0,0.4967269338661186,0.5032730661338813,0.5032730661338813,10.0,scale,0.24989328945514308,1290,1790,1890,1920
2026-05-24,2097.993896484375,0.00637583591933466,1,1,0.5183902935893092,0.4816097064106908,0.5183902935893092,10.0,scale,0.24989328945514308,1290,1790,1890,1920
2026-05-25,2111.370361328125,-0.019187636510046735,0,1,0.5041329510312751,0.4958670489687249,0.5041329510312751,10.0,scale,0.24989328945514308,1290,1790,1890,1920
2026-05-26,2070.858154296875,-0.02349746263809005,0,0,0.49641744545743643,0.5035825545425636,0.5035825545425636,10.0,scale,0.24989328945514308,1290,1790,1890,1920
2026-05-27,2022.1982421875,-0.007242369965002715,0,1,0.5019987317428075,0.4980012682571925,0.5019987317428075,10.0,scale,0.24989328945514308,1290,1790,1890,1920
2026-05-28,2007.552734375,0.002204565376648926,1,0,0.4899323389487833,0.5100676610512167,0.5100676610512167,10.0,scale,0.24989328945514308,1290,1790,1890,1920
2026-05-29,2011.978515625,0.0037176024843394995,1,1,0.5022463246799928,0.49775367532000725,0.5022463246799928,10.0,scale,0.24989328945514308,1290,1790,1890,1920
2026-05-30,2019.458251953125,-0.007485522022616653,0,1,0.5178614366846491,0.4821385633153509,0.5178614366846491,10.0,scale,0.24989328945514308,1290,1790,1890,1920
2026-05-31,2004.341552734375,-0.0005589672711203697,0,0,0.4878960174794915,0.5121039825205085,0.5121039825205085,10.0,scale,0.24989328945514308,1290,1790,1890,1920
2026-06-01,2003.22119140625,-0.0726354550544448,0,0,0.4935907999223193,0.5064092000776808,0.5064092000776808,10.0,scale,0.24989328945514308,1290,1790,1890,1920
2026-06-02,1857.71630859375,-0.024752976854615305,0,1,0.5049661213170881,0.49503387868291193,0.5049661213170881,10.0,scale,0.24989328945514308,1290,1790,1890,1920
2026-06-03,1811.7322998046875,-0.023265983281846703,0,0,0.4565468828550554,0.5434531171449446,0.5434531171449446,1.0,0.1,0.24971169164203097,1320,1820,1920,1950
2026-06-04,1769.58056640625,-0.10664658628443302,0,0,0.4632809908497885,0.5367190091502114,0.5367190091502114,1.0,0.1,0.24971169164203097,1320,1820,1920,1950
2026-06-05,1580.86083984375,-0.00764971801669323,0,0,0.4955409803116849,0.5044590196883151,0.5044590196883151,1.0,0.1,0.24971169164203097,1320,1820,1920,1950
2026-06-06,1568.7677001953125,0.0749814902642485,1,0,0.49284064244031384,0.5071593575596862,0.5071593575596862,1.0,0.1,0.24971169164203097,1320,1820,1920,1950
2026-06-07,1686.396240234375,0.0022250520052251588,1,1,0.5250099037846151,0.4749900962153849,0.5250099037846151,1.0,0.1,0.24971169164203097,1320,1820,1920,1950
2026-06-08,1690.1485595703125,-0.031027979306495035,0,0,0.45602606473363405,0.543973935266366,0.543973935266366,1.0,0.1,0.24971169164203097,1320,1820,1920,1950
2026-06-09,1637.7066650390625,-0.010727787888769158,0,0,0.44439997808041526,0.5556000219195847,0.5556000219195847,1.0,0.1,0.24971169164203097,1320,1820,1920,1950
2026-06-10,1620.1376953125,0.032184267106926345,1,0,0.47180761189995596,0.5281923881000441,0.5281923881000441,1.0,0.1,0.24971169164203097,1320,1820,1920,1950
2026-06-11,1672.2806396484375,-0.0042772916588651455,0,1,0.5033891432578145,0.4966108567421855,0.5033891432578145,1.0,0.1,0.24971169164203097,1320,1820,1920,1950
2026-06-12,1665.1278076171875,0.009060440840140016,1,0,0.46738864700692195,0.532611352993078,0.532611352993078,1.0,0.1,0.24971169164203097,1320,1820,1920,1950
2026-06-13,1680.214599609375,0.026424411293025862,1,0,0.4942858175288413,0.5057141824711586,0.5057141824711586,1.0,0.1,0.24971169164203097,1320,1820,1920,1950
2026-06-14,1724.61328125,0.0407905361482761,1,0,0.4589796679411361,0.5410203320588639,0.5410203320588639,1.0,0.1,0.24971169164203097,1320,1820,1920,1950
2026-06-15,1794.961181640625,-0.002542109728010611,0,1,0.5656387105431705,0.4343612894568295,0.5656387105431705,1.0,0.1,0.24971169164203097,1320,1820,1920,1950
2026-06-16,1790.398193359375,-0.023744826972111888,0,1,0.5253227158356417,0.4746772841643583,0.5253227158356417,1.0,0.1,0.24971169164203097,1320,1820,1920,1950
2026-06-17,1747.885498046875,-0.021941969782405923,0,0,0.4997688252176595,0.5002311747823405,0.5002311747823405,1.0,0.1,0.24971169164203097,1320,1820,1920,1950
2026-06-18,1709.533447265625,0.0008475848259608121,1,0,0.49683335028318293,0.503166649716817,0.503166649716817,1.0,0.1,0.24971169164203097,1320,1820,1920,1950
2026-06-19,1710.982421875,0.01655129203228678,1,1,0.526938765139456,0.47306123486054397,0.526938765139456,1.0,0.1,0.24971169164203097,1320,1820,1920,1950
2026-06-20,1739.3013916015625,-0.019962512168946955,0,0,0.48926997568793723,0.5107300243120627,0.5107300243120627,1.0,0.1,0.24971169164203097,1320,1820,1920,1950
2026-06-21,1704.58056640625,0.012865509723484658,1,0,0.4815184146414887,0.5184815853585113,0.5184815853585113,1.0,0.1,0.24971169164203097,1320,1820,1920,1950
2026-06-22,1726.5108642578125,-0.03537429039344153,0,0,0.46571994339048994,0.5342800566095101,0.5342800566095101,1.0,0.1,0.24971169164203097,1320,1820,1920,1950
2026-06-23,1665.436767578125,-0.027327270363134648,0,1,0.509553512882456,0.490446487117544,0.509553512882456,1.0,0.1,0.24971169164203097,1320,1820,1920,1950
2026-06-24,1619.9249267578125,-0.034019031040829484,0,0,0.4544943469375043,0.5455056530624958,0.5455056530624958,1.0,0.1,0.24971169164203097,1320,1820,1920,1950
2026-06-25,1564.816650390625,0.007540460713794772,1,0,0.4718347111126403,0.5281652888873597,0.5281652888873597,1.0,0.1,0.24971169164203097,1320,1820,1920,1950
2026-06-26,1576.6160888671875,-0.0031890021082193742,0,0,0.44875060249345533,0.5512493975065447,0.5512493975065447,1.0,0.1,0.24971169164203097,1320,1820,1920,1950
2026-06-27,1571.5882568359375,-0.0007807711567662245,0,1,0.5045233028854448,0.4954766971145552,0.5045233028854448,1.0,0.1,0.24971169164203097,1320,1820,1920,1950
2026-06-28,1570.3612060546875,0.025372891496913352,1,0,0.4267675151117691,0.5732324848882309,0.5732324848882309,1.0,0.1,0.24971169164203097,1320,1820,1920,1950
2026-06-29,1610.205810546875,-0.02522779881684256,0,0,0.4730096215975258,0.5269903784024742,0.5269903784024742,1.0,0.1,0.24971169164203097,1320,1820,1920,1950
2026-06-30,1569.5838623046875,0.025087433682497773,1,0,0.4697198291721149,0.530280170827885,0.530280170827885,1.0,0.1,0.24971169164203097,1320,1820,1920,1950
2026-07-01,1608.960693359375,0.05544494691670465,1,0,0.47442336758363135,0.5255766324163686,0.5255766324163686,1.0,0.1,0.24971169164203097,1320,1820,1920,1950
2026-07-02,1698.16943359375,0.03436008328131357,1,1,0.5233433440037699,0.4766566559962301,0.5233433440037699,1.0,0.1,0.24971169164203097,1320,1820,1920,1950
2026-07-03,1756.5186767578125,0.01281755925767869,1,1,0.5093133770101345,0.49068662298986554,0.5093133770101345,1.0,scale,0.24814241529045453,1350,1850,1950,1980
2026-07-04,1779.032958984375,0.0022332483728719765,1,1,0.5133456249051165,0.4866543750948835,0.5133456249051165,1.0,scale,0.24814241529045453,1350,1850,1950,1980
2026-07-05,1783.0059814453125,0.008170330988810814,1,1,0.5052836908134251,0.49471630918657494,0.5052836908134251,1.0,scale,0.24814241529045453,1350,1850,1950,1980
2026-07-06,1797.57373046875,-0.0161674903047212,0,1,0.5135407233573251,0.48645927664267485,0.5135407233573251,1.0,scale,0.24814241529045453,1350,1850,1950,1980
2026-07-07,1768.511474609375,-0.014607687128744051,0,1,0.5349292988490778,0.4650707011509222,0.5349292988490778,1.0,scale,0.24814241529045453,1350,1850,1950,1980
2026-07-08,1742.6776123046875,0.0010369140127690635,1,0,0.4977245579933142,0.5022754420066857,0.5022754420066857,1.0,scale,0.24814241529045453,1350,1850,1950,1980
2026-07-09,1744.484619140625,0.0293545827817554,1,0,0.4867881195776178,0.5132118804223822,0.5132118804223822,1.0,scale,0.24814241529045453,1350,1850,1950,1980
2026-07-10,1795.6932373046875,-0.004228800204808647,0,0,0.46788978589374675,0.5321102141062533,0.5321102141062533,1.0,scale,0.24814241529045453,1350,1850,1950,1980
2026-07-11,1788.099609375,0.009892332882217136,1,0,0.47630934861759316,0.5236906513824069,0.5236906513824069,1.0,scale,0.24814241529045453,1350,1850,1950,1980
2026-07-12,1805.7880859375,-0.017879923877591963,0,0,0.4681031267546923,0.5318968732453078,0.5318968732453078,1.0,scale,0.24814241529045453,1350,1850,1950,1980
2026-07-13,1773.500732421875,0.06539558955703528,1,0,0.4776271179398155,0.5223728820601845,0.5223728820601845,1.0,scale,0.24814241529045453,1350,1850,1950,1980
2026-07-14,1889.4798583984373,0.014535146837066026,1,0,0.48153281992453545,0.5184671800754646,0.5184671800754646,1.0,scale,0.24814241529045453,1350,1850,1950,1980
2026-07-15,1916.9437255859373,-0.028039616131406153,0,0,0.4640979699726621,0.5359020300273378,0.5359020300273378,1.0,scale,0.24814241529045453,1350,1850,1950,1980
2026-07-16,1863.193359375,-0.01191781845055584,0,0,0.47947961039904735,0.5205203896009527,0.5205203896009527,1.0,scale,0.24814241529045453,1350,1850,1950,1980
2026-07-17,1840.9881591796875,0.011083140628755705,1,0,0.49926492254402816,0.5007350774559718,0.5007350774559718,1.0,scale,0.24814241529045453,1350,1850,1950,1980
2026-07-18,1861.39208984375,0.00543488668149128,1,1,0.5433566519696285,0.45664334803037154,0.5433566519696285,1.0,scale,0.24814241529045453,1350,1850,1950,1980
2026-07-19,1871.508544921875,0.017232283709548213,1,0,0.4957979876149321,0.5042020123850679,0.5042020123850679,1.0,scale,0.24814241529045453,1350,1850,1950,1980
2026-07-20,1903.7589111328125,0.012934872050072155,1,1,0.5104119069600979,0.48958809303990214,0.5104119069600979,1.0,scale,0.24814241529045453,1350,1850,1950,1980
2026-07-21,1928.3837890625,0.002647980796742777,1,0,0.4796659493434122,0.5203340506565878,0.5203340506565878,1.0,scale,0.24814241529045453,1350,1850,1950,1980
2026-07-22,1933.4901123046875,-0.029164820765961497,0,0,0.4736633811395246,0.5263366188604754,0.5263366188604754,1.0,scale,0.24814241529045453,1350,1850,1950,1980
2026-07-23,1877.1002197265625,-0.009015747660254259,0,0,0.47492604865349286,0.5250739513465071,0.5250739513465071,1.0,scale,0.24814241529045453,1350,1850,1950,1980
2026-07-24,1860.1767578125,0.007013126167760619,1,0,0.48806497375699237,0.5119350262430076,0.5119350262430076,1.0,scale,0.24814241529045453,1350,1850,1950,1980
2026-07-25,1873.222412109375,0.04280796677162302,1,1,0.5263530275195413,0.47364697248045873,0.5263530275195413,1.0,scale,0.24814241529045453,1350,1850,1950,1980
2026-07-26,1953.4112548828125,-0.03214772584893022,0,1,0.5041707175747274,0.4958292824252726,0.5041707175747274,1.0,scale,0.24814241529045453,1350,1850,1950,1980
2026-07-27,1890.613525390625,0.015516106567279087,1,0,0.49642422876748,0.50357577123252,0.50357577123252,1.0,scale,0.24814241529045453,1350,1850,1950,1980
2026-07-28,1919.948486328125,-0.005952994802081224,0,1,0.5124323563574461,0.4875676436425539,0.5124323563574461,1.0,scale,0.24814241529045453,1350,1850,1950,1980
2026-07-29,1908.51904296875,0.004639137276914562,1,0,0.4985626815725888,0.5014373184274112,0.5014373184274112,1.0,scale,0.24814241529045453,1350,1850,1950,1980
2026-07-30,1917.3729248046875,-0.029742246175126108,0,1,0.5182869472875532,0.4817130527124468,0.5182869472875532,1.0,scale,0.24814241529045453,1350,1850,1950,1980
2026-07-31,1860.345947265625,-0.009099502531306869,0,0,0.47492777517089174,0.5250722248291082,0.5250722248291082,1.0,scale,0.24814241529045453,1350,1850,1950,1980
2026-08-01,1843.417724609375,0.021212906616248084,1,1,0.5341558539998037,0.4658441460001963,0.5341558539998037,1.0,scale,0.24814241529045453,1350,1850,1950,1980
2026-08-02,1882.52197265625,-0.012889890945309235,0,1,0.5013085063619513,0.49869149363804866,0.5013085063619513,1.0,scale,0.2453031183800297,1380,1880,1980,2010
2026-08-03,1858.2564697265625,0.005451020726294331,1,0,0.493919265753034,0.506080734246966,0.506080734246966,1.0,scale,0.2453031183800297,1380,1880,1980,2010
2026-08-04,1868.3858642578125,0.020413415370117205,1,1,0.5105219817248086,0.48947801827519144,0.5105219817248086,1.0,scale,0.2453031183800297,1380,1880,1980,2010
2026-08-05,1906.5260009765625,-0.0023437948693519894,0,1,0.5154051869752319,0.48459481302476815,0.5154051869752319,1.0,scale,0.2453031183800297,1380,1880,1980,2010
2026-08-06,1902.0574951171875,0.005899886757857242,1,1,0.5215675721933862,0.47843242780661377,0.5215675721933862,1.0,scale,0.2453031183800297,1380,1880,1980,2010
2026-08-07,1913.2794189453125,0.0011778415723013858,1,1,0.5056920009311934,0.4943079990688066,0.5056920009311934,1.0,scale,0.2453031183800297,1380,1880,1980,2010
2026-08-08,1915.532958984375,-0.0035761429707763526,0,1,0.5572044188594907,0.4427955811405093,0.5572044188594907,1.0,scale,0.2453031183800297,1380,1880,1980,2010
2026-08-09,1908.6827392578125,-0.01959678890841743,0,1,0.5102251712994693,0.4897748287005307,0.5102251712994693,1.0,scale,0.2453031183800297,1380,1880,1980,2010
2026-08-10,1871.2786865234373,0.0053946259878412395,1,1,0.503022286840916,0.496977713159084,0.503022286840916,1.0,scale,0.2453031183800297,1380,1880,1980,2010
2026-08-11,1881.37353515625,-0.0017213622548145624,0,1,0.5217070819260885,0.4782929180739115,0.5217070819260885,1.0,scale,0.2453031183800297,1380,1880,1980,2010
2026-08-12,1878.135009765625,0.0031181588180491104,1,1,0.5096739017108045,0.4903260982891955,0.5096739017108045,1.0,scale,0.2453031183800297,1380,1880,1980,2010
2026-08-13,1883.9913330078125,-0.0017735265206425543,0,1,0.5193888624427947,0.4806111375572053,0.5193888624427947,1.0,scale,0.2453031183800297,1380,1880,1980,2010
2026-08-14,1880.6500244140625,0.00013734654395913815,1,1,0.5136971972419462,0.4863028027580538,0.5136971972419462,1.0,scale,0.2453031183800297,1380,1880,1980,2010
2026-08-15,1880.9083251953125,-0.0037031746512827812,0,1,0.5278051966645535,0.4721948033354465,0.5278051966645535,1.0,scale,0.2453031183800297,1380,1880,1980,2010
2026-08-16,1873.9429931640625,0.020416392287813778,1,0,0.49858069603942073,0.5014193039605792,0.5014193039605792,1.0,scale,0.2453031183800297,1380,1880,1980,2010
2026-08-17,1912.2021484375,0.002226462454579581,1,1,0.5113986497122529,0.4886013502877471,0.5113986497122529,1.0,scale,0.2453031183800297,1380,1880,1980,2010
2026-08-18,1916.4595947265625,0.17480066577335518,1,1,0.5025817750948904,0.49741822490510956,0.5025817750948904,1.0,scale,0.2453031183800297,1380,1880,1980,2010
2026-08-19,2251.4580078125,0.03327921620234808,1,1,0.5161971394044412,0.48380286059555877,0.5161971394044412,1.0,scale,0.2453031183800297,1380,1880,1980,2010
2026-08-20,2326.384765625,0.081197648577922,1,0,0.4639489803928996,0.5360510196071004,0.5360510196071004,1.0,scale,0.2453031183800297,1380,1880,1980,2010
2026-08-21,2515.28173828125,-0.03619098258166831,0,0,0.49170028944240873,0.5082997105575913,0.5082997105575913,1.0,scale,0.2453031183800297,1380,1880,1980,2010
2026-08-22,2424.251220703125,0.016320378402923774,1,1,0.5014950703431976,0.4985049296568024,0.5014950703431976,1.0,scale,0.2453031183800297,1380,1880,1980,2010
2026-08-23,2463.81591796875,0.007311983305241299,1,1,0.5221442649701888,0.47785573502981116,0.5221442649701888,1.0,scale,0.2453031183800297,1380,1880,1980,2010
2026-08-24,2481.831298828125,-0.015581991821224994,0,1,0.5316803381390184,0.4683196618609816,0.5316803381390184,1.0,scale,0.2453031183800297,1380,1880,1980,2010
2026-08-25,2443.159423828125,0.025827853018747238,1,1,0.5116294914198901,0.4883705085801099,0.5116294914198901,1.0,scale,0.2453031183800297,1380,1880,1980,2010
2026-08-26,2506.260986328125,0.0016555218887852607,1,1,0.5063312484016859,0.49366875159831414,0.5063312484016859,1.0,scale,0.2453031183800297,1380,1880,1980,2010
2026-08-27,2510.41015625,-0.02703712276224779,0,0,0.49777479858832124,0.5022252014116788,0.5022252014116788,1.0,scale,0.2453031183800297,1380,1880,1980,2010
2026-08-28,2442.535888671875,0.006202729996830358,1,0,0.4608679101304949,0.5391320898695051,0.5391320898695051,1.0,scale,0.2453031183800297,1380,1880,1980,2010
2026-08-29,2457.686279296875,-0.0161727552163905,0,0,0.49657333668656783,0.5034266633134321,0.5034266633134321,1.0,scale,0.2453031183800297,1380,1880,1980,2010
2026-08-30,2417.938720703125,0.020216224413934114,1,1,0.5181696750545326,0.4818303249454674,0.5181696750545326,1.0,scale,0.2453031183800297,1380,1880,1980,2010
2026-08-31,2466.8203125,-0.01985481927329269,0,0,0.49448746450905423,0.5055125354909458,0.5055125354909458,1.0,scale,0.2453031183800297,1380,1880,1980,2010
