timestamp,close,future_return_1d,y_true,prediction,prob_positive,prob_negative,confidence,selected_C,selected_gamma,validation_brier,fold_start,train_end,validation_end,test_end
2022-10-22,1314.2991943359375,0.03739470233280473,1,0,0.46836172960047057,0.5316382703995295,0.5316382703995295,0.1,scale,0.24883437682226628,0,500,600,630
2022-10-23,1363.447021484375,-0.013530768733529763,0,0,0.4553425639969667,0.5446574360030333,0.5446574360030333,0.1,scale,0.24883437682226628,0,500,600,630
2022-10-24,1344.99853515625,0.0867412618435559,1,0,0.45918985004150487,0.5408101499584952,0.5408101499584952,0.1,scale,0.24883437682226628,0,500,600,630
2022-10-25,1461.6654052734375,0.07176830260791678,1,0,0.4425142902403419,0.5574857097596582,0.5574857097596582,0.1,scale,0.24883437682226628,0,500,600,630
2022-10-26,1566.566650390625,-0.03331602421634816,0,0,0.43914677467972624,0.5608532253202738,0.5608532253202738,0.1,scale,0.24883437682226628,0,500,600,630
2022-10-27,1514.3748779296875,0.027141910462713303,1,0,0.4443187456690005,0.5556812543309995,0.5556812543309995,0.1,scale,0.24883437682226628,0,500,600,630
2022-10-28,1555.4779052734375,0.04128672020153079,1,0,0.4437936182904985,0.5562063817095015,0.5562063817095015,0.1,scale,0.24883437682226628,0,500,600,630
2022-10-29,1619.698486328125,-0.017852187537918507,0,0,0.43882194008072845,0.5611780599192715,0.5611780599192715,0.1,scale,0.24883437682226628,0,500,600,630
2022-10-30,1590.7833251953125,-0.011358459301194612,0,0,0.4477300514521194,0.5522699485478806,0.5522699485478806,0.1,scale,0.24883437682226628,0,500,600,630
2022-10-31,1572.7144775390625,0.004444616238050703,1,0,0.4391828030800287,0.5608171969199713,0.5608171969199713,0.1,scale,0.24883437682226628,0,500,600,630
2022-11-01,1579.70458984375,-0.03797722576567086,0,0,0.4558164940546449,0.544183505945355,0.544183505945355,0.1,scale,0.24883437682226628,0,500,600,630
2022-11-02,1519.7117919921875,0.007784341818641627,1,0,0.44283554429613975,0.5571644557038602,0.5571644557038602,0.1,scale,0.24883437682226628,0,500,600,630
2022-11-03,1531.541748046875,0.074142044046136,1,0,0.4629942752220271,0.5370057247779729,0.5370057247779729,0.1,scale,0.24883437682226628,0,500,600,630
2022-11-04,1645.0933837890625,-0.010409966011469485,0,0,0.4418542338936151,0.5581457661063849,0.5581457661063849,0.1,scale,0.24883437682226628,0,500,600,630
2022-11-05,1627.968017578125,-0.034234871794410315,0,0,0.4578116412024135,0.5421883587975864,0.5421883587975864,0.1,scale,0.24883437682226628,0,500,600,630
2022-11-06,1572.2347412109375,-0.002317359184151657,0,0,0.4518988339327679,0.5481011660672321,0.5481011660672321,0.1,scale,0.24883437682226628,0,500,600,630
2022-11-07,1568.59130859375,-0.1502977455077471,0,0,0.44630091957047596,0.5536990804295241,0.5536990804295241,0.1,scale,0.24883437682226628,0,500,600,630
2022-11-08,1332.8355712890625,-0.17456449729905577,0,0,0.4464233093632369,0.5535766906367632,0.5535766906367632,0.1,scale,0.24883437682226628,0,500,600,630
2022-11-09,1100.1697998046875,0.18114912792558768,1,0,0.4434275427859147,0.5565724572140853,0.5565724572140853,0.1,scale,0.24883437682226628,0,500,600,630
2022-11-10,1299.464599609375,-0.009421980619647496,0,0,0.4500429170406613,0.5499570829593388,0.5499570829593388,0.1,scale,0.24883437682226628,0,500,600,630
2022-11-11,1287.2210693359375,-0.02482305452438449,0,0,0.4507848186129342,0.5492151813870658,0.5492151813870658,0.1,scale,0.24883437682226628,0,500,600,630
2022-11-12,1255.268310546875,-0.026646969734394843,0,0,0.45207460748530764,0.5479253925146923,0.5479253925146923,0.1,scale,0.24883437682226628,0,500,600,630
2022-11-13,1221.8192138671875,0.016193094653558227,1,0,0.4487555971578548,0.5512444028421453,0.5512444028421453,0.1,scale,0.24883437682226628,0,500,600,630
2022-11-14,1241.604248046875,0.008160376403149927,1,0,0.4503597807818358,0.5496402192181642,0.5496402192181642,0.1,scale,0.24883437682226628,0,500,600,630
2022-11-15,1251.7362060546875,-0.028866838569826303,0,0,0.45242896905891716,0.5475710309410828,0.5475710309410828,0.1,scale,0.24883437682226628,0,500,600,630
2022-11-16,1215.6025390625,-0.012170051342529575,0,0,0.44189285414394613,0.5581071458560538,0.5581071458560538,0.1,scale,0.24883437682226628,0,500,600,630
2022-11-17,1200.80859375,0.009569967502366605,1,0,0.44599516800139594,0.5540048319986041,0.5540048319986041,0.1,scale,0.24883437682226628,0,500,600,630
2022-11-18,1212.30029296875,0.005053586870582327,1,0,0.44706455608137047,0.5529354439186296,0.5529354439186296,0.1,scale,0.24883437682226628,0,500,600,630
2022-11-19,1218.4267578125,-0.062342756772829966,0,0,0.44718093377187296,0.552819066228127,0.552819066228127,0.1,scale,0.24883437682226628,0,500,600,630
2022-11-20,1142.4666748046875,-0.0298596433605115,0,0,0.4406868000846392,0.5593131999153609,0.5593131999153609,0.1,scale,0.24883437682226628,0,500,600,630
2022-11-21,1108.35302734375,0.024198458350936924,1,0,0.4420599268123548,0.5579400731876452,0.5579400731876452,10.0,scale,0.2462114389054742,30,530,630,660
2022-11-22,1135.1734619140625,0.04230729897957275,1,0,0.4445523246097928,0.5554476753902071,0.5554476753902071,10.0,scale,0.2462114389054742,30,530,630,660
2022-11-23,1183.1995849609375,0.01756556510001106,1,0,0.4423872645148456,0.5576127354851543,0.5576127354851543,10.0,scale,0.2462114389054742,30,530,630,660
2022-11-24,1203.983154296875,-0.004200433335394882,0,0,0.44209473513395636,0.5579052648660436,0.5579052648660436,10.0,scale,0.2462114389054742,30,530,630,660
2022-11-25,1198.9259033203125,0.005815243360018485,1,0,0.44310812350551176,0.5568918764944882,0.5568918764944882,10.0,scale,0.2462114389054742,30,530,630,660
2022-11-26,1205.89794921875,-0.008931930020055212,0,0,0.4452691225147731,0.5547308774852269,0.5547308774852269,10.0,scale,0.2462114389054742,30,530,630,660
2022-11-27,1195.126953125,-0.02095239457105269,0,0,0.44611781845119325,0.5538821815488068,0.5538821815488068,10.0,scale,0.2462114389054742,30,530,630,660
2022-11-28,1170.086181640625,0.040009927654150346,1,0,0.4423631830464703,0.5576368169535297,0.5576368169535297,10.0,scale,0.2462114389054742,30,530,630,660
2022-11-29,1216.9012451171875,0.06474424595402373,1,0,0.4446012476035255,0.5553987523964745,0.5553987523964745,10.0,scale,0.2462114389054742,30,530,630,660
2022-11-30,1295.6885986328125,-0.014984057799110495,0,0,0.44191900414248897,0.558080995857511,0.558080995857511,10.0,scale,0.2462114389054742,30,530,630,660
2022-12-01,1276.27392578125,0.014126606037395906,1,0,0.4433556650841968,0.5566443349158032,0.5566443349158032,10.0,scale,0.2462114389054742,30,530,630,660
2022-12-02,1294.3033447265625,-0.03937910387625765,0,0,0.4439783599959324,0.5560216400040676,0.5560216400040676,10.0,scale,0.2462114389054742,30,530,630,660
2022-12-03,1243.3348388671875,0.029695743878074943,1,0,0.4463193818031556,0.5536806181968443,0.5536806181968443,10.0,scale,0.2462114389054742,30,530,630,660
2022-12-04,1280.256591796875,-0.016074772913678648,0,0,0.4437136846156894,0.5562863153843106,0.5562863153843106,10.0,scale,0.2462114389054742,30,530,630,660
2022-12-05,1259.6767578125,0.009508035062938625,1,0,0.44158290732185757,0.5584170926781424,0.5584170926781424,10.0,scale,0.2462114389054742,30,530,630,660
2022-12-06,1271.65380859375,-0.030838824473082838,0,0,0.44281868663826063,0.5571813133617394,0.5571813133617394,10.0,scale,0.2462114389054742,30,530,630,660
2022-12-07,1232.4375,0.0394980134958669,1,0,0.4445535603465514,0.5554464396534486,0.5554464396534486,10.0,scale,0.2462114389054742,30,530,630,660
2022-12-08,1281.1163330078125,-0.013138184671514397,0,0,0.444291246328847,0.555708753671153,0.555708753671153,10.0,scale,0.2462114389054742,30,530,630,660
2022-12-09,1264.2847900390625,0.0016605160885547754,1,0,0.44617669942992033,0.5538233005700797,0.5538233005700797,10.0,scale,0.2462114389054742,30,530,630,660
2022-12-10,1266.3841552734375,-0.0019864627881867047,0,0,0.44652619199895294,0.5534738080010471,0.5534738080010471,10.0,scale,0.2462114389054742,30,530,630,660
2022-12-11,1263.8685302734375,0.00850601785212901,1,0,0.44819499571725685,0.5518050042827432,0.5518050042827432,10.0,scale,0.2462114389054742,30,530,630,660
2022-12-12,1274.6190185546875,0.03603443469196854,1,0,0.44625610061659915,0.5537438993834009,0.5537438993834009,10.0,scale,0.2462114389054742,30,530,630,660
2022-12-13,1320.5491943359375,-0.008496812562910572,0,0,0.44633222856886734,0.5536677714311327,0.5536677714311327,10.0,scale,0.2462114389054742,30,530,630,660
2022-12-14,1309.3287353515625,-0.03282205022719986,0,0,0.44901638349266276,0.5509836165073372,0.5509836165073372,10.0,scale,0.2462114389054742,30,530,630,660
2022-12-15,1266.3538818359375,-0.07746214058242495,0,0,0.44784533713177577,0.5521546628682242,0.5521546628682242,10.0,scale,0.2462114389054742,30,530,630,660
2022-12-16,1168.2593994140625,0.017025445486444024,1,0,0.44767019862360413,0.5523298013763959,0.5523298013763959,10.0,scale,0.2462114389054742,30,530,630,660
2022-12-17,1188.1495361328125,-0.0028904831146532306,0,0,0.4469880569098344,0.5530119430901657,0.5530119430901657,10.0,scale,0.2462114389054742,30,530,630,660
2022-12-18,1184.7152099609375,-0.014438361671959554,0,0,0.4454549990937755,0.5545450009062245,0.5545450009062245,10.0,scale,0.2462114389054742,30,530,630,660
2022-12-19,1167.60986328125,0.04290281503722926,1,0,0.44186062864077696,0.5581393713592231,0.5581393713592231,10.0,scale,0.2462114389054742,30,530,630,660
2022-12-20,1217.70361328125,-0.0033699807166168716,0,0,0.4453537713055491,0.5546462286944509,0.5546462286944509,10.0,scale,0.2462114389054742,30,530,630,660
2022-12-21,1213.5999755859375,0.003775670247603724,1,0,0.4303994631157092,0.5696005368842908,0.5696005368842908,10.0,scale,0.2470674528732358,60,560,660,690
2022-12-22,1218.18212890625,0.0016231521337866095,1,0,0.42435599271361685,0.5756440072863831,0.5756440072863831,10.0,scale,0.2470674528732358,60,560,660,690
2022-12-23,1220.159423828125,0.0008106610684399662,1,0,0.3980358131542555,0.6019641868457445,0.6019641868457445,10.0,scale,0.2470674528732358,60,560,660,690
2022-12-24,1221.1485595703125,-0.0017905466295349282,0,0,0.41484329307955736,0.5851567069204426,0.5851567069204426,10.0,scale,0.2470674528732358,60,560,660,690
2022-12-25,1218.9620361328125,0.006573075177125132,1,0,0.44070032961898015,0.5592996703810198,0.5592996703810198,10.0,scale,0.2470674528732358,60,560,660,690
2022-12-26,1226.974365234375,-0.011559116196452335,0,0,0.40183538179759143,0.5981646182024085,0.5981646182024085,10.0,scale,0.2470674528732358,60,560,660,690
2022-12-27,1212.7916259765625,-0.018804171717317075,0,0,0.41749356434169466,0.5825064356583054,0.5825064356583054,10.0,scale,0.2470674528732358,60,560,660,690
2022-12-28,1189.986083984375,0.009755788816300015,1,0,0.4314062539873949,0.5685937460126052,0.5685937460126052,10.0,scale,0.2470674528732358,60,560,660,690
2022-12-29,1201.5953369140625,-0.001966176761464933,0,0,0.3967423554831848,0.6032576445168152,0.6032576445168152,10.0,scale,0.2470674528732358,60,560,660,690
2022-12-30,1199.2327880859375,-0.002052602193683639,0,0,0.3777257998692136,0.6222742001307864,0.6222742001307864,10.0,scale,0.2470674528732358,60,560,660,690
2022-12-31,1196.771240234375,0.003504097838116227,1,0,0.39160657473792376,0.6083934252620762,0.6083934252620762,10.0,scale,0.2470674528732358,60,560,660,690
2023-01-01,1200.96484375,0.011400643850810077,1,0,0.3799639269616248,0.6200360730383752,0.6200360730383752,10.0,scale,0.2470674528732358,60,560,660,690
2023-01-02,1214.6566162109375,0.00010059829352737637,1,0,0.38859937115940707,0.6114006288405929,0.6114006288405929,10.0,scale,0.2470674528732358,60,560,660,690
2023-01-03,1214.77880859375,0.03436658792451519,1,0,0.36368047029450135,0.6363195297054987,0.6363195297054987,10.0,scale,0.2470674528732358,60,560,660,690
2023-01-04,1256.526611328125,-0.004845112423745301,0,0,0.40742072289563536,0.5925792771043646,0.5925792771043646,10.0,scale,0.2470674528732358,60,560,660,690
2023-01-05,1250.4385986328125,0.015147028977039678,1,0,0.3902529150243421,0.6097470849756579,0.6097470849756579,10.0,scale,0.2470674528732358,60,560,660,690
2023-01-06,1269.3790283203125,-0.00402452101708739,0,0,0.37880624790136486,0.6211937520986351,0.6211937520986351,10.0,scale,0.2470674528732358,60,560,660,690
2023-01-07,1264.2703857421875,0.018262795354943462,1,0,0.3881548737636427,0.6118451262363573,0.6118451262363573,10.0,scale,0.2470674528732358,60,560,660,690
2023-01-08,1287.3594970703125,0.026550037838815266,1,0,0.3952969656822911,0.6047030343177089,0.6047030343177089,10.0,scale,0.2470674528732358,60,560,660,690
2023-01-09,1321.5389404296875,0.011386058087499595,1,0,0.4260797693160889,0.5739202306839111,0.5739202306839111,10.0,scale,0.2470674528732358,60,560,660,690
2023-01-10,1336.5860595703125,0.03841629150614301,1,0,0.398297807995461,0.601702192004539,0.601702192004539,10.0,scale,0.2470674528732358,60,560,660,690
2023-01-11,1387.9327392578125,0.021619013988194213,1,0,0.4330956317781136,0.5669043682218864,0.5669043682218864,10.0,scale,0.2470674528732358,60,560,660,690
2023-01-12,1417.9384765625,0.02375024880007759,1,0,0.47984274967338053,0.5201572503266194,0.5201572503266194,10.0,scale,0.2470674528732358,60,560,660,690
2023-01-13,1451.6148681640625,0.0682633136301174,1,0,0.4229569316184055,0.5770430683815946,0.5770430683815946,10.0,scale,0.2470674528732358,60,560,660,690
2023-01-14,1550.7069091796875,0.0011430806152468165,1,1,0.5077054731422119,0.4922945268577881,0.5077054731422119,10.0,scale,0.2470674528732358,60,560,660,690
2023-01-15,1552.4794921875,0.015687166258109064,1,0,0.4227437127793496,0.5772562872206504,0.5772562872206504,10.0,scale,0.2470674528732358,60,560,660,690
2023-01-16,1576.83349609375,-0.0056996675806778585,0,0,0.44878166332855374,0.5512183366714463,0.5512183366714463,10.0,scale,0.2470674528732358,60,560,660,690
2023-01-17,1567.8460693359375,-0.033382812478710555,0,0,0.4111043399848352,0.5888956600151648,0.5888956600151648,10.0,scale,0.2470674528732358,60,560,660,690
2023-01-18,1515.5069580078125,0.024446974889233086,1,0,0.45319789739708694,0.5468021026029131,0.5468021026029131,10.0,scale,0.2470674528732358,60,560,660,690
2023-01-19,1552.5565185546875,0.0690458804911851,1,0,0.3838650667985391,0.616134933201461,0.616134933201461,10.0,scale,0.2470674528732358,60,560,660,690
2023-01-20,1659.754150390625,-0.019663144882297257,0,0,0.49230993157278435,0.5076900684272156,0.5076900684272156,10.0,scale,0.25442447106854194,90,590,690,720
2023-01-21,1627.1181640625,0.0007767819470894111,1,1,0.5159081521453898,0.48409184785461024,0.5159081521453898,10.0,scale,0.25442447106854194,90,590,690,720
2023-01-22,1628.382080078125,-8.043655534839544e-05,0,1,0.5183997042719068,0.48160029572809315,0.5183997042719068,10.0,scale,0.25442447106854194,90,590,690,720
2023-01-23,1628.2510986328125,-0.04400233517182761,0,1,0.5000863662397876,0.49991363376021236,0.5000863662397876,10.0,scale,0.25442447106854194,90,590,690,720
2023-01-24,1556.604248046875,0.035401940854640435,1,0,0.4951080645045895,0.5048919354954104,0.5048919354954104,10.0,scale,0.25442447106854194,90,590,690,720
2023-01-25,1611.7110595703125,-0.005339109940311948,0,0,0.48791890818191147,0.5120810918180885,0.5120810918180885,10.0,scale,0.25442447106854194,90,590,690,720
2023-01-26,1603.10595703125,-0.0030874209336673175,0,1,0.5126301076021648,0.48736989239783524,0.5126301076021648,10.0,scale,0.25442447106854194,90,590,690,720
2023-01-27,1598.156494140625,-0.01609444108957936,0,1,0.5165025933722577,0.4834974066277423,0.5165025933722577,10.0,scale,0.25442447106854194,90,590,690,720
2023-01-28,1572.43505859375,0.046883068812149764,1,1,0.5221218240563118,0.4778781759436882,0.5221218240563118,10.0,scale,0.25442447106854194,90,590,690,720
2023-01-29,1646.1556396484375,-0.04788678522483769,0,1,0.5041687509809426,0.4958312490190574,0.5041687509809426,10.0,scale,0.25442447106854194,90,590,690,720
2023-01-30,1567.3265380859375,0.012255813857491304,1,1,0.5047787935932183,0.4952212064067817,0.5047787935932183,10.0,scale,0.25442447106854194,90,590,690,720
2023-01-31,1586.535400390625,0.034828926102213,1,1,0.5222441481254213,0.4777558518745787,0.5222441481254213,10.0,scale,0.25442447106854194,90,590,690,720
2023-02-01,1641.792724609375,0.0008824820072261819,1,1,0.5006971604321119,0.4993028395678881,0.5006971604321119,10.0,scale,0.25442447106854194,90,590,690,720
2023-02-02,1643.2415771484375,0.013086346292204398,1,1,0.512387179293494,0.487612820706506,0.512387179293494,10.0,scale,0.25442447106854194,90,590,690,720
2023-02-03,1664.74560546875,0.0013897610693263118,1,1,0.5304358476295662,0.4695641523704338,0.5304358476295662,10.0,scale,0.25442447106854194,90,590,690,720
2023-02-04,1667.0592041015625,-0.02124299484445158,0,1,0.5292948248839441,0.4707051751160559,0.5292948248839441,10.0,scale,0.25442447106854194,90,590,690,720
2023-02-05,1631.6458740234375,-0.009437589342205732,0,1,0.5159293025828129,0.4840706974171871,0.5159293025828129,10.0,scale,0.25442447106854194,90,590,690,720
2023-02-06,1616.2470703125,0.03449749159686455,1,1,0.5236522300319113,0.4763477699680887,0.5236522300319113,10.0,scale,0.25442447106854194,90,590,690,720
2023-02-07,1672.0035400390625,-0.01273127876485547,0,1,0.5113298858205644,0.4886701141794356,0.5113298858205644,10.0,scale,0.25442447106854194,90,590,690,720
2023-02-08,1650.716796875,-0.0631716867790626,0,1,0.5252040414892222,0.4747959585107778,0.5252040414892222,10.0,scale,0.25442447106854194,90,590,690,720
2023-02-09,1546.438232421875,-0.02041406577709526,0,0,0.4947077723907139,0.5052922276092862,0.5052922276092862,10.0,scale,0.25442447106854194,90,590,690,720
2023-02-10,1514.869140625,0.01654111006391079,1,1,0.5049987294565476,0.49500127054345244,0.5049987294565476,10.0,scale,0.25442447106854194,90,590,690,720
2023-02-11,1539.9267578125,-0.016165097645040705,0,1,0.51589031409295,0.48410968590704995,0.51589031409295,10.0,scale,0.25442447106854194,90,590,690,720
2023-02-12,1515.03369140625,-0.005193150420476522,0,0,0.4936423436228335,0.5063576563771666,0.5063576563771666,10.0,scale,0.25442447106854194,90,590,690,720
2023-02-13,1507.1658935546875,0.03298192238041198,1,0,0.48895266716078684,0.5110473328392131,0.5110473328392131,10.0,scale,0.25442447106854194,90,590,690,720
2023-02-14,1556.8751220703125,0.0750675811775845,1,1,0.5168866314306181,0.4831133685693819,0.5168866314306181,10.0,scale,0.25442447106854194,90,590,690,720
2023-02-15,1673.7459716796875,-0.020121538929091298,0,1,0.5127127670902217,0.48728723290977827,0.5127127670902217,10.0,scale,0.25442447106854194,90,590,690,720
2023-02-16,1640.067626953125,0.03336185492779764,1,1,0.5109737188215584,0.4890262811784416,0.5109737188215584,10.0,scale,0.25442447106854194,90,590,690,720
2023-02-17,1694.7833251953125,-0.0017488177653378623,0,1,0.5123490869202487,0.4876509130797513,0.5123490869202487,10.0,scale,0.25442447106854194,90,590,690,720
2023-02-18,1691.8194580078125,-0.006137357465717308,0,1,0.5221700996124713,0.4778299003875287,0.5221700996124713,10.0,scale,0.25442447106854194,90,590,690,720
2023-02-19,1681.4361572265625,0.0126314719596059,1,0,0.47494197472947125,0.5250580252705288,0.5250580252705288,10.0,scale,0.25340112217248534,120,620,720,750
2023-02-20,1702.6751708984375,-0.026216858452078218,0,0,0.47252044941147103,0.527479550588529,0.527479550588529,10.0,scale,0.25340112217248534,120,620,720,750
2023-02-21,1658.036376953125,-0.008929048666112882,0,0,0.4786922951157353,0.5213077048842647,0.5213077048842647,10.0,scale,0.25340112217248534,120,620,720,750
2023-02-22,1643.231689453125,0.004772402538407272,1,0,0.4891844319378997,0.5108155680621003,0.5108155680621003,10.0,scale,0.25340112217248534,120,620,720,750
2023-02-23,1651.0738525390625,-0.025862370437327087,0,0,0.4998980498943514,0.5001019501056486,0.5001019501056486,10.0,scale,0.25340112217248534,120,620,720,750
2023-02-24,1608.3731689453125,-0.00836761779727413,0,0,0.48575466677287843,0.5142453332271215,0.5142453332271215,10.0,scale,0.25340112217248534,120,620,720,750
2023-02-25,1594.9149169921875,0.028780357616977614,1,1,0.5015322793103912,0.49846772068960876,0.5015322793103912,10.0,scale,0.25340112217248534,120,620,720,750
2023-02-26,1640.817138671875,-0.003955786725572508,0,0,0.49636691465077254,0.5036330853492275,0.5036330853492275,10.0,scale,0.25340112217248534,120,620,720,750
2023-02-27,1634.326416015625,-0.01739632556596371,0,1,0.5042414565395926,0.4957585434604074,0.5042414565395926,10.0,scale,0.25340112217248534,120,620,720,750
2023-02-28,1605.8951416015625,0.035829596047825873,1,1,0.5060964264469494,0.4939035735530506,0.5060964264469494,10.0,scale,0.25340112217248534,120,620,720,750
2023-03-01,1663.4337158203125,-0.009687419299942324,0,1,0.5249411110862061,0.4750588889137939,0.5249411110862061,10.0,scale,0.25340112217248534,120,620,720,750
2023-03-02,1647.3193359375,-0.04744176292568125,0,1,0.5420179561352636,0.4579820438647364,0.5420179561352636,10.0,scale,0.25340112217248534,120,620,720,750
2023-03-03,1569.1676025390625,-0.0014298360099453955,0,0,0.478479486078309,0.521520513921691,0.521520513921691,10.0,scale,0.25340112217248534,120,620,720,750
2023-03-04,1566.9239501953125,-0.001566891740346743,0,1,0.5260318236946774,0.4739681763053226,0.5260318236946774,10.0,scale,0.25340112217248534,120,620,720,750
2023-03-05,1564.46875,0.0018727965263767299,1,0,0.496471764031276,0.503528235968724,0.503528235968724,10.0,scale,0.25340112217248534,120,620,720,750
2023-03-06,1567.398681640625,-0.0034870363462051746,0,0,0.4896574594841883,0.5103425405158117,0.5103425405158117,10.0,scale,0.25340112217248534,120,620,720,750
2023-03-07,1561.93310546875,-0.017827171045494916,0,0,0.48734100736018005,0.51265899263982,0.51265899263982,10.0,scale,0.25340112217248534,120,620,720,750
2023-03-08,1534.0882568359375,-0.0622046937711358,0,0,0.49397764183194276,0.5060223581680572,0.5060223581680572,10.0,scale,0.25340112217248534,120,620,720,750
2023-03-09,1438.6607666015625,-0.0066052302026157195,0,0,0.4532908304006863,0.5467091695993137,0.5467091695993137,10.0,scale,0.25340112217248534,120,620,720,750
2023-03-10,1429.1580810546875,0.0374056718236595,1,0,0.4480462838914511,0.5519537161085488,0.5519537161085488,10.0,scale,0.25340112217248534,120,620,720,750
2023-03-11,1482.61669921875,0.07262583079496476,1,0,0.4715484953944244,0.5284515046055756,0.5284515046055756,10.0,scale,0.25340112217248534,120,620,720,750
2023-03-12,1590.29296875,0.05660340137307651,1,0,0.46792431281303226,0.5320756871869677,0.5320756871869677,10.0,scale,0.25340112217248534,120,620,720,750
2023-03-13,1680.3089599609375,0.013805865867504874,1,0,0.47862168134211874,0.5213783186578813,0.5213783186578813,10.0,scale,0.25340112217248534,120,620,720,750
2023-03-14,1703.507080078125,-0.027781826468116,0,0,0.49302954601391247,0.5069704539860875,0.5069704539860875,10.0,scale,0.25340112217248534,120,620,720,750
2023-03-15,1656.1805419921875,0.012700856927151394,1,1,0.5083960585626432,0.49160394143735675,0.5083960585626432,10.0,scale,0.25340112217248534,120,620,720,750
2023-03-16,1677.2154541015625,0.06872680134113085,1,0,0.4958956824457954,0.5041043175542046,0.5041043175542046,10.0,scale,0.25340112217248534,120,620,720,750
2023-03-17,1792.485107421875,-0.017197040759496796,0,0,0.3956990933339544,0.6043009066660456,0.6043009066660456,10.0,scale,0.25340112217248534,120,620,720,750
2023-03-18,1761.65966796875,0.013576328363562151,1,0,0.48539332381962425,0.5146066761803758,0.5146066761803758,10.0,scale,0.25340112217248534,120,620,720,750
2023-03-19,1785.5765380859375,-0.028145110529571027,0,0,0.4887393244129984,0.5112606755870016,0.5112606755870016,10.0,scale,0.25340112217248534,120,620,720,750
2023-03-20,1735.3212890625,0.04116785380048826,1,0,0.4630363437345119,0.536963656265488,0.536963656265488,10.0,scale,0.25340112217248534,120,620,720,750
2023-03-21,1806.7607421875,-0.03821408090164813,0,0,0.49635487635336245,0.5036451236466375,0.5036451236466375,1.0,0.01,0.2513548205409592,150,650,750,780
2023-03-22,1737.717041015625,0.04528246457522944,1,1,0.5209782716351061,0.4790217283648939,0.5209782716351061,1.0,0.01,0.2513548205409592,150,650,750,780
2023-03-23,1816.4051513671875,-0.035432817130064076,0,0,0.4928008765428741,0.5071991234571259,0.5071991234571259,1.0,0.01,0.2513548205409592,150,650,750,780
2023-03-24,1752.0447998046875,-0.0047259232742210555,0,1,0.5064377395207741,0.4935622604792259,0.5064377395207741,1.0,0.01,0.2513548205409592,150,650,750,780
2023-03-25,1743.7647705078125,0.01830062623377482,1,0,0.4816948043872872,0.5183051956127128,0.5183051956127128,1.0,0.01,0.2513548205409592,150,650,750,780
2023-03-26,1775.6767578125,-0.03391154505901961,0,0,0.4930670468056401,0.5069329531943598,0.5069329531943598,1.0,0.01,0.2513548205409592,150,650,750,780
2023-03-27,1715.4608154296875,0.033416577391890856,1,1,0.5143986367943287,0.48560136320567127,0.5143986367943287,1.0,0.01,0.2513548205409592,150,650,750,780
2023-03-28,1772.78564453125,0.011403627159211949,1,0,0.4870250287180877,0.5129749712819123,0.5129749712819123,1.0,0.01,0.2513548205409592,150,650,750,780
2023-03-29,1793.0018310546875,-0.00014760076254038967,0,0,0.4994553140195297,0.5005446859804703,0.5005446859804703,1.0,0.01,0.2513548205409592,150,650,750,780
2023-03-30,1792.7371826171875,0.016335306922469428,1,1,0.5017507852846554,0.49824921471534456,0.5017507852846554,1.0,0.01,0.2513548205409592,150,650,750,780
2023-03-31,1822.0220947265625,-0.004479363366151845,0,0,0.48130222162525427,0.5186977783747457,0.5186977783747457,1.0,0.01,0.2513548205409592,150,650,750,780
2023-04-01,1813.860595703125,-0.010007641085160612,0,0,0.4639433902461443,0.5360566097538557,0.5360566097538557,1.0,0.01,0.2513548205409592,150,650,750,780
2023-04-02,1795.7081298828125,0.008124365544173617,1,0,0.4943465905361425,0.5056534094638575,0.5056534094638575,1.0,0.01,0.2513548205409592,150,650,750,780
2023-04-03,1810.297119140625,0.03353483092395293,1,1,0.5176616218049399,0.4823383781950601,0.5176616218049399,1.0,0.01,0.2513548205409592,150,650,750,780
2023-04-04,1871.005126953125,0.020368135912491647,1,0,0.48498717468451524,0.5150128253154848,0.5150128253154848,1.0,0.01,0.2513548205409592,150,650,750,780
2023-04-05,1909.114013671875,-0.018957173846517184,0,0,0.4855945373215306,0.5144054626784694,0.5144054626784694,1.0,0.01,0.2513548205409592,150,650,750,780
2023-04-06,1872.922607421875,-0.003890443200676441,0,0,0.473185858922767,0.526814141077233,0.526814141077233,1.0,0.01,0.2513548205409592,150,650,750,780
2023-04-07,1865.6361083984373,-0.008650100295806595,0,0,0.4780120060020597,0.5219879939979404,0.5219879939979404,1.0,0.01,0.2513548205409592,150,650,750,780
2023-04-08,1849.4981689453125,0.005347206395527104,1,0,0.4510037171514267,0.5489962828485733,0.5489962828485733,1.0,0.01,0.2513548205409592,150,650,750,780
2023-04-09,1859.3878173828125,0.02786922752961596,1,0,0.4922172036339845,0.5077827963660155,0.5077827963660155,1.0,0.01,0.2513548205409592,150,650,750,780
2023-04-10,1911.20751953125,-0.009950684094362172,0,0,0.49616002210780447,0.5038399778921956,0.5038399778921956,1.0,0.01,0.2513548205409592,150,650,750,780
2023-04-11,1892.189697265625,0.015057915008098277,1,0,0.48081446572471453,0.5191855342752855,0.5191855342752855,1.0,0.01,0.2513548205409592,150,650,750,780
2023-04-12,1920.68212890625,0.04787492592582243,1,0,0.48657411547555707,0.5134258845244429,0.5134258845244429,1.0,0.01,0.2513548205409592,150,650,750,780
2023-04-13,2012.6346435546875,0.044221068526871576,1,0,0.48282706569896894,0.5171729343010311,0.5171729343010311,1.0,0.01,0.2513548205409592,150,650,750,780
2023-04-14,2101.635498046875,-0.004362650507376609,0,1,0.5038853296350881,0.49611467036491186,0.5038853296350881,1.0,0.01,0.2513548205409592,150,650,750,780
2023-04-15,2092.466796875,0.013161051129283452,1,0,0.4610023168209514,0.5389976831790486,0.5389976831790486,1.0,0.01,0.2513548205409592,150,650,750,780
2023-04-16,2120.005859375,-0.020642838914618267,0,0,0.4833375147222159,0.5166624852777841,0.5166624852777841,1.0,0.01,0.2513548205409592,150,650,750,780
2023-04-17,2076.242919921875,0.013627708647316883,1,0,0.4959063747000653,0.5040936252999346,0.5040936252999346,1.0,0.01,0.2513548205409592,150,650,750,780
2023-04-18,2104.537353515625,-0.07989115082796949,0,0,0.47238129179724503,0.527618708202755,0.527618708202755,1.0,0.01,0.2513548205409592,150,650,750,780
2023-04-19,1936.4034423828125,0.0034570346864029045,1,1,0.5267470450810886,0.4732529549189114,0.5267470450810886,1.0,0.01,0.2513548205409592,150,650,750,780
2023-04-20,1943.09765625,-0.04791204292839435,0,1,0.5210940936289955,0.4789059063710045,0.5210940936289955,1.0,0.1,0.2498797828673579,180,680,780,810
2023-04-21,1849.9998779296875,0.013096627764505042,1,1,0.6345325141817805,0.36546748581821953,0.6345325141817805,1.0,0.1,0.2498797828673579,180,680,780,810
2023-04-22,1874.2286376953125,-0.006491537762182253,0,1,0.5192102363993034,0.4807897636006966,0.5192102363993034,1.0,0.1,0.2498797828673579,180,680,780,810
2023-04-23,1862.06201171875,-0.010367305335802768,0,1,0.5682616323740727,0.4317383676259273,0.5682616323740727,1.0,0.1,0.2498797828673579,180,680,780,810
2023-04-24,1842.7574462890625,0.013021906854120191,1,1,0.614315809655438,0.38568419034456203,0.614315809655438,1.0,0.1,0.2498797828673579,180,680,780,810
2023-04-25,1866.753662109375,-0.00010148801571707722,0,1,0.5089957200774711,0.49100427992252893,0.5089957200774711,1.0,0.1,0.2498797828673579,180,680,780,810
2023-04-26,1866.564208984375,0.022620260136523074,1,1,0.6256388074033278,0.3743611925966722,0.6256388074033278,1.0,0.1,0.2498797828673579,180,680,780,810
2023-04-27,1908.786376953125,-0.00852560546680392,0,0,0.4473807768091618,0.5526192231908382,0.5526192231908382,1.0,0.1,0.2498797828673579,180,680,780,810
2023-04-28,1892.5128173828125,0.008667933265241068,1,0,0.44706907551366204,0.552930924486338,0.552930924486338,1.0,0.1,0.2498797828673579,180,680,780,810
2023-04-29,1908.9169921875,-0.016759595054255505,0,0,0.4417817344568805,0.5582182655431195,0.5582182655431195,1.0,0.1,0.2498797828673579,180,680,780,810
2023-04-30,1876.92431640625,-0.023959134648528724,0,1,0.5441251462372154,0.4558748537627846,0.5441251462372154,1.0,0.1,0.2498797828673579,180,680,780,810
2023-05-01,1831.954833984375,0.02119837887694409,1,1,0.554163016168804,0.44583698383119597,0.554163016168804,1.0,0.1,0.2498797828673579,180,680,780,810
2023-05-02,1870.789306640625,0.018100674783592785,1,0,0.4666911820776667,0.5333088179223333,0.5333088179223333,1.0,0.1,0.2498797828673579,180,680,780,810
2023-05-03,1904.65185546875,-0.014148388236346676,0,0,0.45026051559804464,0.5497394844019554,0.5497394844019554,1.0,0.1,0.2498797828673579,180,680,780,810
2023-05-04,1877.7041015625,0.06250016252602353,1,0,0.4421947994914809,0.5578052005085191,0.5578052005085191,1.0,0.1,0.2498797828673579,180,680,780,810
2023-05-05,1995.0609130859373,-0.04753695022846627,0,1,0.5432541720923899,0.4567458279076101,0.5432541720923899,1.0,0.1,0.2498797828673579,180,680,780,810
2023-05-06,1900.2218017578125,-0.014285377484394957,0,0,0.4681826880500421,0.5318173119499578,0.5318173119499578,1.0,0.1,0.2498797828673579,180,680,780,810
2023-05-07,1873.076416015625,-0.012831132355707098,0,0,0.4440465499500216,0.5559534500499784,0.5559534500499784,1.0,0.1,0.2498797828673579,180,680,780,810
2023-05-08,1849.042724609375,-0.0002377312267921594,0,1,0.5638267007546829,0.4361732992453171,0.5638267007546829,1.0,0.1,0.2498797828673579,180,680,780,810
2023-05-09,1848.6031494140625,-0.0033547817757508813,0,0,0.4510675679748126,0.5489324320251874,0.5489324320251874,1.0,0.1,0.2498797828673579,180,680,780,810
2023-05-10,1842.4014892578125,-0.02491904665707234,0,1,0.6102012675533892,0.3897987324466108,0.6102012675533892,1.0,0.1,0.2498797828673579,180,680,780,810
2023-05-11,1796.4906005859375,0.006417609310578776,1,1,0.5004754993417017,0.49952450065829834,0.5004754993417017,1.0,0.1,0.2498797828673579,180,680,780,810
2023-05-12,1808.019775390625,-0.006584500561665818,0,1,0.5065859145202147,0.49341408547978527,0.5065859145202147,1.0,0.1,0.2498797828673579,180,680,780,810
2023-05-13,1796.1148681640625,0.0024419977119396474,1,0,0.47788303329140747,0.5221169667085925,0.5221169667085925,1.0,0.1,0.2498797828673579,180,680,780,810
2023-05-14,1800.5009765625,0.009469003581360047,1,0,0.4683690753902093,0.5316309246097908,0.5316309246097908,1.0,0.1,0.2498797828673579,180,680,780,810
2023-05-15,1817.5499267578125,0.003615599828306948,1,1,0.5207211931135988,0.47927880688640123,0.5207211931135988,1.0,0.1,0.2498797828673579,180,680,780,810
2023-05-16,1824.1214599609373,-0.0012399617404647012,0,0,0.43763645695635056,0.5623635430436494,0.5623635430436494,1.0,0.1,0.2498797828673579,180,680,780,810
2023-05-17,1821.859619140625,-0.011049755592651422,0,0,0.45843431716320476,0.5415656828367952,0.5415656828367952,1.0,0.1,0.2498797828673579,180,680,780,810
2023-05-18,1801.728515625,0.0060280790473556944,1,0,0.4394628089588833,0.5605371910411168,0.5605371910411168,1.0,0.1,0.2498797828673579,180,680,780,810
2023-05-19,1812.5894775390625,0.004352088491321071,1,0,0.48442118751347535,0.5155788124865246,0.5155788124865246,1.0,0.1,0.2498797828673579,180,680,780,810
2023-05-20,1820.47802734375,-0.00875959777262747,0,0,0.4531947934858868,0.5468052065141131,0.5468052065141131,1.0,0.01,0.24926012964463073,210,710,810,840
2023-05-21,1804.5313720703125,0.0072059805498594365,1,1,0.5120325818393444,0.4879674181606556,0.5120325818393444,1.0,0.01,0.24926012964463073,210,710,810,840
2023-05-22,1817.5347900390625,0.020272418111193735,1,1,0.5211144762536825,0.47888552374631754,0.5211144762536825,1.0,0.01,0.24926012964463073,210,710,810,840
2023-05-23,1854.380615234375,-0.02927157413235626,0,1,0.5305000879150107,0.4694999120849893,0.5305000879150107,1.0,0.01,0.24926012964463073,210,710,810,840
2023-05-24,1800.0999755859375,0.0032519081412238915,1,1,0.5122582253295933,0.4877417746704067,0.5122582253295933,1.0,0.01,0.24926012964463073,210,710,810,840
2023-05-25,1805.9537353515625,0.012589448704585227,1,0,0.4766310088193744,0.5233689911806256,0.5233689911806256,1.0,0.01,0.24926012964463073,210,710,810,840
2023-05-26,1828.689697265625,0.001328048640957924,1,0,0.46440867444536915,0.5355913255546308,0.5355913255546308,1.0,0.01,0.24926012964463073,210,710,810,840
2023-05-27,1831.1182861328125,0.04357768640169235,1,0,0.44209650369408215,0.5579034963059178,0.5579034963059178,1.0,0.01,0.24926012964463073,210,710,810,840
2023-05-28,1910.9141845703125,-0.009333783648857619,0,1,0.571117099249363,0.42888290075063695,0.571117099249363,1.0,0.01,0.24926012964463073,210,710,810,840
2023-05-29,1893.078125,0.004198710144688311,1,0,0.48217285344386396,0.517827146556136,0.517827146556136,1.0,0.01,0.24926012964463073,210,710,810,840
2023-05-30,1901.026611328125,-0.014148207081263298,0,0,0.47145874822979805,0.528541251770202,0.528541251770202,1.0,0.01,0.24926012964463073,210,710,810,840
2023-05-31,1874.1304931640625,-0.006365126223573547,0,1,0.5076115363988927,0.49238846360110733,0.5076115363988927,1.0,0.01,0.24926012964463073,210,710,810,840
2023-06-01,1862.201416015625,0.024194577124557304,1,0,0.48601285819774165,0.5139871418022584,0.5139871418022584,1.0,0.01,0.24926012964463073,210,710,810,840
2023-06-02,1907.256591796875,-0.007782967574883393,0,0,0.4827759941364775,0.5172240058635225,0.5172240058635225,1.0,0.01,0.24926012964463073,210,710,810,840
2023-06-03,1892.4124755859373,-0.0010034418002141665,0,0,0.4443455426250717,0.5556544573749282,0.5556544573749282,1.0,0.01,0.24926012964463073,210,710,810,840
2023-06-04,1890.5135498046875,-0.041621061468822385,0,0,0.497047792924361,0.5029522070756389,0.5029522070756389,1.0,0.01,0.24926012964463073,210,710,810,840
2023-06-05,1811.828369140625,0.040106725970251,1,1,0.6212985592213663,0.37870144077863366,0.6212985592213663,1.0,0.01,0.24926012964463073,210,710,810,840
2023-06-06,1884.494873046875,-0.027646069882318547,0,0,0.46006625162336606,0.539933748376634,0.539933748376634,1.0,0.01,0.24926012964463073,210,710,810,840
2023-06-07,1832.39599609375,0.0075889075389308225,1,0,0.49780883909129275,0.5021911609087073,0.5021911609087073,1.0,0.01,0.24926012964463073,210,710,810,840
2023-06-08,1846.3018798828125,-0.003291260341800495,0,0,0.4435873180714193,0.5564126819285806,0.5564126819285806,1.0,0.01,0.24926012964463073,210,710,810,840
2023-06-09,1840.2252197265625,-0.04773353454780638,0,0,0.49558063417300935,0.5044193658269907,0.5044193658269907,1.0,0.01,0.24926012964463073,210,710,810,840
2023-06-10,1752.384765625,0.0005880658165602348,1,1,0.6234364621857671,0.3765635378142329,0.6234364621857671,1.0,0.01,0.24926012964463073,210,710,810,840
2023-06-11,1753.415283203125,-0.006208795362955821,0,0,0.44653805004248437,0.5534619499575156,0.5534619499575156,1.0,0.01,0.24926012964463073,210,710,810,840
2023-06-12,1742.5286865234375,-0.0020034613456795247,0,1,0.5422980943518253,0.4577019056481747,0.5422980943518253,1.0,0.01,0.24926012964463073,210,710,810,840
2023-06-13,1739.03759765625,-0.050900745714856144,0,1,0.5173236177608793,0.4826763822391207,0.5173236177608793,1.0,0.01,0.24926012964463073,210,710,810,840
2023-06-14,1650.519287109375,0.00908834473998854,1,1,0.5683392167596011,0.4316607832403989,0.5683392167596011,1.0,0.01,0.24926012964463073,210,710,810,840
2023-06-15,1665.519775390625,0.030710561716126294,1,1,0.5185580866874443,0.4814419133125557,0.5185580866874443,1.0,0.01,0.24926012964463073,210,710,810,840
2023-06-16,1716.6688232421875,0.006137047622508218,1,0,0.4825590214213516,0.5174409785786485,0.5174409785786485,1.0,0.01,0.24926012964463073,210,710,810,840
2023-06-17,1727.2041015625,-0.003836597486115201,0,0,0.49409226548411306,0.5059077345158869,0.5059077345158869,1.0,0.01,0.24926012964463073,210,710,810,840
2023-06-18,1720.5775146484375,0.009928009075009792,1,0,0.4991187061371365,0.5008812938628635,0.5008812938628635,1.0,0.01,0.24926012964463073,210,710,810,840
2023-06-19,1737.659423828125,0.03134133797581806,1,1,0.5449478330757557,0.45505216692424433,0.5449478330757557,1.0,0.01,0.24921411280675027,240,740,840,870
2023-06-20,1792.1199951171875,0.05517889834423917,1,1,0.5297423780462672,0.4702576219537328,0.5297423780462672,1.0,0.01,0.24921411280675027,240,740,840,870
2023-06-21,1891.0072021484373,-0.009552691795066348,0,1,0.55703663176012,0.44296336823988003,0.55703663176012,1.0,0.01,0.24921411280675027,240,740,840,870
2023-06-22,1872.9429931640625,0.010635170133588723,1,0,0.47649106817121517,0.5235089318287849,0.5235089318287849,1.0,0.01,0.24921411280675027,240,740,840,870
2023-06-23,1892.862060546875,-0.008876699741769856,0,0,0.4944432729321588,0.5055567270678412,0.5055567270678412,1.0,0.01,0.24921411280675027,240,740,840,870
2023-06-24,1876.0596923828125,0.01303072137420247,1,0,0.4525002616586712,0.5474997383413288,0.5474997383413288,1.0,0.01,0.24921411280675027,240,740,840,870
2023-06-25,1900.506103515625,-0.021611739163331922,0,1,0.5391150774073644,0.4608849225926356,0.5391150774073644,1.0,0.01,0.24921411280675027,240,740,840,870
2023-06-26,1859.432861328125,0.016279430380120807,1,1,0.5408688224039847,0.4591311775960153,0.5408688224039847,1.0,0.01,0.24921411280675027,240,740,840,870
2023-06-27,1889.703369140625,-0.03266765501002877,0,0,0.47592707553189245,0.5240729244681075,0.5240729244681075,1.0,0.01,0.24921411280675027,240,740,840,870
2023-06-28,1827.97119140625,0.013269412357076016,1,1,0.5094811070116443,0.4905188929883557,0.5094811070116443,1.0,0.01,0.24921411280675027,240,740,840,870
2023-06-29,1852.227294921875,0.04371043993566137,1,0,0.4668803505035,0.5331196494965,0.5331196494965,1.0,0.01,0.24921411280675027,240,740,840,870
2023-06-30,1933.18896484375,-0.004460529742211228,0,1,0.6033166671603593,0.39668333283964075,0.6033166671603593,1.0,0.01,0.24921411280675027,240,740,840,870
2023-07-01,1924.56591796875,0.0066884882472737495,1,0,0.4206729424987682,0.5793270575012318,0.5793270575012318,1.0,0.01,0.24921411280675027,240,740,840,870
2023-07-02,1937.4383544921875,0.009265226747700916,1,1,0.5164963239359639,0.4835036760640361,0.5164963239359639,1.0,0.01,0.24921411280675027,240,740,840,870
2023-07-03,1955.38916015625,-0.009591755757138554,0,1,0.5145879926070862,0.4854120073929138,0.5145879926070862,1.0,0.01,0.24921411280675027,240,740,840,870
2023-07-04,1936.633544921875,-0.013448869712526457,0,0,0.45793191806303274,0.5420680819369672,0.5420680819369672,1.0,0.01,0.24921411280675027,240,740,840,870
2023-07-05,1910.5880126953125,-0.0324253777759973,0,1,0.5021018238498112,0.49789817615018883,0.5021018238498112,1.0,0.01,0.24921411280675027,240,740,840,870
2023-07-06,1848.636474609375,0.01188230609685803,1,1,0.5653398024102337,0.43466019758976626,0.5653398024102337,1.0,0.01,0.24921411280675027,240,740,840,870
2023-07-07,1870.6025390625,-0.0027066082588487195,0,0,0.4545718883962619,0.545428111603738,0.545428111603738,1.0,0.01,0.24921411280675027,240,740,840,870
2023-07-08,1865.53955078125,-0.0013560608539179286,0,0,0.45530492960761393,0.5446950703923861,0.5446950703923861,1.0,0.01,0.24921411280675027,240,740,840,870
2023-07-09,1863.009765625,0.009418432035694924,1,0,0.49886993330995644,0.5011300666900436,0.5011300666900436,1.0,0.01,0.24921411280675027,240,740,840,870
2023-07-10,1880.556396484375,-0.0011806808443571848,0,1,0.539273591811632,0.46072640818836796,0.539273591811632,1.0,0.01,0.24921411280675027,240,740,840,870
2023-07-11,1878.3360595703125,-0.0033126606963430616,0,0,0.46258728748486944,0.5374127125151306,0.5374127125151306,1.0,0.01,0.24921411280675027,240,740,840,870
2023-07-12,1872.11376953125,0.07178928293005193,1,1,0.5273524401744665,0.4726475598255335,0.5273524401744665,1.0,0.01,0.24921411280675027,240,740,840,870
2023-07-13,2006.511474609375,-0.03347323429785676,0,1,0.5445967891829558,0.45540321081704416,0.5445967891829558,1.0,0.01,0.24921411280675027,240,740,840,870
2023-07-14,1939.3470458984373,-0.00406347754040659,0,0,0.4991492461341214,0.5008507538658786,0.5008507538658786,1.0,0.01,0.24921411280675027,240,740,840,870
2023-07-15,1931.466552734375,-0.0040304440984128,0,0,0.4195183114810629,0.5804816885189371,0.5804816885189371,1.0,0.01,0.24921411280675027,240,740,840,870
2023-07-16,1923.681884765625,-0.0062566304215256885,0,0,0.48896604197459415,0.5110339580254059,0.5110339580254059,1.0,0.01,0.24921411280675027,240,740,840,870
2023-07-17,1911.6461181640625,-0.007348051957174251,0,1,0.5589018504883647,0.4410981495116353,0.5589018504883647,1.0,0.01,0.24921411280675027,240,740,840,870
2023-07-18,1897.5992431640625,-0.004527462068031229,0,0,0.48193670119130416,0.5180632988086958,0.5180632988086958,1.0,0.01,0.24921411280675027,240,740,840,870
2023-07-19,1889.0079345703125,0.0010382072011099197,1,0,0.44881131048194084,0.5511886895180591,0.5511886895180591,1.0,0.01,0.24782821947763772,270,770,870,900
2023-07-20,1890.9691162109373,0.0005875092853386832,1,1,0.5028379739528644,0.49716202604713555,0.5028379739528644,1.0,0.01,0.24782821947763772,270,770,870,900
2023-07-21,1892.080078125,-0.014358654754347167,0,0,0.4710927661482534,0.5289072338517466,0.5289072338517466,1.0,0.01,0.24782821947763772,270,770,870,900
2023-07-22,1864.912353515625,0.013019001578937539,1,0,0.49959166652015496,0.500408333479845,0.500408333479845,1.0,0.01,0.24782821947763772,270,770,870,900
2023-07-23,1889.191650390625,-0.020744097184215993,0,0,0.4873426804263259,0.5126573195736741,0.5126573195736741,1.0,0.01,0.24782821947763772,270,770,870,900
2023-07-24,1850.0020751953125,0.00418370782813593,1,1,0.5271970927646907,0.47280290723530927,0.5271970927646907,1.0,0.01,0.24782821947763772,270,770,870,900
2023-07-25,1857.741943359375,0.007761018047494739,1,0,0.45245333802241144,0.5475466619775886,0.5475466619775886,1.0,0.01,0.24782821947763772,270,770,870,900
2023-07-26,1872.159912109375,-0.006304340937255626,0,1,0.5041380531945393,0.4958619468054607,0.5041380531945393,1.0,0.01,0.24782821947763772,270,770,870,900
2023-07-27,1860.357177734375,0.007733834924120275,1,0,0.425153879397962,0.574846120602038,0.574846120602038,1.0,0.01,0.24782821947763772,270,770,870,900
2023-07-28,1874.744873046875,0.0033732454481110175,1,0,0.4374392180785352,0.5625607819214649,0.5625607819214649,1.0,0.01,0.24782821947763772,270,770,870,900
2023-07-29,1881.06884765625,-0.010326601736203367,0,0,0.4320913347526541,0.567908665247346,0.567908665247346,1.0,0.01,0.24782821947763772,270,770,870,900
2023-07-30,1861.643798828125,-0.002944411447533879,0,1,0.5061963068309295,0.49380369316907047,0.5061963068309295,1.0,0.01,0.24782821947763772,270,770,870,900
2023-07-31,1856.162353515625,0.008420470716144157,1,0,0.47590401407433885,0.5240959859256611,0.5240959859256611,1.0,0.01,0.24782821947763772,270,770,870,900
2023-08-01,1871.7921142578125,-0.017471166978973995,0,1,0.511292754273937,0.48870724572606306,0.511292754273937,1.0,0.01,0.24782821947763772,270,770,870,900
2023-08-02,1839.0897216796875,-0.0021495672689105794,0,0,0.47608593768626317,0.5239140623137368,0.5239140623137368,1.0,0.01,0.24782821947763772,270,770,870,900
2023-08-03,1835.136474609375,-0.00404524899760117,0,0,0.4508214329224646,0.5491785670775353,0.5491785670775353,1.0,0.01,0.24782821947763772,270,770,870,900
2023-08-04,1827.712890625,0.0039803978247232585,1,0,0.47025119486348776,0.5297488051365122,0.5297488051365122,1.0,0.01,0.24782821947763772,270,770,870,900
2023-08-05,1834.9879150390625,-0.004101323417211589,0,0,0.444739053629707,0.555260946370293,0.555260946370293,1.0,0.01,0.24782821947763772,270,770,870,900
2023-08-06,1827.4620361328125,-0.0002862950633341077,0,0,0.47265164256649855,0.5273483574335014,0.5273483574335014,1.0,0.01,0.24782821947763772,270,770,870,900
2023-08-07,1826.9388427734373,0.015801585470487378,1,1,0.5259521015256781,0.47404789847432194,0.5259521015256781,1.0,0.01,0.24782821947763772,270,770,870,900
2023-08-08,1855.807373046875,-0.000813535740253668,0,0,0.47054554116324104,0.5294544588367589,0.5294544588367589,1.0,0.01,0.24782821947763772,270,770,870,900
2023-08-09,1854.297607421875,-0.0019113379853046286,0,0,0.48803427601460336,0.5119657239853966,0.5119657239853966,1.0,0.01,0.24782821947763772,270,770,870,900
2023-08-10,1850.75341796875,-0.0019608383726751333,0,0,0.4664335129244486,0.5335664870755514,0.5335664870755514,1.0,0.01,0.24782821947763772,270,770,870,900
2023-08-11,1847.1243896484373,0.0009558116061818556,1,0,0.46973124993382775,0.5302687500661722,0.5302687500661722,1.0,0.01,0.24782821947763772,270,770,870,900
2023-08-12,1848.889892578125,-0.005197573554549306,0,0,0.44971159654099907,0.550288403459001,0.550288403459001,1.0,0.01,0.24782821947763772,270,770,870,900
2023-08-13,1839.2801513671875,0.0026671519533285615,1,1,0.5035913523228491,0.49640864767715087,0.5035913523228491,1.0,0.01,0.24782821947763772,270,770,870,900
2023-08-14,1844.185791015625,-0.009355376145865901,0,1,0.5032598272026597,0.4967401727973403,0.5032598272026597,1.0,0.01,0.24782821947763772,270,770,870,900
2023-08-15,1826.9327392578125,-0.011644479943617059,0,0,0.4815824786932068,0.5184175213067932,0.5184175213067932,1.0,0.01,0.24782821947763772,270,770,870,900
2023-08-16,1805.6590576171875,-0.06685956876976196,0,0,0.48778918003017396,0.5122108199698261,0.5122108199698261,1.0,0.01,0.24782821947763772,270,770,870,900
2023-08-17,1684.9334716796875,-0.014237003254733094,0,1,0.5053077942210495,0.49469220577895046,0.5053077942210495,1.0,0.01,0.24782821947763772,270,770,870,900
2023-08-18,1660.945068359375,0.005133737190461396,1,0,0.41448071169782386,0.5855192883021761,0.5855192883021761,1.0,0.01,0.24750111380712542,300,800,900,930
2023-08-19,1669.471923828125,0.009212569995102449,1,0,0.37978621477053665,0.6202137852294634,0.6202137852294634,1.0,0.01,0.24750111380712542,300,800,900,930
2023-08-20,1684.85205078125,-0.010435935786971329,0,0,0.4132789636172364,0.5867210363827636,0.5867210363827636,1.0,0.01,0.24750111380712542,300,800,900,930
2023-08-21,1667.26904296875,-0.020018643652328416,0,0,0.4647823028364691,0.535217697163531,0.535217697163531,1.0,0.01,0.24750111380712542,300,800,900,930
2023-08-22,1633.892578125,0.027775287399602888,1,0,0.4722769935032387,0.5277230064967613,0.5277230064967613,1.0,0.01,0.24750111380712542,300,800,900,930
2023-08-23,1679.2744140625,-0.011510825045927042,0,0,0.39507610534812765,0.6049238946518724,0.6049238946518724,1.0,0.01,0.24750111380712542,300,800,900,930
2023-08-24,1659.944580078125,-0.004222744282248891,0,0,0.4366175442109181,0.5633824557890819,0.5633824557890819,1.0,0.01,0.24750111380712542,300,800,900,930
2023-08-25,1652.93505859375,-0.004010015919243992,0,0,0.4638377726409155,0.5361622273590845,0.5361622273590845,1.0,0.01,0.24750111380712542,300,800,900,930
2023-08-26,1646.3067626953125,0.006806932390764242,1,0,0.4069254349400851,0.593074565059915,0.593074565059915,1.0,0.01,0.24750111380712542,300,800,900,930
2023-08-27,1657.5130615234375,-0.0030501503607176517,0,0,0.45189850809623217,0.5481014919037679,0.5481014919037679,1.0,0.01,0.24750111380712542,300,800,900,930
2023-08-28,1652.4573974609375,0.046759638502996026,1,1,0.508538418277788,0.491461581722212,0.508538418277788,1.0,0.01,0.24750111380712542,300,800,900,930
2023-08-29,1729.7257080078125,-0.014229727451396501,0,1,0.5096690987355218,0.4903309012644782,0.5096690987355218,1.0,0.01,0.24750111380712542,300,800,900,930
2023-08-30,1705.1121826171875,-0.03487924317662894,0,0,0.42813981300057746,0.5718601869994225,0.5718601869994225,1.0,0.01,0.24750111380712542,300,800,900,930
2023-08-31,1645.63916015625,-0.01042023648557433,0,1,0.5210008490222463,0.4789991509777537,0.5210008490222463,1.0,0.01,0.24750111380712542,300,800,900,930
2023-09-01,1628.4912109375,0.0052405439035725365,1,0,0.45486304789711224,0.5451369521028877,0.5451369521028877,1.0,0.01,0.24750111380712542,300,800,900,930
2023-09-02,1637.025390625,-0.0005544903878390572,0,0,0.40250102060339854,0.5974989793966015,0.5974989793966015,1.0,0.01,0.24750111380712542,300,800,900,930
2023-09-03,1636.11767578125,-0.003949839574139524,0,0,0.4638046723343822,0.5361953276656177,0.5361953276656177,1.0,0.01,0.24750111380712542,300,800,900,930
2023-09-04,1629.6552734375,0.0024386268424532176,1,0,0.48419534586166274,0.5158046541383372,0.5158046541383372,1.0,0.01,0.24750111380712542,300,800,900,930
2023-09-05,1633.62939453125,-0.0008429544668591138,0,0,0.4869629662292476,0.5130370337707524,0.5130370337707524,1.0,0.01,0.24750111380712542,300,800,900,930
2023-09-06,1632.2523193359375,0.009401700388986578,1,0,0.4752420468912379,0.524757953108762,0.524757953108762,1.0,0.01,0.24750111380712542,300,800,900,930
2023-09-07,1647.5982666015625,-0.006955851709160243,0,0,0.475645329806141,0.5243546701938591,0.5243546701938591,1.0,0.01,0.24750111380712542,300,800,900,930
2023-09-08,1636.1378173828125,-0.0005961990834902897,0,0,0.4879570357118941,0.5120429642881059,0.5120429642881059,1.0,0.01,0.24750111380712542,300,800,900,930
2023-09-09,1635.162353515625,-0.011212034116571123,0,0,0.43945248882401416,0.5605475111759859,0.5605475111759859,1.0,0.01,0.24750111380712542,300,800,900,930
2023-09-10,1616.828857421875,-0.04032038506124014,0,1,0.5449443537422564,0.45505564625774364,0.5449443537422564,1.0,0.01,0.24750111380712542,300,800,900,930
2023-09-11,1551.6376953125,0.02628947992827646,1,1,0.536590111523406,0.46340988847659403,0.536590111523406,1.0,0.01,0.24750111380712542,300,800,900,930
2023-09-12,1592.429443359375,0.009770657090104162,1,0,0.39458500851452544,0.6054149914854745,0.6054149914854745,1.0,0.01,0.24750111380712542,300,800,900,930
2023-09-13,1607.988525390625,0.011807198586281986,1,0,0.40544300247903864,0.5945569975209614,0.5945569975209614,1.0,0.01,0.24750111380712542,300,800,900,930
2023-09-14,1626.974365234375,0.009014288078772026,1,0,0.46149252178515,0.53850747821485,0.53850747821485,1.0,0.01,0.24750111380712542,300,800,900,930
2023-09-15,1641.640380859375,-0.003909931338625383,0,0,0.43772744332040076,0.5622725566795992,0.5622725566795992,1.0,0.01,0.24750111380712542,300,800,900,930
2023-09-16,1635.2216796875,-0.007537174515831024,0,0,0.4320956705966878,0.5679043294033121,0.5679043294033121,1.0,0.01,0.24750111380712542,300,800,900,930
2023-09-17,1622.896728515625,0.008904027674040194,1,0,0.4189040392571528,0.5810959607428472,0.5810959607428472,1.0,scale,0.2453474394738857,330,830,930,960
2023-09-18,1637.3470458984375,0.0037851668963293505,1,1,0.5309565214727667,0.46904347852723327,0.5309565214727667,1.0,scale,0.2453474394738857,330,830,930,960
2023-09-19,1643.544677734375,-0.012566772911124402,0,0,0.4480503607278801,0.5519496392721199,0.5519496392721199,1.0,scale,0.2453474394738857,330,830,930,960
2023-09-20,1622.890625,-0.02377462631781635,0,0,0.43312035784481856,0.5668796421551814,0.5668796421551814,1.0,scale,0.2453474394738857,330,830,930,960
2023-09-21,1584.3070068359375,0.005656292418244391,1,0,0.42623517526156973,0.5737648247384303,0.5737648247384303,1.0,scale,0.2453474394738857,330,830,930,960
2023-09-22,1593.268310546875,0.00036998008129596194,1,0,0.4359716260311229,0.5640283739688772,0.5640283739688772,1.0,scale,0.2453474394738857,330,830,930,960
2023-09-23,1593.8577880859375,-0.008159068286052618,0,0,0.44297916990187103,0.557020830098129,0.557020830098129,1.0,scale,0.2453474394738857,330,830,930,960
2023-09-24,1580.8533935546875,0.0047249684583838825,1,0,0.4676648268686571,0.5323351731313428,0.5323351731313428,1.0,scale,0.2453474394738857,330,830,930,960
2023-09-25,1588.3228759765625,0.0032073833529786544,1,0,0.4628136702441908,0.5371863297558093,0.5371863297558093,1.0,scale,0.2453474394738857,330,830,930,960
2023-09-26,1593.417236328125,0.0025567531946391053,1,0,0.44729031810531994,0.5527096818946801,0.5527096818946801,1.0,scale,0.2453474394738857,330,830,930,960
2023-09-27,1597.4912109375,0.03467404334555346,1,0,0.46643512463365727,0.5335648753663427,0.5335648753663427,1.0,scale,0.2453474394738857,330,830,930,960
2023-09-28,1652.8826904296875,0.009112054541902781,1,0,0.43439991479126217,0.5656000852087378,0.5656000852087378,1.0,scale,0.2453474394738857,330,830,930,960
2023-09-29,1667.94384765625,0.001929332083119517,1,0,0.45653291421262715,0.5434670857873729,0.5434670857873729,1.0,scale,0.2453474394738857,330,830,930,960
2023-09-30,1671.161865234375,0.037488026069531166,1,0,0.4954614553459692,0.5045385446540308,0.5045385446540308,1.0,scale,0.2453474394738857,330,830,930,960
2023-10-01,1733.8104248046875,-0.04047897066718298,0,0,0.49337529478360553,0.5066247052163945,0.5066247052163945,1.0,scale,0.2453474394738857,330,830,930,960
2023-10-02,1663.6275634765625,-0.00417274556135816,0,1,0.5118986154773048,0.48810138452269525,0.5118986154773048,1.0,scale,0.2453474394738857,330,830,930,960
2023-10-03,1656.6856689453125,-0.005340502634588518,0,0,0.43369300536573546,0.5663069946342645,0.5663069946342645,1.0,scale,0.2453474394738857,330,830,930,960
2023-10-04,1647.838134765625,-0.022066302247040315,0,0,0.42784392023314327,0.5721560797668568,0.5721560797668568,1.0,scale,0.2453474394738857,330,830,930,960
2023-10-05,1611.4764404296875,0.021319022529365572,1,0,0.44630385006161655,0.5536961499383835,0.5536961499383835,1.0,scale,0.2453474394738857,330,830,930,960
2023-10-06,1645.83154296875,-0.006878172039150754,0,0,0.4186616612165385,0.5813383387834614,0.5813383387834614,1.0,scale,0.2453474394738857,330,830,930,960
2023-10-07,1634.51123046875,-0.0005889506700414993,0,0,0.45002329464090135,0.5499767053590987,0.5499767053590987,1.0,scale,0.2453474394738857,330,830,930,960
2023-10-08,1633.548583984375,-0.032898895010697204,0,0,0.44624606401287226,0.5537539359871277,0.5537539359871277,1.0,scale,0.2453474394738857,330,830,930,960
2023-10-09,1579.806640625,-0.007655131722261288,0,1,0.5649944332347059,0.4350055667652941,0.5649944332347059,1.0,scale,0.2453474394738857,330,830,930,960
2023-10-10,1567.7130126953125,-0.000930177871406368,0,0,0.43514744330297955,0.5648525566970204,0.5648525566970204,1.0,scale,0.2453474394738857,330,830,930,960
2023-10-11,1566.2547607421875,-0.01701021740023334,0,0,0.4363001539269458,0.5636998460730542,0.5636998460730542,1.0,scale,0.2453474394738857,330,830,930,960
2023-10-12,1539.6124267578125,0.008104020573232784,1,0,0.4352202298846307,0.5647797701153693,0.5647797701153693,1.0,scale,0.2453474394738857,330,830,930,960
2023-10-13,1552.0894775390625,0.002040706057397923,1,0,0.43348619830471,0.56651380169529,0.56651380169529,1.0,scale,0.2453474394738857,330,830,930,960
2023-10-14,1555.2568359375,0.0018086969407560272,1,0,0.44308593203173463,0.5569140679682654,0.5569140679682654,1.0,scale,0.2453474394738857,330,830,930,960
2023-10-15,1558.06982421875,0.027254540765113022,1,0,0.44914422067047916,0.5508557793295208,0.5508557793295208,1.0,scale,0.2453474394738857,330,830,930,960
2023-10-16,1600.5343017578125,-0.02192688186935865,0,1,0.5264976418399403,0.4735023581600597,0.5264976418399403,1.0,scale,0.2453474394738857,330,830,930,960
2023-10-17,1565.4395751953125,-0.0010793755903444335,0,0,0.44342550933635844,0.5565744906636416,0.5565744906636416,0.1,scale,0.24670081284960077,360,860,960,990
2023-10-18,1563.7498779296875,0.0023706817647977108,1,0,0.44108017536595673,0.5589198246340432,0.5589198246340432,0.1,scale,0.24670081284960077,360,860,960,990
2023-10-19,1567.45703125,0.023738984945261166,1,0,0.4518410324231502,0.5481589675768498,0.5481589675768498,0.1,scale,0.24670081284960077,360,860,960,990
2023-10-20,1604.6668701171875,0.015353699699918621,1,0,0.46223194462282485,0.5377680553771751,0.5377680553771751,0.1,scale,0.24670081284960077,360,860,960,990
2023-10-21,1629.304443359375,0.020944819993793384,1,0,0.4389954092043063,0.5610045907956938,0.5610045907956938,0.1,scale,0.24670081284960077,360,860,960,990
2023-10-22,1663.429931640625,0.061290684296216424,1,0,0.4608660698989722,0.5391339301010278,0.5391339301010278,0.1,scale,0.24670081284960077,360,860,960,990
2023-10-23,1765.3826904296875,0.010793585817743923,1,1,0.5129429119671768,0.4870570880328232,0.5129429119671768,0.1,scale,0.24670081284960077,360,860,960,990
2023-10-24,1784.4375,0.0016588325496480483,1,0,0.48304932230614556,0.5169506776938544,0.5169506776938544,0.1,scale,0.24670081284960077,360,860,960,990
2023-10-25,1787.3975830078125,0.009310588640725426,1,0,0.47144520145074276,0.5285547985492572,0.5285547985492572,0.1,scale,0.24670081284960077,360,860,960,990
2023-10-26,1804.039306640625,-0.013300163952285393,0,0,0.4820939762555465,0.5179060237444535,0.5179060237444535,0.1,scale,0.24670081284960077,360,860,960,990
2023-10-27,1780.0452880859375,-0.0019253015900076997,0,0,0.4594575715238085,0.5405424284761915,0.5405424284761915,0.1,scale,0.24670081284960077,360,860,960,990
2023-10-28,1776.6181640625,0.01065386858481232,1,0,0.45458212962521866,0.5454178703747814,0.5454178703747814,0.1,scale,0.24670081284960077,360,860,960,990
2023-10-29,1795.5460205078125,0.008099264721129096,1,0,0.45954274537946116,0.5404572546205388,0.5404572546205388,0.1,scale,0.24670081284960077,360,860,960,990
2023-10-30,1810.088623046875,0.0035193643267046326,1,1,0.5003856491792738,0.49961435082072625,0.5003856491792738,0.1,scale,0.24670081284960077,360,860,960,990
2023-10-31,1816.458984375,0.01686288408831138,1,0,0.46550521388190125,0.5344947861180988,0.5344947861180988,0.1,scale,0.24670081284960077,360,860,960,990
2023-11-01,1847.0897216796875,-0.02515781959835861,0,0,0.49832055348148374,0.5016794465185163,0.5016794465185163,0.1,scale,0.24670081284960077,360,860,960,990
2023-11-02,1800.6209716796875,0.01786838809609348,1,0,0.45973843891822797,0.540261561081772,0.540261561081772,0.1,scale,0.24670081284960077,360,860,960,990
2023-11-03,1832.795166015625,0.013587684453004512,1,0,0.4504037538320444,0.5495962461679555,0.5495962461679555,0.1,scale,0.24670081284960077,360,860,960,990
2023-11-04,1857.6986083984373,0.019625953467632185,1,0,0.45099693154187326,0.5490030684581267,0.5490030684581267,0.1,scale,0.24670081284960077,360,860,960,990
2023-11-05,1894.15771484375,0.002998529349214518,1,1,0.5043731755779666,0.49562682442203343,0.5043731755779666,0.1,scale,0.24670081284960077,360,860,960,990
2023-11-06,1899.83740234375,-0.006165335386688842,0,0,0.4522477494851669,0.5477522505148331,0.5477522505148331,0.1,scale,0.24670081284960077,360,860,960,990
2023-11-07,1888.124267578125,0.0006345557534326307,1,0,0.4577321353240575,0.5422678646759425,0.5422678646759425,0.1,scale,0.24670081284960077,360,860,960,990
2023-11-08,1889.3223876953125,0.12239237144858772,1,0,0.4435842235008335,0.5564157764991665,0.5564157764991665,0.1,scale,0.24670081284960077,360,860,960,990
2023-11-09,2120.56103515625,-0.019933988946118864,0,1,0.5019588028548371,0.49804119714516293,0.5019588028548371,0.1,scale,0.24670081284960077,360,860,960,990
2023-11-10,2078.289794921875,-0.012306237463546976,0,0,0.4795640400499001,0.5204359599500998,0.5204359599500998,0.1,scale,0.24670081284960077,360,860,960,990
2023-11-11,2052.7138671875,-0.003666782589169526,0,0,0.46769339601729165,0.5323066039827083,0.5323066039827083,0.1,scale,0.24670081284960077,360,860,960,990
2023-11-12,2045.18701171875,0.004927847225156823,1,0,0.4545882994326486,0.5454117005673513,0.5454117005673513,0.1,scale,0.24670081284960077,360,860,960,990
2023-11-13,2055.265380859375,-0.03708171667973137,0,1,0.5073162263901556,0.4926837736098444,0.5073162263901556,0.1,scale,0.24670081284960077,360,860,960,990
2023-11-14,1979.0526123046875,0.04110847506282078,1,0,0.46849042558477016,0.5315095744152298,0.5315095744152298,0.1,scale,0.24670081284960077,360,860,960,990
2023-11-15,2060.408447265625,-0.04830442993030459,0,0,0.451357263762706,0.548642736237294,0.548642736237294,0.1,scale,0.24670081284960077,360,860,960,990
2023-11-16,1960.881591796875,0.0002035665608492998,1,0,0.4907206325327727,0.5092793674672274,0.5092793674672274,0.1,scale,0.2509765800745438,390,890,990,1020
2023-11-17,1961.28076171875,0.0010219202166552588,1,0,0.4736076160231929,0.5263923839768071,0.5263923839768071,0.1,scale,0.2509765800745438,390,890,990,1020
2023-11-18,1963.2850341796875,0.025426483024461932,1,0,0.4718839669658959,0.5281160330341041,0.5281160330341041,0.1,scale,0.2509765800745438,390,890,990,1020
2023-11-19,2013.2044677734373,0.004487705105652884,1,0,0.4718580303691744,0.5281419696308256,0.5281419696308256,0.1,scale,0.2509765800745438,390,890,990,1020
2023-11-20,2022.2391357421875,-0.04211784935612517,0,0,0.4945565368863524,0.5054434631136475,0.5054434631136475,0.1,scale,0.2509765800745438,390,890,990,1020
2023-11-21,1937.0667724609373,0.06574813130783852,1,0,0.48489392154141464,0.5151060784585854,0.5151060784585854,0.1,scale,0.2509765800745438,390,890,990,1020
2023-11-22,2064.42529296875,-0.0010727438851469984,0,0,0.47333556673821753,0.5266644332617825,0.5266644332617825,0.1,scale,0.2509765800745438,390,890,990,1020
2023-11-23,2062.210693359375,0.009185000500188556,1,0,0.46827259856056486,0.5317274014394351,0.5317274014394351,0.1,scale,0.2509765800745438,390,890,990,1020
2023-11-24,2081.152099609375,0.0015669139841998359,1,0,0.4901522917345708,0.5098477082654291,0.5098477082654291,0.1,scale,0.2509765800745438,390,890,990,1020
2023-11-25,2084.4130859375,-0.010135684364837805,0,0,0.46896866896394146,0.5310313310360586,0.5310313310360586,0.1,scale,0.2509765800745438,390,890,990,1020
2023-11-26,2063.2861328125,-0.017384294811873424,0,0,0.4903794493920688,0.5096205506079312,0.5096205506079312,0.1,scale,0.2509765800745438,390,890,990,1020
2023-11-27,2027.4173583984373,0.010812167645888104,1,0,0.48573947197139017,0.5142605280286099,0.5142605280286099,0.1,scale,0.2509765800745438,390,890,990,1020
2023-11-28,2049.338134765625,-0.009470831200383945,0,0,0.4710844290084262,0.5289155709915738,0.5289155709915738,0.1,scale,0.2509765800745438,390,890,990,1020
2023-11-29,2029.92919921875,0.011146671092621574,1,0,0.47278173350694314,0.5272182664930569,0.5272182664930569,0.1,scale,0.2509765800745438,390,890,990,1020
2023-11-30,2052.55615234375,0.016849107974407973,1,0,0.47146191224254547,0.5285380877574546,0.5285380877574546,0.1,scale,0.2509765800745438,390,890,990,1020
2023-12-01,2087.139892578125,0.03764204271297267,1,0,0.48256898241919227,0.5174310175808077,0.5174310175808077,0.1,scale,0.2509765800745438,390,890,990,1020
2023-12-02,2165.7041015625,0.012923071442646705,1,0,0.4733708967418722,0.5266291032581278,0.5266291032581278,0.1,scale,0.2509765800745438,390,890,990,1020
2023-12-03,2193.691650390625,0.022575720663866372,1,0,0.4760749845456454,0.5239250154543547,0.5239250154543547,0.1,scale,0.2509765800745438,390,890,990,1020
2023-12-04,2243.2158203125,0.02256848231190145,1,0,0.4984247809426861,0.501575219057314,0.501575219057314,0.1,scale,0.2509765800745438,390,890,990,1020
2023-12-05,2293.841796875,-0.027107545082919904,0,0,0.4833447206162981,0.5166552793837019,0.5166552793837019,0.1,scale,0.2509765800745438,390,890,990,1020
2023-12-06,2231.661376953125,0.05642353010676748,1,0,0.4780407045718652,0.5219592954281348,0.5219592954281348,0.1,scale,0.2509765800745438,390,890,990,1020
2023-12-07,2357.57958984375,0.0004887825441670657,1,0,0.48199030056770464,0.5180096994322954,0.5180096994322954,0.1,scale,0.2509765800745438,390,890,990,1020
2023-12-08,2358.73193359375,-0.007443253883560597,0,0,0.4786334363732364,0.5213665636267636,0.5213665636267636,0.1,scale,0.2509765800745438,390,890,990,1020
2023-12-09,2341.17529296875,0.004821233826242777,1,0,0.4768437017560835,0.5231562982439165,0.5231562982439165,0.1,scale,0.2509765800745438,390,890,990,1020
2023-12-10,2352.462646484375,-0.054361666168691425,0,0,0.47424565906005645,0.5257543409399436,0.5257543409399436,0.1,scale,0.2509765800745438,390,890,990,1020
2023-12-11,2224.578857421875,-0.010132601687358522,0,1,0.5011918867123143,0.4988081132876857,0.5011918867123143,0.1,scale,0.2509765800745438,390,890,990,1020
2023-12-12,2202.0380859375,0.02661652224701272,1,0,0.47356169966251976,0.5264383003374802,0.5264383003374802,0.1,scale,0.2509765800745438,390,890,990,1020
2023-12-13,2260.648681640625,0.02474087211166509,1,0,0.4759747909224957,0.5240252090775043,0.5240252090775043,0.1,scale,0.2509765800745438,390,890,990,1020
2023-12-14,2316.5791015625,-0.041976420815141524,0,0,0.4728742503286103,0.5271257496713897,0.5271257496713897,0.1,scale,0.2509765800745438,390,890,990,1020
2023-12-15,2219.33740234375,0.0034195392373013167,1,0,0.4780665194292678,0.5219334805707322,0.5219334805707322,0.1,scale,0.2509765800745438,390,890,990,1020
2023-12-16,2226.926513671875,-0.013671449108484612,0,0,0.4990039726990718,0.5009960273009282,0.5009960273009282,10.0,scale,0.2603640563835681,420,920,1020,1050
2023-12-17,2196.481201171875,0.009466157195896718,1,1,0.5028635564563998,0.4971364435436002,0.5028635564563998,10.0,scale,0.2603640563835681,420,920,1020,1050
2023-12-18,2217.2734375,-0.017769968394459656,0,1,0.504716368500346,0.49528363149965404,0.504716368500346,10.0,scale,0.2603640563835681,420,920,1020,1050
2023-12-19,2177.87255859375,0.011037752537226941,1,1,0.5030571692560027,0.49694283074399725,0.5030571692560027,10.0,scale,0.2603640563835681,420,920,1020,1050
2023-12-20,2201.911376953125,0.017090198956007274,1,1,0.5018959810836017,0.49810401891639833,0.5018959810836017,10.0,scale,0.2603640563835681,420,920,1020,1050
2023-12-21,2239.54248046875,0.03883937127050796,1,0,0.4983224949120845,0.5016775050879154,0.5016775050879154,10.0,scale,0.2603640563835681,420,920,1020,1050
2023-12-22,2326.52490234375,-0.007512713750621014,0,0,0.4965504225866947,0.5034495774133053,0.5034495774133053,10.0,scale,0.2603640563835681,420,920,1020,1050
2023-12-23,2309.04638671875,-0.018775823775668332,0,1,0.50039496327475,0.49960503672525003,0.50039496327475,10.0,scale,0.2603640563835681,420,920,1020,1050
2023-12-24,2265.692138671875,0.003032022219169095,1,1,0.5029578884718002,0.49704211152819977,0.5029578884718002,10.0,scale,0.2603640563835681,420,920,1020,1050
2023-12-25,2272.561767578125,-0.0180837485401647,0,0,0.4998188180678662,0.5001811819321338,0.5001811819321338,10.0,scale,0.2603640563835681,420,920,1020,1050
2023-12-26,2231.46533203125,0.06599907965814755,1,1,0.5066971734184059,0.4933028265815941,0.5066971734184059,10.0,scale,0.2603640563835681,420,920,1020,1050
2023-12-27,2378.739990234375,-0.013105185204343561,0,0,0.49827069444124106,0.5017293055587589,0.5017293055587589,10.0,scale,0.2603640563835681,420,920,1020,1050
2023-12-28,2347.566162109375,-0.019967696347748753,0,1,0.5003542592019121,0.4996457407980879,0.5003542592019121,10.0,scale,0.2603640563835681,420,920,1020,1050
2023-12-29,2300.690673828125,-0.003748980355657072,0,0,0.4993531152978404,0.5006468847021597,0.5006468847021597,10.0,scale,0.2603640563835681,420,920,1020,1050
2023-12-30,2292.0654296875,-0.004622136062972015,0,0,0.4992568092024033,0.5007431907975968,0.5007431907975968,10.0,scale,0.2603640563835681,420,920,1020,1050
2023-12-31,2281.47119140625,0.031057455259582145,1,0,0.49978111900344613,0.5002188809965539,0.5002188809965539,10.0,scale,0.2603640563835681,420,920,1020,1050
2024-01-01,2352.327880859375,0.001491520357524756,1,0,0.4960489944607959,0.503951005539204,0.503951005539204,10.0,scale,0.2603640563835681,420,920,1020,1050
2024-01-02,2355.83642578125,-0.06158087263741796,0,1,0.5057614119338762,0.49423858806612375,0.5057614119338762,10.0,scale,0.2603640563835681,420,920,1020,1050
2024-01-03,2210.761962890625,0.02636019798833411,1,1,0.5060167573728952,0.4939832426271048,0.5060167573728952,10.0,scale,0.2603640563835681,420,920,1020,1050
2024-01-04,2269.0380859375,-0.00017226204489362296,0,0,0.49824318924726785,0.5017568107527322,0.5017568107527322,10.0,scale,0.2603640563835681,420,920,1020,1050
2024-01-05,2268.647216796875,-0.011911266210730354,0,0,0.4996953329351571,0.5003046670648429,0.5003046670648429,10.0,scale,0.2603640563835681,420,920,1020,1050
2024-01-06,2241.624755859375,-0.008368389496710593,0,1,0.5009368096434962,0.4990631903565038,0.5009368096434962,10.0,scale,0.2603640563835681,420,920,1020,1050
2024-01-07,2222.865966796875,0.04956067963271038,1,1,0.5024350038675264,0.4975649961324736,0.5024350038675264,10.0,scale,0.2603640563835681,420,920,1020,1050
2024-01-08,2333.03271484375,0.005055408575588727,1,0,0.49670598309005964,0.5032940169099404,0.5032940169099404,10.0,scale,0.2603640563835681,420,920,1020,1050
2024-01-09,2344.8271484375,0.10119141078079541,1,0,0.4965030481123571,0.5034969518876429,0.5034969518876429,10.0,scale,0.2603640563835681,420,920,1020,1050
2024-01-10,2582.103515625,0.014529094117638142,1,1,0.5110282189404621,0.48897178105953787,0.5110282189404621,10.0,scale,0.2603640563835681,420,920,1020,1050
2024-01-11,2619.619140625,-0.036325484903951155,0,1,0.5023849513682849,0.49761504863171513,0.5023849513682849,10.0,scale,0.2603640563835681,420,920,1020,1050
2024-01-12,2524.460205078125,0.020653007406344237,1,1,0.5068342963014771,0.49316570369852286,0.5068342963014771,10.0,scale,0.2603640563835681,420,920,1020,1050
2024-01-13,2576.597900390625,-0.04050173658734413,0,0,0.49899965203965596,0.501000347960344,0.501000347960344,10.0,scale,0.2603640563835681,420,920,1020,1050
2024-01-14,2472.2412109375,0.01582473361444947,1,1,0.5040297591841723,0.49597024081582775,0.5040297591841723,10.0,scale,0.2603640563835681,420,920,1020,1050
2024-01-15,2511.36376953125,0.030392806292802277,1,0,0.462278575904514,0.537721424095486,0.537721424095486,1.0,scale,0.25673218563098404,450,950,1050,1080
2024-01-16,2587.691162109375,-0.022924597112815248,0,0,0.47234930238009415,0.5276506976199058,0.5276506976199058,1.0,scale,0.25673218563098404,450,950,1050,1080
2024-01-17,2528.369384765625,-0.024264882460276693,0,1,0.5085548665735514,0.4914451334264486,0.5085548665735514,1.0,scale,0.25673218563098404,450,950,1050,1080
2024-01-18,2467.018798828125,0.009112105809166549,1,1,0.5493538454027439,0.4506461545972561,0.5493538454027439,1.0,scale,0.25673218563098404,450,950,1050,1080
2024-01-19,2489.49853515625,-0.007997363142403069,0,0,0.47869448075056914,0.5213055192494309,0.5213055192494309,1.0,scale,0.25673218563098404,450,950,1050,1080
2024-01-20,2469.589111328125,-0.006347624922185768,0,0,0.4731014867010802,0.5268985132989198,0.5268985132989198,1.0,scale,0.25673218563098404,450,950,1050,1080
2024-01-21,2453.9130859375,-0.05830959162402838,0,0,0.4941738055499279,0.5058261944500722,0.5058261944500722,1.0,scale,0.25673218563098404,450,950,1050,1080
2024-01-22,2310.826416015625,-0.030352942295125973,0,1,0.5558896838965324,0.44411031610346763,0.5558896838965324,1.0,scale,0.25673218563098404,450,950,1050,1080
2024-01-23,2240.68603515625,-0.0031795028247356694,0,1,0.62561196730734,0.37438803269265997,0.62561196730734,1.0,scale,0.25673218563098404,450,950,1050,1080
2024-01-24,2233.561767578125,-0.007096988643921831,0,1,0.5244879769514599,0.4755120230485401,0.5244879769514599,1.0,scale,0.25673218563098404,450,950,1050,1080
2024-01-25,2217.710205078125,0.022315585616102362,1,1,0.5642589821794353,0.43574101782056474,0.5642589821794353,1.0,scale,0.25673218563098404,450,950,1050,1080
2024-01-26,2267.19970703125,0.0003026990938410634,1,1,0.5223302982758974,0.4776697017241026,0.5223302982758974,1.0,scale,0.25673218563098404,450,950,1050,1080
2024-01-27,2267.885986328125,-0.004708017139361198,0,0,0.483789685745281,0.516210314254719,0.516210314254719,1.0,scale,0.25673218563098404,450,950,1050,1080
2024-01-28,2257.208740234375,0.02651747163790663,1,1,0.5534140707614564,0.44658592923854357,0.5534140707614564,1.0,scale,0.25673218563098404,450,950,1050,1080
2024-01-29,2317.064208984375,0.011838016077853064,1,0,0.48914250437719364,0.5108574956228064,0.5108574956228064,1.0,scale,0.25673218563098404,450,950,1050,1080
2024-01-30,2344.49365234375,-0.02642328277923489,0,0,0.493220578971332,0.506779421028668,0.506779421028668,1.0,scale,0.25673218563098404,450,950,1050,1080
2024-01-31,2282.54443359375,0.009323048929214206,1,1,0.5083283073650658,0.49167169263493415,0.5083283073650658,1.0,scale,0.25673218563098404,450,950,1050,1080
2024-02-01,2303.82470703125,0.0018288626271742991,1,0,0.455130339147215,0.544869660852785,0.544869660852785,1.0,scale,0.25673218563098404,450,950,1050,1080
2024-02-02,2308.0380859375,-0.005199115184661651,0,0,0.463087691067914,0.536912308932086,0.536912308932086,1.0,scale,0.25673218563098404,450,950,1050,1080
2024-02-03,2296.038330078125,-0.002827560592065126,0,0,0.4674104021070853,0.5325895978929147,0.5325895978929147,1.0,scale,0.25673218563098404,450,950,1050,1080
2024-02-04,2289.546142578125,0.0040806224708709316,1,1,0.5115176248687373,0.4884823751312627,0.5115176248687373,1.0,scale,0.25673218563098404,450,950,1050,1080
2024-02-05,2298.888916015625,0.03189061801573012,1,1,0.5085799387087087,0.49142006129129134,0.5085799387087087,1.0,scale,0.25673218563098404,450,950,1050,1080
2024-02-06,2372.201904296875,0.021728004179265792,1,0,0.4595101046765118,0.5404898953234882,0.5404898953234882,1.0,scale,0.25673218563098404,450,950,1050,1080
2024-02-07,2423.7451171875,-0.0015837568973957605,0,0,0.49409558480603016,0.5059044151939698,0.5059044151939698,1.0,scale,0.25673218563098404,450,950,1050,1080
2024-02-08,2419.906494140625,0.02793873689875137,1,1,0.514694265638422,0.485305734361578,0.514694265638422,1.0,scale,0.25673218563098404,450,950,1050,1080
2024-02-09,2487.515625,0.005512587075457986,1,0,0.4954013083211103,0.5045986916788897,0.5045986916788897,1.0,scale,0.25673218563098404,450,950,1050,1080
2024-02-10,2501.228271484375,0.002535668266889557,1,1,0.5549981815323805,0.44500181846761955,0.5549981815323805,1.0,scale,0.25673218563098404,450,950,1050,1080
2024-02-11,2507.570556640625,0.060036360595147054,1,1,0.5253302862175854,0.4746697137824146,0.5253302862175854,1.0,scale,0.25673218563098404,450,950,1050,1080
2024-02-12,2658.115966796875,-0.005993216346274366,0,1,0.5460182128564962,0.4539817871435038,0.5460182128564962,1.0,scale,0.25673218563098404,450,950,1050,1080
2024-02-13,2642.185302734375,0.05136545149773286,1,1,0.5438731382764416,0.45612686172355843,0.5438731382764416,1.0,scale,0.25673218563098404,450,950,1050,1080
2024-02-14,2777.90234375,0.016730812227639058,1,1,0.5159582152786492,0.48404178472135084,0.5159582152786492,1.0,scale,0.24980347007998513,480,980,1080,1110
2024-02-15,2824.37890625,-0.007324619212465078,0,1,0.5417141631963779,0.4582858368036221,0.5417141631963779,1.0,scale,0.24980347007998513,480,980,1080,1110
2024-02-16,2803.69140625,-0.006070139812886177,0,1,0.5529106970148822,0.44708930298511784,0.5529106970148822,1.0,scale,0.24980347007998513,480,980,1080,1110
2024-02-17,2786.672607421875,0.03313106792926823,1,1,0.5272659671444808,0.4727340328555192,0.5272659671444808,1.0,scale,0.24980347007998513,480,980,1080,1110
2024-02-18,2878.998046875,0.022430254937596983,1,0,0.4937380902987249,0.506261909701275,0.506261909701275,1.0,scale,0.24980347007998513,480,980,1080,1110
2024-02-19,2943.57470703125,0.02375647368863687,1,1,0.5137847901860016,0.48621520981399835,0.5137847901860016,1.0,scale,0.24980347007998513,480,980,1080,1110
2024-02-20,3013.503662109375,-0.014318281375232278,0,1,0.5067592970274087,0.49324070297259126,0.5067592970274087,1.0,scale,0.24980347007998513,480,980,1080,1110
2024-02-21,2970.35546875,0.0002194536901753974,1,1,0.5092795791832242,0.4907204208167758,0.5092795791832242,1.0,scale,0.24980347007998513,480,980,1080,1110
2024-02-22,2971.00732421875,-0.01661023205546175,0,0,0.4866064912851219,0.5133935087148781,0.5133935087148781,1.0,scale,0.24980347007998513,480,980,1080,1110
2024-02-23,2921.658203125,0.02420809632265497,1,1,0.5101312168389166,0.4898687831610834,0.5101312168389166,1.0,scale,0.24980347007998513,480,980,1080,1110
2024-02-24,2992.385986328125,0.04020580227502868,1,0,0.44415780826497103,0.5558421917350289,0.5558421917350289,1.0,scale,0.24980347007998513,480,980,1080,1110
2024-02-25,3112.697265625,0.021298694046122835,1,0,0.440944396578424,0.559055603421576,0.559055603421576,1.0,scale,0.24980347007998513,480,980,1080,1110
2024-02-26,3178.99365234375,0.0206120684504405,1,0,0.4392147186570225,0.5607852813429774,0.5607852813429774,1.0,scale,0.24980347007998513,480,980,1080,1110
2024-02-27,3244.519287109375,0.04351478842287437,1,0,0.4445391177954177,0.5554608822045823,0.5554608822045823,1.0,scale,0.24980347007998513,480,980,1080,1110
2024-02-28,3385.703857421875,-0.012932076026531347,0,0,0.47466956147438044,0.5253304385256196,0.5253304385256196,1.0,scale,0.24980347007998513,480,980,1080,1110
2024-02-29,3341.919677734375,0.02786849665007196,1,0,0.4776841203279188,0.5223158796720813,0.5223158796720813,1.0,scale,0.24980347007998513,480,980,1080,1110
2024-03-01,3435.053955078125,-0.003785719397915277,0,0,0.4708814104936301,0.5291185895063699,0.5291185895063699,1.0,scale,0.24980347007998513,480,980,1080,1110
2024-03-02,3422.0498046875,0.020146944548209422,1,0,0.47703972825603463,0.5229602717439654,0.5229602717439654,1.0,scale,0.24980347007998513,480,980,1080,1110
2024-03-03,3490.99365234375,0.039942835603055116,1,0,0.43056305684073093,0.5694369431592691,0.5694369431592691,1.0,scale,0.24980347007998513,480,980,1080,1110
2024-03-04,3630.433837890625,-0.02078793930730316,0,1,0.5118338766607499,0.48816612333925014,0.5118338766607499,1.0,scale,0.24980347007998513,480,980,1080,1110
2024-03-05,3554.964599609375,0.07433596350833915,1,1,0.5204320008283356,0.47956799917166437,0.5204320008283356,1.0,scale,0.24980347007998513,480,980,1080,1110
2024-03-06,3819.226318359375,0.01443259270225794,1,0,0.4230330547805695,0.5769669452194305,0.5769669452194305,1.0,scale,0.24980347007998513,480,980,1080,1110
2024-03-07,3874.34765625,0.0045719642318817755,1,0,0.4649057737427159,0.5350942262572841,0.5350942262572841,1.0,scale,0.24980347007998513,480,980,1080,1110
2024-03-08,3892.06103515625,0.006001424424042279,1,0,0.44869696563241873,0.5513030343675813,0.5513030343675813,1.0,scale,0.24980347007998513,480,980,1080,1110
2024-03-09,3915.4189453125,-0.00874129449649308,0,0,0.4814095962930167,0.5185904037069833,0.5185904037069833,1.0,scale,0.24980347007998513,480,980,1080,1110
2024-03-10,3881.193115234375,0.047730671374699885,1,0,0.4772751632786385,0.5227248367213615,0.5227248367213615,1.0,scale,0.24980347007998513,480,980,1080,1110
2024-03-11,4066.445068359375,-0.021190960052674845,0,0,0.4779428885956726,0.5220571114043274,0.5220571114043274,1.0,scale,0.24980347007998513,480,980,1080,1110
2024-03-12,3980.273193359375,0.006578402189656218,1,0,0.4730576154977956,0.5269423845022043,0.5269423845022043,1.0,scale,0.24980347007998513,480,980,1080,1110
2024-03-13,4006.45703125,-0.030779476587110888,0,0,0.42836873676662784,0.5716312632333722,0.5716312632333722,1.0,scale,0.24980347007998513,480,980,1080,1110
2024-03-14,3883.140380859375,-0.03809292261097419,0,1,0.5228492692209405,0.47715073077905945,0.5228492692209405,1.0,scale,0.24980347007998513,480,980,1080,1110
2024-03-15,3735.22021484375,-0.05685343706857138,0,1,0.5196879224930967,0.4803120775069033,0.5196879224930967,10.0,scale,0.24699854649432282,510,1010,1110,1140
2024-03-16,3522.860107421875,0.03393634003909307,1,1,0.5305169542106335,0.4694830457893665,0.5305169542106335,10.0,scale,0.24699854649432282,510,1010,1110,1140
2024-03-17,3642.4130859375,-0.0341608641249429,0,1,0.53105906240403,0.46894093759597,0.53105906240403,10.0,scale,0.24699854649432282,510,1010,1110,1140
2024-03-18,3517.985107421875,-0.10243560798455653,0,1,0.5171945691682331,0.48280543083176686,0.5171945691682331,10.0,scale,0.24699854649432282,510,1010,1110,1140
2024-03-19,3157.6181640625,0.11267192037115104,1,1,0.5068791850465423,0.4931208149534577,0.5068791850465423,10.0,scale,0.24699854649432282,510,1010,1110,1140
2024-03-20,3513.39306640625,-0.0058068810073729216,0,1,0.5094293830028409,0.4905706169971591,0.5094293830028409,10.0,scale,0.24699854649432282,510,1010,1110,1140
2024-03-21,3492.9912109375,-0.04560653406668436,0,1,0.5530325391851211,0.4469674608148789,0.5530325391851211,10.0,scale,0.24699854649432282,510,1010,1110,1140
2024-03-22,3333.68798828125,0.0008717090110383907,1,1,0.5305408115168105,0.46945918848318946,0.5305408115168105,10.0,scale,0.24699854649432282,510,1010,1110,1140
2024-03-23,3336.593994140625,0.035378137308897495,1,1,0.5438719634273139,0.4561280365726861,0.5438719634273139,10.0,scale,0.24699854649432282,510,1010,1110,1140
2024-03-24,3454.636474609375,0.039438972943898865,1,1,0.5424486235776605,0.45755137642233945,0.5424486235776605,10.0,scale,0.24699854649432282,510,1010,1110,1140
2024-03-25,3590.8837890625,-0.0009409678643157449,0,1,0.5288980009323581,0.47110199906764194,0.5288980009323581,10.0,scale,0.24699854649432282,510,1010,1110,1140
2024-03-26,3587.5048828125,-0.024359450730277232,0,1,0.5156389186077353,0.48436108139226475,0.5156389186077353,10.0,scale,0.24699854649432282,510,1010,1110,1140
2024-03-27,3500.115234375,0.017479056214108946,1,1,0.5157723468724466,0.48422765312755345,0.5157723468724466,10.0,scale,0.24699854649432282,510,1010,1110,1140
2024-03-28,3561.2939453125,-0.013896014686989755,0,1,0.5356063563727683,0.4643936436272317,0.5356063563727683,10.0,scale,0.24699854649432282,510,1010,1110,1140
2024-03-29,3511.80615234375,-0.0010996667352133338,0,1,0.5326831874872185,0.46731681251278145,0.5326831874872185,10.0,scale,0.24699854649432282,510,1010,1110,1140
2024-03-30,3507.9443359375,0.03988435846648297,1,1,0.5361153383910762,0.46388466160892383,0.5361153383910762,10.0,scale,0.24699854649432282,510,1010,1110,1140
2024-03-31,3647.8564453125,-0.03915351882861429,0,1,0.5289271828974498,0.4710728171025502,0.5289271828974498,10.0,scale,0.24699854649432282,510,1010,1110,1140
2024-04-01,3505.030029296875,-0.0649910010049034,0,0,0.4903076721071666,0.5096923278928334,0.5096923278928334,10.0,scale,0.24699854649432282,510,1010,1110,1140
2024-04-02,3277.234619140625,0.010437847565395009,1,1,0.5089307396957271,0.4910692603042729,0.5089307396957271,10.0,scale,0.24699854649432282,510,1010,1110,1140
2024-04-03,3311.44189453125,0.00561647566373269,1,1,0.5579648734576294,0.44203512654237065,0.5579648734576294,10.0,scale,0.24699854649432282,510,1010,1110,1140
2024-04-04,3330.04052734375,-0.0033498911937862585,0,1,0.5433908928261525,0.4566091071738475,0.5433908928261525,10.0,scale,0.24699854649432282,510,1010,1110,1140
2024-04-05,3318.88525390625,0.010635674717235144,1,1,0.5339250174549045,0.4660749825450955,0.5339250174549045,10.0,scale,0.24699854649432282,510,1010,1110,1140
2024-04-06,3354.183837890625,0.02960803456678729,1,1,0.5485762918061914,0.4514237081938086,0.5485762918061914,10.0,scale,0.24699854649432282,510,1010,1110,1140
2024-04-07,3453.49462890625,0.07001548335394525,1,1,0.5731817801045761,0.4268182198954239,0.5731817801045761,10.0,scale,0.24699854649432282,510,1010,1110,1140
2024-04-08,3695.292724609375,-0.051451781685670994,0,1,0.5511604331725278,0.44883956682747217,0.5511604331725278,10.0,scale,0.24699854649432282,510,1010,1110,1140
2024-04-09,3505.163330078125,0.011004831112360725,1,1,0.5341711028917646,0.4658288971082354,0.5341711028917646,10.0,scale,0.24699854649432282,510,1010,1110,1140
2024-04-10,3543.737060546875,-0.010861205883757163,0,1,0.5639094737368104,0.43609052626318956,0.5639094737368104,10.0,scale,0.24699854649432282,510,1010,1110,1140
2024-04-11,3505.247802734375,-0.07480580700184813,0,1,0.5746066070193644,0.4253933929806356,0.5746066070193644,10.0,scale,0.24699854649432282,510,1010,1110,1140
2024-04-12,3243.034912109375,-0.07342952756850973,0,1,0.5541758848651231,0.44582411513487685,0.5541758848651231,10.0,scale,0.24699854649432282,510,1010,1110,1140
2024-04-13,3004.900390625,0.050597851556279494,1,1,0.544391155350661,0.45560884464933904,0.544391155350661,10.0,scale,0.24699854649432282,510,1010,1110,1140
2024-04-14,3156.94189453125,-0.01753011445356112,0,1,0.5572084420277073,0.44279155797229275,0.5572084420277073,1.0,0.01,0.24938954959500564,540,1040,1140,1170
2024-04-15,3101.600341796875,-0.005377925568445963,0,1,0.5624056669708863,0.43759433302911366,0.5624056669708863,1.0,0.01,0.24938954959500564,540,1040,1140,1170
2024-04-16,3084.920166015625,-0.03247819118850337,0,1,0.5614944011893022,0.43850559881069784,0.5614944011893022,1.0,0.01,0.24938954959500564,540,1040,1140,1170
2024-04-17,2984.7275390625,0.027238683519387852,1,1,0.5637767658140762,0.4362232341859238,0.5637767658140762,1.0,0.01,0.24938954959500564,540,1040,1140,1170
2024-04-18,3066.027587890625,-0.0022012272375354636,0,1,0.5583803215188128,0.4416196784811872,0.5583803215188128,1.0,0.01,0.24938954959500564,540,1040,1140,1170
2024-04-19,3059.278564453125,0.032147655318233825,1,1,0.5615072689535671,0.43849273104643294,0.5615072689535671,1.0,0.01,0.24938954959500564,540,1040,1140,1170
2024-04-20,3157.627197265625,-0.0032741746890918577,0,1,0.5569711002532765,0.44302889974672355,0.5569711002532765,1.0,0.01,0.24938954959500564,540,1040,1140,1170
2024-04-21,3147.28857421875,0.017273130222613897,1,1,0.5603332658483702,0.4396667341516298,0.5603332658483702,1.0,0.01,0.24938954959500564,540,1040,1140,1170
2024-04-22,3201.652099609375,0.0057031560320381924,1,1,0.5594255956243676,0.44057440437563244,0.5594255956243676,1.0,0.01,0.24938954959500564,540,1040,1140,1170
2024-04-23,3219.91162109375,-0.024878460883124842,0,1,0.5582841038132123,0.44171589618678775,0.5582841038132123,1.0,0.01,0.24938954959500564,540,1040,1140,1170
2024-04-24,3139.80517578125,0.005320185415315981,1,1,0.5619545186477352,0.43804548135226484,0.5619545186477352,1.0,0.01,0.24938954959500564,540,1040,1140,1170
2024-04-25,3156.509521484375,-0.008346157799679732,0,1,0.559067365908173,0.44093263409182704,0.559067365908173,1.0,0.01,0.24938954959500564,540,1040,1140,1170
2024-04-26,3130.164794921875,0.03897667565831631,1,1,0.5587763754273607,0.4412236245726393,0.5587763754273607,1.0,0.01,0.24938954959500564,540,1040,1140,1170
2024-04-27,3252.168212890625,0.0032613458524253236,1,1,0.5563974926259463,0.4436025073740537,0.5563974926259463,1.0,0.01,0.24938954959500564,540,1040,1140,1170
2024-04-28,3262.774658203125,-0.01451087129353712,0,1,0.5574233061379926,0.4425766938620074,0.5574233061379926,1.0,0.01,0.24938954959500564,540,1040,1140,1170
2024-04-29,3215.428955078125,-0.06317729070733402,0,1,0.5602310743237754,0.4397689256762246,0.5602310743237754,1.0,0.01,0.24938954959500564,540,1040,1140,1170
2024-04-30,3012.286865234375,-0.014109611457047588,0,1,0.5639543663550252,0.43604563364497484,0.5639543663550252,1.0,0.01,0.24938954959500564,540,1040,1140,1170
2024-05-01,2969.78466796875,0.0061902767768931,1,1,0.5605612364213634,0.43943876357863665,0.5605612364213634,1.0,0.01,0.24938954959500564,540,1040,1140,1170
2024-05-02,2988.16845703125,0.03861011747338838,1,1,0.5571564623186893,0.4428435376813107,0.5571564623186893,1.0,0.01,0.24938954959500564,540,1040,1140,1170
2024-05-03,3103.5419921875,0.004522066678476877,1,1,0.5556110108158124,0.44438898918418757,0.5556110108158124,1.0,0.01,0.24938954959500564,540,1040,1140,1170
2024-05-04,3117.576416015625,0.006310224609351378,1,1,0.5564836865135481,0.44351631348645193,0.5564836865135481,1.0,0.01,0.24938954959500564,540,1040,1140,1170
2024-05-05,3137.2490234375,-0.02375337855399917,0,1,0.5575235570733031,0.44247644292669686,0.5575235570733031,1.0,0.01,0.24938954959500564,540,1040,1140,1170
2024-05-06,3062.728759765625,-0.01833385054066039,0,1,0.5610825485881027,0.4389174514118973,0.5610825485881027,1.0,0.01,0.24938954959500564,540,1040,1140,1170
2024-05-07,3006.5771484375,-0.010949302229649516,0,1,0.5591905533632143,0.4408094466367857,0.5591905533632143,1.0,0.01,0.24938954959500564,540,1040,1140,1170
2024-05-08,2973.6572265625,0.0209719132026831,1,1,0.5590053008066713,0.4409946991933287,0.5590053008066713,1.0,0.01,0.24938954959500564,540,1040,1140,1170
2024-05-09,3036.0205078125,-0.041577205332458456,0,1,0.5561966490682628,0.4438033509317372,0.5561966490682628,1.0,0.01,0.24938954959500564,540,1040,1140,1170
2024-05-10,2909.791259765625,0.0006223095933592937,1,1,0.56237873216422,0.43762126783578004,0.56237873216422,1.0,0.01,0.24938954959500564,540,1040,1140,1170
2024-05-11,2911.60205078125,0.005873005038939505,1,1,0.5573020018626029,0.4426979981373971,0.5573020018626029,1.0,0.01,0.24938954959500564,540,1040,1140,1170
2024-05-12,2928.701904296875,0.007053539594945368,1,1,0.5572350544843064,0.44276494551569356,0.5572350544843064,1.0,0.01,0.24938954959500564,540,1040,1140,1170
2024-05-13,2949.359619140625,-0.023124226599441355,0,1,0.5621094354056685,0.4378905645943315,0.5621094354056685,1.0,0.01,0.24938954959500564,540,1040,1140,1170
2024-05-14,2881.157958984375,0.05410973083044013,1,1,0.5554435836519581,0.4445564163480419,0.5554435836519581,1.0,0.01,0.25065430370217046,570,1070,1170,1200
2024-05-15,3037.056640625,-0.030267969283067964,0,1,0.5710103948424315,0.42898960515756845,0.5710103948424315,1.0,0.01,0.25065430370217046,570,1070,1170,1200
2024-05-16,2945.131103515625,0.050587747570991715,1,1,0.555934423841383,0.44406557615861697,0.555934423841383,1.0,0.01,0.25065430370217046,570,1070,1170,1200
2024-05-17,3094.11865234375,0.009317781735288744,1,1,0.5705648255325967,0.4294351744674033,0.5705648255325967,1.0,0.01,0.25065430370217046,570,1070,1170,1200
2024-05-18,3122.948974609375,-0.0163646468279689,0,1,0.5706962334471831,0.4293037665528169,0.5706962334471831,1.0,0.01,0.25065430370217046,570,1070,1170,1200
2024-05-19,3071.843017578125,0.19272223475749883,1,1,0.5596849019257996,0.44031509807420044,0.5596849019257996,1.0,0.01,0.25065430370217046,570,1070,1170,1200
2024-05-20,3663.85546875,0.03424187347472718,1,1,0.5472615335929665,0.4527384664070335,0.5472615335929665,1.0,0.01,0.25065430370217046,570,1070,1170,1200
2024-05-21,3789.312744140625,-0.013747867811565229,0,1,0.5493650407208432,0.45063495927915675,0.5493650407208432,1.0,0.01,0.25065430370217046,570,1070,1170,1200
2024-05-22,3737.2177734375,0.010625410415868064,1,1,0.5497872593193082,0.45021274068069184,0.5497872593193082,1.0,0.01,0.25065430370217046,570,1070,1170,1200
2024-05-23,3776.92724609375,-0.013236335392203924,0,1,0.543629895867884,0.456370104132116,0.543629895867884,1.0,0.01,0.25065430370217046,570,1070,1170,1200
2024-05-24,3726.9345703125,0.005984006837891798,1,1,0.561960733097819,0.438039266902181,0.561960733097819,1.0,0.01,0.25065430370217046,570,1070,1170,1200
2024-05-25,3749.236572265625,0.020447066274494885,1,1,0.5654267107812203,0.4345732892187797,0.5654267107812203,1.0,0.01,0.25065430370217046,570,1070,1170,1200
2024-05-26,3825.8974609375,0.017279442451079374,1,1,0.5502740141725361,0.4497259858274639,0.5502740141725361,1.0,0.01,0.25065430370217046,570,1070,1170,1200
2024-05-27,3892.0068359375,-0.013296607756030476,0,1,0.5501833624815695,0.4498166375184305,0.5501833624815695,1.0,0.01,0.25065430370217046,570,1070,1170,1200
2024-05-28,3840.25634765625,-0.020066320442424512,0,1,0.5475805339676963,0.45241946603230365,0.5475805339676963,1.0,0.01,0.25065430370217046,570,1070,1170,1200
2024-05-29,3763.196533203125,-0.0043438931992773044,0,1,0.5493908761768981,0.4506091238231019,0.5493908761768981,1.0,0.01,0.25065430370217046,570,1070,1170,1200
2024-05-30,3746.849609375,0.0035168216840502087,1,1,0.5532262214143319,0.44677377858566814,0.5532262214143319,1.0,0.01,0.25065430370217046,570,1070,1170,1200
2024-05-31,3760.026611328125,0.014141485892959826,1,1,0.5524083536901017,0.44759164630989834,0.5524083536901017,1.0,0.01,0.25065430370217046,570,1070,1170,1200
2024-06-01,3813.198974609375,-0.00847135927884124,0,1,0.5627086935747009,0.4372913064252991,0.5627086935747009,1.0,0.01,0.25065430370217046,570,1070,1170,1200
2024-06-02,3780.89599609375,-0.0038368778068711418,0,1,0.544135392171581,0.455864607828419,0.544135392171581,1.0,0.01,0.25065430370217046,570,1070,1170,1200
2024-06-03,3766.38916015625,0.01224693121792586,1,1,0.5560842166999056,0.4439157833000944,0.5560842166999056,1.0,0.01,0.25065430370217046,570,1070,1170,1200
2024-06-04,3812.515869140625,0.013572433260235606,1,1,0.5680923499516846,0.43190765004831544,0.5680923499516846,1.0,0.01,0.25065430370217046,570,1070,1170,1200
2024-06-05,3864.260986328125,-0.0136261576231963,0,1,0.5638986371162955,0.4361013628837045,0.5638986371162955,1.0,0.01,0.25065430370217046,570,1070,1170,1200
2024-06-06,3811.60595703125,-0.03488734358684775,0,1,0.5625246350511797,0.43747536494882033,0.5625246350511797,1.0,0.01,0.25065430370217046,570,1070,1170,1200
2024-06-07,3678.629150390625,0.0006308874002707299,1,1,0.5461531475181092,0.45384685248189083,0.5461531475181092,1.0,0.01,0.25065430370217046,570,1070,1170,1200
2024-06-08,3680.949951171875,0.006779189544245501,1,1,0.5695815681526986,0.43041843184730144,0.5695815681526986,1.0,0.01,0.25065430370217046,570,1070,1170,1200
2024-06-09,3705.90380859375,-0.010574014146293997,0,1,0.5661133040892944,0.4338866959107056,0.5661133040892944,1.0,0.01,0.25065430370217046,570,1070,1170,1200
2024-06-10,3666.717529296875,-0.04592308012417712,0,1,0.5528224852333574,0.4471775147666426,0.5528224852333574,1.0,0.01,0.25065430370217046,570,1070,1170,1200
2024-06-11,3498.33056640625,0.01751895888957078,1,1,0.5306293463266277,0.4693706536733723,0.5306293463266277,1.0,0.01,0.25065430370217046,570,1070,1170,1200
2024-06-12,3559.61767578125,-0.025378125970065946,0,1,0.563805852278538,0.43619414772146203,0.563805852278538,1.0,0.01,0.25065430370217046,570,1070,1170,1200
2024-06-13,3469.28125,0.003168011430681794,1,1,0.5645063027981533,0.4354936972018467,0.5645063027981533,10.0,scale,0.24948633781885637,600,1100,1200,1230
2024-06-14,3480.27197265625,0.024503138996214258,1,1,0.5673429314508169,0.43265706854918307,0.5673429314508169,10.0,scale,0.24948633781885637,600,1100,1200,1230
2024-06-15,3565.549560546875,0.015429295002475696,1,1,0.558698812404215,0.44130118759578496,0.558698812404215,10.0,scale,0.24948633781885637,600,1100,1200,1230
2024-06-16,3620.5634765625,-0.03015678941117861,0,1,0.5557541187004407,0.44424588129955933,0.5557541187004407,10.0,scale,0.24948633781885637,600,1100,1200,1230
2024-06-17,3511.37890625,-0.007887929643914382,0,1,0.568310089866075,0.431689910133925,0.568310089866075,10.0,scale,0.24948633781885637,600,1100,1200,1230
2024-06-18,3483.681396484375,0.021720130807989513,1,1,0.5675781765585765,0.43242182344142355,0.5675781765585765,10.0,scale,0.24948633781885637,600,1100,1200,1230
2024-06-19,3559.347412109375,-0.013558805157003362,0,1,0.5599764208666863,0.4400235791333137,0.5599764208666863,10.0,scale,0.24948633781885637,600,1100,1200,1230
2024-06-20,3511.0869140625,0.0014208618736464285,1,1,0.5614553133915282,0.4385446866084718,0.5614553133915282,10.0,scale,0.24948633781885637,600,1100,1200,1230
2024-06-21,3516.07568359375,-0.006047141456727134,0,1,0.5592931578134135,0.4407068421865865,0.5592931578134135,10.0,scale,0.24948633781885637,600,1100,1200,1230
2024-06-22,3494.8134765625,-0.02180421377772701,0,1,0.5569013011075483,0.4430986988924517,0.5569013011075483,10.0,scale,0.24948633781885637,600,1100,1200,1230
2024-06-23,3418.61181640625,-0.019995095208515723,0,1,0.5692269646790882,0.4307730353209118,0.5692269646790882,10.0,scale,0.24948633781885637,600,1100,1200,1230
2024-06-24,3350.25634765625,0.013363963957398806,1,1,0.5716455648421541,0.4283544351578459,0.5716455648421541,10.0,scale,0.24948633781885637,600,1100,1200,1230
2024-06-25,3395.029052734375,-0.007526226555239823,0,1,0.5599535420857913,0.4400464579142087,0.5599535420857913,10.0,scale,0.24948633781885637,600,1100,1200,1230
2024-06-26,3369.477294921875,0.0223545777563241,1,1,0.5633878265879799,0.4366121734120201,0.5633878265879799,10.0,scale,0.24948633781885637,600,1100,1200,1230
2024-06-27,3444.800537109375,-0.02065854031739267,0,1,0.5591356576259581,0.44086434237404193,0.5591356576259581,10.0,scale,0.24948633781885637,600,1100,1200,1230
2024-06-28,3373.635986328125,-0.00019806905467367741,0,1,0.5598696084555139,0.4401303915444861,0.5598696084555139,10.0,scale,0.24948633781885637,600,1100,1200,1230
2024-06-29,3372.9677734375,0.017765182101838528,1,1,0.5611702068400559,0.4388297931599441,0.5611702068400559,10.0,scale,0.24948633781885637,600,1100,1200,1230
2024-06-30,3432.88916015625,0.0021708806286613314,1,1,0.5622439658118353,0.43775603418816467,0.5622439658118353,10.0,scale,0.24948633781885637,600,1100,1200,1230
2024-07-01,3440.341552734375,-0.0069722194841920215,0,1,0.5611746302446,0.4388253697554,0.5611746302446,10.0,scale,0.24948633781885637,600,1100,1200,1230
2024-07-02,3416.354736328125,-0.03613149037734886,0,1,0.5573404771644813,0.4426595228355187,0.5573404771644813,10.0,scale,0.24948633781885637,600,1100,1200,1230
2024-07-03,3292.916748046875,-0.07239623520151972,0,1,0.5684726936074931,0.4315273063925069,0.5684726936074931,10.0,scale,0.24948633781885637,600,1100,1200,1230
2024-07-04,3054.52197265625,-0.023873895979977133,0,1,0.5639523736168407,0.4360476263831593,0.5639523736168407,10.0,scale,0.24948633781885637,600,1100,1200,1230
2024-07-05,2981.5986328125,0.029440346500360093,1,1,0.5724435779297803,0.4275564220702197,0.5724435779297803,10.0,scale,0.24948633781885637,600,1100,1200,1230
2024-07-06,3069.3779296875,-0.045608825587177826,0,1,0.5684392428497433,0.43156075715025666,0.5684392428497433,10.0,scale,0.24948633781885637,600,1100,1200,1230
2024-07-07,2929.38720703125,0.03049945952793487,1,1,0.5726862969928869,0.42731370300711313,0.5726862969928869,10.0,scale,0.24948633781885637,600,1100,1200,1230
2024-07-08,3018.73193359375,0.015006640664742665,1,1,0.5597533110555728,0.4402466889444272,0.5597533110555728,10.0,scale,0.24948633781885637,600,1100,1200,1230
2024-07-09,3064.032958984375,0.01246259146908213,1,1,0.5642680263141756,0.4357319736858244,0.5642680263141756,10.0,scale,0.24948633781885637,600,1100,1200,1230
2024-07-10,3102.21875,-0.0006085771524413364,0,1,0.5603941948985498,0.4396058051014502,0.5603941948985498,10.0,scale,0.24948633781885637,600,1100,1200,1230
2024-07-11,3100.330810546875,0.010911055279745563,1,1,0.5595677683989251,0.4404322316010749,0.5595677683989251,10.0,scale,0.24948633781885637,600,1100,1200,1230
2024-07-12,3134.15869140625,0.013732565354943382,1,1,0.55975579566875,0.44024420433125,0.55975579566875,10.0,scale,0.24948633781885637,600,1100,1200,1230
2024-07-13,3177.19873046875,0.021050106325543716,1,1,0.5181524582459062,0.48184754175409383,0.5181524582459062,1.0,0.1,0.25138136739748906,630,1130,1230,1260
2024-07-14,3244.0791015625,0.0756682020158721,1,1,0.5287294575131569,0.4712705424868431,0.5287294575131569,1.0,0.1,0.25138136739748906,630,1130,1230,1260
2024-07-15,3489.552734375,-0.013193469233778732,0,1,0.535935898287662,0.46406410171233803,0.535935898287662,1.0,0.1,0.25138136739748906,630,1130,1230,1260
2024-07-16,3443.513427734375,-0.0159026492788078,0,1,0.5498777120087721,0.4501222879912279,0.5498777120087721,1.0,0.1,0.25138136739748906,630,1130,1230,1260
2024-07-17,3388.75244140625,0.011067820433664055,1,1,0.5277542212172007,0.4722457787827993,0.5277542212172007,1.0,0.1,0.25138136739748906,630,1130,1230,1260
2024-07-18,3426.258544921875,0.023196240831611536,1,1,0.5197452294479555,0.48025477055204446,0.5197452294479555,1.0,0.1,0.25138136739748906,630,1130,1230,1260
2024-07-19,3505.73486328125,0.003868103950767088,1,1,0.5285494556200666,0.4714505443799334,0.5285494556200666,1.0,0.1,0.25138136739748906,630,1130,1230,1260
2024-07-20,3519.29541015625,0.0049186148294897425,1,1,0.5514011275872802,0.4485988724127198,0.5514011275872802,1.0,0.1,0.25138136739748906,630,1130,1230,1260
2024-07-21,3536.60546875,-0.027197137968854812,0,1,0.5562018040816357,0.44379819591836434,0.5562018040816357,1.0,0.1,0.25138136739748906,630,1130,1230,1260
2024-07-22,3440.419921875,0.012084550339342526,1,1,0.5831287432532963,0.41687125674670367,0.5831287432532963,1.0,0.1,0.25138136739748906,630,1130,1230,1260
2024-07-23,3481.995849609375,-0.04183132330756956,0,1,0.5486497512654792,0.4513502487345208,0.5486497512654792,1.0,0.1,0.25138136739748906,630,1130,1230,1260
2024-07-24,3336.33935546875,-0.04852986825503891,0,1,0.5480083249919193,0.4519916750080807,0.5480083249919193,1.0,0.1,0.25138136739748906,630,1130,1230,1260
2024-07-25,3174.42724609375,0.031981885880926875,1,1,0.5869961283482339,0.4130038716517661,0.5869961283482339,1.0,0.1,0.25138136739748906,630,1130,1230,1260
2024-07-26,3275.951416015625,-0.008651992126869734,0,1,0.5063580955717035,0.4936419044282965,0.5063580955717035,1.0,0.1,0.25138136739748906,630,1130,1230,1260
2024-07-27,3247.60791015625,0.007345926636807887,1,1,0.5340299262442062,0.4659700737557938,0.5340299262442062,1.0,0.1,0.25138136739748906,630,1130,1230,1260
2024-07-28,3271.464599609375,0.015000836945357587,1,1,0.5129753692249706,0.48702463077502944,0.5129753692249706,1.0,0.1,0.25138136739748906,630,1130,1230,1260
2024-07-29,3320.539306640625,-0.012609873928464688,0,1,0.5619881047432091,0.43801189525679085,0.5619881047432091,1.0,0.1,0.25138136739748906,630,1130,1230,1260
2024-07-30,3278.667724609375,-0.01444857310697567,0,1,0.5100558021886895,0.4899441978113105,0.5100558021886895,1.0,0.1,0.25138136739748906,630,1130,1230,1260
2024-07-31,3231.295654296875,-0.009201015429318393,0,1,0.5358392814951992,0.4641607185048008,0.5358392814951992,1.0,0.1,0.25138136739748906,630,1130,1230,1260
2024-08-01,3201.564453125,-0.06732685619396284,0,1,0.5509990538903795,0.4490009461096205,0.5509990538903795,1.0,0.1,0.25138136739748906,630,1130,1230,1260
2024-08-02,2986.01318359375,-0.02767149249716494,0,1,0.5598604498755009,0.4401395501244991,0.5598604498755009,1.0,0.1,0.25138136739748906,630,1130,1230,1260
2024-08-03,2903.3857421875,-0.07473578631090383,0,1,0.5723722176051643,0.4276277823948357,0.5723722176051643,1.0,0.1,0.25138136739748906,630,1130,1230,1260
2024-08-04,2686.39892578125,-0.10020575290203382,0,1,0.561720118344216,0.438279881655784,0.561720118344216,1.0,0.1,0.25138136739748906,630,1130,1230,1260
2024-08-05,2417.206298828125,0.01717585219975959,1,1,0.5277331623463556,0.4722668376536444,0.5277331623463556,1.0,0.1,0.25138136739748906,630,1130,1230,1260
2024-08-06,2458.723876953125,-0.049673947786168404,0,1,0.5816526578035103,0.4183473421964897,0.5816526578035103,1.0,0.1,0.25138136739748906,630,1130,1230,1260
2024-08-07,2336.58935546875,0.14840580649003665,1,1,0.5913235125902793,0.40867648740972073,0.5913235125902793,1.0,0.1,0.25138136739748906,630,1130,1230,1260
2024-08-08,2683.352783203125,-0.03121250061300085,0,1,0.5254857733583067,0.4745142266416933,0.5254857733583067,1.0,0.1,0.25138136739748906,630,1130,1230,1260
2024-08-09,2599.5986328125,0.004009971491242048,1,1,0.5362849597414435,0.4637150402585565,0.5362849597414435,1.0,0.1,0.25138136739748906,630,1130,1230,1260
2024-08-10,2610.02294921875,-0.021751054706288353,0,1,0.5211662458955544,0.4788337541044456,0.5211662458955544,1.0,0.1,0.25138136739748906,630,1130,1230,1260
2024-08-11,2553.252197265625,0.0670437834865365,1,1,0.5385993251072078,0.46140067489279224,0.5385993251072078,1.0,0.1,0.25138136739748906,630,1130,1230,1260
2024-08-12,2724.431884765625,-0.007619940833063277,0,1,0.5111971247488842,0.48880287525111576,0.5111971247488842,10.0,scale,0.25362349687761127,660,1160,1260,1290
2024-08-13,2703.671875,-0.015074713930707695,0,1,0.5127947195419408,0.4872052804580592,0.5127947195419408,10.0,scale,0.25362349687761127,660,1160,1260,1290
2024-08-14,2662.914794921875,-0.03485922591835067,0,1,0.5087188318892737,0.4912811681107263,0.5087188318892737,10.0,scale,0.25362349687761127,660,1160,1260,1290
2024-08-15,2570.087646484375,0.008987583355268836,1,1,0.5240263326859999,0.47597366731400015,0.5240263326859999,10.0,scale,0.25362349687761127,660,1160,1260,1290
2024-08-16,2593.1865234375,0.008237105726658145,1,1,0.5204176073546128,0.47958239264538716,0.5204176073546128,10.0,scale,0.25362349687761127,660,1160,1260,1290
2024-08-17,2614.546875,-0.00045503000041835495,0,1,0.5186474911391179,0.4813525088608821,0.5186474911391179,10.0,scale,0.25362349687761127,660,1160,1260,1290
2024-08-18,2613.357177734375,0.009164158253623267,1,1,0.5164456539455838,0.48355434605441616,0.5164456539455838,10.0,scale,0.25362349687761127,660,1160,1260,1290
2024-08-19,2637.306396484375,-0.024342815448445854,0,1,0.5248986482056743,0.47510135179432567,0.5248986482056743,10.0,scale,0.25362349687761127,660,1160,1260,1290
2024-08-20,2573.10693359375,0.02265299333570292,1,1,0.5252436181284988,0.47475638187150115,0.5252436181284988,10.0,scale,0.25362349687761127,660,1160,1260,1290
2024-08-21,2631.3955078125,-0.003208978571182075,0,1,0.5248709209125929,0.4751290790874071,0.5248709209125929,10.0,scale,0.25362349687761127,660,1160,1260,1290
2024-08-22,2622.951416015625,0.05394518732020126,1,1,0.5281721208099754,0.47182787919002456,0.5281721208099754,10.0,scale,0.25362349687761127,660,1160,1260,1290
2024-08-23,2764.447021484375,0.0017879260896347393,1,1,0.5283332160917606,0.47166678390823935,0.5283332160917606,10.0,scale,0.25362349687761127,660,1160,1260,1290
2024-08-24,2769.3896484375,-0.007305556877908126,0,1,0.5202854133377025,0.4797145866622975,0.5202854133377025,10.0,scale,0.25362349687761127,660,1160,1260,1290
2024-08-25,2749.15771484375,-0.024668333251928187,0,1,0.5203898980894675,0.47961010191053255,0.5203898980894675,10.0,scale,0.25362349687761127,660,1160,1260,1290
2024-08-26,2681.340576171875,-0.08302340092495786,0,1,0.527681629939728,0.472318370060272,0.527681629939728,10.0,scale,0.25362349687761127,660,1160,1260,1290
2024-08-27,2458.7265625,0.02834351973360194,1,1,0.5326667575588305,0.46733324244116947,0.5326667575588305,10.0,scale,0.25362349687761127,660,1160,1260,1290
2024-08-28,2528.41552734375,0.00014918325787260933,1,1,0.5239015115956666,0.47609848840433344,0.5239015115956666,10.0,scale,0.25362349687761127,660,1160,1260,1290
2024-08-29,2528.792724609375,-0.0011747515310726042,0,1,0.5248268788193776,0.4751731211806224,0.5248268788193776,10.0,scale,0.25362349687761127,660,1160,1260,1290
2024-08-30,2525.822021484375,-0.004920466505769938,0,1,0.5183844380893637,0.48161556191063626,0.5183844380893637,10.0,scale,0.25362349687761127,660,1160,1260,1290
2024-08-31,2513.393798828125,-0.034014349489517204,0,1,0.5206927758044486,0.4793072241955514,0.5206927758044486,10.0,scale,0.25362349687761127,660,1160,1260,1290
2024-09-01,2427.90234375,0.04542394894641233,1,1,0.521852836550783,0.47814716344921704,0.521852836550783,10.0,scale,0.25362349687761127,660,1160,1260,1290
2024-09-02,2538.187255859375,-0.04632577672207194,0,1,0.5257082321705413,0.4742917678294587,0.5257082321705413,10.0,scale,0.25362349687761127,660,1160,1260,1290
2024-09-03,2420.603759765625,0.011721576032903469,1,1,0.5213270249898871,0.47867297501011286,0.5213270249898871,10.0,scale,0.25362349687761127,660,1160,1260,1290
2024-09-04,2448.97705078125,-0.03317283105091118,0,1,0.5151260600683554,0.4848739399316446,0.5151260600683554,10.0,scale,0.25362349687761127,660,1160,1260,1290
2024-09-05,2367.737548828125,-0.06075888100671323,0,1,0.5237219561793458,0.4762780438206542,0.5237219561793458,10.0,scale,0.25362349687761127,660,1160,1260,1290
2024-09-06,2223.87646484375,0.022587006825558698,1,1,0.519676905809104,0.480323094190896,0.519676905809104,10.0,scale,0.25362349687761127,660,1160,1260,1290
2024-09-07,2274.107177734375,0.010195557730363625,1,1,0.5177246886503424,0.4822753113496576,0.5177246886503424,10.0,scale,0.25362349687761127,660,1160,1260,1290
2024-09-08,2297.29296875,0.026635352920471922,1,1,0.5163119152972616,0.4836880847027384,0.5163119152972616,10.0,scale,0.25362349687761127,660,1160,1260,1290
2024-09-09,2358.482177734375,0.013185970725884122,1,1,0.521161644691082,0.47883835530891805,0.521161644691082,10.0,scale,0.25362349687761127,660,1160,1260,1290
2024-09-10,2389.5810546875,-0.020815155801287455,0,1,0.521688426749472,0.478311573250528,0.521688426749472,10.0,scale,0.25362349687761127,660,1160,1260,1290
2024-09-11,2339.841552734375,0.009376782595058808,1,1,0.5325091643857693,0.46749083561423066,0.5325091643857693,10.0,scale,0.25651993564054043,690,1190,1290,1320
2024-09-12,2361.78173828125,0.03379882152498004,1,1,0.52747515311222,0.47252484688777996,0.52747515311222,10.0,scale,0.25651993564054043,690,1190,1290,1320
2024-09-13,2441.607177734375,-0.009424724345186375,0,1,0.5239150110478897,0.47608498895211027,0.5239150110478897,10.0,scale,0.25651993564054043,690,1190,1290,1320
2024-09-14,2418.595703125,-0.04039471590968735,0,1,0.5239979263920456,0.47600207360795443,0.5239979263920456,10.0,scale,0.25651993564054043,690,1190,1290,1320
2024-09-15,2320.897216796875,-0.011036044683605084,0,1,0.5264555695076338,0.47354443049236616,0.5264555695076338,10.0,scale,0.25651993564054043,690,1190,1290,1320
2024-09-16,2295.28369140625,0.020225853753695455,1,0,0.4962952198634094,0.5037047801365906,0.5037047801365906,10.0,scale,0.25651993564054043,690,1190,1290,1320
2024-09-17,2341.707763671875,0.011966155926492306,1,1,0.5320258895484988,0.46797411045150117,0.5320258895484988,10.0,scale,0.25651993564054043,690,1190,1290,1320
2024-09-18,2369.72900390625,0.04009875947956032,1,1,0.5195530829811158,0.4804469170188842,0.5195530829811158,10.0,scale,0.25651993564054043,690,1190,1290,1320
2024-09-19,2464.752197265625,0.039078907942797114,1,1,0.5168398471235182,0.48316015287648184,0.5168398471235182,10.0,scale,0.25651993564054043,690,1190,1290,1320
2024-09-20,2561.072021484375,0.021391493792606076,1,1,0.503201893209521,0.496798106790479,0.503201893209521,10.0,scale,0.25651993564054043,690,1190,1290,1320
2024-09-21,2615.857177734375,-0.012613314361003103,0,0,0.4560274017055588,0.5439725982944412,0.5439725982944412,10.0,scale,0.25651993564054043,690,1190,1290,1320
2024-09-22,2582.862548828125,0.025430636221980274,1,0,0.49601844850100657,0.5039815514989934,0.5039815514989934,10.0,scale,0.25651993564054043,690,1190,1290,1320
2024-09-23,2648.54638671875,0.0021931251720292977,1,1,0.5082100303530599,0.4917899696469401,0.5082100303530599,10.0,scale,0.25651993564054043,690,1190,1290,1320
2024-09-24,2654.35498046875,-0.028242759218479185,0,1,0.5034035548800128,0.49659644511998724,0.5034035548800128,10.0,scale,0.25651993564054043,690,1190,1290,1320
2024-09-25,2579.388671875,0.020474339471486358,1,0,0.49480860811668015,0.5051913918833199,0.5051913918833199,10.0,scale,0.25651993564054043,690,1190,1290,1320
2024-09-26,2632.199951171875,0.024200548885121798,1,1,0.5200617533864632,0.4799382466135368,0.5200617533864632,10.0,scale,0.25651993564054043,690,1190,1290,1320
2024-09-27,2695.900634765625,-0.006810923232421495,0,1,0.5183215156407929,0.4816784843592071,0.5183215156407929,10.0,scale,0.25651993564054043,690,1190,1290,1320
2024-09-28,2677.5390625,-0.006794350426726936,0,0,0.4922190313073932,0.5077809686926068,0.5077809686926068,10.0,scale,0.25651993564054043,690,1190,1290,1320
2024-09-29,2659.346923828125,-0.021164662339909768,0,0,0.482668668601537,0.517331331398463,0.517331331398463,10.0,scale,0.25651993564054043,690,1190,1290,1320
2024-09-30,2603.062744140625,-0.059215476810716816,0,0,0.47300260168309755,0.5269973983169025,0.5269973983169025,10.0,scale,0.25651993564054043,690,1190,1290,1320
2024-10-01,2448.921142578125,-0.03417400898294953,0,0,0.4743422521178741,0.5256577478821258,0.5256577478821258,10.0,scale,0.25651993564054043,690,1190,1290,1320
2024-10-02,2365.231689453125,-0.006528083382423278,0,0,0.4851913775606556,0.5148086224393444,0.5148086224393444,10.0,scale,0.25651993564054043,690,1190,1290,1320
2024-10-03,2349.791259765625,0.027663174452933648,1,0,0.4899169115755787,0.5100830884244213,0.5100830884244213,10.0,scale,0.25651993564054043,690,1190,1290,1320
2024-10-04,2414.7939453125,0.0003469822452661919,1,1,0.5068522872089831,0.4931477127910169,0.5068522872089831,10.0,scale,0.25651993564054043,690,1190,1290,1320
2024-10-05,2415.6318359375,0.010070213255379601,1,1,0.5160070429949236,0.4839929570050764,0.5160070429949236,10.0,scale,0.25651993564054043,690,1190,1290,1320
2024-10-06,2439.957763671875,-0.0074432160600884645,0,1,0.5209767188868741,0.47902328111312587,0.5209767188868741,10.0,scale,0.25651993564054043,690,1190,1290,1320
2024-10-07,2421.796630859375,0.007450745129958358,1,1,0.5005825750336085,0.4994174249663915,0.5005825750336085,10.0,scale,0.25651993564054043,690,1190,1290,1320
2024-10-08,2439.8408203125,-0.029328705566008972,0,1,0.5215153916338333,0.4784846083661667,0.5215153916338333,10.0,scale,0.25651993564054043,690,1190,1290,1320
2024-10-09,2368.283447265625,0.0065762664129611625,1,1,0.5061060157748078,0.49389398422519215,0.5061060157748078,10.0,scale,0.25651993564054043,690,1190,1290,1320
2024-10-10,2383.85791015625,0.022088362462288513,1,0,0.4936539676228321,0.5063460323771679,0.5063460323771679,10.0,scale,0.25651993564054043,690,1190,1290,1320
2024-10-11,2436.513427734375,0.016420909144015505,1,0,0.4987380996848205,0.5012619003151795,0.5012619003151795,1.0,0.01,0.2497970974061491,720,1220,1320,1350
2024-10-12,2476.523193359375,-0.00357202041554483,0,0,0.494403900818134,0.505596099181866,0.505596099181866,1.0,0.01,0.2497970974061491,720,1220,1320,1350
2024-10-13,2467.677001953125,0.06533387483978648,1,1,0.5199037734730195,0.4800962265269805,0.5199037734730195,1.0,0.01,0.2497970974061491,720,1220,1320,1350
2024-10-14,2628.89990234375,-0.00870247272142377,0,1,0.5267037549253198,0.47329624507468016,0.5267037549253198,1.0,0.01,0.2497970974061491,720,1220,1320,1350
2024-10-15,2606.02197265625,0.0019493612019787498,1,1,0.5230784556086842,0.47692154439131584,0.5230784556086842,1.0,0.01,0.2497970974061491,720,1220,1320,1350
2024-10-16,2611.10205078125,-0.0026152226716711358,0,1,0.5148627475099267,0.48513725249007333,0.5148627475099267,1.0,0.01,0.2497970974061491,720,1220,1320,1350
2024-10-17,2604.2734375,0.014314475606500121,1,1,0.5182811305213211,0.4817188694786789,0.5182811305213211,1.0,0.01,0.2497970974061491,720,1220,1320,1350
2024-10-18,2641.55224609375,0.002689606589697968,1,1,0.5192621812180391,0.48073781878196087,0.5192621812180391,1.0,0.01,0.2497970974061491,720,1220,1320,1350
2024-10-19,2648.656982421875,0.03688927328017333,1,0,0.4945368388562458,0.5054631611437542,0.5054631611437542,1.0,0.01,0.2497970974061491,720,1220,1320,1350
2024-10-20,2746.364013671875,-0.029366775513825272,0,1,0.5313627533490815,0.46863724665091855,0.5313627533490815,1.0,0.01,0.2497970974061491,720,1220,1320,1350
2024-10-21,2665.712158203125,-0.01707410468059689,0,1,0.5511316806574247,0.4488683193425753,0.5511316806574247,1.0,0.01,0.2497970974061491,720,1220,1320,1350
2024-10-22,2620.197509765625,-0.04240086191916037,0,1,0.5275196126265427,0.4724803873734573,0.5275196126265427,1.0,0.01,0.2497970974061491,720,1220,1320,1350
2024-10-23,2509.098876953125,0.010123020035770258,1,1,0.5516658663311068,0.4483341336688932,0.5516658663311068,1.0,0.01,0.2497970974061491,720,1220,1320,1350
2024-10-24,2534.49853515625,-0.03888913398757343,0,1,0.5089012280744,0.49109877192560003,0.5089012280744,1.0,0.01,0.2497970974061491,720,1220,1320,1350
2024-10-25,2435.93408203125,0.017927081761059283,1,1,0.5594094452311823,0.4405905547688177,0.5594094452311823,1.0,0.01,0.2497970974061491,720,1220,1320,1350
2024-10-26,2479.603271484375,0.01062161945285034,1,0,0.48810950551807225,0.5118904944819278,0.5118904944819278,1.0,0.01,0.2497970974061491,720,1220,1320,1350
2024-10-27,2505.940673828125,0.02370665487957191,1,0,0.4999212058819287,0.5000787941180713,0.5000787941180713,1.0,0.01,0.2497970974061491,720,1220,1320,1350
2024-10-28,2565.34814453125,0.02830390688093809,1,1,0.5368732250021347,0.46312677499786525,0.5368732250021347,1.0,0.01,0.2497970974061491,720,1220,1320,1350
2024-10-29,2637.95751953125,0.007359875554762585,1,1,0.5018476982359256,0.49815230176407443,0.5018476982359256,1.0,0.01,0.2497970974061491,720,1220,1320,1350
2024-10-30,2657.37255859375,-0.05327564692788833,0,1,0.5121387898653385,0.48786121013466155,0.5121387898653385,1.0,0.01,0.2497970974061491,720,1220,1320,1350
2024-10-31,2515.79931640625,-0.001555695771857435,0,1,0.5346603538539999,0.4653396461460001,0.5346603538539999,1.0,0.01,0.2497970974061491,720,1220,1320,1350
2024-11-01,2511.885498046875,-0.00828735806127956,0,1,0.512416632827715,0.487583367172285,0.512416632827715,1.0,0.01,0.2497970974061491,720,1220,1320,1350
2024-11-02,2491.068603515625,-0.013907007819047301,0,0,0.4908214020924848,0.5091785979075152,0.5091785979075152,1.0,0.01,0.2497970974061491,720,1220,1320,1350
2024-11-03,2456.42529296875,-0.024181043059307794,0,1,0.5463000249113187,0.4536999750886813,0.5463000249113187,1.0,0.01,0.2497970974061491,720,1220,1320,1350
2024-11-04,2397.0263671875,0.010690023242502233,1,1,0.5373526910141604,0.4626473089858396,0.5373526910141604,1.0,0.01,0.2497970974061491,720,1220,1320,1350
2024-11-05,2422.650634765625,0.12445812465100636,1,1,0.5181255423914142,0.4818744576085858,0.5181255423914142,1.0,0.01,0.2497970974061491,720,1220,1320,1350
2024-11-06,2724.169189453125,0.06292423408548897,1,0,0.4876097063721984,0.5123902936278015,0.5123902936278015,1.0,0.01,0.2497970974061491,720,1220,1320,1350
2024-11-07,2895.58544921875,0.023038926949513483,1,0,0.47556266908847183,0.5244373309115282,0.5244373309115282,1.0,0.01,0.2497970974061491,720,1220,1320,1350
2024-11-08,2962.296630859375,0.05699898471735465,1,1,0.5050061060176213,0.4949938939823787,0.5050061060176213,1.0,0.01,0.2497970974061491,720,1220,1320,1350
2024-11-09,3131.14453125,0.01922197042565066,1,0,0.47928553656445305,0.520714463435547,0.520714463435547,1.0,0.01,0.2497970974061491,720,1220,1320,1350
2024-11-10,3191.331298828125,0.05749377681988088,1,1,0.5441923738578426,0.4558076261421574,0.5441923738578426,0.1,scale,0.24791841251608512,750,1250,1350,1380
2024-11-11,3374.81298828125,-0.0380926778784183,0,1,0.5386129930945788,0.4613870069054212,0.5386129930945788,0.1,scale,0.24791841251608512,750,1250,1350,1380
2024-11-12,3246.25732421875,-0.016530228997185037,0,1,0.5405167232839169,0.45948327671608313,0.5405167232839169,0.1,scale,0.24791841251608512,750,1250,1350,1380
2024-11-13,3192.595947265625,-0.041861613246530704,0,1,0.5263186092463484,0.47368139075365157,0.5263186092463484,0.1,scale,0.24791841251608512,750,1250,1350,1380
2024-11-14,3058.94873046875,0.014414035918883572,1,1,0.5317274954381989,0.46827250456180114,0.5317274954381989,0.1,scale,0.24791841251608512,750,1250,1350,1380
2024-11-15,3103.04052734375,0.00974315294018413,1,1,0.5175231520013066,0.4824768479986934,0.5175231520013066,0.1,scale,0.24791841251608512,750,1250,1350,1380
2024-11-16,3133.27392578125,-0.01838725437104416,0,1,0.5165802402836461,0.48341975971635387,0.5165802402836461,0.1,scale,0.24791841251608512,750,1250,1350,1380
2024-11-17,3075.66162109375,0.04298093890177013,1,1,0.5317965042468987,0.4682034957531013,0.5317965042468987,0.1,scale,0.24791841251608512,750,1250,1350,1380
2024-11-18,3207.8564453125,-0.030073793436219964,0,1,0.5192884660873316,0.4807115339126684,0.5192884660873316,0.1,scale,0.24791841251608512,750,1250,1350,1380
2024-11-19,3111.384033203125,-0.012597623598885388,0,1,0.5296783540124335,0.47032164598756654,0.5296783540124335,0.1,scale,0.24791841251608512,750,1250,1350,1380
2024-11-20,3072.18798828125,0.09402613638837987,1,1,0.5250407173840178,0.4749592826159822,0.5250407173840178,0.1,scale,0.24791841251608512,750,1250,1350,1380
2024-11-21,3361.053955078125,-0.008763062239896535,0,1,0.5262961411172158,0.4737038588827842,0.5262961411172158,0.1,scale,0.24791841251608512,750,1250,1350,1380
2024-11-22,3331.600830078125,0.019396849109391878,1,1,0.5163757010420117,0.4836242989579883,0.5163757010420117,0.1,scale,0.24791841251608512,750,1250,1350,1380
2024-11-23,3396.223388671875,-0.009588143309746888,0,1,0.519515791891551,0.48048420810844905,0.519515791891551,0.1,scale,0.24791841251608512,750,1250,1350,1380
2024-11-24,3363.659912109375,0.01483028442427825,1,1,0.5128667205587679,0.4871332794412321,0.5128667205587679,0.1,scale,0.24791841251608512,750,1250,1350,1380
2024-11-25,3413.5439453125,-0.0254945044570557,0,1,0.5326411826524219,0.4673588173475781,0.5326411826524219,0.1,scale,0.24791841251608512,750,1250,1350,1380
2024-11-26,3326.517333984375,0.09942287996365606,1,1,0.5182287903949829,0.48177120960501707,0.5182287903949829,0.1,scale,0.24791841251608512,750,1250,1350,1380
2024-11-27,3657.249267578125,-0.021173767078749073,0,1,0.523169100826996,0.47683089917300403,0.523169100826996,0.1,scale,0.24791841251608512,750,1250,1350,1380
2024-11-28,3579.8115234375,0.003822229533186672,1,1,0.5218715956934523,0.4781284043065477,0.5218715956934523,0.1,scale,0.24791841251608512,750,1250,1350,1380
2024-11-29,3593.494384765625,0.03122613408711894,1,1,0.5183435535747076,0.4816564464252924,0.5183435535747076,0.1,scale,0.24791841251608512,750,1250,1350,1380
2024-11-30,3705.705322265625,0.0014733272945559595,1,1,0.5168098363204816,0.4831901636795184,0.5168098363204816,0.1,scale,0.24791841251608512,750,1250,1350,1380
2024-12-01,3711.1650390625,-0.018044617264257212,0,1,0.5203021295812869,0.47969787041871315,0.5203021295812869,0.1,scale,0.24791841251608512,750,1250,1350,1380
2024-12-02,3644.198486328125,-0.0064449882448404106,0,1,0.5361522789118713,0.46384772108812866,0.5361522789118713,0.1,scale,0.24791841251608512,750,1250,1350,1380
2024-12-03,3620.711669921875,0.06093260244895049,1,1,0.5196662633031713,0.48033373669682866,0.5196662633031713,0.1,scale,0.24791841251608512,750,1250,1350,1380
2024-12-04,3841.3310546875,-0.007893814272854183,0,1,0.5232523497811187,0.4767476502188813,0.5232523497811187,0.1,scale,0.24791841251608512,750,1250,1350,1380
2024-12-05,3811.00830078125,0.051115670898385535,1,1,0.524252058559476,0.475747941440524,0.524252058559476,0.1,scale,0.24791841251608512,750,1250,1350,1380
2024-12-06,4005.810546875,-0.0007783493216640958,0,1,0.5178755590101264,0.4821244409898736,0.5178755590101264,0.1,scale,0.24791841251608512,750,1250,1350,1380
2024-12-07,4002.692626953125,0.0007524841828581152,1,1,0.5175931696420062,0.4824068303579938,0.5175931696420062,0.1,scale,0.24791841251608512,750,1250,1350,1380
2024-12-08,4005.70458984375,-0.07165135464156769,0,1,0.5209415879943267,0.47905841200567334,0.5209415879943267,0.1,scale,0.24791841251608512,750,1250,1350,1380
2024-12-09,3718.6904296875,-0.02335679484361486,0,1,0.5376022012470506,0.4623977987529494,0.5376022012470506,0.1,scale,0.24791841251608512,750,1250,1350,1380
2024-12-10,3631.833740234375,0.055340716460503314,1,0,0.4968921778095476,0.5031078221904524,0.5031078221904524,1.0,scale,0.24897899311923438,780,1280,1380,1410
2024-12-11,3832.822021484375,0.013118151777930187,1,1,0.5113642839789844,0.48863571602101563,0.5113642839789844,1.0,scale,0.24897899311923438,780,1280,1380,1410
2024-12-12,3883.1015625,0.007237451638409276,1,1,0.5072658265458113,0.4927341734541887,0.5072658265458113,1.0,scale,0.24897899311923438,780,1280,1380,1410
2024-12-13,3911.205322265625,-0.010942930708463194,0,1,0.5075774856175966,0.49242251438240336,0.5075774856175966,1.0,scale,0.24897899311923438,780,1280,1380,1410
2024-12-14,3868.4052734375,0.02159439944037822,1,1,0.5046931633210278,0.49530683667897224,0.5046931633210278,1.0,scale,0.24897899311923438,780,1280,1380,1410
2024-12-15,3951.941162109375,0.00899299697642908,1,1,0.5090743004184161,0.49092569958158394,0.5090743004184161,1.0,scale,0.24897899311923438,780,1280,1380,1410
2024-12-16,3987.48095703125,-0.02525776168846805,0,1,0.5044868636158124,0.4955131363841876,0.5044868636158124,1.0,scale,0.24897899311923438,780,1280,1380,1410
2024-12-17,3886.76611328125,-0.06894545380539963,0,1,0.5021831703656654,0.4978168296343346,0.5021831703656654,1.0,scale,0.24897899311923438,780,1280,1380,1410
2024-12-18,3618.791259765625,-0.05550562793804503,0,0,0.4909969196263251,0.5090030803736749,0.5090030803736749,1.0,scale,0.24897899311923438,780,1280,1380,1410
2024-12-19,3417.927978515625,0.015982047785855658,1,0,0.4922984810314604,0.5077015189685397,0.5077015189685397,1.0,scale,0.24897899311923438,780,1280,1380,1410
2024-12-20,3472.553466796875,-0.038971625917780583,0,0,0.49441030299261757,0.5055896970073824,0.5055896970073824,1.0,scale,0.24897899311923438,780,1280,1380,1410
2024-12-21,3337.222412109375,-0.01788530954448675,0,0,0.49674343080801503,0.503256569191985,0.503256569191985,1.0,scale,0.24897899311923438,780,1280,1380,1410
2024-12-22,3277.53515625,0.042181162840310815,1,0,0.49200882476324986,0.5079911752367501,0.5079911752367501,1.0,scale,0.24897899311923438,780,1280,1380,1410
2024-12-23,3415.785400390625,0.022327047913535125,1,0,0.4976800282993026,0.5023199717006974,0.5023199717006974,1.0,scale,0.24897899311923438,780,1280,1380,1410
2024-12-24,3492.0498046875,0.00033949884489303805,1,1,0.5102188896564861,0.4897811103435139,0.5102188896564861,1.0,scale,0.24897899311923438,780,1280,1380,1410
2024-12-25,3493.2353515625,-0.04637807223950974,0,1,0.5077233577928176,0.49227664220718237,0.5077233577928176,1.0,scale,0.24897899311923438,780,1280,1380,1410
2024-12-26,3331.225830078125,-0.000693089573747363,0,0,0.496647905691576,0.503352094308424,0.503352094308424,1.0,scale,0.24897899311923438,780,1280,1380,1410
2024-12-27,3328.9169921875,0.02072306150150305,1,1,0.5003411911964257,0.4996588088035743,0.5003411911964257,1.0,scale,0.24897899311923438,780,1280,1380,1410
2024-12-28,3397.90234375,-0.014240820106154684,0,1,0.510677916288865,0.48932208371113495,0.510677916288865,1.0,scale,0.24897899311923438,780,1280,1380,1410
2024-12-29,3349.513427734375,0.0020537760301735375,1,1,0.5025223698081828,0.49747763019181723,0.5025223698081828,1.0,scale,0.24897899311923438,780,1280,1380,1410
2024-12-30,3356.392578125,-0.0071090729967826505,0,0,0.49493301999305034,0.5050669800069496,0.5050669800069496,1.0,scale,0.24897899311923438,780,1280,1380,1410
2024-12-31,3332.53173828125,0.006293237021109732,1,1,0.5051179179222907,0.49488208207770934,0.5051179179222907,1.0,scale,0.24897899311923438,780,1280,1380,1410
2025-01-01,3353.504150390625,0.029189893122086197,1,1,0.5089671900910882,0.49103280990891185,0.5089671900910882,1.0,scale,0.24897899311923438,780,1280,1380,1410
2025-01-02,3451.392578125,0.04450875524089293,1,1,0.5030210336306514,0.4969789663693486,0.5030210336306514,1.0,scale,0.24897899311923438,780,1280,1380,1410
2025-01-03,3605.009765625,0.014617719482165947,1,1,0.5050720964137314,0.4949279035862686,0.5050720964137314,1.0,scale,0.24897899311923438,780,1280,1380,1410
2025-01-04,3657.706787109375,-0.006452957745802013,0,1,0.501320147587567,0.49867985241243296,0.501320147587567,1.0,scale,0.24897899311923438,780,1280,1380,1410
2025-01-05,3634.103759765625,0.01499890260780301,1,1,0.5003813824975608,0.4996186175024392,0.5003813824975608,1.0,scale,0.24897899311923438,780,1280,1380,1410
2025-01-06,3688.611328125,-0.08323835401301194,0,1,0.5012828964665721,0.4987171035334279,0.5012828964665721,1.0,scale,0.24897899311923438,780,1280,1380,1410
2025-01-07,3381.577392578125,-0.016337951334858714,0,1,0.5034020841166863,0.4965979158833137,0.5034020841166863,1.0,scale,0.24897899311923438,780,1280,1380,1410
2025-01-08,3326.329345703125,-0.03213713091240178,0,1,0.5050057661005536,0.4949942338994464,0.5050057661005536,1.0,scale,0.24897899311923438,780,1280,1380,1410
2025-01-09,3219.4306640625,0.014927896012281394,1,1,0.5187459604781536,0.4812540395218464,0.5187459604781536,1.0,scale,0.24932601016499162,810,1310,1410,1440
2025-01-10,3267.489990234375,0.004507369034684849,1,1,0.5179515499189324,0.48204845008106756,0.5179515499189324,1.0,scale,0.24932601016499162,810,1310,1410,1440
2025-01-11,3282.2177734375,-0.004955978757455792,0,1,0.5252322421986839,0.4747677578013161,0.5252322421986839,1.0,scale,0.24932601016499162,810,1310,1410,1440
2025-01-12,3265.951171875,-0.03994285558798849,0,1,0.5173405441003915,0.48265945589960846,0.5173405441003915,1.0,scale,0.24932601016499162,810,1310,1410,1440
2025-01-13,3135.499755859375,0.028124644018336253,1,1,0.5267789135245101,0.4732210864754899,0.5267789135245101,1.0,scale,0.24932601016499162,810,1310,1410,1440
2025-01-14,3223.6845703125,0.07037072715887938,1,1,0.5275777832057794,0.4724222167942206,0.5275777832057794,1.0,scale,0.24932601016499162,810,1310,1410,1440
2025-01-15,3450.53759765625,-0.041208762051769265,0,1,0.5242630032828332,0.47573699671716685,0.5242630032828332,1.0,scale,0.24932601016499162,810,1310,1410,1440
2025-01-16,3308.34521484375,0.05010419171097702,1,1,0.5170094197186182,0.48299058028138175,0.5170094197186182,1.0,scale,0.24932601016499162,810,1310,1410,1440
2025-01-17,3474.107177734375,-0.0484491750950794,0,1,0.5217744181224033,0.4782255818775967,0.5217744181224033,1.0,scale,0.24932601016499162,810,1310,1410,1440
2025-01-18,3305.78955078125,-0.02928958236001966,0,1,0.5206592036760981,0.4793407963239019,0.5206592036760981,1.0,scale,0.24932601016499162,810,1310,1410,1440
2025-01-19,3208.96435546875,0.02152440391061483,1,1,0.5152690705241835,0.48473092947581653,0.5152690705241835,1.0,scale,0.24932601016499162,810,1310,1410,1440
2025-01-20,3278.035400390625,0.015061109347230373,1,1,0.5271329694990322,0.4728670305009678,0.5271329694990322,1.0,scale,0.24932601016499162,810,1310,1410,1440
2025-01-21,3327.40625,-0.026201080984625813,0,1,0.5301856957936824,0.46981430420631765,0.5301856957936824,1.0,scale,0.24932601016499162,810,1310,1410,1440
2025-01-22,3240.224609375,0.029161404946970837,1,1,0.5227906570332737,0.47720934296672635,0.5227906570332737,1.0,scale,0.24932601016499162,810,1310,1410,1440
2025-01-23,3334.714111328125,-0.007544628669076459,0,1,0.5234148982480893,0.4765851017519107,0.5234148982480893,1.0,scale,0.24932601016499162,810,1310,1410,1440
2025-01-24,3309.554931640625,0.0023310081774501334,1,1,0.5263985212804463,0.4736014787195537,0.5263985212804463,1.0,scale,0.24932601016499162,810,1310,1410,1440
2025-01-25,3317.26953125,-0.02445844485711024,0,1,0.5280260251569503,0.4719739748430497,0.5280260251569503,1.0,scale,0.24932601016499162,810,1310,1410,1440
2025-01-26,3236.13427734375,-0.017679695057172262,0,1,0.5183458279373191,0.4816541720626809,0.5183458279373191,1.0,scale,0.24932601016499162,810,1310,1410,1440
2025-01-27,3178.92041015625,-0.0320259233300908,0,1,0.5220236725506064,0.47797632744939356,0.5220236725506064,1.0,scale,0.24932601016499162,810,1310,1410,1440
2025-01-28,3077.112548828125,0.011662386097330613,1,1,0.5223254543070123,0.47767454569298773,0.5223254543070123,1.0,scale,0.24932601016499162,810,1310,1410,1440
2025-01-29,3112.9990234375,0.0432961927853559,1,1,0.5152537141141291,0.4847462858858709,0.5152537141141291,1.0,scale,0.24932601016499162,810,1310,1410,1440
2025-01-30,3247.780029296875,0.015544497153892722,1,1,0.5259993472616848,0.47400065273831515,0.5259993472616848,1.0,scale,0.24932601016499162,810,1310,1410,1440
2025-01-31,3298.26513671875,-0.05455489961504678,0,1,0.5161368261896196,0.48386317381038035,0.5161368261896196,1.0,scale,0.24932601016499162,810,1310,1410,1440
2025-02-01,3118.32861328125,-0.08005434100956466,0,1,0.52058951369095,0.47941048630905003,0.52058951369095,1.0,scale,0.24932601016499162,810,1310,1410,1440
2025-02-02,2868.69287109375,0.005533453740142802,1,1,0.5277046189897546,0.4722953810102454,0.5277046189897546,1.0,scale,0.24932601016499162,810,1310,1410,1440
2025-02-03,2884.566650390625,-0.05183287439003281,0,1,0.5174846754161924,0.48251532458380764,0.5174846754161924,1.0,scale,0.24932601016499162,810,1310,1410,1440
2025-02-04,2735.05126953125,0.01927853557646908,1,1,0.511741921262482,0.48825807873751803,0.511741921262482,1.0,scale,0.24932601016499162,810,1310,1410,1440
2025-02-05,2787.779052734375,-0.035647794157377954,0,1,0.5130255918707168,0.48697440812928317,0.5130255918707168,1.0,scale,0.24932601016499162,810,1310,1410,1440
2025-02-06,2688.40087890625,-0.024620471517087794,0,1,0.507878991893859,0.492121008106141,0.507878991893859,1.0,scale,0.24932601016499162,810,1310,1410,1440
2025-02-07,2622.211181640625,0.0038506311160004802,1,1,0.5051276504751482,0.4948723495248518,0.5051276504751482,1.0,scale,0.24932601016499162,810,1310,1410,1440
2025-02-08,2632.308349609375,-0.0013627424019899692,0,1,0.5130919633294072,0.4869080366705928,0.5130919633294072,0.1,scale,0.25065206065318385,840,1340,1440,1470
2025-02-09,2628.72119140625,0.0123427150611084,1,1,0.5058499458277197,0.4941500541722803,0.5058499458277197,0.1,scale,0.25065206065318385,840,1340,1440,1470
2025-02-10,2661.166748046875,-0.02193953673434812,0,1,0.5086491017585021,0.4913508982414979,0.5086491017585021,0.1,scale,0.25065206065318385,840,1340,1440,1470
2025-02-11,2602.781982421875,0.051529524214203315,1,1,0.5046338457737166,0.4953661542262834,0.5046338457737166,0.1,scale,0.25065206065318385,840,1340,1440,1470
2025-02-12,2736.902099609375,-0.022287794557012575,0,1,0.5142171227158756,0.4857828772841244,0.5142171227158756,0.1,scale,0.25065206065318385,840,1340,1440,1470
2025-02-13,2675.902587890625,0.018755901306300338,1,1,0.5209823516143195,0.4790176483856805,0.5209823516143195,0.1,scale,0.25065206065318385,840,1340,1440,1470
2025-02-14,2726.091552734375,-0.011933472391497446,0,1,0.5197970554367126,0.4802029445632874,0.5197970554367126,0.1,scale,0.25065206065318385,840,1340,1440,1470
2025-02-15,2693.559814453125,-0.011228225310643603,0,1,0.5319618498227533,0.4680381501772467,0.5319618498227533,0.1,scale,0.25065206065318385,840,1340,1440,1470
2025-02-16,2663.31591796875,0.029994109419593684,1,1,0.5218036194763512,0.47819638052364877,0.5218036194763512,0.1,scale,0.25065206065318385,840,1340,1440,1470
2025-02-17,2743.19970703125,-0.026925068435387,0,0,0.49992428268849337,0.5000757173115067,0.5000757173115067,0.1,scale,0.25065206065318385,840,1340,1440,1470
2025-02-18,2669.3388671875,0.017394617624989728,1,1,0.5231223995467564,0.47687760045324357,0.5231223995467564,0.1,scale,0.25065206065318385,840,1340,1440,1470
2025-02-19,2715.77099609375,0.009063900656951951,1,1,0.5409370792833023,0.45906292071669774,0.5409370792833023,0.1,scale,0.25065206065318385,840,1340,1440,1470
2025-02-20,2740.386474609375,-0.029459697666460616,0,1,0.52704843070902,0.47295156929098003,0.52704843070902,0.1,scale,0.25065206065318385,840,1340,1440,1470
2025-02-21,2659.655517578125,0.039243345090012705,1,0,0.49111787348654706,0.5088821265134529,0.5088821265134529,0.1,scale,0.25065206065318385,840,1340,1440,1470
2025-02-22,2764.029296875,0.020723733255699095,1,1,0.5481888527013873,0.4518111472986127,0.5481888527013873,0.1,scale,0.25065206065318385,840,1340,1440,1470
2025-02-23,2821.310302734375,-0.10898801644535905,0,1,0.5199724071641888,0.4800275928358112,0.5199724071641888,0.1,scale,0.25065206065318385,840,1340,1440,1470
2025-02-24,2513.8212890625,-0.008047015853369976,0,0,0.49573982893834284,0.5042601710616572,0.5042601710616572,0.1,scale,0.25065206065318385,840,1340,1440,1470
2025-02-25,2493.592529296875,-0.06502260921668868,0,1,0.506258305734596,0.49374169426540404,0.506258305734596,0.1,scale,0.25065206065318385,840,1340,1440,1470
2025-02-26,2331.45263671875,-0.01113823258073876,0,0,0.4968052599032343,0.5031947400967657,0.5031947400967657,0.1,scale,0.25065206065318385,840,1340,1440,1470
2025-02-27,2305.484375,-0.029312322518993406,0,1,0.5013990428389615,0.49860095716103847,0.5013990428389615,0.1,scale,0.25065206065318385,840,1340,1440,1470
2025-02-28,2237.9052734375,-0.009500832382402846,0,0,0.4896392764635511,0.5103607235364489,0.5103607235364489,0.1,scale,0.25065206065318385,840,1340,1440,1470
2025-03-01,2216.643310546875,0.13671629895947635,1,1,0.5046795132278074,0.49532048677219265,0.5046795132278074,0.1,scale,0.25065206065318385,840,1340,1440,1470
2025-03-02,2519.694580078125,-0.14847855308604507,0,1,0.5087254552458429,0.4912745447541571,0.5087254552458429,0.1,scale,0.25065206065318385,840,1340,1440,1470
2025-03-03,2145.573974609375,0.011391432967872817,1,0,0.49430048233177376,0.5056995176682262,0.5056995176682262,0.1,scale,0.25065206065318385,840,1340,1440,1470
2025-03-04,2170.01513671875,0.03316205356610458,1,1,0.508596175411211,0.49140382458878895,0.508596175411211,0.1,scale,0.25065206065318385,840,1340,1440,1470
2025-03-05,2241.977294921875,-0.017618594251921915,0,1,0.5180107258172021,0.4819892741827979,0.5180107258172021,0.1,scale,0.25065206065318385,840,1340,1440,1470
2025-03-06,2202.476806640625,-0.02882630029114286,0,1,0.5128811976360261,0.48711880236397387,0.5128811976360261,0.1,scale,0.25065206065318385,840,1340,1440,1470
2025-03-07,2138.987548828125,0.029230046295678047,1,1,0.5044871471785797,0.4955128528214203,0.5044871471785797,0.1,scale,0.25065206065318385,840,1340,1440,1470
2025-03-08,2201.51025390625,-0.08448795471326176,0,1,0.5194871836154685,0.48051281638453147,0.5194871836154685,0.1,scale,0.25065206065318385,840,1340,1440,1470
2025-03-09,2015.5091552734373,-0.07658500963990711,0,0,0.49091841531812896,0.509081584681871,0.509081584681871,0.1,scale,0.25065206065318385,840,1340,1440,1470
2025-03-10,1861.1513671875,0.031536179458804936,1,0,0.4859252976315011,0.5140747023684988,0.5140747023684988,1.0,scale,0.2511611823202386,870,1370,1470,1500
2025-03-11,1919.844970703125,-0.005657907202539225,0,1,0.5077030400079249,0.4922969599920751,0.5077030400079249,1.0,scale,0.2511611823202386,870,1370,1470,1500
2025-03-12,1908.982666015625,-0.024103446480985946,0,1,0.5191239936583327,0.4808760063416673,0.5191239936583327,1.0,scale,0.2511611823202386,870,1370,1470,1500
2025-03-13,1862.9696044921875,0.024959035666801466,1,1,0.5218392432926102,0.4781607567073898,0.5218392432926102,1.0,scale,0.2511611823202386,870,1370,1470,1500
2025-03-14,1909.467529296875,0.01462560823630299,1,1,0.5087208999972616,0.49127910000273844,0.5087208999972616,1.0,scale,0.2511611823202386,870,1370,1470,1500
2025-03-15,1937.3946533203125,-0.025786999381329778,0,1,0.5041855747822532,0.49581442521774677,0.5041855747822532,1.0,scale,0.2511611823202386,870,1370,1470,1500
2025-03-16,1887.43505859375,0.020963831795744126,1,1,0.5087795419949416,0.4912204580050584,0.5087795419949416,1.0,scale,0.2511611823202386,870,1370,1470,1500
2025-03-17,1927.0029296875,0.002875204421535882,1,1,0.5038313163119804,0.4961686836880196,0.5038313163119804,1.0,scale,0.2511611823202386,870,1370,1470,1500
2025-03-18,1932.54345703125,0.06478796942480636,1,1,0.5010240226258434,0.49897597737415655,0.5010240226258434,1.0,scale,0.2511611823202386,870,1370,1470,1500
2025-03-19,2057.7490234375,-0.03676306928602102,0,0,0.4947689920694077,0.5052310079305923,0.5052310079305923,1.0,scale,0.2511611823202386,870,1370,1470,1500
2025-03-20,1982.099853515625,-0.008704061657306195,0,0,0.4977517616522684,0.5022482383477316,0.5022482383477316,1.0,scale,0.2511611823202386,870,1370,1470,1500
2025-03-21,1964.8475341796875,0.007731036303297412,1,0,0.4961222769849785,0.5038777230150215,0.5038777230150215,1.0,scale,0.2511611823202386,870,1370,1470,1500
2025-03-22,1980.037841796875,0.012758015026691494,1,0,0.48675505570816313,0.5132449442918369,0.5132449442918369,1.0,scale,0.2511611823202386,870,1370,1470,1500
2025-03-23,2005.2991943359373,0.03599453377041595,1,0,0.49169557823005466,0.5083044217699453,0.5083044217699453,1.0,scale,0.2511611823202386,870,1370,1470,1500
2025-03-24,2077.47900390625,-0.004676265671871183,0,0,0.48820656851960054,0.5117934314803995,0.5117934314803995,1.0,scale,0.2511611823202386,870,1370,1470,1500
2025-03-25,2067.76416015625,-0.028327615997143618,0,0,0.4931217311579841,0.5068782688420159,0.5068782688420159,1.0,scale,0.2511611823202386,870,1370,1470,1500
2025-03-26,2009.1893310546875,-0.003400331205273277,0,0,0.49527873918865556,0.5047212608113445,0.5047212608113445,1.0,scale,0.2511611823202386,870,1370,1470,1500
2025-03-27,2002.357421875,-0.05336434495667708,0,0,0.4877550946307554,0.5122449053692446,0.5122449053692446,1.0,scale,0.2511611823202386,870,1370,1470,1500
2025-03-28,1895.5029296875,-0.03597072635426679,0,0,0.48918293057900614,0.5108170694209939,0.5108170694209939,1.0,scale,0.2511611823202386,870,1370,1470,1500
2025-03-29,1827.3203125,-0.01154788485957492,0,1,0.500545683289949,0.499454316710051,0.500545683289949,1.0,scale,0.2511611823202386,870,1370,1470,1500
2025-03-30,1806.2186279296875,0.009556624138489678,1,1,0.5019059907586354,0.4980940092413646,0.5019059907586354,1.0,scale,0.2511611823202386,870,1370,1470,1500
2025-03-31,1823.47998046875,0.044975253629213396,1,1,0.5127063586089314,0.48729364139106857,0.5127063586089314,1.0,scale,0.2511611823202386,870,1370,1470,1500
2025-04-01,1905.491455078125,-0.05782142048584138,0,0,0.4916767516772802,0.5083232483227198,0.5083232483227198,1.0,scale,0.2511611823202386,870,1370,1470,1500
2025-04-02,1795.313232421875,0.011320573057860273,1,1,0.506193087292122,0.493806912707878,0.506193087292122,1.0,scale,0.2511611823202386,870,1370,1470,1500
2025-04-03,1815.63720703125,-0.00016633386447217902,0,0,0.49453014192893624,0.5054698580710637,0.5054698580710637,1.0,scale,0.2511611823202386,870,1370,1470,1500
2025-04-04,1815.335205078125,-0.0051571403729591125,0,0,0.4934981002111602,0.5065018997888397,0.5065018997888397,1.0,scale,0.2511611823202386,870,1370,1470,1500
2025-04-05,1805.9732666015625,-0.12693722742042624,0,0,0.4876708363132569,0.5123291636867431,0.5123291636867431,1.0,scale,0.2511611823202386,870,1370,1470,1500
2025-04-06,1576.72802734375,-0.013627626435405826,0,0,0.4845289520155797,0.5154710479844202,0.5154710479844202,1.0,scale,0.2511611823202386,870,1370,1470,1500
2025-04-07,1555.240966796875,-0.05316723773116572,0,0,0.4980507593530186,0.5019492406469814,0.5019492406469814,1.0,scale,0.2511611823202386,870,1370,1470,1500
2025-04-08,1472.5531005859375,0.1327537447707503,1,1,0.51900996144305,0.48099003855695,0.51900996144305,1.0,scale,0.2511611823202386,870,1370,1470,1500
2025-04-09,1668.0400390625,-0.08724085563087758,0,0,0.4930736389421026,0.5069263610578973,0.5069263610578973,0.1,scale,0.2509923493340846,900,1400,1500,1530
2025-04-10,1522.518798828125,0.02931391157840868,1,0,0.4909736032686501,0.50902639673135,0.50902639673135,0.1,scale,0.2509923493340846,900,1400,1500,1530
2025-04-11,1567.1497802734375,0.04873738626716384,1,0,0.49399700301368826,0.5060029969863118,0.5060029969863118,0.1,scale,0.2509923493340846,900,1400,1500,1530
2025-04-12,1643.528564453125,-0.028501344272703122,0,0,0.49471714643342435,0.5052828535665757,0.5052828535665757,0.1,scale,0.2509923493340846,900,1400,1500,1530
2025-04-13,1596.685791015625,0.016336405441875312,1,0,0.49296126269792934,0.5070387373020706,0.5070387373020706,0.1,scale,0.2509923493340846,900,1400,1500,1530
2025-04-14,1622.7698974609375,-0.021036532181973544,0,0,0.49369582060630973,0.5063041793936902,0.5063041793936902,0.1,scale,0.2509923493340846,900,1400,1500,1530
2025-04-15,1588.6324462890625,-0.00662651680945181,0,0,0.4936367510212111,0.5063632489787889,0.5063632489787889,0.1,scale,0.2509923493340846,900,1400,1500,1530
2025-04-16,1578.1053466796875,0.002815397066748826,1,0,0.4928464475986474,0.5071535524013526,0.5071535524013526,0.1,scale,0.2509923493340846,900,1400,1500,1530
2025-04-17,1582.54833984375,0.004029161456178265,1,0,0.49392599820392524,0.5060740017960748,0.5060740017960748,0.1,scale,0.2509923493340846,900,1400,1500,1530
2025-04-18,1588.9246826171875,0.015103402450633574,1,0,0.4942041065427335,0.5057958934572665,0.5057958934572665,0.1,scale,0.2509923493340846,900,1400,1500,1530
2025-04-19,1612.9228515625,-0.01575312130479345,0,0,0.4934340278334172,0.5065659721665827,0.5065659721665827,0.1,scale,0.2509923493340846,900,1400,1500,1530
2025-04-20,1587.5142822265625,-0.004900607977736393,0,0,0.49284841010316593,0.5071515898968341,0.5071515898968341,0.1,scale,0.2509923493340846,900,1400,1500,1530
2025-04-21,1579.7344970703125,0.11242216226721125,1,0,0.49133750590136444,0.5086624940986355,0.5086624940986355,0.1,scale,0.2509923493340846,900,1400,1500,1530
2025-04-22,1757.3316650390625,0.022063326905880754,1,0,0.49236453631809823,0.5076354636819018,0.5076354636819018,0.1,scale,0.2509923493340846,900,1400,1500,1530
2025-04-23,1796.104248046875,-0.014627537926254486,0,0,0.491868047618636,0.508131952381364,0.508131952381364,0.1,scale,0.2509923493340846,900,1400,1500,1530
2025-04-24,1769.8316650390625,0.009494042160750782,1,0,0.49222999806412737,0.5077700019358726,0.5077700019358726,0.1,scale,0.2509923493340846,900,1400,1500,1530
2025-04-25,1786.634521484375,0.019727919508667258,1,0,0.4938836580271853,0.5061163419728147,0.5061163419728147,0.1,scale,0.2509923493340846,900,1400,1500,1530
2025-04-26,1821.881103515625,-0.015926458222360718,0,0,0.49540501211171567,0.5045949878882843,0.5045949878882843,0.1,scale,0.2509923493340846,900,1400,1500,1530
2025-04-27,1792.864990234375,0.0033392455309573243,1,0,0.4936945617002533,0.5063054382997467,0.5063054382997467,0.1,scale,0.2509923493340846,900,1400,1500,1530
2025-04-28,1798.851806640625,0.00018003291759050022,1,0,0.49296658953735834,0.5070334104626417,0.5070334104626417,0.1,scale,0.2509923493340846,900,1400,1500,1530
2025-04-29,1799.1756591796875,-0.0030015237962643937,0,0,0.4939256488810495,0.5060743511189505,0.5060743511189505,0.1,scale,0.2509923493340846,900,1400,1500,1530
2025-04-30,1793.775390625,0.025335483600515296,1,0,0.4930443427567735,0.5069556572432266,0.5069556572432266,0.1,scale,0.2509923493340846,900,1400,1500,1530
2025-05-01,1839.2215576171875,0.0018955454880142941,1,0,0.4936247470626081,0.5063752529373919,0.5063752529373919,0.1,scale,0.2509923493340846,900,1400,1500,1530
2025-05-02,1842.7078857421875,-0.004812571830357215,0,0,0.4934009591008242,0.5065990408991758,0.5065990408991758,0.1,scale,0.2509923493340846,900,1400,1500,1530
2025-05-03,1833.8397216796875,-0.013766461212495806,0,0,0.4941666970752948,0.5058333029247052,0.5058333029247052,0.1,scale,0.2509923493340846,900,1400,1500,1530
2025-05-04,1808.59423828125,0.006139172208646793,1,0,0.4923510396886238,0.5076489603113762,0.5076489603113762,0.1,scale,0.2509923493340846,900,1400,1500,1530
2025-05-05,1819.697509765625,-0.0025333800408158247,0,0,0.49241332874902993,0.50758667125097,0.50758667125097,0.1,scale,0.2509923493340846,900,1400,1500,1530
2025-05-06,1815.0875244140625,-0.0019177229274721652,0,0,0.4928119813409311,0.5071880186590689,0.5071880186590689,0.1,scale,0.2509923493340846,900,1400,1500,1530
2025-05-07,1811.606689453125,0.2179876908621854,1,0,0.4925258441933554,0.5074741558066447,0.5074741558066447,0.1,scale,0.2509923493340846,900,1400,1500,1530
2025-05-08,2206.5146484375,0.0629919569669184,1,0,0.49231659083779455,0.5076834091622054,0.5076834091622054,0.1,scale,0.2509923493340846,900,1400,1500,1530
2025-05-09,2345.50732421875,0.10100811912068441,1,1,0.506524514643757,0.49347548535624297,0.506524514643757,0.1,scale,0.2518133337951081,930,1430,1530,1560
2025-05-10,2582.422607421875,-0.027952363120453683,0,1,0.5065275224855268,0.4934724775144732,0.5065275224855268,0.1,scale,0.2518133337951081,930,1430,1530,1560
2025-05-11,2510.23779296875,-0.005513456904119418,0,1,0.5065014896887611,0.4934985103112389,0.5065014896887611,0.1,scale,0.2518133337951081,930,1430,1530,1560
2025-05-12,2496.397705078125,0.0735988233044782,1,1,0.5064994100687958,0.49350058993120416,0.5064994100687958,0.1,scale,0.2518133337951081,930,1430,1530,1560
2025-05-13,2680.129638671875,-0.02614291683469505,0,1,0.5065198470696896,0.49348015293031045,0.5065198470696896,0.1,scale,0.2518133337951081,930,1430,1530,1560
2025-05-14,2610.063232421875,-0.02421638604114429,0,1,0.5064973638806811,0.4935026361193189,0.5064973638806811,0.1,scale,0.2518133337951081,930,1430,1530,1560
2025-05-15,2546.85693359375,-0.004146022508211833,0,1,0.5065160607603912,0.49348393923960876,0.5065160607603912,0.1,scale,0.2518133337951081,930,1430,1530,1560
2025-05-16,2536.297607421875,-0.023870705359441913,0,1,0.5065390631955318,0.49346093680446823,0.5065390631955318,0.1,scale,0.2518133337951081,930,1430,1530,1560
2025-05-17,2475.75439453125,0.009079756900171487,1,1,0.5065329310285335,0.4934670689714665,0.5065329310285335,0.1,scale,0.2518133337951081,930,1430,1530,1560
2025-05-18,2498.233642578125,0.01238199059589462,1,1,0.5065476235563411,0.4934523764436589,0.5065476235563411,0.1,scale,0.2518133337951081,930,1430,1530,1560
2025-05-19,2529.166748046875,-0.001974425904344268,0,1,0.5065573193537425,0.4934426806462575,0.5065573193537425,0.1,scale,0.2518133337951081,930,1430,1530,1560
2025-05-20,2524.173095703125,0.011161703733228778,1,1,0.5065526345814484,0.4934473654185516,0.5065526345814484,0.1,scale,0.2518133337951081,930,1430,1530,1560
2025-05-21,2552.34716796875,0.04380666386466037,1,1,0.5065483499855631,0.4934516500144369,0.5065483499855631,0.1,scale,0.2518133337951081,930,1430,1530,1560
2025-05-22,2664.156982421875,-0.051691806751355096,0,1,0.5065795887757688,0.4934204112242312,0.5065795887757688,0.1,scale,0.2518133337951081,930,1430,1530,1560
2025-05-23,2526.44189453125,0.001664137106111907,1,1,0.5065170067405266,0.4934829932594734,0.5065170067405266,0.1,scale,0.2518133337951081,930,1430,1530,1560
2025-05-24,2530.646240234375,0.008344775909608915,1,1,0.5066184954069047,0.49338150459309527,0.5066184954069047,0.1,scale,0.2518133337951081,930,1430,1530,1560
2025-05-25,2551.763916015625,0.004849395212889407,1,1,0.5065687739667087,0.49343122603329126,0.5065687739667087,0.1,scale,0.2518133337951081,930,1430,1530,1560
2025-05-26,2564.138427734375,0.03858270497969518,1,1,0.5065913498834559,0.4934086501165441,0.5065913498834559,0.1,scale,0.2518133337951081,930,1430,1530,1560
2025-05-27,2663.06982421875,0.007188345657390238,1,1,0.5065631515913033,0.4934368484086967,0.5065631515913033,0.1,scale,0.2518133337951081,930,1430,1530,1560
2025-05-28,2682.212890625,-0.01847657419064974,0,1,0.506602301783411,0.49339769821658896,0.506602301783411,0.1,scale,0.2518133337951081,930,1430,1530,1560
2025-05-29,2632.65478515625,-0.039014299261621144,0,1,0.5065334469399512,0.49346655306004883,0.5065334469399512,0.1,scale,0.2518133337951081,930,1430,1530,1560
2025-05-30,2529.943603515625,-0.00033842697943353706,0,1,0.5065411588689898,0.49345884113101024,0.5065411588689898,0.1,scale,0.2518133337951081,930,1430,1530,1560
2025-05-31,2529.08740234375,0.002838555548326349,1,1,0.5066047268322704,0.4933952731677296,0.5066047268322704,0.1,scale,0.2518133337951081,930,1430,1530,1560
2025-06-01,2536.266357421875,0.027927293393387842,1,1,0.5065858183184468,0.49341418168155315,0.5065858183184468,0.1,scale,0.2518133337951081,930,1430,1530,1560
2025-06-02,2607.097412109375,-0.005299816803046031,0,1,0.5065932186702679,0.49340678132973215,0.5065932186702679,0.1,scale,0.2518133337951081,930,1430,1530,1560
2025-06-03,2593.2802734375,0.005924077364914293,1,1,0.5065718246457585,0.49342817535424155,0.5065718246457585,0.1,scale,0.2518133337951081,930,1430,1530,1560
2025-06-04,2608.64306640625,-0.07373849813037003,0,1,0.5065948385173699,0.49340516148263014,0.5065948385173699,0.1,scale,0.2518133337951081,930,1430,1530,1560
2025-06-05,2416.28564453125,0.02520777285804554,1,1,0.5064780490418842,0.4935219509581158,0.5064780490418842,0.1,scale,0.2518133337951081,930,1430,1530,1560
2025-06-06,2477.19482421875,0.019905800865118284,1,1,0.5066320103035424,0.49336798969645757,0.5066320103035424,0.1,scale,0.2518133337951081,930,1430,1530,1560
2025-06-07,2526.50537109375,-0.006221345063654238,0,1,0.5066716657506515,0.4933283342493485,0.5066716657506515,0.1,scale,0.2518133337951081,930,1430,1530,1560
2025-06-08,2510.787109375,0.06799858890117094,1,0,0.49644767893547254,0.5035523210645274,0.5035523210645274,1.0,0.1,0.2501466778547454,960,1460,1560,1590
2025-06-09,2681.51708984375,0.049226047740363876,1,0,0.45615904845294697,0.543840951547053,0.543840951547053,1.0,0.1,0.2501466778547454,960,1460,1560,1590
2025-06-10,2813.517578125,-0.01421291324458307,0,0,0.4834132099133366,0.5165867900866634,0.5165867900866634,1.0,0.1,0.2501466778547454,960,1460,1560,1590
2025-06-11,2773.529296875,-0.04389141697422694,0,0,0.49208216870239274,0.5079178312976073,0.5079178312976073,1.0,0.1,0.2501466778547454,960,1460,1560,1590
2025-06-12,2651.795166015625,-0.02726797414745119,0,1,0.5145826225171811,0.4854173774828189,0.5145826225171811,1.0,0.1,0.2501466778547454,960,1460,1560,1590
2025-06-13,2579.486083984375,-0.017849288846087386,0,1,0.5285139565759988,0.47148604342400124,0.5285139565759988,1.0,0.1,0.2501466778547454,960,1460,1560,1590
2025-06-14,2533.444091796875,0.005286505610925474,1,0,0.47461847335624874,0.5253815266437513,0.5253815266437513,1.0,0.1,0.2501466778547454,960,1460,1560,1590
2025-06-15,2546.837158203125,-0.0024470263889081467,0,0,0.4959342556762009,0.504065744323799,0.504065744323799,1.0,0.1,0.2501466778547454,960,1460,1560,1590
2025-06-16,2540.60498046875,-0.011746613932036243,0,1,0.5400811449262102,0.4599188550737898,0.5400811449262102,1.0,0.1,0.2501466778547454,960,1460,1560,1590
2025-06-17,2510.761474609375,0.005392801825034654,1,1,0.5383591634991023,0.4616408365008977,0.5383591634991023,1.0,0.1,0.2501466778547454,960,1460,1560,1590
2025-06-18,2524.301513671875,-0.0010489829382142046,0,0,0.4871340985299655,0.5128659014700345,0.5128659014700345,1.0,0.1,0.2501466778547454,960,1460,1560,1590
2025-06-19,2521.653564453125,-0.04534697662134013,0,0,0.48065486553996206,0.5193451344600379,0.5193451344600379,1.0,0.1,0.2501466778547454,960,1460,1560,1590
2025-06-20,2407.30419921875,-0.04436854876282892,0,1,0.5482789879548918,0.4517210120451082,0.5482789879548918,1.0,0.1,0.2501466778547454,960,1460,1560,1590
2025-06-21,2300.49560546875,-0.031420390689421374,0,1,0.5261109172496151,0.4738890827503849,0.5261109172496151,1.0,0.1,0.2501466778547454,960,1460,1560,1590
2025-06-22,2228.213134765625,0.0868910668308287,1,1,0.5473527885762087,0.4526472114237913,0.5473527885762087,1.0,0.1,0.2501466778547454,960,1460,1560,1590
2025-06-23,2421.824951171875,0.01081161455453472,1,0,0.4888622713921474,0.5111377286078527,0.5111377286078527,1.0,0.1,0.2501466778547454,960,1460,1560,1590
2025-06-24,2448.0087890625,-0.011723195789307361,0,0,0.4882378423559206,0.5117621576440794,0.5117621576440794,1.0,0.1,0.2501466778547454,960,1460,1560,1590
2025-06-25,2419.310302734375,-0.0013076347482894324,0,1,0.5053952183799173,0.4946047816200827,0.5053952183799173,1.0,0.1,0.2501466778547454,960,1460,1560,1590
2025-06-26,2416.146728515625,0.0031952591093227234,1,0,0.49396976040150087,0.5060302395984991,0.5060302395984991,1.0,0.1,0.2501466778547454,960,1460,1560,1590
2025-06-27,2423.866943359375,0.00546334924732772,1,0,0.4728810142440101,0.5271189857559899,0.5271189857559899,1.0,0.1,0.2501466778547454,960,1460,1560,1590
2025-06-28,2437.109375,0.02619931078698512,1,0,0.4592659941629941,0.5407340058370059,0.5407340058370059,1.0,0.1,0.2501466778547454,960,1460,1560,1590
2025-06-29,2500.9599609375,-0.005796016607685361,0,0,0.4996030586040624,0.5003969413959376,0.5003969413959376,1.0,0.1,0.2501466778547454,960,1460,1560,1590
2025-06-30,2486.46435546875,-0.032444314225516746,0,1,0.521997137920274,0.478002862079726,0.521997137920274,1.0,0.1,0.2501466778547454,960,1460,1560,1590
2025-07-01,2405.792724609375,0.06881005288444131,1,1,0.5086861751786941,0.4913138248213059,0.5086861751786941,1.0,0.1,0.2501466778547454,960,1460,1560,1590
2025-07-02,2571.33544921875,0.007650450666005781,1,0,0.4690541939128937,0.5309458060871063,0.5309458060871063,1.0,0.1,0.2501466778547454,960,1460,1560,1590
2025-07-03,2591.00732421875,-0.03183665785149692,0,0,0.4830575983832394,0.5169424016167605,0.5169424016167605,1.0,0.1,0.2501466778547454,960,1460,1560,1590
2025-07-04,2508.518310546875,0.003492786444157847,1,1,0.5056351732656885,0.4943648267343115,0.5056351732656885,1.0,0.1,0.2501466778547454,960,1460,1560,1590
2025-07-05,2517.280029296875,0.021434461935417204,1,0,0.4661447769153984,0.5338552230846016,0.5338552230846016,1.0,0.1,0.2501466778547454,960,1460,1560,1590
2025-07-06,2571.236572265625,-0.010976581842489175,0,0,0.4778036883199992,0.5221963116800008,0.5221963116800008,1.0,0.1,0.2501466778547454,960,1460,1560,1590
2025-07-07,2543.01318359375,0.028506606355380493,1,1,0.5031734566827282,0.49682654331727183,0.5031734566827282,1.0,0.1,0.2501466778547454,960,1460,1560,1590
2025-07-08,2615.505859375,0.05936584999764771,1,1,0.5098350139606644,0.49016498603933556,0.5098350139606644,0.1,scale,0.25032725632214914,990,1490,1590,1620
2025-07-09,2770.777587890625,0.06643175827521208,1,1,0.5034067112483488,0.4965932887516512,0.5034067112483488,0.1,scale,0.25032725632214914,990,1490,1590,1620
2025-07-10,2954.84521484375,0.0010291624108509367,1,0,0.4984473078896751,0.5015526921103248,0.5015526921103248,0.1,scale,0.25032725632214914,990,1490,1590,1620
2025-07-11,2957.88623046875,-0.005062604917237423,0,0,0.49465583702536337,0.5053441629746367,0.5053441629746367,0.1,scale,0.25032725632214914,990,1490,1590,1620
2025-07-12,2942.91162109375,0.010345966697322684,1,1,0.5001440331411895,0.4998559668588105,0.5001440331411895,0.1,scale,0.25032725632214914,990,1490,1590,1620
2025-07-13,2973.35888671875,0.013450089573111779,1,1,0.5010415228698617,0.4989584771301383,0.5010415228698617,0.1,scale,0.25032725632214914,990,1490,1590,1620
2025-07-14,3013.350830078125,0.04199272686615596,1,0,0.4984531988736807,0.5015468011263193,0.5015468011263193,0.1,scale,0.25032725632214914,990,1490,1590,1620
2025-07-15,3139.8896484375,0.07376602792880305,1,0,0.4986175236189215,0.5013824763810786,0.5013824763810786,0.1,scale,0.25032725632214914,990,1490,1590,1620
2025-07-16,3371.5068359375,0.03122567831346279,1,0,0.4988962821010475,0.5011037178989526,0.5011037178989526,0.1,scale,0.25032725632214914,990,1490,1590,1620
2025-07-17,3476.784423828125,0.020775499653849394,1,0,0.49676506951449323,0.5032349304855068,0.5032349304855068,0.1,scale,0.25032725632214914,990,1490,1590,1620
2025-07-18,3549.016357421875,0.013033843623181607,1,0,0.49605362868446373,0.5039463713155363,0.5039463713155363,0.1,scale,0.25032725632214914,990,1490,1590,1620
2025-07-19,3595.273681640625,0.04567044638207407,1,0,0.49669852140200554,0.5033014785979945,0.5033014785979945,0.1,scale,0.25032725632214914,990,1490,1590,1620
2025-07-20,3759.471435546875,0.0010373538968471152,1,0,0.49871244877135584,0.5012875512286441,0.5012875512286441,0.1,scale,0.25032725632214914,990,1490,1590,1620
2025-07-21,3763.371337890625,-0.0037800761075303946,0,0,0.4959222066531458,0.5040777933468542,0.5040777933468542,0.1,scale,0.25032725632214914,990,1490,1590,1620
2025-07-22,3749.1455078125,-0.03185843128317001,0,0,0.49634724376194855,0.5036527562380515,0.5036527562380515,0.1,scale,0.25032725632214914,990,1490,1590,1620
2025-07-23,3629.70361328125,0.021572560819185016,1,0,0.49711373553175214,0.5028862644682479,0.5028862644682479,0.1,scale,0.25032725632214914,990,1490,1590,1620
2025-07-24,3708.005615234375,0.005194498732584263,1,1,0.501153656516953,0.498846343483047,0.501153656516953,0.1,scale,0.25032725632214914,990,1490,1590,1620
2025-07-25,3727.266845703125,0.0037907536475187964,1,1,0.500064823481328,0.49993517651867203,0.500064823481328,0.1,scale,0.25032725632214914,990,1490,1590,1620
2025-07-26,3741.39599609375,0.03577557309550983,1,1,0.5010015530606472,0.4989984469393528,0.5010015530606472,0.1,scale,0.25032725632214914,990,1490,1590,1620
2025-07-27,3875.24658203125,-0.022661990384936437,0,1,0.5015453721227471,0.4984546278772529,0.5015453721227471,0.1,scale,0.25032725632214914,990,1490,1590,1620
2025-07-28,3787.42578125,0.0015918602984175134,1,0,0.49896629394793546,0.5010337060520645,0.5010337060520645,0.1,scale,0.25032725632214914,990,1490,1590,1620
2025-07-29,3793.454833984375,0.0038874395023140718,1,1,0.5019234116625935,0.49807658833740653,0.5019234116625935,0.1,scale,0.25032725632214914,990,1490,1590,1620
2025-07-30,3808.20166015625,-0.029277308933214563,0,1,0.5021585409039772,0.49784145909602284,0.5021585409039772,0.1,scale,0.25032725632214914,990,1490,1590,1620
2025-07-31,3696.707763671875,-0.05635874139752328,0,1,0.5014072655037325,0.4985927344962675,0.5014072655037325,0.1,scale,0.25032725632214914,990,1490,1590,1620
2025-08-01,3488.365966796875,-0.027412478154400954,0,0,0.4956654778691538,0.5043345221308462,0.5043345221308462,0.1,scale,0.25032725632214914,990,1490,1590,1620
2025-08-02,3392.7412109375,0.030841709681774132,1,1,0.5012577951132458,0.49874220488675425,0.5012577951132458,0.1,scale,0.25032725632214914,990,1490,1590,1620
2025-08-03,3497.379150390625,0.06336371438852972,1,1,0.5111467715447273,0.4888532284552727,0.5111467715447273,0.1,scale,0.25032725632214914,990,1490,1590,1620
2025-08-04,3718.986083984375,-0.028794587423448093,0,1,0.5095484179457302,0.49045158205426975,0.5095484179457302,0.1,scale,0.25032725632214914,990,1490,1590,1620
2025-08-05,3611.8994140625,0.01993999056395901,1,1,0.5051610602856428,0.4948389397143572,0.5051610602856428,0.1,scale,0.25032725632214914,990,1490,1590,1620
2025-08-06,3683.920654296875,0.06254349511267532,1,1,0.5142131652233776,0.48578683477662243,0.5142131652233776,0.1,scale,0.25032725632214914,990,1490,1590,1620
2025-08-07,3914.325927734375,0.02440342244929994,1,1,0.5363894949487982,0.4636105050512018,0.5363894949487982,0.1,scale,0.2493500165947343,1020,1520,1620,1650
2025-08-08,4009.848876953125,0.06328174749903215,1,1,0.5266272738296711,0.4733727261703289,0.5266272738296711,0.1,scale,0.2493500165947343,1020,1520,1620,1650
2025-08-09,4263.59912109375,-0.0022003353011864624,0,1,0.5201824395859695,0.47981756041403045,0.5201824395859695,0.1,scale,0.2493500165947343,1020,1520,1620,1650
2025-08-10,4254.2177734375,-0.006405637420032861,0,1,0.5207700422715211,0.4792299577284789,0.5207700422715211,0.1,scale,0.2493500165947343,1020,1520,1620,1650
2025-08-11,4226.966796875,0.08610382463415012,1,1,0.5218327467195077,0.47816725328049225,0.5218327467195077,0.1,scale,0.2493500165947343,1020,1520,1620,1650
2025-08-12,4590.9248046875,0.036016942392504525,1,1,0.5227865166906326,0.4772134833093674,0.5227865166906326,0.1,scale,0.2493500165947343,1020,1520,1620,1650
2025-08-13,4756.27587890625,-0.04375468965602913,0,1,0.5178685465424794,0.4821314534575206,0.5178685465424794,0.1,scale,0.2493500165947343,1020,1520,1620,1650
2025-08-14,4548.16650390625,-0.023784910750758614,0,1,0.51541028742609,0.48458971257391004,0.51541028742609,0.1,scale,0.2493500165947343,1020,1520,1620,1650
2025-08-15,4439.98876953125,-0.0031100515039045318,0,1,0.5204882550210325,0.47951174497896754,0.5204882550210325,0.1,scale,0.2493500165947343,1020,1520,1620,1650
2025-08-16,4426.18017578125,0.010639266076744924,1,1,0.5246518366651687,0.4753481633348313,0.5246518366651687,0.1,scale,0.2493500165947343,1020,1520,1620,1650
2025-08-17,4473.271484375,-0.03593937951766457,0,1,0.5251649004630984,0.4748350995369016,0.5251649004630984,0.1,scale,0.2493500165947343,1020,1520,1620,1650
2025-08-18,4312.5048828125,-0.055429681352263005,0,1,0.5157849352114009,0.4842150647885991,0.5157849352114009,0.1,scale,0.2493500165947343,1020,1520,1620,1650
2025-08-19,4073.464111328125,0.06408215951312646,1,1,0.5120133139729058,0.48798668602709416,0.5120133139729058,0.1,scale,0.2493500165947343,1020,1520,1620,1650
2025-08-20,4334.50048828125,-0.025675513855549226,0,1,0.5377965893020961,0.46220341069790394,0.5377965893020961,0.1,scale,0.2493500165947343,1020,1520,1620,1650
2025-08-21,4223.2099609375,0.14399915644733907,1,1,0.5277933153893619,0.4722066846106381,0.5277933153893619,0.1,scale,0.2493500165947343,1020,1520,1620,1650
2025-08-22,4831.3486328125,-0.011437448418844975,0,1,0.5207958434531992,0.4792041565468008,0.5207958434531992,0.1,scale,0.2493500165947343,1020,1520,1620,1650
2025-08-23,4776.09033203125,0.0007447783980119027,1,1,0.5229377373091164,0.4770622626908836,0.5229377373091164,0.1,scale,0.2493500165947343,1020,1520,1620,1650
2025-08-24,4779.6474609375,-0.08508151935728459,0,1,0.5220113317115197,0.4779886682884803,0.5220113317115197,0.1,scale,0.2493500165947343,1020,1520,1620,1650
2025-08-25,4372.98779296875,0.05200997021062914,1,1,0.5143818597412398,0.48561814025876016,0.5143818597412398,0.1,scale,0.2493500165947343,1020,1520,1620,1650
2025-08-26,4600.4267578125,-0.021092323933093016,0,1,0.5323030475029074,0.46769695249709264,0.5323030475029074,0.1,scale,0.2493500165947343,1020,1520,1620,1650
2025-08-27,4503.39306640625,0.0008404036496352241,1,1,0.5258996791737552,0.47410032082624476,0.5258996791737552,0.1,scale,0.2493500165947343,1020,1520,1620,1650
2025-08-28,4507.177734375,-0.032620169651272346,0,1,0.531216235544537,0.468783764455463,0.531216235544537,0.1,scale,0.2493500165947343,1020,1520,1620,1650
2025-08-29,4360.15283203125,0.0032110086092389523,1,1,0.5158663711650602,0.4841336288349398,0.5158663711650602,0.1,scale,0.2493500165947343,1020,1520,1620,1650
2025-08-30,4374.1533203125,0.0036271528440883216,1,1,0.5353412652947872,0.4646587347052128,0.5353412652947872,0.1,scale,0.2493500165947343,1020,1520,1620,1650
2025-08-31,4390.01904296875,-0.017209225605980594,0,1,0.532099613140571,0.46790038685942903,0.532099613140571,0.1,scale,0.2493500165947343,1020,1520,1620,1650
2025-09-01,4314.47021484375,0.002525340834435452,1,1,0.5207798493482226,0.47922015065177737,0.5207798493482226,0.1,scale,0.2493500165947343,1020,1520,1620,1650
2025-09-02,4325.36572265625,0.028904708992612438,1,1,0.5298670218880515,0.47013297811194854,0.5298670218880515,0.1,scale,0.2493500165947343,1020,1520,1620,1650
2025-09-03,4450.38916015625,-0.03407455260068215,0,1,0.5449565917870526,0.4550434082129474,0.5449565917870526,0.1,scale,0.2493500165947343,1020,1520,1620,1650
2025-09-04,4298.744140625,0.00191791570666755,1,1,0.5247819981592569,0.47521800184074314,0.5247819981592569,0.1,scale,0.2493500165947343,1020,1520,1620,1650
2025-09-05,4306.98876953125,-0.007603126867408605,0,1,0.5291411201374245,0.47085887986257546,0.5291411201374245,0.1,scale,0.2493500165947343,1020,1520,1620,1650
2025-09-06,4274.2421875,0.007277423081211376,1,1,0.5323585905641918,0.46764140943580823,0.5323585905641918,0.1,scale,0.25047731572053994,1050,1550,1650,1680
2025-09-07,4305.34765625,0.0006328430576436617,1,1,0.5283101060613845,0.4716898939386155,0.5283101060613845,0.1,scale,0.25047731572053994,1050,1550,1650,1680
2025-09-08,4308.072265625,0.00022498189944109015,1,1,0.5148383461677498,0.4851616538322502,0.5148383461677498,0.1,scale,0.25047731572053994,1050,1550,1650,1680
2025-09-09,4309.04150390625,0.009307056372314992,1,1,0.5271522769267047,0.47284772307329526,0.5271522769267047,0.1,scale,0.25047731572053994,1050,1550,1650,1680
2025-09-10,4349.14599609375,0.025772278613875654,1,1,0.5226411372275123,0.47735886277248774,0.5226411372275123,0.1,scale,0.25047731572053994,1050,1550,1650,1680
2025-09-11,4461.2333984375,0.05693777317310178,1,1,0.5316137100358199,0.4683862899641801,0.5316137100358199,0.1,scale,0.25047731572053994,1050,1550,1650,1680
2025-09-12,4715.24609375,-0.009981749693273922,0,1,0.5221175967427613,0.47788240325723874,0.5221175967427613,0.1,scale,0.25047731572053994,1050,1550,1650,1680
2025-09-13,4668.1796875,-0.012549223717087221,0,1,0.5239168783409176,0.4760831216590824,0.5239168783409176,0.1,scale,0.25047731572053994,1050,1550,1650,1680
2025-09-14,4609.59765625,-0.0179576071325368,0,1,0.5277702480356369,0.4722297519643631,0.5277702480356369,0.1,scale,0.25047731572053994,1050,1550,1650,1680
2025-09-15,4526.8203125,-0.005137349788500112,0,1,0.5178491647680984,0.4821508352319016,0.5178491647680984,0.1,scale,0.25047731572053994,1050,1550,1650,1680
2025-09-16,4503.564453125,0.019799637873646025,1,1,0.5301693431597833,0.46983065684021674,0.5301693431597833,0.1,scale,0.25047731572053994,1050,1550,1650,1680
2025-09-17,4592.7333984375,-0.0006128056825500661,0,1,0.5254870250321111,0.4745129749678889,0.5254870250321111,0.1,scale,0.25047731572053994,1050,1550,1650,1680
2025-09-18,4589.9189453125,-0.025926809284188335,0,1,0.5291521912164127,0.47084780878358734,0.5291521912164127,0.1,scale,0.25047731572053994,1050,1550,1650,1680
2025-09-19,4470.9169921875,0.002538323308692858,1,1,0.5225418085742145,0.4774581914257855,0.5225418085742145,0.1,scale,0.25047731572053994,1050,1550,1650,1680
2025-09-20,4482.265625,-0.006901983511407805,0,1,0.5317731860406375,0.4682268139593625,0.5317731860406375,0.1,scale,0.25047731572053994,1050,1550,1650,1680
2025-09-21,4451.3291015625,-0.055815163176552995,0,1,0.5222668715012304,0.4777331284987696,0.5222668715012304,0.1,scale,0.25047731572053994,1050,1550,1650,1680
2025-09-22,4202.87744140625,-0.008892368544476281,0,1,0.5167130611862905,0.48328693881370954,0.5167130611862905,0.1,scale,0.25047731572053994,1050,1550,1650,1680
2025-09-23,4165.50390625,-0.0028891265593804505,0,1,0.5273033413017357,0.47269665869826427,0.5273033413017357,0.1,scale,0.25047731572053994,1050,1550,1650,1680
2025-09-24,4153.46923828125,-0.0686499014554498,0,1,0.5191214233222303,0.4808785766777697,0.5191214233222303,0.1,scale,0.25047731572053994,1050,1550,1650,1680
2025-09-25,3868.333984375,0.043314242191835106,1,1,0.5107956577815751,0.4892043422184249,0.5107956577815751,0.1,scale,0.25047731572053994,1050,1550,1650,1680
2025-09-26,4035.887939453125,-0.004269131498844225,0,1,0.5253141870452048,0.47468581295479517,0.5253141870452048,0.1,scale,0.25047731572053994,1050,1550,1650,1680
2025-09-27,4018.658203125,0.03056203169493088,1,1,0.5258345387995259,0.4741654612004741,0.5258345387995259,0.1,scale,0.25047731572053994,1050,1550,1650,1680
2025-09-28,4141.4765625,0.018318402441761972,1,1,0.5228225204545331,0.47717747954546685,0.5228225204545331,0.1,scale,0.25047731572053994,1050,1550,1650,1680
2025-09-29,4217.341796875,-0.016926367551390986,0,1,0.518916244516163,0.481083755483837,0.518916244516163,0.1,scale,0.25047731572053994,1050,1550,1650,1680
2025-09-30,4145.95751953125,0.04948308905476795,1,1,0.5240224843129717,0.4759775156870283,0.5240224843129717,0.1,scale,0.25047731572053994,1050,1550,1650,1680
2025-10-01,4351.1123046875,0.03144288491246505,1,1,0.5273089204764612,0.47269107952353884,0.5273089204764612,0.1,scale,0.25047731572053994,1050,1550,1650,1680
2025-10-02,4487.923828125,0.006004285806920251,1,1,0.5241696640686629,0.47583033593133706,0.5241696640686629,0.1,scale,0.25047731572053994,1050,1550,1650,1680
2025-10-03,4514.87060546875,-0.005686395488865736,0,1,0.5228686399619304,0.47713136003806955,0.5228686399619304,0.1,scale,0.25047731572053994,1050,1550,1650,1680
2025-10-04,4489.197265625,0.005841932173111797,1,1,0.5331181539664201,0.46688184603357985,0.5331181539664201,0.1,scale,0.25047731572053994,1050,1550,1650,1680
2025-10-05,4515.4228515625,0.0381688799649984,1,1,0.5150808222778518,0.4849191777221482,0.5150808222778518,0.1,scale,0.25047731572053994,1050,1550,1650,1680
2025-10-06,4687.771484375,-0.05047593076900958,0,1,0.5236998499877025,0.47630015001229753,0.5236998499877025,1.0,0.01,0.24943597544065116,1080,1580,1680,1710
2025-10-07,4451.15185546875,0.017185685016793073,1,1,0.5254966387297526,0.4745033612702474,0.5254966387297526,1.0,0.01,0.24943597544065116,1080,1580,1680,1710
2025-10-08,4527.64794921875,-0.03500810935589638,0,1,0.5235651780052094,0.4764348219947906,0.5235651780052094,1.0,0.01,0.24943597544065116,1080,1580,1680,1710
2025-10-09,4369.1435546875,-0.12042057191289324,0,1,0.5251804441305438,0.47481955586945623,0.5251804441305438,1.0,0.01,0.24943597544065116,1080,1580,1680,1710
2025-10-10,3843.0087890625,-0.02404293663335999,0,1,0.5260207456619936,0.47397925433800636,0.5260207456619936,1.0,0.01,0.24943597544065116,1080,1580,1680,1710
2025-10-11,3750.611572265625,0.11033298280456205,1,1,0.5240948316897518,0.4759051683102482,0.5240948316897518,1.0,0.01,0.24943597544065116,1080,1580,1680,1710
2025-10-12,4164.427734375,0.01946006611990403,1,1,0.5206116422647243,0.47938835773527566,0.5206116422647243,1.0,0.01,0.24943597544065116,1080,1580,1680,1710
2025-10-13,4245.4677734375,-0.028278547964407763,0,1,0.5223403870064307,0.4776596129935693,0.5223403870064307,1.0,0.01,0.24943597544065116,1080,1580,1680,1710
2025-10-14,4125.412109375,-0.03343972264134598,0,1,0.5239732470226536,0.4760267529773464,0.5239732470226536,1.0,0.01,0.24943597544065116,1080,1580,1680,1710
2025-10-15,3987.45947265625,-0.023249158708877005,0,1,0.5233036104069644,0.4766963895930356,0.5233036104069644,1.0,0.01,0.24943597544065116,1080,1580,1680,1710
2025-10-16,3894.75439453125,-0.015969057439913503,0,1,0.5233315062471394,0.4766684937528606,0.5233315062471394,1.0,0.01,0.24943597544065116,1080,1580,1680,1710
2025-10-17,3832.558837890625,0.015078008181977465,1,1,0.5240413955383595,0.4759586044616405,0.5240413955383595,1.0,0.01,0.24943597544065116,1080,1580,1680,1710
2025-10-18,3890.34619140625,0.024240379173758653,1,1,0.5228114222269014,0.47718857777309864,0.5228114222269014,1.0,0.01,0.24943597544065116,1080,1580,1680,1710
2025-10-19,3984.649658203125,-0.0009760969295927735,0,1,0.5242990874037647,0.47570091259623526,0.5242990874037647,1.0,0.01,0.24943597544065116,1080,1580,1680,1710
2025-10-20,3980.76025390625,-0.02612468149719649,0,1,0.5247120424302798,0.4752879575697202,0.5247120424302798,1.0,0.01,0.24943597544065116,1080,1580,1680,1710
2025-10-21,3876.76416015625,-0.017705963754152787,0,1,0.5252520926362396,0.4747479073637604,0.5252520926362396,1.0,0.01,0.24943597544065116,1080,1580,1680,1710
2025-10-22,3808.122314453125,0.01257944172448533,1,1,0.5248429037876912,0.47515709621230884,0.5248429037876912,1.0,0.01,0.24943597544065116,1080,1580,1680,1710
2025-10-23,3856.0263671875,0.0203683813713873,1,1,0.5241478794321707,0.47585212056782933,0.5241478794321707,1.0,0.01,0.24943597544065116,1080,1580,1680,1710
2025-10-24,3934.5673828125,0.004804483597282472,1,1,0.5244902976977711,0.4755097023022289,0.5244902976977711,1.0,0.01,0.24943597544065116,1080,1580,1680,1710
2025-10-25,3953.470947265625,0.051731330083082616,1,1,0.5244597273006992,0.47554027269930077,0.5244597273006992,1.0,0.01,0.24943597544065116,1080,1580,1680,1710
2025-10-26,4157.9892578125,-0.009107091228975794,0,1,0.5241793747240069,0.4758206252759931,0.5241793747240069,1.0,0.01,0.24943597544065116,1080,1580,1680,1710
2025-10-27,4120.1220703125,-0.03346008122768285,0,1,0.5250035706361924,0.4749964293638076,0.5250035706361924,1.0,0.01,0.24943597544065116,1080,1580,1680,1710
2025-10-28,3982.262451171875,-0.01981522433432381,0,1,0.5251668319652145,0.4748331680347855,0.5251668319652145,1.0,0.01,0.24943597544065116,1080,1580,1680,1710
2025-10-29,3903.35302734375,-0.025357117972616416,0,1,0.5246759504226408,0.4753240495773592,0.5246759504226408,1.0,0.01,0.24943597544065116,1080,1580,1680,1710
2025-10-30,3804.375244140625,0.01122525392067275,1,1,0.5250332785127779,0.4749667214872221,0.5250332785127779,1.0,0.01,0.24943597544065116,1080,1580,1680,1710
2025-10-31,3847.080322265625,0.007046295825625215,1,1,0.5243307278639612,0.4756692721360388,0.5243307278639612,1.0,0.01,0.24943597544065116,1080,1580,1680,1710
2025-11-01,3874.18798828125,0.009518186585722344,1,1,0.5239012979836409,0.47609870201635907,0.5239012979836409,1.0,0.01,0.24943597544065116,1080,1580,1680,1710
2025-11-02,3911.063232421875,-0.0789440386423853,0,1,0.5248711261094978,0.4751288738905022,0.5248711261094978,1.0,0.01,0.24943597544065116,1080,1580,1680,1710
2025-11-03,3602.30810546875,-0.08598199640611282,0,1,0.5259114826646748,0.4740885173353252,0.5259114826646748,1.0,0.01,0.24943597544065116,1080,1580,1680,1710
2025-11-04,3292.574462890625,0.040271429297028094,1,1,0.5259395827666774,0.4740604172333226,0.5259395827666774,1.0,0.01,0.24943597544065116,1080,1580,1680,1710
2025-11-05,3425.171142578125,-0.03296574838976807,0,0,0.4727424982250345,0.5272575017749654,0.5272575017749654,10.0,scale,0.24932714660090816,1110,1610,1710,1740
2025-11-06,3312.2578125,0.037147836870148554,1,1,0.5697729053874845,0.4302270946125155,0.5697729053874845,10.0,scale,0.24932714660090816,1110,1610,1710,1740
2025-11-07,3435.301025390625,-0.01016651774327515,0,0,0.4946515317351793,0.5053484682648207,0.5053484682648207,10.0,scale,0.24932714660090816,1110,1610,1710,1740
2025-11-08,3400.3759765625,0.053595650182295396,1,1,0.5473649720903352,0.4526350279096648,0.5473649720903352,10.0,scale,0.24932714660090816,1110,1610,1710,1740
2025-11-09,3582.621337890625,-0.003952797579624412,0,0,0.4602864696320169,0.5397135303679831,0.5397135303679831,10.0,scale,0.24932714660090816,1110,1610,1710,1740
2025-11-10,3568.4599609375,-0.04292544572498369,0,1,0.5191552609009333,0.48084473909906666,0.5191552609009333,10.0,scale,0.24932714660090816,1110,1610,1710,1740
2025-11-11,3415.2822265625,-0.0006406464052173266,0,1,0.5406612796975415,0.4593387203024585,0.5406612796975415,10.0,scale,0.24932714660090816,1110,1610,1710,1740
2025-11-12,3413.09423828125,-0.05283685290035778,0,1,0.5227876940252115,0.4772123059747885,0.5227876940252115,10.0,scale,0.24932714660090816,1110,1610,1710,1740
2025-11-13,3232.757080078125,-0.039895183075048135,0,0,0.45393422380072507,0.5460657761992749,0.5460657761992749,10.0,scale,0.24932714660090816,1110,1610,1710,1740
2025-11-14,3103.78564453125,0.02024808099609965,1,1,0.5015680362987527,0.4984319637012473,0.5015680362987527,10.0,scale,0.24932714660090816,1110,1610,1710,1740
2025-11-15,3166.63134765625,-0.023300450051277788,0,1,0.5458866557118217,0.4541133442881783,0.5458866557118217,10.0,scale,0.24932714660090816,1110,1610,1710,1740
2025-11-16,3092.847412109375,-0.02208598894421776,0,1,0.5371769361722347,0.4628230638277653,0.5371769361722347,10.0,scale,0.24932714660090816,1110,1610,1710,1740
2025-11-17,3024.538818359375,0.03254717213392322,1,1,0.5346622934360203,0.46533770656397966,0.5346622934360203,10.0,scale,0.24932714660090816,1110,1610,1710,1740
2025-11-18,3122.97900390625,-0.031991314382848524,0,1,0.5259197153504769,0.4740802846495231,0.5259197153504769,10.0,scale,0.24932714660090816,1110,1610,1710,1740
2025-11-19,3023.07080078125,-0.0632777812683677,0,1,0.5262364088669442,0.4737635911330558,0.5262364088669442,10.0,scale,0.24932714660090816,1110,1610,1710,1740
2025-11-20,2831.777587890625,-0.023334590055091975,0,1,0.5067729568521684,0.4932270431478316,0.5067729568521684,10.0,scale,0.24932714660090816,1110,1610,1710,1740
2025-11-21,2765.69921875,0.0006899532357182991,1,0,0.49148917754994226,0.5085108224500577,0.5085108224500577,10.0,scale,0.24932714660090816,1110,1610,1710,1740
2025-11-22,2767.607421875,0.012309767363083646,1,1,0.5710921029442179,0.42890789705578214,0.5710921029442179,10.0,scale,0.24932714660090816,1110,1610,1710,1740
2025-11-23,2801.676025390625,0.05390964270915899,1,1,0.5410444419692678,0.4589555580307322,0.5410444419692678,10.0,scale,0.24932714660090816,1110,1610,1710,1740
2025-11-24,2952.71337890625,0.0017688477411781367,1,1,0.5121941919956408,0.48780580800435924,0.5121941919956408,10.0,scale,0.24932714660090816,1110,1610,1710,1740
2025-11-25,2957.936279296875,0.023623136478952533,1,1,0.5575212409477341,0.44247875905226586,0.5575212409477341,10.0,scale,0.24932714660090816,1110,1610,1710,1740
2025-11-26,3027.81201171875,-0.0043826285579375845,0,1,0.5382138843887914,0.46178611561120864,0.5382138843887914,10.0,scale,0.24932714660090816,1110,1610,1710,1740
2025-11-27,3014.542236328125,0.0058921738820569836,1,1,0.5062587082501483,0.4937412917498517,0.5062587082501483,10.0,scale,0.24932714660090816,1110,1610,1710,1740
2025-11-28,3032.304443359375,-0.013395469150188521,0,1,0.5074235014906616,0.4925764985093384,0.5074235014906616,10.0,scale,0.24932714660090816,1110,1610,1710,1740
2025-11-29,2991.685302734375,0.0001428111751458072,1,0,0.492593019227138,0.5074069807728621,0.5074069807728621,10.0,scale,0.24932714660090816,1110,1610,1710,1740
2025-11-30,2992.112548828125,-0.06414317003534598,0,1,0.5033555764762159,0.49664442352378413,0.5033555764762159,10.0,scale,0.24932714660090816,1110,1610,1710,1740
2025-12-01,2800.18896484375,0.07062049558248629,1,0,0.4866243516819012,0.5133756483180988,0.5133756483180988,10.0,scale,0.24932714660090816,1110,1610,1710,1740
2025-12-02,2997.939697265625,0.06458838390069488,1,1,0.5867002006851805,0.4132997993148195,0.5867002006851805,10.0,scale,0.24932714660090816,1110,1610,1710,1740
2025-12-03,3191.57177734375,-0.01793955301277983,0,1,0.512451568016039,0.48754843198396103,0.512451568016039,10.0,scale,0.24932714660090816,1110,1610,1710,1740
2025-12-04,3134.31640625,-0.03505821706537382,0,1,0.5212646959827063,0.4787353040172937,0.5212646959827063,10.0,scale,0.24932714660090816,1110,1610,1710,1740
2025-12-05,3024.432861328125,0.005215821632364781,1,0,0.46312889377907696,0.536871106220923,0.536871106220923,10.0,scale,0.2484070672449076,1140,1640,1740,1770
2025-12-06,3040.207763671875,0.0069383396729270075,1,0,0.45543786192945196,0.5445621380705481,0.5445621380705481,10.0,scale,0.2484070672449076,1140,1640,1740,1770
2025-12-07,3061.3017578125,0.02087224497595197,1,0,0.41077636246521754,0.5892236375347825,0.5892236375347825,10.0,scale,0.2484070672449076,1140,1640,1740,1770
2025-12-08,3125.197998046875,0.0626894655346446,1,1,0.5054500854762659,0.4945499145237341,0.5054500854762659,10.0,scale,0.2484070672449076,1140,1640,1740,1770
2025-12-09,3321.114990234375,0.0012872624094455443,1,1,0.5153602153910225,0.4846397846089775,0.5153602153910225,10.0,scale,0.2484070672449076,1140,1640,1740,1770
2025-12-10,3325.39013671875,-0.026563274780229462,0,0,0.49815834278453613,0.5018416572154638,0.5018416572154638,10.0,scale,0.2484070672449076,1140,1640,1740,1770
2025-12-11,3237.056884765625,-0.0472294070775402,0,0,0.49853017333605254,0.5014698266639475,0.5014698266639475,10.0,scale,0.2484070672449076,1140,1640,1740,1770
2025-12-12,3084.172607421875,0.01054503402301843,1,0,0.4702069908693559,0.5297930091306441,0.5297930091306441,10.0,scale,0.2484070672449076,1140,1640,1740,1770
2025-12-13,3116.6953125,-0.018000022559953033,0,0,0.4135546826848633,0.5864453173151367,0.5864453173151367,10.0,scale,0.2484070672449076,1140,1640,1740,1770
2025-12-14,3060.5947265625,-0.03150094334836495,0,1,0.5236233995702703,0.47637660042972974,0.5236233995702703,10.0,scale,0.2484070672449076,1140,1640,1740,1770
2025-12-15,2964.18310546875,-7.412718940891239e-07,0,1,0.516897958904385,0.48310204109561505,0.516897958904385,10.0,scale,0.2484070672449076,1140,1640,1740,1770
2025-12-16,2964.180908203125,-0.04479394067431908,0,1,0.5049169168677466,0.49508308313225335,0.5049169168677466,10.0,scale,0.2484070672449076,1140,1640,1740,1770
2025-12-17,2831.403564453125,-0.001530856537254932,0,1,0.5192990804754419,0.48070091952455807,0.5192990804754419,10.0,scale,0.2484070672449076,1140,1640,1740,1770
2025-12-18,2827.069091796875,0.05337740480626607,1,1,0.5697498463186695,0.43025015368133046,0.5697498463186695,10.0,scale,0.2484070672449076,1140,1640,1740,1770
2025-12-19,2977.970703125,-0.00013035171680586544,0,1,0.5183371372795353,0.48166286272046466,0.5183371372795353,10.0,scale,0.2484070672449076,1140,1640,1740,1770
2025-12-20,2977.58251953125,0.008070725107488519,1,0,0.4834623817167392,0.5165376182832608,0.5165376182832608,10.0,scale,0.2484070672449076,1140,1640,1740,1770
2025-12-21,3001.61376953125,0.0014858543703297755,1,0,0.4971909228980871,0.5028090771019129,0.5028090771019129,10.0,scale,0.2484070672449076,1140,1640,1740,1770
2025-12-22,3006.07373046875,-0.014204477620910372,0,1,0.5052902282200892,0.4947097717799108,0.5052902282200892,10.0,scale,0.2484070672449076,1140,1640,1740,1770
2025-12-23,2963.3740234375,-0.006001080904730394,0,1,0.5137552406354432,0.4862447593645568,0.5137552406354432,10.0,scale,0.2484070672449076,1140,1640,1740,1770
2025-12-24,2945.590576171875,-0.014262330504439258,0,0,0.48452061525664775,0.5154793847433523,0.5154793847433523,10.0,scale,0.2484070672449076,1140,1640,1740,1770
2025-12-25,2903.57958984375,0.007634030664264602,1,1,0.5045884839267286,0.4954115160732714,0.5045884839267286,10.0,scale,0.2484070672449076,1140,1640,1740,1770
2025-12-26,2925.74560546875,0.0076058169600530245,1,1,0.5862689246222557,0.41373107537774434,0.5862689246222557,10.0,scale,0.2484070672449076,1140,1640,1740,1770
2025-12-27,2947.998291015625,0.0001932919094582708,1,0,0.4642554196285945,0.5357445803714055,0.5357445803714055,10.0,scale,0.2484070672449076,1140,1640,1740,1770
2025-12-28,2948.568115234375,-0.004758168917232131,0,1,0.5362431693692954,0.4637568306307046,0.5362431693692954,10.0,scale,0.2484070672449076,1140,1640,1740,1770
2025-12-29,2934.538330078125,0.01256702548089339,1,0,0.48808585570319546,0.5119141442968045,0.5119141442968045,10.0,scale,0.2484070672449076,1140,1640,1740,1770
2025-12-30,2971.416748046875,-0.0014737583994245407,0,0,0.4748524756246693,0.5251475243753307,0.5251475243753307,10.0,scale,0.2484070672449076,1140,1640,1740,1770
2025-12-31,2967.03759765625,0.01124242223269234,1,1,0.5266852103793616,0.47331478962063844,0.5266852103793616,10.0,scale,0.2484070672449076,1140,1640,1740,1770
2026-01-01,3000.394287109375,0.04133734051066695,1,1,0.5509922964920739,0.44900770350792607,0.5509922964920739,10.0,scale,0.2484070672449076,1140,1640,1740,1770
2026-01-02,3124.422607421875,0.00047844777570227315,1,0,0.4844968532461338,0.5155031467538662,0.5155031467538662,10.0,scale,0.2484070672449076,1140,1640,1740,1770
2026-01-03,3125.91748046875,0.004732360608502573,1,1,0.5867769760992073,0.4132230239007927,0.5867769760992073,10.0,scale,0.2484070672449076,1140,1640,1740,1770
2026-01-04,3140.71044921875,0.027197643098951785,1,1,0.5375435617674745,0.46245643823252547,0.5375435617674745,10.0,scale,0.24727616201272362,1170,1670,1770,1800
2026-01-05,3226.13037109375,0.021640912864389295,1,0,0.4997859598750103,0.5002140401249897,0.5002140401249897,10.0,scale,0.24727616201272362,1170,1670,1770,1800
2026-01-06,3295.94677734375,-0.03917016624496916,0,1,0.5553029616784882,0.44469703832151175,0.5553029616784882,10.0,scale,0.24727616201272362,1170,1670,1770,1800
2026-01-07,3166.843994140625,-0.01972355629036915,0,1,0.5523444371923703,0.44765556280762975,0.5523444371923703,10.0,scale,0.24727616201272362,1170,1670,1770,1800
2026-01-08,3104.382568359375,-0.006872686838344633,0,1,0.5212354745411732,0.47876452545882675,0.5212354745411732,10.0,scale,0.24727616201272362,1170,1670,1770,1800
2026-01-09,3083.047119140625,-0.00021119464663144072,0,1,0.501309927700859,0.498690072299141,0.501309927700859,10.0,scale,0.24727616201272362,1170,1670,1770,1800
2026-01-10,3082.39599609375,0.01183795263773435,1,0,0.4793360546532679,0.5206639453467321,0.5206639453467321,10.0,scale,0.24727616201272362,1170,1670,1770,1800
2026-01-11,3118.88525390625,-0.008515881935856728,0,1,0.5047201208450237,0.4952798791549763,0.5047201208450237,10.0,scale,0.24727616201272362,1170,1670,1770,1800
2026-01-12,3092.3251953125,0.07430339604003233,1,1,0.5343840391103167,0.46561596088968327,0.5343840391103167,10.0,scale,0.24727616201272362,1170,1670,1770,1800
2026-01-13,3322.095458984375,0.009821270239958713,1,0,0.49189456427183714,0.5081054357281629,0.5081054357281629,10.0,scale,0.24727616201272362,1170,1670,1770,1800
2026-01-14,3354.72265625,-0.011214440579919382,0,1,0.5108054077797528,0.4891945922202472,0.5108054077797528,10.0,scale,0.24727616201272362,1170,1670,1770,1800
2026-01-15,3317.101318359375,-0.006517479736100618,0,1,0.50129015632888,0.49870984367112003,0.50129015632888,10.0,scale,0.24727616201272362,1170,1670,1770,1800
2026-01-16,3295.482177734375,0.004060735078022848,1,0,0.4844400741009614,0.5155599258990387,0.5155599258990387,10.0,scale,0.24727616201272362,1170,1670,1770,1800
2026-01-17,3308.8642578125,-0.0083734299173297,0,0,0.4647581233045743,0.5352418766954257,0.5352418766954257,10.0,scale,0.24727616201272362,1170,1670,1770,1800
2026-01-18,3281.15771484375,-0.028811971050971552,0,0,0.49696492947032445,0.5030350705296756,0.5030350705296756,10.0,scale,0.24727616201272362,1170,1670,1770,1800
2026-01-19,3186.62109375,-0.07877164352915944,0,1,0.5114711053699408,0.4885288946300592,0.5114711053699408,10.0,scale,0.24727616201272362,1170,1670,1770,1800
2026-01-20,2935.605712890625,0.014748373722715646,1,0,0.4968398535298518,0.5031601464701482,0.5031601464701482,10.0,scale,0.24727616201272362,1170,1670,1770,1800
2026-01-21,2978.901123046875,-0.009825039857546347,0,1,0.5245433554654936,0.4754566445345064,0.5245433554654936,10.0,scale,0.24727616201272362,1170,1670,1770,1800
2026-01-22,2949.63330078125,0.0012283041671792283,1,0,0.48275169579016525,0.5172483042098348,0.5172483042098348,10.0,scale,0.24727616201272362,1170,1670,1770,1800
2026-01-23,2953.25634765625,-0.0015290325215363554,0,1,0.5471881940988342,0.45281180590116576,0.5471881940988342,10.0,scale,0.24727616201272362,1170,1670,1770,1800
2026-01-24,2948.74072265625,-0.04504918926428636,0,0,0.4887489412539824,0.5112510587460176,0.5112510587460176,10.0,scale,0.24727616201272362,1170,1670,1770,1800
2026-01-25,2815.90234375,0.03926083862438623,1,1,0.56395388960753,0.43604611039247,0.56395388960753,10.0,scale,0.24727616201272362,1170,1670,1770,1800
2026-01-26,2926.45703125,0.032720079340819774,1,1,0.5136743497528772,0.4863256502471228,0.5136743497528772,10.0,scale,0.24727616201272362,1170,1670,1770,1800
2026-01-27,3022.2109375,-0.005162947242162819,0,1,0.5185669618343222,0.48143303816567784,0.5185669618343222,10.0,scale,0.24727616201272362,1170,1670,1770,1800
2026-01-28,3006.607421875,-0.06265359238084345,0,1,0.5001384125161252,0.49986158748387477,0.5001384125161252,10.0,scale,0.24727616201272362,1170,1670,1770,1800
2026-01-29,2818.232666015625,-0.041109956346790044,0,0,0.47926558419183896,0.520734415808161,0.520734415808161,10.0,scale,0.24727616201272362,1170,1670,1770,1800
2026-01-30,2702.375244140625,-0.09520641066538593,0,1,0.5031574509666689,0.49684254903333114,0.5031574509666689,10.0,scale,0.24727616201272362,1170,1670,1770,1800
2026-01-31,2445.091796875,-0.0724418417956253,0,0,0.47425989932866075,0.5257401006713392,0.5257401006713392,10.0,scale,0.24727616201272362,1170,1670,1770,1800
2026-02-01,2267.96484375,0.03368299377022699,1,1,0.5199426470576295,0.4800573529423705,0.5199426470576295,10.0,scale,0.24727616201272362,1170,1670,1770,1800
2026-02-02,2344.356689453125,-0.04982085366444211,0,0,0.46543565312524887,0.5345643468747512,0.5345643468747512,10.0,scale,0.24727616201272362,1170,1670,1770,1800
2026-02-03,2227.558837890625,-0.037733992059035826,0,1,0.558893776820768,0.441106223179232,0.558893776820768,10.0,scale,0.2493673899788748,1200,1700,1800,1830
2026-02-04,2143.504150390625,-0.15013782215594373,0,1,0.5632411408481894,0.43675885915181056,0.5632411408481894,10.0,scale,0.2493673899788748,1200,1700,1800,1830
2026-02-05,1821.68310546875,0.1326816155325108,1,0,0.49180109919183623,0.5081989008081638,0.5081989008081638,10.0,scale,0.2493673899788748,1200,1700,1800,1830
2026-02-06,2063.386962890625,0.013163964881106383,1,0,0.43865398147031653,0.5613460185296835,0.5613460185296835,10.0,scale,0.2493673899788748,1200,1700,1800,1830
2026-02-07,2090.54931640625,-0.0008545012256375717,0,1,0.5431308467742738,0.4568691532257262,0.5431308467742738,10.0,scale,0.2493673899788748,1200,1700,1800,1830
2026-02-08,2088.762939453125,0.007087777756089597,1,0,0.46376663106129395,0.536233368938706,0.536233368938706,10.0,scale,0.2493673899788748,1200,1700,1800,1830
2026-02-09,2103.567626953125,-0.03996552777885143,0,0,0.4734746084040613,0.5265253915959387,0.5265253915959387,10.0,scale,0.2493673899788748,1200,1700,1800,1830
2026-02-10,2019.4974365234373,-0.03905729079240494,0,1,0.5645816883068409,0.43541831169315914,0.5645816883068409,10.0,scale,0.2493673899788748,1200,1700,1800,1830
2026-02-11,1940.621337890625,0.0032563467246882194,1,1,0.5613894230372607,0.4386105769627393,0.5613894230372607,10.0,scale,0.2493673899788748,1200,1700,1800,1830
2026-02-12,1946.940673828125,0.05217758881277712,1,0,0.4916237276824376,0.5083762723175624,0.5083762723175624,10.0,scale,0.2493673899788748,1200,1700,1800,1830
2026-02-13,2048.52734375,0.01829725240883784,1,1,0.5366985169130163,0.4633014830869837,0.5366985169130163,10.0,scale,0.2493673899788748,1200,1700,1800,1830
2026-02-14,2086.009765625,-0.05751017989077156,0,1,0.5045902531634593,0.4954097468365407,0.5045902531634593,10.0,scale,0.2493673899788748,1200,1700,1800,1830
2026-02-15,1966.04296875,0.016212644568821766,1,1,0.5279789116941809,0.4720210883058191,0.5279789116941809,10.0,scale,0.2493673899788748,1200,1700,1800,1830
2026-02-16,1997.917724609375,-0.0028646768590002702,0,1,0.5045164741419117,0.4954835258580883,0.5045164741419117,10.0,scale,0.2493673899788748,1200,1700,1800,1830
2026-02-17,1992.1943359375,-0.019184983188783145,0,0,0.4884858359052538,0.5115141640947463,0.5115141640947463,10.0,scale,0.2493673899788748,1200,1700,1800,1830
2026-02-18,1953.97412109375,-0.002954528018943803,0,1,0.5068192284757747,0.49318077152422535,0.5068192284757747,10.0,scale,0.2493673899788748,1200,1700,1800,1830
2026-02-19,1948.2010498046875,0.010687443713567113,1,0,0.49440951216559925,0.5055904878344007,0.5055904878344007,10.0,scale,0.2493673899788748,1200,1700,1800,1830
2026-02-20,1969.0223388671875,0.0023945100352251725,1,0,0.4907521700394412,0.5092478299605587,0.5092478299605587,10.0,scale,0.2493673899788748,1200,1700,1800,1830
2026-02-21,1973.7371826171875,-0.008071629067117003,0,0,0.4951940712485333,0.5048059287514667,0.5048059287514667,10.0,scale,0.2493673899788748,1200,1700,1800,1830
2026-02-22,1957.805908203125,-0.05225395436661606,0,0,0.47668120823478183,0.5233187917652182,0.5233187917652182,10.0,scale,0.2493673899788748,1200,1700,1800,1830
2026-02-23,1855.5028076171875,-0.001365303886856295,0,1,0.5224775438439013,0.4775224561560987,0.5224775438439013,10.0,scale,0.2493673899788748,1200,1700,1800,1830
2026-02-24,1852.969482421875,0.10882988045871778,1,1,0.5043259986911739,0.4956740013088261,0.5043259986911739,10.0,scale,0.2493673899788748,1200,1700,1800,1830
2026-02-25,2054.6279296875,-0.013547624241957545,0,1,0.5143218146858891,0.4856781853141109,0.5143218146858891,10.0,scale,0.2493673899788748,1200,1700,1800,1830
2026-02-26,2026.7926025390625,-0.04738065532627633,0,0,0.48065372862149375,0.5193462713785062,0.5193462713785062,10.0,scale,0.2493673899788748,1200,1700,1800,1830
2026-02-27,1930.7618408203125,0.017759153699916874,1,0,0.49109315702005585,0.5089068429799442,0.5089068429799442,10.0,scale,0.2493673899788748,1200,1700,1800,1830
2026-02-28,1965.050537109375,-0.013223011941958851,0,0,0.42590868532038556,0.5740913146796145,0.5740913146796145,10.0,scale,0.2493673899788748,1200,1700,1800,1830
2026-03-01,1939.066650390625,0.045486972038864204,1,0,0.4331888787347084,0.5668111212652915,0.5668111212652915,10.0,scale,0.2493673899788748,1200,1700,1800,1830
2026-03-02,2027.2689208984373,-0.021950713860043103,0,0,0.4845962100794621,0.5154037899205379,0.5154037899205379,10.0,scale,0.2493673899788748,1200,1700,1800,1830
2026-03-03,1982.7689208984373,0.0724927895935461,1,0,0.47604797252530795,0.523952027474692,0.523952027474692,10.0,scale,0.2493673899788748,1200,1700,1800,1830
2026-03-04,2126.50537109375,-0.025816959171616194,0,0,0.4824335238414178,0.5175664761585822,0.5175664761585822,10.0,scale,0.2493673899788748,1200,1700,1800,1830
2026-03-05,2071.60546875,-0.04482236094062009,0,0,0.49526465525225155,0.5047353447477485,0.5047353447477485,0.1,scale,0.24998198907860514,1230,1730,1830,1860
2026-03-06,1978.751220703125,-0.004697799435284589,0,0,0.4966499460061283,0.5033500539938718,0.5033500539938718,0.1,scale,0.24998198907860514,1230,1730,1830,1860
2026-03-07,1969.4554443359373,-0.016680097080789213,0,0,0.49477340389112084,0.5052265961088791,0.5052265961088791,0.1,scale,0.24998198907860514,1230,1730,1830,1860
2026-03-08,1936.604736328125,0.02908879392733521,1,0,0.49787430327970167,0.5021256967202983,0.5021256967202983,0.1,scale,0.24998198907860514,1230,1730,1830,1860
2026-03-09,1992.938232421875,0.022169403074209004,1,0,0.49541578734599,0.50458421265401,0.50458421265401,0.1,scale,0.24998198907860514,1230,1730,1830,1860
2026-03-10,2037.1204833984373,0.007094700046877955,1,0,0.49432976508898857,0.5056702349110114,0.5056702349110114,0.1,scale,0.24998198907860514,1230,1730,1830,1860
2026-03-11,2051.5732421875,0.010510464768130001,1,0,0.4948834272445093,0.5051165727554907,0.5051165727554907,0.1,scale,0.24998198907860514,1230,1730,1830,1860
2026-03-12,2073.13623046875,0.009370945241431228,1,0,0.49521368002173394,0.5047863199782661,0.5047863199782661,0.1,scale,0.24998198907860514,1230,1730,1830,1860
2026-03-13,2092.5634765625,0.0021615561057222177,1,0,0.4967032604445912,0.5032967395554089,0.5032967395554089,0.1,scale,0.24998198907860514,1230,1730,1830,1860
2026-03-14,2097.086669921875,0.03833396568225522,1,0,0.4947004529246206,0.5052995470753794,0.5052995470753794,0.1,scale,0.24998198907860514,1230,1730,1830,1860
2026-03-15,2177.476318359375,0.07977111189072517,1,0,0.4964187936077749,0.5035812063922251,0.5035812063922251,0.1,scale,0.24998198907860514,1230,1730,1830,1860
2026-03-16,2351.176025390625,-0.014087655809712052,0,0,0.4972047725058935,0.5027952274941065,0.5027952274941065,0.1,scale,0.24998198907860514,1230,1730,1830,1860
2026-03-17,2318.053466796875,-0.04934391616753975,0,0,0.49845418748505205,0.5015458125149479,0.5015458125149479,0.1,scale,0.24998198907860514,1230,1730,1830,1860
2026-03-18,2203.671630859375,-0.03006246566260873,0,0,0.49741780435771554,0.5025821956422845,0.5025821956422845,0.1,scale,0.24998198907860514,1230,1730,1830,1860
2026-03-19,2137.423828125,0.00424494293930433,1,0,0.49687202692031773,0.5031279730796823,0.5031279730796823,0.1,scale,0.24998198907860514,1230,1730,1830,1860
2026-03-20,2146.4970703125,-0.03252141820817256,0,0,0.49508056271430123,0.5049194372856988,0.5049194372856988,0.1,scale,0.24998198907860514,1230,1730,1830,1860
2026-03-21,2076.68994140625,-0.01138427123429453,0,0,0.49632240843935044,0.5036775915606495,0.5036775915606495,0.1,scale,0.24998198907860514,1230,1730,1830,1860
2026-03-22,2053.04833984375,0.04826854503462008,1,0,0.498508571624295,0.501491428375705,0.501491428375705,0.1,scale,0.24998198907860514,1230,1730,1830,1860
2026-03-23,2152.14599609375,0.0016533960130185044,1,0,0.4953283870759551,0.5046716129240449,0.5046716129240449,0.1,scale,0.24998198907860514,1230,1730,1830,1860
2026-03-24,2155.704345703125,0.005713742098458985,1,0,0.4944469897491469,0.5055530102508531,0.5055530102508531,0.1,scale,0.24998198907860514,1230,1730,1830,1860
2026-03-25,2168.021484375,-0.050019391420208725,0,0,0.49493341136241426,0.5050665886375858,0.5050665886375858,0.1,scale,0.24998198907860514,1230,1730,1830,1860
2026-03-26,2059.578369140625,-0.03316523299517671,0,0,0.4986871805944106,0.5013128194055894,0.5013128194055894,0.1,scale,0.24998198907860514,1230,1730,1830,1860
2026-03-27,1991.27197265625,0.0007144214559386963,1,0,0.4988183527693217,0.5011816472306783,0.5011816472306783,0.1,scale,0.24998198907860514,1230,1730,1830,1860
2026-03-28,1992.694580078125,-0.005086021609450597,0,0,0.4952411921224569,0.5047588078775431,0.5047588078775431,0.1,scale,0.24998198907860514,1230,1730,1830,1860
2026-03-29,1982.5596923828125,0.020657738756954647,1,0,0.497938931149961,0.502061068850039,0.502061068850039,0.1,scale,0.24998198907860514,1230,1730,1830,1860
2026-03-30,2023.514892578125,0.040124913175980215,1,0,0.49890975288871453,0.5010902471112855,0.5010902471112855,0.1,scale,0.24998198907860514,1230,1730,1830,1860
2026-03-31,2104.708251953125,0.016167945634351977,1,0,0.49484464968287084,0.5051553503171291,0.5051553503171291,0.1,scale,0.24998198907860514,1230,1730,1830,1860
2026-04-01,2138.737060546875,-0.038286390129433245,0,0,0.49446502741516346,0.5055349725848366,0.5055349725848366,0.1,scale,0.24998198907860514,1230,1730,1830,1860
2026-04-02,2056.8525390625,-0.001685723740716183,0,0,0.49708365086780926,0.5029163491321907,0.5029163491321907,0.1,scale,0.24998198907860514,1230,1730,1830,1860
2026-04-03,2053.38525390625,0.005827600335098326,1,0,0.49403097506420124,0.5059690249357988,0.5059690249357988,0.1,scale,0.24998198907860514,1230,1730,1830,1860
2026-04-04,2065.3515625,0.021131532161972943,1,1,0.5160215186888681,0.48397848131113186,0.5160215186888681,0.1,scale,0.24977008136921028,1260,1760,1860,1890
2026-04-05,2108.99560546875,-0.0005851746946151648,0,1,0.5112084456880446,0.4887915543119554,0.5112084456880446,0.1,scale,0.24977008136921028,1260,1760,1860,1890
2026-04-06,2107.761474609375,0.06359598447469827,1,1,0.5045634344638663,0.4954365655361337,0.5045634344638663,0.1,scale,0.24977008136921028,1260,1760,1860,1890
2026-04-07,2241.806640625,-0.022959692630716844,0,1,0.5177640206964487,0.48223597930355133,0.5177640206964487,0.1,scale,0.24977008136921028,1260,1760,1860,1890
2026-04-08,2190.33544921875,-0.0005439378020498653,0,1,0.5106518222249327,0.48934817777506734,0.5106518222249327,0.1,scale,0.24977008136921028,1260,1760,1860,1890
2026-04-09,2189.14404296875,0.025582893392399164,1,1,0.5129622854249078,0.48703771457509215,0.5129622854249078,0.1,scale,0.24977008136921028,1260,1760,1860,1890
2026-04-10,2245.148681640625,0.017923737259448957,1,1,0.5115778305711038,0.48842216942889616,0.5115778305711038,0.1,scale,0.24977008136921028,1260,1760,1860,1890
2026-04-11,2285.39013671875,-0.04077595476873197,0,1,0.5087897628225078,0.49121023717749224,0.5087897628225078,0.1,scale,0.24977008136921028,1260,1760,1860,1890
2026-04-12,2192.201171875,0.08143124552858283,1,0,0.49973542876216853,0.5002645712378315,0.5002645712378315,0.1,scale,0.24977008136921028,1260,1760,1860,1890
2026-04-13,2370.71484375,-0.01999660571788242,0,1,0.5171850113269245,0.4828149886730755,0.5171850113269245,0.1,scale,0.24977008136921028,1260,1760,1860,1890
2026-04-14,2323.30859375,0.015550417222206292,1,1,0.5079477412409046,0.4920522587590954,0.5079477412409046,0.1,scale,0.24977008136921028,1260,1760,1860,1890
2026-04-15,2359.43701171875,-0.004573969185826421,0,1,0.5143865729473655,0.48561342705263455,0.5143865729473655,0.1,scale,0.24977008136921028,1260,1760,1860,1890
2026-04-16,2348.64501953125,0.030837677558848364,1,1,0.507020964756682,0.492979035243318,0.507020964756682,0.1,scale,0.24977008136921028,1260,1760,1860,1890
2026-04-17,2421.07177734375,-0.02890091572709097,0,1,0.5131577252376495,0.48684227476235054,0.5131577252376495,0.1,scale,0.24977008136921028,1260,1760,1860,1890
2026-04-18,2351.1005859375,-0.036656702084753356,0,1,0.5071471892220485,0.4928528107779515,0.5071471892220485,0.1,scale,0.24977008136921028,1260,1760,1860,1890
2026-04-19,2264.9169921875,0.022206292914811687,1,0,0.4990993400985511,0.5009006599014489,0.5009006599014489,0.1,scale,0.24977008136921028,1260,1760,1860,1890
2026-04-20,2315.21240234375,0.005510533991485822,1,1,0.5114014939228504,0.4885985060771496,0.5114014939228504,0.1,scale,0.24977008136921028,1260,1760,1860,1890
2026-04-21,2327.970458984375,0.020669366999717997,1,1,0.513708536987651,0.48629146301234905,0.513708536987651,0.1,scale,0.24977008136921028,1260,1760,1860,1890
2026-04-22,2376.088134765625,-0.018759497216376042,0,1,0.5128826013780756,0.4871173986219244,0.5128826013780756,0.1,scale,0.24977008136921028,1260,1760,1860,1890
2026-04-23,2331.513916015625,-0.006786890852357175,0,1,0.5075164508040023,0.4924835491959977,0.5075164508040023,0.1,scale,0.24977008136921028,1260,1760,1860,1890
2026-04-24,2315.690185546875,0.0013554991229898228,1,1,0.5124711415026723,0.48752885849732774,0.5124711415026723,0.1,scale,0.24977008136921028,1260,1760,1860,1890
2026-04-25,2318.8291015625,0.021950691540593592,1,1,0.5166300959439414,0.4833699040560586,0.5166300959439414,0.1,scale,0.24977008136921028,1260,1760,1860,1890
2026-04-26,2369.72900390625,-0.028131925191703266,0,1,0.5094677607448262,0.49053223925517375,0.5094677607448262,0.1,scale,0.24977008136921028,1260,1760,1860,1890
2026-04-27,2303.06396484375,-0.0059244064939814045,0,0,0.497237838064069,0.502762161935931,0.502762161935931,0.1,scale,0.24977008136921028,1260,1760,1860,1890
2026-04-28,2289.419677734375,-0.01572621507544203,0,1,0.511306462093407,0.488693537906593,0.511306462093407,0.1,scale,0.24977008136921028,1260,1760,1860,1890
2026-04-29,2253.415771484375,0.0012582894176169646,1,0,0.49471207581448906,0.5052879241855109,0.5052879241855109,0.1,scale,0.24977008136921028,1260,1760,1860,1890
2026-04-30,2256.251220703125,0.017215516135995923,1,1,0.5132823511980028,0.4867176488019972,0.5132823511980028,0.1,scale,0.24977008136921028,1260,1760,1860,1890
2026-05-01,2295.09375,0.009210161281538065,1,1,0.5096384202644306,0.4903615797355694,0.5096384202644306,0.1,scale,0.24977008136921028,1260,1760,1860,1890
2026-05-02,2316.23193359375,0.002333017050397679,1,1,0.5174725004624884,0.4825274995375116,0.5174725004624884,0.1,scale,0.24977008136921028,1260,1760,1860,1890
2026-05-03,2321.6357421875,0.01066542438971041,1,1,0.503602451359273,0.49639754864072705,0.503602451359273,0.1,scale,0.24977008136921028,1260,1760,1860,1890
2026-05-04,2346.39697265625,0.006301424994813232,1,1,0.5157651123564733,0.48423488764352673,0.5157651123564733,0.1,scale,0.24988922160218902,1290,1790,1890,1920
2026-05-05,2361.1826171875,-0.004396362720448854,0,1,0.5278448030913759,0.47215519690862406,0.5278448030913759,0.1,scale,0.24988922160218902,1290,1790,1890,1920
2026-05-06,2350.802001953125,-0.025393178961011564,0,1,0.5129152425549973,0.4870847574450027,0.5129152425549973,0.1,scale,0.24988922160218902,1290,1790,1890,1920
2026-05-07,2291.107666015625,0.00692438080865676,1,1,0.5103609328959224,0.48963906710407756,0.5103609328959224,0.1,scale,0.24988922160218902,1290,1790,1890,1920
2026-05-08,2306.97216796875,0.008563227258402195,1,1,0.5222264404561913,0.47777355954380873,0.5222264404561913,0.1,scale,0.24988922160218902,1290,1790,1890,1920
2026-05-09,2326.727294921875,0.018187198165845242,1,1,0.5293864680119621,0.4706135319880379,0.5293864680119621,0.1,scale,0.24988922160218902,1290,1790,1890,1920
2026-05-10,2369.0439453125,-0.012529571487047475,0,1,0.5157779213000154,0.48422207869998457,0.5157779213000154,0.1,scale,0.24988922160218902,1290,1790,1890,1920
2026-05-11,2339.36083984375,-0.027664515902802167,0,1,0.5195720644192015,0.48042793558079855,0.5195720644192015,0.1,scale,0.24988922160218902,1290,1790,1890,1920
2026-05-12,2274.6435546875,-0.007503214574742345,0,1,0.506783972700984,0.49321602729901604,0.506783972700984,0.1,scale,0.24988922160218902,1290,1790,1890,1920
2026-05-13,2257.576416015625,0.010346670115700896,1,1,0.5120362580149714,0.48796374198502857,0.5120362580149714,0.1,scale,0.24988922160218902,1290,1790,1890,1920
2026-05-14,2280.934814453125,-0.02525541574718848,0,1,0.5134066199293034,0.48659338007069664,0.5134066199293034,0.1,scale,0.24988922160218902,1290,1790,1890,1920
2026-05-15,2223.328857421875,-0.01959984648757984,0,1,0.5053876059376462,0.4946123940623538,0.5053876059376462,0.1,scale,0.24988922160218902,1290,1790,1890,1920
2026-05-16,2179.751953125,-0.023904871092521485,0,1,0.5140517278036969,0.4859482721963031,0.5140517278036969,0.1,scale,0.24988922160218902,1290,1790,1890,1920
2026-05-17,2127.645263671875,0.000409302069402262,1,1,0.500821951504332,0.49917804849566805,0.500821951504332,0.1,scale,0.24988922160218902,1290,1790,1890,1920
2026-05-18,2128.51611328125,-0.008716046816836354,0,0,0.4916139097288031,0.508386090271197,0.508386090271197,0.1,scale,0.24988922160218902,1290,1790,1890,1920
2026-05-19,2109.9638671875,0.008066266685735402,1,1,0.5110615259855122,0.48893847401448776,0.5110615259855122,0.1,scale,0.24988922160218902,1290,1790,1890,1920
2026-05-20,2126.9833984375,0.0020814671600175583,1,1,0.5060783279858779,0.49392167201412207,0.5060783279858779,0.1,scale,0.24988922160218902,1290,1790,1890,1920
2026-05-21,2131.41064453125,-0.031328398313085315,0,1,0.5027846239369231,0.49721537606307686,0.5027846239369231,0.1,scale,0.24988922160218902,1290,1790,1890,1920
2026-05-22,2064.636962890625,0.024853983556100134,1,1,0.5010153647823802,0.4989846352176198,0.5010153647823802,0.1,scale,0.24988922160218902,1290,1790,1890,1920
2026-05-23,2115.951416015625,-0.0084867352791419,0,1,0.507785328475001,0.492214671524999,0.507785328475001,0.1,scale,0.24988922160218902,1290,1790,1890,1920
2026-05-24,2097.993896484375,0.00637583591933466,1,1,0.5159212071476038,0.4840787928523962,0.5159212071476038,0.1,scale,0.24988922160218902,1290,1790,1890,1920
2026-05-25,2111.370361328125,-0.019187636510046735,0,1,0.5122140889880248,0.4877859110119752,0.5122140889880248,0.1,scale,0.24988922160218902,1290,1790,1890,1920
2026-05-26,2070.858154296875,-0.02349746263809005,0,0,0.49490431930236306,0.505095680697637,0.505095680697637,0.1,scale,0.24988922160218902,1290,1790,1890,1920
2026-05-27,2022.1982421875,-0.007242369965002715,0,1,0.5028372798716209,0.49716272012837914,0.5028372798716209,0.1,scale,0.24988922160218902,1290,1790,1890,1920
2026-05-28,2007.552734375,0.002204565376648926,1,0,0.49506726446222254,0.5049327355377775,0.5049327355377775,0.1,scale,0.24988922160218902,1290,1790,1890,1920
2026-05-29,2011.978515625,0.0037176024843394995,1,1,0.5082191021932598,0.49178089780674017,0.5082191021932598,0.1,scale,0.24988922160218902,1290,1790,1890,1920
2026-05-30,2019.458251953125,-0.007485522022616653,0,1,0.5175543213359096,0.4824456786640904,0.5175543213359096,0.1,scale,0.24988922160218902,1290,1790,1890,1920
2026-05-31,2004.341552734375,-0.0005589672711203697,0,0,0.49893916546178746,0.5010608345382126,0.5010608345382126,0.1,scale,0.24988922160218902,1290,1790,1890,1920
2026-06-01,2003.22119140625,-0.0726354550544448,0,0,0.4977108422156368,0.5022891577843632,0.5022891577843632,0.1,scale,0.24988922160218902,1290,1790,1890,1920
2026-06-02,1857.71630859375,-0.024752976854615305,0,0,0.4933399448314769,0.5066600551685231,0.5066600551685231,0.1,scale,0.24988922160218902,1290,1790,1890,1920
2026-06-03,1811.7322998046875,-0.023265983281846703,0,0,0.47146681425202075,0.5285331857479793,0.5285331857479793,0.1,scale,0.2495327381745317,1320,1820,1920,1950
2026-06-04,1769.58056640625,-0.10664658628443302,0,0,0.468995960289581,0.531004039710419,0.531004039710419,0.1,scale,0.2495327381745317,1320,1820,1920,1950
2026-06-05,1580.86083984375,-0.00764971801669323,0,0,0.4820387588330746,0.5179612411669254,0.5179612411669254,0.1,scale,0.2495327381745317,1320,1820,1920,1950
2026-06-06,1568.7677001953125,0.0749814902642485,1,0,0.4776422588480018,0.5223577411519982,0.5223577411519982,0.1,scale,0.2495327381745317,1320,1820,1920,1950
2026-06-07,1686.396240234375,0.0022250520052251588,1,1,0.5037040717737543,0.4962959282262457,0.5037040717737543,0.1,scale,0.2495327381745317,1320,1820,1920,1950
2026-06-08,1690.1485595703125,-0.031027979306495035,0,0,0.48301090992044243,0.5169890900795575,0.5169890900795575,0.1,scale,0.2495327381745317,1320,1820,1920,1950
2026-06-09,1637.7066650390625,-0.010727787888769158,0,0,0.47319314981845,0.5268068501815499,0.5268068501815499,0.1,scale,0.2495327381745317,1320,1820,1920,1950
2026-06-10,1620.1376953125,0.032184267106926345,1,0,0.4804154414816832,0.5195845585183168,0.5195845585183168,0.1,scale,0.2495327381745317,1320,1820,1920,1950
2026-06-11,1672.2806396484375,-0.0042772916588651455,0,1,0.5098693935671398,0.4901306064328602,0.5098693935671398,0.1,scale,0.2495327381745317,1320,1820,1920,1950
2026-06-12,1665.1278076171875,0.009060440840140016,1,0,0.49558591625272286,0.5044140837472771,0.5044140837472771,0.1,scale,0.2495327381745317,1320,1820,1920,1950
2026-06-13,1680.214599609375,0.026424411293025862,1,1,0.5079388635364014,0.4920611364635986,0.5079388635364014,0.1,scale,0.2495327381745317,1320,1820,1920,1950
2026-06-14,1724.61328125,0.0407905361482761,1,0,0.4968101402117622,0.5031898597882378,0.5031898597882378,0.1,scale,0.2495327381745317,1320,1820,1920,1950
2026-06-15,1794.961181640625,-0.002542109728010611,0,1,0.509608640380386,0.490391359619614,0.509608640380386,0.1,scale,0.2495327381745317,1320,1820,1920,1950
2026-06-16,1790.398193359375,-0.023744826972111888,0,1,0.515587969131467,0.484412030868533,0.515587969131467,0.1,scale,0.2495327381745317,1320,1820,1920,1950
2026-06-17,1747.885498046875,-0.021941969782405923,0,1,0.5045024168680807,0.4954975831319193,0.5045024168680807,0.1,scale,0.2495327381745317,1320,1820,1920,1950
2026-06-18,1709.533447265625,0.0008475848259608121,1,1,0.5021981122259791,0.4978018877740209,0.5021981122259791,0.1,scale,0.2495327381745317,1320,1820,1920,1950
2026-06-19,1710.982421875,0.01655129203228678,1,1,0.5264265556172849,0.4735734443827151,0.5264265556172849,0.1,scale,0.2495327381745317,1320,1820,1920,1950
2026-06-20,1739.3013916015625,-0.019962512168946955,0,1,0.5212985263515044,0.4787014736484956,0.5212985263515044,0.1,scale,0.2495327381745317,1320,1820,1920,1950
2026-06-21,1704.58056640625,0.012865509723484658,1,0,0.4985170481186499,0.5014829518813502,0.5014829518813502,0.1,scale,0.2495327381745317,1320,1820,1920,1950
2026-06-22,1726.5108642578125,-0.03537429039344153,0,0,0.4948837820730107,0.5051162179269892,0.5051162179269892,0.1,scale,0.2495327381745317,1320,1820,1920,1950
2026-06-23,1665.436767578125,-0.027327270363134648,0,1,0.5015741252738367,0.4984258747261633,0.5015741252738367,0.1,scale,0.2495327381745317,1320,1820,1920,1950
2026-06-24,1619.9249267578125,-0.034019031040829484,0,0,0.47480732700891454,0.5251926729910854,0.5251926729910854,0.1,scale,0.2495327381745317,1320,1820,1920,1950
2026-06-25,1564.816650390625,0.007540460713794772,1,0,0.47426749500289855,0.5257325049971014,0.5257325049971014,0.1,scale,0.2495327381745317,1320,1820,1920,1950
2026-06-26,1576.6160888671875,-0.0031890021082193742,0,0,0.49168974545254474,0.5083102545474553,0.5083102545474553,0.1,scale,0.2495327381745317,1320,1820,1920,1950
2026-06-27,1571.5882568359375,-0.0007807711567662245,0,1,0.5127882239812254,0.48721177601877463,0.5127882239812254,0.1,scale,0.2495327381745317,1320,1820,1920,1950
2026-06-28,1570.3612060546875,0.025372891496913352,1,0,0.4857491878941373,0.5142508121058627,0.5142508121058627,0.1,scale,0.2495327381745317,1320,1820,1920,1950
2026-06-29,1610.205810546875,-0.02522779881684256,0,0,0.4847232754638847,0.5152767245361153,0.5152767245361153,0.1,scale,0.2495327381745317,1320,1820,1920,1950
2026-06-30,1569.5838623046875,0.025087433682497773,1,0,0.49425660911694647,0.5057433908830535,0.5057433908830535,0.1,scale,0.2495327381745317,1320,1820,1920,1950
2026-07-01,1608.960693359375,0.05544494691670465,1,1,0.5111518339533306,0.48884816604666936,0.5111518339533306,0.1,scale,0.2495327381745317,1320,1820,1920,1950
2026-07-02,1698.16943359375,0.03436008328131357,1,1,0.5350374513955312,0.46496254860446884,0.5350374513955312,0.1,scale,0.2495327381745317,1320,1820,1920,1950
2026-07-03,1756.5186767578125,0.01281755925767869,1,1,0.5078708685821105,0.4921291314178895,0.5078708685821105,1.0,0.01,0.24904530619300352,1350,1850,1950,1980
2026-07-04,1779.032958984375,0.0022332483728719765,1,1,0.500025700676818,0.49997429932318205,0.500025700676818,1.0,0.01,0.24904530619300352,1350,1850,1950,1980
2026-07-05,1783.0059814453125,0.008170330988810814,1,0,0.4966347745912888,0.5033652254087112,0.5033652254087112,1.0,0.01,0.24904530619300352,1350,1850,1950,1980
2026-07-06,1797.57373046875,-0.0161674903047212,0,1,0.5021368665440048,0.4978631334559952,0.5021368665440048,1.0,0.01,0.24904530619300352,1350,1850,1950,1980
2026-07-07,1768.511474609375,-0.014607687128744051,0,0,0.49205613666699644,0.5079438633330036,0.5079438633330036,1.0,0.01,0.24904530619300352,1350,1850,1950,1980
2026-07-08,1742.6776123046875,0.0010369140127690635,1,0,0.48910308562386656,0.5108969143761335,0.5108969143761335,1.0,0.01,0.24904530619300352,1350,1850,1950,1980
2026-07-09,1744.484619140625,0.0293545827817554,1,0,0.48782770531868375,0.5121722946813163,0.5121722946813163,1.0,0.01,0.24904530619300352,1350,1850,1950,1980
2026-07-10,1795.6932373046875,-0.004228800204808647,0,0,0.4946135753848658,0.5053864246151343,0.5053864246151343,1.0,0.01,0.24904530619300352,1350,1850,1950,1980
2026-07-11,1788.099609375,0.009892332882217136,1,0,0.4798032990046813,0.5201967009953187,0.5201967009953187,1.0,0.01,0.24904530619300352,1350,1850,1950,1980
2026-07-12,1805.7880859375,-0.017879923877591963,0,0,0.48483578324267973,0.5151642167573203,0.5151642167573203,1.0,0.01,0.24904530619300352,1350,1850,1950,1980
2026-07-13,1773.500732421875,0.06539558955703528,1,0,0.47926788760467653,0.5207321123953235,0.5207321123953235,1.0,0.01,0.24904530619300352,1350,1850,1950,1980
2026-07-14,1889.4798583984373,0.014535146837066026,1,1,0.5170991620379484,0.48290083796205163,0.5170991620379484,1.0,0.01,0.24904530619300352,1350,1850,1950,1980
2026-07-15,1916.9437255859373,-0.028039616131406153,0,0,0.49385331925675824,0.5061466807432418,0.5061466807432418,1.0,0.01,0.24904530619300352,1350,1850,1950,1980
2026-07-16,1863.193359375,-0.01191781845055584,0,0,0.4801556868973366,0.5198443131026633,0.5198443131026633,1.0,0.01,0.24904530619300352,1350,1850,1950,1980
2026-07-17,1840.9881591796875,0.011083140628755705,1,0,0.4965909771624045,0.5034090228375955,0.5034090228375955,1.0,0.01,0.24904530619300352,1350,1850,1950,1980
2026-07-18,1861.39208984375,0.00543488668149128,1,1,0.5113672476419576,0.4886327523580424,0.5113672476419576,1.0,0.01,0.24904530619300352,1350,1850,1950,1980
2026-07-19,1871.508544921875,0.017232283709548213,1,1,0.500470827000465,0.49952917299953503,0.500470827000465,1.0,0.01,0.24904530619300352,1350,1850,1950,1980
2026-07-20,1903.7589111328125,0.012934872050072155,1,1,0.502714962460843,0.497285037539157,0.502714962460843,1.0,0.01,0.24904530619300352,1350,1850,1950,1980
2026-07-21,1928.3837890625,0.002647980796742777,1,0,0.4921984732111682,0.5078015267888318,0.5078015267888318,1.0,0.01,0.24904530619300352,1350,1850,1950,1980
2026-07-22,1933.4901123046875,-0.029164820765961497,0,0,0.48602792017957563,0.5139720798204244,0.5139720798204244,1.0,0.01,0.24904530619300352,1350,1850,1950,1980
2026-07-23,1877.1002197265625,-0.009015747660254259,0,0,0.47668999752422697,0.5233100024757731,0.5233100024757731,1.0,0.01,0.24904530619300352,1350,1850,1950,1980
2026-07-24,1860.1767578125,0.007013126167760619,1,0,0.48837757312308694,0.5116224268769131,0.5116224268769131,1.0,0.01,0.24904530619300352,1350,1850,1950,1980
2026-07-25,1873.222412109375,0.04280796677162302,1,0,0.4977553229583439,0.5022446770416561,0.5022446770416561,1.0,0.01,0.24904530619300352,1350,1850,1950,1980
2026-07-26,1953.4112548828125,-0.03214772584893022,0,1,0.5091446621672503,0.4908553378327497,0.5091446621672503,1.0,0.01,0.24904530619300352,1350,1850,1950,1980
2026-07-27,1890.613525390625,0.015516106567279087,1,0,0.4792641249256693,0.5207358750743307,0.5207358750743307,1.0,0.01,0.24904530619300352,1350,1850,1950,1980
2026-07-28,1919.948486328125,-0.005952994802081224,0,1,0.503373746351158,0.49662625364884205,0.503373746351158,1.0,0.01,0.24904530619300352,1350,1850,1950,1980
2026-07-29,1908.51904296875,0.004639137276914562,1,0,0.49798965238184756,0.5020103476181524,0.5020103476181524,1.0,0.01,0.24904530619300352,1350,1850,1950,1980
2026-07-30,1917.3729248046875,-0.029742246175126108,0,0,0.4969422111709698,0.5030577888290302,0.5030577888290302,1.0,0.01,0.24904530619300352,1350,1850,1950,1980
2026-07-31,1860.345947265625,-0.009099502531306869,0,0,0.4825961198516241,0.5174038801483759,0.5174038801483759,1.0,0.01,0.24904530619300352,1350,1850,1950,1980
2026-08-01,1843.417724609375,0.021212906616248084,1,0,0.4964225018142172,0.5035774981857828,0.5035774981857828,1.0,0.01,0.24904530619300352,1350,1850,1950,1980
2026-08-02,1882.52197265625,-0.012889890945309235,0,1,0.5127794251660389,0.4872205748339611,0.5127794251660389,1.0,scale,0.24767086160648943,1380,1880,1980,2010
2026-08-03,1858.2564697265625,0.005451020726294331,1,0,0.49652168037552147,0.5034783196244785,0.5034783196244785,1.0,scale,0.24767086160648943,1380,1880,1980,2010
2026-08-04,1868.3858642578125,0.020413415370117205,1,1,0.5135381579046948,0.4864618420953052,0.5135381579046948,1.0,scale,0.24767086160648943,1380,1880,1980,2010
2026-08-05,1906.5260009765625,-0.0023437948693519894,0,1,0.5184054476372398,0.48159455236276016,0.5184054476372398,1.0,scale,0.24767086160648943,1380,1880,1980,2010
2026-08-06,1902.0574951171875,0.005899886757857242,1,1,0.5258823344039713,0.47411766559602875,0.5258823344039713,1.0,scale,0.24767086160648943,1380,1880,1980,2010
2026-08-07,1913.2794189453125,0.0011778415723013858,1,1,0.5135192897075894,0.4864807102924106,0.5135192897075894,1.0,scale,0.24767086160648943,1380,1880,1980,2010
2026-08-08,1915.532958984375,-0.0035761429707763526,0,1,0.5358475843570194,0.4641524156429806,0.5358475843570194,1.0,scale,0.24767086160648943,1380,1880,1980,2010
2026-08-09,1908.6827392578125,-0.01959678890841743,0,1,0.5062951336792612,0.49370486632073884,0.5062951336792612,1.0,scale,0.24767086160648943,1380,1880,1980,2010
2026-08-10,1871.2786865234373,0.0053946259878412395,1,0,0.4949229173920333,0.5050770826079667,0.5050770826079667,1.0,scale,0.24767086160648943,1380,1880,1980,2010
2026-08-11,1881.37353515625,-0.0017213622548145624,0,1,0.5161107236141318,0.4838892763858682,0.5161107236141318,1.0,scale,0.24767086160648943,1380,1880,1980,2010
2026-08-12,1878.135009765625,0.0031181588180491104,1,1,0.5096528978122349,0.4903471021877651,0.5096528978122349,1.0,scale,0.24767086160648943,1380,1880,1980,2010
2026-08-13,1883.9913330078125,-0.0017735265206425543,0,1,0.5141433398289108,0.4858566601710892,0.5141433398289108,1.0,scale,0.24767086160648943,1380,1880,1980,2010
2026-08-14,1880.6500244140625,0.00013734654395913815,1,1,0.5138189896830941,0.48618101031690586,0.5138189896830941,1.0,scale,0.24767086160648943,1380,1880,1980,2010
2026-08-15,1880.9083251953125,-0.0037031746512827812,0,1,0.5195217097883648,0.48047829021163524,0.5195217097883648,1.0,scale,0.24767086160648943,1380,1880,1980,2010
2026-08-16,1873.9429931640625,0.020416392287813778,1,0,0.49947529021161635,0.5005247097883836,0.5005247097883836,1.0,scale,0.24767086160648943,1380,1880,1980,2010
2026-08-17,1912.2021484375,0.002226462454579581,1,1,0.5094044971642839,0.49059550283571607,0.5094044971642839,1.0,scale,0.24767086160648943,1380,1880,1980,2010
2026-08-18,1916.4595947265625,0.17480066577335518,1,1,0.503452545807998,0.49654745419200197,0.503452545807998,1.0,scale,0.24767086160648943,1380,1880,1980,2010
2026-08-19,2251.4580078125,0.03327921620234808,1,1,0.5056989012601711,0.49430109873982886,0.5056989012601711,1.0,scale,0.24767086160648943,1380,1880,1980,2010
2026-08-20,2326.384765625,0.081197648577922,1,0,0.4926173008231011,0.5073826991768988,0.5073826991768988,1.0,scale,0.24767086160648943,1380,1880,1980,2010
2026-08-21,2515.28173828125,-0.03619098258166831,0,1,0.525101634949593,0.47489836505040695,0.525101634949593,1.0,scale,0.24767086160648943,1380,1880,1980,2010
2026-08-22,2424.251220703125,0.016320378402923774,1,0,0.4900594050437202,0.5099405949562799,0.5099405949562799,1.0,scale,0.24767086160648943,1380,1880,1980,2010
2026-08-23,2463.81591796875,0.007311983305241299,1,1,0.5043058792945048,0.49569412070549523,0.5043058792945048,1.0,scale,0.24767086160648943,1380,1880,1980,2010
2026-08-24,2481.831298828125,-0.015581991821224994,0,1,0.5100200835040579,0.4899799164959421,0.5100200835040579,1.0,scale,0.24767086160648943,1380,1880,1980,2010
2026-08-25,2443.159423828125,0.025827853018747238,1,0,0.4977078238817543,0.5022921761182457,0.5022921761182457,1.0,scale,0.24767086160648943,1380,1880,1980,2010
2026-08-26,2506.260986328125,0.0016555218887852607,1,1,0.5194860665074162,0.48051393349258376,0.5194860665074162,1.0,scale,0.24767086160648943,1380,1880,1980,2010
2026-08-27,2510.41015625,-0.02703712276224779,0,1,0.515918460686624,0.48408153931337605,0.515918460686624,1.0,scale,0.24767086160648943,1380,1880,1980,2010
2026-08-28,2442.535888671875,0.006202729996830358,1,0,0.4911746515300447,0.5088253484699553,0.5088253484699553,1.0,scale,0.24767086160648943,1380,1880,1980,2010
2026-08-29,2457.686279296875,-0.0161727552163905,0,1,0.5060962814781488,0.4939037185218512,0.5060962814781488,1.0,scale,0.24767086160648943,1380,1880,1980,2010
2026-08-30,2417.938720703125,0.020216224413934114,1,1,0.5170219582111868,0.4829780417888132,0.5170219582111868,1.0,scale,0.24767086160648943,1380,1880,1980,2010
2026-08-31,2466.8203125,-0.01985481927329269,0,1,0.5190649397832371,0.4809350602167629,0.5190649397832371,1.0,scale,0.24767086160648943,1380,1880,1980,2010
