timestamp,close,future_return_1d,y_true,prediction,prob_positive,prob_negative,confidence,selected_C,selected_gamma,validation_brier,fold_start,train_end,validation_end,test_end
2022-10-22,1314.2991943359375,0.03739470233280473,1,1,0.5235136401232119,0.4764863598767881,0.5235136401232119,1.0,0.01,0.24893148121262432,0,500,600,630
2022-10-23,1363.447021484375,-0.013530768733529763,0,0,0.49214851078004607,0.5078514892199539,0.5078514892199539,1.0,0.01,0.24893148121262432,0,500,600,630
2022-10-24,1344.99853515625,0.0867412618435559,1,0,0.4891116480889986,0.5108883519110015,0.5108883519110015,1.0,0.01,0.24893148121262432,0,500,600,630
2022-10-25,1461.6654052734375,0.07176830260791678,1,0,0.45750015042050446,0.5424998495794955,0.5424998495794955,1.0,0.01,0.24893148121262432,0,500,600,630
2022-10-26,1566.566650390625,-0.03331602421634816,0,0,0.4767767392309924,0.5232232607690076,0.5232232607690076,1.0,0.01,0.24893148121262432,0,500,600,630
2022-10-27,1514.3748779296875,0.027141910462713303,1,0,0.49548067587742933,0.5045193241225707,0.5045193241225707,1.0,0.01,0.24893148121262432,0,500,600,630
2022-10-28,1555.4779052734375,0.04128672020153079,1,0,0.4980146009637051,0.5019853990362949,0.5019853990362949,1.0,0.01,0.24893148121262432,0,500,600,630
2022-10-29,1619.698486328125,-0.017852187537918507,0,0,0.4850296605664763,0.5149703394335237,0.5149703394335237,1.0,0.01,0.24893148121262432,0,500,600,630
2022-10-30,1590.7833251953125,-0.011358459301194612,0,1,0.506937134465235,0.49306286553476497,0.506937134465235,1.0,0.01,0.24893148121262432,0,500,600,630
2022-10-31,1572.7144775390625,0.004444616238050703,1,0,0.4615235209314981,0.5384764790685019,0.5384764790685019,1.0,0.01,0.24893148121262432,0,500,600,630
2022-11-01,1579.70458984375,-0.03797722576567086,0,0,0.4933304684878462,0.5066695315121539,0.5066695315121539,1.0,0.01,0.24893148121262432,0,500,600,630
2022-11-02,1519.7117919921875,0.007784341818641627,1,0,0.44061758687246744,0.5593824131275326,0.5593824131275326,1.0,0.01,0.24893148121262432,0,500,600,630
2022-11-03,1531.541748046875,0.074142044046136,1,1,0.5058146254421844,0.49418537455781564,0.5058146254421844,1.0,0.01,0.24893148121262432,0,500,600,630
2022-11-04,1645.0933837890625,-0.010409966011469485,0,0,0.47173578310130126,0.5282642168986987,0.5282642168986987,1.0,0.01,0.24893148121262432,0,500,600,630
2022-11-05,1627.968017578125,-0.034234871794410315,0,1,0.5125364623799668,0.48746353762003325,0.5125364623799668,1.0,0.01,0.24893148121262432,0,500,600,630
2022-11-06,1572.2347412109375,-0.002317359184151657,0,0,0.4723716886388422,0.5276283113611577,0.5276283113611577,1.0,0.01,0.24893148121262432,0,500,600,630
2022-11-07,1568.59130859375,-0.1502977455077471,0,0,0.4601961059932962,0.5398038940067038,0.5398038940067038,1.0,0.01,0.24893148121262432,0,500,600,630
2022-11-08,1332.8355712890625,-0.17456449729905577,0,0,0.37807338629861104,0.621926613701389,0.621926613701389,1.0,0.01,0.24893148121262432,0,500,600,630
2022-11-09,1100.1697998046875,0.18114912792558768,1,0,0.369342187517514,0.630657812482486,0.630657812482486,1.0,0.01,0.24893148121262432,0,500,600,630
2022-11-10,1299.464599609375,-0.009421980619647496,0,0,0.4882900280659853,0.5117099719340147,0.5117099719340147,1.0,0.01,0.24893148121262432,0,500,600,630
2022-11-11,1287.2210693359375,-0.02482305452438449,0,0,0.46343018473460323,0.5365698152653968,0.5365698152653968,1.0,0.01,0.24893148121262432,0,500,600,630
2022-11-12,1255.268310546875,-0.026646969734394843,0,0,0.4818539693043292,0.5181460306956708,0.5181460306956708,1.0,0.01,0.24893148121262432,0,500,600,630
2022-11-13,1221.8192138671875,0.016193094653558227,1,0,0.446342517265558,0.553657482734442,0.553657482734442,1.0,0.01,0.24893148121262432,0,500,600,630
2022-11-14,1241.604248046875,0.008160376403149927,1,0,0.4531870972647647,0.5468129027352353,0.5468129027352353,1.0,0.01,0.24893148121262432,0,500,600,630
2022-11-15,1251.7362060546875,-0.028866838569826303,0,0,0.4614461241043415,0.5385538758956585,0.5385538758956585,1.0,0.01,0.24893148121262432,0,500,600,630
2022-11-16,1215.6025390625,-0.012170051342529575,0,0,0.4190037425842783,0.5809962574157217,0.5809962574157217,1.0,0.01,0.24893148121262432,0,500,600,630
2022-11-17,1200.80859375,0.009569967502366605,1,0,0.43834435694787094,0.5616556430521291,0.5616556430521291,1.0,0.01,0.24893148121262432,0,500,600,630
2022-11-18,1212.30029296875,0.005053586870582327,1,0,0.4431577186948288,0.5568422813051712,0.5568422813051712,1.0,0.01,0.24893148121262432,0,500,600,630
2022-11-19,1218.4267578125,-0.062342756772829966,0,0,0.445491779592605,0.554508220407395,0.554508220407395,1.0,0.01,0.24893148121262432,0,500,600,630
2022-11-20,1142.4666748046875,-0.0298596433605115,0,0,0.39845960759792853,0.6015403924020715,0.6015403924020715,1.0,0.01,0.24893148121262432,0,500,600,630
2022-11-21,1108.35302734375,0.024198458350936924,1,0,0.4438961913320059,0.5561038086679941,0.5561038086679941,10.0,scale,0.24741764310769532,30,530,630,660
2022-11-22,1135.1734619140625,0.04230729897957275,1,0,0.4436364189751788,0.5563635810248212,0.5563635810248212,10.0,scale,0.24741764310769532,30,530,630,660
2022-11-23,1183.1995849609375,0.01756556510001106,1,0,0.4484005609948995,0.5515994390051004,0.5515994390051004,10.0,scale,0.24741764310769532,30,530,630,660
2022-11-24,1203.983154296875,-0.004200433335394882,0,0,0.44811845773018555,0.5518815422698145,0.5518815422698145,10.0,scale,0.24741764310769532,30,530,630,660
2022-11-25,1198.9259033203125,0.005815243360018485,1,0,0.4480078411899954,0.5519921588100045,0.5519921588100045,10.0,scale,0.24741764310769532,30,530,630,660
2022-11-26,1205.89794921875,-0.008931930020055212,0,0,0.44556345966660343,0.5544365403333966,0.5544365403333966,10.0,scale,0.24741764310769532,30,530,630,660
2022-11-27,1195.126953125,-0.02095239457105269,0,0,0.4429284471532622,0.5570715528467378,0.5570715528467378,10.0,scale,0.24741764310769532,30,530,630,660
2022-11-28,1170.086181640625,0.040009927654150346,1,0,0.4421336573670606,0.5578663426329393,0.5578663426329393,10.0,scale,0.24741764310769532,30,530,630,660
2022-11-29,1216.9012451171875,0.06474424595402373,1,0,0.44448249853186705,0.555517501468133,0.555517501468133,10.0,scale,0.24741764310769532,30,530,630,660
2022-11-30,1295.6885986328125,-0.014984057799110495,0,0,0.4489787800609134,0.5510212199390866,0.5510212199390866,10.0,scale,0.24741764310769532,30,530,630,660
2022-12-01,1276.27392578125,0.014126606037395906,1,0,0.4480048566502375,0.5519951433497625,0.5519951433497625,10.0,scale,0.24741764310769532,30,530,630,660
2022-12-02,1294.3033447265625,-0.03937910387625765,0,0,0.4477152084206786,0.5522847915793214,0.5522847915793214,10.0,scale,0.24741764310769532,30,530,630,660
2022-12-03,1243.3348388671875,0.029695743878074943,1,0,0.44292691865612227,0.5570730813438778,0.5570730813438778,10.0,scale,0.24741764310769532,30,530,630,660
2022-12-04,1280.256591796875,-0.016074772913678648,0,0,0.4487728069295388,0.5512271930704612,0.5512271930704612,10.0,scale,0.24741764310769532,30,530,630,660
2022-12-05,1259.6767578125,0.009508035062938625,1,0,0.448272898665083,0.551727101334917,0.551727101334917,10.0,scale,0.24741764310769532,30,530,630,660
2022-12-06,1271.65380859375,-0.030838824473082838,0,0,0.45065424953215966,0.5493457504678403,0.5493457504678403,10.0,scale,0.24741764310769532,30,530,630,660
2022-12-07,1232.4375,0.0394980134958669,1,0,0.44802397660188936,0.5519760233981106,0.5519760233981106,10.0,scale,0.24741764310769532,30,530,630,660
2022-12-08,1281.1163330078125,-0.013138184671514397,0,0,0.44946811635267286,0.5505318836473272,0.5505318836473272,10.0,scale,0.24741764310769532,30,530,630,660
2022-12-09,1264.2847900390625,0.0016605160885547754,1,0,0.4441144973056026,0.5558855026943974,0.5558855026943974,10.0,scale,0.24741764310769532,30,530,630,660
2022-12-10,1266.3841552734375,-0.0019864627881867047,0,0,0.4395283304362141,0.5604716695637859,0.5604716695637859,10.0,scale,0.24741764310769532,30,530,630,660
2022-12-11,1263.8685302734375,0.00850601785212901,1,0,0.43963653965011684,0.5603634603498832,0.5603634603498832,10.0,scale,0.24741764310769532,30,530,630,660
2022-12-12,1274.6190185546875,0.03603443469196854,1,0,0.44202671998690046,0.5579732800130995,0.5579732800130995,10.0,scale,0.24741764310769532,30,530,630,660
2022-12-13,1320.5491943359375,-0.008496812562910572,0,0,0.44207159124744194,0.557928408752558,0.557928408752558,10.0,scale,0.24741764310769532,30,530,630,660
2022-12-14,1309.3287353515625,-0.03282205022719986,0,0,0.4370798485197104,0.5629201514802896,0.5629201514802896,10.0,scale,0.24741764310769532,30,530,630,660
2022-12-15,1266.3538818359375,-0.07746214058242495,0,0,0.4391466531562539,0.5608533468437461,0.5608533468437461,10.0,scale,0.24741764310769532,30,530,630,660
2022-12-16,1168.2593994140625,0.017025445486444024,1,0,0.4442578556867197,0.5557421443132803,0.5557421443132803,10.0,scale,0.24741764310769532,30,530,630,660
2022-12-17,1188.1495361328125,-0.0028904831146532306,0,0,0.44296345038292084,0.5570365496170792,0.5570365496170792,10.0,scale,0.24741764310769532,30,530,630,660
2022-12-18,1184.7152099609375,-0.014438361671959554,0,0,0.4447570036842578,0.5552429963157421,0.5552429963157421,10.0,scale,0.24741764310769532,30,530,630,660
2022-12-19,1167.60986328125,0.04290281503722926,1,0,0.4488467818172273,0.5511532181827727,0.5511532181827727,10.0,scale,0.24741764310769532,30,530,630,660
2022-12-20,1217.70361328125,-0.0033699807166168716,0,0,0.4456813852525921,0.554318614747408,0.554318614747408,10.0,scale,0.24741764310769532,30,530,630,660
2022-12-21,1213.5999755859375,0.003775670247603724,1,0,0.4492812615585234,0.5507187384414767,0.5507187384414767,10.0,scale,0.2462068299232183,60,560,660,690
2022-12-22,1218.18212890625,0.0016231521337866095,1,0,0.44720144254631056,0.5527985574536894,0.5527985574536894,10.0,scale,0.2462068299232183,60,560,660,690
2022-12-23,1220.159423828125,0.0008106610684399662,1,0,0.431094232414919,0.568905767585081,0.568905767585081,10.0,scale,0.2462068299232183,60,560,660,690
2022-12-24,1221.1485595703125,-0.0017905466295349282,0,0,0.43328403732883103,0.566715962671169,0.566715962671169,10.0,scale,0.2462068299232183,60,560,660,690
2022-12-25,1218.9620361328125,0.006573075177125132,1,0,0.4391152091370443,0.5608847908629557,0.5608847908629557,10.0,scale,0.2462068299232183,60,560,660,690
2022-12-26,1226.974365234375,-0.011559116196452335,0,0,0.43245887350360107,0.567541126496399,0.567541126496399,10.0,scale,0.2462068299232183,60,560,660,690
2022-12-27,1212.7916259765625,-0.018804171717317075,0,0,0.4409233660866497,0.5590766339133503,0.5590766339133503,10.0,scale,0.2462068299232183,60,560,660,690
2022-12-28,1189.986083984375,0.009755788816300015,1,0,0.4469121228300593,0.5530878771699407,0.5530878771699407,10.0,scale,0.2462068299232183,60,560,660,690
2022-12-29,1201.5953369140625,-0.001966176761464933,0,0,0.4383431997577207,0.5616568002422793,0.5616568002422793,10.0,scale,0.2462068299232183,60,560,660,690
2022-12-30,1199.2327880859375,-0.002052602193683639,0,0,0.4349009005529694,0.5650990994470306,0.5650990994470306,10.0,scale,0.2462068299232183,60,560,660,690
2022-12-31,1196.771240234375,0.003504097838116227,1,0,0.43783833594443305,0.5621616640555669,0.5621616640555669,10.0,scale,0.2462068299232183,60,560,660,690
2023-01-01,1200.96484375,0.011400643850810077,1,0,0.42472899421225313,0.5752710057877468,0.5752710057877468,10.0,scale,0.2462068299232183,60,560,660,690
2023-01-02,1214.6566162109375,0.00010059829352737637,1,0,0.4189391257356873,0.5810608742643126,0.5810608742643126,10.0,scale,0.2462068299232183,60,560,660,690
2023-01-03,1214.77880859375,0.03436658792451519,1,0,0.4185249866982164,0.5814750133017836,0.5814750133017836,10.0,scale,0.2462068299232183,60,560,660,690
2023-01-04,1256.526611328125,-0.004845112423745301,0,0,0.4239620982019048,0.5760379017980952,0.5760379017980952,10.0,scale,0.2462068299232183,60,560,660,690
2023-01-05,1250.4385986328125,0.015147028977039678,1,0,0.4284252059164518,0.5715747940835483,0.5715747940835483,10.0,scale,0.2462068299232183,60,560,660,690
2023-01-06,1269.3790283203125,-0.00402452101708739,0,0,0.42079762505118057,0.5792023749488194,0.5792023749488194,10.0,scale,0.2462068299232183,60,560,660,690
2023-01-07,1264.2703857421875,0.018262795354943462,1,0,0.4277267678843784,0.5722732321156216,0.5722732321156216,10.0,scale,0.2462068299232183,60,560,660,690
2023-01-08,1287.3594970703125,0.026550037838815266,1,0,0.42219143969231354,0.5778085603076865,0.5778085603076865,10.0,scale,0.2462068299232183,60,560,660,690
2023-01-09,1321.5389404296875,0.011386058087499595,1,0,0.43043430684086786,0.5695656931591322,0.5695656931591322,10.0,scale,0.2462068299232183,60,560,660,690
2023-01-10,1336.5860595703125,0.03841629150614301,1,0,0.43623227078990356,0.5637677292100964,0.5637677292100964,10.0,scale,0.2462068299232183,60,560,660,690
2023-01-11,1387.9327392578125,0.021619013988194213,1,0,0.44420444301717354,0.5557955569828265,0.5557955569828265,10.0,scale,0.2462068299232183,60,560,660,690
2023-01-12,1417.9384765625,0.02375024880007759,1,0,0.444814773861542,0.555185226138458,0.555185226138458,10.0,scale,0.2462068299232183,60,560,660,690
2023-01-13,1451.6148681640625,0.0682633136301174,1,0,0.4453595164772798,0.5546404835227202,0.5546404835227202,10.0,scale,0.2462068299232183,60,560,660,690
2023-01-14,1550.7069091796875,0.0011430806152468165,1,0,0.45311412637250303,0.546885873627497,0.546885873627497,10.0,scale,0.2462068299232183,60,560,660,690
2023-01-15,1552.4794921875,0.015687166258109064,1,0,0.4463392386804738,0.5536607613195261,0.5536607613195261,10.0,scale,0.2462068299232183,60,560,660,690
2023-01-16,1576.83349609375,-0.0056996675806778585,0,0,0.4420790355614972,0.5579209644385028,0.5579209644385028,10.0,scale,0.2462068299232183,60,560,660,690
2023-01-17,1567.8460693359375,-0.033382812478710555,0,0,0.43966655656915277,0.5603334434308472,0.5603334434308472,10.0,scale,0.2462068299232183,60,560,660,690
2023-01-18,1515.5069580078125,0.024446974889233086,1,0,0.4352494968010742,0.5647505031989257,0.5647505031989257,10.0,scale,0.2462068299232183,60,560,660,690
2023-01-19,1552.5565185546875,0.0690458804911851,1,0,0.43760605789022206,0.5623939421097779,0.5623939421097779,10.0,scale,0.2462068299232183,60,560,660,690
2023-01-20,1659.754150390625,-0.019663144882297257,0,0,0.4914210977768666,0.5085789022231334,0.5085789022231334,1.0,0.01,0.25445690344671623,90,590,690,720
2023-01-21,1627.1181640625,0.0007767819470894111,1,0,0.4971622337759825,0.5028377662240175,0.5028377662240175,1.0,0.01,0.25445690344671623,90,590,690,720
2023-01-22,1628.382080078125,-8.043655534839544e-05,0,0,0.49372167196192607,0.5062783280380739,0.5062783280380739,1.0,0.01,0.25445690344671623,90,590,690,720
2023-01-23,1628.2510986328125,-0.04400233517182761,0,0,0.4952926410607091,0.504707358939291,0.504707358939291,1.0,0.01,0.25445690344671623,90,590,690,720
2023-01-24,1556.604248046875,0.035401940854640435,1,1,0.5010192460498338,0.49898075395016617,0.5010192460498338,1.0,0.01,0.25445690344671623,90,590,690,720
2023-01-25,1611.7110595703125,-0.005339109940311948,0,0,0.495345161735992,0.5046548382640079,0.5046548382640079,1.0,0.01,0.25445690344671623,90,590,690,720
2023-01-26,1603.10595703125,-0.0030874209336673175,0,0,0.49454987351438456,0.5054501264856155,0.5054501264856155,1.0,0.01,0.25445690344671623,90,590,690,720
2023-01-27,1598.156494140625,-0.01609444108957936,0,0,0.49926193909190036,0.5007380609080996,0.5007380609080996,1.0,0.01,0.25445690344671623,90,590,690,720
2023-01-28,1572.43505859375,0.046883068812149764,1,0,0.49743907937475595,0.502560920625244,0.502560920625244,1.0,0.01,0.25445690344671623,90,590,690,720
2023-01-29,1646.1556396484375,-0.04788678522483769,0,0,0.49694651520277605,0.5030534847972239,0.5030534847972239,1.0,0.01,0.25445690344671623,90,590,690,720
2023-01-30,1567.3265380859375,0.012255813857491304,1,1,0.5029960231826053,0.4970039768173947,0.5029960231826053,1.0,0.01,0.25445690344671623,90,590,690,720
2023-01-31,1586.535400390625,0.034828926102213,1,0,0.4950599858732695,0.5049400141267305,0.5049400141267305,1.0,0.01,0.25445690344671623,90,590,690,720
2023-02-01,1641.792724609375,0.0008824820072261819,1,0,0.4891838177379049,0.5108161822620951,0.5108161822620951,1.0,0.01,0.25445690344671623,90,590,690,720
2023-02-02,1643.2415771484375,0.013086346292204398,1,0,0.4929909928043154,0.5070090071956845,0.5070090071956845,1.0,0.01,0.25445690344671623,90,590,690,720
2023-02-03,1664.74560546875,0.0013897610693263118,1,0,0.4857178560277312,0.5142821439722688,0.5142821439722688,1.0,0.01,0.25445690344671623,90,590,690,720
2023-02-04,1667.0592041015625,-0.02124299484445158,0,0,0.485709967722648,0.514290032277352,0.514290032277352,1.0,0.01,0.25445690344671623,90,590,690,720
2023-02-05,1631.6458740234375,-0.009437589342205732,0,0,0.49457743027190276,0.5054225697280972,0.5054225697280972,1.0,0.01,0.25445690344671623,90,590,690,720
2023-02-06,1616.2470703125,0.03449749159686455,1,0,0.49305262192648264,0.5069473780735174,0.5069473780735174,1.0,0.01,0.25445690344671623,90,590,690,720
2023-02-07,1672.0035400390625,-0.01273127876485547,0,0,0.48974371587908033,0.5102562841209197,0.5102562841209197,1.0,0.01,0.25445690344671623,90,590,690,720
2023-02-08,1650.716796875,-0.0631716867790626,0,0,0.49314794023956726,0.5068520597604327,0.5068520597604327,1.0,0.01,0.25445690344671623,90,590,690,720
2023-02-09,1546.438232421875,-0.02041406577709526,0,1,0.5064694688100811,0.49353053118991885,0.5064694688100811,1.0,0.01,0.25445690344671623,90,590,690,720
2023-02-10,1514.869140625,0.01654111006391079,1,1,0.5022828470998462,0.49771715290015384,0.5022828470998462,1.0,0.01,0.25445690344671623,90,590,690,720
2023-02-11,1539.9267578125,-0.016165097645040705,0,0,0.49584382357992224,0.5041561764200777,0.5041561764200777,1.0,0.01,0.25445690344671623,90,590,690,720
2023-02-12,1515.03369140625,-0.005193150420476522,0,1,0.501992270439322,0.49800772956067796,0.501992270439322,1.0,0.01,0.25445690344671623,90,590,690,720
2023-02-13,1507.1658935546875,0.03298192238041198,1,1,0.5059389779361,0.4940610220639,0.5059389779361,1.0,0.01,0.25445690344671623,90,590,690,720
2023-02-14,1556.8751220703125,0.0750675811775845,1,0,0.49468562021650686,0.5053143797834931,0.5053143797834931,1.0,0.01,0.25445690344671623,90,590,690,720
2023-02-15,1673.7459716796875,-0.020121538929091298,0,0,0.4861043048318211,0.5138956951681789,0.5138956951681789,1.0,0.01,0.25445690344671623,90,590,690,720
2023-02-16,1640.067626953125,0.03336185492779764,1,0,0.4943853502017751,0.5056146497982249,0.5056146497982249,1.0,0.01,0.25445690344671623,90,590,690,720
2023-02-17,1694.7833251953125,-0.0017488177653378623,0,0,0.48614040316814094,0.5138595968318591,0.5138595968318591,1.0,0.01,0.25445690344671623,90,590,690,720
2023-02-18,1691.8194580078125,-0.006137357465717308,0,0,0.4857975802997842,0.5142024197002157,0.5142024197002157,1.0,0.01,0.25445690344671623,90,590,690,720
2023-02-19,1681.4361572265625,0.0126314719596059,1,0,0.4513625819119783,0.5486374180880217,0.5486374180880217,1.0,scale,0.2534610880921251,120,620,720,750
2023-02-20,1702.6751708984375,-0.026216858452078218,0,0,0.43641809238443047,0.5635819076155695,0.5635819076155695,1.0,scale,0.2534610880921251,120,620,720,750
2023-02-21,1658.036376953125,-0.008929048666112882,0,0,0.46039191282117436,0.5396080871788256,0.5396080871788256,1.0,scale,0.2534610880921251,120,620,720,750
2023-02-22,1643.231689453125,0.004772402538407272,1,0,0.4875564933590488,0.5124435066409512,0.5124435066409512,1.0,scale,0.2534610880921251,120,620,720,750
2023-02-23,1651.0738525390625,-0.025862370437327087,0,0,0.461101114335436,0.538898885664564,0.538898885664564,1.0,scale,0.2534610880921251,120,620,720,750
2023-02-24,1608.3731689453125,-0.00836761779727413,0,0,0.4936345663991349,0.5063654336008652,0.5063654336008652,1.0,scale,0.2534610880921251,120,620,720,750
2023-02-25,1594.9149169921875,0.028780357616977614,1,0,0.481486071227659,0.518513928772341,0.518513928772341,1.0,scale,0.2534610880921251,120,620,720,750
2023-02-26,1640.817138671875,-0.003955786725572508,0,0,0.46723902012917046,0.5327609798708295,0.5327609798708295,1.0,scale,0.2534610880921251,120,620,720,750
2023-02-27,1634.326416015625,-0.01739632556596371,0,0,0.4875499770461959,0.512450022953804,0.512450022953804,1.0,scale,0.2534610880921251,120,620,720,750
2023-02-28,1605.8951416015625,0.035829596047825873,1,0,0.47016422925949936,0.5298357707405006,0.5298357707405006,1.0,scale,0.2534610880921251,120,620,720,750
2023-03-01,1663.4337158203125,-0.009687419299942324,0,0,0.44718855865066076,0.5528114413493392,0.5528114413493392,1.0,scale,0.2534610880921251,120,620,720,750
2023-03-02,1647.3193359375,-0.04744176292568125,0,0,0.4326473673720444,0.5673526326279557,0.5673526326279557,1.0,scale,0.2534610880921251,120,620,720,750
2023-03-03,1569.1676025390625,-0.0014298360099453955,0,1,0.514331164891722,0.48566883510827796,0.514331164891722,1.0,scale,0.2534610880921251,120,620,720,750
2023-03-04,1566.9239501953125,-0.001566891740346743,0,0,0.4783410654068572,0.5216589345931428,0.5216589345931428,1.0,scale,0.2534610880921251,120,620,720,750
2023-03-05,1564.46875,0.0018727965263767299,1,0,0.4932997121856933,0.5067002878143068,0.5067002878143068,1.0,scale,0.2534610880921251,120,620,720,750
2023-03-06,1567.398681640625,-0.0034870363462051746,0,0,0.4882532671110137,0.5117467328889863,0.5117467328889863,1.0,scale,0.2534610880921251,120,620,720,750
2023-03-07,1561.93310546875,-0.017827171045494916,0,0,0.4910319369810909,0.5089680630189091,0.5089680630189091,1.0,scale,0.2534610880921251,120,620,720,750
2023-03-08,1534.0882568359375,-0.0622046937711358,0,1,0.5020582486902134,0.4979417513097866,0.5020582486902134,1.0,scale,0.2534610880921251,120,620,720,750
2023-03-09,1438.6607666015625,-0.0066052302026157195,0,1,0.569375726542572,0.43062427345742804,0.569375726542572,1.0,scale,0.2534610880921251,120,620,720,750
2023-03-10,1429.1580810546875,0.0374056718236595,1,1,0.5512516792778483,0.44874832072215165,0.5512516792778483,1.0,scale,0.2534610880921251,120,620,720,750
2023-03-11,1482.61669921875,0.07262583079496476,1,0,0.49252117119282374,0.5074788288071763,0.5074788288071763,1.0,scale,0.2534610880921251,120,620,720,750
2023-03-12,1590.29296875,0.05660340137307651,1,0,0.46259406410023796,0.537405935899762,0.537405935899762,1.0,scale,0.2534610880921251,120,620,720,750
2023-03-13,1680.3089599609375,0.013805865867504874,1,0,0.4688812581243132,0.5311187418756869,0.5311187418756869,1.0,scale,0.2534610880921251,120,620,720,750
2023-03-14,1703.507080078125,-0.027781826468116,0,0,0.4518275138988373,0.5481724861011628,0.5481724861011628,1.0,scale,0.2534610880921251,120,620,720,750
2023-03-15,1656.1805419921875,0.012700856927151394,1,0,0.41795223246020685,0.5820477675397931,0.5820477675397931,1.0,scale,0.2534610880921251,120,620,720,750
2023-03-16,1677.2154541015625,0.06872680134113085,1,0,0.4147850874849202,0.5852149125150798,0.5852149125150798,1.0,scale,0.2534610880921251,120,620,720,750
2023-03-17,1792.485107421875,-0.017197040759496796,0,0,0.4856910985021418,0.5143089014978581,0.5143089014978581,1.0,scale,0.2534610880921251,120,620,720,750
2023-03-18,1761.65966796875,0.013576328363562151,1,0,0.4335220140099524,0.5664779859900476,0.5664779859900476,1.0,scale,0.2534610880921251,120,620,720,750
2023-03-19,1785.5765380859375,-0.028145110529571027,0,0,0.4379816274367687,0.5620183725632313,0.5620183725632313,1.0,scale,0.2534610880921251,120,620,720,750
2023-03-20,1735.3212890625,0.04116785380048826,1,0,0.46256751775548477,0.5374324822445152,0.5374324822445152,1.0,scale,0.2534610880921251,120,620,720,750
2023-03-21,1806.7607421875,-0.03821408090164813,0,1,0.5036705931717387,0.4963294068282613,0.5036705931717387,10.0,scale,0.25067366218895093,150,650,750,780
2023-03-22,1737.717041015625,0.04528246457522944,1,1,0.5016806121328911,0.49831938786710894,0.5016806121328911,10.0,scale,0.25067366218895093,150,650,750,780
2023-03-23,1816.4051513671875,-0.035432817130064076,0,1,0.5019680387121563,0.49803196128784366,0.5019680387121563,10.0,scale,0.25067366218895093,150,650,750,780
2023-03-24,1752.0447998046875,-0.0047259232742210555,0,0,0.49987843440809226,0.5001215655919078,0.5001215655919078,10.0,scale,0.25067366218895093,150,650,750,780
2023-03-25,1743.7647705078125,0.01830062623377482,1,1,0.5012046129094642,0.49879538709053584,0.5012046129094642,10.0,scale,0.25067366218895093,150,650,750,780
2023-03-26,1775.6767578125,-0.03391154505901961,0,1,0.5012171166268499,0.49878288337315013,0.5012171166268499,10.0,scale,0.25067366218895093,150,650,750,780
2023-03-27,1715.4608154296875,0.033416577391890856,1,0,0.4957682767301926,0.5042317232698075,0.5042317232698075,10.0,scale,0.25067366218895093,150,650,750,780
2023-03-28,1772.78564453125,0.011403627159211949,1,0,0.4995725320584465,0.5004274679415535,0.5004274679415535,10.0,scale,0.25067366218895093,150,650,750,780
2023-03-29,1793.0018310546875,-0.00014760076254038967,0,1,0.504249134577106,0.49575086542289404,0.504249134577106,10.0,scale,0.25067366218895093,150,650,750,780
2023-03-30,1792.7371826171875,0.016335306922469428,1,1,0.5038415701214138,0.49615842987858616,0.5038415701214138,10.0,scale,0.25067366218895093,150,650,750,780
2023-03-31,1822.0220947265625,-0.004479363366151845,0,1,0.5104237830215361,0.4895762169784639,0.5104237830215361,10.0,scale,0.25067366218895093,150,650,750,780
2023-04-01,1813.860595703125,-0.010007641085160612,0,1,0.5113767934577254,0.48862320654227465,0.5113767934577254,10.0,scale,0.25067366218895093,150,650,750,780
2023-04-02,1795.7081298828125,0.008124365544173617,1,1,0.5067646610501458,0.49323533894985416,0.5067646610501458,10.0,scale,0.25067366218895093,150,650,750,780
2023-04-03,1810.297119140625,0.03353483092395293,1,1,0.502660357571246,0.49733964242875395,0.502660357571246,10.0,scale,0.25067366218895093,150,650,750,780
2023-04-04,1871.005126953125,0.020368135912491647,1,1,0.5106826275684825,0.4893173724315175,0.5106826275684825,10.0,scale,0.25067366218895093,150,650,750,780
2023-04-05,1909.114013671875,-0.018957173846517184,0,1,0.5132270778880706,0.48677292211192935,0.5132270778880706,10.0,scale,0.25067366218895093,150,650,750,780
2023-04-06,1872.922607421875,-0.003890443200676441,0,1,0.5133675931410179,0.4866324068589821,0.5133675931410179,10.0,scale,0.25067366218895093,150,650,750,780
2023-04-07,1865.6361083984373,-0.008650100295806595,0,1,0.5109658865709109,0.4890341134290891,0.5109658865709109,10.0,scale,0.25067366218895093,150,650,750,780
2023-04-08,1849.4981689453125,0.005347206395527104,1,1,0.5127620299033248,0.48723797009667524,0.5127620299033248,10.0,scale,0.25067366218895093,150,650,750,780
2023-04-09,1859.3878173828125,0.02786922752961596,1,1,0.5065093516731164,0.4934906483268836,0.5065093516731164,10.0,scale,0.25067366218895093,150,650,750,780
2023-04-10,1911.20751953125,-0.009950684094362172,0,1,0.5062920238634216,0.49370797613657835,0.5062920238634216,10.0,scale,0.25067366218895093,150,650,750,780
2023-04-11,1892.189697265625,0.015057915008098277,1,1,0.5123766434235423,0.4876233565764577,0.5123766434235423,10.0,scale,0.25067366218895093,150,650,750,780
2023-04-12,1920.68212890625,0.04787492592582243,1,1,0.5108535124207085,0.48914648757929147,0.5108535124207085,10.0,scale,0.25067366218895093,150,650,750,780
2023-04-13,2012.6346435546875,0.044221068526871576,1,1,0.5100969922920069,0.4899030077079931,0.5100969922920069,10.0,scale,0.25067366218895093,150,650,750,780
2023-04-14,2101.635498046875,-0.004362650507376609,0,1,0.5076027218039846,0.4923972781960154,0.5076027218039846,10.0,scale,0.25067366218895093,150,650,750,780
2023-04-15,2092.466796875,0.013161051129283452,1,1,0.513573767454332,0.48642623254566797,0.513573767454332,10.0,scale,0.25067366218895093,150,650,750,780
2023-04-16,2120.005859375,-0.020642838914618267,0,1,0.5164796244109005,0.48352037558909955,0.5164796244109005,10.0,scale,0.25067366218895093,150,650,750,780
2023-04-17,2076.242919921875,0.013627708647316883,1,1,0.5095061656921215,0.4904938343078785,0.5095061656921215,10.0,scale,0.25067366218895093,150,650,750,780
2023-04-18,2104.537353515625,-0.07989115082796949,0,1,0.5150326140235655,0.4849673859764345,0.5150326140235655,10.0,scale,0.25067366218895093,150,650,750,780
2023-04-19,1936.4034423828125,0.0034570346864029045,1,0,0.49529886760930397,0.504701132390696,0.504701132390696,10.0,scale,0.25067366218895093,150,650,750,780
2023-04-20,1943.09765625,-0.04791204292839435,0,1,0.548360283938668,0.451639716061332,0.548360283938668,1.0,0.1,0.24955282086504746,180,680,780,810
2023-04-21,1849.9998779296875,0.013096627764505042,1,1,0.664775146970888,0.335224853029112,0.664775146970888,1.0,0.1,0.24955282086504746,180,680,780,810
2023-04-22,1874.2286376953125,-0.006491537762182253,0,1,0.582919770134515,0.417080229865485,0.582919770134515,1.0,0.1,0.24955282086504746,180,680,780,810
2023-04-23,1862.06201171875,-0.010367305335802768,0,1,0.6061946729601961,0.39380532703980387,0.6061946729601961,1.0,0.1,0.24955282086504746,180,680,780,810
2023-04-24,1842.7574462890625,0.013021906854120191,1,1,0.6308587377536485,0.36914126224635146,0.6308587377536485,1.0,0.1,0.24955282086504746,180,680,780,810
2023-04-25,1866.753662109375,-0.00010148801571707722,0,1,0.5423892673601591,0.45761073263984087,0.5423892673601591,1.0,0.1,0.24955282086504746,180,680,780,810
2023-04-26,1866.564208984375,0.022620260136523074,1,1,0.6073735477730363,0.3926264522269637,0.6073735477730363,1.0,0.1,0.24955282086504746,180,680,780,810
2023-04-27,1908.786376953125,-0.00852560546680392,0,0,0.45369985634883553,0.5463001436511645,0.5463001436511645,1.0,0.1,0.24955282086504746,180,680,780,810
2023-04-28,1892.5128173828125,0.008667933265241068,1,0,0.49086300731295296,0.509136992687047,0.509136992687047,1.0,0.1,0.24955282086504746,180,680,780,810
2023-04-29,1908.9169921875,-0.016759595054255505,0,0,0.47424579394337735,0.5257542060566227,0.5257542060566227,1.0,0.1,0.24955282086504746,180,680,780,810
2023-04-30,1876.92431640625,-0.023959134648528724,0,1,0.577779677783827,0.422220322216173,0.577779677783827,1.0,0.1,0.24955282086504746,180,680,780,810
2023-05-01,1831.954833984375,0.02119837887694409,1,1,0.6582480472704448,0.34175195272955516,0.6582480472704448,1.0,0.1,0.24955282086504746,180,680,780,810
2023-05-02,1870.789306640625,0.018100674783592785,1,1,0.5552532698009192,0.44474673019908084,0.5552532698009192,1.0,0.1,0.24955282086504746,180,680,780,810
2023-05-03,1904.65185546875,-0.014148388236346676,0,0,0.49513274126131646,0.5048672587386835,0.5048672587386835,1.0,0.1,0.24955282086504746,180,680,780,810
2023-05-04,1877.7041015625,0.06250016252602353,1,1,0.5062273491204895,0.4937726508795105,0.5062273491204895,1.0,0.1,0.24955282086504746,180,680,780,810
2023-05-05,1995.0609130859373,-0.04753695022846627,0,1,0.5076586530961579,0.4923413469038421,0.5076586530961579,1.0,0.1,0.24955282086504746,180,680,780,810
2023-05-06,1900.2218017578125,-0.014285377484394957,0,1,0.5123033275404348,0.48769667245956516,0.5123033275404348,1.0,0.1,0.24955282086504746,180,680,780,810
2023-05-07,1873.076416015625,-0.012831132355707098,0,1,0.503118371299005,0.49688162870099495,0.503118371299005,1.0,0.1,0.24955282086504746,180,680,780,810
2023-05-08,1849.042724609375,-0.0002377312267921594,0,1,0.6260933656106837,0.37390663438931626,0.6260933656106837,1.0,0.1,0.24955282086504746,180,680,780,810
2023-05-09,1848.6031494140625,-0.0033547817757508813,0,1,0.5281574692229204,0.4718425307770796,0.5281574692229204,1.0,0.1,0.24955282086504746,180,680,780,810
2023-05-10,1842.4014892578125,-0.02491904665707234,0,1,0.6592890445927421,0.34071095540725793,0.6592890445927421,1.0,0.1,0.24955282086504746,180,680,780,810
2023-05-11,1796.4906005859375,0.006417609310578776,1,1,0.6042788909710424,0.39572110902895763,0.6042788909710424,1.0,0.1,0.24955282086504746,180,680,780,810
2023-05-12,1808.019775390625,-0.006584500561665818,0,1,0.6123018962675166,0.38769810373248337,0.6123018962675166,1.0,0.1,0.24955282086504746,180,680,780,810
2023-05-13,1796.1148681640625,0.0024419977119396474,1,1,0.5556576124845097,0.44434238751549027,0.5556576124845097,1.0,0.1,0.24955282086504746,180,680,780,810
2023-05-14,1800.5009765625,0.009469003581360047,1,1,0.5527065784038556,0.4472934215961444,0.5527065784038556,1.0,0.1,0.24955282086504746,180,680,780,810
2023-05-15,1817.5499267578125,0.003615599828306948,1,1,0.5838559721828788,0.41614402781712123,0.5838559721828788,1.0,0.1,0.24955282086504746,180,680,780,810
2023-05-16,1824.1214599609373,-0.0012399617404647012,0,0,0.49423972181604614,0.5057602781839539,0.5057602781839539,1.0,0.1,0.24955282086504746,180,680,780,810
2023-05-17,1821.859619140625,-0.011049755592651422,0,1,0.53272718071864,0.46727281928136,0.53272718071864,1.0,0.1,0.24955282086504746,180,680,780,810
2023-05-18,1801.728515625,0.0060280790473556944,1,1,0.5151840239420803,0.4848159760579197,0.5151840239420803,1.0,0.1,0.24955282086504746,180,680,780,810
2023-05-19,1812.5894775390625,0.004352088491321071,1,1,0.5617601693318159,0.43823983066818406,0.5617601693318159,1.0,0.1,0.24955282086504746,180,680,780,810
2023-05-20,1820.47802734375,-0.00875959777262747,0,0,0.48977094984988334,0.5102290501501167,0.5102290501501167,1.0,scale,0.24705948643132136,210,710,810,840
2023-05-21,1804.5313720703125,0.0072059805498594365,1,1,0.5243997972837036,0.47560020271629644,0.5243997972837036,1.0,scale,0.24705948643132136,210,710,810,840
2023-05-22,1817.5347900390625,0.020272418111193735,1,1,0.5296306995220894,0.4703693004779106,0.5296306995220894,1.0,scale,0.24705948643132136,210,710,810,840
2023-05-23,1854.380615234375,-0.02927157413235626,0,1,0.528813446629853,0.47118655337014703,0.528813446629853,1.0,scale,0.24705948643132136,210,710,810,840
2023-05-24,1800.0999755859375,0.0032519081412238915,1,1,0.513455098279421,0.48654490172057896,0.513455098279421,1.0,scale,0.24705948643132136,210,710,810,840
2023-05-25,1805.9537353515625,0.012589448704585227,1,0,0.4790133120214186,0.5209866879785814,0.5209866879785814,1.0,scale,0.24705948643132136,210,710,810,840
2023-05-26,1828.689697265625,0.001328048640957924,1,0,0.4661860009531835,0.5338139990468165,0.5338139990468165,1.0,scale,0.24705948643132136,210,710,810,840
2023-05-27,1831.1182861328125,0.04357768640169235,1,0,0.47148465449889615,0.5285153455011038,0.5285153455011038,1.0,scale,0.24705948643132136,210,710,810,840
2023-05-28,1910.9141845703125,-0.009333783648857619,0,1,0.579359973958051,0.42064002604194894,0.579359973958051,1.0,scale,0.24705948643132136,210,710,810,840
2023-05-29,1893.078125,0.004198710144688311,1,0,0.45420808039441374,0.5457919196055863,0.5457919196055863,1.0,scale,0.24705948643132136,210,710,810,840
2023-05-30,1901.026611328125,-0.014148207081263298,0,0,0.45035840215703893,0.5496415978429611,0.5496415978429611,1.0,scale,0.24705948643132136,210,710,810,840
2023-05-31,1874.1304931640625,-0.006365126223573547,0,0,0.4890870440115587,0.5109129559884413,0.5109129559884413,1.0,scale,0.24705948643132136,210,710,810,840
2023-06-01,1862.201416015625,0.024194577124557304,1,0,0.4573385508119673,0.5426614491880327,0.5426614491880327,1.0,scale,0.24705948643132136,210,710,810,840
2023-06-02,1907.256591796875,-0.007782967574883393,0,0,0.44386205505980497,0.5561379449401951,0.5561379449401951,1.0,scale,0.24705948643132136,210,710,810,840
2023-06-03,1892.4124755859373,-0.0010034418002141665,0,0,0.4586572347772684,0.5413427652227316,0.5413427652227316,1.0,scale,0.24705948643132136,210,710,810,840
2023-06-04,1890.5135498046875,-0.041621061468822385,0,0,0.4693546657283166,0.5306453342716835,0.5306453342716835,1.0,scale,0.24705948643132136,210,710,810,840
2023-06-05,1811.828369140625,0.040106725970251,1,1,0.6193606860438009,0.3806393139561991,0.6193606860438009,1.0,scale,0.24705948643132136,210,710,810,840
2023-06-06,1884.494873046875,-0.027646069882318547,0,0,0.45328967557782435,0.5467103244221756,0.5467103244221756,1.0,scale,0.24705948643132136,210,710,810,840
2023-06-07,1832.39599609375,0.0075889075389308225,1,0,0.4965624606563875,0.5034375393436126,0.5034375393436126,1.0,scale,0.24705948643132136,210,710,810,840
2023-06-08,1846.3018798828125,-0.003291260341800495,0,0,0.47397665959360524,0.5260233404063948,0.5260233404063948,1.0,scale,0.24705948643132136,210,710,810,840
2023-06-09,1840.2252197265625,-0.04773353454780638,0,0,0.48795631281836493,0.5120436871816351,0.5120436871816351,1.0,scale,0.24705948643132136,210,710,810,840
2023-06-10,1752.384765625,0.0005880658165602348,1,1,0.6199646817481566,0.38003531825184345,0.6199646817481566,1.0,scale,0.24705948643132136,210,710,810,840
2023-06-11,1753.415283203125,-0.006208795362955821,0,1,0.5476018375336703,0.4523981624663297,0.5476018375336703,1.0,scale,0.24705948643132136,210,710,810,840
2023-06-12,1742.5286865234375,-0.0020034613456795247,0,1,0.5724106757758605,0.42758932422413953,0.5724106757758605,1.0,scale,0.24705948643132136,210,710,810,840
2023-06-13,1739.03759765625,-0.050900745714856144,0,1,0.5448711667008771,0.4551288332991229,0.5448711667008771,1.0,scale,0.24705948643132136,210,710,810,840
2023-06-14,1650.519287109375,0.00908834473998854,1,1,0.6182829191398759,0.3817170808601241,0.6182829191398759,1.0,scale,0.24705948643132136,210,710,810,840
2023-06-15,1665.519775390625,0.030710561716126294,1,1,0.5761953280096423,0.42380467199035765,0.5761953280096423,1.0,scale,0.24705948643132136,210,710,810,840
2023-06-16,1716.6688232421875,0.006137047622508218,1,1,0.5124009458374924,0.4875990541625076,0.5124009458374924,1.0,scale,0.24705948643132136,210,710,810,840
2023-06-17,1727.2041015625,-0.003836597486115201,0,0,0.48236133372241763,0.5176386662775824,0.5176386662775824,1.0,scale,0.24705948643132136,210,710,810,840
2023-06-18,1720.5775146484375,0.009928009075009792,1,0,0.48676958631129597,0.513230413688704,0.513230413688704,1.0,scale,0.24705948643132136,210,710,810,840
2023-06-19,1737.659423828125,0.03134133797581806,1,1,0.5325509031546761,0.4674490968453239,0.5325509031546761,1.0,0.01,0.2464258106614688,240,740,840,870
2023-06-20,1792.1199951171875,0.05517889834423917,1,0,0.4928255411255992,0.5071744588744008,0.5071744588744008,1.0,0.01,0.2464258106614688,240,740,840,870
2023-06-21,1891.0072021484373,-0.009552691795066348,0,0,0.4954274592885233,0.5045725407114767,0.5045725407114767,1.0,0.01,0.2464258106614688,240,740,840,870
2023-06-22,1872.9429931640625,0.010635170133588723,1,0,0.431141557533955,0.568858442466045,0.568858442466045,1.0,0.01,0.2464258106614688,240,740,840,870
2023-06-23,1892.862060546875,-0.008876699741769856,0,0,0.445392068885102,0.5546079311148979,0.5546079311148979,1.0,0.01,0.2464258106614688,240,740,840,870
2023-06-24,1876.0596923828125,0.01303072137420247,1,0,0.4244360899207946,0.5755639100792054,0.5755639100792054,1.0,0.01,0.2464258106614688,240,740,840,870
2023-06-25,1900.506103515625,-0.021611739163331922,0,1,0.5020484123428189,0.49795158765718106,0.5020484123428189,1.0,0.01,0.2464258106614688,240,740,840,870
2023-06-26,1859.432861328125,0.016279430380120807,1,1,0.5272849590677938,0.4727150409322062,0.5272849590677938,1.0,0.01,0.2464258106614688,240,740,840,870
2023-06-27,1889.703369140625,-0.03266765501002877,0,0,0.4451132824492751,0.5548867175507248,0.5548867175507248,1.0,0.01,0.2464258106614688,240,740,840,870
2023-06-28,1827.97119140625,0.013269412357076016,1,1,0.5259764266087392,0.4740235733912608,0.5259764266087392,1.0,0.01,0.2464258106614688,240,740,840,870
2023-06-29,1852.227294921875,0.04371043993566137,1,0,0.4550194350695179,0.5449805649304821,0.5449805649304821,1.0,0.01,0.2464258106614688,240,740,840,870
2023-06-30,1933.18896484375,-0.004460529742211228,0,1,0.5948276485210776,0.4051723514789224,0.5948276485210776,1.0,0.01,0.2464258106614688,240,740,840,870
2023-07-01,1924.56591796875,0.0066884882472737495,1,0,0.38324738705364203,0.616752612946358,0.616752612946358,1.0,0.01,0.2464258106614688,240,740,840,870
2023-07-02,1937.4383544921875,0.009265226747700916,1,0,0.47122629343955796,0.5287737065604421,0.5287737065604421,1.0,0.01,0.2464258106614688,240,740,840,870
2023-07-03,1955.38916015625,-0.009591755757138554,0,0,0.46788172334168715,0.5321182766583128,0.5321182766583128,1.0,0.01,0.2464258106614688,240,740,840,870
2023-07-04,1936.633544921875,-0.013448869712526457,0,0,0.42200443609525745,0.5779955639047425,0.5779955639047425,1.0,0.01,0.2464258106614688,240,740,840,870
2023-07-05,1910.5880126953125,-0.0324253777759973,0,0,0.47639833428607836,0.5236016657139216,0.5236016657139216,1.0,0.01,0.2464258106614688,240,740,840,870
2023-07-06,1848.636474609375,0.01188230609685803,1,1,0.5781555443413792,0.42184445565862083,0.5781555443413792,1.0,0.01,0.2464258106614688,240,740,840,870
2023-07-07,1870.6025390625,-0.0027066082588487195,0,0,0.44329942756691443,0.5567005724330856,0.5567005724330856,1.0,0.01,0.2464258106614688,240,740,840,870
2023-07-08,1865.53955078125,-0.0013560608539179286,0,0,0.4469028348831662,0.5530971651168338,0.5530971651168338,1.0,0.01,0.2464258106614688,240,740,840,870
2023-07-09,1863.009765625,0.009418432035694924,1,0,0.48831406128916116,0.5116859387108388,0.5116859387108388,1.0,0.01,0.2464258106614688,240,740,840,870
2023-07-10,1880.556396484375,-0.0011806808443571848,0,1,0.5285225037951237,0.47147749620487633,0.5285225037951237,1.0,0.01,0.2464258106614688,240,740,840,870
2023-07-11,1878.3360595703125,-0.0033126606963430616,0,0,0.4450359049948667,0.5549640950051333,0.5549640950051333,1.0,0.01,0.2464258106614688,240,740,840,870
2023-07-12,1872.11376953125,0.07178928293005193,1,1,0.5144982254620515,0.4855017745379485,0.5144982254620515,1.0,0.01,0.2464258106614688,240,740,840,870
2023-07-13,2006.511474609375,-0.03347323429785676,0,0,0.4769667186361024,0.5230332813638976,0.5230332813638976,1.0,0.01,0.2464258106614688,240,740,840,870
2023-07-14,1939.3470458984373,-0.00406347754040659,0,0,0.463208059589195,0.536791940410805,0.536791940410805,1.0,0.01,0.2464258106614688,240,740,840,870
2023-07-15,1931.466552734375,-0.0040304440984128,0,0,0.38214888296897537,0.6178511170310246,0.6178511170310246,1.0,0.01,0.2464258106614688,240,740,840,870
2023-07-16,1923.681884765625,-0.0062566304215256885,0,0,0.4591305120683697,0.5408694879316303,0.5408694879316303,1.0,0.01,0.2464258106614688,240,740,840,870
2023-07-17,1911.6461181640625,-0.007348051957174251,0,1,0.5429832066229217,0.45701679337707835,0.5429832066229217,1.0,0.01,0.2464258106614688,240,740,840,870
2023-07-18,1897.5992431640625,-0.004527462068031229,0,0,0.459864747959512,0.5401352520404881,0.5401352520404881,1.0,0.01,0.2464258106614688,240,740,840,870
2023-07-19,1889.0079345703125,0.0010382072011099197,1,0,0.4366141247103235,0.5633858752896765,0.5633858752896765,1.0,0.01,0.24244324811909335,270,770,870,900
2023-07-20,1890.9691162109373,0.0005875092853386832,1,1,0.5208274493162646,0.47917255068373543,0.5208274493162646,1.0,0.01,0.24244324811909335,270,770,870,900
2023-07-21,1892.080078125,-0.014358654754347167,0,0,0.4670034205233828,0.5329965794766172,0.5329965794766172,1.0,0.01,0.24244324811909335,270,770,870,900
2023-07-22,1864.912353515625,0.013019001578937539,1,1,0.5045801211231609,0.49541987887683914,0.5045801211231609,1.0,0.01,0.24244324811909335,270,770,870,900
2023-07-23,1889.191650390625,-0.020744097184215993,0,0,0.4942374922616993,0.5057625077383008,0.5057625077383008,1.0,0.01,0.24244324811909335,270,770,870,900
2023-07-24,1850.0020751953125,0.00418370782813593,1,1,0.5538383782705866,0.4461616217294134,0.5538383782705866,1.0,0.01,0.24244324811909335,270,770,870,900
2023-07-25,1857.741943359375,0.007761018047494739,1,0,0.4454896632504757,0.5545103367495243,0.5545103367495243,1.0,0.01,0.24244324811909335,270,770,870,900
2023-07-26,1872.159912109375,-0.006304340937255626,0,1,0.5234144465568282,0.47658555344317177,0.5234144465568282,1.0,0.01,0.24244324811909335,270,770,870,900
2023-07-27,1860.357177734375,0.007733834924120275,1,0,0.43254936749507517,0.5674506325049249,0.5674506325049249,1.0,0.01,0.24244324811909335,270,770,870,900
2023-07-28,1874.744873046875,0.0033732454481110175,1,0,0.4461963469836394,0.5538036530163606,0.5538036530163606,1.0,0.01,0.24244324811909335,270,770,870,900
2023-07-29,1881.06884765625,-0.010326601736203367,0,0,0.4314679788224836,0.5685320211775164,0.5685320211775164,1.0,0.01,0.24244324811909335,270,770,870,900
2023-07-30,1861.643798828125,-0.002944411447533879,0,1,0.5548583423869576,0.44514165761304236,0.5548583423869576,1.0,0.01,0.24244324811909335,270,770,870,900
2023-07-31,1856.162353515625,0.008420470716144157,1,1,0.5005101002403621,0.49948989975963787,0.5005101002403621,1.0,0.01,0.24244324811909335,270,770,870,900
2023-08-01,1871.7921142578125,-0.017471166978973995,0,1,0.567865556219128,0.43213444378087196,0.567865556219128,1.0,0.01,0.24244324811909335,270,770,870,900
2023-08-02,1839.0897216796875,-0.0021495672689105794,0,0,0.48653680717228753,0.5134631928277125,0.5134631928277125,1.0,0.01,0.24244324811909335,270,770,870,900
2023-08-03,1835.136474609375,-0.00404524899760117,0,0,0.46066395043139924,0.5393360495686008,0.5393360495686008,1.0,0.01,0.24244324811909335,270,770,870,900
2023-08-04,1827.712890625,0.0039803978247232585,1,0,0.49592993598087,0.50407006401913,0.50407006401913,1.0,0.01,0.24244324811909335,270,770,870,900
2023-08-05,1834.9879150390625,-0.004101323417211589,0,0,0.452161744841703,0.547838255158297,0.547838255158297,1.0,0.01,0.24244324811909335,270,770,870,900
2023-08-06,1827.4620361328125,-0.0002862950633341077,0,0,0.49474291537059983,0.5052570846294002,0.5052570846294002,1.0,0.01,0.24244324811909335,270,770,870,900
2023-08-07,1826.9388427734373,0.015801585470487378,1,1,0.6055143205146003,0.3944856794853997,0.6055143205146003,1.0,0.01,0.24244324811909335,270,770,870,900
2023-08-08,1855.807373046875,-0.000813535740253668,0,0,0.48226007864825743,0.5177399213517426,0.5177399213517426,1.0,0.01,0.24244324811909335,270,770,870,900
2023-08-09,1854.297607421875,-0.0019113379853046286,0,0,0.4962610171700805,0.5037389828299195,0.5037389828299195,1.0,0.01,0.24244324811909335,270,770,870,900
2023-08-10,1850.75341796875,-0.0019608383726751333,0,0,0.46301149239655254,0.5369885076034475,0.5369885076034475,1.0,0.01,0.24244324811909335,270,770,870,900
2023-08-11,1847.1243896484373,0.0009558116061818556,1,0,0.4801668942104532,0.5198331057895468,0.5198331057895468,1.0,0.01,0.24244324811909335,270,770,870,900
2023-08-12,1848.889892578125,-0.005197573554549306,0,0,0.46562429833854907,0.534375701661451,0.534375701661451,1.0,0.01,0.24244324811909335,270,770,870,900
2023-08-13,1839.2801513671875,0.0026671519533285615,1,1,0.5512471446133391,0.4487528553866609,0.5512471446133391,1.0,0.01,0.24244324811909335,270,770,870,900
2023-08-14,1844.185791015625,-0.009355376145865901,0,1,0.5504549448433887,0.44954505515661125,0.5504549448433887,1.0,0.01,0.24244324811909335,270,770,870,900
2023-08-15,1826.9327392578125,-0.011644479943617059,0,1,0.5249972362566567,0.47500276374334327,0.5249972362566567,1.0,0.01,0.24244324811909335,270,770,870,900
2023-08-16,1805.6590576171875,-0.06685956876976196,0,1,0.5358335442138656,0.46416645578613436,0.5358335442138656,1.0,0.01,0.24244324811909335,270,770,870,900
2023-08-17,1684.9334716796875,-0.014237003254733094,0,1,0.6554480044503722,0.3445519955496278,0.6554480044503722,1.0,0.01,0.24244324811909335,270,770,870,900
2023-08-18,1660.945068359375,0.005133737190461396,1,0,0.45606517959606213,0.5439348204039378,0.5439348204039378,1.0,0.01,0.24108474621872905,300,800,900,930
2023-08-19,1669.471923828125,0.009212569995102449,1,0,0.42340734858283813,0.5765926514171619,0.5765926514171619,1.0,0.01,0.24108474621872905,300,800,900,930
2023-08-20,1684.85205078125,-0.010435935786971329,0,0,0.4309955492936591,0.569004450706341,0.569004450706341,1.0,0.01,0.24108474621872905,300,800,900,930
2023-08-21,1667.26904296875,-0.020018643652328416,0,0,0.4778919095679536,0.5221080904320464,0.5221080904320464,1.0,0.01,0.24108474621872905,300,800,900,930
2023-08-22,1633.892578125,0.027775287399602888,1,0,0.49919350448077743,0.5008064955192226,0.5008064955192226,1.0,0.01,0.24108474621872905,300,800,900,930
2023-08-23,1679.2744140625,-0.011510825045927042,0,0,0.4147579468704961,0.585242053129504,0.585242053129504,1.0,0.01,0.24108474621872905,300,800,900,930
2023-08-24,1659.944580078125,-0.004222744282248891,0,0,0.43226493911306113,0.5677350608869389,0.5677350608869389,1.0,0.01,0.24108474621872905,300,800,900,930
2023-08-25,1652.93505859375,-0.004010015919243992,0,0,0.45748313094445103,0.542516869055549,0.542516869055549,1.0,0.01,0.24108474621872905,300,800,900,930
2023-08-26,1646.3067626953125,0.006806932390764242,1,0,0.4131902773603352,0.5868097226396648,0.5868097226396648,1.0,0.01,0.24108474621872905,300,800,900,930
2023-08-27,1657.5130615234375,-0.0030501503607176517,0,0,0.4527056850375434,0.5472943149624566,0.5472943149624566,1.0,0.01,0.24108474621872905,300,800,900,930
2023-08-28,1652.4573974609375,0.046759638502996026,1,1,0.5274632109668548,0.4725367890331452,0.5274632109668548,1.0,0.01,0.24108474621872905,300,800,900,930
2023-08-29,1729.7257080078125,-0.014229727451396501,0,1,0.5370958802030029,0.4629041197969971,0.5370958802030029,1.0,0.01,0.24108474621872905,300,800,900,930
2023-08-30,1705.1121826171875,-0.03487924317662894,0,0,0.40083414756776703,0.599165852432233,0.599165852432233,1.0,0.01,0.24108474621872905,300,800,900,930
2023-08-31,1645.63916015625,-0.01042023648557433,0,1,0.5001784482706029,0.49982155172939713,0.5001784482706029,1.0,0.01,0.24108474621872905,300,800,900,930
2023-09-01,1628.4912109375,0.0052405439035725365,1,0,0.4500629071800438,0.5499370928199562,0.5499370928199562,1.0,0.01,0.24108474621872905,300,800,900,930
2023-09-02,1637.025390625,-0.0005544903878390572,0,0,0.4007632186181771,0.5992367813818229,0.5992367813818229,1.0,0.01,0.24108474621872905,300,800,900,930
2023-09-03,1636.11767578125,-0.003949839574139524,0,0,0.44977704968852045,0.5502229503114795,0.5502229503114795,1.0,0.01,0.24108474621872905,300,800,900,930
2023-09-04,1629.6552734375,0.0024386268424532176,1,0,0.4690993099640943,0.5309006900359057,0.5309006900359057,1.0,0.01,0.24108474621872905,300,800,900,930
2023-09-05,1633.62939453125,-0.0008429544668591138,0,0,0.4753438870641509,0.5246561129358491,0.5246561129358491,1.0,0.01,0.24108474621872905,300,800,900,930
2023-09-06,1632.2523193359375,0.009401700388986578,1,0,0.46569370348368044,0.5343062965163196,0.5343062965163196,1.0,0.01,0.24108474621872905,300,800,900,930
2023-09-07,1647.5982666015625,-0.006955851709160243,0,0,0.45478881414963096,0.545211185850369,0.545211185850369,1.0,0.01,0.24108474621872905,300,800,900,930
2023-09-08,1636.1378173828125,-0.0005961990834902897,0,0,0.462927324053947,0.537072675946053,0.537072675946053,1.0,0.01,0.24108474621872905,300,800,900,930
2023-09-09,1635.162353515625,-0.011212034116571123,0,0,0.42043471552866185,0.5795652844713381,0.5795652844713381,1.0,0.01,0.24108474621872905,300,800,900,930
2023-09-10,1616.828857421875,-0.04032038506124014,0,1,0.5689147273670792,0.43108527263292085,0.5689147273670792,1.0,0.01,0.24108474621872905,300,800,900,930
2023-09-11,1551.6376953125,0.02628947992827646,1,1,0.5519040472548827,0.44809595274511727,0.5519040472548827,1.0,0.01,0.24108474621872905,300,800,900,930
2023-09-12,1592.429443359375,0.009770657090104162,1,0,0.40845584786836747,0.5915441521316325,0.5915441521316325,1.0,0.01,0.24108474621872905,300,800,900,930
2023-09-13,1607.988525390625,0.011807198586281986,1,0,0.4015709332260162,0.5984290667739838,0.5984290667739838,1.0,0.01,0.24108474621872905,300,800,900,930
2023-09-14,1626.974365234375,0.009014288078772026,1,0,0.4382204748412969,0.5617795251587031,0.5617795251587031,1.0,0.01,0.24108474621872905,300,800,900,930
2023-09-15,1641.640380859375,-0.003909931338625383,0,0,0.4102699016276753,0.5897300983723247,0.5897300983723247,1.0,0.01,0.24108474621872905,300,800,900,930
2023-09-16,1635.2216796875,-0.007537174515831024,0,0,0.40877786605616845,0.5912221339438315,0.5912221339438315,1.0,0.01,0.24108474621872905,300,800,900,930
2023-09-17,1622.896728515625,0.008904027674040194,1,0,0.43757459646947516,0.5624254035305248,0.5624254035305248,1.0,0.01,0.24386880981967266,330,830,930,960
2023-09-18,1637.3470458984375,0.0037851668963293505,1,1,0.5498527437349168,0.45014725626508323,0.5498527437349168,1.0,0.01,0.24386880981967266,330,830,930,960
2023-09-19,1643.544677734375,-0.012566772911124402,0,0,0.41609085475544444,0.5839091452445555,0.5839091452445555,1.0,0.01,0.24386880981967266,330,830,930,960
2023-09-20,1622.890625,-0.02377462631781635,0,0,0.4684786937397001,0.5315213062602999,0.5315213062602999,1.0,0.01,0.24386880981967266,330,830,930,960
2023-09-21,1584.3070068359375,0.005656292418244391,1,0,0.455257542832038,0.544742457167962,0.544742457167962,1.0,0.01,0.24386880981967266,330,830,930,960
2023-09-22,1593.268310546875,0.00036998008129596194,1,0,0.4070943244988666,0.5929056755011334,0.5929056755011334,1.0,0.01,0.24386880981967266,330,830,930,960
2023-09-23,1593.8577880859375,-0.008159068286052618,0,0,0.4046910811858282,0.5953089188141718,0.5953089188141718,1.0,0.01,0.24386880981967266,330,830,930,960
2023-09-24,1580.8533935546875,0.0047249684583838825,1,1,0.5028908524951459,0.49710914750485413,0.5028908524951459,1.0,0.01,0.24386880981967266,330,830,930,960
2023-09-25,1588.3228759765625,0.0032073833529786544,1,1,0.502345421376587,0.497654578623413,0.502345421376587,1.0,0.01,0.24386880981967266,330,830,930,960
2023-09-26,1593.417236328125,0.0025567531946391053,1,0,0.42277356629504736,0.5772264337049526,0.5772264337049526,1.0,0.01,0.24386880981967266,330,830,930,960
2023-09-27,1597.4912109375,0.03467404334555346,1,1,0.5033738499161597,0.49662615008384026,0.5033738499161597,1.0,0.01,0.24386880981967266,330,830,930,960
2023-09-28,1652.8826904296875,0.009112054541902781,1,0,0.44218016994521253,0.5578198300547874,0.5578198300547874,1.0,0.01,0.24386880981967266,330,830,930,960
2023-09-29,1667.94384765625,0.001929332083119517,1,0,0.41283157970006434,0.5871684202999357,0.5871684202999357,1.0,0.01,0.24386880981967266,330,830,930,960
2023-09-30,1671.161865234375,0.037488026069531166,1,0,0.39754900706609986,0.6024509929339001,0.6024509929339001,1.0,0.01,0.24386880981967266,330,830,930,960
2023-10-01,1733.8104248046875,-0.04047897066718298,0,1,0.5129402900676566,0.4870597099323434,0.5129402900676566,1.0,0.01,0.24386880981967266,330,830,930,960
2023-10-02,1663.6275634765625,-0.00417274556135816,0,1,0.5316294886160675,0.4683705113839325,0.5316294886160675,1.0,0.01,0.24386880981967266,330,830,930,960
2023-10-03,1656.6856689453125,-0.005340502634588518,0,0,0.39099598047121537,0.6090040195287847,0.6090040195287847,1.0,0.01,0.24386880981967266,330,830,930,960
2023-10-04,1647.838134765625,-0.022066302247040315,0,0,0.4426411322777645,0.5573588677222354,0.5573588677222354,1.0,0.01,0.24386880981967266,330,830,930,960
2023-10-05,1611.4764404296875,0.021319022529365572,1,0,0.46720410010397095,0.532795899896029,0.532795899896029,1.0,0.01,0.24386880981967266,330,830,930,960
2023-10-06,1645.83154296875,-0.006878172039150754,0,0,0.41878327565716356,0.5812167243428364,0.5812167243428364,1.0,0.01,0.24386880981967266,330,830,930,960
2023-10-07,1634.51123046875,-0.0005889506700414993,0,0,0.40258161186460534,0.5974183881353947,0.5974183881353947,1.0,0.01,0.24386880981967266,330,830,930,960
2023-10-08,1633.548583984375,-0.032898895010697204,0,0,0.4875378814480523,0.5124621185519477,0.5124621185519477,1.0,0.01,0.24386880981967266,330,830,930,960
2023-10-09,1579.806640625,-0.007655131722261288,0,1,0.5979532249712356,0.4020467750287644,0.5979532249712356,1.0,0.01,0.24386880981967266,330,830,930,960
2023-10-10,1567.7130126953125,-0.000930177871406368,0,0,0.4379331085872405,0.5620668914127596,0.5620668914127596,1.0,0.01,0.24386880981967266,330,830,930,960
2023-10-11,1566.2547607421875,-0.01701021740023334,0,0,0.4592846275798727,0.5407153724201272,0.5407153724201272,1.0,0.01,0.24386880981967266,330,830,930,960
2023-10-12,1539.6124267578125,0.008104020573232784,1,0,0.45487279229432576,0.5451272077056742,0.5451272077056742,1.0,0.01,0.24386880981967266,330,830,930,960
2023-10-13,1552.0894775390625,0.002040706057397923,1,0,0.4387699419841908,0.5612300580158092,0.5612300580158092,1.0,0.01,0.24386880981967266,330,830,930,960
2023-10-14,1555.2568359375,0.0018086969407560272,1,0,0.40736082334067464,0.5926391766593253,0.5926391766593253,1.0,0.01,0.24386880981967266,330,830,930,960
2023-10-15,1558.06982421875,0.027254540765113022,1,0,0.4535197369606179,0.5464802630393821,0.5464802630393821,1.0,0.01,0.24386880981967266,330,830,930,960
2023-10-16,1600.5343017578125,-0.02192688186935865,0,1,0.6425280514136487,0.35747194858635134,0.6425280514136487,1.0,0.01,0.24386880981967266,330,830,930,960
2023-10-17,1565.4395751953125,-0.0010793755903444335,0,0,0.45083982487001867,0.5491601751299813,0.5491601751299813,0.1,scale,0.24800622922652074,360,860,960,990
2023-10-18,1563.7498779296875,0.0023706817647977108,1,0,0.44629786376841574,0.5537021362315843,0.5537021362315843,0.1,scale,0.24800622922652074,360,860,960,990
2023-10-19,1567.45703125,0.023738984945261166,1,0,0.45764654510865865,0.5423534548913413,0.5423534548913413,0.1,scale,0.24800622922652074,360,860,960,990
2023-10-20,1604.6668701171875,0.015353699699918621,1,0,0.46312230562355855,0.5368776943764415,0.5368776943764415,0.1,scale,0.24800622922652074,360,860,960,990
2023-10-21,1629.304443359375,0.020944819993793384,1,0,0.43422906464399247,0.5657709353560075,0.5657709353560075,0.1,scale,0.24800622922652074,360,860,960,990
2023-10-22,1663.429931640625,0.061290684296216424,1,0,0.45199348655750166,0.5480065134424983,0.5480065134424983,0.1,scale,0.24800622922652074,360,860,960,990
2023-10-23,1765.3826904296875,0.010793585817743923,1,1,0.5499446275608072,0.4500553724391928,0.5499446275608072,0.1,scale,0.24800622922652074,360,860,960,990
2023-10-24,1784.4375,0.0016588325496480483,1,0,0.46561742238104353,0.5343825776189565,0.5343825776189565,0.1,scale,0.24800622922652074,360,860,960,990
2023-10-25,1787.3975830078125,0.009310588640725426,1,0,0.4584772113610212,0.5415227886389788,0.5415227886389788,0.1,scale,0.24800622922652074,360,860,960,990
2023-10-26,1804.039306640625,-0.013300163952285393,0,0,0.4688512520868101,0.5311487479131899,0.5311487479131899,0.1,scale,0.24800622922652074,360,860,960,990
2023-10-27,1780.0452880859375,-0.0019253015900076997,0,0,0.4485462606829313,0.5514537393170686,0.5514537393170686,0.1,scale,0.24800622922652074,360,860,960,990
2023-10-28,1776.6181640625,0.01065386858481232,1,0,0.4459804032257401,0.5540195967742598,0.5540195967742598,0.1,scale,0.24800622922652074,360,860,960,990
2023-10-29,1795.5460205078125,0.008099264721129096,1,0,0.44627103703625626,0.5537289629637437,0.5537289629637437,0.1,scale,0.24800622922652074,360,860,960,990
2023-10-30,1810.088623046875,0.0035193643267046326,1,1,0.508958154392129,0.491041845607871,0.508958154392129,0.1,scale,0.24800622922652074,360,860,960,990
2023-10-31,1816.458984375,0.01686288408831138,1,0,0.46226520492155904,0.537734795078441,0.537734795078441,0.1,scale,0.24800622922652074,360,860,960,990
2023-11-01,1847.0897216796875,-0.02515781959835861,0,1,0.510503380988798,0.489496619011202,0.510503380988798,0.1,scale,0.24800622922652074,360,860,960,990
2023-11-02,1800.6209716796875,0.01786838809609348,1,0,0.4676858103048449,0.5323141896951551,0.5323141896951551,0.1,scale,0.24800622922652074,360,860,960,990
2023-11-03,1832.795166015625,0.013587684453004512,1,0,0.45256646755127,0.54743353244873,0.54743353244873,0.1,scale,0.24800622922652074,360,860,960,990
2023-11-04,1857.6986083984373,0.019625953467632185,1,0,0.45481706265707994,0.54518293734292,0.54518293734292,0.1,scale,0.24800622922652074,360,860,960,990
2023-11-05,1894.15771484375,0.002998529349214518,1,1,0.5161438602771559,0.48385613972284414,0.5161438602771559,0.1,scale,0.24800622922652074,360,860,960,990
2023-11-06,1899.83740234375,-0.006165335386688842,0,0,0.45408499187288964,0.5459150081271104,0.5459150081271104,0.1,scale,0.24800622922652074,360,860,960,990
2023-11-07,1888.124267578125,0.0006345557534326307,1,0,0.46129708506509065,0.5387029149349094,0.5387029149349094,0.1,scale,0.24800622922652074,360,860,960,990
2023-11-08,1889.3223876953125,0.12239237144858772,1,0,0.4503812642085184,0.5496187357914817,0.5496187357914817,0.1,scale,0.24800622922652074,360,860,960,990
2023-11-09,2120.56103515625,-0.019933988946118864,0,1,0.5419574332285769,0.4580425667714231,0.5419574332285769,0.1,scale,0.24800622922652074,360,860,960,990
2023-11-10,2078.289794921875,-0.012306237463546976,0,0,0.4681863997767685,0.5318136002232314,0.5318136002232314,0.1,scale,0.24800622922652074,360,860,960,990
2023-11-11,2052.7138671875,-0.003666782589169526,0,0,0.4535932607546616,0.5464067392453384,0.5464067392453384,0.1,scale,0.24800622922652074,360,860,960,990
2023-11-12,2045.18701171875,0.004927847225156823,1,0,0.44336924088857405,0.5566307591114259,0.5566307591114259,0.1,scale,0.24800622922652074,360,860,960,990
2023-11-13,2055.265380859375,-0.03708171667973137,0,1,0.5075460860457924,0.49245391395420757,0.5075460860457924,0.1,scale,0.24800622922652074,360,860,960,990
2023-11-14,1979.0526123046875,0.04110847506282078,1,0,0.4639559851513762,0.5360440148486239,0.5360440148486239,0.1,scale,0.24800622922652074,360,860,960,990
2023-11-15,2060.408447265625,-0.04830442993030459,0,0,0.433888641190068,0.566111358809932,0.566111358809932,0.1,scale,0.24800622922652074,360,860,960,990
2023-11-16,1960.881591796875,0.0002035665608492998,1,1,0.5604773351879627,0.4395226648120373,0.5604773351879627,1.0,scale,0.24431544772715877,390,890,990,1020
2023-11-17,1961.28076171875,0.0010219202166552588,1,0,0.47683372769068333,0.5231662723093167,0.5231662723093167,1.0,scale,0.24431544772715877,390,890,990,1020
2023-11-18,1963.2850341796875,0.025426483024461932,1,0,0.4712495301968433,0.5287504698031567,0.5287504698031567,1.0,scale,0.24431544772715877,390,890,990,1020
2023-11-19,2013.2044677734373,0.004487705105652884,1,0,0.42822685006422495,0.571773149935775,0.571773149935775,1.0,scale,0.24431544772715877,390,890,990,1020
2023-11-20,2022.2391357421875,-0.04211784935612517,0,1,0.5119160702739679,0.4880839297260321,0.5119160702739679,1.0,scale,0.24431544772715877,390,890,990,1020
2023-11-21,1937.0667724609373,0.06574813130783852,1,1,0.5242188966990435,0.47578110330095646,0.5242188966990435,1.0,scale,0.24431544772715877,390,890,990,1020
2023-11-22,2064.42529296875,-0.0010727438851469984,0,0,0.38899316522992244,0.6110068347700776,0.6110068347700776,1.0,scale,0.24431544772715877,390,890,990,1020
2023-11-23,2062.210693359375,0.009185000500188556,1,0,0.4425405819316708,0.5574594180683292,0.5574594180683292,1.0,scale,0.24431544772715877,390,890,990,1020
2023-11-24,2081.152099609375,0.0015669139841998359,1,0,0.4684813966958756,0.5315186033041244,0.5315186033041244,1.0,scale,0.24431544772715877,390,890,990,1020
2023-11-25,2084.4130859375,-0.010135684364837805,0,0,0.46284812696759436,0.5371518730324056,0.5371518730324056,1.0,scale,0.24431544772715877,390,890,990,1020
2023-11-26,2063.2861328125,-0.017384294811873424,0,1,0.506213430833511,0.493786569166489,0.506213430833511,1.0,scale,0.24431544772715877,390,890,990,1020
2023-11-27,2027.4173583984373,0.010812167645888104,1,1,0.5028709334789235,0.49712906652107647,0.5028709334789235,1.0,scale,0.24431544772715877,390,890,990,1020
2023-11-28,2049.338134765625,-0.009470831200383945,0,0,0.4434648981014318,0.5565351018985683,0.5565351018985683,1.0,scale,0.24431544772715877,390,890,990,1020
2023-11-29,2029.92919921875,0.011146671092621574,1,0,0.48028567434483466,0.5197143256551653,0.5197143256551653,1.0,scale,0.24431544772715877,390,890,990,1020
2023-11-30,2052.55615234375,0.016849107974407973,1,0,0.4761966036899079,0.5238033963100921,0.5238033963100921,1.0,scale,0.24431544772715877,390,890,990,1020
2023-12-01,2087.139892578125,0.03764204271297267,1,0,0.4791053043372152,0.5208946956627848,0.5208946956627848,1.0,scale,0.24431544772715877,390,890,990,1020
2023-12-02,2165.7041015625,0.012923071442646705,1,0,0.44276138893619543,0.5572386110638046,0.5572386110638046,1.0,scale,0.24431544772715877,390,890,990,1020
2023-12-03,2193.691650390625,0.022575720663866372,1,0,0.4563423892486761,0.5436576107513239,0.5436576107513239,1.0,scale,0.24431544772715877,390,890,990,1020
2023-12-04,2243.2158203125,0.02256848231190145,1,1,0.5345044532988055,0.46549554670119453,0.5345044532988055,1.0,scale,0.24431544772715877,390,890,990,1020
2023-12-05,2293.841796875,-0.027107545082919904,0,0,0.47889868405690256,0.5211013159430975,0.5211013159430975,1.0,scale,0.24431544772715877,390,890,990,1020
2023-12-06,2231.661376953125,0.05642353010676748,1,0,0.4972612547396248,0.5027387452603752,0.5027387452603752,1.0,scale,0.24431544772715877,390,890,990,1020
2023-12-07,2357.57958984375,0.0004887825441670657,1,0,0.40555802756768033,0.5944419724323197,0.5944419724323197,1.0,scale,0.24431544772715877,390,890,990,1020
2023-12-08,2358.73193359375,-0.007443253883560597,0,0,0.45726462571325854,0.5427353742867415,0.5427353742867415,1.0,scale,0.24431544772715877,390,890,990,1020
2023-12-09,2341.17529296875,0.004821233826242777,1,0,0.471864184354456,0.528135815645544,0.528135815645544,1.0,scale,0.24431544772715877,390,890,990,1020
2023-12-10,2352.462646484375,-0.054361666168691425,0,0,0.46909012837023645,0.5309098716297636,0.5309098716297636,1.0,scale,0.24431544772715877,390,890,990,1020
2023-12-11,2224.578857421875,-0.010132601687358522,0,1,0.5793195436135816,0.4206804563864184,0.5793195436135816,1.0,scale,0.24431544772715877,390,890,990,1020
2023-12-12,2202.0380859375,0.02661652224701272,1,0,0.472625131153389,0.527374868846611,0.527374868846611,1.0,scale,0.24431544772715877,390,890,990,1020
2023-12-13,2260.648681640625,0.02474087211166509,1,0,0.43872035726341374,0.5612796427365863,0.5612796427365863,1.0,scale,0.24431544772715877,390,890,990,1020
2023-12-14,2316.5791015625,-0.041976420815141524,0,0,0.4305973003594574,0.5694026996405426,0.5694026996405426,1.0,scale,0.24431544772715877,390,890,990,1020
2023-12-15,2219.33740234375,0.0034195392373013167,1,1,0.5079334514957566,0.49206654850424336,0.5079334514957566,1.0,scale,0.24431544772715877,390,890,990,1020
2023-12-16,2226.926513671875,-0.013671449108484612,0,0,0.4443606686562228,0.5556393313437772,0.5556393313437772,1.0,0.1,0.2543972285522445,420,920,1020,1050
2023-12-17,2196.481201171875,0.009466157195896718,1,1,0.5093877305191578,0.49061226948084224,0.5093877305191578,1.0,0.1,0.2543972285522445,420,920,1020,1050
2023-12-18,2217.2734375,-0.017769968394459656,0,1,0.5001466731458822,0.49985332685411776,0.5001466731458822,1.0,0.1,0.2543972285522445,420,920,1020,1050
2023-12-19,2177.87255859375,0.011037752537226941,1,1,0.5044086695258778,0.4955913304741222,0.5044086695258778,1.0,0.1,0.2543972285522445,420,920,1020,1050
2023-12-20,2201.911376953125,0.017090198956007274,1,0,0.476845596277212,0.523154403722788,0.523154403722788,1.0,0.1,0.2543972285522445,420,920,1020,1050
2023-12-21,2239.54248046875,0.03883937127050796,1,0,0.44843832480290824,0.5515616751970918,0.5515616751970918,1.0,0.1,0.2543972285522445,420,920,1020,1050
2023-12-22,2326.52490234375,-0.007512713750621014,0,0,0.4067996483543304,0.5932003516456696,0.5932003516456696,1.0,0.1,0.2543972285522445,420,920,1020,1050
2023-12-23,2309.04638671875,-0.018775823775668332,0,1,0.5057431803340163,0.49425681966598367,0.5057431803340163,1.0,0.1,0.2543972285522445,420,920,1020,1050
2023-12-24,2265.692138671875,0.003032022219169095,1,1,0.5011201715549208,0.49887982844507917,0.5011201715549208,1.0,0.1,0.2543972285522445,420,920,1020,1050
2023-12-25,2272.561767578125,-0.0180837485401647,0,0,0.479690267276682,0.5203097327233179,0.5203097327233179,1.0,0.1,0.2543972285522445,420,920,1020,1050
2023-12-26,2231.46533203125,0.06599907965814755,1,1,0.554511190727615,0.445488809272385,0.554511190727615,1.0,0.1,0.2543972285522445,420,920,1020,1050
2023-12-27,2378.739990234375,-0.013105185204343561,0,0,0.3670677629598501,0.6329322370401499,0.6329322370401499,1.0,0.1,0.2543972285522445,420,920,1020,1050
2023-12-28,2347.566162109375,-0.019967696347748753,0,0,0.44725405057686357,0.5527459494231364,0.5527459494231364,1.0,0.1,0.2543972285522445,420,920,1020,1050
2023-12-29,2300.690673828125,-0.003748980355657072,0,0,0.4761226455783033,0.5238773544216967,0.5238773544216967,1.0,0.1,0.2543972285522445,420,920,1020,1050
2023-12-30,2292.0654296875,-0.004622136062972015,0,0,0.45939545489636974,0.5406045451036303,0.5406045451036303,1.0,0.1,0.2543972285522445,420,920,1020,1050
2023-12-31,2281.47119140625,0.031057455259582145,1,0,0.46887881071811555,0.5311211892818845,0.5311211892818845,1.0,0.1,0.2543972285522445,420,920,1020,1050
2024-01-01,2352.327880859375,0.001491520357524756,1,0,0.3619135740366908,0.6380864259633092,0.6380864259633092,1.0,0.1,0.2543972285522445,420,920,1020,1050
2024-01-02,2355.83642578125,-0.06158087263741796,0,1,0.5492151655071887,0.45078483449281126,0.5492151655071887,1.0,0.1,0.2543972285522445,420,920,1020,1050
2024-01-03,2210.761962890625,0.02636019798833411,1,1,0.6053775521587694,0.3946224478412306,0.6053775521587694,1.0,0.1,0.2543972285522445,420,920,1020,1050
2024-01-04,2269.0380859375,-0.00017226204489362296,0,0,0.3791782889537878,0.6208217110462122,0.6208217110462122,1.0,0.1,0.2543972285522445,420,920,1020,1050
2024-01-05,2268.647216796875,-0.011911266210730354,0,0,0.43281143348785267,0.5671885665121473,0.5671885665121473,1.0,0.1,0.2543972285522445,420,920,1020,1050
2024-01-06,2241.624755859375,-0.008368389496710593,0,0,0.42534779568460795,0.5746522043153921,0.5746522043153921,1.0,0.1,0.2543972285522445,420,920,1020,1050
2024-01-07,2222.865966796875,0.04956067963271038,1,0,0.4716430710553225,0.5283569289446775,0.5283569289446775,1.0,0.1,0.2543972285522445,420,920,1020,1050
2024-01-08,2333.03271484375,0.005055408575588727,1,0,0.49333046778684964,0.5066695322131504,0.5066695322131504,1.0,0.1,0.2543972285522445,420,920,1020,1050
2024-01-09,2344.8271484375,0.10119141078079541,1,0,0.38564459359570064,0.6143554064042993,0.6143554064042993,1.0,0.1,0.2543972285522445,420,920,1020,1050
2024-01-10,2582.103515625,0.014529094117638142,1,0,0.4848309217585915,0.5151690782414085,0.5151690782414085,1.0,0.1,0.2543972285522445,420,920,1020,1050
2024-01-11,2619.619140625,-0.036325484903951155,0,0,0.4289322021222214,0.5710677978777786,0.5710677978777786,1.0,0.1,0.2543972285522445,420,920,1020,1050
2024-01-12,2524.460205078125,0.020653007406344237,1,0,0.4434579798103997,0.5565420201896003,0.5565420201896003,1.0,0.1,0.2543972285522445,420,920,1020,1050
2024-01-13,2576.597900390625,-0.04050173658734413,0,0,0.3740261784789654,0.6259738215210346,0.6259738215210346,1.0,0.1,0.2543972285522445,420,920,1020,1050
2024-01-14,2472.2412109375,0.01582473361444947,1,0,0.40986766465158425,0.5901323353484158,0.5901323353484158,1.0,0.1,0.2543972285522445,420,920,1020,1050
2024-01-15,2511.36376953125,0.030392806292802277,1,0,0.3646164287703448,0.6353835712296552,0.6353835712296552,1.0,scale,0.25181614833104005,450,950,1050,1080
2024-01-16,2587.691162109375,-0.022924597112815248,0,0,0.35139970250092006,0.6486002974990799,0.6486002974990799,1.0,scale,0.25181614833104005,450,950,1050,1080
2024-01-17,2528.369384765625,-0.024264882460276693,0,0,0.47066338399783747,0.5293366160021625,0.5293366160021625,1.0,scale,0.25181614833104005,450,950,1050,1080
2024-01-18,2467.018798828125,0.009112105809166549,1,1,0.5418626110188502,0.45813738898114975,0.5418626110188502,1.0,scale,0.25181614833104005,450,950,1050,1080
2024-01-19,2489.49853515625,-0.007997363142403069,0,0,0.4364795076995168,0.5635204923004832,0.5635204923004832,1.0,scale,0.25181614833104005,450,950,1050,1080
2024-01-20,2469.589111328125,-0.006347624922185768,0,0,0.4331335677666393,0.5668664322333608,0.5668664322333608,1.0,scale,0.25181614833104005,450,950,1050,1080
2024-01-21,2453.9130859375,-0.05830959162402838,0,0,0.4689732094079041,0.5310267905920959,0.5310267905920959,1.0,scale,0.25181614833104005,450,950,1050,1080
2024-01-22,2310.826416015625,-0.030352942295125973,0,1,0.5636516019025372,0.43634839809746284,0.5636516019025372,1.0,scale,0.25181614833104005,450,950,1050,1080
2024-01-23,2240.68603515625,-0.0031795028247356694,0,1,0.6777634137044487,0.3222365862955513,0.6777634137044487,1.0,scale,0.25181614833104005,450,950,1050,1080
2024-01-24,2233.561767578125,-0.007096988643921831,0,1,0.5321212811365684,0.4678787188634316,0.5321212811365684,1.0,scale,0.25181614833104005,450,950,1050,1080
2024-01-25,2217.710205078125,0.022315585616102362,1,1,0.5847241347213278,0.4152758652786722,0.5847241347213278,1.0,scale,0.25181614833104005,450,950,1050,1080
2024-01-26,2267.19970703125,0.0003026990938410634,1,1,0.5086441397476684,0.4913558602523316,0.5086441397476684,1.0,scale,0.25181614833104005,450,950,1050,1080
2024-01-27,2267.885986328125,-0.004708017139361198,0,0,0.4580867279484671,0.541913272051533,0.541913272051533,1.0,scale,0.25181614833104005,450,950,1050,1080
2024-01-28,2257.208740234375,0.02651747163790663,1,1,0.5539115837123747,0.4460884162876253,0.5539115837123747,1.0,scale,0.25181614833104005,450,950,1050,1080
2024-01-29,2317.064208984375,0.011838016077853064,1,0,0.4547809730768417,0.5452190269231583,0.5452190269231583,1.0,scale,0.25181614833104005,450,950,1050,1080
2024-01-30,2344.49365234375,-0.02642328277923489,0,0,0.46294226292830515,0.5370577370716949,0.5370577370716949,1.0,scale,0.25181614833104005,450,950,1050,1080
2024-01-31,2282.54443359375,0.009323048929214206,1,1,0.5033198526543117,0.4966801473456883,0.5033198526543117,1.0,scale,0.25181614833104005,450,950,1050,1080
2024-02-01,2303.82470703125,0.0018288626271742991,1,0,0.4242572324317534,0.5757427675682466,0.5757427675682466,1.0,scale,0.25181614833104005,450,950,1050,1080
2024-02-02,2308.0380859375,-0.005199115184661651,0,0,0.43766845723762343,0.5623315427623765,0.5623315427623765,1.0,scale,0.25181614833104005,450,950,1050,1080
2024-02-03,2296.038330078125,-0.002827560592065126,0,0,0.4449535496580089,0.5550464503419912,0.5550464503419912,1.0,scale,0.25181614833104005,450,950,1050,1080
2024-02-04,2289.546142578125,0.0040806224708709316,1,0,0.487186724671407,0.512813275328593,0.512813275328593,1.0,scale,0.25181614833104005,450,950,1050,1080
2024-02-05,2298.888916015625,0.03189061801573012,1,0,0.49597829244670716,0.5040217075532929,0.5040217075532929,1.0,scale,0.25181614833104005,450,950,1050,1080
2024-02-06,2372.201904296875,0.021728004179265792,1,0,0.44521278087189536,0.5547872191281047,0.5547872191281047,1.0,scale,0.25181614833104005,450,950,1050,1080
2024-02-07,2423.7451171875,-0.0015837568973957605,0,0,0.487949357182168,0.512050642817832,0.512050642817832,1.0,scale,0.25181614833104005,450,950,1050,1080
2024-02-08,2419.906494140625,0.02793873689875137,1,1,0.5188640917432041,0.48113590825679586,0.5188640917432041,1.0,scale,0.25181614833104005,450,950,1050,1080
2024-02-09,2487.515625,0.005512587075457986,1,0,0.49502103943396353,0.5049789605660364,0.5049789605660364,1.0,scale,0.25181614833104005,450,950,1050,1080
2024-02-10,2501.228271484375,0.002535668266889557,1,1,0.5744753272153696,0.42552467278463035,0.5744753272153696,1.0,scale,0.25181614833104005,450,950,1050,1080
2024-02-11,2507.570556640625,0.060036360595147054,1,1,0.5360504691119744,0.4639495308880256,0.5360504691119744,1.0,scale,0.25181614833104005,450,950,1050,1080
2024-02-12,2658.115966796875,-0.005993216346274366,0,1,0.5323457416181429,0.46765425838185715,0.5323457416181429,1.0,scale,0.25181614833104005,450,950,1050,1080
2024-02-13,2642.185302734375,0.05136545149773286,1,1,0.5363991919141351,0.4636008080858649,0.5363991919141351,1.0,scale,0.25181614833104005,450,950,1050,1080
2024-02-14,2777.90234375,0.016730812227639058,1,0,0.47655542722710253,0.5234445727728975,0.5234445727728975,1.0,scale,0.24691960449569664,480,980,1080,1110
2024-02-15,2824.37890625,-0.007324619212465078,0,1,0.5036165494578958,0.4963834505421042,0.5036165494578958,1.0,scale,0.24691960449569664,480,980,1080,1110
2024-02-16,2803.69140625,-0.006070139812886177,0,1,0.5531931174022153,0.44680688259778467,0.5531931174022153,1.0,scale,0.24691960449569664,480,980,1080,1110
2024-02-17,2786.672607421875,0.03313106792926823,1,1,0.511198418018568,0.488801581981432,0.511198418018568,1.0,scale,0.24691960449569664,480,980,1080,1110
2024-02-18,2878.998046875,0.022430254937596983,1,0,0.44282745831884035,0.5571725416811597,0.5571725416811597,1.0,scale,0.24691960449569664,480,980,1080,1110
2024-02-19,2943.57470703125,0.02375647368863687,1,0,0.4975348324918896,0.5024651675081104,0.5024651675081104,1.0,scale,0.24691960449569664,480,980,1080,1110
2024-02-20,3013.503662109375,-0.014318281375232278,0,0,0.45151503327883746,0.5484849667211625,0.5484849667211625,1.0,scale,0.24691960449569664,480,980,1080,1110
2024-02-21,2970.35546875,0.0002194536901753974,1,0,0.4993669052445529,0.5006330947554471,0.5006330947554471,1.0,scale,0.24691960449569664,480,980,1080,1110
2024-02-22,2971.00732421875,-0.01661023205546175,0,0,0.4745854725286871,0.5254145274713129,0.5254145274713129,1.0,scale,0.24691960449569664,480,980,1080,1110
2024-02-23,2921.658203125,0.02420809632265497,1,1,0.5034327132602922,0.49656728673970785,0.5034327132602922,1.0,scale,0.24691960449569664,480,980,1080,1110
2024-02-24,2992.385986328125,0.04020580227502868,1,0,0.4132485915216851,0.586751408478315,0.586751408478315,1.0,scale,0.24691960449569664,480,980,1080,1110
2024-02-25,3112.697265625,0.021298694046122835,1,0,0.38618753637651254,0.6138124636234874,0.6138124636234874,1.0,scale,0.24691960449569664,480,980,1080,1110
2024-02-26,3178.99365234375,0.0206120684504405,1,0,0.38999358824053215,0.6100064117594679,0.6100064117594679,1.0,scale,0.24691960449569664,480,980,1080,1110
2024-02-27,3244.519287109375,0.04351478842287437,1,0,0.3937780251383399,0.6062219748616601,0.6062219748616601,1.0,scale,0.24691960449569664,480,980,1080,1110
2024-02-28,3385.703857421875,-0.012932076026531347,0,0,0.3968321059081069,0.6031678940918931,0.6031678940918931,1.0,scale,0.24691960449569664,480,980,1080,1110
2024-02-29,3341.919677734375,0.02786849665007196,1,0,0.42634927958451957,0.5736507204154804,0.5736507204154804,1.0,scale,0.24691960449569664,480,980,1080,1110
2024-03-01,3435.053955078125,-0.003785719397915277,0,0,0.4837785877197381,0.516221412280262,0.516221412280262,1.0,scale,0.24691960449569664,480,980,1080,1110
2024-03-02,3422.0498046875,0.020146944548209422,1,1,0.5048363033556766,0.49516369664432336,0.5048363033556766,1.0,scale,0.24691960449569664,480,980,1080,1110
2024-03-03,3490.99365234375,0.039942835603055116,1,0,0.4345619317881872,0.5654380682118127,0.5654380682118127,1.0,scale,0.24691960449569664,480,980,1080,1110
2024-03-04,3630.433837890625,-0.02078793930730316,0,0,0.49138357159147844,0.5086164284085215,0.5086164284085215,1.0,scale,0.24691960449569664,480,980,1080,1110
2024-03-05,3554.964599609375,0.07433596350833915,1,1,0.5198275759822781,0.48017242401772187,0.5198275759822781,1.0,scale,0.24691960449569664,480,980,1080,1110
2024-03-06,3819.226318359375,0.01443259270225794,1,0,0.3977025958461703,0.6022974041538297,0.6022974041538297,1.0,scale,0.24691960449569664,480,980,1080,1110
2024-03-07,3874.34765625,0.0045719642318817755,1,0,0.4476307535292853,0.5523692464707147,0.5523692464707147,1.0,scale,0.24691960449569664,480,980,1080,1110
2024-03-08,3892.06103515625,0.006001424424042279,1,0,0.41216114931609743,0.5878388506839025,0.5878388506839025,1.0,scale,0.24691960449569664,480,980,1080,1110
2024-03-09,3915.4189453125,-0.00874129449649308,0,0,0.4850230613821571,0.5149769386178429,0.5149769386178429,1.0,scale,0.24691960449569664,480,980,1080,1110
2024-03-10,3881.193115234375,0.047730671374699885,1,0,0.45956302091839685,0.5404369790816032,0.5404369790816032,1.0,scale,0.24691960449569664,480,980,1080,1110
2024-03-11,4066.445068359375,-0.021190960052674845,0,0,0.43328754325177515,0.5667124567482249,0.5667124567482249,1.0,scale,0.24691960449569664,480,980,1080,1110
2024-03-12,3980.273193359375,0.006578402189656218,1,0,0.4607350315915339,0.539264968408466,0.539264968408466,1.0,scale,0.24691960449569664,480,980,1080,1110
2024-03-13,4006.45703125,-0.030779476587110888,0,0,0.42603408676091886,0.5739659132390811,0.5739659132390811,1.0,scale,0.24691960449569664,480,980,1080,1110
2024-03-14,3883.140380859375,-0.03809292261097419,0,1,0.5489642946499449,0.4510357053500551,0.5489642946499449,1.0,scale,0.24691960449569664,480,980,1080,1110
2024-03-15,3735.22021484375,-0.05685343706857138,0,1,0.5512265944980819,0.44877340550191813,0.5512265944980819,1.0,0.01,0.2476327296481771,510,1010,1110,1140
2024-03-16,3522.860107421875,0.03393634003909307,1,1,0.5493153819249361,0.4506846180750639,0.5493153819249361,1.0,0.01,0.2476327296481771,510,1010,1110,1140
2024-03-17,3642.4130859375,-0.0341608641249429,0,1,0.5424224459761212,0.4575775540238788,0.5424224459761212,1.0,0.01,0.2476327296481771,510,1010,1110,1140
2024-03-18,3517.985107421875,-0.10243560798455653,0,1,0.5507392582197864,0.4492607417802136,0.5507392582197864,1.0,0.01,0.2476327296481771,510,1010,1110,1140
2024-03-19,3157.6181640625,0.11267192037115104,1,1,0.5619733609980281,0.4380266390019719,0.5619733609980281,1.0,0.01,0.2476327296481771,510,1010,1110,1140
2024-03-20,3513.39306640625,-0.0058068810073729216,0,1,0.5359074204044674,0.46409257959553263,0.5359074204044674,1.0,0.01,0.2476327296481771,510,1010,1110,1140
2024-03-21,3492.9912109375,-0.04560653406668436,0,1,0.5410071418152071,0.45899285818479285,0.5410071418152071,1.0,0.01,0.2476327296481771,510,1010,1110,1140
2024-03-22,3333.68798828125,0.0008717090110383907,1,1,0.5471566417796583,0.4528433582203417,0.5471566417796583,1.0,0.01,0.2476327296481771,510,1010,1110,1140
2024-03-23,3336.593994140625,0.035378137308897495,1,1,0.5428946939267257,0.45710530607327426,0.5428946939267257,1.0,0.01,0.2476327296481771,510,1010,1110,1140
2024-03-24,3454.636474609375,0.039438972943898865,1,1,0.5409212989392731,0.4590787010607269,0.5409212989392731,1.0,0.01,0.2476327296481771,510,1010,1110,1140
2024-03-25,3590.8837890625,-0.0009409678643157449,0,1,0.5438414711209938,0.4561585288790062,0.5438414711209938,1.0,0.01,0.2476327296481771,510,1010,1110,1140
2024-03-26,3587.5048828125,-0.024359450730277232,0,1,0.5460984177237875,0.45390158227621247,0.5460984177237875,1.0,0.01,0.2476327296481771,510,1010,1110,1140
2024-03-27,3500.115234375,0.017479056214108946,1,1,0.5503197974124762,0.44968020258752384,0.5503197974124762,1.0,0.01,0.2476327296481771,510,1010,1110,1140
2024-03-28,3561.2939453125,-0.013896014686989755,0,1,0.5460755619856024,0.45392443801439764,0.5460755619856024,1.0,0.01,0.2476327296481771,510,1010,1110,1140
2024-03-29,3511.80615234375,-0.0010996667352133338,0,1,0.5493765644057927,0.45062343559420726,0.5493765644057927,1.0,0.01,0.2476327296481771,510,1010,1110,1140
2024-03-30,3507.9443359375,0.03988435846648297,1,1,0.5485906856341008,0.45140931436589915,0.5485906856341008,1.0,0.01,0.2476327296481771,510,1010,1110,1140
2024-03-31,3647.8564453125,-0.03915351882861429,0,1,0.5467228213915587,0.4532771786084413,0.5467228213915587,1.0,0.01,0.2476327296481771,510,1010,1110,1140
2024-04-01,3505.030029296875,-0.0649910010049034,0,1,0.5528237231552692,0.4471762768447308,0.5528237231552692,1.0,0.01,0.2476327296481771,510,1010,1110,1140
2024-04-02,3277.234619140625,0.010437847565395009,1,1,0.5550924173521835,0.4449075826478165,0.5550924173521835,1.0,0.01,0.2476327296481771,510,1010,1110,1140
2024-04-03,3311.44189453125,0.00561647566373269,1,1,0.5438131913042874,0.4561868086957126,0.5438131913042874,1.0,0.01,0.2476327296481771,510,1010,1110,1140
2024-04-04,3330.04052734375,-0.0033498911937862585,0,1,0.5451250561766934,0.4548749438233066,0.5451250561766934,1.0,0.01,0.2476327296481771,510,1010,1110,1140
2024-04-05,3318.88525390625,0.010635674717235144,1,1,0.5467568088941638,0.4532431911058362,0.5467568088941638,1.0,0.01,0.2476327296481771,510,1010,1110,1140
2024-04-06,3354.183837890625,0.02960803456678729,1,1,0.542335509997514,0.457664490002486,0.542335509997514,1.0,0.01,0.2476327296481771,510,1010,1110,1140
2024-04-07,3453.49462890625,0.07001548335394525,1,1,0.5431383215710595,0.45686167842894054,0.5431383215710595,1.0,0.01,0.2476327296481771,510,1010,1110,1140
2024-04-08,3695.292724609375,-0.051451781685670994,0,1,0.544266676943708,0.455733323056292,0.544266676943708,1.0,0.01,0.2476327296481771,510,1010,1110,1140
2024-04-09,3505.163330078125,0.011004831112360725,1,1,0.5476232414320191,0.4523767585679809,0.5476232414320191,1.0,0.01,0.2476327296481771,510,1010,1110,1140
2024-04-10,3543.737060546875,-0.010861205883757163,0,1,0.5421068076426899,0.4578931923573101,0.5421068076426899,1.0,0.01,0.2476327296481771,510,1010,1110,1140
2024-04-11,3505.247802734375,-0.07480580700184813,0,1,0.5431160328624146,0.4568839671375854,0.5431160328624146,1.0,0.01,0.2476327296481771,510,1010,1110,1140
2024-04-12,3243.034912109375,-0.07342952756850973,0,1,0.554824963346037,0.44517503665396296,0.554824963346037,1.0,0.01,0.2476327296481771,510,1010,1110,1140
2024-04-13,3004.900390625,0.050597851556279494,1,1,0.5561839988234365,0.4438160011765635,0.5561839988234365,1.0,0.01,0.2476327296481771,510,1010,1110,1140
2024-04-14,3156.94189453125,-0.01753011445356112,0,1,0.5517087626918183,0.44829123730818166,0.5517087626918183,1.0,0.01,0.24896875631823598,540,1040,1140,1170
2024-04-15,3101.600341796875,-0.005377925568445963,0,1,0.5749838758574471,0.42501612414255285,0.5749838758574471,1.0,0.01,0.24896875631823598,540,1040,1140,1170
2024-04-16,3084.920166015625,-0.03247819118850337,0,1,0.5693295810650609,0.43067041893493907,0.5693295810650609,1.0,0.01,0.24896875631823598,540,1040,1140,1170
2024-04-17,2984.7275390625,0.027238683519387852,1,1,0.5831777205216608,0.41682227947833916,0.5831777205216608,1.0,0.01,0.24896875631823598,540,1040,1140,1170
2024-04-18,3066.027587890625,-0.0022012272375354636,0,1,0.5585395922445225,0.44146040775547746,0.5585395922445225,1.0,0.01,0.24896875631823598,540,1040,1140,1170
2024-04-19,3059.278564453125,0.032147655318233825,1,1,0.5762888378704594,0.42371116212954063,0.5762888378704594,1.0,0.01,0.24896875631823598,540,1040,1140,1170
2024-04-20,3157.627197265625,-0.0032741746890918577,0,1,0.5528299630140925,0.4471700369859075,0.5528299630140925,1.0,0.01,0.24896875631823598,540,1040,1140,1170
2024-04-21,3147.28857421875,0.017273130222613897,1,1,0.5706785110124134,0.4293214889875866,0.5706785110124134,1.0,0.01,0.24896875631823598,540,1040,1140,1170
2024-04-22,3201.652099609375,0.0057031560320381924,1,1,0.5673746626230584,0.43262533737694164,0.5673746626230584,1.0,0.01,0.24896875631823598,540,1040,1140,1170
2024-04-23,3219.91162109375,-0.024878460883124842,0,1,0.5618568308295145,0.43814316917048546,0.5618568308295145,1.0,0.01,0.24896875631823598,540,1040,1140,1170
2024-04-24,3139.80517578125,0.005320185415315981,1,1,0.5798401273874603,0.42015987261253973,0.5798401273874603,1.0,0.01,0.24896875631823598,540,1040,1140,1170
2024-04-25,3156.509521484375,-0.008346157799679732,0,1,0.5672202973764857,0.4327797026235143,0.5672202973764857,1.0,0.01,0.24896875631823598,540,1040,1140,1170
2024-04-26,3130.164794921875,0.03897667565831631,1,1,0.5663234705695971,0.4336765294304029,0.5663234705695971,1.0,0.01,0.24896875631823598,540,1040,1140,1170
2024-04-27,3252.168212890625,0.0032613458524253236,1,1,0.5567348813120196,0.44326511868798035,0.5567348813120196,1.0,0.01,0.24896875631823598,540,1040,1140,1170
2024-04-28,3262.774658203125,-0.01451087129353712,0,1,0.5596546483181771,0.44034535168182287,0.5596546483181771,1.0,0.01,0.24896875631823598,540,1040,1140,1170
2024-04-29,3215.428955078125,-0.06317729070733402,0,1,0.573525595519296,0.42647440448070395,0.573525595519296,1.0,0.01,0.24896875631823598,540,1040,1140,1170
2024-04-30,3012.286865234375,-0.014109611457047588,0,1,0.5894999653537527,0.4105000346462473,0.5894999653537527,1.0,0.01,0.24896875631823598,540,1040,1140,1170
2024-05-01,2969.78466796875,0.0061902767768931,1,1,0.5840337667500604,0.41596623324993964,0.5840337667500604,1.0,0.01,0.24896875631823598,540,1040,1140,1170
2024-05-02,2988.16845703125,0.03861011747338838,1,1,0.5684800679159491,0.43151993208405093,0.5684800679159491,1.0,0.01,0.24896875631823598,540,1040,1140,1170
2024-05-03,3103.5419921875,0.004522066678476877,1,1,0.5581802656424758,0.4418197343575242,0.5581802656424758,1.0,0.01,0.24896875631823598,540,1040,1140,1170
2024-05-04,3117.576416015625,0.006310224609351378,1,1,0.5609705298231297,0.43902947017687033,0.5609705298231297,1.0,0.01,0.24896875631823598,540,1040,1140,1170
2024-05-05,3137.2490234375,-0.02375337855399917,0,1,0.5661737721922155,0.43382622780778446,0.5661737721922155,1.0,0.01,0.24896875631823598,540,1040,1140,1170
2024-05-06,3062.728759765625,-0.01833385054066039,0,1,0.583157162645204,0.416842837354796,0.583157162645204,1.0,0.01,0.24896875631823598,540,1040,1140,1170
2024-05-07,3006.5771484375,-0.010949302229649516,0,1,0.5764831242455709,0.4235168757544291,0.5764831242455709,1.0,0.01,0.24896875631823598,540,1040,1140,1170
2024-05-08,2973.6572265625,0.0209719132026831,1,1,0.5780733914981616,0.4219266085018384,0.5780733914981616,1.0,0.01,0.24896875631823598,540,1040,1140,1170
2024-05-09,3036.0205078125,-0.041577205332458456,0,1,0.56471563083199,0.43528436916801005,0.56471563083199,1.0,0.01,0.24896875631823598,540,1040,1140,1170
2024-05-10,2909.791259765625,0.0006223095933592937,1,1,0.59154405974108,0.40845594025891996,0.59154405974108,1.0,0.01,0.24896875631823598,540,1040,1140,1170
2024-05-11,2911.60205078125,0.005873005038939505,1,1,0.5681416091933027,0.4318583908066973,0.5681416091933027,1.0,0.01,0.24896875631823598,540,1040,1140,1170
2024-05-12,2928.701904296875,0.007053539594945368,1,1,0.5698442446187449,0.43015575538125506,0.5698442446187449,1.0,0.01,0.24896875631823598,540,1040,1140,1170
2024-05-13,2949.359619140625,-0.023124226599441355,0,1,0.5925076101158956,0.4074923898841044,0.5925076101158956,1.0,0.01,0.24896875631823598,540,1040,1140,1170
2024-05-14,2881.157958984375,0.05410973083044013,1,1,0.5689909152955246,0.4310090847044754,0.5689909152955246,1.0,0.01,0.2495216547393375,570,1070,1170,1200
2024-05-15,3037.056640625,-0.030267969283067964,0,1,0.5585398736414532,0.4414601263585468,0.5585398736414532,1.0,0.01,0.2495216547393375,570,1070,1170,1200
2024-05-16,2945.131103515625,0.050587747570991715,1,1,0.5674269766259804,0.4325730233740196,0.5674269766259804,1.0,0.01,0.2495216547393375,570,1070,1170,1200
2024-05-17,3094.11865234375,0.009317781735288744,1,1,0.5570615383685619,0.44293846163143813,0.5570615383685619,1.0,0.01,0.2495216547393375,570,1070,1170,1200
2024-05-18,3122.948974609375,-0.0163646468279689,0,1,0.5574748111278517,0.4425251888721483,0.5574748111278517,1.0,0.01,0.2495216547393375,570,1070,1170,1200
2024-05-19,3071.843017578125,0.19272223475749883,1,1,0.5635258868404708,0.4364741131595292,0.5635258868404708,1.0,0.01,0.2495216547393375,570,1070,1170,1200
2024-05-20,3663.85546875,0.03424187347472718,1,1,0.5648213803737249,0.43517861962627513,0.5648213803737249,1.0,0.01,0.2495216547393375,570,1070,1170,1200
2024-05-21,3789.312744140625,-0.013747867811565229,0,1,0.5579629867525479,0.44203701324745215,0.5579629867525479,1.0,0.01,0.2495216547393375,570,1070,1170,1200
2024-05-22,3737.2177734375,0.010625410415868064,1,1,0.5559878288516128,0.4440121711483872,0.5559878288516128,1.0,0.01,0.2495216547393375,570,1070,1170,1200
2024-05-23,3776.92724609375,-0.013236335392203924,0,1,0.5628978672462156,0.4371021327537844,0.5628978672462156,1.0,0.01,0.2495216547393375,570,1070,1170,1200
2024-05-24,3726.9345703125,0.005984006837891798,1,1,0.5501088823132363,0.4498911176867637,0.5501088823132363,1.0,0.01,0.2495216547393375,570,1070,1170,1200
2024-05-25,3749.236572265625,0.020447066274494885,1,1,0.5467852026567301,0.45321479734326986,0.5467852026567301,1.0,0.01,0.2495216547393375,570,1070,1170,1200
2024-05-26,3825.8974609375,0.017279442451079374,1,1,0.5569973623599432,0.44300263764005676,0.5569973623599432,1.0,0.01,0.2495216547393375,570,1070,1170,1200
2024-05-27,3892.0068359375,-0.013296607756030476,0,1,0.5601815200482942,0.43981847995170575,0.5601815200482942,1.0,0.01,0.2495216547393375,570,1070,1170,1200
2024-05-28,3840.25634765625,-0.020066320442424512,0,1,0.562281261525947,0.43771873847405296,0.562281261525947,1.0,0.01,0.2495216547393375,570,1070,1170,1200
2024-05-29,3763.196533203125,-0.0043438931992773044,0,1,0.5616102289896909,0.43838977101030907,0.5616102289896909,1.0,0.01,0.2495216547393375,570,1070,1170,1200
2024-05-30,3746.849609375,0.0035168216840502087,1,1,0.5601795909728161,0.4398204090271839,0.5601795909728161,1.0,0.01,0.2495216547393375,570,1070,1170,1200
2024-05-31,3760.026611328125,0.014141485892959826,1,1,0.5605960650969638,0.4394039349030362,0.5605960650969638,1.0,0.01,0.2495216547393375,570,1070,1170,1200
2024-06-01,3813.198974609375,-0.00847135927884124,0,1,0.546090958758807,0.453909041241193,0.546090958758807,1.0,0.01,0.2495216547393375,570,1070,1170,1200
2024-06-02,3780.89599609375,-0.0038368778068711418,0,1,0.5601238858601593,0.43987611413984073,0.5601238858601593,1.0,0.01,0.2495216547393375,570,1070,1170,1200
2024-06-03,3766.38916015625,0.01224693121792586,1,1,0.5548560891164002,0.44514391088359984,0.5548560891164002,1.0,0.01,0.2495216547393375,570,1070,1170,1200
2024-06-04,3812.515869140625,0.013572433260235606,1,1,0.5464036424950771,0.4535963575049229,0.5464036424950771,1.0,0.01,0.2495216547393375,570,1070,1170,1200
2024-06-05,3864.260986328125,-0.0136261576231963,0,1,0.5493336852504336,0.4506663147495664,0.5493336852504336,1.0,0.01,0.2495216547393375,570,1070,1170,1200
2024-06-06,3811.60595703125,-0.03488734358684775,0,1,0.5502202689095307,0.4497797310904693,0.5502202689095307,1.0,0.01,0.2495216547393375,570,1070,1170,1200
2024-06-07,3678.629150390625,0.0006308874002707299,1,1,0.562552153278599,0.437447846721401,0.562552153278599,1.0,0.01,0.2495216547393375,570,1070,1170,1200
2024-06-08,3680.949951171875,0.006779189544245501,1,1,0.5472301165922029,0.4527698834077971,0.5472301165922029,1.0,0.01,0.2495216547393375,570,1070,1170,1200
2024-06-09,3705.90380859375,-0.010574014146293997,0,1,0.5496683132224884,0.45033168677751156,0.5496683132224884,1.0,0.01,0.2495216547393375,570,1070,1170,1200
2024-06-10,3666.717529296875,-0.04592308012417712,0,1,0.5585948450831497,0.4414051549168503,0.5585948450831497,1.0,0.01,0.2495216547393375,570,1070,1170,1200
2024-06-11,3498.33056640625,0.01751895888957078,1,1,0.574439085969598,0.42556091403040197,0.574439085969598,1.0,0.01,0.2495216547393375,570,1070,1170,1200
2024-06-12,3559.61767578125,-0.025378125970065946,0,1,0.5525809523482579,0.4474190476517421,0.5525809523482579,1.0,0.01,0.2495216547393375,570,1070,1170,1200
2024-06-13,3469.28125,0.003168011430681794,1,1,0.5843462246815676,0.4156537753184324,0.5843462246815676,1.0,scale,0.2500632664423507,600,1100,1200,1230
2024-06-14,3480.27197265625,0.024503138996214258,1,1,0.5853448354182196,0.4146551645817804,0.5853448354182196,1.0,scale,0.2500632664423507,600,1100,1200,1230
2024-06-15,3565.549560546875,0.015429295002475696,1,1,0.5461153093364387,0.4538846906635613,0.5461153093364387,1.0,scale,0.2500632664423507,600,1100,1200,1230
2024-06-16,3620.5634765625,-0.03015678941117861,0,1,0.538133521220766,0.46186647877923404,0.538133521220766,1.0,scale,0.2500632664423507,600,1100,1200,1230
2024-06-17,3511.37890625,-0.007887929643914382,0,1,0.6116364811378647,0.38836351886213527,0.6116364811378647,1.0,scale,0.2500632664423507,600,1100,1200,1230
2024-06-18,3483.681396484375,0.021720130807989513,1,1,0.5847028025923298,0.41529719740767024,0.5847028025923298,1.0,scale,0.2500632664423507,600,1100,1200,1230
2024-06-19,3559.347412109375,-0.013558805157003362,0,1,0.5391855786031702,0.4608144213968298,0.5391855786031702,1.0,scale,0.2500632664423507,600,1100,1200,1230
2024-06-20,3511.0869140625,0.0014208618736464285,1,1,0.5662375948977789,0.4337624051022211,0.5662375948977789,1.0,scale,0.2500632664423507,600,1100,1200,1230
2024-06-21,3516.07568359375,-0.006047141456727134,0,1,0.5535200306417539,0.4464799693582461,0.5535200306417539,1.0,scale,0.2500632664423507,600,1100,1200,1230
2024-06-22,3494.8134765625,-0.02180421377772701,0,1,0.5384105051870337,0.4615894948129663,0.5384105051870337,1.0,scale,0.2500632664423507,600,1100,1200,1230
2024-06-23,3418.61181640625,-0.019995095208515723,0,1,0.5946658288512525,0.4053341711487475,0.5946658288512525,1.0,scale,0.2500632664423507,600,1100,1200,1230
2024-06-24,3350.25634765625,0.013363963957398806,1,1,0.5962117257463946,0.4037882742536054,0.5962117257463946,1.0,scale,0.2500632664423507,600,1100,1200,1230
2024-06-25,3395.029052734375,-0.007526226555239823,0,1,0.5409756147285689,0.4590243852714311,0.5409756147285689,1.0,scale,0.2500632664423507,600,1100,1200,1230
2024-06-26,3369.477294921875,0.0223545777563241,1,1,0.5632968658231081,0.4367031341768919,0.5632968658231081,1.0,scale,0.2500632664423507,600,1100,1200,1230
2024-06-27,3444.800537109375,-0.02065854031739267,0,1,0.5455078802087419,0.45449211979125814,0.5455078802087419,1.0,scale,0.2500632664423507,600,1100,1200,1230
2024-06-28,3373.635986328125,-0.00019806905467367741,0,1,0.5671265881170843,0.4328734118829157,0.5671265881170843,1.0,scale,0.2500632664423507,600,1100,1200,1230
2024-06-29,3372.9677734375,0.017765182101838528,1,1,0.5434840989709525,0.4565159010290475,0.5434840989709525,1.0,scale,0.2500632664423507,600,1100,1200,1230
2024-06-30,3432.88916015625,0.0021708806286613314,1,1,0.5603374169168008,0.43966258308319917,0.5603374169168008,1.0,scale,0.2500632664423507,600,1100,1200,1230
2024-07-01,3440.341552734375,-0.0069722194841920215,0,1,0.5547613835057429,0.4452386164942571,0.5547613835057429,1.0,scale,0.2500632664423507,600,1100,1200,1230
2024-07-02,3416.354736328125,-0.03613149037734886,0,1,0.541907942891052,0.45809205710894796,0.541907942891052,1.0,scale,0.2500632664423507,600,1100,1200,1230
2024-07-03,3292.916748046875,-0.07239623520151972,0,1,0.5893156274553656,0.4106843725446344,0.5893156274553656,1.0,scale,0.2500632664423507,600,1100,1200,1230
2024-07-04,3054.52197265625,-0.023873895979977133,0,1,0.5970949000410789,0.4029050999589211,0.5970949000410789,1.0,scale,0.2500632664423507,600,1100,1200,1230
2024-07-05,2981.5986328125,0.029440346500360093,1,1,0.6026857893775396,0.3973142106224604,0.6026857893775396,1.0,scale,0.2500632664423507,600,1100,1200,1230
2024-07-06,3069.3779296875,-0.045608825587177826,0,1,0.5688096745968341,0.43119032540316593,0.5688096745968341,1.0,scale,0.2500632664423507,600,1100,1200,1230
2024-07-07,2929.38720703125,0.03049945952793487,1,1,0.599139342121065,0.400860657878935,0.599139342121065,1.0,scale,0.2500632664423507,600,1100,1200,1230
2024-07-08,3018.73193359375,0.015006640664742665,1,1,0.5660384886966316,0.43396151130336835,0.5660384886966316,1.0,scale,0.2500632664423507,600,1100,1200,1230
2024-07-09,3064.032958984375,0.01246259146908213,1,1,0.5533144580617242,0.4466855419382758,0.5533144580617242,1.0,scale,0.2500632664423507,600,1100,1200,1230
2024-07-10,3102.21875,-0.0006085771524413364,0,1,0.5409712688701261,0.45902873112987386,0.5409712688701261,1.0,scale,0.2500632664423507,600,1100,1200,1230
2024-07-11,3100.330810546875,0.010911055279745563,1,1,0.5439822612832078,0.4560177387167922,0.5439822612832078,1.0,scale,0.2500632664423507,600,1100,1200,1230
2024-07-12,3134.15869140625,0.013732565354943382,1,1,0.5397141099996757,0.46028589000032427,0.5397141099996757,1.0,scale,0.2500632664423507,600,1100,1200,1230
2024-07-13,3177.19873046875,0.021050106325543716,1,0,0.48013415292216577,0.5198658470778342,0.5198658470778342,1.0,scale,0.2504149216252254,630,1130,1230,1260
2024-07-14,3244.0791015625,0.0756682020158721,1,1,0.5035405221386348,0.49645947786136524,0.5035405221386348,1.0,scale,0.2504149216252254,630,1130,1230,1260
2024-07-15,3489.552734375,-0.013193469233778732,0,0,0.4969684434840295,0.5030315565159704,0.5030315565159704,1.0,scale,0.2504149216252254,630,1130,1230,1260
2024-07-16,3443.513427734375,-0.0159026492788078,0,1,0.5235370491316135,0.4764629508683865,0.5235370491316135,1.0,scale,0.2504149216252254,630,1130,1230,1260
2024-07-17,3388.75244140625,0.011067820433664055,1,1,0.5076807860342895,0.49231921396571054,0.5076807860342895,1.0,scale,0.2504149216252254,630,1130,1230,1260
2024-07-18,3426.258544921875,0.023196240831611536,1,0,0.4999949149719818,0.5000050850280182,0.5000050850280182,1.0,scale,0.2504149216252254,630,1130,1230,1260
2024-07-19,3505.73486328125,0.003868103950767088,1,1,0.5182182333325511,0.4817817666674489,0.5182182333325511,1.0,scale,0.2504149216252254,630,1130,1230,1260
2024-07-20,3519.29541015625,0.0049186148294897425,1,1,0.5524949416230461,0.44750505837695387,0.5524949416230461,1.0,scale,0.2504149216252254,630,1130,1230,1260
2024-07-21,3536.60546875,-0.027197137968854812,0,1,0.5745727651873328,0.4254272348126672,0.5745727651873328,1.0,scale,0.2504149216252254,630,1130,1230,1260
2024-07-22,3440.419921875,0.012084550339342526,1,1,0.6171579785799487,0.3828420214200513,0.6171579785799487,1.0,scale,0.2504149216252254,630,1130,1230,1260
2024-07-23,3481.995849609375,-0.04183132330756956,0,1,0.5657539151973754,0.4342460848026246,0.5657539151973754,1.0,scale,0.2504149216252254,630,1130,1230,1260
2024-07-24,3336.33935546875,-0.04852986825503891,0,1,0.5555548755264523,0.44444512447354767,0.5555548755264523,1.0,scale,0.2504149216252254,630,1130,1230,1260
2024-07-25,3174.42724609375,0.031981885880926875,1,1,0.6379547099879241,0.36204529001207586,0.6379547099879241,1.0,scale,0.2504149216252254,630,1130,1230,1260
2024-07-26,3275.951416015625,-0.008651992126869734,0,0,0.48605061344730643,0.5139493865526936,0.5139493865526936,1.0,scale,0.2504149216252254,630,1130,1230,1260
2024-07-27,3247.60791015625,0.007345926636807887,1,1,0.538056342597772,0.461943657402228,0.538056342597772,1.0,scale,0.2504149216252254,630,1130,1230,1260
2024-07-28,3271.464599609375,0.015000836945357587,1,0,0.49420596522853183,0.5057940347714682,0.5057940347714682,1.0,scale,0.2504149216252254,630,1130,1230,1260
2024-07-29,3320.539306640625,-0.012609873928464688,0,1,0.5559698662998194,0.44403013370018063,0.5559698662998194,1.0,scale,0.2504149216252254,630,1130,1230,1260
2024-07-30,3278.667724609375,-0.01444857310697567,0,0,0.49386519834031967,0.5061348016596803,0.5061348016596803,1.0,scale,0.2504149216252254,630,1130,1230,1260
2024-07-31,3231.295654296875,-0.009201015429318393,0,1,0.5372243624576141,0.46277563754238593,0.5372243624576141,1.0,scale,0.2504149216252254,630,1130,1230,1260
2024-08-01,3201.564453125,-0.06732685619396284,0,1,0.5595067384530198,0.4404932615469802,0.5595067384530198,1.0,scale,0.2504149216252254,630,1130,1230,1260
2024-08-02,2986.01318359375,-0.02767149249716494,0,1,0.607251569408046,0.39274843059195397,0.607251569408046,1.0,scale,0.2504149216252254,630,1130,1230,1260
2024-08-03,2903.3857421875,-0.07473578631090383,0,1,0.6090402823774149,0.3909597176225851,0.6090402823774149,1.0,scale,0.2504149216252254,630,1130,1230,1260
2024-08-04,2686.39892578125,-0.10020575290203382,0,1,0.6235860250804285,0.3764139749195715,0.6235860250804285,1.0,scale,0.2504149216252254,630,1130,1230,1260
2024-08-05,2417.206298828125,0.01717585219975959,1,1,0.5115737348456212,0.4884262651543788,0.5115737348456212,1.0,scale,0.2504149216252254,630,1130,1230,1260
2024-08-06,2458.723876953125,-0.049673947786168404,0,1,0.6407733439056539,0.3592266560943461,0.6407733439056539,1.0,scale,0.2504149216252254,630,1130,1230,1260
2024-08-07,2336.58935546875,0.14840580649003665,1,1,0.6604754123104492,0.33952458768955085,0.6604754123104492,1.0,scale,0.2504149216252254,630,1130,1230,1260
2024-08-08,2683.352783203125,-0.03121250061300085,0,0,0.48483393356588056,0.5151660664341194,0.5151660664341194,1.0,scale,0.2504149216252254,630,1130,1230,1260
2024-08-09,2599.5986328125,0.004009971491242048,1,1,0.5116930921941202,0.4883069078058798,0.5116930921941202,1.0,scale,0.2504149216252254,630,1130,1230,1260
2024-08-10,2610.02294921875,-0.021751054706288353,0,0,0.48117570999635845,0.5188242900036415,0.5188242900036415,1.0,scale,0.2504149216252254,630,1130,1230,1260
2024-08-11,2553.252197265625,0.0670437834865365,1,1,0.5134958631065599,0.4865041368934401,0.5134958631065599,1.0,scale,0.2504149216252254,630,1130,1230,1260
2024-08-12,2724.431884765625,-0.007619940833063277,0,0,0.4709715602344136,0.5290284397655864,0.5290284397655864,1.0,0.01,0.25333523189112883,660,1160,1260,1290
2024-08-13,2703.671875,-0.015074713930707695,0,0,0.48896946546747516,0.5110305345325248,0.5110305345325248,1.0,0.01,0.25333523189112883,660,1160,1260,1290
2024-08-14,2662.914794921875,-0.03485922591835067,0,1,0.510629403037736,0.48937059696226404,0.510629403037736,1.0,0.01,0.25333523189112883,660,1160,1260,1290
2024-08-15,2570.087646484375,0.008987583355268836,1,1,0.5737697389562479,0.42623026104375206,0.5737697389562479,1.0,0.01,0.25333523189112883,660,1160,1260,1290
2024-08-16,2593.1865234375,0.008237105726658145,1,1,0.53813070813365,0.46186929186634995,0.53813070813365,1.0,0.01,0.25333523189112883,660,1160,1260,1290
2024-08-17,2614.546875,-0.00045503000041835495,0,1,0.5250924281310623,0.47490757186893773,0.5250924281310623,1.0,0.01,0.25333523189112883,660,1160,1260,1290
2024-08-18,2613.357177734375,0.009164158253623267,1,1,0.5623280624469988,0.43767193755300116,0.5623280624469988,1.0,0.01,0.25333523189112883,660,1160,1260,1290
2024-08-19,2637.306396484375,-0.024342815448445854,0,1,0.5762492450213162,0.42375075497868375,0.5762492450213162,1.0,0.01,0.25333523189112883,660,1160,1260,1290
2024-08-20,2573.10693359375,0.02265299333570292,1,1,0.5911672379741938,0.4088327620258062,0.5911672379741938,1.0,0.01,0.25333523189112883,660,1160,1260,1290
2024-08-21,2631.3955078125,-0.003208978571182075,0,1,0.5454539896613426,0.4545460103386574,0.5454539896613426,1.0,0.01,0.25333523189112883,660,1160,1260,1290
2024-08-22,2622.951416015625,0.05394518732020126,1,1,0.5474548675862507,0.4525451324137493,0.5474548675862507,1.0,0.01,0.25333523189112883,660,1160,1260,1290
2024-08-23,2764.447021484375,0.0017879260896347393,1,1,0.5181185560075878,0.4818814439924122,0.5181185560075878,1.0,0.01,0.25333523189112883,660,1160,1260,1290
2024-08-24,2769.3896484375,-0.007305556877908126,0,1,0.5218743830584108,0.47812561694158917,0.5218743830584108,1.0,0.01,0.25333523189112883,660,1160,1260,1290
2024-08-25,2749.15771484375,-0.024668333251928187,0,1,0.5344229972507005,0.4655770027492995,0.5344229972507005,1.0,0.01,0.25333523189112883,660,1160,1260,1290
2024-08-26,2681.340576171875,-0.08302340092495786,0,1,0.5508710730749938,0.44912892692500617,0.5508710730749938,1.0,0.01,0.25333523189112883,660,1160,1260,1290
2024-08-27,2458.7265625,0.02834351973360194,1,1,0.5955989204151335,0.4044010795848665,0.5955989204151335,1.0,0.01,0.25333523189112883,660,1160,1260,1290
2024-08-28,2528.41552734375,0.00014918325787260933,1,1,0.5005753453482823,0.4994246546517177,0.5005753453482823,1.0,0.01,0.25333523189112883,660,1160,1260,1290
2024-08-29,2528.792724609375,-0.0011747515310726042,0,1,0.5025258907058898,0.4974741092941102,0.5025258907058898,1.0,0.01,0.25333523189112883,660,1160,1260,1290
2024-08-30,2525.822021484375,-0.004920466505769938,0,1,0.5364804246914049,0.4635195753085951,0.5364804246914049,1.0,0.01,0.25333523189112883,660,1160,1260,1290
2024-08-31,2513.393798828125,-0.034014349489517204,0,1,0.5055799613948098,0.49442003860519024,0.5055799613948098,1.0,0.01,0.25333523189112883,660,1160,1260,1290
2024-09-01,2427.90234375,0.04542394894641233,1,1,0.5604887737130987,0.4395112262869013,0.5604887737130987,1.0,0.01,0.25333523189112883,660,1160,1260,1290
2024-09-02,2538.187255859375,-0.04632577672207194,0,0,0.4450383541982092,0.5549616458017907,0.5549616458017907,1.0,0.01,0.25333523189112883,660,1160,1260,1290
2024-09-03,2420.603759765625,0.011721576032903469,1,1,0.5331283336968592,0.4668716663031408,0.5331283336968592,1.0,0.01,0.25333523189112883,660,1160,1260,1290
2024-09-04,2448.97705078125,-0.03317283105091118,0,1,0.5152791314783542,0.48472086852164575,0.5152791314783542,1.0,0.01,0.25333523189112883,660,1160,1260,1290
2024-09-05,2367.737548828125,-0.06075888100671323,0,1,0.5262322076967546,0.4737677923032454,0.5262322076967546,1.0,0.01,0.25333523189112883,660,1160,1260,1290
2024-09-06,2223.87646484375,0.022587006825558698,1,1,0.5926160130944162,0.40738398690558375,0.5926160130944162,1.0,0.01,0.25333523189112883,660,1160,1260,1290
2024-09-07,2274.107177734375,0.010195557730363625,1,0,0.4694684807869135,0.5305315192130865,0.5305315192130865,1.0,0.01,0.25333523189112883,660,1160,1260,1290
2024-09-08,2297.29296875,0.026635352920471922,1,0,0.49215232668078857,0.5078476733192114,0.5078476733192114,1.0,0.01,0.25333523189112883,660,1160,1260,1290
2024-09-09,2358.482177734375,0.013185970725884122,1,1,0.5015672542175916,0.49843274578240837,0.5015672542175916,1.0,0.01,0.25333523189112883,660,1160,1260,1290
2024-09-10,2389.5810546875,-0.020815155801287455,0,0,0.4771400503008427,0.5228599496991573,0.5228599496991573,1.0,0.01,0.25333523189112883,660,1160,1260,1290
2024-09-11,2339.841552734375,0.009376782595058808,1,1,0.5155838714498856,0.4844161285501144,0.5155838714498856,1.0,0.01,0.25534069895906303,690,1190,1290,1320
2024-09-12,2361.78173828125,0.03379882152498004,1,0,0.46406966968476887,0.5359303303152312,0.5359303303152312,1.0,0.01,0.25534069895906303,690,1190,1290,1320
2024-09-13,2441.607177734375,-0.009424724345186375,0,0,0.4708112882827823,0.5291887117172177,0.5291887117172177,1.0,0.01,0.25534069895906303,690,1190,1290,1320
2024-09-14,2418.595703125,-0.04039471590968735,0,0,0.4833672342127335,0.5166327657872665,0.5166327657872665,1.0,0.01,0.25534069895906303,690,1190,1290,1320
2024-09-15,2320.897216796875,-0.011036044683605084,0,1,0.5466091590297522,0.45339084097024784,0.5466091590297522,1.0,0.01,0.25534069895906303,690,1190,1290,1320
2024-09-16,2295.28369140625,0.020225853753695455,1,1,0.5426322470575193,0.45736775294248067,0.5426322470575193,1.0,0.01,0.25534069895906303,690,1190,1290,1320
2024-09-17,2341.707763671875,0.011966155926492306,1,0,0.47187094773382177,0.5281290522661782,0.5281290522661782,1.0,0.01,0.25534069895906303,690,1190,1290,1320
2024-09-18,2369.72900390625,0.04009875947956032,1,0,0.49068047903833656,0.5093195209616634,0.5093195209616634,1.0,0.01,0.25534069895906303,690,1190,1290,1320
2024-09-19,2464.752197265625,0.039078907942797114,1,0,0.4431494724673343,0.5568505275326656,0.5568505275326656,1.0,0.01,0.25534069895906303,690,1190,1290,1320
2024-09-20,2561.072021484375,0.021391493792606076,1,0,0.4407601871177891,0.5592398128822109,0.5592398128822109,1.0,0.01,0.25534069895906303,690,1190,1290,1320
2024-09-21,2615.857177734375,-0.012613314361003103,0,0,0.42854501864363836,0.5714549813563616,0.5714549813563616,1.0,0.01,0.25534069895906303,690,1190,1290,1320
2024-09-22,2582.862548828125,0.025430636221980274,1,1,0.5017491193269452,0.4982508806730548,0.5017491193269452,1.0,0.01,0.25534069895906303,690,1190,1290,1320
2024-09-23,2648.54638671875,0.0021931251720292977,1,0,0.4777451852441222,0.5222548147558779,0.5222548147558779,1.0,0.01,0.25534069895906303,690,1190,1290,1320
2024-09-24,2654.35498046875,-0.028242759218479185,0,0,0.4585643875377038,0.5414356124622962,0.5414356124622962,1.0,0.01,0.25534069895906303,690,1190,1290,1320
2024-09-25,2579.388671875,0.020474339471486358,1,0,0.48817304379985377,0.5118269562001463,0.5118269562001463,1.0,0.01,0.25534069895906303,690,1190,1290,1320
2024-09-26,2632.199951171875,0.024200548885121798,1,0,0.4609163763350563,0.5390836236649437,0.5390836236649437,1.0,0.01,0.25534069895906303,690,1190,1290,1320
2024-09-27,2695.900634765625,-0.006810923232421495,0,0,0.4398345270008069,0.5601654729991932,0.5601654729991932,1.0,0.01,0.25534069895906303,690,1190,1290,1320
2024-09-28,2677.5390625,-0.006794350426726936,0,0,0.45383539043766113,0.5461646095623389,0.5461646095623389,1.0,0.01,0.25534069895906303,690,1190,1290,1320
2024-09-29,2659.346923828125,-0.021164662339909768,0,0,0.4900093671198458,0.5099906328801542,0.5099906328801542,1.0,0.01,0.25534069895906303,690,1190,1290,1320
2024-09-30,2603.062744140625,-0.059215476810716816,0,1,0.5404225258917176,0.4595774741082824,0.5404225258917176,1.0,0.01,0.25534069895906303,690,1190,1290,1320
2024-10-01,2448.921142578125,-0.03417400898294953,0,1,0.5689144530086803,0.43108554699131973,0.5689144530086803,1.0,0.01,0.25534069895906303,690,1190,1290,1320
2024-10-02,2365.231689453125,-0.006528083382423278,0,1,0.5234793438323644,0.4765206561676356,0.5234793438323644,1.0,0.01,0.25534069895906303,690,1190,1290,1320
2024-10-03,2349.791259765625,0.027663174452933648,1,1,0.5089654993954325,0.49103450060456755,0.5089654993954325,1.0,0.01,0.25534069895906303,690,1190,1290,1320
2024-10-04,2414.7939453125,0.0003469822452661919,1,0,0.44977373624431133,0.5502262637556887,0.5502262637556887,1.0,0.01,0.25534069895906303,690,1190,1290,1320
2024-10-05,2415.6318359375,0.010070213255379601,1,0,0.45224669307629983,0.5477533069237002,0.5477533069237002,1.0,0.01,0.25534069895906303,690,1190,1290,1320
2024-10-06,2439.957763671875,-0.0074432160600884645,0,0,0.4617228195112912,0.5382771804887088,0.5382771804887088,1.0,0.01,0.25534069895906303,690,1190,1290,1320
2024-10-07,2421.796630859375,0.007450745129958358,1,1,0.5251276557450233,0.4748723442549767,0.5251276557450233,1.0,0.01,0.25534069895906303,690,1190,1290,1320
2024-10-08,2439.8408203125,-0.029328705566008972,0,0,0.4559415300120339,0.544058469987966,0.544058469987966,1.0,0.01,0.25534069895906303,690,1190,1290,1320
2024-10-09,2368.283447265625,0.0065762664129611625,1,1,0.5197712291893437,0.4802287708106563,0.5197712291893437,1.0,0.01,0.25534069895906303,690,1190,1290,1320
2024-10-10,2383.85791015625,0.022088362462288513,1,0,0.4812170773801875,0.5187829226198125,0.5187829226198125,1.0,0.01,0.25534069895906303,690,1190,1290,1320
2024-10-11,2436.513427734375,0.016420909144015505,1,0,0.47677083506517565,0.5232291649348244,0.5232291649348244,1.0,0.01,0.24901198869421223,720,1220,1320,1350
2024-10-12,2476.523193359375,-0.00357202041554483,0,0,0.4670142321682582,0.5329857678317418,0.5329857678317418,1.0,0.01,0.24901198869421223,720,1220,1320,1350
2024-10-13,2467.677001953125,0.06533387483978648,1,0,0.49789616477249454,0.5021038352275055,0.5021038352275055,1.0,0.01,0.24901198869421223,720,1220,1320,1350
2024-10-14,2628.89990234375,-0.00870247272142377,0,1,0.5063427569824783,0.4936572430175217,0.5063427569824783,1.0,0.01,0.24901198869421223,720,1220,1320,1350
2024-10-15,2606.02197265625,0.0019493612019787498,1,0,0.48794246559666343,0.5120575344033366,0.5120575344033366,1.0,0.01,0.24901198869421223,720,1220,1320,1350
2024-10-16,2611.10205078125,-0.0026152226716711358,0,0,0.4761466705965467,0.5238533294034533,0.5238533294034533,1.0,0.01,0.24901198869421223,720,1220,1320,1350
2024-10-17,2604.2734375,0.014314475606500121,1,0,0.4823855362375367,0.5176144637624633,0.5176144637624633,1.0,0.01,0.24901198869421223,720,1220,1320,1350
2024-10-18,2641.55224609375,0.002689606589697968,1,0,0.48343374331667993,0.51656625668332,0.51656625668332,1.0,0.01,0.24901198869421223,720,1220,1320,1350
2024-10-19,2648.656982421875,0.03688927328017333,1,0,0.45490246131365586,0.5450975386863441,0.5450975386863441,1.0,0.01,0.24901198869421223,720,1220,1320,1350
2024-10-20,2746.364013671875,-0.029366775513825272,0,0,0.49839520866767756,0.5016047913323225,0.5016047913323225,1.0,0.01,0.24901198869421223,720,1220,1320,1350
2024-10-21,2665.712158203125,-0.01707410468059689,0,1,0.5247936595029691,0.4752063404970309,0.5247936595029691,1.0,0.01,0.24901198869421223,720,1220,1320,1350
2024-10-22,2620.197509765625,-0.04240086191916037,0,0,0.49919347394662716,0.5008065260533728,0.5008065260533728,1.0,0.01,0.24901198869421223,720,1220,1320,1350
2024-10-23,2509.098876953125,0.010123020035770258,1,1,0.5381366555149297,0.46186334448507027,0.5381366555149297,1.0,0.01,0.24901198869421223,720,1220,1320,1350
2024-10-24,2534.49853515625,-0.03888913398757343,0,0,0.4823947983769881,0.5176052016230119,0.5176052016230119,1.0,0.01,0.24901198869421223,720,1220,1320,1350
2024-10-25,2435.93408203125,0.017927081761059283,1,1,0.5534930250030308,0.44650697499696923,0.5534930250030308,1.0,0.01,0.24901198869421223,720,1220,1320,1350
2024-10-26,2479.603271484375,0.01062161945285034,1,0,0.4604796203899991,0.5395203796100009,0.5395203796100009,1.0,0.01,0.24901198869421223,720,1220,1320,1350
2024-10-27,2505.940673828125,0.02370665487957191,1,0,0.473987667658971,0.5260123323410291,0.5260123323410291,1.0,0.01,0.24901198869421223,720,1220,1320,1350
2024-10-28,2565.34814453125,0.02830390688093809,1,1,0.5200794306778778,0.47992056932212224,0.5200794306778778,1.0,0.01,0.24901198869421223,720,1220,1320,1350
2024-10-29,2637.95751953125,0.007359875554762585,1,0,0.4671258393720555,0.5328741606279446,0.5328741606279446,1.0,0.01,0.24901198869421223,720,1220,1320,1350
2024-10-30,2657.37255859375,-0.05327564692788833,0,0,0.4774497527986959,0.5225502472013042,0.5225502472013042,1.0,0.01,0.24901198869421223,720,1220,1320,1350
2024-10-31,2515.79931640625,-0.001555695771857435,0,1,0.5133472063612314,0.48665279363876857,0.5133472063612314,1.0,0.01,0.24901198869421223,720,1220,1320,1350
2024-11-01,2511.885498046875,-0.00828735806127956,0,1,0.6163272831287141,0.3836727168712859,0.6163272831287141,1.0,0.01,0.24901198869421223,720,1220,1320,1350
2024-11-02,2491.068603515625,-0.013907007819047301,0,1,0.6062461623844249,0.39375383761557514,0.6062461623844249,1.0,0.01,0.24901198869421223,720,1220,1320,1350
2024-11-03,2456.42529296875,-0.024181043059307794,0,1,0.6239530616383936,0.3760469383616064,0.6239530616383936,1.0,0.01,0.24901198869421223,720,1220,1320,1350
2024-11-04,2397.0263671875,0.010690023242502233,1,1,0.6251562003183582,0.37484379968164183,0.6251562003183582,1.0,0.01,0.24901198869421223,720,1220,1320,1350
2024-11-05,2422.650634765625,0.12445812465100636,1,1,0.61411785288646,0.38588214711353996,0.61411785288646,1.0,0.01,0.24901198869421223,720,1220,1320,1350
2024-11-06,2724.169189453125,0.06292423408548897,1,1,0.5498295630861924,0.45017043691380765,0.5498295630861924,1.0,0.01,0.24901198869421223,720,1220,1320,1350
2024-11-07,2895.58544921875,0.023038926949513483,1,1,0.5635340158782314,0.4364659841217686,0.5635340158782314,1.0,0.01,0.24901198869421223,720,1220,1320,1350
2024-11-08,2962.296630859375,0.05699898471735465,1,1,0.5859340314906231,0.41406596850937694,0.5859340314906231,1.0,0.01,0.24901198869421223,720,1220,1320,1350
2024-11-09,3131.14453125,0.01922197042565066,1,1,0.5733618689446114,0.4266381310553886,0.5733618689446114,1.0,0.01,0.24901198869421223,720,1220,1320,1350
2024-11-10,3191.331298828125,0.05749377681988088,1,1,0.5461676526011211,0.4538323473988789,0.5461676526011211,0.1,scale,0.2476966507836655,750,1250,1350,1380
2024-11-11,3374.81298828125,-0.0380926778784183,0,1,0.5456244628107803,0.45437553718921975,0.5456244628107803,0.1,scale,0.2476966507836655,750,1250,1350,1380
2024-11-12,3246.25732421875,-0.016530228997185037,0,1,0.5466663118873177,0.45333368811268226,0.5466663118873177,0.1,scale,0.2476966507836655,750,1250,1350,1380
2024-11-13,3192.595947265625,-0.041861613246530704,0,1,0.5475748912338173,0.4524251087661827,0.5475748912338173,0.1,scale,0.2476966507836655,750,1250,1350,1380
2024-11-14,3058.94873046875,0.014414035918883572,1,1,0.5478579562524083,0.4521420437475917,0.5478579562524083,0.1,scale,0.2476966507836655,750,1250,1350,1380
2024-11-15,3103.04052734375,0.00974315294018413,1,1,0.5476290701872756,0.4523709298127244,0.5476290701872756,0.1,scale,0.2476966507836655,750,1250,1350,1380
2024-11-16,3133.27392578125,-0.01838725437104416,0,1,0.5477629817093557,0.45223701829064433,0.5477629817093557,0.1,scale,0.2476966507836655,750,1250,1350,1380
2024-11-17,3075.66162109375,0.04298093890177013,1,1,0.5481783914005338,0.4518216085994662,0.5481783914005338,0.1,scale,0.2476966507836655,750,1250,1350,1380
2024-11-18,3207.8564453125,-0.030073793436219964,0,1,0.5470041358726339,0.45299586412736614,0.5470041358726339,0.1,scale,0.2476966507836655,750,1250,1350,1380
2024-11-19,3111.384033203125,-0.012597623598885388,0,1,0.548249421843713,0.45175057815628705,0.548249421843713,0.1,scale,0.2476966507836655,750,1250,1350,1380
2024-11-20,3072.18798828125,0.09402613638837987,1,1,0.5484349081161941,0.4515650918838059,0.5484349081161941,0.1,scale,0.2476966507836655,750,1250,1350,1380
2024-11-21,3361.053955078125,-0.008763062239896535,0,1,0.5457515000041337,0.45424849999586625,0.5457515000041337,0.1,scale,0.2476966507836655,750,1250,1350,1380
2024-11-22,3331.600830078125,0.019396849109391878,1,1,0.5471830460427909,0.4528169539572091,0.5471830460427909,0.1,scale,0.2476966507836655,750,1250,1350,1380
2024-11-23,3396.223388671875,-0.009588143309746888,0,1,0.5468038711708957,0.4531961288291043,0.5468038711708957,0.1,scale,0.2476966507836655,750,1250,1350,1380
2024-11-24,3363.659912109375,0.01483028442427825,1,1,0.5474545377977824,0.4525454622022176,0.5474545377977824,0.1,scale,0.2476966507836655,750,1250,1350,1380
2024-11-25,3413.5439453125,-0.0254945044570557,0,1,0.5465828206160369,0.4534171793839631,0.5465828206160369,0.1,scale,0.2476966507836655,750,1250,1350,1380
2024-11-26,3326.517333984375,0.09942287996365606,1,1,0.547902780997689,0.45209721900231103,0.547902780997689,0.1,scale,0.2476966507836655,750,1250,1350,1380
2024-11-27,3657.249267578125,-0.021173767078749073,0,1,0.545639850251328,0.454360149748672,0.545639850251328,0.1,scale,0.2476966507836655,750,1250,1350,1380
2024-11-28,3579.8115234375,0.003822229533186672,1,1,0.5473214596852155,0.4526785403147845,0.5473214596852155,0.1,scale,0.2476966507836655,750,1250,1350,1380
2024-11-29,3593.494384765625,0.03122613408711894,1,1,0.5470232780521854,0.4529767219478146,0.5470232780521854,0.1,scale,0.2476966507836655,750,1250,1350,1380
2024-11-30,3705.705322265625,0.0014733272945559595,1,1,0.5468112138556076,0.4531887861443924,0.5468112138556076,0.1,scale,0.2476966507836655,750,1250,1350,1380
2024-12-01,3711.1650390625,-0.018044617264257212,0,1,0.5048076295559508,0.4951923704440492,0.5048076295559508,0.1,scale,0.2476966507836655,750,1250,1350,1380
2024-12-02,3644.198486328125,-0.0064449882448404106,0,1,0.5324516189182241,0.4675483810817759,0.5324516189182241,0.1,scale,0.2476966507836655,750,1250,1350,1380
2024-12-03,3620.711669921875,0.06093260244895049,1,1,0.5080218337806759,0.4919781662193241,0.5080218337806759,0.1,scale,0.2476966507836655,750,1250,1350,1380
2024-12-04,3841.3310546875,-0.007893814272854183,0,1,0.514498367590365,0.48550163240963495,0.514498367590365,0.1,scale,0.2476966507836655,750,1250,1350,1380
2024-12-05,3811.00830078125,0.051115670898385535,1,1,0.5140893014596879,0.4859106985403121,0.5140893014596879,0.1,scale,0.2476966507836655,750,1250,1350,1380
2024-12-06,4005.810546875,-0.0007783493216640958,0,1,0.5037946684392695,0.49620533156073054,0.5037946684392695,0.1,scale,0.2476966507836655,750,1250,1350,1380
2024-12-07,4002.692626953125,0.0007524841828581152,1,1,0.5057217228208459,0.49427827717915407,0.5057217228208459,0.1,scale,0.2476966507836655,750,1250,1350,1380
2024-12-08,4005.70458984375,-0.07165135464156769,0,1,0.5094397695974265,0.49056023040257346,0.5094397695974265,0.1,scale,0.2476966507836655,750,1250,1350,1380
2024-12-09,3718.6904296875,-0.02335679484361486,0,1,0.5478889528999532,0.4521110471000468,0.5478889528999532,0.1,scale,0.2476966507836655,750,1250,1350,1380
2024-12-10,3631.833740234375,0.055340716460503314,1,1,0.513990837910796,0.48600916208920397,0.513990837910796,1.0,scale,0.2473151146173471,780,1280,1380,1410
2024-12-11,3832.822021484375,0.013118151777930187,1,0,0.4639439278360789,0.5360560721639211,0.5360560721639211,1.0,scale,0.2473151146173471,780,1280,1380,1410
2024-12-12,3883.1015625,0.007237451638409276,1,0,0.484332809170444,0.515667190829556,0.515667190829556,1.0,scale,0.2473151146173471,780,1280,1380,1410
2024-12-13,3911.205322265625,-0.010942930708463194,0,0,0.4804639550418336,0.5195360449581664,0.5195360449581664,1.0,scale,0.2473151146173471,780,1280,1380,1410
2024-12-14,3868.4052734375,0.02159439944037822,1,0,0.488573732109233,0.5114262678907671,0.5114262678907671,1.0,scale,0.2473151146173471,780,1280,1380,1410
2024-12-15,3951.941162109375,0.00899299697642908,1,0,0.47263450672524165,0.5273654932747583,0.5273654932747583,1.0,scale,0.2473151146173471,780,1280,1380,1410
2024-12-16,3987.48095703125,-0.02525776168846805,0,1,0.5018926360461442,0.4981073639538558,0.5018926360461442,1.0,scale,0.2473151146173471,780,1280,1380,1410
2024-12-17,3886.76611328125,-0.06894545380539963,0,0,0.4952052627422489,0.504794737257751,0.504794737257751,1.0,scale,0.2473151146173471,780,1280,1380,1410
2024-12-18,3618.791259765625,-0.05550562793804503,0,1,0.5424799075493775,0.45752009245062253,0.5424799075493775,1.0,scale,0.2473151146173471,780,1280,1380,1410
2024-12-19,3417.927978515625,0.015982047785855658,1,1,0.5405225763205747,0.45947742367942535,0.5405225763205747,1.0,scale,0.2473151146173471,780,1280,1380,1410
2024-12-20,3472.553466796875,-0.038971625917780583,0,1,0.5361351847321904,0.46386481526780965,0.5361351847321904,1.0,scale,0.2473151146173471,780,1280,1380,1410
2024-12-21,3337.222412109375,-0.01788530954448675,0,1,0.5223218922464132,0.47767810775358677,0.5223218922464132,1.0,scale,0.2473151146173471,780,1280,1380,1410
2024-12-22,3277.53515625,0.042181162840310815,1,1,0.5404641028636434,0.45953589713635656,0.5404641028636434,1.0,scale,0.2473151146173471,780,1280,1380,1410
2024-12-23,3415.785400390625,0.022327047913535125,1,1,0.5236147898100952,0.47638521018990476,0.5236147898100952,1.0,scale,0.2473151146173471,780,1280,1380,1410
2024-12-24,3492.0498046875,0.00033949884489303805,1,0,0.4802808488581973,0.5197191511418027,0.5197191511418027,1.0,scale,0.2473151146173471,780,1280,1380,1410
2024-12-25,3493.2353515625,-0.04637807223950974,0,0,0.4900184705153333,0.5099815294846667,0.5099815294846667,1.0,scale,0.2473151146173471,780,1280,1380,1410
2024-12-26,3331.225830078125,-0.000693089573747363,0,1,0.5290323515818882,0.4709676484181118,0.5290323515818882,1.0,scale,0.2473151146173471,780,1280,1380,1410
2024-12-27,3328.9169921875,0.02072306150150305,1,1,0.5164956291695579,0.48350437083044207,0.5164956291695579,1.0,scale,0.2473151146173471,780,1280,1380,1410
2024-12-28,3397.90234375,-0.014240820106154684,0,0,0.4807007156903854,0.5192992843096146,0.5192992843096146,1.0,scale,0.2473151146173471,780,1280,1380,1410
2024-12-29,3349.513427734375,0.0020537760301735375,1,1,0.5076433070799091,0.4923566929200909,0.5076433070799091,1.0,scale,0.2473151146173471,780,1280,1380,1410
2024-12-30,3356.392578125,-0.0071090729967826505,0,1,0.5287240609651502,0.47127593903484977,0.5287240609651502,1.0,scale,0.2473151146173471,780,1280,1380,1410
2024-12-31,3332.53173828125,0.006293237021109732,1,1,0.5019619196874993,0.49803808031250074,0.5019619196874993,1.0,scale,0.2473151146173471,780,1280,1380,1410
2025-01-01,3353.504150390625,0.029189893122086197,1,0,0.48699381746446985,0.5130061825355301,0.5130061825355301,1.0,scale,0.2473151146173471,780,1280,1380,1410
2025-01-02,3451.392578125,0.04450875524089293,1,1,0.5059471971290364,0.49405280287096365,0.5059471971290364,1.0,scale,0.2473151146173471,780,1280,1380,1410
2025-01-03,3605.009765625,0.014617719482165947,1,0,0.48994095278100946,0.5100590472189905,0.5100590472189905,1.0,scale,0.2473151146173471,780,1280,1380,1410
2025-01-04,3657.706787109375,-0.006452957745802013,0,0,0.4971804431671205,0.5028195568328795,0.5028195568328795,1.0,scale,0.2473151146173471,780,1280,1380,1410
2025-01-05,3634.103759765625,0.01499890260780301,1,0,0.4981078115794567,0.5018921884205433,0.5018921884205433,1.0,scale,0.2473151146173471,780,1280,1380,1410
2025-01-06,3688.611328125,-0.08323835401301194,0,1,0.5075567291792898,0.49244327082071016,0.5075567291792898,1.0,scale,0.2473151146173471,780,1280,1380,1410
2025-01-07,3381.577392578125,-0.016337951334858714,0,1,0.512331885313471,0.48766811468652904,0.512331885313471,1.0,scale,0.2473151146173471,780,1280,1380,1410
2025-01-08,3326.329345703125,-0.03213713091240178,0,1,0.504260909577792,0.495739090422208,0.504260909577792,1.0,scale,0.2473151146173471,780,1280,1380,1410
2025-01-09,3219.4306640625,0.014927896012281394,1,1,0.5236833931542941,0.47631660684570587,0.5236833931542941,10.0,scale,0.2490146153980621,810,1310,1410,1440
2025-01-10,3267.489990234375,0.004507369034684849,1,1,0.5256054893201278,0.47439451067987215,0.5256054893201278,10.0,scale,0.2490146153980621,810,1310,1410,1440
2025-01-11,3282.2177734375,-0.004955978757455792,0,1,0.517479940441529,0.482520059558471,0.517479940441529,10.0,scale,0.2490146153980621,810,1310,1410,1440
2025-01-12,3265.951171875,-0.03994285558798849,0,1,0.5213024571227475,0.4786975428772525,0.5213024571227475,10.0,scale,0.2490146153980621,810,1310,1410,1440
2025-01-13,3135.499755859375,0.028124644018336253,1,1,0.5120712869398294,0.4879287130601706,0.5120712869398294,10.0,scale,0.2490146153980621,810,1310,1410,1440
2025-01-14,3223.6845703125,0.07037072715887938,1,1,0.5166233696265866,0.4833766303734134,0.5166233696265866,10.0,scale,0.2490146153980621,810,1310,1410,1440
2025-01-15,3450.53759765625,-0.041208762051769265,0,1,0.5139268666620029,0.48607313333799707,0.5139268666620029,10.0,scale,0.2490146153980621,810,1310,1410,1440
2025-01-16,3308.34521484375,0.05010419171097702,1,1,0.521894318131736,0.47810568186826397,0.521894318131736,10.0,scale,0.2490146153980621,810,1310,1410,1440
2025-01-17,3474.107177734375,-0.0484491750950794,0,1,0.5197997108116529,0.4802002891883471,0.5197997108116529,10.0,scale,0.2490146153980621,810,1310,1410,1440
2025-01-18,3305.78955078125,-0.02928958236001966,0,1,0.5164028581388154,0.48359714186118463,0.5164028581388154,10.0,scale,0.2490146153980621,810,1310,1410,1440
2025-01-19,3208.96435546875,0.02152440391061483,1,1,0.5246738224980549,0.47532617750194506,0.5246738224980549,10.0,scale,0.2490146153980621,810,1310,1410,1440
2025-01-20,3278.035400390625,0.015061109347230373,1,1,0.5178302867069764,0.4821697132930236,0.5178302867069764,10.0,scale,0.2490146153980621,810,1310,1410,1440
2025-01-21,3327.40625,-0.026201080984625813,0,1,0.5139513276262266,0.48604867237377336,0.5139513276262266,10.0,scale,0.2490146153980621,810,1310,1410,1440
2025-01-22,3240.224609375,0.029161404946970837,1,1,0.5162857760986258,0.4837142239013742,0.5162857760986258,10.0,scale,0.2490146153980621,810,1310,1410,1440
2025-01-23,3334.714111328125,-0.007544628669076459,0,1,0.5157227635423228,0.4842772364576772,0.5157227635423228,10.0,scale,0.2490146153980621,810,1310,1410,1440
2025-01-24,3309.554931640625,0.0023310081774501334,1,1,0.5094510582948707,0.4905489417051293,0.5094510582948707,10.0,scale,0.2490146153980621,810,1310,1410,1440
2025-01-25,3317.26953125,-0.02445844485711024,0,1,0.5110975215559035,0.4889024784440965,0.5110975215559035,10.0,scale,0.2490146153980621,810,1310,1410,1440
2025-01-26,3236.13427734375,-0.017679695057172262,0,1,0.5183672220168917,0.48163277798310833,0.5183672220168917,10.0,scale,0.2490146153980621,810,1310,1410,1440
2025-01-27,3178.92041015625,-0.0320259233300908,0,1,0.5174345904960106,0.4825654095039894,0.5174345904960106,10.0,scale,0.2490146153980621,810,1310,1410,1440
2025-01-28,3077.112548828125,0.011662386097330613,1,1,0.5180052457220489,0.48199475427795113,0.5180052457220489,10.0,scale,0.2490146153980621,810,1310,1410,1440
2025-01-29,3112.9990234375,0.0432961927853559,1,1,0.5308085705973532,0.4691914294026468,0.5308085705973532,10.0,scale,0.2490146153980621,810,1310,1410,1440
2025-01-30,3247.780029296875,0.015544497153892722,1,1,0.5180607543181195,0.4819392456818805,0.5180607543181195,10.0,scale,0.2490146153980621,810,1310,1410,1440
2025-01-31,3298.26513671875,-0.05455489961504678,0,1,0.5217150907322973,0.47828490926770273,0.5217150907322973,10.0,scale,0.2490146153980621,810,1310,1410,1440
2025-02-01,3118.32861328125,-0.08005434100956466,0,1,0.5179831953803408,0.48201680461965923,0.5179831953803408,10.0,scale,0.2490146153980621,810,1310,1410,1440
2025-02-02,2868.69287109375,0.005533453740142802,1,1,0.5126640297167246,0.48733597028327535,0.5126640297167246,10.0,scale,0.2490146153980621,810,1310,1410,1440
2025-02-03,2884.566650390625,-0.05183287439003281,0,1,0.5234616017867072,0.4765383982132928,0.5234616017867072,10.0,scale,0.2490146153980621,810,1310,1410,1440
2025-02-04,2735.05126953125,0.01927853557646908,1,1,0.5378101581104261,0.4621898418895739,0.5378101581104261,10.0,scale,0.2490146153980621,810,1310,1410,1440
2025-02-05,2787.779052734375,-0.035647794157377954,0,1,0.5368214228862549,0.4631785771137451,0.5368214228862549,10.0,scale,0.2490146153980621,810,1310,1410,1440
2025-02-06,2688.40087890625,-0.024620471517087794,0,1,0.539564709564812,0.46043529043518805,0.539564709564812,10.0,scale,0.2490146153980621,810,1310,1410,1440
2025-02-07,2622.211181640625,0.0038506311160004802,1,1,0.5405760518979701,0.4594239481020299,0.5405760518979701,10.0,scale,0.2490146153980621,810,1310,1410,1440
2025-02-08,2632.308349609375,-0.0013627424019899692,0,1,0.5312481600390252,0.4687518399609748,0.5312481600390252,1.0,0.1,0.25010234530035796,840,1340,1440,1470
2025-02-09,2628.72119140625,0.0123427150611084,1,1,0.5348028390114457,0.46519716098855435,0.5348028390114457,1.0,0.1,0.25010234530035796,840,1340,1440,1470
2025-02-10,2661.166748046875,-0.02193953673434812,0,1,0.5301799461092064,0.4698200538907936,0.5301799461092064,1.0,0.1,0.25010234530035796,840,1340,1440,1470
2025-02-11,2602.781982421875,0.051529524214203315,1,1,0.5314700597829961,0.4685299402170039,0.5314700597829961,1.0,0.1,0.25010234530035796,840,1340,1440,1470
2025-02-12,2736.902099609375,-0.022287794557012575,0,1,0.5163374679250785,0.4836625320749215,0.5163374679250785,1.0,0.1,0.25010234530035796,840,1340,1440,1470
2025-02-13,2675.902587890625,0.018755901306300338,1,1,0.519484483802997,0.48051551619700295,0.519484483802997,1.0,0.1,0.25010234530035796,840,1340,1440,1470
2025-02-14,2726.091552734375,-0.011933472391497446,0,1,0.5188922738449477,0.48110772615505226,0.5188922738449477,1.0,0.1,0.25010234530035796,840,1340,1440,1470
2025-02-15,2693.559814453125,-0.011228225310643603,0,1,0.5117022535746821,0.48829774642531787,0.5117022535746821,1.0,0.1,0.25010234530035796,840,1340,1440,1470
2025-02-16,2663.31591796875,0.029994109419593684,1,1,0.5175389428498505,0.48246105715014953,0.5175389428498505,1.0,0.1,0.25010234530035796,840,1340,1440,1470
2025-02-17,2743.19970703125,-0.026925068435387,0,1,0.5123645791712524,0.48763542082874756,0.5123645791712524,1.0,0.1,0.25010234530035796,840,1340,1440,1470
2025-02-18,2669.3388671875,0.017394617624989728,1,1,0.5143370915510579,0.4856629084489421,0.5143370915510579,1.0,0.1,0.25010234530035796,840,1340,1440,1470
2025-02-19,2715.77099609375,0.009063900656951951,1,1,0.5069903938071063,0.4930096061928937,0.5069903938071063,1.0,0.1,0.25010234530035796,840,1340,1440,1470
2025-02-20,2740.386474609375,-0.029459697666460616,0,1,0.5099632885595318,0.49003671144046823,0.5099632885595318,1.0,0.1,0.25010234530035796,840,1340,1440,1470
2025-02-21,2659.655517578125,0.039243345090012705,1,1,0.5252966844760971,0.4747033155239029,0.5252966844760971,1.0,0.1,0.25010234530035796,840,1340,1440,1470
2025-02-22,2764.029296875,0.020723733255699095,1,1,0.5037181457958405,0.4962818542041595,0.5037181457958405,1.0,0.1,0.25010234530035796,840,1340,1440,1470
2025-02-23,2821.310302734375,-0.10898801644535905,0,1,0.5088696944721508,0.4911303055278492,0.5088696944721508,1.0,0.1,0.25010234530035796,840,1340,1440,1470
2025-02-24,2513.8212890625,-0.008047015853369976,0,1,0.5162917049586424,0.4837082950413576,0.5162917049586424,1.0,0.1,0.25010234530035796,840,1340,1440,1470
2025-02-25,2493.592529296875,-0.06502260921668868,0,1,0.5204004636245766,0.4795995363754234,0.5204004636245766,1.0,0.1,0.25010234530035796,840,1340,1440,1470
2025-02-26,2331.45263671875,-0.01113823258073876,0,1,0.5302687277580538,0.4697312722419462,0.5302687277580538,1.0,0.1,0.25010234530035796,840,1340,1440,1470
2025-02-27,2305.484375,-0.029312322518993406,0,1,0.5328493662939308,0.46715063370606924,0.5328493662939308,1.0,0.1,0.25010234530035796,840,1340,1440,1470
2025-02-28,2237.9052734375,-0.009500832382402846,0,1,0.5311100310596706,0.4688899689403294,0.5311100310596706,1.0,0.1,0.25010234530035796,840,1340,1440,1470
2025-03-01,2216.643310546875,0.13671629895947635,1,1,0.5346319584092305,0.4653680415907695,0.5346319584092305,1.0,0.1,0.25010234530035796,840,1340,1440,1470
2025-03-02,2519.694580078125,-0.14847855308604507,0,1,0.5055575313136622,0.4944424686863378,0.5055575313136622,1.0,0.1,0.25010234530035796,840,1340,1440,1470
2025-03-03,2145.573974609375,0.011391432967872817,1,1,0.5267194619421246,0.4732805380578754,0.5267194619421246,1.0,0.1,0.25010234530035796,840,1340,1440,1470
2025-03-04,2170.01513671875,0.03316205356610458,1,1,0.5128250861076299,0.4871749138923701,0.5128250861076299,1.0,0.1,0.25010234530035796,840,1340,1440,1470
2025-03-05,2241.977294921875,-0.017618594251921915,0,1,0.509853772544178,0.49014622745582204,0.509853772544178,1.0,0.1,0.25010234530035796,840,1340,1440,1470
2025-03-06,2202.476806640625,-0.02882630029114286,0,1,0.5101871014970992,0.4898128985029008,0.5101871014970992,1.0,0.1,0.25010234530035796,840,1340,1440,1470
2025-03-07,2138.987548828125,0.029230046295678047,1,1,0.5163948091820737,0.4836051908179263,0.5163948091820737,1.0,0.1,0.25010234530035796,840,1340,1440,1470
2025-03-08,2201.51025390625,-0.08448795471326176,0,1,0.5095172831590181,0.4904827168409819,0.5095172831590181,1.0,0.1,0.25010234530035796,840,1340,1440,1470
2025-03-09,2015.5091552734373,-0.07658500963990711,0,1,0.528486707566489,0.47151329243351103,0.528486707566489,1.0,0.1,0.25010234530035796,840,1340,1440,1470
2025-03-10,1861.1513671875,0.031536179458804936,1,1,0.5177875807663359,0.4822124192336641,0.5177875807663359,1.0,0.01,0.25053344970004804,870,1370,1470,1500
2025-03-11,1919.844970703125,-0.005657907202539225,0,0,0.49395551704726876,0.5060444829527313,0.5060444829527313,1.0,0.01,0.25053344970004804,870,1370,1470,1500
2025-03-12,1908.982666015625,-0.024103446480985946,0,1,0.5037740214733305,0.4962259785266695,0.5037740214733305,1.0,0.01,0.25053344970004804,870,1370,1470,1500
2025-03-13,1862.9696044921875,0.024959035666801466,1,1,0.5101639396305612,0.48983606036943883,0.5101639396305612,1.0,0.01,0.25053344970004804,870,1370,1470,1500
2025-03-14,1909.467529296875,0.01462560823630299,1,0,0.4900266921689807,0.5099733078310194,0.5099733078310194,1.0,0.01,0.25053344970004804,870,1370,1470,1500
2025-03-15,1937.3946533203125,-0.025786999381329778,0,0,0.4882725433752311,0.5117274566247689,0.5117274566247689,1.0,0.01,0.25053344970004804,870,1370,1470,1500
2025-03-16,1887.43505859375,0.020963831795744126,1,1,0.5104608880795299,0.48953911192047006,0.5104608880795299,1.0,0.01,0.25053344970004804,870,1370,1470,1500
2025-03-17,1927.0029296875,0.002875204421535882,1,1,0.5031365509733094,0.49686344902669055,0.5031365509733094,1.0,0.01,0.25053344970004804,870,1370,1470,1500
2025-03-18,1932.54345703125,0.06478796942480636,1,1,0.5066507129720443,0.49334928702795566,0.5066507129720443,1.0,0.01,0.25053344970004804,870,1370,1470,1500
2025-03-19,2057.7490234375,-0.03676306928602102,0,0,0.48794194496877563,0.5120580550312244,0.5120580550312244,1.0,0.01,0.25053344970004804,870,1370,1470,1500
2025-03-20,1982.099853515625,-0.008704061657306195,0,1,0.502873167181872,0.497126832818128,0.502873167181872,1.0,0.01,0.25053344970004804,870,1370,1470,1500
2025-03-21,1964.8475341796875,0.007731036303297412,1,0,0.4976823520541613,0.5023176479458387,0.5023176479458387,1.0,0.01,0.25053344970004804,870,1370,1470,1500
2025-03-22,1980.037841796875,0.012758015026691494,1,0,0.4870341150121888,0.5129658849878111,0.5129658849878111,1.0,0.01,0.25053344970004804,870,1370,1470,1500
2025-03-23,2005.2991943359373,0.03599453377041595,1,0,0.49769180927504797,0.502308190724952,0.502308190724952,1.0,0.01,0.25053344970004804,870,1370,1470,1500
2025-03-24,2077.47900390625,-0.004676265671871183,0,0,0.4976689506727066,0.5023310493272934,0.5023310493272934,1.0,0.01,0.25053344970004804,870,1370,1470,1500
2025-03-25,2067.76416015625,-0.028327615997143618,0,1,0.5003855983228721,0.4996144016771279,0.5003855983228721,1.0,0.01,0.25053344970004804,870,1370,1470,1500
2025-03-26,2009.1893310546875,-0.003400331205273277,0,1,0.5158926298542587,0.48410737014574134,0.5158926298542587,1.0,0.01,0.25053344970004804,870,1370,1470,1500
2025-03-27,2002.357421875,-0.05336434495667708,0,1,0.5068606664088585,0.4931393335911415,0.5068606664088585,1.0,0.01,0.25053344970004804,870,1370,1470,1500
2025-03-28,1895.5029296875,-0.03597072635426679,0,1,0.5219759911877563,0.4780240088122437,0.5219759911877563,1.0,0.01,0.25053344970004804,870,1370,1470,1500
2025-03-29,1827.3203125,-0.01154788485957492,0,1,0.5119786137231951,0.4880213862768049,0.5119786137231951,1.0,0.01,0.25053344970004804,870,1370,1470,1500
2025-03-30,1806.2186279296875,0.009556624138489678,1,1,0.5089885585160193,0.4910114414839807,0.5089885585160193,1.0,0.01,0.25053344970004804,870,1370,1470,1500
2025-03-31,1823.47998046875,0.044975253629213396,1,1,0.5128019973679442,0.4871980026320558,0.5128019973679442,1.0,0.01,0.25053344970004804,870,1370,1470,1500
2025-04-01,1905.491455078125,-0.05782142048584138,0,0,0.4834101816551176,0.5165898183448824,0.5165898183448824,1.0,0.01,0.25053344970004804,870,1370,1470,1500
2025-04-02,1795.313232421875,0.011320573057860273,1,1,0.5196824320196225,0.4803175679803775,0.5196824320196225,1.0,0.01,0.25053344970004804,870,1370,1470,1500
2025-04-03,1815.63720703125,-0.00016633386447217902,0,0,0.48807430384526534,0.5119256961547347,0.5119256961547347,1.0,0.01,0.25053344970004804,870,1370,1470,1500
2025-04-04,1815.335205078125,-0.0051571403729591125,0,0,0.49562751854428605,0.504372481455714,0.504372481455714,1.0,0.01,0.25053344970004804,870,1370,1470,1500
2025-04-05,1805.9732666015625,-0.12693722742042624,0,0,0.48834832347289664,0.5116516765271033,0.5116516765271033,1.0,0.01,0.25053344970004804,870,1370,1470,1500
2025-04-06,1576.72802734375,-0.013627626435405826,0,0,0.4982840982715244,0.5017159017284756,0.5017159017284756,1.0,0.01,0.25053344970004804,870,1370,1470,1500
2025-04-07,1555.240966796875,-0.05316723773116572,0,1,0.5041497275631441,0.49585027243685587,0.5041497275631441,1.0,0.01,0.25053344970004804,870,1370,1470,1500
2025-04-08,1472.5531005859375,0.1327537447707503,1,1,0.5149170066388546,0.48508299336114535,0.5149170066388546,1.0,0.01,0.25053344970004804,870,1370,1470,1500
2025-04-09,1668.0400390625,-0.08724085563087758,0,0,0.4215447886186825,0.5784552113813175,0.5784552113813175,1.0,0.01,0.2491480219494409,900,1400,1500,1530
2025-04-10,1522.518798828125,0.02931391157840868,1,0,0.48731315862309443,0.5126868413769056,0.5126868413769056,1.0,0.01,0.2491480219494409,900,1400,1500,1530
2025-04-11,1567.1497802734375,0.04873738626716384,1,0,0.4353289109114882,0.5646710890885118,0.5646710890885118,1.0,0.01,0.2491480219494409,900,1400,1500,1530
2025-04-12,1643.528564453125,-0.028501344272703122,0,0,0.4132710835909287,0.5867289164090713,0.5867289164090713,1.0,0.01,0.2491480219494409,900,1400,1500,1530
2025-04-13,1596.685791015625,0.016336405441875312,1,0,0.465097283835883,0.534902716164117,0.534902716164117,1.0,0.01,0.2491480219494409,900,1400,1500,1530
2025-04-14,1622.7698974609375,-0.021036532181973544,0,0,0.4434664334723339,0.5565335665276661,0.5565335665276661,1.0,0.01,0.2491480219494409,900,1400,1500,1530
2025-04-15,1588.6324462890625,-0.00662651680945181,0,0,0.4545551713668032,0.5454448286331968,0.5454448286331968,1.0,0.01,0.2491480219494409,900,1400,1500,1530
2025-04-16,1578.1053466796875,0.002815397066748826,1,0,0.4763585559756277,0.5236414440243723,0.5236414440243723,1.0,0.01,0.2491480219494409,900,1400,1500,1530
2025-04-17,1582.54833984375,0.004029161456178265,1,0,0.4725978049503455,0.5274021950496546,0.5274021950496546,1.0,0.01,0.2491480219494409,900,1400,1500,1530
2025-04-18,1588.9246826171875,0.015103402450633574,1,0,0.47148008906870364,0.5285199109312964,0.5285199109312964,1.0,0.01,0.2491480219494409,900,1400,1500,1530
2025-04-19,1612.9228515625,-0.01575312130479345,0,0,0.47880251449895445,0.5211974855010455,0.5211974855010455,1.0,0.01,0.2491480219494409,900,1400,1500,1530
2025-04-20,1587.5142822265625,-0.004900607977736393,0,1,0.5048134084379531,0.4951865915620469,0.5048134084379531,1.0,0.01,0.2491480219494409,900,1400,1500,1530
2025-04-21,1579.7344970703125,0.11242216226721125,1,1,0.5132768297490473,0.4867231702509527,0.5132768297490473,1.0,0.01,0.2491480219494409,900,1400,1500,1530
2025-04-22,1757.3316650390625,0.022063326905880754,1,0,0.4252185402884214,0.5747814597115786,0.5747814597115786,1.0,0.01,0.2491480219494409,900,1400,1500,1530
2025-04-23,1796.104248046875,-0.014627537926254486,0,0,0.453063828940794,0.546936171059206,0.546936171059206,1.0,0.01,0.2491480219494409,900,1400,1500,1530
2025-04-24,1769.8316650390625,0.009494042160750782,1,0,0.47590220482952644,0.5240977951704735,0.5240977951704735,1.0,0.01,0.2491480219494409,900,1400,1500,1530
2025-04-25,1786.634521484375,0.019727919508667258,1,0,0.46196035939924185,0.5380396406007582,0.5380396406007582,1.0,0.01,0.2491480219494409,900,1400,1500,1530
2025-04-26,1821.881103515625,-0.015926458222360718,0,0,0.4425050898260681,0.5574949101739319,0.5574949101739319,1.0,0.01,0.2491480219494409,900,1400,1500,1530
2025-04-27,1792.864990234375,0.0033392455309573243,1,0,0.47436452294165943,0.5256354770583406,0.5256354770583406,1.0,0.01,0.2491480219494409,900,1400,1500,1530
2025-04-28,1798.851806640625,0.00018003291759050022,1,0,0.47472900820187486,0.5252709917981251,0.5252709917981251,1.0,0.01,0.2491480219494409,900,1400,1500,1530
2025-04-29,1799.1756591796875,-0.0030015237962643937,0,0,0.48824964595356374,0.5117503540464363,0.5117503540464363,1.0,0.01,0.2491480219494409,900,1400,1500,1530
2025-04-30,1793.775390625,0.025335483600515296,1,0,0.4970913601115913,0.5029086398884087,0.5029086398884087,1.0,0.01,0.2491480219494409,900,1400,1500,1530
2025-05-01,1839.2215576171875,0.0018955454880142941,1,0,0.49666519649919444,0.5033348035008056,0.5033348035008056,1.0,0.01,0.2491480219494409,900,1400,1500,1530
2025-05-02,1842.7078857421875,-0.004812571830357215,0,1,0.5062915840240062,0.4937084159759938,0.5062915840240062,1.0,0.01,0.2491480219494409,900,1400,1500,1530
2025-05-03,1833.8397216796875,-0.013766461212495806,0,1,0.5043593626646673,0.4956406373353327,0.5043593626646673,1.0,0.01,0.2491480219494409,900,1400,1500,1530
2025-05-04,1808.59423828125,0.006139172208646793,1,1,0.5203413447184596,0.4796586552815404,0.5203413447184596,1.0,0.01,0.2491480219494409,900,1400,1500,1530
2025-05-05,1819.697509765625,-0.0025333800408158247,0,1,0.5126935846997658,0.4873064153002342,0.5126935846997658,1.0,0.01,0.2491480219494409,900,1400,1500,1530
2025-05-06,1815.0875244140625,-0.0019177229274721652,0,1,0.5177945056858279,0.48220549431417215,0.5177945056858279,1.0,0.01,0.2491480219494409,900,1400,1500,1530
2025-05-07,1811.606689453125,0.2179876908621854,1,1,0.5022259536676814,0.4977740463323186,0.5022259536676814,1.0,0.01,0.2491480219494409,900,1400,1500,1530
2025-05-08,2206.5146484375,0.0629919569669184,1,0,0.3893770823355988,0.6106229176644011,0.6106229176644011,1.0,0.01,0.2491480219494409,900,1400,1500,1530
2025-05-09,2345.50732421875,0.10100811912068441,1,0,0.4766838437009554,0.5233161562990446,0.5233161562990446,1.0,0.1,0.2500005071196349,930,1430,1530,1560
2025-05-10,2582.422607421875,-0.027952363120453683,0,0,0.49837411780390445,0.5016258821960955,0.5016258821960955,1.0,0.1,0.2500005071196349,930,1430,1530,1560
2025-05-11,2510.23779296875,-0.005513456904119418,0,1,0.5029456769946992,0.49705432300530084,0.5029456769946992,1.0,0.1,0.2500005071196349,930,1430,1530,1560
2025-05-12,2496.397705078125,0.0735988233044782,1,0,0.49830012004068686,0.5016998799593131,0.5016998799593131,1.0,0.1,0.2500005071196349,930,1430,1530,1560
2025-05-13,2680.129638671875,-0.02614291683469505,0,0,0.4863785121936047,0.5136214878063954,0.5136214878063954,1.0,0.1,0.2500005071196349,930,1430,1530,1560
2025-05-14,2610.063232421875,-0.02421638604114429,0,1,0.5301565445808678,0.4698434554191322,0.5301565445808678,1.0,0.1,0.2500005071196349,930,1430,1530,1560
2025-05-15,2546.85693359375,-0.004146022508211833,0,0,0.4959822993695061,0.5040177006304939,0.5040177006304939,1.0,0.1,0.2500005071196349,930,1430,1530,1560
2025-05-16,2536.297607421875,-0.023870705359441913,0,0,0.4988997920746376,0.5011002079253624,0.5011002079253624,1.0,0.1,0.2500005071196349,930,1430,1530,1560
2025-05-17,2475.75439453125,0.009079756900171487,1,1,0.5009574692565021,0.4990425307434979,0.5009574692565021,1.0,0.1,0.2500005071196349,930,1430,1530,1560
2025-05-18,2498.233642578125,0.01238199059589462,1,0,0.46374048502352927,0.5362595149764707,0.5362595149764707,1.0,0.1,0.2500005071196349,930,1430,1530,1560
2025-05-19,2529.166748046875,-0.001974425904344268,0,0,0.4641963135985872,0.5358036864014128,0.5358036864014128,1.0,0.1,0.2500005071196349,930,1430,1530,1560
2025-05-20,2524.173095703125,0.011161703733228778,1,0,0.4823448738624121,0.5176551261375879,0.5176551261375879,1.0,0.1,0.2500005071196349,930,1430,1530,1560
2025-05-21,2552.34716796875,0.04380666386466037,1,0,0.4617118417800743,0.5382881582199257,0.5382881582199257,1.0,0.1,0.2500005071196349,930,1430,1530,1560
2025-05-22,2664.156982421875,-0.051691806751355096,0,0,0.4569037801235532,0.5430962198764469,0.5430962198764469,1.0,0.1,0.2500005071196349,930,1430,1530,1560
2025-05-23,2526.44189453125,0.001664137106111907,1,1,0.5259428482263263,0.4740571517736737,0.5259428482263263,1.0,0.1,0.2500005071196349,930,1430,1530,1560
2025-05-24,2530.646240234375,0.008344775909608915,1,0,0.45927663839078,0.54072336160922,0.54072336160922,1.0,0.1,0.2500005071196349,930,1430,1530,1560
2025-05-25,2551.763916015625,0.004849395212889407,1,0,0.483685651515929,0.516314348484071,0.516314348484071,1.0,0.1,0.2500005071196349,930,1430,1530,1560
2025-05-26,2564.138427734375,0.03858270497969518,1,0,0.47690969010753453,0.5230903098924655,0.5230903098924655,1.0,0.1,0.2500005071196349,930,1430,1530,1560
2025-05-27,2663.06982421875,0.007188345657390238,1,0,0.4623881214824123,0.5376118785175876,0.5376118785175876,1.0,0.1,0.2500005071196349,930,1430,1530,1560
2025-05-28,2682.212890625,-0.01847657419064974,0,0,0.4636385802717356,0.5363614197282645,0.5363614197282645,1.0,0.1,0.2500005071196349,930,1430,1530,1560
2025-05-29,2632.65478515625,-0.039014299261621144,0,1,0.5162133980657366,0.48378660193426337,0.5162133980657366,1.0,0.1,0.2500005071196349,930,1430,1530,1560
2025-05-30,2529.943603515625,-0.00033842697943353706,0,1,0.5451966783284926,0.4548033216715074,0.5451966783284926,1.0,0.1,0.2500005071196349,930,1430,1530,1560
2025-05-31,2529.08740234375,0.002838555548326349,1,0,0.49322187398005635,0.5067781260199437,0.5067781260199437,1.0,0.1,0.2500005071196349,930,1430,1530,1560
2025-06-01,2536.266357421875,0.027927293393387842,1,0,0.4907389901965398,0.5092610098034602,0.5092610098034602,1.0,0.1,0.2500005071196349,930,1430,1530,1560
2025-06-02,2607.097412109375,-0.005299816803046031,0,0,0.469992828378358,0.530007171621642,0.530007171621642,1.0,0.1,0.2500005071196349,930,1430,1530,1560
2025-06-03,2593.2802734375,0.005924077364914293,1,1,0.5015299970439697,0.4984700029560303,0.5015299970439697,1.0,0.1,0.2500005071196349,930,1430,1530,1560
2025-06-04,2608.64306640625,-0.07373849813037003,0,0,0.48463907226184083,0.5153609277381592,0.5153609277381592,1.0,0.1,0.2500005071196349,930,1430,1530,1560
2025-06-05,2416.28564453125,0.02520777285804554,1,1,0.5623211763883237,0.4376788236116763,0.5623211763883237,1.0,0.1,0.2500005071196349,930,1430,1530,1560
2025-06-06,2477.19482421875,0.019905800865118284,1,0,0.47603881261519876,0.5239611873848012,0.5239611873848012,1.0,0.1,0.2500005071196349,930,1430,1530,1560
2025-06-07,2526.50537109375,-0.006221345063654238,0,0,0.4320191254670575,0.5679808745329424,0.5679808745329424,1.0,0.1,0.2500005071196349,930,1430,1530,1560
2025-06-08,2510.787109375,0.06799858890117094,1,0,0.49258532555432294,0.5074146744456771,0.5074146744456771,1.0,0.1,0.2474153635555988,960,1460,1560,1590
2025-06-09,2681.51708984375,0.049226047740363876,1,0,0.45289416331136395,0.5471058366886361,0.5471058366886361,1.0,0.1,0.2474153635555988,960,1460,1560,1590
2025-06-10,2813.517578125,-0.01421291324458307,0,0,0.4635885285645611,0.5364114714354389,0.5364114714354389,1.0,0.1,0.2474153635555988,960,1460,1560,1590
2025-06-11,2773.529296875,-0.04389141697422694,0,0,0.48266857826617154,0.5173314217338285,0.5173314217338285,1.0,0.1,0.2474153635555988,960,1460,1560,1590
2025-06-12,2651.795166015625,-0.02726797414745119,0,0,0.4996496858220222,0.5003503141779778,0.5003503141779778,1.0,0.1,0.2474153635555988,960,1460,1560,1590
2025-06-13,2579.486083984375,-0.017849288846087386,0,1,0.5189206657530271,0.4810793342469729,0.5189206657530271,1.0,0.1,0.2474153635555988,960,1460,1560,1590
2025-06-14,2533.444091796875,0.005286505610925474,1,0,0.4627818850802864,0.5372181149197136,0.5372181149197136,1.0,0.1,0.2474153635555988,960,1460,1560,1590
2025-06-15,2546.837158203125,-0.0024470263889081467,0,0,0.48641450250314716,0.5135854974968528,0.5135854974968528,1.0,0.1,0.2474153635555988,960,1460,1560,1590
2025-06-16,2540.60498046875,-0.011746613932036243,0,1,0.5321604205412724,0.46783957945872756,0.5321604205412724,1.0,0.1,0.2474153635555988,960,1460,1560,1590
2025-06-17,2510.761474609375,0.005392801825034654,1,1,0.5282627797313114,0.4717372202686886,0.5282627797313114,1.0,0.1,0.2474153635555988,960,1460,1560,1590
2025-06-18,2524.301513671875,-0.0010489829382142046,0,0,0.4829961915247086,0.5170038084752915,0.5170038084752915,1.0,0.1,0.2474153635555988,960,1460,1560,1590
2025-06-19,2521.653564453125,-0.04534697662134013,0,0,0.4707587003597721,0.5292412996402279,0.5292412996402279,1.0,0.1,0.2474153635555988,960,1460,1560,1590
2025-06-20,2407.30419921875,-0.04436854876282892,0,1,0.5452096125356817,0.4547903874643183,0.5452096125356817,1.0,0.1,0.2474153635555988,960,1460,1560,1590
2025-06-21,2300.49560546875,-0.031420390689421374,0,1,0.5258274847924296,0.4741725152075704,0.5258274847924296,1.0,0.1,0.2474153635555988,960,1460,1560,1590
2025-06-22,2228.213134765625,0.0868910668308287,1,1,0.5494905884873471,0.4505094115126529,0.5494905884873471,1.0,0.1,0.2474153635555988,960,1460,1560,1590
2025-06-23,2421.824951171875,0.01081161455453472,1,0,0.48482573045791855,0.5151742695420815,0.5151742695420815,1.0,0.1,0.2474153635555988,960,1460,1560,1590
2025-06-24,2448.0087890625,-0.011723195789307361,0,0,0.49385913417316835,0.5061408658268316,0.5061408658268316,1.0,0.1,0.2474153635555988,960,1460,1560,1590
2025-06-25,2419.310302734375,-0.0013076347482894324,0,1,0.5095806572248919,0.4904193427751081,0.5095806572248919,1.0,0.1,0.2474153635555988,960,1460,1560,1590
2025-06-26,2416.146728515625,0.0031952591093227234,1,1,0.5051920154875237,0.4948079845124763,0.5051920154875237,1.0,0.1,0.2474153635555988,960,1460,1560,1590
2025-06-27,2423.866943359375,0.00546334924732772,1,0,0.4852081774168582,0.5147918225831418,0.5147918225831418,1.0,0.1,0.2474153635555988,960,1460,1560,1590
2025-06-28,2437.109375,0.02619931078698512,1,0,0.46757137281890965,0.5324286271810903,0.5324286271810903,1.0,0.1,0.2474153635555988,960,1460,1560,1590
2025-06-29,2500.9599609375,-0.005796016607685361,0,0,0.4893318406433162,0.5106681593566837,0.5106681593566837,1.0,0.1,0.2474153635555988,960,1460,1560,1590
2025-06-30,2486.46435546875,-0.032444314225516746,0,1,0.5187961484865761,0.48120385151342393,0.5187961484865761,1.0,0.1,0.2474153635555988,960,1460,1560,1590
2025-07-01,2405.792724609375,0.06881005288444131,1,1,0.5362166088403687,0.4637833911596313,0.5362166088403687,1.0,0.1,0.2474153635555988,960,1460,1560,1590
2025-07-02,2571.33544921875,0.007650450666005781,1,0,0.48184213009986626,0.5181578699001337,0.5181578699001337,1.0,0.1,0.2474153635555988,960,1460,1560,1590
2025-07-03,2591.00732421875,-0.03183665785149692,0,1,0.5082405768299103,0.4917594231700897,0.5082405768299103,1.0,0.1,0.2474153635555988,960,1460,1560,1590
2025-07-04,2508.518310546875,0.003492786444157847,1,1,0.529777426989098,0.470222573010902,0.529777426989098,1.0,0.1,0.2474153635555988,960,1460,1560,1590
2025-07-05,2517.280029296875,0.021434461935417204,1,1,0.5253254169242223,0.4746745830757777,0.5253254169242223,1.0,0.1,0.2474153635555988,960,1460,1560,1590
2025-07-06,2571.236572265625,-0.010976581842489175,0,1,0.5080719856727689,0.4919280143272311,0.5080719856727689,1.0,0.1,0.2474153635555988,960,1460,1560,1590
2025-07-07,2543.01318359375,0.028506606355380493,1,1,0.5231736631798768,0.4768263368201232,0.5231736631798768,1.0,0.1,0.2474153635555988,960,1460,1560,1590
2025-07-08,2615.505859375,0.05936584999764771,1,1,0.5431283337959195,0.4568716662040805,0.5431283337959195,1.0,scale,0.24912287741846295,990,1490,1590,1620
2025-07-09,2770.777587890625,0.06643175827521208,1,1,0.5140221119662722,0.48597788803372777,0.5140221119662722,1.0,scale,0.24912287741846295,990,1490,1590,1620
2025-07-10,2954.84521484375,0.0010291624108509367,1,1,0.5185684326077954,0.4814315673922046,0.5185684326077954,1.0,scale,0.24912287741846295,990,1490,1590,1620
2025-07-11,2957.88623046875,-0.005062604917237423,0,1,0.5378987793476558,0.46210122065234416,0.5378987793476558,1.0,scale,0.24912287741846295,990,1490,1590,1620
2025-07-12,2942.91162109375,0.010345966697322684,1,1,0.5507427849102959,0.44925721508970407,0.5507427849102959,1.0,scale,0.24912287741846295,990,1490,1590,1620
2025-07-13,2973.35888671875,0.013450089573111779,1,1,0.5443913983933729,0.4556086016066271,0.5443913983933729,1.0,scale,0.24912287741846295,990,1490,1590,1620
2025-07-14,3013.350830078125,0.04199272686615596,1,1,0.5023870165018642,0.49761298349813576,0.5023870165018642,1.0,scale,0.24912287741846295,990,1490,1590,1620
2025-07-15,3139.8896484375,0.07376602792880305,1,1,0.5345146482778231,0.46548535172217687,0.5345146482778231,1.0,scale,0.24912287741846295,990,1490,1590,1620
2025-07-16,3371.5068359375,0.03122567831346279,1,1,0.5119810446885359,0.4880189553114641,0.5119810446885359,1.0,scale,0.24912287741846295,990,1490,1590,1620
2025-07-17,3476.784423828125,0.020775499653849394,1,1,0.5254872379508764,0.4745127620491236,0.5254872379508764,1.0,scale,0.24912287741846295,990,1490,1590,1620
2025-07-18,3549.016357421875,0.013033843623181607,1,1,0.5261067686418748,0.4738932313581252,0.5261067686418748,1.0,scale,0.24912287741846295,990,1490,1590,1620
2025-07-19,3595.273681640625,0.04567044638207407,1,1,0.5376396254459074,0.4623603745540926,0.5376396254459074,1.0,scale,0.24912287741846295,990,1490,1590,1620
2025-07-20,3759.471435546875,0.0010373538968471152,1,1,0.5017852622927025,0.4982147377072975,0.5017852622927025,1.0,scale,0.24912287741846295,990,1490,1590,1620
2025-07-21,3763.371337890625,-0.0037800761075303946,0,1,0.5369155247578256,0.46308447524217444,0.5369155247578256,1.0,scale,0.24912287741846295,990,1490,1590,1620
2025-07-22,3749.1455078125,-0.03185843128317001,0,1,0.5408222884004087,0.4591777115995913,0.5408222884004087,1.0,scale,0.24912287741846295,990,1490,1590,1620
2025-07-23,3629.70361328125,0.021572560819185016,1,1,0.5490638495315213,0.4509361504684787,0.5490638495315213,1.0,scale,0.24912287741846295,990,1490,1590,1620
2025-07-24,3708.005615234375,0.005194498732584263,1,1,0.5284430009818646,0.4715569990181354,0.5284430009818646,1.0,scale,0.24912287741846295,990,1490,1590,1620
2025-07-25,3727.266845703125,0.0037907536475187964,1,1,0.5325088062332678,0.4674911937667322,0.5325088062332678,1.0,scale,0.24912287741846295,990,1490,1590,1620
2025-07-26,3741.39599609375,0.03577557309550983,1,1,0.5351579796030708,0.46484202039692923,0.5351579796030708,1.0,scale,0.24912287741846295,990,1490,1590,1620
2025-07-27,3875.24658203125,-0.022661990384936437,0,1,0.5188661750717679,0.4811338249282321,0.5188661750717679,1.0,scale,0.24912287741846295,990,1490,1590,1620
2025-07-28,3787.42578125,0.0015918602984175134,1,1,0.5322814121790937,0.46771858782090625,0.5322814121790937,1.0,scale,0.24912287741846295,990,1490,1590,1620
2025-07-29,3793.454833984375,0.0038874395023140718,1,1,0.5284381974064023,0.4715618025935977,0.5284381974064023,1.0,scale,0.24912287741846295,990,1490,1590,1620
2025-07-30,3808.20166015625,-0.029277308933214563,0,1,0.5294193728617572,0.4705806271382428,0.5294193728617572,1.0,scale,0.24912287741846295,990,1490,1590,1620
2025-07-31,3696.707763671875,-0.05635874139752328,0,1,0.5348838956492203,0.46511610435077966,0.5348838956492203,1.0,scale,0.24912287741846295,990,1490,1590,1620
2025-08-01,3488.365966796875,-0.027412478154400954,0,1,0.5052237628315679,0.4947762371684321,0.5052237628315679,1.0,scale,0.24912287741846295,990,1490,1590,1620
2025-08-02,3392.7412109375,0.030841709681774132,1,1,0.5067328147139327,0.4932671852860673,0.5067328147139327,1.0,scale,0.24912287741846295,990,1490,1590,1620
2025-08-03,3497.379150390625,0.06336371438852972,1,1,0.5013425085152408,0.49865749148475924,0.5013425085152408,1.0,scale,0.24912287741846295,990,1490,1590,1620
2025-08-04,3718.986083984375,-0.028794587423448093,0,1,0.5039925270702578,0.49600747292974223,0.5039925270702578,1.0,scale,0.24912287741846295,990,1490,1590,1620
2025-08-05,3611.8994140625,0.01993999056395901,1,1,0.5081912762665799,0.4918087237334201,0.5081912762665799,1.0,scale,0.24912287741846295,990,1490,1590,1620
2025-08-06,3683.920654296875,0.06254349511267532,1,1,0.5095526828557818,0.4904473171442182,0.5095526828557818,1.0,scale,0.24912287741846295,990,1490,1590,1620
2025-08-07,3914.325927734375,0.02440342244929994,1,1,0.5610011278531277,0.4389988721468723,0.5610011278531277,1.0,0.01,0.2453028639825222,1020,1520,1620,1650
2025-08-08,4009.848876953125,0.06328174749903215,1,1,0.5833438863699486,0.4166561136300514,0.5833438863699486,1.0,0.01,0.2453028639825222,1020,1520,1620,1650
2025-08-09,4263.59912109375,-0.0022003353011864624,0,1,0.5737655851761144,0.4262344148238856,0.5737655851761144,1.0,0.01,0.2453028639825222,1020,1520,1620,1650
2025-08-10,4254.2177734375,-0.006405637420032861,0,1,0.5905304018942455,0.40946959810575445,0.5905304018942455,1.0,0.01,0.2453028639825222,1020,1520,1620,1650
2025-08-11,4226.966796875,0.08610382463415012,1,1,0.5945754766162052,0.40542452338379475,0.5945754766162052,1.0,0.01,0.2453028639825222,1020,1520,1620,1650
2025-08-12,4590.9248046875,0.036016942392504525,1,1,0.5618435427143815,0.4381564572856185,0.5618435427143815,1.0,0.01,0.2453028639825222,1020,1520,1620,1650
2025-08-13,4756.27587890625,-0.04375468965602913,0,1,0.5785662657762467,0.4214337342237533,0.5785662657762467,1.0,0.01,0.2453028639825222,1020,1520,1620,1650
2025-08-14,4548.16650390625,-0.023784910750758614,0,1,0.5954085933780969,0.40459140662190307,0.5954085933780969,1.0,0.01,0.2453028639825222,1020,1520,1620,1650
2025-08-15,4439.98876953125,-0.0031100515039045318,0,1,0.5861649297023929,0.41383507029760713,0.5861649297023929,1.0,0.01,0.2453028639825222,1020,1520,1620,1650
2025-08-16,4426.18017578125,0.010639266076744924,1,1,0.5770204224212424,0.4229795775787576,0.5770204224212424,1.0,0.01,0.2453028639825222,1020,1520,1620,1650
2025-08-17,4473.271484375,-0.03593937951766457,0,1,0.5800325686630615,0.4199674313369385,0.5800325686630615,1.0,0.01,0.2453028639825222,1020,1520,1620,1650
2025-08-18,4312.5048828125,-0.055429681352263005,0,1,0.5894857997861718,0.41051420021382823,0.5894857997861718,1.0,0.01,0.2453028639825222,1020,1520,1620,1650
2025-08-19,4073.464111328125,0.06408215951312646,1,1,0.5923555243060515,0.40764447569394846,0.5923555243060515,1.0,0.01,0.2453028639825222,1020,1520,1620,1650
2025-08-20,4334.50048828125,-0.025675513855549226,0,1,0.5477666091129564,0.4522333908870436,0.5477666091129564,1.0,0.01,0.2453028639825222,1020,1520,1620,1650
2025-08-21,4223.2099609375,0.14399915644733907,1,1,0.5764159730717616,0.4235840269282384,0.5764159730717616,1.0,0.01,0.2453028639825222,1020,1520,1620,1650
2025-08-22,4831.3486328125,-0.011437448418844975,0,1,0.5172830627100049,0.4827169372899951,0.5172830627100049,1.0,0.01,0.2453028639825222,1020,1520,1620,1650
2025-08-23,4776.09033203125,0.0007447783980119027,1,1,0.5503623250881671,0.44963767491183293,0.5503623250881671,1.0,0.01,0.2453028639825222,1020,1520,1620,1650
2025-08-24,4779.6474609375,-0.08508151935728459,0,1,0.5527171839105554,0.44728281608944465,0.5527171839105554,1.0,0.01,0.2453028639825222,1020,1520,1620,1650
2025-08-25,4372.98779296875,0.05200997021062914,1,1,0.5657337252749315,0.4342662747250685,0.5657337252749315,1.0,0.01,0.2453028639825222,1020,1520,1620,1650
2025-08-26,4600.4267578125,-0.021092323933093016,0,1,0.5265398346505539,0.4734601653494461,0.5265398346505539,1.0,0.01,0.2453028639825222,1020,1520,1620,1650
2025-08-27,4503.39306640625,0.0008404036496352241,1,1,0.5454385869687948,0.45456141303120523,0.5454385869687948,1.0,0.01,0.2453028639825222,1020,1520,1620,1650
2025-08-28,4507.177734375,-0.032620169651272346,0,1,0.5436719718268881,0.4563280281731119,0.5436719718268881,1.0,0.01,0.2453028639825222,1020,1520,1620,1650
2025-08-29,4360.15283203125,0.0032110086092389523,1,1,0.5685636560453774,0.4314363439546226,0.5685636560453774,1.0,0.01,0.2453028639825222,1020,1520,1620,1650
2025-08-30,4374.1533203125,0.0036271528440883216,1,1,0.5508487077767261,0.4491512922232739,0.5508487077767261,1.0,0.01,0.2453028639825222,1020,1520,1620,1650
2025-08-31,4390.01904296875,-0.017209225605980594,0,1,0.5574741314569469,0.4425258685430531,0.5574741314569469,1.0,0.01,0.2453028639825222,1020,1520,1620,1650
2025-09-01,4314.47021484375,0.002525340834435452,1,1,0.5279480376203909,0.4720519623796091,0.5279480376203909,1.0,0.01,0.2453028639825222,1020,1520,1620,1650
2025-09-02,4325.36572265625,0.028904708992612438,1,1,0.517142191468294,0.482857808531706,0.517142191468294,1.0,0.01,0.2453028639825222,1020,1520,1620,1650
2025-09-03,4450.38916015625,-0.03407455260068215,0,0,0.4898760534627702,0.5101239465372298,0.5101239465372298,1.0,0.01,0.2453028639825222,1020,1520,1620,1650
2025-09-04,4298.744140625,0.00191791570666755,1,1,0.530802805140173,0.469197194859827,0.530802805140173,1.0,0.01,0.2453028639825222,1020,1520,1620,1650
2025-09-05,4306.98876953125,-0.007603126867408605,0,1,0.5206671909053632,0.4793328090946368,0.5206671909053632,1.0,0.01,0.2453028639825222,1020,1520,1620,1650
2025-09-06,4274.2421875,0.007277423081211376,1,0,0.4824030955714196,0.5175969044285804,0.5175969044285804,1.0,0.01,0.2453525776278173,1050,1550,1650,1680
2025-09-07,4305.34765625,0.0006328430576436617,1,1,0.5009484618617562,0.49905153813824377,0.5009484618617562,1.0,0.01,0.2453525776278173,1050,1550,1650,1680
2025-09-08,4308.072265625,0.00022498189944109015,1,1,0.5410013785594309,0.45899862144056913,0.5410013785594309,1.0,0.01,0.2453525776278173,1050,1550,1650,1680
2025-09-09,4309.04150390625,0.009307056372314992,1,1,0.5081816066478133,0.4918183933521867,0.5081816066478133,1.0,0.01,0.2453525776278173,1050,1550,1650,1680
2025-09-10,4349.14599609375,0.025772278613875654,1,1,0.5206429193024166,0.4793570806975834,0.5206429193024166,1.0,0.01,0.2453525776278173,1050,1550,1650,1680
2025-09-11,4461.2333984375,0.05693777317310178,1,1,0.5000740257376193,0.4999259742623807,0.5000740257376193,1.0,0.01,0.2453525776278173,1050,1550,1650,1680
2025-09-12,4715.24609375,-0.009981749693273922,0,0,0.49623627909671963,0.5037637209032804,0.5037637209032804,1.0,0.01,0.2453525776278173,1050,1550,1650,1680
2025-09-13,4668.1796875,-0.012549223717087221,0,1,0.5108037919112534,0.48919620808874664,0.5108037919112534,1.0,0.01,0.2453525776278173,1050,1550,1650,1680
2025-09-14,4609.59765625,-0.0179576071325368,0,1,0.5074421835818652,0.4925578164181348,0.5074421835818652,1.0,0.01,0.2453525776278173,1050,1550,1650,1680
2025-09-15,4526.8203125,-0.005137349788500112,0,1,0.5288396015291231,0.4711603984708769,0.5288396015291231,1.0,0.01,0.2453525776278173,1050,1550,1650,1680
2025-09-16,4503.564453125,0.019799637873646025,1,1,0.5012542575738607,0.49874574242613934,0.5012542575738607,1.0,0.01,0.2453525776278173,1050,1550,1650,1680
2025-09-17,4592.7333984375,-0.0006128056825500661,0,1,0.5076981677637581,0.4923018322362419,0.5076981677637581,1.0,0.01,0.2453525776278173,1050,1550,1650,1680
2025-09-18,4589.9189453125,-0.025926809284188335,0,1,0.503862145058721,0.49613785494127904,0.503862145058721,1.0,0.01,0.2453525776278173,1050,1550,1650,1680
2025-09-19,4470.9169921875,0.002538323308692858,1,1,0.5285438748641857,0.47145612513581425,0.5285438748641857,1.0,0.01,0.2453525776278173,1050,1550,1650,1680
2025-09-20,4482.265625,-0.006901983511407805,0,1,0.5002165161724736,0.49978348382752635,0.5002165161724736,1.0,0.01,0.2453525776278173,1050,1550,1650,1680
2025-09-21,4451.3291015625,-0.055815163176552995,0,1,0.5269724391858376,0.4730275608141624,0.5269724391858376,1.0,0.01,0.2453525776278173,1050,1550,1650,1680
2025-09-22,4202.87744140625,-0.008892368544476281,0,1,0.5692593827685781,0.4307406172314219,0.5692593827685781,1.0,0.01,0.2453525776278173,1050,1550,1650,1680
2025-09-23,4165.50390625,-0.0028891265593804505,0,1,0.5089944189846268,0.49100558101537317,0.5089944189846268,1.0,0.01,0.2453525776278173,1050,1550,1650,1680
2025-09-24,4153.46923828125,-0.0686499014554498,0,1,0.5293812879299542,0.4706187120700458,0.5293812879299542,1.0,0.01,0.2453525776278173,1050,1550,1650,1680
2025-09-25,3868.333984375,0.043314242191835106,1,1,0.5818504843580327,0.41814951564196734,0.5818504843580327,1.0,0.01,0.2453525776278173,1050,1550,1650,1680
2025-09-26,4035.887939453125,-0.004269131498844225,0,0,0.49083122530072804,0.5091687746992719,0.5091687746992719,1.0,0.01,0.2453525776278173,1050,1550,1650,1680
2025-09-27,4018.658203125,0.03056203169493088,1,1,0.5008612731408776,0.4991387268591224,0.5008612731408776,1.0,0.01,0.2453525776278173,1050,1550,1650,1680
2025-09-28,4141.4765625,0.018318402441761972,1,1,0.5162228252280232,0.4837771747719768,0.5162228252280232,1.0,0.01,0.2453525776278173,1050,1550,1650,1680
2025-09-29,4217.341796875,-0.016926367551390986,0,1,0.5322550189181378,0.46774498108186224,0.5322550189181378,1.0,0.01,0.2453525776278173,1050,1550,1650,1680
2025-09-30,4145.95751953125,0.04948308905476795,1,1,0.5284065040243914,0.4715934959756086,0.5284065040243914,1.0,0.01,0.2453525776278173,1050,1550,1650,1680
2025-10-01,4351.1123046875,0.03144288491246505,1,1,0.5147185849281818,0.4852814150718182,0.5147185849281818,1.0,0.01,0.2453525776278173,1050,1550,1650,1680
2025-10-02,4487.923828125,0.006004285806920251,1,1,0.5281021093693709,0.47189789063062915,0.5281021093693709,1.0,0.01,0.2453525776278173,1050,1550,1650,1680
2025-10-03,4514.87060546875,-0.005686395488865736,0,1,0.543577994925314,0.456422005074686,0.543577994925314,1.0,0.01,0.2453525776278173,1050,1550,1650,1680
2025-10-04,4489.197265625,0.005841932173111797,1,1,0.5215693666469394,0.4784306333530606,0.5215693666469394,1.0,0.01,0.2453525776278173,1050,1550,1650,1680
2025-10-05,4515.4228515625,0.0381688799649984,1,1,0.5606385496452723,0.43936145035472773,0.5606385496452723,1.0,0.01,0.2453525776278173,1050,1550,1650,1680
2025-10-06,4687.771484375,-0.05047593076900958,0,1,0.5315991861889653,0.4684008138110347,0.5315991861889653,1.0,0.01,0.2451642641316247,1080,1580,1680,1710
2025-10-07,4451.15185546875,0.017185685016793073,1,1,0.5492497345376012,0.4507502654623988,0.5492497345376012,1.0,0.01,0.2451642641316247,1080,1580,1680,1710
2025-10-08,4527.64794921875,-0.03500810935589638,0,1,0.528532833877981,0.471467166122019,0.528532833877981,1.0,0.01,0.2451642641316247,1080,1580,1680,1710
2025-10-09,4369.1435546875,-0.12042057191289324,0,1,0.547649714666556,0.452350285333444,0.547649714666556,1.0,0.01,0.2451642641316247,1080,1580,1680,1710
2025-10-10,3843.0087890625,-0.02404293663335999,0,1,0.5550176426190034,0.44498235738099656,0.5550176426190034,1.0,0.01,0.2451642641316247,1080,1580,1680,1710
2025-10-11,3750.611572265625,0.11033298280456205,1,1,0.5356599271038777,0.46434007289612234,0.5356599271038777,1.0,0.01,0.2451642641316247,1080,1580,1680,1710
2025-10-12,4164.427734375,0.01946006611990403,1,0,0.4999883558194056,0.5000116441805944,0.5000116441805944,1.0,0.01,0.2451642641316247,1080,1580,1680,1710
2025-10-13,4245.4677734375,-0.028278547964407763,0,1,0.515912984849482,0.484087015150518,0.515912984849482,1.0,0.01,0.2451642641316247,1080,1580,1680,1710
2025-10-14,4125.412109375,-0.03343972264134598,0,1,0.5331711167518086,0.4668288832481914,0.5331711167518086,1.0,0.01,0.2451642641316247,1080,1580,1680,1710
2025-10-15,3987.45947265625,-0.023249158708877005,0,1,0.5263275651348293,0.47367243486517074,0.5263275651348293,1.0,0.01,0.2451642641316247,1080,1580,1680,1710
2025-10-16,3894.75439453125,-0.015969057439913503,0,1,0.5278566442647347,0.47214335573526534,0.5278566442647347,1.0,0.01,0.2451642641316247,1080,1580,1680,1710
2025-10-17,3832.558837890625,0.015078008181977465,1,1,0.5351782095277167,0.46482179047228334,0.5351782095277167,1.0,0.01,0.2451642641316247,1080,1580,1680,1710
2025-10-18,3890.34619140625,0.024240379173758653,1,1,0.519957883572723,0.480042116427277,0.519957883572723,1.0,0.01,0.2451642641316247,1080,1580,1680,1710
2025-10-19,3984.649658203125,-0.0009760969295927735,0,1,0.5389743292562255,0.46102567074377454,0.5389743292562255,1.0,0.01,0.2451642641316247,1080,1580,1680,1710
2025-10-20,3980.76025390625,-0.02612468149719649,0,1,0.5420595793343432,0.45794042066565677,0.5420595793343432,1.0,0.01,0.2451642641316247,1080,1580,1680,1710
2025-10-21,3876.76416015625,-0.017705963754152787,0,1,0.547516796581214,0.452483203418786,0.547516796581214,1.0,0.01,0.2451642641316247,1080,1580,1680,1710
2025-10-22,3808.122314453125,0.01257944172448533,1,1,0.5428248476639688,0.45717515233603123,0.5428248476639688,1.0,0.01,0.2451642641316247,1080,1580,1680,1710
2025-10-23,3856.0263671875,0.0203683813713873,1,1,0.53571084853824,0.46428915146176,0.53571084853824,1.0,0.01,0.2451642641316247,1080,1580,1680,1710
2025-10-24,3934.5673828125,0.004804483597282472,1,1,0.5403880556254826,0.45961194437451736,0.5403880556254826,1.0,0.01,0.2451642641316247,1080,1580,1680,1710
2025-10-25,3953.470947265625,0.051731330083082616,1,1,0.5377856422511247,0.4622143577488753,0.5377856422511247,1.0,0.01,0.2451642641316247,1080,1580,1680,1710
2025-10-26,4157.9892578125,-0.009107091228975794,0,1,0.5405534278197411,0.45944657218025886,0.5405534278197411,1.0,0.01,0.2451642641316247,1080,1580,1680,1710
2025-10-27,4120.1220703125,-0.03346008122768285,0,1,0.5461955491804712,0.4538044508195288,0.5461955491804712,1.0,0.01,0.2451642641316247,1080,1580,1680,1710
2025-10-28,3982.262451171875,-0.01981522433432381,0,1,0.5460375462802675,0.45396245371973254,0.5460375462802675,1.0,0.01,0.2451642641316247,1080,1580,1680,1710
2025-10-29,3903.35302734375,-0.025357117972616416,0,1,0.5415144086071704,0.45848559139282963,0.5415144086071704,1.0,0.01,0.2451642641316247,1080,1580,1680,1710
2025-10-30,3804.375244140625,0.01122525392067275,1,1,0.5462622476226423,0.4537377523773577,0.5462622476226423,1.0,0.01,0.2451642641316247,1080,1580,1680,1710
2025-10-31,3847.080322265625,0.007046295825625215,1,1,0.5391780432589928,0.46082195674100723,0.5391780432589928,1.0,0.01,0.2451642641316247,1080,1580,1680,1710
2025-11-01,3874.18798828125,0.009518186585722344,1,1,0.5275247728960827,0.4724752271039173,0.5275247728960827,1.0,0.01,0.2451642641316247,1080,1580,1680,1710
2025-11-02,3911.063232421875,-0.0789440386423853,0,1,0.5401724541942109,0.4598275458057891,0.5401724541942109,1.0,0.01,0.2451642641316247,1080,1580,1680,1710
2025-11-03,3602.30810546875,-0.08598199640611282,0,1,0.5520782155082755,0.4479217844917245,0.5520782155082755,1.0,0.01,0.2451642641316247,1080,1580,1680,1710
2025-11-04,3292.574462890625,0.040271429297028094,1,1,0.5534365876983042,0.44656341230169583,0.5534365876983042,1.0,0.01,0.2451642641316247,1080,1580,1680,1710
2025-11-05,3425.171142578125,-0.03296574838976807,0,0,0.48828238934090434,0.5117176106590957,0.5117176106590957,10.0,scale,0.248832346857471,1110,1610,1710,1740
2025-11-06,3312.2578125,0.037147836870148554,1,1,0.5734268509879806,0.42657314901201937,0.5734268509879806,10.0,scale,0.248832346857471,1110,1610,1710,1740
2025-11-07,3435.301025390625,-0.01016651774327515,0,1,0.5158486231843953,0.4841513768156047,0.5158486231843953,10.0,scale,0.248832346857471,1110,1610,1710,1740
2025-11-08,3400.3759765625,0.053595650182295396,1,1,0.5516682271929452,0.44833177280705483,0.5516682271929452,10.0,scale,0.248832346857471,1110,1610,1710,1740
2025-11-09,3582.621337890625,-0.003952797579624412,0,0,0.4293245956254942,0.5706754043745058,0.5706754043745058,10.0,scale,0.248832346857471,1110,1610,1710,1740
2025-11-10,3568.4599609375,-0.04292544572498369,0,0,0.48071238560812035,0.5192876143918796,0.5192876143918796,10.0,scale,0.248832346857471,1110,1610,1710,1740
2025-11-11,3415.2822265625,-0.0006406464052173266,0,1,0.5365365959324412,0.4634634040675588,0.5365365959324412,10.0,scale,0.248832346857471,1110,1610,1710,1740
2025-11-12,3413.09423828125,-0.05283685290035778,0,1,0.5192264268989669,0.4807735731010331,0.5192264268989669,10.0,scale,0.248832346857471,1110,1610,1710,1740
2025-11-13,3232.757080078125,-0.039895183075048135,0,0,0.4683762431129579,0.5316237568870421,0.5316237568870421,10.0,scale,0.248832346857471,1110,1610,1710,1740
2025-11-14,3103.78564453125,0.02024808099609965,1,1,0.5433624779221343,0.4566375220778657,0.5433624779221343,10.0,scale,0.248832346857471,1110,1610,1710,1740
2025-11-15,3166.63134765625,-0.023300450051277788,0,1,0.561502826078833,0.43849717392116705,0.561502826078833,10.0,scale,0.248832346857471,1110,1610,1710,1740
2025-11-16,3092.847412109375,-0.02208598894421776,0,1,0.577045520580257,0.42295447941974296,0.577045520580257,10.0,scale,0.248832346857471,1110,1610,1710,1740
2025-11-17,3024.538818359375,0.03254717213392322,1,1,0.593206525938784,0.406793474061216,0.593206525938784,10.0,scale,0.248832346857471,1110,1610,1710,1740
2025-11-18,3122.97900390625,-0.031991314382848524,0,1,0.5459189940210892,0.45408100597891077,0.5459189940210892,10.0,scale,0.248832346857471,1110,1610,1710,1740
2025-11-19,3023.07080078125,-0.0632777812683677,0,1,0.5671937385747992,0.43280626142520084,0.5671937385747992,10.0,scale,0.248832346857471,1110,1610,1710,1740
2025-11-20,2831.777587890625,-0.023334590055091975,0,1,0.5568600983227812,0.44313990167721884,0.5568600983227812,10.0,scale,0.248832346857471,1110,1610,1710,1740
2025-11-21,2765.69921875,0.0006899532357182991,1,1,0.5614134491193766,0.43858655088062337,0.5614134491193766,10.0,scale,0.248832346857471,1110,1610,1710,1740
2025-11-22,2767.607421875,0.012309767363083646,1,1,0.6126101991598498,0.3873898008401502,0.6126101991598498,10.0,scale,0.248832346857471,1110,1610,1710,1740
2025-11-23,2801.676025390625,0.05390964270915899,1,1,0.6053032314747407,0.39469676852525926,0.6053032314747407,10.0,scale,0.248832346857471,1110,1610,1710,1740
2025-11-24,2952.71337890625,0.0017688477411781367,1,1,0.5115802261102264,0.48841977388977365,0.5115802261102264,10.0,scale,0.248832346857471,1110,1610,1710,1740
2025-11-25,2957.936279296875,0.023623136478952533,1,1,0.5519578209257816,0.4480421790742184,0.5519578209257816,10.0,scale,0.248832346857471,1110,1610,1710,1740
2025-11-26,3027.81201171875,-0.0043826285579375845,0,1,0.5081354911123968,0.49186450888760325,0.5081354911123968,10.0,scale,0.248832346857471,1110,1610,1710,1740
2025-11-27,3014.542236328125,0.0058921738820569836,1,0,0.49626924433178954,0.5037307556682105,0.5037307556682105,10.0,scale,0.248832346857471,1110,1610,1710,1740
2025-11-28,3032.304443359375,-0.013395469150188521,0,0,0.4985250719756845,0.5014749280243155,0.5014749280243155,10.0,scale,0.248832346857471,1110,1610,1710,1740
2025-11-29,2991.685302734375,0.0001428111751458072,1,0,0.49947180050567075,0.5005281994943293,0.5005281994943293,10.0,scale,0.248832346857471,1110,1610,1710,1740
2025-11-30,2992.112548828125,-0.06414317003534598,0,1,0.5147810479892887,0.4852189520107113,0.5147810479892887,10.0,scale,0.248832346857471,1110,1610,1710,1740
2025-12-01,2800.18896484375,0.07062049558248629,1,0,0.4625395172146097,0.5374604827853904,0.5374604827853904,10.0,scale,0.248832346857471,1110,1610,1710,1740
2025-12-02,2997.939697265625,0.06458838390069488,1,1,0.5427451935144108,0.45725480648558925,0.5427451935144108,10.0,scale,0.248832346857471,1110,1610,1710,1740
2025-12-03,3191.57177734375,-0.01793955301277983,0,0,0.4828542300114695,0.5171457699885305,0.5171457699885305,10.0,scale,0.248832346857471,1110,1610,1710,1740
2025-12-04,3134.31640625,-0.03505821706537382,0,1,0.5228204528147483,0.4771795471852517,0.5228204528147483,10.0,scale,0.248832346857471,1110,1610,1710,1740
2025-12-05,3024.432861328125,0.005215821632364781,1,0,0.456002917068626,0.543997082931374,0.543997082931374,10.0,scale,0.24871276578927734,1140,1640,1740,1770
2025-12-06,3040.207763671875,0.0069383396729270075,1,0,0.43248503484886275,0.5675149651511373,0.5675149651511373,10.0,scale,0.24871276578927734,1140,1640,1740,1770
2025-12-07,3061.3017578125,0.02087224497595197,1,0,0.3984445521455891,0.601555447854411,0.601555447854411,10.0,scale,0.24871276578927734,1140,1640,1740,1770
2025-12-08,3125.197998046875,0.0626894655346446,1,1,0.5007394182777398,0.4992605817222602,0.5007394182777398,10.0,scale,0.24871276578927734,1140,1640,1740,1770
2025-12-09,3321.114990234375,0.0012872624094455443,1,0,0.4905940446909694,0.5094059553090307,0.5094059553090307,10.0,scale,0.24871276578927734,1140,1640,1740,1770
2025-12-10,3325.39013671875,-0.026563274780229462,0,0,0.4740156961441822,0.5259843038558178,0.5259843038558178,10.0,scale,0.24871276578927734,1140,1640,1740,1770
2025-12-11,3237.056884765625,-0.0472294070775402,0,0,0.47528970564327216,0.5247102943567279,0.5247102943567279,10.0,scale,0.24871276578927734,1140,1640,1740,1770
2025-12-12,3084.172607421875,0.01054503402301843,1,0,0.44720053816935823,0.5527994618306418,0.5527994618306418,10.0,scale,0.24871276578927734,1140,1640,1740,1770
2025-12-13,3116.6953125,-0.018000022559953033,0,0,0.388566365917855,0.611433634082145,0.611433634082145,10.0,scale,0.24871276578927734,1140,1640,1740,1770
2025-12-14,3060.5947265625,-0.03150094334836495,0,1,0.5227032577558766,0.47729674224412344,0.5227032577558766,10.0,scale,0.24871276578927734,1140,1640,1740,1770
2025-12-15,2964.18310546875,-7.412718940891239e-07,0,1,0.5208422014521523,0.4791577985478477,0.5208422014521523,10.0,scale,0.24871276578927734,1140,1640,1740,1770
2025-12-16,2964.180908203125,-0.04479394067431908,0,1,0.5048990294880596,0.49510097051194035,0.5048990294880596,10.0,scale,0.24871276578927734,1140,1640,1740,1770
2025-12-17,2831.403564453125,-0.001530856537254932,0,1,0.5337445440908042,0.4662554559091958,0.5337445440908042,10.0,scale,0.24871276578927734,1140,1640,1740,1770
2025-12-18,2827.069091796875,0.05337740480626607,1,1,0.5826689327884657,0.41733106721153435,0.5826689327884657,10.0,scale,0.24871276578927734,1140,1640,1740,1770
2025-12-19,2977.970703125,-0.00013035171680586544,0,0,0.491700635364244,0.508299364635756,0.508299364635756,10.0,scale,0.24871276578927734,1140,1640,1740,1770
2025-12-20,2977.58251953125,0.008070725107488519,1,0,0.47298069530219544,0.5270193046978046,0.5270193046978046,10.0,scale,0.24871276578927734,1140,1640,1740,1770
2025-12-21,3001.61376953125,0.0014858543703297755,1,0,0.4913527141480188,0.5086472858519813,0.5086472858519813,10.0,scale,0.24871276578927734,1140,1640,1740,1770
2025-12-22,3006.07373046875,-0.014204477620910372,0,0,0.488818601904246,0.511181398095754,0.511181398095754,10.0,scale,0.24871276578927734,1140,1640,1740,1770
2025-12-23,2963.3740234375,-0.006001080904730394,0,0,0.4849831872106255,0.5150168127893745,0.5150168127893745,10.0,scale,0.24871276578927734,1140,1640,1740,1770
2025-12-24,2945.590576171875,-0.014262330504439258,0,0,0.4538690158318726,0.5461309841681274,0.5461309841681274,10.0,scale,0.24871276578927734,1140,1640,1740,1770
2025-12-25,2903.57958984375,0.007634030664264602,1,0,0.48438992784003165,0.5156100721599683,0.5156100721599683,10.0,scale,0.24871276578927734,1140,1640,1740,1770
2025-12-26,2925.74560546875,0.0076058169600530245,1,1,0.5607224388783845,0.43927756112161553,0.5607224388783845,10.0,scale,0.24871276578927734,1140,1640,1740,1770
2025-12-27,2947.998291015625,0.0001932919094582708,1,0,0.44302056314070964,0.5569794368592904,0.5569794368592904,10.0,scale,0.24871276578927734,1140,1640,1740,1770
2025-12-28,2948.568115234375,-0.004758168917232131,0,1,0.5096521743442355,0.4903478256557645,0.5096521743442355,10.0,scale,0.24871276578927734,1140,1640,1740,1770
2025-12-29,2934.538330078125,0.01256702548089339,1,0,0.4742125495059114,0.5257874504940886,0.5257874504940886,10.0,scale,0.24871276578927734,1140,1640,1740,1770
2025-12-30,2971.416748046875,-0.0014737583994245407,0,0,0.4475181152873992,0.5524818847126007,0.5524818847126007,10.0,scale,0.24871276578927734,1140,1640,1740,1770
2025-12-31,2967.03759765625,0.01124242223269234,1,0,0.48287893035436286,0.5171210696456372,0.5171210696456372,10.0,scale,0.24871276578927734,1140,1640,1740,1770
2026-01-01,3000.394287109375,0.04133734051066695,1,1,0.508683505665379,0.491316494334621,0.508683505665379,10.0,scale,0.24871276578927734,1140,1640,1740,1770
2026-01-02,3124.422607421875,0.00047844777570227315,1,0,0.4741300521453171,0.5258699478546829,0.5258699478546829,10.0,scale,0.24871276578927734,1140,1640,1740,1770
2026-01-03,3125.91748046875,0.004732360608502573,1,1,0.5329965285637068,0.46700347143629317,0.5329965285637068,10.0,scale,0.24871276578927734,1140,1640,1740,1770
2026-01-04,3140.71044921875,0.027197643098951785,1,1,0.5061985148651975,0.4938014851348025,0.5061985148651975,10.0,scale,0.2481398513773243,1170,1670,1770,1800
2026-01-05,3226.13037109375,0.021640912864389295,1,0,0.48820016033652175,0.5117998396634782,0.5117998396634782,10.0,scale,0.2481398513773243,1170,1670,1770,1800
2026-01-06,3295.94677734375,-0.03917016624496916,0,1,0.5266200806735387,0.4733799193264613,0.5266200806735387,10.0,scale,0.2481398513773243,1170,1670,1770,1800
2026-01-07,3166.843994140625,-0.01972355629036915,0,1,0.5109153971851659,0.4890846028148341,0.5109153971851659,10.0,scale,0.2481398513773243,1170,1670,1770,1800
2026-01-08,3104.382568359375,-0.006872686838344633,0,0,0.49299042219187833,0.5070095778081216,0.5070095778081216,10.0,scale,0.2481398513773243,1170,1670,1770,1800
2026-01-09,3083.047119140625,-0.00021119464663144072,0,0,0.47625191119436827,0.5237480888056317,0.5237480888056317,10.0,scale,0.2481398513773243,1170,1670,1770,1800
2026-01-10,3082.39599609375,0.01183795263773435,1,0,0.4564680693282646,0.5435319306717354,0.5435319306717354,10.0,scale,0.2481398513773243,1170,1670,1770,1800
2026-01-11,3118.88525390625,-0.008515881935856728,0,0,0.47830856312781317,0.5216914368721868,0.5216914368721868,10.0,scale,0.2481398513773243,1170,1670,1770,1800
2026-01-12,3092.3251953125,0.07430339604003233,1,1,0.5049248591370992,0.49507514086290083,0.5049248591370992,10.0,scale,0.2481398513773243,1170,1670,1770,1800
2026-01-13,3322.095458984375,0.009821270239958713,1,0,0.4830764101194664,0.5169235898805336,0.5169235898805336,10.0,scale,0.2481398513773243,1170,1670,1770,1800
2026-01-14,3354.72265625,-0.011214440579919382,0,0,0.494262652118931,0.5057373478810689,0.5057373478810689,10.0,scale,0.2481398513773243,1170,1670,1770,1800
2026-01-15,3317.101318359375,-0.006517479736100618,0,0,0.48398667047574334,0.5160133295242566,0.5160133295242566,10.0,scale,0.2481398513773243,1170,1670,1770,1800
2026-01-16,3295.482177734375,0.004060735078022848,1,0,0.4573623306470185,0.5426376693529815,0.5426376693529815,10.0,scale,0.2481398513773243,1170,1670,1770,1800
2026-01-17,3308.8642578125,-0.0083734299173297,0,0,0.4382212758987628,0.5617787241012372,0.5617787241012372,10.0,scale,0.2481398513773243,1170,1670,1770,1800
2026-01-18,3281.15771484375,-0.028811971050971552,0,0,0.47480301865460545,0.5251969813453945,0.5251969813453945,10.0,scale,0.2481398513773243,1170,1670,1770,1800
2026-01-19,3186.62109375,-0.07877164352915944,0,0,0.49625851352231254,0.5037414864776875,0.5037414864776875,10.0,scale,0.2481398513773243,1170,1670,1770,1800
2026-01-20,2935.605712890625,0.014748373722715646,1,0,0.48696367702530285,0.5130363229746971,0.5130363229746971,10.0,scale,0.2481398513773243,1170,1670,1770,1800
2026-01-21,2978.901123046875,-0.009825039857546347,0,1,0.5296622887428738,0.4703377112571262,0.5296622887428738,10.0,scale,0.2481398513773243,1170,1670,1770,1800
2026-01-22,2949.63330078125,0.0012283041671792283,1,0,0.48019238422803084,0.5198076157719691,0.5198076157719691,10.0,scale,0.2481398513773243,1170,1670,1770,1800
2026-01-23,2953.25634765625,-0.0015290325215363554,0,1,0.5381187588313475,0.4618812411686525,0.5381187588313475,10.0,scale,0.2481398513773243,1170,1670,1770,1800
2026-01-24,2948.74072265625,-0.04504918926428636,0,0,0.4807793658771635,0.5192206341228365,0.5192206341228365,10.0,scale,0.2481398513773243,1170,1670,1770,1800
2026-01-25,2815.90234375,0.03926083862438623,1,1,0.5455632907404796,0.4544367092595204,0.5455632907404796,10.0,scale,0.2481398513773243,1170,1670,1770,1800
2026-01-26,2926.45703125,0.032720079340819774,1,1,0.5109177173762153,0.4890822826237847,0.5109177173762153,10.0,scale,0.2481398513773243,1170,1670,1770,1800
2026-01-27,3022.2109375,-0.005162947242162819,0,1,0.5063337304303805,0.49366626956961945,0.5063337304303805,10.0,scale,0.2481398513773243,1170,1670,1770,1800
2026-01-28,3006.607421875,-0.06265359238084345,0,1,0.5011675364209258,0.4988324635790742,0.5011675364209258,10.0,scale,0.2481398513773243,1170,1670,1770,1800
2026-01-29,2818.232666015625,-0.041109956346790044,0,0,0.47190210042699254,0.5280978995730075,0.5280978995730075,10.0,scale,0.2481398513773243,1170,1670,1770,1800
2026-01-30,2702.375244140625,-0.09520641066538593,0,1,0.5256422344345724,0.47435776556542764,0.5256422344345724,10.0,scale,0.2481398513773243,1170,1670,1770,1800
2026-01-31,2445.091796875,-0.0724418417956253,0,0,0.4956170734726645,0.5043829265273355,0.5043829265273355,10.0,scale,0.2481398513773243,1170,1670,1770,1800
2026-02-01,2267.96484375,0.03368299377022699,1,0,0.4777682643388958,0.5222317356611041,0.5222317356611041,10.0,scale,0.2481398513773243,1170,1670,1770,1800
2026-02-02,2344.356689453125,-0.04982085366444211,0,0,0.4603331319669637,0.5396668680330363,0.5396668680330363,10.0,scale,0.2481398513773243,1170,1670,1770,1800
2026-02-03,2227.558837890625,-0.037733992059035826,0,1,0.5423482834664163,0.4576517165335837,0.5423482834664163,10.0,scale,0.24983701424366273,1200,1700,1800,1830
2026-02-04,2143.504150390625,-0.15013782215594373,0,1,0.5687767064682653,0.4312232935317347,0.5687767064682653,10.0,scale,0.24983701424366273,1200,1700,1800,1830
2026-02-05,1821.68310546875,0.1326816155325108,1,1,0.506531986834663,0.49346801316533695,0.506531986834663,10.0,scale,0.24983701424366273,1200,1700,1800,1830
2026-02-06,2063.386962890625,0.013163964881106383,1,0,0.3960548365217431,0.6039451634782569,0.6039451634782569,10.0,scale,0.24983701424366273,1200,1700,1800,1830
2026-02-07,2090.54931640625,-0.0008545012256375717,0,1,0.5171739439496504,0.48282605605034956,0.5171739439496504,10.0,scale,0.24983701424366273,1200,1700,1800,1830
2026-02-08,2088.762939453125,0.007087777756089597,1,0,0.46373574373317367,0.5362642562668263,0.5362642562668263,10.0,scale,0.24983701424366273,1200,1700,1800,1830
2026-02-09,2103.567626953125,-0.03996552777885143,0,0,0.4695378763263168,0.5304621236736832,0.5304621236736832,10.0,scale,0.24983701424366273,1200,1700,1800,1830
2026-02-10,2019.4974365234373,-0.03905729079240494,0,1,0.5592470488837491,0.4407529511162509,0.5592470488837491,10.0,scale,0.24983701424366273,1200,1700,1800,1830
2026-02-11,1940.621337890625,0.0032563467246882194,1,1,0.5585971627248839,0.4414028372751161,0.5585971627248839,10.0,scale,0.24983701424366273,1200,1700,1800,1830
2026-02-12,1946.940673828125,0.05217758881277712,1,0,0.49557392460614075,0.5044260753938592,0.5044260753938592,10.0,scale,0.24983701424366273,1200,1700,1800,1830
2026-02-13,2048.52734375,0.01829725240883784,1,0,0.46879032362903905,0.531209676370961,0.531209676370961,10.0,scale,0.24983701424366273,1200,1700,1800,1830
2026-02-14,2086.009765625,-0.05751017989077156,0,0,0.4258900400577339,0.5741099599422661,0.5741099599422661,10.0,scale,0.24983701424366273,1200,1700,1800,1830
2026-02-15,1966.04296875,0.016212644568821766,1,1,0.5095158581130048,0.4904841418869952,0.5095158581130048,10.0,scale,0.24983701424366273,1200,1700,1800,1830
2026-02-16,1997.917724609375,-0.0028646768590002702,0,0,0.46458261324943567,0.5354173867505643,0.5354173867505643,10.0,scale,0.24983701424366273,1200,1700,1800,1830
2026-02-17,1992.1943359375,-0.019184983188783145,0,0,0.46281075276060646,0.5371892472393935,0.5371892472393935,10.0,scale,0.24983701424366273,1200,1700,1800,1830
2026-02-18,1953.97412109375,-0.002954528018943803,0,0,0.4847811217401412,0.5152188782598588,0.5152188782598588,10.0,scale,0.24983701424366273,1200,1700,1800,1830
2026-02-19,1948.2010498046875,0.010687443713567113,1,0,0.49416014868083075,0.5058398513191693,0.5058398513191693,10.0,scale,0.24983701424366273,1200,1700,1800,1830
2026-02-20,1969.0223388671875,0.0023945100352251725,1,0,0.49360089370297633,0.5063991062970237,0.5063991062970237,10.0,scale,0.24983701424366273,1200,1700,1800,1830
2026-02-21,1973.7371826171875,-0.008071629067117003,0,0,0.4901061660248691,0.5098938339751309,0.5098938339751309,10.0,scale,0.24983701424366273,1200,1700,1800,1830
2026-02-22,1957.805908203125,-0.05225395436661606,0,0,0.49367714074259145,0.5063228592574085,0.5063228592574085,10.0,scale,0.24983701424366273,1200,1700,1800,1830
2026-02-23,1855.5028076171875,-0.001365303886856295,0,0,0.4464412393728796,0.5535587606271204,0.5535587606271204,10.0,scale,0.24983701424366273,1200,1700,1800,1830
2026-02-24,1852.969482421875,0.10882988045871778,1,1,0.5283981743882845,0.4716018256117155,0.5283981743882845,10.0,scale,0.24983701424366273,1200,1700,1800,1830
2026-02-25,2054.6279296875,-0.013547624241957545,0,0,0.45731037537618596,0.542689624623814,0.542689624623814,10.0,scale,0.24983701424366273,1200,1700,1800,1830
2026-02-26,2026.7926025390625,-0.04738065532627633,0,0,0.44691317099172356,0.5530868290082764,0.5530868290082764,10.0,scale,0.24983701424366273,1200,1700,1800,1830
2026-02-27,1930.7618408203125,0.017759153699916874,1,0,0.47764023480948953,0.5223597651905105,0.5223597651905105,10.0,scale,0.24983701424366273,1200,1700,1800,1830
2026-02-28,1965.050537109375,-0.013223011941958851,0,0,0.4065541661890587,0.5934458338109413,0.5934458338109413,10.0,scale,0.24983701424366273,1200,1700,1800,1830
2026-03-01,1939.066650390625,0.045486972038864204,1,0,0.429925272091877,0.5700747279081231,0.5700747279081231,10.0,scale,0.24983701424366273,1200,1700,1800,1830
2026-03-02,2027.2689208984373,-0.021950713860043103,0,0,0.44175764034905823,0.5582423596509418,0.5582423596509418,10.0,scale,0.24983701424366273,1200,1700,1800,1830
2026-03-03,1982.7689208984373,0.0724927895935461,1,0,0.4633571883394658,0.5366428116605342,0.5366428116605342,10.0,scale,0.24983701424366273,1200,1700,1800,1830
2026-03-04,2126.50537109375,-0.025816959171616194,0,0,0.4421145912113084,0.5578854087886915,0.5578854087886915,10.0,scale,0.24983701424366273,1200,1700,1800,1830
2026-03-05,2071.60546875,-0.04482236094062009,0,0,0.48824121585278973,0.5117587841472102,0.5117587841472102,1.0,0.01,0.25009558713957714,1230,1730,1830,1860
2026-03-06,1978.751220703125,-0.004697799435284589,0,0,0.4964556285130321,0.5035443714869678,0.5035443714869678,1.0,0.01,0.25009558713957714,1230,1730,1830,1860
2026-03-07,1969.4554443359373,-0.016680097080789213,0,0,0.48350099294227594,0.516499007057724,0.516499007057724,1.0,0.01,0.25009558713957714,1230,1730,1830,1860
2026-03-08,1936.604736328125,0.02908879392733521,1,0,0.49506847555049055,0.5049315244495094,0.5049315244495094,1.0,0.01,0.25009558713957714,1230,1730,1830,1860
2026-03-09,1992.938232421875,0.022169403074209004,1,0,0.4832703677213171,0.516729632278683,0.516729632278683,1.0,0.01,0.25009558713957714,1230,1730,1830,1860
2026-03-10,2037.1204833984373,0.007094700046877955,1,0,0.48144883478652367,0.5185511652134763,0.5185511652134763,1.0,0.01,0.25009558713957714,1230,1730,1830,1860
2026-03-11,2051.5732421875,0.010510464768130001,1,0,0.4929555146971018,0.5070444853028981,0.5070444853028981,1.0,0.01,0.25009558713957714,1230,1730,1830,1860
2026-03-12,2073.13623046875,0.009370945241431228,1,0,0.4917373787075715,0.5082626212924285,0.5082626212924285,1.0,0.01,0.25009558713957714,1230,1730,1830,1860
2026-03-13,2092.5634765625,0.0021615561057222177,1,0,0.49924505888727355,0.5007549411127264,0.5007549411127264,1.0,0.01,0.25009558713957714,1230,1730,1830,1860
2026-03-14,2097.086669921875,0.03833396568225522,1,0,0.49657750233974485,0.5034224976602552,0.5034224976602552,1.0,0.01,0.25009558713957714,1230,1730,1830,1860
2026-03-15,2177.476318359375,0.07977111189072517,1,0,0.4878294153186899,0.51217058468131,0.51217058468131,1.0,0.01,0.25009558713957714,1230,1730,1830,1860
2026-03-16,2351.176025390625,-0.014087655809712052,0,0,0.46362226246057364,0.5363777375394263,0.5363777375394263,1.0,0.01,0.25009558713957714,1230,1730,1830,1860
2026-03-17,2318.053466796875,-0.04934391616753975,0,0,0.4950073253792517,0.5049926746207483,0.5049926746207483,1.0,0.01,0.25009558713957714,1230,1730,1830,1860
2026-03-18,2203.671630859375,-0.03006246566260873,0,0,0.4982489136035436,0.5017510863964564,0.5017510863964564,1.0,0.01,0.25009558713957714,1230,1730,1830,1860
2026-03-19,2137.423828125,0.00424494293930433,1,0,0.49149759965465073,0.5085024003453493,0.5085024003453493,1.0,0.01,0.25009558713957714,1230,1730,1830,1860
2026-03-20,2146.4970703125,-0.03252141820817256,0,0,0.4829444995842724,0.5170555004157276,0.5170555004157276,1.0,0.01,0.25009558713957714,1230,1730,1830,1860
2026-03-21,2076.68994140625,-0.01138427123429453,0,0,0.4961640376240307,0.5038359623759693,0.5038359623759693,1.0,0.01,0.25009558713957714,1230,1730,1830,1860
2026-03-22,2053.04833984375,0.04826854503462008,1,0,0.49824226102516295,0.5017577389748371,0.5017577389748371,1.0,0.01,0.25009558713957714,1230,1730,1830,1860
2026-03-23,2152.14599609375,0.0016533960130185044,1,0,0.47875299423938794,0.521247005760612,0.521247005760612,1.0,0.01,0.25009558713957714,1230,1730,1830,1860
2026-03-24,2155.704345703125,0.005713742098458985,1,0,0.48948956155811285,0.5105104384418871,0.5105104384418871,1.0,0.01,0.25009558713957714,1230,1730,1830,1860
2026-03-25,2168.021484375,-0.050019391420208725,0,0,0.49077605393232465,0.5092239460676753,0.5092239460676753,1.0,0.01,0.25009558713957714,1230,1730,1830,1860
2026-03-26,2059.578369140625,-0.03316523299517671,0,1,0.5088275884782983,0.49117241152170166,0.5088275884782983,1.0,0.01,0.25009558713957714,1230,1730,1830,1860
2026-03-27,1991.27197265625,0.0007144214559386963,1,1,0.5067348053363989,0.4932651946636011,0.5067348053363989,1.0,0.01,0.25009558713957714,1230,1730,1830,1860
2026-03-28,1992.694580078125,-0.005086021609450597,0,0,0.49041334316442464,0.5095866568355754,0.5095866568355754,1.0,0.01,0.25009558713957714,1230,1730,1830,1860
2026-03-29,1982.5596923828125,0.020657738756954647,1,0,0.49739308126952714,0.5026069187304729,0.5026069187304729,1.0,0.01,0.25009558713957714,1230,1730,1830,1860
2026-03-30,2023.514892578125,0.040124913175980215,1,0,0.4941966686717363,0.5058033313282637,0.5058033313282637,1.0,0.01,0.25009558713957714,1230,1730,1830,1860
2026-03-31,2104.708251953125,0.016167945634351977,1,0,0.4764245200648924,0.5235754799351076,0.5235754799351076,1.0,0.01,0.25009558713957714,1230,1730,1830,1860
2026-04-01,2138.737060546875,-0.038286390129433245,0,0,0.48336202802953465,0.5166379719704653,0.5166379719704653,1.0,0.01,0.25009558713957714,1230,1730,1830,1860
2026-04-02,2056.8525390625,-0.001685723740716183,0,1,0.50587944337814,0.49412055662186005,0.50587944337814,1.0,0.01,0.25009558713957714,1230,1730,1830,1860
2026-04-03,2053.38525390625,0.005827600335098326,1,0,0.49081435736226137,0.5091856426377386,0.5091856426377386,1.0,0.01,0.25009558713957714,1230,1730,1830,1860
2026-04-04,2065.3515625,0.021131532161972943,1,1,0.501023335169488,0.49897666483051195,0.501023335169488,1.0,0.01,0.24941023432019016,1260,1760,1860,1890
2026-04-05,2108.99560546875,-0.0005851746946151648,0,1,0.501283448189993,0.49871655181000696,0.501283448189993,1.0,0.01,0.24941023432019016,1260,1760,1860,1890
2026-04-06,2107.761474609375,0.06359598447469827,1,1,0.5065365376088273,0.49346346239117267,0.5065365376088273,1.0,0.01,0.24941023432019016,1260,1760,1860,1890
2026-04-07,2241.806640625,-0.022959692630716844,0,0,0.4868286540274192,0.5131713459725809,0.5131713459725809,1.0,0.01,0.24941023432019016,1260,1760,1860,1890
2026-04-08,2190.33544921875,-0.0005439378020498653,0,1,0.5042096131069795,0.49579038689302046,0.5042096131069795,1.0,0.01,0.24941023432019016,1260,1760,1860,1890
2026-04-09,2189.14404296875,0.025582893392399164,1,1,0.5028060590531177,0.4971939409468823,0.5028060590531177,1.0,0.01,0.24941023432019016,1260,1760,1860,1890
2026-04-10,2245.148681640625,0.017923737259448957,1,0,0.497629510505739,0.502370489494261,0.502370489494261,1.0,0.01,0.24941023432019016,1260,1760,1860,1890
2026-04-11,2285.39013671875,-0.04077595476873197,0,0,0.4995596245589312,0.5004403754410688,0.5004403754410688,1.0,0.01,0.24941023432019016,1260,1760,1860,1890
2026-04-12,2192.201171875,0.08143124552858283,1,1,0.5119522337402957,0.48804776625970425,0.5119522337402957,1.0,0.01,0.24941023432019016,1260,1760,1860,1890
2026-04-13,2370.71484375,-0.01999660571788242,0,0,0.47792224423157387,0.5220777557684262,0.5220777557684262,1.0,0.01,0.24941023432019016,1260,1760,1860,1890
2026-04-14,2323.30859375,0.015550417222206292,1,0,0.4998449595603527,0.5001550404396473,0.5001550404396473,1.0,0.01,0.24941023432019016,1260,1760,1860,1890
2026-04-15,2359.43701171875,-0.004573969185826421,0,0,0.4920751648933581,0.5079248351066419,0.5079248351066419,1.0,0.01,0.24941023432019016,1260,1760,1860,1890
2026-04-16,2348.64501953125,0.030837677558848364,1,0,0.49838574085580895,0.501614259144191,0.501614259144191,1.0,0.01,0.24941023432019016,1260,1760,1860,1890
2026-04-17,2421.07177734375,-0.02890091572709097,0,0,0.4905662794191543,0.5094337205808457,0.5094337205808457,1.0,0.01,0.24941023432019016,1260,1760,1860,1890
2026-04-18,2351.1005859375,-0.036656702084753356,0,1,0.5013535169257033,0.4986464830742967,0.5013535169257033,1.0,0.01,0.24941023432019016,1260,1760,1860,1890
2026-04-19,2264.9169921875,0.022206292914811687,1,1,0.5059245300307806,0.49407546996921936,0.5059245300307806,1.0,0.01,0.24941023432019016,1260,1760,1860,1890
2026-04-20,2315.21240234375,0.005510533991485822,1,0,0.49649286755407546,0.5035071324459246,0.5035071324459246,1.0,0.01,0.24941023432019016,1260,1760,1860,1890
2026-04-21,2327.970458984375,0.020669366999717997,1,0,0.4988521944721625,0.5011478055278376,0.5011478055278376,1.0,0.01,0.24941023432019016,1260,1760,1860,1890
2026-04-22,2376.088134765625,-0.018759497216376042,0,0,0.4980761311940398,0.5019238688059602,0.5019238688059602,1.0,0.01,0.24941023432019016,1260,1760,1860,1890
2026-04-23,2331.513916015625,-0.006786890852357175,0,1,0.5054669332659398,0.49453306673406017,0.5054669332659398,1.0,0.01,0.24941023432019016,1260,1760,1860,1890
2026-04-24,2315.690185546875,0.0013554991229898228,1,1,0.5029056780479443,0.4970943219520557,0.5029056780479443,1.0,0.01,0.24941023432019016,1260,1760,1860,1890
2026-04-25,2318.8291015625,0.021950691540593592,1,0,0.4997395041456592,0.5002604958543408,0.5002604958543408,1.0,0.01,0.24941023432019016,1260,1760,1860,1890
2026-04-26,2369.72900390625,-0.028131925191703266,0,1,0.5015514745280544,0.4984485254719456,0.5015514745280544,1.0,0.01,0.24941023432019016,1260,1760,1860,1890
2026-04-27,2303.06396484375,-0.0059244064939814045,0,1,0.5130745982413211,0.48692540175867893,0.5130745982413211,1.0,0.01,0.24941023432019016,1260,1760,1860,1890
2026-04-28,2289.419677734375,-0.01572621507544203,0,1,0.5061633575771326,0.4938366424228674,0.5061633575771326,1.0,0.01,0.24941023432019016,1260,1760,1860,1890
2026-04-29,2253.415771484375,0.0012582894176169646,1,1,0.5133386971322322,0.48666130286776776,0.5133386971322322,1.0,0.01,0.24941023432019016,1260,1760,1860,1890
2026-04-30,2256.251220703125,0.017215516135995923,1,1,0.5052117271386959,0.4947882728613041,0.5052117271386959,1.0,0.01,0.24941023432019016,1260,1760,1860,1890
2026-05-01,2295.09375,0.009210161281538065,1,1,0.5024153425115013,0.49758465748849867,0.5024153425115013,1.0,0.01,0.24941023432019016,1260,1760,1860,1890
2026-05-02,2316.23193359375,0.002333017050397679,1,1,0.5026008749016685,0.4973991250983315,0.5026008749016685,1.0,0.01,0.24941023432019016,1260,1760,1860,1890
2026-05-03,2321.6357421875,0.01066542438971041,1,1,0.5113874993072035,0.4886125006927965,0.5113874993072035,1.0,0.01,0.24941023432019016,1260,1760,1860,1890
2026-05-04,2346.39697265625,0.006301424994813232,1,1,0.5173312957249577,0.48266870427504227,0.5173312957249577,1.0,0.01,0.24897059603562863,1290,1790,1890,1920
2026-05-05,2361.1826171875,-0.004396362720448854,0,1,0.5164989778305171,0.4835010221694829,0.5164989778305171,1.0,0.01,0.24897059603562863,1290,1790,1890,1920
2026-05-06,2350.802001953125,-0.025393178961011564,0,1,0.5198369042440236,0.4801630957559764,0.5198369042440236,1.0,0.01,0.24897059603562863,1290,1790,1890,1920
2026-05-07,2291.107666015625,0.00692438080865676,1,1,0.5223773679176861,0.4776226320823139,0.5223773679176861,1.0,0.01,0.24897059603562863,1290,1790,1890,1920
2026-05-08,2306.97216796875,0.008563227258402195,1,1,0.5175670873963208,0.48243291260367915,0.5175670873963208,1.0,0.01,0.24897059603562863,1290,1790,1890,1920
2026-05-09,2326.727294921875,0.018187198165845242,1,1,0.5164556895554734,0.4835443104445266,0.5164556895554734,1.0,0.01,0.24897059603562863,1290,1790,1890,1920
2026-05-10,2369.0439453125,-0.012529571487047475,0,1,0.5169042113839069,0.48309578861609315,0.5169042113839069,1.0,0.01,0.24897059603562863,1290,1790,1890,1920
2026-05-11,2339.36083984375,-0.027664515902802167,0,1,0.5212831871399133,0.4787168128600867,0.5212831871399133,1.0,0.01,0.24897059603562863,1290,1790,1890,1920
2026-05-12,2274.6435546875,-0.007503214574742345,0,1,0.5241638312782128,0.47583616872178724,0.5241638312782128,1.0,0.01,0.24897059603562863,1290,1790,1890,1920
2026-05-13,2257.576416015625,0.010346670115700896,1,1,0.5216092899450216,0.47839071005497835,0.5216092899450216,1.0,0.01,0.24897059603562863,1290,1790,1890,1920
2026-05-14,2280.934814453125,-0.02525541574718848,0,1,0.5193951803600638,0.4806048196399362,0.5193951803600638,1.0,0.01,0.24897059603562863,1290,1790,1890,1920
2026-05-15,2223.328857421875,-0.01959984648757984,0,1,0.5244953487597032,0.47550465124029684,0.5244953487597032,1.0,0.01,0.24897059603562863,1290,1790,1890,1920
2026-05-16,2179.751953125,-0.023904871092521485,0,1,0.5224599782254488,0.47754002177455124,0.5224599782254488,1.0,0.01,0.24897059603562863,1290,1790,1890,1920
2026-05-17,2127.645263671875,0.000409302069402262,1,1,0.5258787605572981,0.4741212394427019,0.5258787605572981,1.0,0.01,0.24897059603562863,1290,1790,1890,1920
2026-05-18,2128.51611328125,-0.008716046816836354,0,1,0.5240572622560612,0.4759427377439388,0.5240572622560612,1.0,0.01,0.24897059603562863,1290,1790,1890,1920
2026-05-19,2109.9638671875,0.008066266685735402,1,1,0.5217553130712204,0.47824468692877964,0.5217553130712204,1.0,0.01,0.24897059603562863,1290,1790,1890,1920
2026-05-20,2126.9833984375,0.0020814671600175583,1,1,0.5206110180153497,0.4793889819846503,0.5206110180153497,1.0,0.01,0.24897059603562863,1290,1790,1890,1920
2026-05-21,2131.41064453125,-0.031328398313085315,0,1,0.5225358512938175,0.4774641487061825,0.5225358512938175,1.0,0.01,0.24897059603562863,1290,1790,1890,1920
2026-05-22,2064.636962890625,0.024853983556100134,1,1,0.5264175241598169,0.4735824758401831,0.5264175241598169,1.0,0.01,0.24897059603562863,1290,1790,1890,1920
2026-05-23,2115.951416015625,-0.0084867352791419,0,1,0.5168337463893465,0.48316625361065346,0.5168337463893465,1.0,0.01,0.24897059603562863,1290,1790,1890,1920
2026-05-24,2097.993896484375,0.00637583591933466,1,1,0.5188974925302218,0.48110250746977823,0.5188974925302218,1.0,0.01,0.24897059603562863,1290,1790,1890,1920
2026-05-25,2111.370361328125,-0.019187636510046735,0,1,0.5185888213630283,0.4814111786369717,0.5185888213630283,1.0,0.01,0.24897059603562863,1290,1790,1890,1920
2026-05-26,2070.858154296875,-0.02349746263809005,0,1,0.5240585934510632,0.4759414065489368,0.5240585934510632,1.0,0.01,0.24897059603562863,1290,1790,1890,1920
2026-05-27,2022.1982421875,-0.007242369965002715,0,1,0.5239506201963653,0.4760493798036347,0.5239506201963653,1.0,0.01,0.24897059603562863,1290,1790,1890,1920
2026-05-28,2007.552734375,0.002204565376648926,1,1,0.5227819542722254,0.4772180457277746,0.5227819542722254,1.0,0.01,0.24897059603562863,1290,1790,1890,1920
2026-05-29,2011.978515625,0.0037176024843394995,1,1,0.5201894641915631,0.4798105358084369,0.5201894641915631,1.0,0.01,0.24897059603562863,1290,1790,1890,1920
2026-05-30,2019.458251953125,-0.007485522022616653,0,1,0.5200935862362662,0.4799064137637338,0.5200935862362662,1.0,0.01,0.24897059603562863,1290,1790,1890,1920
2026-05-31,2004.341552734375,-0.0005589672711203697,0,1,0.525302122836039,0.47469787716396095,0.525302122836039,1.0,0.01,0.24897059603562863,1290,1790,1890,1920
2026-06-01,2003.22119140625,-0.0726354550544448,0,1,0.5258292038168999,0.4741707961831001,0.5258292038168999,1.0,0.01,0.24897059603562863,1290,1790,1890,1920
2026-06-02,1857.71630859375,-0.024752976854615305,0,1,0.5317182585458393,0.4682817414541607,0.5317182585458393,1.0,0.01,0.24897059603562863,1290,1790,1890,1920
2026-06-03,1811.7322998046875,-0.023265983281846703,0,1,0.5115048279333189,0.48849517206668114,0.5115048279333189,1.0,0.01,0.24976856910243136,1320,1820,1920,1950
2026-06-04,1769.58056640625,-0.10664658628443302,0,1,0.5120910909090937,0.48790890909090634,0.5120910909090937,1.0,0.01,0.24976856910243136,1320,1820,1920,1950
2026-06-05,1580.86083984375,-0.00764971801669323,0,1,0.5181027723441827,0.48189722765581733,0.5181027723441827,1.0,0.01,0.24976856910243136,1320,1820,1920,1950
2026-06-06,1568.7677001953125,0.0749814902642485,1,1,0.5099825653225888,0.4900174346774112,0.5099825653225888,1.0,0.01,0.24976856910243136,1320,1820,1920,1950
2026-06-07,1686.396240234375,0.0022250520052251588,1,0,0.49704487792726526,0.5029551220727347,0.5029551220727347,1.0,0.01,0.24976856910243136,1320,1820,1920,1950
2026-06-08,1690.1485595703125,-0.031027979306495035,0,1,0.5050481514130049,0.49495184858699515,0.5050481514130049,1.0,0.01,0.24976856910243136,1320,1820,1920,1950
2026-06-09,1637.7066650390625,-0.010727787888769158,0,1,0.5078037345135508,0.49219626548644924,0.5078037345135508,1.0,0.01,0.24976856910243136,1320,1820,1920,1950
2026-06-10,1620.1376953125,0.032184267106926345,1,1,0.5044900932755245,0.4955099067244755,0.5044900932755245,1.0,0.01,0.24976856910243136,1320,1820,1920,1950
2026-06-11,1672.2806396484375,-0.0042772916588651455,0,0,0.4986272565596357,0.5013727434403643,0.5013727434403643,1.0,0.01,0.24976856910243136,1320,1820,1920,1950
2026-06-12,1665.1278076171875,0.009060440840140016,1,1,0.5045488305890636,0.49545116941093637,0.5045488305890636,1.0,0.01,0.24976856910243136,1320,1820,1920,1950
2026-06-13,1680.214599609375,0.026424411293025862,1,1,0.5024733862734365,0.4975266137265635,0.5024733862734365,1.0,0.01,0.24976856910243136,1320,1820,1920,1950
2026-06-14,1724.61328125,0.0407905361482761,1,1,0.5047643829438035,0.49523561705619645,0.5047643829438035,1.0,0.01,0.24976856910243136,1320,1820,1920,1950
2026-06-15,1794.961181640625,-0.002542109728010611,0,1,0.5034812241618721,0.49651877583812787,0.5034812241618721,1.0,0.01,0.24976856910243136,1320,1820,1920,1950
2026-06-16,1790.398193359375,-0.023744826972111888,0,1,0.5059719675231951,0.49402803247680493,0.5059719675231951,1.0,0.01,0.24976856910243136,1320,1820,1920,1950
2026-06-17,1747.885498046875,-0.021941969782405923,0,1,0.5083118227517308,0.4916881772482692,0.5083118227517308,1.0,0.01,0.24976856910243136,1320,1820,1920,1950
2026-06-18,1709.533447265625,0.0008475848259608121,1,1,0.508223617217385,0.49177638278261504,0.508223617217385,1.0,0.01,0.24976856910243136,1320,1820,1920,1950
2026-06-19,1710.982421875,0.01655129203228678,1,1,0.5072015033320078,0.49279849666799225,0.5072015033320078,1.0,0.01,0.24976856910243136,1320,1820,1920,1950
2026-06-20,1739.3013916015625,-0.019962512168946955,0,1,0.5071363116515176,0.4928636883484824,0.5071363116515176,1.0,0.01,0.24976856910243136,1320,1820,1920,1950
2026-06-21,1704.58056640625,0.012865509723484658,1,1,0.5111581142901775,0.48884188570982245,0.5111581142901775,1.0,0.01,0.24976856910243136,1320,1820,1920,1950
2026-06-22,1726.5108642578125,-0.03537429039344153,0,1,0.510018020086512,0.489981979913488,0.510018020086512,1.0,0.01,0.24976856910243136,1320,1820,1920,1950
2026-06-23,1665.436767578125,-0.027327270363134648,0,1,0.5125500637743994,0.4874499362256006,0.5125500637743994,1.0,0.01,0.24976856910243136,1320,1820,1920,1950
2026-06-24,1619.9249267578125,-0.034019031040829484,0,1,0.5135872684550383,0.4864127315449617,0.5135872684550383,1.0,0.01,0.24976856910243136,1320,1820,1920,1950
2026-06-25,1564.816650390625,0.007540460713794772,1,1,0.5129051056412984,0.48709489435870157,0.5129051056412984,1.0,0.01,0.24976856910243136,1320,1820,1920,1950
2026-06-26,1576.6160888671875,-0.0031890021082193742,0,1,0.5082116211245421,0.4917883788754579,0.5082116211245421,1.0,0.01,0.24976856910243136,1320,1820,1920,1950
2026-06-27,1571.5882568359375,-0.0007807711567662245,0,1,0.50757101545348,0.49242898454651995,0.50757101545348,1.0,0.01,0.24976856910243136,1320,1820,1920,1950
2026-06-28,1570.3612060546875,0.025372891496913352,1,1,0.5091850351024811,0.49081496489751886,0.5091850351024811,1.0,0.01,0.24976856910243136,1320,1820,1920,1950
2026-06-29,1610.205810546875,-0.02522779881684256,0,1,0.506462144861885,0.493537855138115,0.506462144861885,1.0,0.01,0.24976856910243136,1320,1820,1920,1950
2026-06-30,1569.5838623046875,0.025087433682497773,1,1,0.5088773050453909,0.49112269495460914,0.5088773050453909,1.0,0.01,0.24976856910243136,1320,1820,1920,1950
2026-07-01,1608.960693359375,0.05544494691670465,1,1,0.5023113006037744,0.4976886993962256,0.5023113006037744,1.0,0.01,0.24976856910243136,1320,1820,1920,1950
2026-07-02,1698.16943359375,0.03436008328131357,1,0,0.4966101168997184,0.5033898831002817,0.5033898831002817,1.0,0.01,0.24976856910243136,1320,1820,1920,1950
2026-07-03,1756.5186767578125,0.01281755925767869,1,0,0.4771280287964865,0.5228719712035135,0.5228719712035135,10.0,scale,0.2496536733262053,1350,1850,1950,1980
2026-07-04,1779.032958984375,0.0022332483728719765,1,0,0.4767162348201469,0.5232837651798531,0.5232837651798531,10.0,scale,0.2496536733262053,1350,1850,1950,1980
2026-07-05,1783.0059814453125,0.008170330988810814,1,0,0.4985187931530188,0.5014812068469812,0.5014812068469812,10.0,scale,0.2496536733262053,1350,1850,1950,1980
2026-07-06,1797.57373046875,-0.0161674903047212,0,0,0.48665174206598966,0.5133482579340103,0.5133482579340103,10.0,scale,0.2496536733262053,1350,1850,1950,1980
2026-07-07,1768.511474609375,-0.014607687128744051,0,0,0.49695647327445724,0.5030435267255428,0.5030435267255428,10.0,scale,0.2496536733262053,1350,1850,1950,1980
2026-07-08,1742.6776123046875,0.0010369140127690635,1,1,0.5054555476026488,0.49454445239735123,0.5054555476026488,10.0,scale,0.2496536733262053,1350,1850,1950,1980
2026-07-09,1744.484619140625,0.0293545827817554,1,1,0.5019483565431417,0.49805164345685826,0.5019483565431417,10.0,scale,0.2496536733262053,1350,1850,1950,1980
2026-07-10,1795.6932373046875,-0.004228800204808647,0,0,0.4869843891521032,0.5130156108478968,0.5130156108478968,10.0,scale,0.2496536733262053,1350,1850,1950,1980
2026-07-11,1788.099609375,0.009892332882217136,1,1,0.500729766651592,0.49927023334840803,0.500729766651592,10.0,scale,0.2496536733262053,1350,1850,1950,1980
2026-07-12,1805.7880859375,-0.017879923877591963,0,0,0.4973435687022786,0.5026564312977214,0.5026564312977214,10.0,scale,0.2496536733262053,1350,1850,1950,1980
2026-07-13,1773.500732421875,0.06539558955703528,1,0,0.4966177064848223,0.5033822935151777,0.5033822935151777,10.0,scale,0.2496536733262053,1350,1850,1950,1980
2026-07-14,1889.4798583984373,0.014535146837066026,1,0,0.4834078859838929,0.5165921140161072,0.5165921140161072,10.0,scale,0.2496536733262053,1350,1850,1950,1980
2026-07-15,1916.9437255859373,-0.028039616131406153,0,0,0.4974241471441408,0.5025758528558593,0.5025758528558593,10.0,scale,0.2496536733262053,1350,1850,1950,1980
2026-07-16,1863.193359375,-0.01191781845055584,0,1,0.5080230516199676,0.49197694838003236,0.5080230516199676,10.0,scale,0.2496536733262053,1350,1850,1950,1980
2026-07-17,1840.9881591796875,0.011083140628755705,1,0,0.47362810490985446,0.5263718950901455,0.5263718950901455,10.0,scale,0.2496536733262053,1350,1850,1950,1980
2026-07-18,1861.39208984375,0.00543488668149128,1,0,0.4535550917146953,0.5464449082853047,0.5464449082853047,10.0,scale,0.2496536733262053,1350,1850,1950,1980
2026-07-19,1871.508544921875,0.017232283709548213,1,0,0.4793679230784379,0.5206320769215621,0.5206320769215621,10.0,scale,0.2496536733262053,1350,1850,1950,1980
2026-07-20,1903.7589111328125,0.012934872050072155,1,0,0.4832333784352762,0.5167666215647237,0.5167666215647237,10.0,scale,0.2496536733262053,1350,1850,1950,1980
2026-07-21,1928.3837890625,0.002647980796742777,1,0,0.47843891748137324,0.5215610825186268,0.5215610825186268,10.0,scale,0.2496536733262053,1350,1850,1950,1980
2026-07-22,1933.4901123046875,-0.029164820765961497,0,0,0.48333904814633705,0.5166609518536629,0.5166609518536629,10.0,scale,0.2496536733262053,1350,1850,1950,1980
2026-07-23,1877.1002197265625,-0.009015747660254259,0,0,0.488451094485811,0.5115489055141891,0.5115489055141891,10.0,scale,0.2496536733262053,1350,1850,1950,1980
2026-07-24,1860.1767578125,0.007013126167760619,1,0,0.479073257845637,0.5209267421543631,0.5209267421543631,10.0,scale,0.2496536733262053,1350,1850,1950,1980
2026-07-25,1873.222412109375,0.04280796677162302,1,0,0.45611534234498213,0.5438846576550178,0.5438846576550178,10.0,scale,0.2496536733262053,1350,1850,1950,1980
2026-07-26,1953.4112548828125,-0.03214772584893022,0,0,0.47257657794212593,0.5274234220578741,0.5274234220578741,10.0,scale,0.2496536733262053,1350,1850,1950,1980
2026-07-27,1890.613525390625,0.015516106567279087,1,1,0.5011392454144235,0.49886075458557655,0.5011392454144235,10.0,scale,0.2496536733262053,1350,1850,1950,1980
2026-07-28,1919.948486328125,-0.005952994802081224,0,0,0.46405136139563286,0.5359486386043671,0.5359486386043671,10.0,scale,0.2496536733262053,1350,1850,1950,1980
2026-07-29,1908.51904296875,0.004639137276914562,1,0,0.46580883298561987,0.5341911670143802,0.5341911670143802,10.0,scale,0.2496536733262053,1350,1850,1950,1980
2026-07-30,1917.3729248046875,-0.029742246175126108,0,0,0.4623044431305555,0.5376955568694445,0.5376955568694445,10.0,scale,0.2496536733262053,1350,1850,1950,1980
2026-07-31,1860.345947265625,-0.009099502531306869,0,0,0.49303800889388333,0.5069619911061167,0.5069619911061167,10.0,scale,0.2496536733262053,1350,1850,1950,1980
2026-08-01,1843.417724609375,0.021212906616248084,1,0,0.4555055574066756,0.5444944425933245,0.5444944425933245,10.0,scale,0.2496536733262053,1350,1850,1950,1980
2026-08-02,1882.52197265625,-0.012889890945309235,0,1,0.5126896678241345,0.4873103321758655,0.5126896678241345,1.0,0.01,0.2516687320631588,1380,1880,1980,2010
2026-08-03,1858.2564697265625,0.005451020726294331,1,1,0.5069402973333617,0.49305970266663834,0.5069402973333617,1.0,0.01,0.2516687320631588,1380,1880,1980,2010
2026-08-04,1868.3858642578125,0.020413415370117205,1,1,0.5107517890755692,0.4892482109244308,0.5107517890755692,1.0,0.01,0.2516687320631588,1380,1880,1980,2010
2026-08-05,1906.5260009765625,-0.0023437948693519894,0,1,0.5137215530295989,0.4862784469704011,0.5137215530295989,1.0,0.01,0.2516687320631588,1380,1880,1980,2010
2026-08-06,1902.0574951171875,0.005899886757857242,1,1,0.5110185575306884,0.48898144246931163,0.5110185575306884,1.0,0.01,0.2516687320631588,1380,1880,1980,2010
2026-08-07,1913.2794189453125,0.0011778415723013858,1,1,0.5099152021405987,0.4900847978594013,0.5099152021405987,1.0,0.01,0.2516687320631588,1380,1880,1980,2010
2026-08-08,1915.532958984375,-0.0035761429707763526,0,1,0.5130117498097653,0.48698825019023473,0.5130117498097653,1.0,0.01,0.2516687320631588,1380,1880,1980,2010
2026-08-09,1908.6827392578125,-0.01959678890841743,0,1,0.5085051271274298,0.4914948728725702,0.5085051271274298,1.0,0.01,0.2516687320631588,1380,1880,1980,2010
2026-08-10,1871.2786865234373,0.0053946259878412395,1,1,0.5035104393255492,0.4964895606744508,0.5035104393255492,1.0,0.01,0.2516687320631588,1380,1880,1980,2010
2026-08-11,1881.37353515625,-0.0017213622548145624,0,1,0.5104116187296451,0.48958838127035487,0.5104116187296451,1.0,0.01,0.2516687320631588,1380,1880,1980,2010
2026-08-12,1878.135009765625,0.0031181588180491104,1,1,0.5076553939482853,0.4923446060517147,0.5076553939482853,1.0,0.01,0.2516687320631588,1380,1880,1980,2010
2026-08-13,1883.9913330078125,-0.0017735265206425543,0,1,0.5085777814095114,0.4914222185904886,0.5085777814095114,1.0,0.01,0.2516687320631588,1380,1880,1980,2010
2026-08-14,1880.6500244140625,0.00013734654395913815,1,1,0.5065853706846166,0.4934146293153834,0.5065853706846166,1.0,0.01,0.2516687320631588,1380,1880,1980,2010
2026-08-15,1880.9083251953125,-0.0037031746512827812,0,1,0.5073778656674943,0.4926221343325057,0.5073778656674943,1.0,0.01,0.2516687320631588,1380,1880,1980,2010
2026-08-16,1873.9429931640625,0.020416392287813778,1,1,0.5053151866628088,0.49468481333719116,0.5053151866628088,1.0,0.01,0.2516687320631588,1380,1880,1980,2010
2026-08-17,1912.2021484375,0.002226462454579581,1,1,0.5055276726159517,0.49447232738404834,0.5055276726159517,1.0,0.01,0.2516687320631588,1380,1880,1980,2010
2026-08-18,1916.4595947265625,0.17480066577335518,1,1,0.5065840162292561,0.4934159837707439,0.5065840162292561,1.0,0.01,0.2516687320631588,1380,1880,1980,2010
2026-08-19,2251.4580078125,0.03327921620234808,1,1,0.5233412924717435,0.47665870752825645,0.5233412924717435,1.0,0.01,0.2516687320631588,1380,1880,1980,2010
2026-08-20,2326.384765625,0.081197648577922,1,1,0.5248338093636733,0.4751661906363267,0.5248338093636733,1.0,0.01,0.2516687320631588,1380,1880,1980,2010
2026-08-21,2515.28173828125,-0.03619098258166831,0,1,0.5269586787666276,0.4730413212333724,0.5269586787666276,1.0,0.01,0.2516687320631588,1380,1880,1980,2010
2026-08-22,2424.251220703125,0.016320378402923774,1,1,0.5243072861523552,0.4756927138476448,0.5243072861523552,1.0,0.01,0.2516687320631588,1380,1880,1980,2010
2026-08-23,2463.81591796875,0.007311983305241299,1,1,0.5307099779481678,0.46929002205183223,0.5307099779481678,1.0,0.01,0.2516687320631588,1380,1880,1980,2010
2026-08-24,2481.831298828125,-0.015581991821224994,0,1,0.5285379690331116,0.47146203096688843,0.5285379690331116,1.0,0.01,0.2516687320631588,1380,1880,1980,2010
2026-08-25,2443.159423828125,0.025827853018747238,1,1,0.5261465408588971,0.4738534591411029,0.5261465408588971,1.0,0.01,0.2516687320631588,1380,1880,1980,2010
2026-08-26,2506.260986328125,0.0016555218887852607,1,1,0.5254864782731019,0.4745135217268981,0.5254864782731019,1.0,0.01,0.2516687320631588,1380,1880,1980,2010
2026-08-27,2510.41015625,-0.02703712276224779,0,1,0.5199000598145417,0.4800999401854583,0.5199000598145417,1.0,0.01,0.2516687320631588,1380,1880,1980,2010
2026-08-28,2442.535888671875,0.006202729996830358,1,1,0.5116777929391889,0.4883222070608111,0.5116777929391889,1.0,0.01,0.2516687320631588,1380,1880,1980,2010
2026-08-29,2457.686279296875,-0.0161727552163905,0,1,0.5188109911798414,0.4811890088201586,0.5188109911798414,1.0,0.01,0.2516687320631588,1380,1880,1980,2010
2026-08-30,2417.938720703125,0.020216224413934114,1,1,0.5102655360104195,0.48973446398958054,0.5102655360104195,1.0,0.01,0.2516687320631588,1380,1880,1980,2010
2026-08-31,2466.8203125,-0.01985481927329269,0,1,0.5181356131562982,0.4818643868437018,0.5181356131562982,1.0,0.01,0.2516687320631588,1380,1880,1980,2010
