timestamp,close,future_return_1d,y_true,prediction,prob_positive,prob_negative,confidence,selected_C,selected_gamma,validation_brier,fold_start,train_end,validation_end,test_end
2022-10-22,52.180171966552734,0.033924667945880005,1,1,0.5750719360780503,0.4249280639219497,0.5750719360780503,1.0,0.01,0.2507491374656829,0,500,600,630
2022-10-23,53.95036697387695,-0.025599873857764077,0,1,0.5116746287552635,0.4883253712447365,0.5116746287552635,1.0,0.01,0.2507491374656829,0,500,600,630
2022-10-24,52.569244384765625,0.06574014463113365,1,1,0.5936192816392905,0.40638071836070955,0.5936192816392905,1.0,0.01,0.2507491374656829,0,500,600,630
2022-10-25,56.02515411376953,0.006542128236389777,1,0,0.4277258858308449,0.5722741141691551,0.5722741141691551,1.0,0.01,0.2507491374656829,0,500,600,630
2022-10-26,56.39167785644531,-0.02809046225530587,0,1,0.5371098680362728,0.4628901319637272,0.5371098680362728,1.0,0.01,0.2507491374656829,0,500,600,630
2022-10-27,54.80760955810547,0.003581419880972936,1,1,0.6071236196987397,0.39287638030126026,0.6071236196987397,1.0,0.01,0.2507491374656829,0,500,600,630
2022-10-28,55.00389862060547,0.02713042330012838,1,1,0.5789453975508893,0.42105460244911075,0.5789453975508893,1.0,0.01,0.2507491374656829,0,500,600,630
2022-10-29,56.49617767333984,-0.019587601300568802,0,0,0.49193533981860066,0.5080646601813994,0.5080646601813994,1.0,0.01,0.2507491374656829,0,500,600,630
2022-10-30,55.38955307006836,-0.005508594019616564,0,1,0.5974431676162236,0.4025568323837764,0.5974431676162236,1.0,0.01,0.2507491374656829,0,500,600,630
2022-10-31,55.084434509277344,0.0007761743827274792,1,1,0.5662694450973289,0.4337305549026711,0.5662694450973289,1.0,0.01,0.2507491374656829,0,500,600,630
2022-11-01,55.12718963623047,0.09852267573586326,1,0,0.35438959338966813,0.6456104066103319,0.6456104066103319,1.0,0.01,0.2507491374656829,0,500,600,630
2022-11-02,60.55846786499024,0.02250463762640198,1,0,0.2628801776274674,0.7371198223725326,0.7371198223725326,1.0,0.01,0.2507491374656829,0,500,600,630
2022-11-03,61.92131423950195,0.0916531180637914,1,0,0.4504911434522885,0.5495088565477115,0.5495088565477115,1.0,0.01,0.2507491374656829,0,500,600,630
2022-11-04,67.59659576416016,0.031430625277298896,1,0,0.2494425807230026,0.7505574192769974,0.7505574192769974,1.0,0.01,0.2507491374656829,0,500,600,630
2022-11-05,69.72119903564453,-0.023452653100394905,0,0,0.38905086627167423,0.6109491337283257,0.6109491337283257,1.0,0.01,0.2507491374656829,0,500,600,630
2022-11-06,68.08605194091797,-0.006371121140049341,0,0,0.49490134211120335,0.5050986578887966,0.5050986578887966,1.0,0.01,0.2507491374656829,0,500,600,630
2022-11-07,67.65226745605469,-0.1516647423719325,0,0,0.3540119035053863,0.6459880964946136,0.6459880964946136,1.0,0.01,0.2507491374656829,0,500,600,630
2022-11-08,57.39180374145508,-0.11732035477497149,0,1,0.7069405234757783,0.2930594765242217,0.7069405234757783,1.0,0.01,0.2507491374656829,0,500,600,630
2022-11-09,50.65857696533203,0.19152682690050082,1,0,0.35391300478603444,0.6460869952139656,0.6460869952139656,1.0,0.01,0.2507491374656829,0,500,600,630
2022-11-10,60.36105346679688,0.01459930451875735,1,0,0.22443668502100483,0.7755633149789951,0.7755633149789951,1.0,0.01,0.2507491374656829,0,500,600,630
2022-11-11,61.24228286743164,-0.022643345890511535,0,0,0.3162024575810869,0.6837975424189131,0.6837975424189131,1.0,0.01,0.2507491374656829,0,500,600,630
2022-11-12,59.85555267333984,-0.039568220152810696,0,0,0.33514236832128774,0.6648576316787123,0.6648576316787123,1.0,0.01,0.2507491374656829,0,500,600,630
2022-11-13,57.48717498779297,-0.016368436775833772,0,0,0.42485276393496063,0.5751472360650394,0.5751472360650394,1.0,0.01,0.2507491374656829,0,500,600,630
2022-11-14,56.546199798583984,0.025838400992711064,1,0,0.44820351013856236,0.5517964898614376,0.5517964898614376,1.0,0.01,0.2507491374656829,0,500,600,630
2022-11-15,58.00726318359375,-0.008461714704789847,0,0,0.4339228344603556,0.5660771655396444,0.5660771655396444,1.0,0.01,0.2507491374656829,0,500,600,630
2022-11-16,57.51642227172852,0.08636999890897634,1,1,0.5703797565752112,0.4296202434247888,0.5703797565752112,1.0,0.01,0.2507491374656829,0,500,600,630
2022-11-17,62.48411560058594,0.0025550316865199374,1,0,0.28602845975667646,0.7139715402433235,0.7139715402433235,1.0,0.01,0.2507491374656829,0,500,600,630
2022-11-18,62.64376449584961,0.01865520881015459,1,0,0.44118098102643843,0.5588190189735616,0.5588190189735616,1.0,0.01,0.2507491374656829,0,500,600,630
2022-11-19,63.81239700317383,-0.028365492017981553,0,0,0.4156514734763102,0.5843485265236898,0.5843485265236898,1.0,0.01,0.2507491374656829,0,500,600,630
2022-11-20,62.00232696533203,-0.010142161048259157,0,1,0.5235937686821888,0.47640623131781124,0.5235937686821888,1.0,0.01,0.2507491374656829,0,500,600,630
2022-11-21,61.37348937988281,0.14777236086065915,1,1,0.5076390652785198,0.49236093472148024,0.5076390652785198,1.0,0.01,0.24876301990174343,30,530,630,660
2022-11-22,70.44279479980469,0.12147834124221624,1,0,0.36841142931237003,0.63158857068763,0.63158857068763,1.0,0.01,0.24876301990174343,30,530,630,660
2022-11-23,79.00006866455078,-0.0021509079406186737,0,0,0.43230852209556764,0.5676914779044324,0.5676914779044324,1.0,0.01,0.24876301990174343,30,530,630,660
2022-11-24,78.83014678955078,-0.06090622482137542,0,0,0.4045096235391597,0.5954903764608404,0.5954903764608404,1.0,0.01,0.24876301990174343,30,530,630,660
2022-11-25,74.02890014648438,0.031663230657038355,1,0,0.4304463369590369,0.5695536630409631,0.5695536630409631,1.0,0.01,0.24876301990174343,30,530,630,660
2022-11-26,76.37289428710938,-0.01739589872400038,0,0,0.40825417202695424,0.5917458279730458,0.5917458279730458,1.0,0.01,0.24876301990174343,30,530,630,660
2022-11-27,75.04431915283203,-0.012313992108138438,0,0,0.42663374985505825,0.5733662501449417,0.5733662501449417,1.0,0.01,0.24876301990174343,30,530,630,660
2022-11-28,74.12022399902344,0.025142237546842194,1,0,0.4357082293299869,0.5642917706700131,0.5642917706700131,1.0,0.01,0.24876301990174343,30,530,630,660
2022-11-29,75.98377227783203,0.043613711544283174,1,0,0.4154401438389704,0.5845598561610297,0.5845598561610297,1.0,0.01,0.24876301990174343,30,530,630,660
2022-11-30,79.2977066040039,-0.02244328756943259,0,0,0.4240445997192178,0.5759554002807822,0.5759554002807822,1.0,0.01,0.24876301990174343,30,530,630,660
2022-12-01,77.51800537109375,0.0055919822369896455,1,0,0.4580648820746408,0.5419351179253592,0.5419351179253592,1.0,0.01,0.24876301990174343,30,530,630,660
2022-12-02,77.95148468017578,-0.017364249524113973,0,0,0.45909928708466546,0.5409007129153345,0.5409007129153345,1.0,0.01,0.24876301990174343,30,530,630,660
2022-12-03,76.59791564941406,0.008046839780944781,1,0,0.4710873711567643,0.5289126288432358,0.5289126288432358,1.0,0.01,0.24876301990174343,30,530,630,660
2022-12-04,77.21428680419922,0.03949071950158056,1,0,0.4606111951402344,0.5393888048597656,0.5393888048597656,1.0,0.01,0.24876301990174343,30,530,630,660
2022-12-05,80.26353454589844,-0.004264896578064059,0,0,0.4133325039811009,0.5866674960188991,0.5866674960188991,1.0,0.01,0.24876301990174343,30,530,630,660
2022-12-06,79.92121887207031,-0.03610007948119376,0,0,0.46849618880100646,0.5315038111989936,0.5315038111989936,1.0,0.01,0.24876301990174343,30,530,630,660
2022-12-07,77.03605651855469,0.01757376003612854,1,0,0.4798126374022812,0.5201873625977188,0.5201873625977188,1.0,0.01,0.24876301990174343,30,530,630,660
2022-12-08,78.3898696899414,-0.026219018976386455,0,0,0.4742874607563488,0.5257125392436512,0.5257125392436512,1.0,0.01,0.24876301990174343,30,530,630,660
2022-12-09,76.33456420898438,0.0004772459142752261,1,1,0.5022397442343985,0.49776025576560146,0.5022397442343985,1.0,0.01,0.24876301990174343,30,530,630,660
2022-12-10,76.3709945678711,0.0033659007768054305,1,1,0.5060028974204104,0.4939971025795896,0.5060028974204104,1.0,0.01,0.24876301990174343,30,530,630,660
2022-12-11,76.6280517578125,-0.005305167610002326,0,1,0.5020525586179635,0.4979474413820365,0.5020525586179635,1.0,0.01,0.24876301990174343,30,530,630,660
2022-12-12,76.22152709960938,0.014732784358913564,1,0,0.4869354773277619,0.5130645226722381,0.5130645226722381,1.0,0.01,0.24876301990174343,30,530,630,660
2022-12-13,77.344482421875,-0.024159730179322825,0,0,0.4323621941192008,0.5676378058807992,0.5676378058807992,1.0,0.01,0.24876301990174343,30,530,630,660
2022-12-14,75.47586059570312,-0.04160785268274658,0,0,0.48623791395397997,0.51376208604602,0.51376208604602,1.0,0.01,0.24876301990174343,30,530,630,660
2022-12-15,72.3354721069336,-0.0830667782564466,0,0,0.49350571910407615,0.5064942808959239,0.5064942808959239,1.0,0.01,0.24876301990174343,30,530,630,660
2022-12-16,66.32679748535156,-0.020638894007605102,0,1,0.5081992126838091,0.4918007873161909,0.5081992126838091,1.0,0.01,0.24876301990174343,30,530,630,660
2022-12-17,64.9578857421875,-0.00621564546590625,0,1,0.5029067698467122,0.49709323015328777,0.5029067698467122,1.0,0.01,0.24876301990174343,30,530,630,660
2022-12-18,64.55413055419922,-0.018785783027757463,0,0,0.49831740559984783,0.5016825944001522,0.5016825944001522,1.0,0.01,0.24876301990174343,30,530,630,660
2022-12-19,63.3414306640625,0.03796808783313699,1,0,0.49062769300264214,0.5093723069973579,0.5093723069973579,1.0,0.01,0.24876301990174343,30,530,630,660
2022-12-20,65.74638366699219,-0.005399239455480709,0,1,0.5010883048550063,0.49891169514499367,0.5010883048550063,1.0,0.01,0.24876301990174343,30,530,630,660
2022-12-21,65.39140319824219,0.011626439070808958,1,1,0.5449089904869144,0.45509100951308556,0.5449089904869144,1.0,0.1,0.24964282016246753,60,560,660,690
2022-12-22,66.15167236328125,-0.0057360293920905026,0,1,0.5257868284892413,0.4742131715107587,0.5257868284892413,1.0,0.1,0.24964282016246753,60,560,660,690
2022-12-23,65.77222442626953,3.897506257177774e-05,1,1,0.5234406288009694,0.4765593711990306,0.5234406288009694,1.0,0.1,0.24964282016246753,60,560,660,690
2022-12-24,65.77478790283203,0.05217014781992324,1,1,0.5337329644504621,0.46626703554953786,0.5337329644504621,1.0,0.1,0.24964282016246753,60,560,660,690
2022-12-25,69.20626831054688,0.021363346328587163,1,1,0.5212686318411908,0.47873136815880923,0.5212686318411908,1.0,0.1,0.24964282016246753,60,560,660,690
2022-12-26,70.68474578857422,-0.027401049845592884,0,1,0.5101889385799023,0.48981106142009767,0.5101889385799023,1.0,0.1,0.24964282016246753,60,560,660,690
2022-12-27,68.74790954589844,-0.035038796234704406,0,0,0.49249133082835034,0.5075086691716497,0.5075086691716497,1.0,0.1,0.24964282016246753,60,560,660,690
2022-12-28,66.33906555175781,0.006210672240320347,1,1,0.5037260657967524,0.4962739342032476,0.5037260657967524,1.0,0.1,0.24964282016246753,60,560,660,690
2022-12-29,66.7510757446289,0.01862079457120469,1,1,0.5448741571212099,0.4551258428787901,0.5448741571212099,1.0,0.1,0.24964282016246753,60,560,660,690
2022-12-30,67.99403381347656,0.02944643661425328,1,1,0.5049200718405116,0.4950799281594884,0.5049200718405116,1.0,0.1,0.24964282016246753,60,560,660,690
2022-12-31,69.9962158203125,0.01170695786079401,1,0,0.4982004849435232,0.5017995150564768,0.5017995150564768,1.0,0.1,0.24964282016246753,60,560,660,690
2023-01-01,70.81565856933594,0.05715189157450751,1,0,0.43558092683160676,0.5644190731683932,0.5644190731683932,1.0,0.1,0.24964282016246753,60,560,660,690
2023-01-02,74.86290740966797,0.009882260573348178,1,1,0.504906966746862,0.495093033253138,0.504906966746862,1.0,0.1,0.24964282016246753,60,560,660,690
2023-01-03,75.60272216796875,-0.002232930348961548,0,1,0.5032787760975849,0.49672122390241513,0.5032787760975849,1.0,0.1,0.24964282016246753,60,560,660,690
2023-01-04,75.43390655517578,-0.01568389989838448,0,1,0.5044771220442908,0.49552287795570915,0.5044771220442908,1.0,0.1,0.24964282016246753,60,560,660,690
2023-01-05,74.25080871582031,0.02345789781182095,1,0,0.49766819276780205,0.502331807232198,0.502331807232198,1.0,0.1,0.24964282016246753,60,560,660,690
2023-01-06,75.9925765991211,0.005011897496300044,1,1,0.5221038282631034,0.4778961717368966,0.5221038282631034,1.0,0.1,0.24964282016246753,60,560,660,690
2023-01-07,76.37344360351562,0.017137242992801394,1,0,0.49621045317637436,0.5037895468236256,0.5037895468236256,1.0,0.1,0.24964282016246753,60,560,660,690
2023-01-08,77.6822738647461,0.05232906281111971,1,1,0.5132238895213894,0.4867761104786106,0.5132238895213894,1.0,0.1,0.24964282016246753,60,560,660,690
2023-01-09,81.747314453125,-0.010517710856327134,0,1,0.507960204911543,0.49203979508845697,0.507960204911543,1.0,0.1,0.24964282016246753,60,560,660,690
2023-01-10,80.88751983642578,0.03934837747542019,1,1,0.502251129536011,0.49774887046398897,0.502251129536011,1.0,0.1,0.24964282016246753,60,560,660,690
2023-01-11,84.0703125,0.022527729619691517,1,0,0.488545832057087,0.511454167942913,0.511454167942913,1.0,0.1,0.24964282016246753,60,560,660,690
2023-01-12,85.96422576904297,0.004371687320606776,1,1,0.5022855814186367,0.49771441858136334,0.5022855814186367,1.0,0.1,0.24964282016246753,60,560,660,690
2023-01-13,86.34003448486328,0.01706999025604583,1,0,0.47709661690161675,0.5229033830983832,0.5229033830983832,1.0,0.1,0.24964282016246753,60,560,660,690
2023-01-14,87.81385803222656,-0.005105414121257645,0,1,0.506659213114654,0.493340786885346,0.506659213114654,1.0,0.1,0.24964282016246753,60,560,660,690
2023-01-15,87.36553192138672,-0.017526585699720765,0,0,0.4761164656508029,0.5238835343491971,0.5238835343491971,1.0,0.1,0.24964282016246753,60,560,660,690
2023-01-16,85.83431243896484,0.01494870216590849,1,0,0.47673298431077576,0.5232670156892243,0.5232670156892243,1.0,0.1,0.24964282016246753,60,560,660,690
2023-01-17,87.11742401123047,-0.04984185965860255,0,0,0.43699822513212283,0.5630017748678772,0.5630017748678772,1.0,0.1,0.24964282016246753,60,560,660,690
2023-01-18,82.77532958984375,0.01760113435349453,1,0,0.419695414470094,0.580304585529906,0.580304585529906,1.0,0.1,0.24964282016246753,60,560,660,690
2023-01-19,84.23226928710938,0.07432965849710294,1,0,0.4132366156674946,0.5867633843325054,0.5867633843325054,1.0,0.1,0.24964282016246753,60,560,660,690
2023-01-20,90.49322509765624,-0.024074438788620922,0,1,0.5637780373516512,0.4362219626483488,0.5637780373516512,1.0,0.1,0.2488805771307453,90,590,690,720
2023-01-21,88.31465148925781,-0.007752701420179586,0,0,0.4618066080496225,0.5381933919503775,0.5381933919503775,1.0,0.1,0.2488805771307453,90,590,690,720
2023-01-22,87.62997436523438,0.0273416754339868,1,0,0.44754379775219366,0.5524562022478063,0.5524562022478063,1.0,0.1,0.2488805771307453,90,590,690,720
2023-01-23,90.02592468261719,-0.031358120821249114,0,1,0.5189192391065539,0.4810807608934461,0.5189192391065539,1.0,0.1,0.2488805771307453,90,590,690,720
2023-01-24,87.202880859375,0.024977742501742783,1,0,0.4625001807494862,0.5374998192505138,0.5374998192505138,1.0,0.1,0.2488805771307453,90,590,690,720
2023-01-25,89.38101196289062,-0.020044048200702158,0,0,0.49929148900131143,0.5007085109986886,0.5007085109986886,1.0,0.1,0.2488805771307453,90,590,690,720
2023-01-26,87.5894546508789,0.014343682018026271,1,0,0.47657587576493843,0.5234241242350616,0.5234241242350616,1.0,0.1,0.2488805771307453,90,590,690,720
2023-01-27,88.84580993652344,0.008510546578941902,1,0,0.4740607690634615,0.5259392309365385,0.5259392309365385,1.0,0.1,0.2488805771307453,90,590,690,720
2023-01-28,89.60193634033203,0.06080359799920032,1,0,0.48301990281743784,0.5169800971825622,0.5169800971825622,1.0,0.1,0.2488805771307453,90,590,690,720
2023-01-29,95.05005645751952,-0.03984869326328466,0,1,0.5589183380183546,0.44108166198164545,0.5589183380183546,1.0,0.1,0.2488805771307453,90,590,690,720
2023-01-30,91.26243591308594,0.03337273605056024,1,0,0.45580352775883426,0.5441964722411657,0.5441964722411657,1.0,0.1,0.2488805771307453,90,590,690,720
2023-01-31,94.30811309814452,0.06505817054444685,1,1,0.5168103608609348,0.4831896391390652,0.5168103608609348,1.0,0.1,0.2488805771307453,90,590,690,720
2023-02-01,100.4436264038086,-0.01745696486389614,0,1,0.6173430932784084,0.3826569067215916,0.6173430932784084,1.0,0.1,0.2488805771307453,90,590,690,720
2023-02-02,98.690185546875,0.01297736774401037,1,0,0.4859513626118307,0.5140486373881693,0.5140486373881693,1.0,0.1,0.2488805771307453,90,590,690,720
2023-02-03,99.9709243774414,-0.013568398221254108,0,1,0.5193603173317956,0.48063968266820445,0.5193603173317956,1.0,0.1,0.2488805771307453,90,590,690,720
2023-02-04,98.6144790649414,-0.021860112148011424,0,0,0.48881479815602347,0.5111852018439765,0.5111852018439765,1.0,0.1,0.2488805771307453,90,590,690,720
2023-02-05,96.45875549316406,-0.004108504899374865,0,1,0.5472382510659857,0.45276174893401433,0.5472382510659857,1.0,0.1,0.2488805771307453,90,590,690,720
2023-02-06,96.0624542236328,0.050646337595021684,1,1,0.5381278804293864,0.4618721195706136,0.5381278804293864,1.0,0.1,0.2488805771307453,90,590,690,720
2023-02-07,100.92766571044922,-0.017042373713516246,0,1,0.5657739535653517,0.43422604643464835,0.5657739535653517,1.0,0.1,0.2488805771307453,90,590,690,720
2023-02-08,99.2076187133789,-0.07165935277710533,0,1,0.523124054905314,0.476875945094686,0.523124054905314,1.0,0.1,0.2488805771307453,90,590,690,720
2023-02-09,92.09846496582033,0.015535727451283954,1,1,0.5472982579131221,0.45270174208687786,0.5472982579131221,1.0,0.1,0.2488805771307453,90,590,690,720
2023-02-10,93.52928161621094,0.009636212208593564,1,1,0.5472707489268144,0.4527292510731856,0.5472707489268144,1.0,0.1,0.2488805771307453,90,590,690,720
2023-02-11,94.43054962158205,-0.021548248267116432,0,1,0.5471954578243687,0.45280454217563126,0.5471954578243687,1.0,0.1,0.2488805771307453,90,590,690,720
2023-02-12,92.39573669433594,-0.013788372299263885,0,1,0.5461630543673935,0.45383694563260646,0.5461630543673935,1.0,0.1,0.2488805771307453,90,590,690,720
2023-02-13,91.12174987792967,0.050106878128791665,1,1,0.5293736241937091,0.47062637580629085,0.5293736241937091,1.0,0.1,0.2488805771307453,90,590,690,720
2023-02-14,95.68757629394533,0.07428056312082565,1,1,0.5316509039810525,0.4683490960189475,0.5316509039810525,1.0,0.1,0.2488805771307453,90,590,690,720
2023-02-15,102.79530334472656,-0.037385963914877585,0,1,0.5546570843516525,0.4453429156483475,0.5546570843516525,1.0,0.1,0.2488805771307453,90,590,690,720
2023-02-16,98.95220184326172,0.013716798704813016,1,0,0.47098762126035676,0.5290123787396432,0.5290123787396432,1.0,0.1,0.2488805771307453,90,590,690,720
2023-02-17,100.30950927734376,-0.005160647799687501,0,1,0.5163979074613761,0.48360209253862385,0.5163979074613761,1.0,0.1,0.2488805771307453,90,590,690,720
2023-02-18,99.7918472290039,-0.022322771620034154,0,1,0.5152896475463994,0.4847103524536006,0.5152896475463994,1.0,0.1,0.2488805771307453,90,590,690,720
2023-02-19,97.56421661376952,-0.01663927496671258,0,1,0.5649306667108124,0.4350693332891876,0.5649306667108124,1.0,0.01,0.24582224804082284,120,620,720,750
2023-02-20,95.9408187866211,-0.023257446926101655,0,1,0.5679151789444922,0.43208482105550783,0.5679151789444922,1.0,0.01,0.24582224804082284,120,620,720,750
2023-02-21,93.70948028564452,0.016107710616136472,1,1,0.5778442588412083,0.42215574115879173,0.5778442588412083,1.0,0.01,0.24582224804082284,120,620,720,750
2023-02-22,95.21892547607422,-0.00553389738500798,0,1,0.553527785903897,0.44647221409610305,0.553527785903897,1.0,0.01,0.24582224804082284,120,620,720,750
2023-02-23,94.6919937133789,-0.0331273437495595,0,1,0.5553886125310594,0.4446113874689406,0.5553886125310594,1.0,0.01,0.24582224804082284,120,620,720,750
2023-02-24,91.55509948730467,0.018659267968911042,1,0,0.4744091611477989,0.525590838852201,0.525590838852201,1.0,0.01,0.24582224804082284,120,620,720,750
2023-02-25,93.2634506225586,0.021360696263248213,1,1,0.5403811032971183,0.4596188967028817,0.5403811032971183,1.0,0.01,0.24582224804082284,120,620,720,750
2023-02-26,95.25562286376952,-0.012271667302745759,0,1,0.5325875039751496,0.46741249602485035,0.5325875039751496,1.0,0.01,0.24582224804082284,120,620,720,750
2023-02-27,94.08667755126952,-0.003123710431507609,0,1,0.5404371439390112,0.4595628560609888,0.5404371439390112,1.0,0.01,0.24582224804082284,120,620,720,750
2023-02-28,93.79277801513672,0.0420595843026379,1,1,0.5158076827741257,0.4841923172258743,0.5158076827741257,1.0,0.01,0.24582224804082284,120,620,720,750
2023-03-01,97.73766326904295,-0.025378374013351745,0,1,0.5161590257428951,0.4838409742571049,0.5161590257428951,1.0,0.01,0.24582224804082284,120,620,720,750
2023-03-02,95.25724029541016,-0.04942686978242139,0,1,0.5288649324859022,0.47113506751409784,0.5288649324859022,1.0,0.01,0.24582224804082284,120,620,720,750
2023-03-03,90.5489730834961,-0.01390891048398546,0,1,0.5473305588263999,0.4526694411736001,0.5473305588263999,1.0,0.01,0.24582224804082284,120,620,720,750
2023-03-04,89.28953552246094,0.007434362001059958,1,1,0.5645963009045619,0.4354036990954381,0.5645963009045619,1.0,0.01,0.24582224804082284,120,620,720,750
2023-03-05,89.9533462524414,-0.028130426835810463,0,1,0.5580044593718254,0.4419955406281746,0.5580044593718254,1.0,0.01,0.24582224804082284,120,620,720,750
2023-03-06,87.42292022705078,-0.012822923932799712,0,1,0.5666061791573437,0.4333938208426563,0.5666061791573437,1.0,0.01,0.24582224804082284,120,620,720,750
2023-03-07,86.3019027709961,-0.04076818087507672,0,0,0.4823781137037097,0.5176218862962902,0.5176218862962902,1.0,0.01,0.24582224804082284,120,620,720,750
2023-03-08,82.78353118896484,-0.07311215791417303,0,1,0.569405858606565,0.430594141393435,0.569405858606565,1.0,0.01,0.24582224804082284,120,620,720,750
2023-03-09,76.73104858398438,-0.06475649707694675,0,1,0.5808860847612861,0.4191139152387139,0.5808860847612861,1.0,0.01,0.24582224804082284,120,620,720,750
2023-03-10,71.76221466064453,-0.028639858932851148,0,1,0.5831795511262835,0.4168204488737165,0.5831795511262835,1.0,0.01,0.24582224804082284,120,620,720,750
2023-03-11,69.70695495605469,0.09475222264664329,1,1,0.5123685363491287,0.4876314636508713,0.5123685363491287,1.0,0.01,0.24582224804082284,120,620,720,750
2023-03-12,76.31184387207031,0.07150192564824298,1,1,0.5087026752629888,0.49129732473701115,0.5087026752629888,1.0,0.01,0.24582224804082284,120,620,720,750
2023-03-13,81.7682876586914,0.03158012202994853,1,0,0.48549754893544655,0.5145024510645535,0.5145024510645535,1.0,0.01,0.24582224804082284,120,620,720,750
2023-03-14,84.35054016113281,-0.0939221747045087,0,0,0.4984458435871666,0.5015541564128334,0.5015541564128334,1.0,0.01,0.24582224804082284,120,620,720,750
2023-03-15,76.42815399169922,0.03435117285183642,1,1,0.5516079551886992,0.4483920448113008,0.5516079551886992,1.0,0.01,0.24582224804082284,120,620,720,750
2023-03-16,79.05355072021484,0.0815746864874678,1,0,0.4975869394617623,0.5024130605382378,0.5024130605382378,1.0,0.01,0.24582224804082284,120,620,720,750
2023-03-17,85.5023193359375,-0.029456248616930858,0,0,0.4856805695933443,0.5143194304066556,0.5143194304066556,1.0,0.01,0.24582224804082284,120,620,720,750
2023-03-18,82.9837417602539,0.017501674428568315,1,1,0.5151497326063561,0.4848502673936439,0.5151497326063561,1.0,0.01,0.24582224804082284,120,620,720,750
2023-03-19,84.43609619140625,-0.07119636678013097,0,1,0.5100004730138934,0.4899995269861066,0.5100004730138934,1.0,0.01,0.24582224804082284,120,620,720,750
2023-03-20,78.42455291748047,0.05496746216144088,1,1,0.5490433993301854,0.4509566006698146,0.5490433993301854,1.0,0.01,0.24582224804082284,120,620,720,750
2023-03-21,82.7353515625,0.05585926895338811,1,0,0.4896565748683979,0.5103434251316021,0.5103434251316021,1.0,scale,0.24978850818702955,150,650,750,780
2023-03-22,87.35688781738281,0.07262296505113275,1,0,0.4939807116945415,0.5060192883054585,0.5060192883054585,1.0,scale,0.24978850818702955,150,650,750,780
2023-03-23,93.70100402832033,9.502036301833883e-05,1,1,0.5020385611640859,0.49796143883591415,0.5020385611640859,1.0,scale,0.24978850818702955,150,650,750,780
2023-03-24,93.70990753173828,-0.02271650188943919,0,0,0.49302286250924826,0.5069771374907517,0.5069771374907517,1.0,scale,0.24978850818702955,150,650,750,780
2023-03-25,91.58114624023438,0.021227579041304345,1,0,0.49249429642321296,0.507505703576787,0.507505703576787,1.0,scale,0.24978850818702955,150,650,750,780
2023-03-26,93.5251922607422,-0.045745111120139015,0,0,0.49238280912898047,0.5076171908710195,0.5076171908710195,1.0,scale,0.24978850818702955,150,650,750,780
2023-03-27,89.24687194824219,-0.0012045034923762188,0,1,0.5022193194499592,0.49778068055004077,0.5022193194499592,1.0,scale,0.24978850818702955,150,650,750,780
2023-03-28,89.13937377929688,0.02470695010714108,1,1,0.5014177457350247,0.49858225426497527,0.5014177457350247,1.0,scale,0.24978850818702955,150,650,750,780
2023-03-29,91.34173583984376,-0.02498140714967778,0,1,0.5021148242815769,0.49788517571842306,0.5021148242815769,1.0,scale,0.24978850818702955,150,650,750,780
2023-03-30,89.05989074707031,0.007009182869084141,1,1,0.5002728508316594,0.4997271491683406,0.5002728508316594,1.0,scale,0.24978850818702955,150,650,750,780
2023-03-31,89.68412780761719,0.035582919994235684,1,0,0.4965623911341878,0.5034376088658121,0.5034376088658121,1.0,scale,0.24978850818702955,150,650,750,780
2023-04-01,92.87535095214844,0.0015141261761955072,1,0,0.49636420805845227,0.5036357919415477,0.5036357919415477,1.0,scale,0.24978850818702955,150,650,750,780
2023-04-02,93.01597595214844,0.00022966274845614976,1,0,0.4965639889590542,0.5034360110409458,0.5034360110409458,1.0,scale,0.24978850818702955,150,650,750,780
2023-04-03,93.03733825683594,-0.004696098843831598,0,0,0.49054375089067803,0.509456249109322,0.509456249109322,1.0,scale,0.24978850818702955,150,650,750,780
2023-04-04,92.60042572021484,0.0002342361655862657,1,0,0.4901147811428373,0.5098852188571628,0.5098852188571628,1.0,scale,0.24978850818702955,150,650,750,780
2023-04-05,92.6221160888672,-0.01827816851927755,0,0,0.4833131229304906,0.5166868770695094,0.5166868770695094,1.0,scale,0.24978850818702955,150,650,750,780
2023-04-06,90.9291534423828,-0.003198367950505432,0,1,0.5071801537163273,0.4928198462836727,0.5071801537163273,1.0,scale,0.24978850818702955,150,650,750,780
2023-04-07,90.6383285522461,-0.007316239437104577,0,1,0.5091254756960149,0.49087452430398515,0.5091254756960149,1.0,scale,0.24978850818702955,150,650,750,780
2023-04-08,89.9751968383789,0.007796338051266449,1,1,0.5070919468976318,0.4929080531023682,0.5070919468976318,1.0,scale,0.24978850818702955,150,650,750,780
2023-04-09,90.67667388916016,0.03467875478127258,1,1,0.5080556409435506,0.4919443590564494,0.5080556409435506,1.0,scale,0.24978850818702955,150,650,750,780
2023-04-10,93.82122802734376,0.005228774752515264,1,0,0.49997256304197346,0.5000274369580265,0.5000274369580265,1.0,scale,0.24978850818702955,150,650,750,780
2023-04-11,94.31179809570312,-0.019166637813959442,0,1,0.5043785770437278,0.4956214229562722,0.5043785770437278,1.0,scale,0.24978850818702955,150,650,750,780
2023-04-12,92.50415802001952,0.018975801885489307,1,1,0.5115259890137683,0.48847401098623167,0.5115259890137683,1.0,scale,0.24978850818702955,150,650,750,780
2023-04-13,94.2594985961914,0.023259983321436417,1,0,0.49543423367571826,0.5045657663242817,0.5045657663242817,1.0,scale,0.24978850818702955,150,650,750,780
2023-04-14,96.45197296142578,0.004315483288329203,1,1,0.5031522325527099,0.4968477674472901,0.5031522325527099,1.0,scale,0.24978850818702955,150,650,750,780
2023-04-15,96.8682098388672,0.035091374064619485,1,0,0.4996927116859325,0.5003072883140676,0.5003072883140676,1.0,scale,0.24978850818702955,150,650,750,780
2023-04-16,100.26744842529295,-0.01588502125396274,0,1,0.5020385611640859,0.49796143883591415,0.5020385611640859,1.0,scale,0.24978850818702955,150,650,750,780
2023-04-17,98.67469787597656,0.03219386260011792,1,0,0.4998833440953613,0.5001166559046387,0.5001166559046387,1.0,scale,0.24978850818702955,150,650,750,780
2023-04-18,101.8514175415039,-0.11203315927669422,0,0,0.49832289512602707,0.501677104873973,0.501677104873973,1.0,scale,0.24978850818702955,150,650,750,780
2023-04-19,90.44068145751952,-0.0022227488035715393,0,1,0.5017038628480731,0.4982961371519269,0.5017038628480731,1.0,scale,0.24978850818702955,150,650,750,780
2023-04-20,90.23965454101562,-0.05233079571575394,0,1,0.5209697566727213,0.4790302433272787,0.5209697566727213,10.0,scale,0.2505306956171954,180,680,780,810
2023-04-21,85.51734161376953,0.018489634469091465,1,1,0.5208973555340185,0.4791026444659815,0.5208973555340185,10.0,scale,0.2505306956171954,180,680,780,810
2023-04-22,87.09852600097656,-0.0023100550814817433,0,1,0.5208779983970485,0.4791220016029515,0.5208779983970485,10.0,scale,0.2505306956171954,180,680,780,810
2023-04-23,86.89732360839844,0.017377029951168632,1,1,0.520570219137614,0.47942978086238597,0.520570219137614,10.0,scale,0.2505306956171954,180,680,780,810
2023-04-24,88.40734100341797,0.030551807097285,1,1,0.5208975959909363,0.4791024040090637,0.5208975959909363,10.0,scale,0.2505306956171954,180,680,780,810
2023-04-25,91.10834503173828,-0.03132705893347487,0,1,0.5209003063635612,0.4790996936364388,0.5209003063635612,10.0,scale,0.2505306956171954,180,680,780,810
2023-04-26,88.25418853759766,0.016255587888053036,1,1,0.5205913020800897,0.47940869791991025,0.5205913020800897,10.0,scale,0.2505306956171954,180,680,780,810
2023-04-27,89.68881225585938,0.00047466367781656693,1,1,0.5202907597970308,0.47970924020296923,0.5202907597970308,10.0,scale,0.2505306956171954,180,680,780,810
2023-04-28,89.73138427734375,0.015113246254316648,1,1,0.5208111109809667,0.47918888901903334,0.5208111109809667,10.0,scale,0.2505306956171954,180,680,780,810
2023-04-29,91.08751678466795,-0.02803780510348275,0,1,0.5209249249854111,0.4790750750145889,0.5209249249854111,10.0,scale,0.2505306956171954,180,680,780,810
2023-04-30,88.53362274169922,-0.02022969285726417,0,1,0.5178610398285,0.48213896017150004,0.5178610398285,10.0,scale,0.2505306956171954,180,680,780,810
2023-05-01,86.74261474609375,0.01790558060105929,1,1,0.5076878185454555,0.4923121814545445,0.5076878185454555,10.0,scale,0.2505306956171954,180,680,780,810
2023-05-02,88.29579162597656,0.0067846954827857076,1,1,0.5222411027873525,0.4777588972126475,0.5222411027873525,10.0,scale,0.2505306956171954,180,680,780,810
2023-05-03,88.89485168457031,-0.0045041782151263865,0,1,0.512814041846968,0.487185958153032,0.512814041846968,10.0,scale,0.2505306956171954,180,680,780,810
2023-05-04,88.49445343017578,0.0038896832482049337,1,1,0.5139830703681486,0.4860169296318514,0.5139830703681486,10.0,scale,0.2505306956171954,180,680,780,810
2023-05-05,88.83866882324219,-0.058614448901956995,0,1,0.5209576847520458,0.47904231524795415,0.5209576847520458,10.0,scale,0.2505306956171954,180,680,780,810
2023-05-06,83.63143920898438,-0.0007034467155762059,0,1,0.5004568090937348,0.4995431909062652,0.5004568090937348,10.0,scale,0.2505306956171954,180,680,780,810
2023-05-07,83.5726089477539,-0.06819426897628256,0,1,0.5142592051649243,0.4857407948350757,0.5142592051649243,10.0,scale,0.2505306956171954,180,680,780,810
2023-05-08,77.8734359741211,0.027585113667280448,1,0,0.49714723683221645,0.5028527631677835,0.5028527631677835,10.0,scale,0.2505306956171954,180,680,780,810
2023-05-09,80.0215835571289,0.01310138093884694,1,1,0.5179867486693771,0.4820132513306229,0.5179867486693771,10.0,scale,0.2505306956171954,180,680,780,810
2023-05-10,81.06997680664062,-0.0003589307890341509,0,1,0.5087695715864199,0.4912304284135801,0.5087695715864199,10.0,scale,0.2505306956171954,180,680,780,810
2023-05-11,81.04087829589844,-0.006635448998747018,0,1,0.5092845145899072,0.4907154854100928,0.5092845145899072,10.0,scale,0.2505306956171954,180,680,780,810
2023-05-12,80.50313568115234,-0.002452494179377762,0,1,0.511380247930685,0.48861975206931496,0.511380247930685,10.0,scale,0.2505306956171954,180,680,780,810
2023-05-13,80.30570220947266,0.039083097397839106,1,1,0.5158354752805401,0.4841645247194599,0.5158354752805401,10.0,scale,0.2505306956171954,180,680,780,810
2023-05-14,83.44429779052734,0.043409421286651595,1,1,0.5206384045627479,0.4793615954372521,0.5206384045627479,10.0,scale,0.2505306956171954,180,680,780,810
2023-05-15,87.06656646728516,0.03205768950530885,1,1,0.5208975959909363,0.4791024040090637,0.5208975959909363,10.0,scale,0.2505306956171954,180,680,780,810
2023-05-16,89.85771942138672,0.04487108025238262,1,1,0.5208975959909363,0.4791024040090637,0.5208975959909363,10.0,scale,0.2505306956171954,180,680,780,810
2023-05-17,93.88973236083984,-0.03564633279742946,0,1,0.5208975959909363,0.4791024040090637,0.5208975959909363,10.0,scale,0.2505306956171954,180,680,780,810
2023-05-18,90.54290771484376,0.012805831656504507,1,1,0.5208975959909363,0.4791024040090637,0.5208975959909363,10.0,scale,0.2505306956171954,180,680,780,810
2023-05-19,91.70238494873048,0.007294576406981168,1,1,0.5208975959909363,0.4791024040090637,0.5208975959909363,10.0,scale,0.2505306956171954,180,680,780,810
2023-05-20,92.3713150024414,-0.001000801748169633,0,1,0.5476706512015461,0.4523293487984539,0.5476706512015461,0.1,scale,0.25492101612778667,210,710,810,840
2023-05-21,92.27886962890624,-0.014443113518976314,0,1,0.5476706511994037,0.4523293488005963,0.5476706511994037,0.1,scale,0.25492101612778667,210,710,810,840
2023-05-22,90.94607543945312,0.007545750659117445,1,1,0.5476706511994038,0.45232934880059616,0.5476706511994038,0.1,scale,0.25492101612778667,210,710,810,840
2023-05-23,91.63233184814452,-0.06146264668392876,0,1,0.5476706511994037,0.4523293488005963,0.5476706511994037,0.1,scale,0.25492101612778667,210,710,810,840
2023-05-24,86.0003662109375,0.006980333988630516,1,1,0.5476707724862826,0.4523292275137174,0.5476707724862826,0.1,scale,0.25492101612778667,210,710,810,840
2023-05-25,86.60067749023438,0.0077065091793409035,1,1,0.5476706511994035,0.4523293488005965,0.5476706511994035,0.1,scale,0.25492101612778667,210,710,810,840
2023-05-26,87.26806640625,0.01583910337110095,1,1,0.5476706517620505,0.45232934823794946,0.5476706517620505,0.1,scale,0.25492101612778667,210,710,810,840
2023-05-27,88.65031433105469,0.03304725285109433,1,1,0.5476706515114438,0.4523293484885562,0.5476706515114438,0.1,scale,0.25492101612778667,210,710,810,840
2023-05-28,91.57996368408205,-0.006327867986596458,0,1,0.5476706518971153,0.4523293481028847,0.5476706518971153,0.1,scale,0.25492101612778667,210,710,810,840
2023-05-29,91.00045776367188,0.014567542941537726,1,1,0.5476706515056974,0.4523293484943026,0.5476706515056974,0.1,scale,0.25492101612778667,210,710,810,840
2023-05-30,92.32611083984376,-0.019356406647579205,0,1,0.5476706512063343,0.4523293487936657,0.5476706512063343,0.1,scale,0.25492101612778667,210,710,810,840
2023-05-31,90.53900909423828,0.03792096639380915,1,1,0.5476706868658465,0.4523293131341535,0.5476706868658465,0.1,scale,0.25492101612778667,210,710,810,840
2023-06-01,93.97233581542967,0.015381246721033248,1,1,0.5476706511994037,0.4523293488005963,0.5476706511994037,0.1,scale,0.25492101612778667,210,710,810,840
2023-06-02,95.4177474975586,0.0060301784778351575,1,1,0.5476706511994037,0.4523293488005963,0.5476706511994037,0.1,scale,0.25492101612778667,210,710,810,840
2023-06-03,95.99313354492188,-0.01774310817697522,0,1,0.5476706511994037,0.4523293488005963,0.5476706511994037,0.1,scale,0.25492101612778667,210,710,810,840
2023-06-04,94.2899169921875,-0.06846240660881409,0,1,0.5476706511994037,0.4523293488005963,0.5476706511994037,0.1,scale,0.25492101612778667,210,710,810,840
2023-06-05,87.83460235595703,0.03513550347239547,1,1,0.5476706511994037,0.4523293488005963,0.5476706511994037,0.1,scale,0.25492101612778667,210,710,810,840
2023-06-06,90.92071533203124,-0.022792678792598053,0,1,0.5476706511994037,0.4523293488005963,0.5476706511994037,0.1,scale,0.25492101612778667,210,710,810,840
2023-06-07,88.848388671875,-0.004297526537207053,0,1,0.5476706511994037,0.4523293488005963,0.5476706511994037,0.1,scale,0.25492101612778667,210,710,810,840
2023-06-08,88.46656036376953,0.008652675191188619,1,1,0.5476706511994037,0.4523293488005963,0.5476706511994037,0.1,scale,0.25492101612778667,210,710,810,840
2023-06-09,89.2320327758789,-0.13313969151887672,0,1,0.5476706511994037,0.4523293488005963,0.5476706511994037,0.1,scale,0.25492101612778667,210,710,810,840
2023-06-10,77.3517074584961,0.004488963661113177,1,1,0.5476706511994037,0.4523293488005963,0.5476706511994037,0.1,scale,0.25492101612778667,210,710,810,840
2023-06-11,77.69893646240234,-0.0019413490859084837,0,1,0.5476706511994037,0.4523293488005963,0.5476706511994037,0.1,scale,0.25492101612778667,210,710,810,840
2023-06-12,77.548095703125,-0.0013445969770524702,0,1,0.5476706511994037,0.4523293488005963,0.5476706511994037,0.1,scale,0.25492101612778667,210,710,810,840
2023-06-13,77.4438247680664,-0.05527274575776275,0,1,0.5476706511994037,0.4523293488005963,0.5476706511994037,0.1,scale,0.25492101612778667,210,710,810,840
2023-06-14,73.16329193115234,0.01863152798238188,1,1,0.5476706511994037,0.4523293488005963,0.5476706511994037,0.1,scale,0.25492101612778667,210,710,810,840
2023-06-15,74.52643585205078,0.020431539519195185,1,1,0.5476706511994037,0.4523293488005963,0.5476706511994037,0.1,scale,0.25492101612778667,210,710,810,840
2023-06-16,76.04912567138672,0.011351726555343333,1,1,0.5476706511994037,0.4523293488005963,0.5476706511994037,0.1,scale,0.25492101612778667,210,710,810,840
2023-06-17,76.91241455078125,0.0034563811915091502,1,1,0.5476706511994037,0.4523293488005963,0.5476706511994037,0.1,scale,0.25492101612778667,210,710,810,840
2023-06-18,77.17825317382812,0.003158589421730529,1,1,0.5476706512129474,0.45232934878705255,0.5476706512129474,0.1,scale,0.25492101612778667,210,710,810,840
2023-06-19,77.42202758789062,0.03728746750546419,1,1,0.5328591578816454,0.4671408421183546,0.5328591578816454,10.0,scale,0.24804170137979895,240,740,840,870
2023-06-20,80.30889892578125,0.06025290302869557,1,1,0.5351938780851375,0.4648061219148625,0.5351938780851375,10.0,scale,0.24804170137979895,240,740,840,870
2023-06-21,85.14774322509766,0.010833848170576754,1,1,0.5387673149121923,0.4612326850878077,0.5387673149121923,10.0,scale,0.24804170137979895,240,740,840,870
2023-06-22,86.07022094726562,0.05970980896335876,1,1,0.5380354500176022,0.4619645499823978,0.5380354500176022,10.0,scale,0.24804170137979895,240,740,840,870
2023-06-23,91.20945739746094,-0.01606665860309897,0,1,0.5450483152899918,0.45495168471000824,0.5450483152899918,10.0,scale,0.24804170137979895,240,740,840,870
2023-06-24,89.74402618408203,-0.016367182017336,0,1,0.5352045258552631,0.4647954741447369,0.5352045258552631,10.0,scale,0.24804170137979895,240,740,840,870
2023-06-25,88.2751693725586,-0.011322163973026655,0,1,0.5318909741298066,0.46810902587019343,0.5318909741298066,10.0,scale,0.24804170137979895,240,740,840,870
2023-06-26,87.27570343017578,0.00827919224092244,1,1,0.5325020899651592,0.46749791003484076,0.5325020899651592,10.0,scale,0.24804170137979895,240,740,840,870
2023-06-27,87.99827575683594,-0.05610480565904086,0,1,0.5309403579361862,0.4690596420638138,0.5309403579361862,10.0,scale,0.24804170137979895,240,740,840,870
2023-06-28,83.06114959716797,0.020644087976191106,1,1,0.5296348418071087,0.47036515819289126,0.5296348418071087,10.0,scale,0.24804170137979895,240,740,840,870
2023-06-29,84.77587127685547,0.27589757970464235,1,1,0.5279431591932227,0.47205684080677734,0.5279431591932227,10.0,scale,0.24804170137979895,240,740,840,870
2023-06-30,108.1653289794922,-0.008654591243021037,0,1,0.5363981467432962,0.4636018532567038,0.5363981467432962,10.0,scale,0.24804170137979895,240,740,840,870
2023-07-01,107.2292022705078,0.05584384093458539,1,1,0.5387676833209191,0.46123231667908093,0.5387676833209191,10.0,scale,0.24804170137979895,240,740,840,870
2023-07-02,113.21729278564452,-0.05539368030859548,0,1,0.5392582432413741,0.46074175675862594,0.5392582432413741,10.0,scale,0.24804170137979895,240,740,840,870
2023-07-03,106.94577026367188,-0.020896379093818918,0,1,0.5357557032310333,0.4642442967689667,0.5357557032310333,10.0,scale,0.24804170137979895,240,740,840,870
2023-07-04,104.71099090576172,-0.019262527014292985,0,1,0.5345662341401936,0.46543376585980645,0.5345662341401936,10.0,scale,0.24804170137979895,240,740,840,870
2023-07-05,102.6939926147461,-0.0684242937401055,0,1,0.5220188742114691,0.4779811257885309,0.5220188742114691,10.0,scale,0.24804170137979895,240,740,840,870
2023-07-06,95.66722869873048,0.02691881800372342,1,1,0.5257055636604969,0.4742944363395031,0.5257055636604969,10.0,scale,0.24804170137979895,240,740,840,870
2023-07-07,98.2424774169922,-0.0037427666636795642,0,1,0.5341128887780201,0.4658871112219799,0.5341128887780201,10.0,scale,0.24804170137979895,240,740,840,870
2023-07-08,97.8747787475586,-0.027537518972193697,0,1,0.5357122119358411,0.46428778806415893,0.5357122119358411,10.0,scale,0.24804170137979895,240,740,840,870
2023-07-09,95.17955017089844,0.016303879947807687,1,1,0.5333341966063849,0.4666658033936151,0.5333341966063849,10.0,scale,0.24804170137979895,240,740,840,870
2023-07-10,96.7313461303711,0.0005695346970142623,1,1,0.5309062004332318,0.4690937995667682,0.5309062004332318,10.0,scale,0.24804170137979895,240,740,840,870
2023-07-11,96.78643798828124,-0.005230651256913799,0,1,0.5359462986821085,0.4640537013178915,0.5359462986821085,10.0,scale,0.24804170137979895,240,740,840,870
2023-07-12,96.28018188476562,0.05865129548902992,1,1,0.5341228156898751,0.4658771843101249,0.5341228156898751,10.0,scale,0.24804170137979895,240,740,840,870
2023-07-13,101.92713928222656,-0.06640506582661376,0,1,0.5310096467053046,0.4689903532946954,0.5310096467053046,10.0,scale,0.24804170137979895,240,740,840,870
2023-07-14,95.15866088867188,-0.004275519625522639,0,1,0.5364458012898595,0.4635541987101405,0.5364458012898595,10.0,scale,0.24804170137979895,240,740,840,870
2023-07-15,94.7518081665039,-0.019488040759755743,0,1,0.5376941944023931,0.4623058055976069,0.5376941944023931,10.0,scale,0.24804170137979895,240,740,840,870
2023-07-16,92.90528106689452,-0.006585542371897013,0,1,0.5352756769860426,0.4647243230139574,0.5352756769860426,10.0,scale,0.24804170137979895,240,740,840,870
2023-07-17,92.29344940185548,-0.0085621439277076,0,1,0.5311280073502551,0.4688719926497449,0.5311280073502551,10.0,scale,0.24804170137979895,240,740,840,870
2023-07-18,91.5032196044922,0.007197309211398384,1,1,0.534531339003198,0.46546866099680195,0.534531339003198,10.0,scale,0.24804170137979895,240,740,840,870
2023-07-19,92.16179656982422,0.00238993409758792,1,1,0.5238701348882074,0.47612986511179256,0.5238701348882074,1.0,scale,0.2495090232711042,270,770,870,900
2023-07-20,92.3820571899414,0.018075018947119048,1,1,0.5197723302070536,0.4802276697929464,0.5197723302070536,1.0,scale,0.2495090232711042,270,770,870,900
2023-07-21,94.05186462402344,-0.02126859430320638,0,1,0.5170900490275232,0.4829099509724768,0.5170900490275232,1.0,scale,0.2495090232711042,270,770,870,900
2023-07-22,92.051513671875,0.01311604379341369,1,1,0.523019844080694,0.476980155919306,0.523019844080694,1.0,scale,0.2495090232711042,270,770,870,900
2023-07-23,93.25886535644533,-0.04402155301544741,0,1,0.5217778929806821,0.4782221070193179,0.5217778929806821,1.0,scale,0.2495090232711042,270,770,870,900
2023-07-24,89.1534652709961,0.004239176971368774,1,1,0.5313694454903485,0.4686305545096515,0.5313694454903485,1.0,scale,0.2495090232711042,270,770,870,900
2023-07-25,89.53140258789062,0.012174714061964798,1,1,0.526578415168327,0.47342158483167296,0.526578415168327,1.0,scale,0.2495090232711042,270,770,870,900
2023-07-26,90.62142181396484,-0.0014086628386712485,0,1,0.5255747074312145,0.4744252925687855,0.5255747074312145,1.0,scale,0.2495090232711042,270,770,870,900
2023-07-27,90.49376678466795,0.0114571891087909,1,1,0.5214193886736375,0.47858061132636254,0.5214193886736375,1.0,scale,0.2495090232711042,270,770,870,900
2023-07-28,91.53057098388672,0.03351361308716827,1,1,0.5208230406035068,0.4791769593964932,0.5208230406035068,1.0,scale,0.2495090232711042,270,770,870,900
2023-07-29,94.59809112548828,-0.005359878785346717,0,1,0.5152544174991533,0.48474558250084665,0.5152544174991533,1.0,scale,0.2495090232711042,270,770,870,900
2023-07-30,94.09105682373048,-0.019639733479351773,0,1,0.5341434174221307,0.4658565825778693,0.5341434174221307,1.0,scale,0.2495090232711042,270,770,870,900
2023-07-31,92.24313354492188,0.017099056018563985,1,1,0.5511754790414143,0.4488245209585857,0.5511754790414143,1.0,scale,0.2495090232711042,270,770,870,900
2023-08-01,93.82040405273438,-0.0674836637980527,0,1,0.5244259414400559,0.47557405855994406,0.5244259414400559,1.0,scale,0.2495090232711042,270,770,870,900
2023-08-02,87.48905944824219,-0.05464986466813737,0,1,0.5430591762392273,0.4569408237607727,0.5430591762392273,1.0,scale,0.2495090232711042,270,770,870,900
2023-08-03,82.70779418945312,-0.007603677113862672,0,1,0.5427225598981755,0.4572774401018245,0.5427225598981755,1.0,scale,0.2495090232711042,270,770,870,900
2023-08-04,82.07891082763672,0.012508450493839751,1,1,0.5428957601439492,0.45710423985605075,0.5428957601439492,1.0,scale,0.2495090232711042,270,770,870,900
2023-08-05,83.1055908203125,-0.00762750421929459,0,1,0.5384174636748639,0.46158253632513613,0.5384174636748639,1.0,scale,0.2495090232711042,270,770,870,900
2023-08-06,82.4717025756836,-0.0015421290317030323,0,1,0.5405611157583853,0.4594388842416147,0.5405611157583853,1.0,scale,0.2495090232711042,270,770,870,900
2023-08-07,82.34452056884766,0.019580821418502037,1,1,0.5373152148119932,0.4626847851880068,0.5373152148119932,1.0,scale,0.2495090232711042,270,770,870,900
2023-08-08,83.95689392089844,0.0009566175269197785,1,1,0.5299682759452403,0.4700317240547597,0.5299682759452403,1.0,scale,0.2495090232711042,270,770,870,900
2023-08-09,84.0372085571289,-0.011943976014362367,0,1,0.5237474121154092,0.4762525878845908,0.5237474121154092,1.0,scale,0.2495090232711042,270,770,870,900
2023-08-10,83.0334701538086,0.00556877501926567,1,1,0.5359046634886298,0.46409533651137025,0.5359046634886298,1.0,scale,0.2495090232711042,270,770,870,900
2023-08-11,83.49586486816406,-0.0005669788933997388,0,1,0.5353589975495132,0.4646410024504868,0.5353589975495132,1.0,scale,0.2495090232711042,270,770,870,900
2023-08-12,83.44852447509766,-0.017621515912985886,0,1,0.5356001361924151,0.4643998638075849,0.5356001361924151,1.0,scale,0.2495090232711042,270,770,870,900
2023-08-13,81.97803497314453,0.0011045111574892186,1,1,0.5399330091409135,0.46006699085908653,0.5399330091409135,1.0,scale,0.2495090232711042,270,770,870,900
2023-08-14,82.0685806274414,-0.03405481489868867,0,1,0.539913963130698,0.46008603686930205,0.539913963130698,1.0,scale,0.2495090232711042,270,770,870,900
2023-08-15,79.27375030517578,-0.060485234254255005,0,1,0.5414595930419684,0.45854040695803155,0.5414595930419684,1.0,scale,0.2495090232711042,270,770,870,900
2023-08-16,74.4788589477539,-0.12611762661961934,0,1,0.5436540902621466,0.4563459097378534,0.5436540902621466,1.0,scale,0.2495090232711042,270,770,870,900
2023-08-17,65.08576202392578,-0.015408066725738023,0,1,0.5388540740910058,0.46114592590899417,0.5388540740910058,1.0,scale,0.2495090232711042,270,770,870,900
2023-08-18,64.08291625976562,0.00032692515580734494,1,0,0.4281719591585734,0.5718280408414266,0.5718280408414266,1.0,0.01,0.24971758052108398,300,800,900,930
2023-08-19,64.10386657714844,0.017918474422599084,1,0,0.43133214647630136,0.5686678535236986,0.5686678535236986,1.0,0.01,0.24971758052108398,300,800,900,930
2023-08-20,65.25251007080078,0.02614729695396001,1,0,0.44235292644154856,0.5576470735584514,0.5576470735584514,1.0,0.01,0.24971758052108398,300,800,900,930
2023-08-21,66.95868682861328,-0.032682843290462005,0,0,0.4687400552437138,0.5312599447562862,0.5312599447562862,1.0,0.01,0.24971758052108398,300,800,900,930
2023-08-22,64.7702865600586,0.012976509649309742,1,0,0.4418096876196641,0.5581903123803359,0.5581903123803359,1.0,0.01,0.24971758052108398,300,800,900,930
2023-08-23,65.61077880859375,-0.0111491794631835,0,0,0.4453550216770444,0.5546449783229557,0.5546449783229557,1.0,0.01,0.24971758052108398,300,800,900,930
2023-08-24,64.8792724609375,0.0035857850838489913,1,0,0.43399950917265984,0.5660004908273402,0.5660004908273402,1.0,0.01,0.24971758052108398,300,800,900,930
2023-08-25,65.1119155883789,-0.0015541900149619314,0,0,0.4437504053028877,0.5562495946971123,0.5562495946971123,1.0,0.01,0.24971758052108398,300,800,900,930
2023-08-26,65.0107192993164,0.0054820483541708764,1,0,0.4371867069123538,0.5628132930876462,0.5628132930876462,1.0,0.01,0.24971758052108398,300,800,900,930
2023-08-27,65.36711120605469,0.0026831865083654094,1,0,0.4464466205421465,0.5535533794578535,0.5535533794578535,1.0,0.01,0.24971758052108398,300,800,900,930
2023-08-28,65.5425033569336,0.05111138246123437,1,0,0.45426358507679676,0.5457364149232032,0.5457364149232032,1.0,0.01,0.24971758052108398,300,800,900,930
2023-08-29,68.89247131347656,-0.017896595234883628,0,0,0.49802457231541586,0.5019754276845841,0.5019754276845841,1.0,0.01,0.24971758052108398,300,800,900,930
2023-08-30,67.65953063964844,-0.054806067023218885,0,0,0.45210124335536844,0.5478987566446316,0.5478987566446316,1.0,0.01,0.24971758052108398,300,800,900,930
2023-08-31,63.95137786865234,-0.014760025220003858,0,0,0.4426051549458868,0.5573948450541132,0.5573948450541132,1.0,0.01,0.24971758052108398,300,800,900,930
2023-09-01,63.00745391845703,0.024650684693479308,1,0,0.43776326949643113,0.5622367305035689,0.5622367305035689,1.0,0.01,0.24971758052108398,300,800,900,930
2023-09-02,64.56063079833984,-0.00964229763069202,0,0,0.44923881164302354,0.5507611883569765,0.5507611883569765,1.0,0.01,0.24971758052108398,300,800,900,930
2023-09-03,63.93811798095703,-0.003588331336435102,0,0,0.4492174988343746,0.5507825011656253,0.5507825011656253,1.0,0.01,0.24971758052108398,300,800,900,930
2023-09-04,63.70868682861328,-0.009183245164168241,0,0,0.45409989445614213,0.5459001055438579,0.5459001055438579,1.0,0.01,0.24971758052108398,300,800,900,930
2023-09-05,63.123634338378906,-0.004437472722435998,0,0,0.4564012368031866,0.5435987631968133,0.5435987631968133,1.0,0.01,0.24971758052108398,300,800,900,930
2023-09-06,62.84352493286133,0.012393367922271414,1,0,0.45588084177772625,0.5441191582222737,0.5441191582222737,1.0,0.01,0.24971758052108398,300,800,900,930
2023-09-07,63.62236785888672,-0.01643112797035562,0,0,0.4596877691481783,0.5403122308518217,0.5403122308518217,1.0,0.01,0.24971758052108398,300,800,900,930
2023-09-08,62.57698059082031,0.00806251821182169,1,0,0.4527087985596557,0.5472912014403444,0.5472912014403444,1.0,0.01,0.24971758052108398,300,800,900,930
2023-09-09,63.08150863647461,-0.0310705950658422,0,0,0.4604521692286963,0.5395478307713037,0.5395478307713037,1.0,0.01,0.24971758052108398,300,800,900,930
2023-09-10,61.12152862548828,-0.03737423578458532,0,0,0.46344326544597175,0.5365567345540283,0.5365567345540283,1.0,0.01,0.24971758052108398,300,800,900,930
2023-09-11,58.837158203125,0.019981122690323927,1,0,0.44866746055777457,0.5513325394422255,0.5513325394422255,1.0,0.01,0.24971758052108398,300,800,900,930
2023-09-12,60.01279067993164,0.03317176660325227,1,0,0.4529953315318083,0.5470046684681917,0.5470046684681917,1.0,0.01,0.24971758052108398,300,800,900,930
2023-09-13,62.00352096557617,0.012983384676037657,1,0,0.4714380086719802,0.5285619913280197,0.5285619913280197,1.0,0.01,0.24971758052108398,300,800,900,930
2023-09-14,62.808536529541016,0.05074139315067017,1,0,0.47822170308576994,0.52177829691423,0.52177829691423,1.0,0.01,0.24971758052108398,300,800,900,930
2023-09-15,65.99552917480469,-0.00994015606174492,0,1,0.5083814890302256,0.4916185109697744,0.5083814890302256,1.0,0.01,0.24971758052108398,300,800,900,930
2023-09-16,65.33952331542969,-0.026956047874741595,0,0,0.4684632976700605,0.5315367023299395,0.5315367023299395,1.0,0.01,0.24971758052108398,300,800,900,930
2023-09-17,63.57822799682617,0.036433414247409424,1,1,0.505102016792375,0.494897983207625,0.505102016792375,1.0,0.01,0.25310493333766704,330,830,930,960
2023-09-18,65.89459991455078,0.0218475600783008,1,1,0.5175613189805852,0.4824386810194148,0.5175613189805852,1.0,0.01,0.25310493333766704,330,830,930,960
2023-09-19,67.33423614501953,-0.041136426135099935,0,1,0.5129094282447049,0.48709057175529513,0.5129094282447049,1.0,0.01,0.25310493333766704,330,830,930,960
2023-09-20,64.56434631347656,0.001961459025842993,1,1,0.5071945659684706,0.49280543403152943,0.5071945659684706,1.0,0.01,0.25310493333766704,330,830,930,960
2023-09-21,64.69098663330078,-0.005496641950038295,0,1,0.5046456518308262,0.4953543481691738,0.5046456518308262,1.0,0.01,0.25310493333766704,330,830,930,960
2023-09-22,64.33540344238281,0.01157974377918003,1,1,0.5075817311971634,0.49241826880283657,0.5075817311971634,1.0,0.01,0.25310493333766704,330,830,930,960
2023-09-23,65.08039093017578,-0.02294472696298344,0,1,0.510530089474572,0.489469910525428,0.510530089474572,1.0,0.01,0.25310493333766704,330,830,930,960
2023-09-24,63.58713912963867,0.011796457697159424,1,1,0.5045086629537351,0.4954913370462649,0.5045086629537351,1.0,0.01,0.25310493333766704,330,830,930,960
2023-09-25,64.33724212646484,-0.008995280458675037,0,1,0.5136088360786243,0.4863911639213757,0.5136088360786243,1.0,0.01,0.25310493333766704,330,830,930,960
2023-09-26,63.75851058959961,-0.004261360491868094,0,1,0.5118561317519499,0.4881438682480501,0.5118561317519499,1.0,0.01,0.25310493333766704,330,830,930,960
2023-09-27,63.486812591552734,0.027596204867639473,1,1,0.5090563266132038,0.49094367338679623,0.5090563266132038,1.0,0.01,0.25310493333766704,330,830,930,960
2023-09-28,65.23880767822266,0.006028431123867639,1,1,0.515281504283103,0.48471849571689696,0.515281504283103,1.0,0.01,0.25310493333766704,330,830,930,960
2023-09-29,65.63209533691406,0.00666675966256447,1,1,0.5118133076537259,0.4881866923462741,0.5118133076537259,1.0,0.01,0.25310493333766704,330,830,930,960
2023-09-30,66.06964874267578,0.03274825600952247,1,1,0.5113400851693249,0.48865991483067506,0.5113400851693249,1.0,0.01,0.25310493333766704,330,830,930,960
2023-10-01,68.23331451416016,-0.03256753497549103,0,1,0.5196082216553344,0.4803917783446656,0.5196082216553344,1.0,0.01,0.25310493333766704,330,830,930,960
2023-10-02,66.01112365722656,-0.007841233627015498,0,1,0.5036904524189679,0.4963095475810321,0.5036904524189679,1.0,0.01,0.25310493333766704,330,830,930,960
2023-10-03,65.49351501464844,-0.015901582015491855,0,1,0.500552364627521,0.49944763537247905,0.500552364627521,1.0,0.01,0.25310493333766704,330,830,930,960
2023-10-04,64.45206451416016,0.006310118028693967,1,1,0.500016586407346,0.49998341359265397,0.500016586407346,1.0,0.01,0.25310493333766704,330,830,930,960
2023-10-05,64.8587646484375,0.010398335852202845,1,1,0.5031075492468147,0.49689245075318533,0.5031075492468147,1.0,0.01,0.25310493333766704,330,830,930,960
2023-10-06,65.53318786621094,-0.0007255314180018013,0,1,0.5051674796249671,0.4948325203750329,0.5051674796249671,1.0,0.01,0.25310493333766704,330,830,930,960
2023-10-07,65.48564147949219,-0.0018491649049192649,0,1,0.5045644633778174,0.49543553662218265,0.5045644633778174,1.0,0.01,0.25310493333766704,330,830,930,960
2023-10-08,65.36454772949219,-0.03447572921829123,0,1,0.508912428819159,0.491087571180841,0.508912428819159,1.0,0.01,0.25310493333766704,330,830,930,960
2023-10-09,63.11105728149414,0.008081207989393269,1,1,0.5020613684780796,0.4979386315219204,0.5020613684780796,1.0,0.01,0.25310493333766704,330,830,930,960
2023-10-10,63.621070861816406,-0.03334194353935338,0,1,0.5015045490966457,0.49849545090335434,0.5015045490966457,1.0,0.01,0.25310493333766704,330,830,930,960
2023-10-11,61.49982070922852,-0.006048886945627663,0,0,0.4974114623246925,0.5025885376753074,0.5025885376753074,1.0,0.01,0.25310493333766704,330,830,930,960
2023-10-12,61.12781524658203,0.007300167433315519,1,0,0.4981357744320694,0.5018642255679306,0.5018642255679306,1.0,0.01,0.25310493333766704,330,830,930,960
2023-10-13,61.57405853271485,0.001479499444591248,1,1,0.5011833211425785,0.49881667885742154,0.5011833211425785,1.0,0.01,0.25310493333766704,330,830,930,960
2023-10-14,61.665157318115234,-0.0001414771813761373,0,0,0.4994529486252159,0.5005470513747841,0.5005470513747841,1.0,0.01,0.25310493333766704,330,830,930,960
2023-10-15,61.65643310546875,0.027259587162275167,1,1,0.5005057431055997,0.4994942568944003,0.5005057431055997,1.0,0.01,0.25310493333766704,330,830,930,960
2023-10-16,63.337162017822266,-0.018538127330952836,0,1,0.5163978130410002,0.4836021869589998,0.5163978130410002,1.0,0.01,0.25310493333766704,330,830,930,960
2023-10-17,62.16300964355469,-0.03034016419095642,0,1,0.5448191631131769,0.4551808368868231,0.5448191631131769,1.0,0.01,0.2509890082012648,360,860,960,990
2023-10-18,60.276973724365234,0.02504568152121167,1,1,0.5534768360773026,0.4465231639226974,0.5534768360773026,1.0,0.01,0.2509890082012648,360,860,960,990
2023-10-19,61.786651611328125,0.02640001234796574,1,1,0.5392047314603188,0.4607952685396812,0.5392047314603188,1.0,0.01,0.2509890082012648,360,860,960,990
2023-10-20,63.41781997680664,0.0207784234941939,1,1,0.5229605613713896,0.4770394386286104,0.5229605613713896,1.0,0.01,0.2509890082012648,360,860,960,990
2023-10-21,64.73554229736328,0.007029213966218251,1,1,0.5200772491875483,0.4799227508124517,0.5200772491875483,1.0,0.01,0.2509890082012648,360,860,960,990
2023-10-22,65.19058227539062,0.05829851626629967,1,1,0.5160953228533569,0.4839046771466431,0.5160953228533569,1.0,0.01,0.2509890082012648,360,860,960,990
2023-10-23,68.99109649658203,0.0005908567489210093,1,0,0.4707423948681743,0.5292576051318256,0.5292576051318256,1.0,0.01,0.2509890082012648,360,860,960,990
2023-10-24,69.0318603515625,-0.004880890489806555,0,1,0.501920545620004,0.498079454379996,0.501920545620004,1.0,0.01,0.2509890082012648,360,860,960,990
2023-10-25,68.6949234008789,0.002321306542072854,1,1,0.5166382380859819,0.48336176191401814,0.5166382380859819,1.0,0.01,0.2509890082012648,360,860,960,990
2023-10-26,68.85438537597656,-0.026121671175312833,0,1,0.5170962536827237,0.4829037463172763,0.5170962536827237,1.0,0.01,0.2509890082012648,360,860,960,990
2023-10-27,67.05579376220703,0.010841451214152142,1,1,0.5388513957551023,0.4611486042448977,0.5388513957551023,1.0,0.01,0.2509890082012648,360,860,960,990
2023-10-28,67.78277587890625,0.01501954431711039,1,1,0.5242194612857269,0.47578053871427306,0.5242194612857269,1.0,0.01,0.2509890082012648,360,860,960,990
2023-10-29,68.80084228515625,0.00654057324439572,1,1,0.5197705124820691,0.48022948751793093,0.5197705124820691,1.0,0.01,0.2509890082012648,360,860,960,990
2023-10-30,69.25083923339844,-0.004350519993398638,0,1,0.5072028180955328,0.4927971819044672,0.5072028180955328,1.0,0.01,0.2509890082012648,360,860,960,990
2023-10-31,68.9495620727539,0.014292452981552017,1,1,0.5121657273396507,0.4878342726603493,0.5121657273396507,1.0,0.01,0.2509890082012648,360,860,960,990
2023-11-01,69.93502044677734,-0.007733248473821508,0,1,0.5105141676812092,0.48948583231879084,0.5105141676812092,1.0,0.01,0.2509890082012648,360,860,960,990
2023-11-02,69.39419555664062,0.001397043593213354,1,1,0.5238896950302935,0.4761103049697065,0.5238896950302935,1.0,0.01,0.2509890082012648,360,860,960,990
2023-11-03,69.49114227294922,0.014116288769538077,1,1,0.5269002425053816,0.4730997574946184,0.5269002425053816,1.0,0.01,0.2509890082012648,360,860,960,990
2023-11-04,70.47209930419922,0.016893944831604557,1,1,0.5187804701505029,0.4812195298494971,0.5187804701505029,1.0,0.01,0.2509890082012648,360,860,960,990
2023-11-05,71.66265106201172,0.03935401881003098,1,0,0.49692044449514516,0.5030795555048548,0.5030795555048548,1.0,0.01,0.2509890082012648,360,860,960,990
2023-11-06,74.48286437988281,-0.012331425853188138,0,0,0.48891891578233776,0.5110810842176623,0.5110810842176623,1.0,0.01,0.2509890082012648,360,860,960,990
2023-11-07,73.56438446044922,-0.005225968969214678,0,1,0.510868692489209,0.48913130751079104,0.510868692489209,1.0,0.01,0.2509890082012648,360,860,960,990
2023-11-08,73.17993927001953,0.007820083756601148,1,1,0.5200434457846367,0.4799565542153633,0.5200434457846367,1.0,0.01,0.2509890082012648,360,860,960,990
2023-11-09,73.75221252441406,-0.006063712584761349,0,1,0.5024603889100723,0.4975396110899277,0.5024603889100723,1.0,0.01,0.2509890082012648,360,860,960,990
2023-11-10,73.30500030517578,0.0255004223981663,1,1,0.5289553591773566,0.4710446408226434,0.5289553591773566,1.0,0.01,0.2509890082012648,360,860,960,990
2023-11-11,75.17430877685547,-0.0037650532864953457,0,1,0.506766517970588,0.493233482029412,0.506766517970588,1.0,0.01,0.2509890082012648,360,860,960,990
2023-11-12,74.89127349853516,-0.04539550082216559,0,1,0.5198498082942535,0.48015019170574647,0.5198498082942535,1.0,0.01,0.2509890082012648,360,860,960,990
2023-11-13,71.49154663085938,-0.011977431396696492,0,1,0.5412382696920448,0.4587617303079552,0.5412382696920448,1.0,0.01,0.2509890082012648,360,860,960,990
2023-11-14,70.63526153564453,0.04877253449740526,1,1,0.5408435531911697,0.4591564468088303,0.5408435531911697,1.0,0.01,0.2509890082012648,360,860,960,990
2023-11-15,74.080322265625,-0.03916381458180229,0,1,0.5112112394059706,0.4887887605940294,0.5112112394059706,1.0,0.01,0.2509890082012648,360,860,960,990
2023-11-16,71.1790542602539,-0.014002986843674958,0,1,0.5815691801640948,0.41843081983590524,0.5815691801640948,10.0,scale,0.25100166115389205,390,890,990,1020
2023-11-17,70.18233489990234,-0.00411112629402155,0,1,0.5826451330751029,0.4173548669248971,0.5826451330751029,10.0,scale,0.25100166115389205,390,890,990,1020
2023-11-18,69.89380645751953,0.010680570641955267,1,1,0.5345761796633598,0.4654238203366402,0.5345761796633598,10.0,scale,0.25100166115389205,390,890,990,1020
2023-11-19,70.64031219482422,-0.01589140559632629,0,1,0.5426533491412033,0.45734665085879667,0.5426533491412033,10.0,scale,0.25100166115389205,390,890,990,1020
2023-11-20,69.51773834228516,-0.04402266548241851,0,1,0.5724371441278948,0.4275628558721052,0.5724371441278948,10.0,scale,0.25100166115389205,390,890,990,1020
2023-11-21,66.45738220214844,0.03382930560590869,1,1,0.6127695218357024,0.38723047816429756,0.6127695218357024,10.0,scale,0.25100166115389205,390,890,990,1020
2023-11-22,68.7055892944336,0.011743758924527281,1,1,0.5473801496332173,0.45261985036678265,0.5473801496332173,10.0,scale,0.25100166115389205,390,890,990,1020
2023-11-23,69.512451171875,0.017601208016212233,1,1,0.5360443906551706,0.4639556093448294,0.5360443906551706,10.0,scale,0.25100166115389205,390,890,990,1020
2023-11-24,70.73595428466797,0.015514205194130826,1,1,0.5407052793478857,0.4592947206521143,0.5407052793478857,10.0,scale,0.25100166115389205,390,890,990,1020
2023-11-25,71.83336639404297,-0.024701277478685557,0,1,0.5117327778236425,0.48826722217635754,0.5117327778236425,10.0,scale,0.25100166115389205,390,890,990,1020
2023-11-26,70.05899047851562,-0.011656719779169045,0,1,0.5422312547194077,0.4577687452805923,0.5422312547194077,10.0,scale,0.25100166115389205,390,890,990,1020
2023-11-27,69.2423324584961,0.007147633617611726,1,1,0.5422671847761106,0.4577328152238894,0.5422671847761106,10.0,scale,0.25100166115389205,390,890,990,1020
2023-11-28,69.73725128173828,0.00361497017537471,1,1,0.5326453489590984,0.46735465104090157,0.5326453489590984,10.0,scale,0.25100166115389205,390,890,990,1020
2023-11-29,69.98934936523438,-0.007769322637765308,0,1,0.5708924477468326,0.42910755225316743,0.5708924477468326,10.0,scale,0.25100166115389205,390,890,990,1020
2023-11-30,69.4455795288086,0.030230694837641847,1,1,0.5833256587203351,0.41667434127966485,0.5833256587203351,10.0,scale,0.25100166115389205,390,890,990,1020
2023-12-01,71.54496765136719,0.010165030452542911,1,1,0.5054522879311076,0.49454771206889236,0.5054522879311076,10.0,scale,0.25100166115389205,390,890,990,1020
2023-12-02,72.27222442626953,-0.00021851889581447903,0,1,0.5650526889297082,0.43494731107029183,0.5650526889297082,10.0,scale,0.25100166115389205,390,890,990,1020
2023-12-03,72.25643157958984,0.007822574556834994,1,1,0.5543828926300646,0.44561710736993543,0.5543828926300646,10.0,scale,0.25100166115389205,390,890,990,1020
2023-12-04,72.82166290283203,0.02017992681103098,1,0,0.4338001334209755,0.5661998665790244,0.5661998665790244,10.0,scale,0.25100166115389205,390,890,990,1020
2023-12-05,74.29119873046875,-0.025250742079894084,0,1,0.5763515304436603,0.4236484695563397,0.5763515304436603,10.0,scale,0.25100166115389205,390,890,990,1020
2023-12-06,72.41529083251953,0.022690970358369977,1,1,0.5818774416429314,0.4181225583570686,0.5818774416429314,10.0,scale,0.25100166115389205,390,890,990,1020
2023-12-07,74.05846405029297,0.05860642087748924,1,1,0.5496171370378791,0.45038286296212093,0.5496171370378791,10.0,scale,0.25100166115389205,390,890,990,1020
2023-12-08,78.39876556396484,-0.027056750256887918,0,0,0.39779205389673583,0.6022079461032641,0.6022079461032641,10.0,scale,0.25100166115389205,390,890,990,1020
2023-12-09,76.27754974365234,0.011331435125408351,1,1,0.526553248769691,0.473446751230309,0.526553248769691,10.0,scale,0.25100166115389205,390,890,990,1020
2023-12-10,77.14188385009766,-0.058219146582962344,0,1,0.5633508688818781,0.43664913111812187,0.5633508688818781,10.0,scale,0.25100166115389205,390,890,990,1020
2023-12-11,72.65074920654297,-0.0032726772093695233,0,1,0.5279289162381713,0.4720710837618287,0.5279289162381713,10.0,scale,0.25100166115389205,390,890,990,1020
2023-12-12,72.4129867553711,0.01083875100552456,1,1,0.5391379063100428,0.46086209368995723,0.5391379063100428,10.0,scale,0.25100166115389205,390,890,990,1020
2023-12-13,73.1978530883789,-0.003202772011266397,0,1,0.5199710748803574,0.48002892511964257,0.5199710748803574,10.0,scale,0.25100166115389205,390,890,990,1020
2023-12-14,72.96341705322266,-0.02751430679750777,0,1,0.5769496525017522,0.42305034749824777,0.5769496525017522,10.0,scale,0.25100166115389205,390,890,990,1020
2023-12-15,70.95587921142578,0.016589198081057077,1,1,0.5789030899779983,0.42109691002200167,0.5789030899779983,10.0,scale,0.25100166115389205,390,890,990,1020
2023-12-16,72.13298034667969,-0.012450746270551094,0,1,0.5455044066435192,0.4544955933564808,0.5455044066435192,1.0,0.1,0.2507692796086551,420,920,1020,1050
2023-12-17,71.23487091064453,-0.006064862876820842,0,1,0.5302907106958369,0.4697092893041631,0.5302907106958369,1.0,0.1,0.2507692796086551,420,920,1020,1050
2023-12-18,70.80284118652344,-0.0026592976281940572,0,1,0.550403715088255,0.44959628491174497,0.550403715088255,1.0,0.1,0.2507692796086551,420,920,1020,1050
2023-12-19,70.61455535888672,-0.01146474601135683,0,1,0.5543039941060004,0.4456960058939996,0.5543039941060004,1.0,0.1,0.2507692796086551,420,920,1020,1050
2023-12-20,69.80497741699219,0.016038292020593925,1,1,0.5378479388302378,0.46215206116976215,0.5378479388302378,1.0,0.1,0.2507692796086551,420,920,1020,1050
2023-12-21,70.92453002929688,0.03955166723679082,1,1,0.5517247562378124,0.44827524376218764,0.5517247562378124,1.0,0.1,0.2507692796086551,420,920,1020,1050
2023-12-22,73.7297134399414,-0.01612764865865246,0,1,0.5002825118132403,0.49971748818675965,0.5002825118132403,1.0,0.1,0.2507692796086551,420,920,1020,1050
2023-12-23,72.5406265258789,-0.01882963322113007,0,1,0.5585132857862221,0.44148671421377794,0.5585132857862221,1.0,0.1,0.2507692796086551,420,920,1020,1050
2023-12-24,71.17471313476562,0.0154629450578474,1,1,0.5526832355018297,0.44731676449817026,0.5526832355018297,1.0,0.1,0.2507692796086551,420,920,1020,1050
2023-12-25,72.27528381347656,0.012109762356509401,1,1,0.5435734117210775,0.45642658827892246,0.5435734117210775,1.0,0.1,0.2507692796086551,420,920,1020,1050
2023-12-26,73.15052032470703,0.03690723337593882,1,0,0.49009427856812304,0.509905721431877,0.509905721431877,1.0,0.1,0.2507692796086551,420,920,1020,1050
2023-12-27,75.85030364990234,0.01149665188102289,1,0,0.4738034688964373,0.5261965311035627,0.5261965311035627,1.0,0.1,0.2507692796086551,420,920,1020,1050
2023-12-28,76.72232818603516,-0.043249259731533374,0,1,0.5025099896928941,0.49749001030710593,0.5025099896928941,1.0,0.1,0.2507692796086551,420,920,1020,1050
2023-12-29,73.40414428710938,-0.0012452672361573658,0,1,0.5660891474170084,0.43391085258299156,0.5660891474170084,1.0,0.1,0.2507692796086551,420,920,1020,1050
2023-12-30,73.31273651123047,-0.007015117833894746,0,1,0.5488267711517352,0.45117322884826483,0.5488267711517352,1.0,0.1,0.2507692796086551,420,920,1020,1050
2023-12-31,72.7984390258789,0.026559456004121573,1,1,0.5431612961348979,0.45683870386510206,0.5431612961348979,1.0,0.1,0.2507692796086551,420,920,1020,1050
2024-01-01,74.73192596435547,-0.023388243888908367,0,1,0.517433285422488,0.482566714577512,0.517433285422488,1.0,0.1,0.2507692796086551,420,920,1020,1050
2024-01-02,72.98407745361328,-0.10526178243349038,0,1,0.5349381268703061,0.46506187312969394,0.5349381268703061,1.0,0.1,0.2507692796086551,420,920,1020,1050
2024-01-03,65.30164337158203,0.018219306742661256,1,1,0.5651399352089601,0.4348600647910399,0.5651399352089601,1.0,0.1,0.2507692796086551,420,920,1020,1050
2024-01-04,66.49139404296875,-0.007072274060372918,0,0,0.4529374311073634,0.5470625688926366,0.5470625688926366,1.0,0.1,0.2507692796086551,420,920,1020,1050
2024-01-05,66.02114868164062,-0.00522665679323242,0,1,0.505692418263285,0.49430758173671496,0.505692418263285,1.0,0.1,0.2507692796086551,420,920,1020,1050
2024-01-06,65.67607879638672,-0.02160009618629477,0,1,0.5082006878604696,0.49179931213953043,0.5082006878604696,1.0,0.1,0.2507692796086551,420,920,1020,1050
2024-01-07,64.2574691772461,0.05523217674866476,1,1,0.5089644638932787,0.49103553610672135,0.5089644638932787,1.0,0.1,0.2507692796086551,420,920,1020,1050
2024-01-08,67.80654907226562,-0.012642756038228842,0,1,0.5074660524586162,0.4925339475413838,0.5074660524586162,1.0,0.1,0.2507692796086551,420,920,1020,1050
2024-01-09,66.94928741455078,0.04392652136817299,1,0,0.4775902378800602,0.5224097621199397,0.5224097621199397,1.0,0.1,0.2507692796086551,420,920,1020,1050
2024-01-10,69.89013671875,0.02996613773710144,1,0,0.4482960858164571,0.5517039141835429,0.5517039141835429,1.0,0.1,0.2507692796086551,420,920,1020,1050
2024-01-11,71.9844741821289,0.01272136772826804,1,0,0.41937449558408924,0.5806255044159108,0.5806255044159108,1.0,0.1,0.2507692796086551,420,920,1020,1050
2024-01-12,72.90021514892578,-0.012519914597081794,0,0,0.42122082641810765,0.5787791735818923,0.5787791735818923,1.0,0.1,0.2507692796086551,420,920,1020,1050
2024-01-13,71.98751068115234,-0.03017069386650295,0,0,0.48179186662964485,0.5182081333703552,0.5182081333703552,1.0,0.1,0.2507692796086551,420,920,1020,1050
2024-01-14,69.81559753417969,-0.00802087670352658,0,0,0.49695074355672325,0.5030492564432767,0.5030492564432767,1.0,0.1,0.2507692796086551,420,920,1020,1050
2024-01-15,69.255615234375,0.003162774834226889,1,0,0.4970619384599855,0.5029380615400145,0.5029380615400145,0.1,scale,0.2504023345186522,450,950,1050,1080
2024-01-16,69.47465515136719,-0.0012739697054154897,0,0,0.4932603133794984,0.5067396866205016,0.5067396866205016,0.1,scale,0.2504023345186522,450,950,1050,1080
2024-01-17,69.38614654541016,-0.02008283834076574,0,0,0.49602390401023333,0.5039760959897667,0.5039760959897667,0.1,scale,0.2504023345186522,450,950,1050,1080
2024-01-18,67.99267578125,0.04693895916667268,1,0,0.494415007917709,0.505584992082291,0.505584992082291,0.1,scale,0.2504023345186522,450,950,1050,1080
2024-01-19,71.1841812133789,0.0015907392864908942,1,0,0.4679287835294721,0.5320712164705279,0.5320712164705279,0.1,scale,0.2504023345186522,450,950,1050,1080
2024-01-20,71.29741668701172,0.004245114683157247,1,0,0.4802926852295257,0.5197073147704743,0.5197073147704743,0.1,scale,0.2504023345186522,450,950,1050,1080
2024-01-21,71.60008239746094,-0.06022068104841405,0,0,0.4810785672060973,0.5189214327939027,0.5189214327939027,0.1,scale,0.2504023345186522,450,950,1050,1080
2024-01-22,67.28827667236328,-0.027327855463887385,0,0,0.49527406729986484,0.5047259327001352,0.5047259327001352,0.1,scale,0.2504023345186522,450,950,1050,1080
2024-01-23,65.44943237304688,0.010553718164341364,1,1,0.5041903495938487,0.4958096504061513,0.5041903495938487,0.1,scale,0.2504023345186522,450,950,1050,1080
2024-01-24,66.14016723632812,-0.009694174405626255,0,0,0.49744107587640873,0.5025589241235913,0.5025589241235913,0.1,scale,0.2504023345186522,450,950,1050,1080
2024-01-25,65.49899291992188,0.0234365790713289,1,0,0.49996926276808057,0.5000307372319195,0.5000307372319195,0.1,scale,0.2504023345186522,450,950,1050,1080
2024-01-26,67.03406524658203,0.015671121220802053,1,0,0.48545323118213407,0.514546768817866,0.514546768817866,0.1,scale,0.2504023345186522,450,950,1050,1080
2024-01-27,68.08456420898438,0.004596379642267223,1,0,0.48229220686499047,0.5177077931350096,0.5177077931350096,0.1,scale,0.2504023345186522,450,950,1050,1080
2024-01-28,68.39750671386719,0.0008114893054076422,1,0,0.47791961487398477,0.5220803851260152,0.5220803851260152,0.1,scale,0.2504023345186522,450,950,1050,1080
2024-01-29,68.45301055908203,-0.013746460902382296,0,0,0.4810498876810276,0.5189501123189724,0.5189501123189724,0.1,scale,0.2504023345186522,450,950,1050,1080
2024-01-30,67.51202392578125,-0.011242142558156143,0,0,0.4939754527491039,0.5060245472508961,0.5060245472508961,0.1,scale,0.2504023345186522,450,950,1050,1080
2024-01-31,66.75304412841797,0.011438312443460719,1,0,0.48951476687600814,0.5104852331239919,0.5104852331239919,0.1,scale,0.2504023345186522,450,950,1050,1080
2024-02-01,67.51658630371094,0.00721201816954431,1,0,0.499090461636762,0.500909538363238,0.500909538363238,0.1,scale,0.2504023345186522,450,950,1050,1080
2024-02-02,68.0035171508789,0.012254081150345542,1,1,0.5004299069656319,0.49957009303436806,0.5004299069656319,0.1,scale,0.2504023345186522,450,950,1050,1080
2024-02-03,68.83683776855469,-0.02768065726640112,0,0,0.495408213138102,0.504591786861898,0.504591786861898,0.1,scale,0.2504023345186522,450,950,1050,1080
2024-02-04,66.93138885498047,0.010279577937840179,1,1,0.5066963624648233,0.4933036375351767,0.5066963624648233,0.1,scale,0.2504023345186522,450,950,1050,1080
2024-02-05,67.61941528320312,0.009931612413477398,1,1,0.5007619314880489,0.49923806851195107,0.5007619314880489,0.1,scale,0.2504023345186522,450,950,1050,1080
2024-02-06,68.29098510742188,0.003881114990488266,1,0,0.49816096181173225,0.5018390381882678,0.5018390381882678,0.1,scale,0.2504023345186522,450,950,1050,1080
2024-02-07,68.5560302734375,0.029271484176770057,1,0,0.49741878871982514,0.5025812112801749,0.5025812112801749,0.1,scale,0.2504023345186522,450,950,1050,1080
2024-02-08,70.5627670288086,0.0016195609312903425,1,0,0.4789246697576816,0.5210753302423183,0.5210753302423183,0.1,scale,0.2504023345186522,450,950,1050,1080
2024-02-09,70.67704772949219,0.0018793620143480183,1,0,0.482656915816486,0.517343084183514,0.517343084183514,0.1,scale,0.2504023345186522,450,950,1050,1080
2024-02-10,70.80987548828125,0.010311067802497798,1,1,0.5008202458164555,0.49917975418354454,0.5008202458164555,0.1,scale,0.2504023345186522,450,950,1050,1080
2024-02-11,71.54000091552734,0.019469779482346627,1,0,0.48381077519667565,0.5161892248033244,0.5161892248033244,0.1,scale,0.2504023345186522,450,950,1050,1080
2024-02-12,72.93286895751953,-0.05390996580663521,0,0,0.483721951094182,0.5162780489058181,0.5162780489058181,0.1,scale,0.2504023345186522,450,950,1050,1080
2024-02-13,69.00106048583984,0.012973972997002425,1,1,0.5065929709630652,0.4934070290369348,0.5065929709630652,0.1,scale,0.2504023345186522,450,950,1050,1080
2024-02-14,69.89627838134766,-0.0012131274051200291,0,1,0.5472080923329523,0.4527919076670477,0.5472080923329523,1.0,0.01,0.2491967607488875,480,980,1080,1110
2024-02-15,69.81148529052734,0.011540784699482387,1,1,0.5545576216324475,0.4454423783675525,0.5545576216324475,1.0,0.01,0.2491967607488875,480,980,1080,1110
2024-02-16,70.6171646118164,-0.00888651635658988,0,1,0.5278980234279033,0.47210197657209674,0.5278980234279033,1.0,0.01,0.2491967607488875,480,980,1080,1110
2024-02-17,69.9896240234375,0.010581903881539345,1,1,0.5510767651896904,0.4489232348103096,0.5510767651896904,1.0,0.01,0.2491967607488875,480,980,1080,1110
2024-02-18,70.7302474975586,0.008225543658526124,1,1,0.5358155867048483,0.4641844132951517,0.5358155867048483,1.0,0.01,0.2491967607488875,480,980,1080,1110
2024-02-19,71.31204223632812,-0.023234162960312887,0,1,0.5277694472850993,0.47223055271490066,0.5277694472850993,1.0,0.01,0.2491967607488875,480,980,1080,1110
2024-02-20,69.65516662597656,-0.010302259338113462,0,1,0.573509416028265,0.426490583971735,0.573509416028265,1.0,0.01,0.2491967607488875,480,980,1080,1110
2024-02-21,68.93756103515625,-0.0025101308309273263,0,1,0.5807443636569084,0.4192556363430916,0.5807443636569084,1.0,0.01,0.2491967607488875,480,980,1080,1110
2024-02-22,68.76451873779297,0.000925541403443475,1,1,0.5814895914284819,0.4185104085715181,0.5814895914284819,1.0,0.01,0.2491967607488875,480,980,1080,1110
2024-02-23,68.82816314697266,0.02264914323592282,1,1,0.5740549614321352,0.4259450385678648,0.5740549614321352,1.0,0.01,0.2491967607488875,480,980,1080,1110
2024-02-24,70.3870620727539,-0.004332428296252244,0,1,0.5465537510709328,0.45344624892906715,0.5465537510709328,1.0,0.01,0.2491967607488875,480,980,1080,1110
2024-02-25,70.08211517333984,0.026479993093690313,1,1,0.5640886758395702,0.43591132416042977,0.5640886758395702,1.0,0.01,0.2491967607488875,480,980,1080,1110
2024-02-26,71.9378890991211,0.029134345871580036,1,1,0.5160073290432853,0.4839926709567147,0.5160073290432853,1.0,0.01,0.2491967607488875,480,980,1080,1110
2024-02-27,74.03375244140625,0.0075478021284962615,1,0,0.4853044359079699,0.5146955640920301,0.5146955640920301,1.0,0.01,0.2491967607488875,480,980,1080,1110
2024-02-28,74.59254455566406,0.07170087247675516,1,1,0.5026190355446604,0.49738096445533964,0.5026190355446604,1.0,0.01,0.2491967607488875,480,980,1080,1110
2024-02-29,79.9408950805664,0.06433777091133597,1,0,0.32903213547489363,0.6709678645251064,0.6709678645251064,1.0,0.01,0.2491967607488875,480,980,1080,1110
2024-03-01,85.08411407470703,0.10971396085685758,1,0,0.3071352877805373,0.6928647122194627,0.6928647122194627,1.0,0.01,0.2491967607488875,480,980,1080,1110
2024-03-02,94.41902923583984,-0.039723761687327164,0,0,0.14959085874737477,0.8504091412526252,0.8504091412526252,1.0,0.01,0.2491967607488875,480,980,1080,1110
2024-03-03,90.66835021972656,-0.019112456477496487,0,0,0.30931000674046666,0.6906899932595334,0.6906899932595334,1.0,0.01,0.2491967607488875,480,980,1080,1110
2024-03-04,88.93545532226562,-0.07751977618841566,0,0,0.3734081205277768,0.6265918794722232,0.6265918794722232,1.0,0.01,0.2491967607488875,480,980,1080,1110
2024-03-05,82.04119873046875,0.04618134110223249,1,1,0.5349639063127771,0.4650360936872229,0.5349639063127771,1.0,0.01,0.2491967607488875,480,980,1080,1110
2024-03-06,85.82997131347656,0.026541732882034763,1,0,0.36594546940128764,0.6340545305987124,0.6340545305987124,1.0,0.01,0.2491967607488875,480,980,1080,1110
2024-03-07,88.10804748535156,0.005932719562318889,1,0,0.36778364603076924,0.6322163539692307,0.6322163539692307,1.0,0.01,0.2491967607488875,480,980,1080,1110
2024-03-08,88.63076782226562,0.025002986998722276,1,0,0.37396317743863955,0.6260368225613604,0.6260368225613604,1.0,0.01,0.2491967607488875,480,980,1080,1110
2024-03-09,90.8468017578125,-0.03675692036059375,0,0,0.3465224697336813,0.6534775302663187,0.6534775302663187,1.0,0.01,0.2491967607488875,480,980,1080,1110
2024-03-10,87.50755310058594,0.1860932065887868,1,0,0.4507866587393317,0.5492133412606683,0.5492133412606683,1.0,0.01,0.2491967607488875,480,980,1080,1110
2024-03-11,103.7921142578125,-0.06025614073259511,0,0,0.1302732608328194,0.8697267391671806,0.8697267391671806,1.0,0.01,0.2491967607488875,480,980,1080,1110
2024-03-12,97.53800201416016,-0.0022147129559456635,0,0,0.24362841573955904,0.7563715842604409,0.7563715842604409,1.0,0.01,0.2491967607488875,480,980,1080,1110
2024-03-13,97.32198333740234,-0.03294056444923554,0,0,0.20766017313504867,0.7923398268649513,0.7923398268649513,1.0,0.01,0.2491967607488875,480,980,1080,1110
2024-03-14,94.11614227294922,-0.04677994658070028,0,0,0.3453122698214195,0.6546877301785805,0.6546877301785805,1.0,0.01,0.2491967607488875,480,980,1080,1110
2024-03-15,89.71339416503906,-0.06214179302612466,0,0,0.4409187202048365,0.5590812797951634,0.5590812797951634,1.0,0.01,0.24524459414747624,510,1010,1110,1140
2024-03-16,84.13844299316406,0.02043163187009589,1,0,0.48475834535289364,0.5152416546471064,0.5152416546471064,1.0,0.01,0.24524459414747624,510,1010,1110,1140
2024-03-17,85.85752868652344,0.014613474648550007,1,0,0.4401722925479196,0.5598277074520803,0.5598277074520803,1.0,0.01,0.24524459414747624,510,1010,1110,1140
2024-03-18,87.1122055053711,-0.09787185481553595,0,0,0.4471505655754086,0.5528494344245913,0.5528494344245913,1.0,0.01,0.24524459414747624,510,1010,1110,1140
2024-03-19,78.58637237548828,0.07892773467781522,1,1,0.5470422359453556,0.4529577640546444,0.5470422359453556,1.0,0.01,0.24524459414747624,510,1010,1110,1140
2024-03-20,84.78901672363281,0.010763248837041495,1,0,0.3791678581053986,0.6208321418946015,0.6208321418946015,1.0,0.01,0.24524459414747624,510,1010,1110,1140
2024-03-21,85.70162200927734,-0.027888781735165624,0,0,0.4103159764672419,0.5896840235327581,0.5896840235327581,1.0,0.01,0.24524459414747624,510,1010,1110,1140
2024-03-22,83.31150817871094,0.025358234386215317,1,0,0.4477428811990562,0.5522571188009437,0.5522571188009437,1.0,0.01,0.24524459414747624,510,1010,1110,1140
2024-03-23,85.42414093017578,0.04994617616795205,1,0,0.4228535697284231,0.577146430271577,0.577146430271577,1.0,0.01,0.24524459414747624,510,1010,1110,1140
2024-03-24,89.69075012207031,0.011520553088624208,1,0,0.3548619812549285,0.6451380187450715,0.6451380187450715,1.0,0.01,0.24524459414747624,510,1010,1110,1140
2024-03-25,90.72403717041016,0.05666002964668282,1,0,0.39777826345218165,0.6022217365478184,0.6022217365478184,1.0,0.01,0.24524459414747624,510,1010,1110,1140
2024-03-26,95.86446380615234,-0.022833795736731166,0,0,0.33860435114282245,0.6613956488571775,0.6613956488571775,1.0,0.01,0.24524459414747624,510,1010,1110,1140
2024-03-27,93.6755142211914,0.005803031819633375,1,0,0.4374076188384789,0.5625923811615211,0.5625923811615211,1.0,0.01,0.24524459414747624,510,1010,1110,1140
2024-03-28,94.2191162109375,0.1596263747938378,1,0,0.41937139244727406,0.5806286075527259,0.5806286075527259,1.0,0.01,0.24524459414747624,510,1010,1110,1140
2024-03-29,109.25897216796876,-0.0585385221711201,0,0,0.18811102896459822,0.8118889710354018,0.8118889710354018,1.0,0.01,0.24524459414747624,510,1010,1110,1140
2024-03-30,102.86311340332033,0.022557061856748106,1,0,0.3306629331071989,0.6693370668928011,0.6693370668928011,1.0,0.01,0.24524459414747624,510,1010,1110,1140
2024-03-31,105.18340301513672,-0.05521840448104709,0,0,0.2745090061718933,0.7254909938281067,0.7254909938281067,1.0,0.01,0.24524459414747624,510,1010,1110,1140
2024-04-01,99.3753433227539,0.07488980121417321,1,0,0.38232941790029706,0.6176705820997029,0.6176705820997029,1.0,0.01,0.24524459414747624,510,1010,1110,1140
2024-04-02,106.81754302978516,-0.07719057833097831,0,0,0.2119106585608187,0.7880893414391813,0.7880893414391813,1.0,0.01,0.24524459414747624,510,1010,1110,1140
2024-04-03,98.57223510742188,-0.0016612151955950338,0,0,0.3856998048992616,0.6143001951007384,0.6143001951007384,1.0,0.01,0.24524459414747624,510,1010,1110,1140
2024-04-04,98.40848541259766,-0.0037093956807858763,0,0,0.351213138253557,0.648786861746443,0.648786861746443,1.0,0.01,0.24524459414747624,510,1010,1110,1140
2024-04-05,98.04344940185548,0.035272880160855724,1,0,0.35982214088610803,0.640177859113892,0.640177859113892,1.0,0.01,0.24524459414747624,510,1010,1110,1140
2024-04-06,101.50172424316406,-0.003212709769082056,0,0,0.2958896231461365,0.7041103768538635,0.7041103768538635,1.0,0.01,0.24524459414747624,510,1010,1110,1140
2024-04-07,101.17562866210938,0.021106163713158654,1,0,0.32501833801452257,0.6749816619854774,0.6749816619854774,1.0,0.01,0.24524459414747624,510,1010,1110,1140
2024-04-08,103.3110580444336,-0.05626633765562783,0,0,0.29589969288712836,0.7041003071128716,0.7041003071128716,1.0,0.01,0.24524459414747624,510,1010,1110,1140
2024-04-09,97.49812316894533,-0.008188493336945601,0,0,0.3977454023824466,0.6022545976175534,0.6022545976175534,1.0,0.01,0.24524459414747624,510,1010,1110,1140
2024-04-10,96.69976043701172,0.020572354335206988,1,0,0.41933512493745495,0.580664875062545,0.580664875062545,1.0,0.01,0.24524459414747624,510,1010,1110,1140
2024-04-11,98.68910217285156,-0.12584502748972626,0,0,0.3899080724490066,0.6100919275509934,0.6100919275509934,1.0,0.01,0.24524459414747624,510,1010,1110,1140
2024-04-12,86.26956939697266,-0.10041764223382221,0,1,0.5287315930058284,0.4712684069941716,0.5287315930058284,1.0,0.01,0.24524459414747624,510,1010,1110,1140
2024-04-13,77.60658264160156,0.029736483796285018,1,1,0.5325025704675423,0.46749742953245765,0.5325025704675423,1.0,0.01,0.24524459414747624,510,1010,1110,1140
2024-04-14,79.9143295288086,-0.023039408637961944,0,1,0.540856802746415,0.459143197253585,0.540856802746415,1.0,0.01,0.2432401613772452,540,1040,1140,1170
2024-04-15,78.07315063476562,0.023683491504713494,1,1,0.5474874867418952,0.4525125132581048,0.5474874867418952,1.0,0.01,0.2432401613772452,540,1040,1140,1170
2024-04-16,79.92219543457031,0.0030690477513282133,1,1,0.517892813594462,0.48210718640553796,0.517892813594462,1.0,0.01,0.2432401613772452,540,1040,1140,1170
2024-04-17,80.16748046875,0.007882305872106032,1,1,0.5152041981420472,0.4847958018579528,0.5152041981420472,1.0,0.01,0.2432401613772452,540,1040,1140,1170
2024-04-18,80.79938507080078,0.001366408521116469,1,0,0.49484160487284373,0.5051583951271563,0.5051583951271563,1.0,0.01,0.2432401613772452,540,1040,1140,1170
2024-04-19,80.9097900390625,0.05169029575460948,1,1,0.5170733615066498,0.48292663849335016,0.5170733615066498,1.0,0.01,0.2432401613772452,540,1040,1140,1170
2024-04-20,85.092041015625,-0.010886577321776447,0,0,0.4677118898556175,0.5322881101443825,0.5322881101443825,1.0,0.01,0.2432401613772452,540,1040,1140,1170
2024-04-21,84.16567993164062,0.015470871204278813,1,1,0.5060027262557629,0.4939972737442371,0.5060027262557629,1.0,0.01,0.2432401613772452,540,1040,1140,1170
2024-04-22,85.4677963256836,-0.0042097097639932635,0,0,0.47892392672693473,0.5210760732730653,0.5210760732730653,1.0,0.01,0.2432401613772452,540,1040,1140,1170
2024-04-23,85.10800170898438,-0.022851249937697604,0,1,0.5080064445497318,0.49199355545026824,0.5080064445497318,1.0,0.01,0.2432401613772452,540,1040,1140,1170
2024-04-24,83.16317749023438,0.007634699171513937,1,1,0.5116209075221356,0.4883790924778644,0.5116209075221356,1.0,0.01,0.2432401613772452,540,1040,1140,1170
2024-04-25,83.79810333251953,0.05004859524463101,1,1,0.518757558359809,0.48124244164019103,0.518757558359809,1.0,0.01,0.2432401613772452,540,1040,1140,1170
2024-04-26,87.99208068847656,-0.04670251301925954,0,0,0.43853995271370066,0.5614600472862994,0.5614600472862994,1.0,0.01,0.2432401613772452,540,1040,1140,1170
2024-04-27,83.88262939453125,0.0008274013648803535,1,1,0.5234815275943738,0.47651847240562617,0.5234815275943738,1.0,0.01,0.2432401613772452,540,1040,1140,1170
2024-04-28,83.95203399658203,-0.005202766581353435,0,1,0.5292145566780608,0.47078544332193917,0.5292145566780608,1.0,0.01,0.2432401613772452,540,1040,1140,1170
2024-04-29,83.51525115966797,-0.04813414977612507,0,1,0.5208641133168062,0.47913588668319385,0.5208641133168062,1.0,0.01,0.2432401613772452,540,1040,1140,1170
2024-04-30,79.49531555175781,0.007554505398954525,1,1,0.5639882646013046,0.4360117353986954,0.5639882646013046,1.0,0.01,0.2432401613772452,540,1040,1140,1170
2024-05-01,80.09586334228516,0.00033595835526134543,1,1,0.5390876518851156,0.46091234811488435,0.5390876518851156,1.0,0.01,0.2432401613772452,540,1040,1140,1170
2024-05-02,80.12277221679688,0.022557449866937862,1,1,0.5516239547098608,0.4483760452901392,0.5516239547098608,1.0,0.01,0.2432401613772452,540,1040,1140,1170
2024-05-03,81.93013763427734,-0.0029671990596296105,0,1,0.5116592234606973,0.48834077653930275,0.5116592234606973,1.0,0.01,0.2432401613772452,540,1040,1140,1170
2024-05-04,81.6870346069336,-0.0038128743911743923,0,1,0.5305596871842568,0.46944031281574317,0.5305596871842568,1.0,0.01,0.2432401613772452,540,1040,1140,1170
2024-05-05,81.37557220458984,-0.0072247865870608274,0,1,0.5235980710524892,0.47640192894751077,0.5235980710524892,1.0,0.01,0.2432401613772452,540,1040,1140,1170
2024-05-06,80.78765106201172,0.00037472852721953664,1,1,0.5155487055356023,0.4844512944643977,0.5155487055356023,1.0,0.01,0.2432401613772452,540,1040,1140,1170
2024-05-07,80.81792449951172,0.010126813384767397,1,1,0.5306390522586398,0.46936094774136017,0.5306390522586398,1.0,0.01,0.2432401613772452,540,1040,1140,1170
2024-05-08,81.6363525390625,0.017392600539801073,1,1,0.5099607573768334,0.49003924262316656,0.5099607573768334,1.0,0.01,0.2432401613772452,540,1040,1140,1170
2024-05-09,83.05622100830078,-0.03406478482906794,0,1,0.5015864322190641,0.49841356778093593,0.5015864322190641,1.0,0.01,0.2432401613772452,540,1040,1140,1170
2024-05-10,80.2269287109375,0.013940083138192838,1,1,0.5350473984545155,0.46495260154548446,0.5350473984545155,1.0,0.01,0.2432401613772452,540,1040,1140,1170
2024-05-11,81.34529876708984,0.00046079141511734534,1,1,0.5141269152630844,0.4858730847369156,0.5141269152630844,1.0,0.01,0.2432401613772452,540,1040,1140,1170
2024-05-12,81.38278198242188,-0.009602040085482266,0,1,0.5362308007253966,0.46376919927460336,0.5362308007253966,1.0,0.01,0.2432401613772452,540,1040,1140,1170
2024-05-13,80.6013412475586,-0.023201776426680087,0,1,0.53529363661348,0.46470636338652005,0.53529363661348,1.0,0.01,0.2432401613772452,540,1040,1140,1170
2024-05-14,78.73124694824219,0.04830707259738931,1,1,0.5863948381233952,0.4136051618766048,0.5863948381233952,1.0,0.01,0.24505642131574884,570,1070,1170,1200
2024-05-15,82.5345230102539,-0.000930951431253435,0,1,0.5063609224739537,0.4936390775260463,0.5063609224739537,1.0,0.01,0.24505642131574884,570,1070,1170,1200
2024-05-16,82.45768737792969,0.02095375842879288,1,1,0.5386068500303101,0.46139314996968994,0.5386068500303101,1.0,0.01,0.24505642131574884,570,1070,1170,1200
2024-05-17,84.18548583984375,-0.003787714013318344,0,1,0.5021043485075907,0.49789565149240933,0.5021043485075907,1.0,0.01,0.24505642131574884,570,1070,1170,1200
2024-05-18,83.86661529541016,-0.01961926083675647,0,1,0.5340555244457276,0.46594447555427243,0.5340555244457276,1.0,0.01,0.24505642131574884,570,1070,1170,1200
2024-05-19,82.2212142944336,0.0775922647136249,1,1,0.561439313350722,0.43856068664927805,0.561439313350722,1.0,0.01,0.24505642131574884,570,1070,1170,1200
2024-05-20,88.60094451904297,-0.0043765219338879335,0,0,0.3835444814994285,0.6164555185005716,0.6164555185005716,1.0,0.01,0.24505642131574884,570,1070,1170,1200
2024-05-21,88.21318054199219,-0.02832114917146955,0,0,0.4735729851763641,0.5264270148236359,0.5264270148236359,1.0,0.01,0.24505642131574884,570,1070,1170,1200
2024-05-22,85.71488189697266,-0.003491555406178737,0,1,0.5357745717400881,0.46422542825991187,0.5357745717400881,1.0,0.01,0.24505642131574884,570,1070,1170,1200
2024-05-23,85.41560363769531,-0.005081016692816798,0,1,0.5237143303649024,0.47628566963509755,0.5237143303649024,1.0,0.01,0.24505642131574884,570,1070,1170,1200
2024-05-24,84.98160552978516,-8.798147074329243e-06,0,1,0.5395350252427136,0.4604649747572864,0.5395350252427136,1.0,0.01,0.24505642131574884,570,1070,1170,1200
2024-05-25,84.9808578491211,-0.01271971882310996,0,1,0.5376802563017017,0.4623197436982983,0.5376802563017017,1.0,0.01,0.24505642131574884,570,1070,1170,1200
2024-05-26,83.8999252319336,0.015640727399307996,1,1,0.5610868469890975,0.4389131530109025,0.5610868469890975,1.0,0.01,0.24505642131574884,570,1070,1170,1200
2024-05-27,85.2121810913086,-0.021269269189683415,0,1,0.5175334432834281,0.4824665567165719,0.5175334432834281,1.0,0.01,0.24505642131574884,570,1070,1170,1200
2024-05-28,83.3997802734375,0.0009798400494136494,1,1,0.5537359546446392,0.4462640453553608,0.5537359546446392,1.0,0.01,0.24505642131574884,570,1070,1170,1200
2024-05-29,83.48149871826172,0.011234237124965185,1,1,0.5525732076102021,0.4474267923897979,0.5525732076102021,1.0,0.01,0.24505642131574884,570,1070,1170,1200
2024-05-30,84.41934967041016,-0.013987692558517506,0,1,0.5357595579872543,0.4642404420127457,0.5357595579872543,1.0,0.01,0.24505642131574884,570,1070,1170,1200
2024-05-31,83.23851776123047,0.002348619494036752,1,1,0.5690716843855251,0.43092831561447487,0.5690716843855251,1.0,0.01,0.24505642131574884,570,1070,1170,1200
2024-06-01,83.43401336669922,-0.004557573554094474,0,1,0.5791687600280978,0.4208312399719022,0.5791687600280978,1.0,0.01,0.24505642131574884,570,1070,1170,1200
2024-06-02,83.05375671386719,-0.0030750443091149826,0,1,0.5760115860804788,0.42398841391952125,0.5760115860804788,1.0,0.01,0.24505642131574884,570,1070,1170,1200
2024-06-03,82.7983627319336,0.010351579219145535,1,1,0.5793630870645291,0.4206369129354709,0.5793630870645291,1.0,0.01,0.24505642131574884,570,1070,1170,1200
2024-06-04,83.65545654296875,0.021010884926503604,1,1,0.5723540196039079,0.42764598039609214,0.5723540196039079,1.0,0.01,0.24505642131574884,570,1070,1170,1200
2024-06-05,85.41313171386719,-0.014424127332346659,0,1,0.5440903574584814,0.45590964254151856,0.5440903574584814,1.0,0.01,0.24505642131574884,570,1070,1170,1200
2024-06-06,84.18112182617188,-0.04861467340137404,0,1,0.5766669996948366,0.4233330003051634,0.5766669996948366,1.0,0.01,0.24505642131574884,570,1070,1170,1200
2024-06-07,80.08868408203125,-0.00118096089463815,0,1,0.596219680949422,0.403780319050578,0.596219680949422,1.0,0.01,0.24505642131574884,570,1070,1170,1200
2024-06-08,79.99410247802734,0.006449221157832641,1,1,0.6113176352329298,0.3886823647670702,0.6113176352329298,1.0,0.01,0.24505642131574884,570,1070,1170,1200
2024-06-09,80.51000213623047,-0.011274086109716808,0,1,0.59870438996454,0.40129561003546,0.59870438996454,1.0,0.01,0.24505642131574884,570,1070,1170,1200
2024-06-10,79.60232543945312,-0.029149569718552537,0,1,0.6071994518490922,0.3928005481509078,0.6071994518490922,1.0,0.01,0.24505642131574884,570,1070,1170,1200
2024-06-11,77.28195190429688,0.015365319117429221,1,1,0.6107461858098691,0.38925381419013094,0.6107461858098691,1.0,0.01,0.24505642131574884,570,1070,1170,1200
2024-06-12,78.46941375732422,0.008587143610934822,1,1,0.6005766401816676,0.39942335981833244,0.6005766401816676,1.0,0.01,0.24505642131574884,570,1070,1170,1200
2024-06-13,79.14324188232422,-0.02022747851898643,0,1,0.5582687524453082,0.44173124755469184,0.5582687524453082,1.0,scale,0.24322232458644522,600,1100,1200,1230
2024-06-14,77.54237365722656,0.02133095308233246,1,1,0.589337910311093,0.41066208968890705,0.589337910311093,1.0,scale,0.24322232458644522,600,1100,1200,1230
2024-06-15,79.19642639160156,-0.003667958391720405,0,1,0.5577537233510116,0.4422462766489884,0.5577537233510116,1.0,scale,0.24322232458644522,600,1100,1200,1230
2024-06-16,78.90593719482422,-0.02889321478784479,0,1,0.5625419990676741,0.4374580009323259,0.5625419990676741,1.0,scale,0.24322232458644522,600,1100,1200,1230
2024-06-17,76.62609100341797,-0.052327193562824226,0,1,0.5475121471309163,0.45248785286908366,0.5475121471309163,1.0,scale,0.24322232458644522,600,1100,1200,1230
2024-06-18,72.61646270751953,0.014969765134111856,1,1,0.5791563675068282,0.4208436324931718,0.5791563675068282,1.0,scale,0.24322232458644522,600,1100,1200,1230
2024-06-19,73.7035140991211,0.013639092188814539,1,1,0.6114722669859802,0.38852773301401977,0.6114722669859802,1.0,scale,0.24322232458644522,600,1100,1200,1230
2024-06-20,74.7087631225586,-0.007956106409706343,0,1,0.5922570586880098,0.4077429413119902,0.5922570586880098,1.0,scale,0.24322232458644522,600,1100,1200,1230
2024-06-21,74.11437225341797,0.005867626953572458,1,1,0.6030057054625539,0.39699429453744606,0.6030057054625539,1.0,scale,0.24322232458644522,600,1100,1200,1230
2024-06-22,74.54924774169922,-0.01568252965643635,0,1,0.5874703063915399,0.41252969360846015,0.5874703063915399,1.0,scale,0.24322232458644522,600,1100,1200,1230
2024-06-23,73.380126953125,-0.050290286626852754,0,1,0.5866013187974052,0.4133986812025948,0.5866013187974052,1.0,scale,0.24322232458644522,600,1100,1200,1230
2024-06-24,69.6898193359375,0.024035665678167284,1,0,0.4987507069453734,0.5012492930546266,0.5012492930546266,1.0,scale,0.24322232458644522,600,1100,1200,1230
2024-06-25,71.36486053466797,-0.005622660409763336,0,1,0.5847434240767616,0.4152565759232384,0.5847434240767616,1.0,scale,0.24322232458644522,600,1100,1200,1230
2024-06-26,70.9636001586914,0.030437331563266,1,1,0.598005970873256,0.401994029126744,0.598005970873256,1.0,scale,0.24322232458644522,600,1100,1200,1230
2024-06-27,73.12354278564453,-0.004901377220537184,0,1,0.5564028388752323,0.44359716112476766,0.5564028388752323,1.0,scale,0.24322232458644522,600,1100,1200,1230
2024-06-28,72.76513671875,0.029666456687893916,1,1,0.5558955773064431,0.4441044226935569,0.5558955773064431,1.0,scale,0.24322232458644522,600,1100,1200,1230
2024-06-29,74.92382049560547,0.00475387241781533,1,1,0.5236291270854402,0.4763708729145598,0.5236291270854402,1.0,scale,0.24322232458644522,600,1100,1200,1230
2024-06-30,75.27999877929688,-0.012483404445075008,0,1,0.5311349604029335,0.4688650395970665,0.5311349604029335,1.0,scale,0.24322232458644522,600,1100,1200,1230
2024-07-01,74.34024810791016,0.020495744784570835,1,1,0.6066515225084574,0.39334847749154256,0.6066515225084574,1.0,scale,0.24322232458644522,600,1100,1200,1230
2024-07-02,75.86390686035156,-0.04994280762948433,0,1,0.5414722925889127,0.4585277074110873,0.5414722925889127,1.0,scale,0.24322232458644522,600,1100,1200,1230
2024-07-03,72.0750503540039,-0.09378215630091224,0,1,0.6025971917874203,0.3974028082125797,0.6025971917874203,1.0,scale,0.24322232458644522,600,1100,1200,1230
2024-07-04,65.3156967163086,-0.05249029354896395,0,1,0.6233960071439343,0.3766039928560657,0.6233960071439343,1.0,scale,0.24322232458644522,600,1100,1200,1230
2024-07-05,61.88725662231445,0.057249808655696954,1,1,0.6020177600112719,0.39798223998872806,0.6020177600112719,1.0,scale,0.24322232458644522,600,1100,1200,1230
2024-07-06,65.43029022216797,-0.05147515548772352,0,1,0.589063991839122,0.41093600816087805,0.589063991839122,1.0,scale,0.24322232458644522,600,1100,1200,1230
2024-07-07,62.062255859375,0.045229994650029415,1,1,0.6444701595791986,0.3555298404208014,0.6444701595791986,1.0,scale,0.24322232458644522,600,1100,1200,1230
2024-07-08,64.86933135986328,0.006898986692585263,1,1,0.5433603284697028,0.45663967153029716,0.5433603284697028,1.0,scale,0.24322232458644522,600,1100,1200,1230
2024-07-09,65.31686401367188,0.024821835973691586,1,1,0.5432935676431354,0.4567064323568646,0.5432935676431354,1.0,scale,0.24322232458644522,600,1100,1200,1230
2024-07-10,66.93814849853516,0.007437212757147371,1,1,0.503672834047771,0.49632716595222903,0.503672834047771,1.0,scale,0.24322232458644522,600,1100,1200,1230
2024-07-11,67.43598175048828,0.027281349216181194,1,1,0.5479935627159288,0.4520064372840712,0.5479935627159288,1.0,scale,0.24322232458644522,600,1100,1200,1230
2024-07-12,69.27572631835938,0.008307830699811003,1,1,0.5073460021119787,0.49265399788802133,0.5073460021119787,1.0,scale,0.24322232458644522,600,1100,1200,1230
2024-07-13,69.85125732421875,0.0016549535450869346,1,1,0.5159340512008188,0.4840659487991812,0.5159340512008188,1.0,0.01,0.2464935514201516,630,1130,1230,1260
2024-07-14,69.96685791015625,0.03557385393649515,1,1,0.5288283256635942,0.47117167433640583,0.5288283256635942,1.0,0.01,0.2464935514201516,630,1130,1230,1260
2024-07-15,72.45584869384766,0.010290374797842672,1,0,0.4704099434560616,0.5295900565439384,0.5295900565439384,1.0,0.01,0.2464935514201516,630,1130,1230,1260
2024-07-16,73.20144653320312,-0.024330096115964484,0,0,0.4932797444360866,0.5067202555639134,0.5067202555639134,1.0,0.01,0.2464935514201516,630,1130,1230,1260
2024-07-17,71.42044830322266,0.0026572388366858934,1,1,0.5372528353084877,0.46274716469151234,0.5372528353084877,1.0,0.01,0.2464935514201516,630,1130,1230,1260
2024-07-18,71.6102294921875,0.025785054830038012,1,1,0.5330779878011167,0.4669220121988833,0.5330779878011167,1.0,0.01,0.2464935514201516,630,1130,1230,1260
2024-07-19,73.45670318603516,-0.005216804074981596,0,0,0.4920172360253529,0.507982763974647,0.507982763974647,1.0,0.01,0.2464935514201516,630,1130,1230,1260
2024-07-20,73.07349395751953,0.01252207036435693,1,1,0.5247770024875268,0.4752229975124732,0.5247770024875268,1.0,0.01,0.2464935514201516,630,1130,1230,1260
2024-07-21,73.988525390625,-0.03622977690665452,0,0,0.4977179683325586,0.5022820316674415,0.5022820316674415,1.0,0.01,0.2464935514201516,630,1130,1230,1260
2024-07-22,71.30793762207031,0.022749541698826814,1,1,0.5287871433234518,0.4712128566765482,0.5287871433234518,1.0,0.01,0.2464935514201516,630,1130,1230,1260
2024-07-23,72.93016052246094,-0.02307193709199884,0,1,0.5139365915022253,0.48606340849777474,0.5139365915022253,1.0,0.01,0.2464935514201516,630,1130,1230,1260
2024-07-24,71.24752044677734,-0.03358378250168259,0,1,0.5545699328044142,0.44543006719558575,0.5545699328044142,1.0,0.01,0.2464935514201516,630,1130,1230,1260
2024-07-25,68.8547592163086,0.03599384859562926,1,1,0.5595022834879158,0.44049771651208425,0.5595022834879158,1.0,0.01,0.2464935514201516,630,1130,1230,1260
2024-07-26,71.3331069946289,0.00041819197107773043,1,1,0.5221291608762612,0.47787083912373884,0.5221291608762612,1.0,0.01,0.2464935514201516,630,1130,1230,1260
2024-07-27,71.3629379272461,-0.0032859783680930787,0,1,0.5297550628379152,0.4702449371620848,0.5297550628379152,1.0,0.01,0.2464935514201516,630,1130,1230,1260
2024-07-28,71.1284408569336,0.036849399658713144,1,1,0.5298481648264667,0.4701518351735333,0.5298481648264667,1.0,0.01,0.2464935514201516,630,1130,1230,1260
2024-07-29,73.74948120117188,-0.027990402309338247,0,0,0.44123399213712067,0.5587660078628793,0.5587660078628793,1.0,0.01,0.2464935514201516,630,1130,1230,1260
2024-07-30,71.6852035522461,-0.020852022733689912,0,1,0.5380420232164204,0.46195797678357964,0.5380420232164204,1.0,0.01,0.2464935514201516,630,1130,1230,1260
2024-07-31,70.19042205810547,-0.008893696618880065,0,1,0.5463366968430747,0.45366330315692527,0.5463366968430747,1.0,0.01,0.2464935514201516,630,1130,1230,1260
2024-08-01,69.56616973876953,-0.0657654485101572,0,1,0.538080950999155,0.461919049000845,0.538080950999155,1.0,0.01,0.2464935514201516,630,1130,1230,1260
2024-08-02,64.99111938476562,-0.005953032194809471,0,1,0.5733562377480288,0.4266437622519712,0.5733562377480288,1.0,0.01,0.2464935514201516,630,1130,1230,1260
2024-08-03,64.6042251586914,-0.034178928305505396,0,1,0.5756829148331438,0.4243170851668562,0.5756829148331438,1.0,0.01,0.2464935514201516,630,1130,1230,1260
2024-08-04,62.396121978759766,-0.09908857916866098,0,1,0.5859310847137579,0.4140689152862421,0.5859310847137579,1.0,0.01,0.2464935514201516,630,1130,1230,1260
2024-08-05,56.21337890625,0.036467901737242236,1,0,0.4707356456185106,0.5292643543814894,0.5292643543814894,1.0,0.01,0.2464935514201516,630,1130,1230,1260
2024-08-06,58.26336288452149,-0.039123270005986255,0,1,0.5796284755904311,0.42037152440956893,0.5796284755904311,1.0,0.01,0.2464935514201516,630,1130,1230,1260
2024-08-07,55.9839096069336,0.09359194693103201,1,1,0.5928456187726017,0.40715438122739833,0.5928456187726017,1.0,0.01,0.2464935514201516,630,1130,1230,1260
2024-08-08,61.22355270385742,-0.007851327904299432,0,0,0.4771575485011181,0.5228424514988819,0.5228424514988819,1.0,0.01,0.2464935514201516,630,1130,1230,1260
2024-08-09,60.74286651611328,0.007111744756671534,1,1,0.5426457539483612,0.45735424605163877,0.5426457539483612,1.0,0.01,0.2464935514201516,630,1130,1230,1260
2024-08-10,61.17485427856445,-0.023994705617848,0,1,0.5196850661201703,0.4803149338798297,0.5196850661201703,1.0,0.01,0.2464935514201516,630,1130,1230,1260
2024-08-11,59.70698165893555,0.0294760477482916,1,1,0.5576259685352506,0.4423740314647494,0.5576259685352506,1.0,0.01,0.2464935514201516,630,1130,1230,1260
2024-08-12,61.4669075012207,0.03166699362466052,1,1,0.5419384432981729,0.45806155670182713,0.5419384432981729,1.0,scale,0.2518369597051319,660,1160,1260,1290
2024-08-13,63.41337966918945,0.009523963064918428,1,0,0.49437750774020545,0.5056224922597945,0.5056224922597945,1.0,scale,0.2518369597051319,660,1160,1260,1290
2024-08-14,64.01732635498047,0.019675888545169107,1,1,0.5185379519555329,0.48146204804446713,0.5185379519555329,1.0,scale,0.2518369597051319,660,1160,1260,1290
2024-08-15,65.27692413330078,0.01978698633715359,1,0,0.48505628940994466,0.5149437105900554,0.5149437105900554,1.0,scale,0.2518369597051319,660,1160,1260,1290
2024-08-16,66.56855773925781,0.015248231746074703,1,0,0.4715380789859803,0.5284619210140197,0.5284619210140197,1.0,scale,0.2518369597051319,660,1160,1260,1290
2024-08-17,67.58361053466797,-0.01775946429565245,0,0,0.4658663457285473,0.5341336542714528,0.5341336542714528,1.0,scale,0.2518369597051319,660,1160,1260,1290
2024-08-18,66.38336181640625,-0.0002298586369382516,0,1,0.5167828208743447,0.4832171791256553,0.5167828208743447,1.0,scale,0.2518369597051319,660,1160,1260,1290
2024-08-19,66.36810302734375,-0.028448787216921456,0,1,0.507270149729438,0.49272985027056204,0.507270149729438,1.0,scale,0.2518369597051319,660,1160,1260,1290
2024-08-20,64.48001098632812,-0.003079444606676862,0,1,0.5397333675847633,0.4602666324152367,0.5397333675847633,1.0,scale,0.2518369597051319,660,1160,1260,1290
2024-08-21,64.28144836425781,-0.007017151983182424,0,1,0.5380788450290886,0.46192115497091135,0.5380788450290886,1.0,scale,0.2518369597051319,660,1160,1260,1290
2024-08-22,63.83037567138672,0.037136991827404264,1,1,0.5358427541347122,0.46415724586528784,0.5358427541347122,1.0,scale,0.2518369597051319,660,1160,1260,1290
2024-08-23,66.20084381103516,0.005707106206387147,1,0,0.484494735336389,0.515505264663611,0.515505264663611,1.0,scale,0.2518369597051319,660,1160,1260,1290
2024-08-24,66.57865905761719,-0.026009906724246967,0,1,0.5003227226421633,0.49967727735783674,0.5003227226421633,1.0,scale,0.2518369597051319,660,1160,1260,1290
2024-08-25,64.84695434570312,-0.02578368209402304,0,1,0.5331267543247183,0.46687324567528166,0.5331267543247183,1.0,scale,0.2518369597051319,660,1160,1260,1290
2024-08-26,63.17496109008789,-0.042927220845052405,0,1,0.53075368063674,0.46924631936326,0.53075368063674,1.0,scale,0.2518369597051319,660,1160,1260,1290
2024-08-27,60.463035583496094,0.02214583676918558,1,1,0.5356889416618413,0.46431105833815867,0.5356889416618413,1.0,scale,0.2518369597051319,660,1160,1260,1290
2024-08-28,61.802040100097656,0.011029419480262703,1,1,0.530517534650721,0.46948246534927895,0.530517534650721,1.0,scale,0.2518369597051319,660,1160,1260,1290
2024-08-29,62.483680725097656,0.03987991981793093,1,1,0.5235329587808766,0.4764670412191234,0.5235329587808766,1.0,scale,0.2518369597051319,660,1160,1260,1290
2024-08-30,64.97552490234375,0.0012821036692189924,1,0,0.4682777724128273,0.5317222275871727,0.5317222275871727,1.0,scale,0.2518369597051319,660,1160,1260,1290
2024-08-31,65.05883026123047,-0.023555446208576525,0,0,0.4811227716548698,0.5188772283451302,0.5188772283451302,1.0,scale,0.2518369597051319,660,1160,1260,1290
2024-09-01,63.52634048461914,0.028061708099219596,1,0,0.48625758012018727,0.5137424198798127,0.5137424198798127,1.0,scale,0.2518369597051319,660,1160,1260,1290
2024-09-02,65.30899810791016,-0.013571325185764205,0,0,0.44068599720475715,0.5593140027952428,0.5593140027952428,1.0,scale,0.2518369597051319,660,1160,1260,1290
2024-09-03,64.42266845703125,0.015595082335308152,1,0,0.48650065652990876,0.5134993434700912,0.5134993434700912,1.0,scale,0.2518369597051319,660,1160,1260,1290
2024-09-04,65.4273452758789,0.01001470085274736,1,0,0.4734294270636269,0.5265705729363731,0.5265705729363731,1.0,scale,0.2518369597051319,660,1160,1260,1290
2024-09-05,66.08258056640625,-0.046617035975900944,0,0,0.47219010508670756,0.5278098949132924,0.5278098949132924,1.0,scale,0.2518369597051319,660,1160,1260,1290
2024-09-06,63.00200653076172,-0.014530445703510142,0,1,0.5287981818091154,0.4712018181908846,0.5287981818091154,1.0,scale,0.2518369597051319,660,1160,1260,1290
2024-09-07,62.0865592956543,-0.019184585237587592,0,1,0.5370009053009266,0.4629990946990734,0.5370009053009266,1.0,scale,0.2518369597051319,660,1160,1260,1290
2024-09-08,60.89545440673828,0.008608077814106885,1,1,0.5421184394752929,0.4578815605247071,0.5421184394752929,1.0,scale,0.2518369597051319,660,1160,1260,1290
2024-09-09,61.41964721679688,0.0020644947155392668,1,1,0.5278259909201457,0.4721740090798543,0.5278259909201457,1.0,scale,0.2518369597051319,660,1160,1260,1290
2024-09-10,61.54644775390625,0.010410354956529089,1,1,0.5366987982268794,0.4633012017731206,0.5366987982268794,1.0,scale,0.2518369597051319,660,1160,1260,1290
2024-09-11,62.18716812133789,0.010580178754830749,1,1,0.523456687876004,0.47654331212399603,0.523456687876004,10.0,scale,0.24950093649104402,690,1190,1290,1320
2024-09-12,62.84511947631836,0.033962304464890014,1,1,0.5231420127073874,0.47685798729261264,0.5231420127073874,10.0,scale,0.24950093649104402,690,1190,1290,1320
2024-09-13,64.97948455810547,0.015323956547564688,1,1,0.5230700000046007,0.4769299999953993,0.5230700000046007,10.0,scale,0.24950093649104402,690,1190,1290,1320
2024-09-14,65.97522735595703,-0.03999280717386111,0,1,0.5230057673427297,0.47699423265727026,0.5230057673427297,10.0,scale,0.24950093649104402,690,1190,1290,1320
2024-09-15,63.336692810058594,-0.011854125201601118,0,1,0.5235924191245341,0.47640758087546586,0.5235924191245341,10.0,scale,0.24950093649104402,690,1190,1290,1320
2024-09-16,62.58589172363281,0.01849143352555771,1,1,0.5235132823836524,0.47648671761634764,0.5235132823836524,10.0,scale,0.24950093649104402,690,1190,1290,1320
2024-09-17,63.743194580078125,0.015972451294729684,1,1,0.5234067821567613,0.4765932178432387,0.5234067821567613,10.0,scale,0.24950093649104402,690,1190,1290,1320
2024-09-18,64.7613296508789,0.01054969507199055,1,1,0.5234353317071168,0.47656466829288324,0.5234353317071168,10.0,scale,0.24950093649104402,690,1190,1290,1320
2024-09-19,65.44454193115234,-0.0025361546300064486,0,1,0.5234021007791206,0.47659789922087936,0.5234021007791206,10.0,scale,0.24950093649104402,690,1190,1290,1320
2024-09-20,65.278564453125,0.02549475280592106,1,1,0.5233248412432863,0.47667515875671373,0.5233248412432863,10.0,scale,0.24950093649104402,690,1190,1290,1320
2024-09-21,66.94282531738281,0.024731574946463164,1,1,0.5228205705756559,0.4771794294243441,0.5228205705756559,10.0,scale,0.24950093649104402,690,1190,1290,1320
2024-09-22,68.59842681884766,-0.022938200598287217,0,1,0.5225530207710788,0.4774469792289212,0.5225530207710788,10.0,scale,0.24950093649104402,690,1190,1290,1320
2024-09-23,67.02490234375,-0.004543380783436635,0,1,0.523564737635877,0.47643526236412304,0.523564737635877,10.0,scale,0.24950093649104402,690,1190,1290,1320
2024-09-24,66.72038269042969,-0.001982693540460101,0,1,0.5235132990586688,0.47648670094133116,0.5235132990586688,10.0,scale,0.24950093649104402,690,1190,1290,1320
2024-09-25,66.58809661865234,0.028987372011501034,1,1,0.5234395228730044,0.47656047712699556,0.5234395228730044,10.0,scale,0.24950093649104402,690,1190,1290,1320
2024-09-26,68.518310546875,0.03896610024550062,1,1,0.5231086608341078,0.4768913391658922,0.5231086608341078,10.0,scale,0.24950093649104402,690,1190,1290,1320
2024-09-27,71.18820190429688,-0.01663526521898495,0,1,0.5225909488854247,0.4774090511145753,0.5225909488854247,10.0,scale,0.24950093649104402,690,1190,1290,1320
2024-09-28,70.00396728515625,-0.009850079995117444,0,1,0.5233478658794468,0.4766521341205532,0.5233478658794468,10.0,scale,0.24950093649104402,690,1190,1290,1320
2024-09-29,69.31442260742188,-0.03598057495833873,0,1,0.5233636282405335,0.4766363717594665,0.5233636282405335,10.0,scale,0.24950093649104402,690,1190,1290,1320
2024-09-30,66.82044982910156,-0.05081545598512949,0,1,0.5234006374148245,0.47659936258517555,0.5234006374148245,10.0,scale,0.24950093649104402,690,1190,1290,1320
2024-10-01,63.4249382019043,-0.007421059446964917,0,1,0.5234335254068055,0.47656647459319446,0.5234335254068055,10.0,scale,0.24950093649104402,690,1190,1290,1320
2024-10-02,62.95425796508789,0.007939911341403372,1,1,0.523531988465425,0.47646801153457496,0.523531988465425,10.0,scale,0.24950093649104402,690,1190,1290,1320
2024-10-03,63.45410919189453,0.023466353543086127,1,1,0.5236814848954244,0.47631851510457557,0.5236814848954244,10.0,scale,0.24950093649104402,690,1190,1290,1320
2024-10-04,64.94314575195312,0.0204640900126265,1,1,0.5234770659441785,0.47652293405582147,0.5234770659441785,10.0,scale,0.24950093649104402,690,1190,1290,1320
2024-10-05,66.27214813232422,0.012013460546418164,1,1,0.5232163533738584,0.4767836466261416,0.5232163533738584,10.0,scale,0.24950093649104402,690,1190,1290,1320
2024-10-06,67.06830596923828,-0.03422382344586827,0,1,0.5230537242345265,0.47694627576547355,0.5230537242345265,10.0,scale,0.24950093649104402,690,1190,1290,1320
2024-10-07,64.7729721069336,0.01350342046682873,1,1,0.523325939005384,0.47667406099461596,0.523325939005384,10.0,scale,0.24950093649104402,690,1190,1290,1320
2024-10-08,65.64762878417969,-0.016736230508313854,0,1,0.5234175355412855,0.47658246445871455,0.5234175355412855,10.0,scale,0.24950093649104402,690,1190,1290,1320
2024-10-09,64.54893493652344,-0.004730066267496724,0,1,0.5236047940007427,0.47639520599925733,0.5236047940007427,10.0,scale,0.24950093649104402,690,1190,1290,1320
2024-10-10,64.24361419677734,0.01963259121536054,1,1,0.5238681143907028,0.4761318856092972,0.5238681143907028,10.0,scale,0.24950093649104402,690,1190,1290,1320
2024-10-11,65.5048828125,0.010790071485009767,1,1,0.5855976976874235,0.41440230231257646,0.5855976976874235,1.0,0.1,0.24812713432098277,720,1220,1320,1350
2024-10-12,66.21168518066406,-0.0219713134692201,0,1,0.5680395826578954,0.43196041734210455,0.5680395826578954,1.0,0.1,0.24812713432098277,720,1220,1320,1350
2024-10-13,64.75692749023438,0.03164075109981135,1,1,0.5791131606218644,0.42088683937813565,0.5791131606218644,1.0,0.1,0.24812713432098277,720,1220,1320,1350
2024-10-14,66.8058853149414,0.06088873930908223,1,1,0.5571371850799061,0.44286281492009394,0.5571371850799061,1.0,0.1,0.24812713432098277,720,1220,1320,1350
2024-10-15,70.87361145019531,-0.011335753114307234,0,0,0.44952477621528375,0.5504752237847162,0.5504752237847162,1.0,0.1,0.24812713432098277,720,1220,1320,1350
2024-10-16,70.07020568847656,0.038116047029248534,1,1,0.5103029253072588,0.48969707469274115,0.5103029253072588,1.0,0.1,0.24812713432098277,720,1220,1320,1350
2024-10-17,72.74100494384766,0.005343858689706771,1,0,0.42812564400397635,0.5718743559960237,0.5718743559960237,1.0,0.1,0.24812713432098277,720,1220,1320,1350
2024-10-18,73.12972259521484,0.023886887146189695,1,0,0.4515205934919428,0.5484794065080572,0.5484794065080572,1.0,0.1,0.24812713432098277,720,1220,1320,1350
2024-10-19,74.8765640258789,-0.007535697433346922,0,0,0.43537404592658374,0.5646259540734162,0.5646259540734162,1.0,0.1,0.24812713432098277,720,1220,1320,1350
2024-10-20,74.31231689453125,-0.04827374288828312,0,0,0.483172068491111,0.5168279315088891,0.5168279315088891,1.0,0.1,0.24812713432098277,720,1220,1320,1350
2024-10-21,70.72498321533203,-0.011262272702510678,0,1,0.5652791986119893,0.4347208013880107,0.5652791986119893,1.0,0.1,0.24812713432098277,720,1220,1320,1350
2024-10-22,69.92845916748047,0.0032598842004119,1,1,0.5744871456250499,0.4255128543749501,0.5744871456250499,1.0,0.1,0.24812713432098277,720,1220,1320,1350
2024-10-23,70.15641784667969,0.01323554391899906,1,1,0.5573218701618857,0.4426781298381143,0.5573218701618857,1.0,0.1,0.24812713432098277,720,1220,1320,1350
2024-10-24,71.08497619628906,-0.034309050417236864,0,1,0.5714624966788147,0.42853750332118534,0.5714624966788147,1.0,0.1,0.24812713432098277,720,1220,1320,1350
2024-10-25,68.6461181640625,-0.003601633505172064,0,1,0.5769373220017394,0.4230626779982606,0.5769373220017394,1.0,0.1,0.24812713432098277,720,1220,1320,1350
2024-10-26,68.39888000488281,0.039196767760773854,1,1,0.5475872174894514,0.4524127825105486,0.5475872174894514,1.0,0.1,0.24812713432098277,720,1220,1320,1350
2024-10-27,71.07989501953125,-0.005091780420806602,0,1,0.5266449435522491,0.4733550564477509,0.5266449435522491,1.0,0.1,0.24812713432098277,720,1220,1320,1350
2024-10-28,70.71797180175781,0.046094214073227446,1,1,0.5477677065212008,0.45223229347879923,0.5477677065212008,1.0,0.1,0.24812713432098277,720,1220,1320,1350
2024-10-29,73.9776611328125,-0.028887628398168386,0,0,0.47665129637809867,0.5233487036219013,0.5233487036219013,1.0,0.1,0.24812713432098277,720,1220,1320,1350
2024-10-30,71.84062194824219,-0.0366920361662455,0,1,0.514413652616729,0.485586347383271,0.514413652616729,1.0,0.1,0.24812713432098277,720,1220,1320,1350
2024-10-31,69.20464324951172,0.014483301401167825,1,1,0.5494415164444313,0.4505584835555687,0.5494415164444313,1.0,0.1,0.24812713432098277,720,1220,1320,1350
2024-11-01,70.20695495605469,-0.015363013447051488,0,1,0.5479480518559547,0.45205194814404526,0.5479480518559547,1.0,0.1,0.24812713432098277,720,1220,1320,1350
2024-11-02,69.12836456298828,-0.032074565658877785,0,1,0.5446225047094023,0.4553774952905977,0.5446225047094023,1.0,0.1,0.24812713432098277,720,1220,1320,1350
2024-11-03,66.91110229492188,-0.021201066524122902,0,1,0.5442539368469954,0.4557460631530046,0.5442539368469954,1.0,0.1,0.24812713432098277,720,1220,1320,1350
2024-11-04,65.49251556396484,-0.0007945961404831614,0,1,0.5440352560679549,0.4559647439320451,0.5440352560679549,1.0,0.1,0.24812713432098277,720,1220,1320,1350
2024-11-05,65.44047546386719,0.08531370877049893,1,1,0.5491910083463779,0.4508089916536221,0.5491910083463779,1.0,0.1,0.24812713432098277,720,1220,1320,1350
2024-11-06,71.02344512939453,0.006621310028751104,1,1,0.5385183749479286,0.46148162505207135,0.5385183749479286,1.0,0.1,0.24812713432098277,720,1220,1320,1350
2024-11-07,71.49371337890625,0.018336914661933656,1,1,0.5453461593629094,0.4546538406370906,0.5453461593629094,1.0,0.1,0.24812713432098277,720,1220,1320,1350
2024-11-08,72.8046875,0.017290469236237893,1,1,0.5479755894966627,0.4520244105033373,0.5479755894966627,1.0,0.1,0.24812713432098277,720,1220,1320,1350
2024-11-09,74.06351470947266,0.033209468859259905,1,1,0.5428096499730477,0.4571903500269523,0.5428096499730477,1.0,0.1,0.24812713432098277,720,1220,1320,1350
2024-11-10,76.52312469482422,0.046995829228580366,1,1,0.5090437976107133,0.4909562023892867,0.5090437976107133,1.0,0.1,0.24841550777409524,750,1250,1350,1380
2024-11-11,80.11939239501953,-0.039797135793873006,0,1,0.5134373550065039,0.4865626449934961,0.5134373550065039,1.0,0.1,0.24841550777409524,750,1250,1350,1380
2024-11-12,76.93087005615234,-0.01928163115859871,0,1,0.5153107516550398,0.4846892483449602,0.5153107516550398,1.0,0.1,0.24841550777409524,750,1250,1350,1380
2024-11-13,75.44751739501953,0.08772565473128524,1,1,0.519439753729477,0.48056024627052296,0.519439753729477,1.0,0.1,0.24841550777409524,750,1250,1350,1380
2024-11-14,82.06620025634766,0.019903071431340402,1,1,0.5148356072033135,0.48516439279668655,0.5148356072033135,1.0,0.1,0.24841550777409524,750,1250,1350,1380
2024-11-15,83.69956970214844,0.13885232169047113,1,1,0.5077460028704316,0.4922539971295684,0.5077460028704316,1.0,0.1,0.24841550777409524,750,1250,1350,1380
2024-11-16,95.32144927978516,-0.08670604618722966,0,1,0.5205454908856061,0.4794545091143939,0.5205454908856061,1.0,0.1,0.24841550777409524,750,1250,1350,1380
2024-11-17,87.05650329589844,0.024365615691278375,1,1,0.5041642361907496,0.49583576380925043,0.5041642361907496,1.0,0.1,0.24841550777409524,750,1250,1350,1380
2024-11-18,89.17768859863281,-0.026432199719763516,0,1,0.5077735165002656,0.4922264834997344,0.5077735165002656,1.0,0.1,0.24841550777409524,750,1250,1350,1380
2024-11-19,86.82052612304688,-0.039732278593359815,0,0,0.49515337798688425,0.5048466220131158,0.5048466220131158,1.0,0.1,0.24841550777409524,750,1250,1350,1380
2024-11-20,83.3709487915039,0.0739753671369836,1,1,0.5061554974302291,0.49384450256977086,0.5061554974302291,1.0,0.1,0.24841550777409524,750,1250,1350,1380
2024-11-21,89.53834533691406,0.02828603004268082,1,1,0.5194599698503111,0.48054003014968893,0.5194599698503111,1.0,0.1,0.24841550777409524,750,1250,1350,1380
2024-11-22,92.07102966308594,0.07950565523477349,1,1,0.5056384565738785,0.4943615434261215,0.5056384565738785,1.0,0.1,0.24841550777409524,750,1250,1350,1380
2024-11-23,99.39119720458984,-0.024566446589546542,0,1,0.5180065462130009,0.4819934537869991,0.5180065462130009,1.0,0.1,0.24841550777409524,750,1250,1350,1380
2024-11-24,96.9495086669922,-0.04730036106617219,0,0,0.4979885982540404,0.5020114017459596,0.5020114017459596,1.0,0.1,0.24841550777409524,750,1250,1350,1380
2024-11-25,92.36376190185548,0.0073742578555977545,1,1,0.5025183799075534,0.49748162009244656,0.5025183799075534,1.0,0.1,0.24841550777409524,750,1250,1350,1380
2024-11-26,93.0448760986328,0.04547746732463187,1,1,0.5001944319677627,0.4998055680322373,0.5001944319677627,1.0,0.1,0.24841550777409524,750,1250,1350,1380
2024-11-27,97.2763214111328,-0.016612599549403084,0,1,0.504666232968038,0.49533376703196197,0.504666232968038,1.0,0.1,0.24841550777409524,750,1250,1350,1380
2024-11-28,95.66030883789062,0.08755312086370282,1,1,0.505054831493005,0.494945168506995,0.505054831493005,1.0,0.1,0.24841550777409524,750,1250,1350,1380
2024-11-29,104.0356674194336,-0.0131479801172808,0,1,0.5191966492436808,0.4808033507563192,0.5191966492436808,1.0,0.1,0.24841550777409524,750,1250,1350,1380
2024-11-30,102.66780853271484,0.16750516000185778,1,1,0.5049549277484169,0.4950450722515831,0.5049549277484169,1.0,0.1,0.24841550777409524,750,1250,1350,1380
2024-12-01,119.86519622802734,0.11181161240766091,1,1,0.5147504688750018,0.48524953112499825,0.5147504688750018,1.0,0.1,0.24841550777409524,750,1250,1350,1380
2024-12-02,133.26751708984375,-0.011072818079603253,0,1,0.5002461395274097,0.4997538604725903,0.5002461395274097,1.0,0.1,0.24841550777409524,750,1250,1350,1380
2024-12-03,131.7918701171875,0.018631806557562358,1,0,0.47103781372167675,0.5289621862783233,0.5289621862783233,1.0,0.1,0.24841550777409524,750,1250,1350,1380
2024-12-04,134.2473907470703,0.00776423195310505,1,0,0.4561540007167176,0.5438459992832825,0.5438459992832825,1.0,0.1,0.24841550777409524,750,1250,1350,1380
2024-12-05,135.2897186279297,0.007014501011521457,1,0,0.4736972957398312,0.5263027042601688,0.5263027042601688,1.0,0.1,0.24841550777409524,750,1250,1350,1380
2024-12-06,136.23870849609375,-0.01753455772164314,0,0,0.4619997560011142,0.5380002439988858,0.5380002439988858,1.0,0.1,0.24841550777409524,750,1250,1350,1380
2024-12-07,133.84982299804688,0.00989696513285132,1,0,0.4697096414317996,0.5302903585682004,0.5302903585682004,1.0,0.1,0.24841550777409524,750,1250,1350,1380
2024-12-08,135.17453002929688,-0.18000912764914612,0,0,0.4766101539788505,0.5233898460211495,0.5233898460211495,1.0,0.1,0.24841550777409524,750,1250,1350,1380
2024-12-09,110.84188079833984,-0.008806969200111703,0,1,0.521731846259487,0.478268153740513,0.521731846259487,1.0,0.1,0.24841550777409524,750,1250,1350,1380
2024-12-10,109.8656997680664,0.06977332512888434,1,1,0.5216991891524243,0.4783008108475757,0.5216991891524243,1.0,0.1,0.24659108938437746,780,1280,1380,1410
2024-12-11,117.5313949584961,0.014766043008554108,1,0,0.47545340090458005,0.5245465990954199,0.5245465990954199,1.0,0.1,0.24659108938437746,780,1280,1380,1410
2024-12-12,119.2668685913086,0.04120038788304958,1,0,0.48182828637757125,0.5181717136224288,0.5181717136224288,1.0,0.1,0.24659108938437746,780,1280,1380,1410
2024-12-13,124.1807098388672,-0.048286824274385465,0,0,0.4556435869062448,0.5443564130937553,0.5443564130937553,1.0,0.1,0.24659108938437746,780,1280,1380,1410
2024-12-14,118.18441772460938,0.025000019366498538,1,0,0.45811698393016403,0.541883016069836,0.541883016069836,1.0,0.1,0.24659108938437746,780,1280,1380,1410
2024-12-15,121.13903045654295,-0.024664857237417737,0,0,0.45413321605105644,0.5458667839489435,0.5458667839489435,1.0,0.1,0.24659108938437746,780,1280,1380,1410
2024-12-16,118.15115356445312,0.055938962340152276,1,1,0.5173055289828187,0.4826944710171813,0.5173055289828187,1.0,0.1,0.24659108938437746,780,1280,1380,1410
2024-12-17,124.76040649414062,-0.13000480168408723,0,0,0.4868926747722984,0.5131073252277016,0.5131073252277016,1.0,0.1,0.24659108938437746,780,1280,1380,1410
2024-12-18,108.54095458984376,-0.08158445962093763,0,1,0.5559620428187403,0.4440379571812597,0.5559620428187403,1.0,0.1,0.24659108938437746,780,1280,1380,1410
2024-12-19,99.68569946289062,0.016816005872950734,1,1,0.5546658726534942,0.4453341273465058,0.5546658726534942,1.0,0.1,0.24659108938437746,780,1280,1380,1410
2024-12-20,101.3620147705078,0.0010088273712185458,1,1,0.5425252305642788,0.4574747694357212,0.5425252305642788,1.0,0.1,0.24659108938437746,780,1280,1380,1410
2024-12-21,101.46427154541016,-0.01872792382957522,0,1,0.5190009940738757,0.4809990059261243,0.5190009940738757,1.0,0.1,0.24659108938437746,780,1280,1380,1410
2024-12-22,99.56405639648438,0.07004136379449588,1,1,0.5235537981488414,0.4764462018511586,0.5235537981488414,1.0,0.1,0.24659108938437746,780,1280,1380,1410
2024-12-23,106.53765869140624,0.016770786009614458,1,1,0.5030413515443508,0.4969586484556492,0.5030413515443508,1.0,0.1,0.24659108938437746,780,1280,1380,1410
2024-12-24,108.32437896728516,0.011572447476608794,1,0,0.4511778186416836,0.5488221813583164,0.5488221813583164,1.0,0.1,0.24659108938437746,780,1280,1380,1410
2024-12-25,109.57795715332033,-0.06786291230516583,0,0,0.4861719519235998,0.5138280480764001,0.5138280480764001,1.0,0.1,0.24659108938437746,780,1280,1380,1410
2024-12-26,102.14167785644533,-0.017893900423919806,0,1,0.547986189045369,0.452013810954631,0.547986189045369,1.0,0.1,0.24659108938437746,780,1280,1380,1410
2024-12-27,100.31396484375,0.0026986652015401624,1,1,0.5401971283581002,0.4598028716418998,0.5401971283581002,1.0,0.1,0.24659108938437746,780,1280,1380,1410
2024-12-28,100.58467864990234,-0.022961983368268823,0,1,0.5161519644061368,0.48384803559386325,0.5161519644061368,1.0,0.1,0.24659108938437746,780,1280,1380,1410
2024-12-29,98.27505493164062,0.010523163069512398,1,1,0.5611482786870551,0.4388517213129449,0.5611482786870551,1.0,0.1,0.24659108938437746,780,1280,1380,1410
2024-12-30,99.30921936035156,0.03785441700934289,1,1,0.5687074955264454,0.4312925044735546,0.5687074955264454,1.0,0.1,0.24659108938437746,780,1280,1380,1410
2024-12-31,103.06851196289062,0.016916670441817105,1,1,0.5408750354174208,0.45912496458257923,0.5408750354174208,1.0,0.1,0.24659108938437746,780,1280,1380,1410
2025-01-01,104.81208801269533,0.0026498169666024918,1,0,0.4651309140943445,0.5348690859056555,0.5348690859056555,1.0,0.1,0.24659108938437746,780,1280,1380,1410
2025-01-02,105.0898208618164,0.0722946076590425,1,0,0.4823211628755434,0.5176788371244566,0.5176788371244566,1.0,0.1,0.24659108938437746,780,1280,1380,1410
2025-01-03,112.68724822998048,-0.013485583721159933,0,0,0.4531603694801471,0.5468396305198528,0.5468396305198528,1.0,0.1,0.24659108938437746,780,1280,1380,1410
2025-01-04,111.16759490966795,0.03866444205902986,1,0,0.4578514909406637,0.5421485090593363,0.5421485090593363,1.0,0.1,0.24659108938437746,780,1280,1380,1410
2025-01-05,115.46582794189452,-0.01260193954977984,0,0,0.45250743281681727,0.5474925671831827,0.5474925671831827,1.0,0.1,0.24659108938437746,780,1280,1380,1410
2025-01-06,114.01073455810548,-0.09799730520359373,0,0,0.4847235448494057,0.5152764551505943,0.5152764551505943,1.0,0.1,0.24659108938437746,780,1280,1380,1410
2025-01-07,102.8379898071289,-0.013023565749283983,0,1,0.5210477012883765,0.4789522987116235,0.5210477012883765,1.0,0.1,0.24659108938437746,780,1280,1380,1410
2025-01-08,101.49867248535156,0.007555529564327923,1,0,0.47434163780672123,0.5256583621932788,0.5256583621932788,1.0,0.1,0.24659108938437746,780,1280,1380,1410
2025-01-09,102.26554870605467,0.01712387581458019,1,1,0.5198746282270948,0.48012537177290515,0.5198746282270948,10.0,scale,0.24645521590342992,810,1310,1410,1440
2025-01-10,104.01673126220705,0.0034414770303043962,1,1,0.5161967006424073,0.4838032993575927,0.5161967006424073,10.0,scale,0.24645521590342992,810,1310,1410,1440
2025-01-11,104.37470245361328,-0.019375318379653228,0,1,0.5075491786603882,0.4924508213396118,0.5075491786603882,10.0,scale,0.24645521590342992,810,1310,1410,1440
2025-01-12,102.35240936279295,-0.03800817485102148,0,1,0.5045100595372453,0.49548994046275474,0.5045100595372453,10.0,scale,0.24645521590342992,810,1310,1410,1440
2025-01-13,98.4621810913086,0.040132236809734545,1,0,0.4972629551198982,0.5027370448801018,0.5027370448801018,10.0,scale,0.24645521590342992,810,1310,1410,1440
2025-01-14,102.41368865966795,0.14448372776028928,1,1,0.504218245123303,0.49578175487669696,0.504218245123303,10.0,scale,0.24645521590342992,810,1310,1410,1440
2025-01-15,117.21080017089844,0.060461936799805605,1,1,0.5039586870350741,0.49604131296492593,0.5039586870350741,10.0,scale,0.24645521590342992,810,1310,1410,1440
2025-01-16,124.29759216308594,0.10211494841557789,1,0,0.48534927616431145,0.5146507238356886,0.5146507238356886,10.0,scale,0.24645521590342992,810,1310,1410,1440
2025-01-17,136.990234375,-0.08456283014799182,0,0,0.46211947731814745,0.5378805226818526,0.5378805226818526,10.0,scale,0.24645521590342992,810,1310,1410,1440
2025-01-18,125.40595245361328,-0.08031479066792913,0,0,0.4935929530054521,0.5064070469945479,0.5064070469945479,10.0,scale,0.24645521590342992,810,1310,1410,1440
2025-01-19,115.33399963378906,0.026792448636500543,1,1,0.51959396260786,0.48040603739214005,0.51959396260786,10.0,scale,0.24645521590342992,810,1310,1410,1440
2025-01-20,118.42407989501952,0.004051583031940309,1,0,0.49562538052598226,0.5043746194740177,0.5043746194740177,10.0,scale,0.24645521590342992,810,1310,1410,1440
2025-01-21,118.90388488769533,-0.030767977095881638,0,0,0.4925163356851393,0.5074836643148607,0.5074836643148607,10.0,scale,0.24645521590342992,810,1310,1410,1440
2025-01-22,115.24545288085938,0.010951542529147762,1,1,0.5145356090553569,0.4854643909446431,0.5145356090553569,10.0,scale,0.24645521590342992,810,1310,1410,1440
2025-01-23,116.507568359375,0.01877966430225375,1,1,0.521539051529282,0.47846094847071796,0.521539051529282,10.0,scale,0.24645521590342992,810,1310,1410,1440
2025-01-24,118.69554138183594,0.04454698912985777,1,1,0.5048533505499695,0.4951466494500305,0.5048533505499695,10.0,scale,0.24645521590342992,810,1310,1410,1440
2025-01-25,123.98307037353516,-0.05465632299489209,0,0,0.485446609064557,0.514553390935443,0.514553390935443,10.0,scale,0.24645521590342992,810,1310,1410,1440
2025-01-26,117.20661163330078,-0.019690929311332983,0,1,0.5098953469043774,0.49010465309562257,0.5098953469043774,10.0,scale,0.24645521590342992,810,1310,1410,1440
2025-01-27,114.8987045288086,-0.04071997860823817,0,1,0.5386756374903306,0.46132436250966935,0.5386756374903306,10.0,scale,0.24645521590342992,810,1310,1410,1440
2025-01-28,110.22003173828124,0.0496307822653661,1,1,0.5002193056962941,0.49978069430370586,0.5002193056962941,10.0,scale,0.24645521590342992,810,1310,1410,1440
2025-01-29,115.69033813476562,0.12292567993012815,1,1,0.5204576194015542,0.4795423805984458,0.5204576194015542,10.0,scale,0.24645521590342992,810,1310,1410,1440
2025-01-30,129.91165161132812,-0.014615645727158788,0,0,0.4949723505525808,0.5050276494474192,0.5050276494474192,10.0,scale,0.24645521590342992,810,1310,1410,1440
2025-01-31,128.01290893554688,-0.07106940451667054,0,0,0.4775962846340466,0.5224037153659534,0.5224037153659534,10.0,scale,0.24645521590342992,810,1310,1410,1440
2025-02-01,118.91510772705078,-0.0793277310708711,0,1,0.5195428196272153,0.48045718037278473,0.5195428196272153,10.0,scale,0.24645521590342992,810,1310,1410,1440
2025-02-02,109.48184204101562,-0.023099854188193936,0,1,0.52780261242356,0.47219738757644003,0.52780261242356,10.0,scale,0.24645521590342992,810,1310,1410,1440
2025-02-03,106.95282745361328,-0.051449721407843096,0,1,0.5483371915848937,0.4516628084151063,0.5483371915848937,10.0,scale,0.24645521590342992,810,1310,1410,1440
2025-02-04,101.45013427734376,0.019098654220203848,1,1,0.5068976336394221,0.4931023663605779,0.5068976336394221,10.0,scale,0.24645521590342992,810,1310,1410,1440
2025-02-05,103.3876953125,-0.016429502498370607,0,1,0.535547818900994,0.464452181099006,0.535547818900994,10.0,scale,0.24645521590342992,810,1310,1410,1440
2025-02-06,101.6890869140625,0.015019515939868278,1,1,0.5177871592333053,0.4822128407666947,0.5177871592333053,10.0,scale,0.24645521590342992,810,1310,1410,1440
2025-02-07,103.2164077758789,0.014229219912717861,1,1,0.5002519821853573,0.49974801781464273,0.5002519821853573,10.0,scale,0.24645521590342992,810,1310,1410,1440
2025-02-08,104.68509674072266,0.026494748851874972,1,0,0.4979174791948962,0.5020825208051038,0.5020825208051038,10.0,scale,0.2472225230174528,840,1340,1440,1470
2025-02-09,107.45870208740234,0.1174713754027652,1,1,0.5128470095917358,0.4871529904082642,0.5128470095917358,10.0,scale,0.2472225230174528,840,1340,1440,1470
2025-02-10,120.08202362060548,-0.003216071066536319,0,0,0.4916830515320737,0.5083169484679263,0.5083169484679263,10.0,scale,0.2472225230174528,840,1340,1440,1470
2025-02-11,119.69583129882812,0.01961715040539813,1,1,0.5048963325205728,0.49510366747942725,0.5048963325205728,10.0,scale,0.2472225230174528,840,1340,1440,1470
2025-02-12,122.0439224243164,0.035019008171829125,1,0,0.4758095794987049,0.524190420501295,0.524190420501295,10.0,scale,0.2472225230174528,840,1340,1440,1470
2025-02-13,126.31777954101562,-0.009428918426133137,0,0,0.4525307836655353,0.5474692163344648,0.5474692163344648,10.0,scale,0.2472225230174528,840,1340,1440,1470
2025-02-14,125.12673950195312,0.06963898664269363,1,0,0.4892853379665806,0.5107146620334194,0.5107146620334194,10.0,scale,0.2472225230174528,840,1340,1440,1470
2025-02-15,133.84043884277344,-0.06190996226699885,0,0,0.44449649133388885,0.5555035086661111,0.5555035086661111,10.0,scale,0.2472225230174528,840,1340,1440,1470
2025-02-16,125.55438232421876,-0.025857610023513944,0,1,0.5203175978046023,0.4796824021953977,0.5203175978046023,10.0,scale,0.2472225230174528,840,1340,1440,1470
2025-02-17,122.30784606933594,0.058722608144876176,1,1,0.5288202323909394,0.47117976760906055,0.5288202323909394,10.0,scale,0.2472225230174528,840,1340,1440,1470
2025-02-18,129.49008178710938,0.044208981528027325,1,1,0.5119182847937825,0.48808171520621746,0.5119182847937825,10.0,scale,0.2472225230174528,840,1340,1440,1470
2025-02-19,135.21470642089844,-0.034114580365180336,0,0,0.4928701886897267,0.5071298113102733,0.5071298113102733,10.0,scale,0.2472225230174528,840,1340,1440,1470
2025-02-20,130.60191345214844,-0.019537506570471486,0,1,0.5264080197694008,0.47359198023059923,0.5264080197694008,10.0,scale,0.2472225230174528,840,1340,1440,1470
2025-02-21,128.05027770996094,-0.015548976197651498,0,1,0.5433163880556412,0.4566836119443588,0.5433163880556412,10.0,scale,0.2472225230174528,840,1340,1440,1470
2025-02-22,126.0592269897461,0.030800222843113678,1,0,0.49127554085026504,0.508724459149735,0.508724459149735,10.0,scale,0.2472225230174528,840,1340,1440,1470
2025-02-23,129.94187927246094,-0.11913367405401043,0,1,0.5013165444001431,0.49868345559985694,0.5013165444001431,10.0,scale,0.2472225230174528,840,1340,1440,1470
2025-02-24,114.46142578125,0.001337426999748148,1,1,0.5538981262949012,0.4461018737050988,0.5538981262949012,10.0,scale,0.2472225230174528,840,1340,1440,1470
2025-02-25,114.61450958251952,0.08731209253057681,1,1,0.5524855599134992,0.44751444008650076,0.5524855599134992,10.0,scale,0.2472225230174528,840,1340,1440,1470
2025-02-26,124.62174224853516,0.017240586611548814,1,1,0.5167774722056976,0.4832225277943024,0.5167774722056976,10.0,scale,0.2472225230174528,840,1340,1440,1470
2025-02-27,126.77029418945312,0.009400376840781988,1,0,0.48932789830260864,0.5106721016973914,0.5106721016973914,10.0,scale,0.2472225230174528,840,1340,1440,1470
2025-02-28,127.96198272705078,-0.028852628031103666,0,1,0.5057591062673,0.49424089373269997,0.5057591062673,10.0,scale,0.2472225230174528,840,1340,1440,1470
2025-03-01,124.26994323730467,0.02595112691249124,1,0,0.46090889304809646,0.5390911069519035,0.5390911069519035,10.0,scale,0.2472225230174528,840,1340,1440,1470
2025-03-02,127.49488830566406,-0.1376137648173269,0,1,0.5098992720613009,0.4901007279386991,0.5098992720613009,10.0,scale,0.2472225230174528,840,1340,1440,1470
2025-03-03,109.94983673095705,-0.05675771414812436,0,1,0.5246785135888024,0.47532148641119765,0.5246785135888024,10.0,scale,0.2472225230174528,840,1340,1440,1470
2025-03-04,103.70933532714844,0.009861631278143212,1,1,0.5507477842601572,0.44925221573984275,0.5507477842601572,10.0,scale,0.2472225230174528,840,1340,1440,1470
2025-03-05,104.7320785522461,-0.012737040685581458,0,1,0.5203113575025529,0.47968864249744714,0.5203113575025529,10.0,scale,0.2472225230174528,840,1340,1440,1470
2025-03-06,103.39810180664062,0.0008098817377866219,1,1,0.5677507813958407,0.4322492186041593,0.5677507813958407,10.0,scale,0.2472225230174528,840,1340,1440,1470
2025-03-07,103.48184204101562,-0.011878360656027764,0,1,0.5515327317175273,0.44846726828247274,0.5515327317175273,10.0,scale,0.2472225230174528,840,1340,1440,1470
2025-03-08,102.25264739990234,-0.07610178102391507,0,1,0.5311589158477975,0.4688410841522025,0.5311589158477975,10.0,scale,0.2472225230174528,840,1340,1440,1470
2025-03-09,94.47103881835938,-0.07317637105503993,0,1,0.5512689964229459,0.4487310035770541,0.5512689964229459,10.0,scale,0.2472225230174528,840,1340,1440,1470
2025-03-10,87.55799102783203,0.031690161401644934,1,1,0.5402483050137991,0.45975169498620094,0.5402483050137991,10.0,scale,0.2486984948116923,870,1370,1470,1500
2025-03-11,90.3327178955078,0.012807503997013692,1,1,0.5738660472602326,0.4261339527397674,0.5738660472602326,10.0,scale,0.2486984948116923,870,1370,1470,1500
2025-03-12,91.48965454101562,-0.03780921721732944,0,1,0.5574845845211025,0.4425154154788975,0.5574845845211025,10.0,scale,0.2486984948116923,870,1370,1470,1500
2025-03-13,88.03050231933594,0.0375256947840128,1,1,0.572671061453187,0.427328938546813,0.572671061453187,10.0,scale,0.2486984948116923,870,1370,1470,1500
2025-03-14,91.33390808105467,0.013211327274073037,1,1,0.5342324563746278,0.4657675436253722,0.5342324563746278,10.0,scale,0.2486984948116923,870,1370,1470,1500
2025-03-15,92.5405502319336,-0.023678188874621364,0,1,0.5209254742429804,0.4790745257570196,0.5209254742429804,10.0,scale,0.2486984948116923,870,1370,1470,1500
2025-03-16,90.34935760498048,0.02229411909252854,1,1,0.5532739487962612,0.44672605120373876,0.5532739487962612,10.0,scale,0.2486984948116923,870,1370,1470,1500
2025-03-17,92.36361694335938,-0.024695026153359723,0,1,0.5243388081731245,0.4756611918268755,0.5243388081731245,10.0,scale,0.2486984948116923,870,1370,1470,1500
2025-03-18,90.08269500732422,0.04404564660275545,1,1,0.5277378506473651,0.4722621493526349,0.5277378506473651,10.0,scale,0.2486984948116923,870,1370,1470,1500
2025-03-19,94.05044555664062,-0.008163940756267807,0,1,0.5033475995352779,0.49665240046472214,0.5033475995352779,10.0,scale,0.2486984948116923,870,1370,1470,1500
2025-03-20,93.28262329101562,-0.02518439093331515,0,1,0.5200069892355687,0.47999301076443135,0.5200069892355687,10.0,scale,0.2486984948116923,870,1370,1470,1500
2025-03-21,90.93335723876952,0.0035651189207790424,1,1,0.5301509043971097,0.46984909560289034,0.5301509043971097,10.0,scale,0.2486984948116923,870,1370,1470,1500
2025-03-22,91.2575454711914,0.0017292421757517662,1,1,0.5099034661957381,0.4900965338042619,0.5099034661957381,10.0,scale,0.2486984948116923,870,1370,1470,1500
2025-03-23,91.41535186767578,0.024713084042028655,1,1,0.514673803386786,0.48532619661321397,0.514673803386786,10.0,scale,0.2486984948116923,870,1370,1470,1500
2025-03-24,93.67450714111328,0.008273752342075502,1,0,0.48788946529804983,0.5121105347019501,0.5121105347019501,10.0,scale,0.2486984948116923,870,1370,1470,1500
2025-03-25,94.44954681396484,-0.022369621341921886,0,1,0.5031478038629507,0.49685219613704934,0.5031478038629507,10.0,scale,0.2486984948116923,870,1370,1470,1500
2025-03-26,92.33674621582033,0.005271276093837152,1,1,0.5141219452652123,0.48587805473478773,0.5141219452652123,10.0,scale,0.2486984948116923,870,1370,1470,1500
2025-03-27,92.82347869873048,-0.05846418860090197,0,1,0.5039038592937447,0.4960961407062553,0.5039038592937447,10.0,scale,0.2486984948116923,870,1370,1470,1500
2025-03-28,87.3966293334961,-0.02228777003664084,0,1,0.5097795342684496,0.4902204657315504,0.5097795342684496,10.0,scale,0.2486984948116923,870,1370,1470,1500
2025-03-29,85.4487533569336,0.006491821071525461,1,1,0.5126145606694542,0.4873854393305458,0.5126145606694542,10.0,scale,0.2486984948116923,870,1370,1470,1500
2025-03-30,86.00347137451172,-0.03453314913524752,0,1,0.5125240812223019,0.48747591877769814,0.5125240812223019,10.0,scale,0.2486984948116923,870,1370,1470,1500
2025-03-31,83.03350067138672,0.01752692893660579,1,1,0.5026636927215653,0.4973363072784347,0.5026636927215653,10.0,scale,0.2486984948116923,870,1370,1470,1500
2025-04-01,84.48882293701172,-0.03231128363348812,0,1,0.50866566500122,0.49133433499878,0.50866566500122,10.0,scale,0.2486984948116923,870,1370,1470,1500
2025-04-02,81.75888061523438,0.01915614531134824,1,0,0.493017025464124,0.506982974535876,0.506982974535876,10.0,scale,0.2486984948116923,870,1370,1470,1500
2025-04-03,83.32506561279297,0.01311320895514867,1,1,0.5096836516704877,0.4903163483295123,0.5096836516704877,10.0,scale,0.2486984948116923,870,1370,1470,1500
2025-04-04,84.417724609375,-0.020212204468223582,0,1,0.5116874794876463,0.48831252051235374,0.5116874794876463,10.0,scale,0.2486984948116923,870,1370,1470,1500
2025-04-05,82.71145629882812,-0.14850316700543742,0,1,0.5111339597743388,0.48886604022566116,0.5111339597743388,10.0,scale,0.2486984948116923,870,1370,1470,1500
2025-04-06,70.42854309082031,0.007619369508439222,1,0,0.4895887446082427,0.5104112553917572,0.5104112553917572,10.0,scale,0.2486984948116923,870,1370,1470,1500
2025-04-07,70.96516418457031,-0.026378195624684353,0,1,0.543055259791786,0.45694474020821396,0.543055259791786,10.0,scale,0.2486984948116923,870,1370,1470,1500
2025-04-08,69.09323120117188,0.10013407407178376,1,1,0.5181924315648117,0.48180756843518835,0.5181924315648117,10.0,scale,0.2486984948116923,870,1370,1470,1500
2025-04-09,76.0118179321289,-0.03008725967756165,0,1,0.5275027878631375,0.47249721213686247,0.5275027878631375,0.1,scale,0.24461572588380032,900,1400,1500,1530
2025-04-10,73.7248306274414,0.033765930569400915,1,1,0.5651189087498181,0.43488109125018193,0.5651189087498181,0.1,scale,0.24461572588380032,900,1400,1500,1530
2025-04-11,76.21421813964844,0.03126327011727259,1,1,0.5279028390542589,0.47209716094574106,0.5279028390542589,0.1,scale,0.24461572588380032,900,1400,1500,1530
2025-04-12,78.596923828125,-0.010339787315994275,0,1,0.5142859930937493,0.48571400690625066,0.5142859930937493,0.1,scale,0.24461572588380032,900,1400,1500,1530
2025-04-13,77.78424835205078,-0.009099748247654804,0,1,0.5292098503355206,0.4707901496644794,0.5292098503355206,0.1,scale,0.24461572588380032,900,1400,1500,1530
2025-04-14,77.07643127441406,-0.021677174562254597,0,1,0.5377909573804193,0.46220904261958073,0.5377909573804193,0.1,scale,0.24461572588380032,900,1400,1500,1530
2025-04-15,75.40563201904297,-0.014508021243747282,0,1,0.5545148059528044,0.44548519404719555,0.5545148059528044,0.1,scale,0.24461572588380032,900,1400,1500,1530
2025-04-16,74.3116455078125,0.007650991111454175,1,1,0.5652271243531268,0.43477287564687317,0.5652271243531268,0.1,scale,0.24461572588380032,900,1400,1500,1530
2025-04-17,74.88020324707031,0.014795055334356766,1,1,0.5575989699838738,0.4424010300161262,0.5575989699838738,0.1,scale,0.24461572588380032,900,1400,1500,1530
2025-04-18,75.9880599975586,0.0018260210662610632,1,1,0.5504835867550448,0.44951641324495517,0.5504835867550448,0.1,scale,0.24461572588380032,900,1400,1500,1530
2025-04-19,76.12681579589844,0.021303567595174044,1,1,0.5506631102774472,0.4493368897225528,0.5506631102774472,0.1,scale,0.24461572588380032,900,1400,1500,1530
2025-04-20,77.74858856201172,0.003841752003770571,1,1,0.5220917476331376,0.4779082523668624,0.5220917476331376,0.1,scale,0.24461572588380032,900,1400,1500,1530
2025-04-21,78.04727935791016,0.06868942765620445,1,1,0.5239528428355255,0.47604715716447454,0.5239528428355255,0.1,scale,0.24461572588380032,900,1400,1500,1530
2025-04-22,83.4083023071289,-0.002195839503395969,0,0,0.45405204442668984,0.5459479555733102,0.5459479555733102,0.1,scale,0.24461572588380032,900,1400,1500,1530
2025-04-23,83.22515106201172,0.013295702694608336,1,0,0.49135816096381757,0.5086418390361824,0.5086418390361824,0.1,scale,0.24461572588380032,900,1400,1500,1530
2025-04-24,84.3316879272461,0.02367263360287941,1,0,0.4795592203713994,0.5204407796286006,0.5204407796286006,0.1,scale,0.24461572588380032,900,1400,1500,1530
2025-04-25,86.32804107666016,0.00902079496860364,1,0,0.4744248244892782,0.5255751755107219,0.5255751755107219,0.1,scale,0.24461572588380032,900,1400,1500,1530
2025-04-26,87.1067886352539,-0.018048374299229897,0,0,0.48042977439480394,0.5195702256051961,0.5195702256051961,0.1,scale,0.24461572588380032,900,1400,1500,1530
2025-04-27,85.53465270996094,0.0023010921758763736,1,1,0.5079554807235784,0.49204451927642157,0.5079554807235784,0.1,scale,0.24461572588380032,900,1400,1500,1530
2025-04-28,85.73147583007812,-0.0030307032235306064,0,1,0.5055708623105388,0.4944291376894612,0.5055708623105388,0.1,scale,0.24461572588380032,900,1400,1500,1530
2025-04-29,85.47164916992188,-0.02291032532531634,0,1,0.5214920150062692,0.4785079849937308,0.5214920150062692,0.1,scale,0.24461572588380032,900,1400,1500,1530
2025-04-30,83.51346588134766,0.06480596096736813,1,1,0.5372058007249159,0.46279419927508414,0.5372058007249159,0.1,scale,0.24461572588380032,900,1400,1500,1530
2025-05-01,88.9256362915039,-0.010415453915483597,0,0,0.48532402268217334,0.5146759773178267,0.5146759773178267,0.1,scale,0.24461572588380032,900,1400,1500,1530
2025-05-02,87.99943542480469,-0.015082716172044597,0,1,0.5221799695150388,0.47782003048496124,0.5221799695150388,0.1,scale,0.24461572588380032,900,1400,1500,1530
2025-05-03,86.67216491699219,-0.019016761361985823,0,1,0.5322990766036508,0.46770092339634917,0.5322990766036508,0.1,scale,0.24461572588380032,900,1400,1500,1530
2025-05-04,85.02394104003906,-0.019452080165409003,0,1,0.5557852191902194,0.4442147808097806,0.5557852191902194,0.1,scale,0.24461572588380032,900,1400,1500,1530
2025-05-05,83.37004852294922,0.10185249498077265,1,1,0.562038919850485,0.43796108014951496,0.562038919850485,0.1,scale,0.24461572588380032,900,1400,1500,1530
2025-05-06,91.86149597167967,-0.0262649215520655,0,0,0.4554904206974229,0.5445095793025772,0.5445095793025772,0.1,scale,0.24461572588380032,900,1400,1500,1530
2025-05-07,89.44876098632812,0.05872625472653725,1,1,0.5154099243997374,0.48459007560026257,0.5154099243997374,0.1,scale,0.24461572588380032,900,1400,1500,1530
2025-05-08,94.70175170898438,0.060598185027199714,1,0,0.4464498866563084,0.5535501133436915,0.5535501133436915,0.1,scale,0.24461572588380032,900,1400,1500,1530
2025-05-09,100.44050598144533,0.04782278503704274,1,0,0.3933259576257326,0.6066740423742674,0.6066740423742674,0.1,scale,0.24615598656239787,930,1430,1530,1560
2025-05-10,105.2438507080078,-0.05007328271323919,0,0,0.3718222065768988,0.6281777934231012,0.6281777934231012,0.1,scale,0.24615598656239787,930,1430,1530,1560
2025-05-11,99.97394561767578,0.039567346381217394,1,0,0.47060229162459793,0.529397708375402,0.529397708375402,0.1,scale,0.24615598656239787,930,1430,1530,1560
2025-05-12,103.92964935302734,-0.0035621824179484785,0,0,0.41279234367046536,0.5872076563295346,0.5872076563295346,0.1,scale,0.24615598656239787,930,1430,1530,1560
2025-05-13,103.55943298339844,-0.02351635974810773,0,0,0.4756315358481683,0.5243684641518317,0.5243684641518317,0.1,scale,0.24615598656239787,930,1430,1530,1560
2025-05-14,101.12409210205078,-0.019538517263937627,0,1,0.506199887079258,0.493800112920742,0.506199887079258,0.1,scale,0.24615598656239787,930,1430,1530,1560
2025-05-15,99.14827728271484,0.003303742977506907,1,1,0.5524216405172898,0.4475783594827102,0.5524216405172898,0.1,scale,0.24615598656239787,930,1430,1530,1560
2025-05-16,99.47583770751952,-0.032014809682434864,0,1,0.5510867295796398,0.4489132704203602,0.5510867295796398,0.1,scale,0.24615598656239787,930,1430,1530,1560
2025-05-17,96.2911376953125,0.050758604340423785,1,1,0.5932936456512267,0.40670635434877334,0.5932936456512267,0.1,scale,0.24615598656239787,930,1430,1530,1560
2025-05-18,101.17874145507812,-0.028018353604741364,0,1,0.5051245577291134,0.49487544227088665,0.5051245577291134,0.1,scale,0.24615598656239787,930,1430,1530,1560
2025-05-19,98.34387969970705,-0.04011007182317572,0,1,0.5731609375880695,0.4268390624119305,0.5731609375880695,0.1,scale,0.24615598656239787,930,1430,1530,1560
2025-05-20,94.39929962158205,0.030310257611165348,1,1,0.6060472520303298,0.39395274796967017,0.6060472520303298,0.1,scale,0.24615598656239787,930,1430,1530,1560
2025-05-21,97.26056671142578,0.03106861810474748,1,1,0.5575565660183449,0.4424434339816551,0.5575565660183449,0.1,scale,0.24615598656239787,930,1430,1530,1560
2025-05-22,100.28231811523438,-0.05127560406092302,0,1,0.5261578434157808,0.47384215658421924,0.5261578434157808,0.1,scale,0.24615598656239787,930,1430,1530,1560
2025-05-23,95.1402816772461,0.0057347793267916725,1,1,0.5996374393294147,0.4003625606705853,0.5996374393294147,0.1,scale,0.24615598656239787,930,1430,1530,1560
2025-05-24,95.6858901977539,-0.00029421752530212064,0,1,0.579365649600788,0.42063435039921204,0.579365649600788,0.1,scale,0.24615598656239787,930,1430,1530,1560
2025-05-25,95.6577377319336,-0.006779602348084057,0,1,0.5944592538509366,0.40554074614906344,0.5944592538509366,0.1,scale,0.24615598656239787,930,1430,1530,1560
2025-05-26,95.00921630859376,0.010057537720885579,1,1,0.5984476670011243,0.4015523329988757,0.5984476670011243,0.1,scale,0.24615598656239787,930,1430,1530,1560
2025-05-27,95.96477508544922,-0.006875335647637426,0,1,0.5862621594049429,0.41373784059505714,0.5862621594049429,0.1,scale,0.24615598656239787,930,1430,1530,1560
2025-05-28,95.30498504638672,-0.023253546422197124,0,1,0.5975175157676285,0.40248248423237154,0.5975175157676285,0.1,scale,0.24615598656239787,930,1430,1530,1560
2025-05-29,93.08880615234376,-0.07978732820733747,0,1,0.615944416068018,0.384055583931982,0.615944416068018,0.1,scale,0.24615598656239787,930,1430,1530,1560
2025-05-30,85.6614990234375,0.01711836594517324,1,1,0.6310448944338134,0.3689551055661866,0.6310448944338134,0.1,scale,0.24615598656239787,930,1430,1530,1560
2025-05-31,87.12788391113281,0.014479564232165565,1,1,0.6148779715034436,0.3851220284965564,0.6148779715034436,0.1,scale,0.24615598656239787,930,1430,1530,1560
2025-06-01,88.38945770263672,0.014148690638885242,1,1,0.6001315614698589,0.3998684385301411,0.6001315614698589,0.1,scale,0.24615598656239787,930,1430,1530,1560
2025-06-02,89.64005279541016,-0.0008706900946703344,0,1,0.5812446461511629,0.4187553538488371,0.5812446461511629,0.1,scale,0.24615598656239787,930,1430,1530,1560
2025-06-03,89.56200408935547,-0.01649150942182731,0,1,0.5827075142402343,0.41729248575976574,0.5827075142402343,0.1,scale,0.24615598656239787,930,1430,1530,1560
2025-06-04,88.08499145507812,-0.04925834153568032,0,1,0.6009755378621223,0.3990244621378777,0.6009755378621223,0.1,scale,0.24615598656239787,930,1430,1530,1560
2025-06-05,83.7460708618164,0.041860147320271546,1,1,0.6223271592011186,0.3776728407988814,0.6223271592011186,0.1,scale,0.24615598656239787,930,1430,1530,1560
2025-06-06,87.25169372558594,0.012877818208654634,1,1,0.5807810955649441,0.41921890443505594,0.5807810955649441,0.1,scale,0.24615598656239787,930,1430,1530,1560
2025-06-07,88.37530517578125,-0.012643384640672495,0,1,0.5813933355440862,0.41860666445591377,0.5813933355440862,0.1,scale,0.24615598656239787,930,1430,1530,1560
2025-06-08,87.25794219970703,0.04014716002949337,1,1,0.5770619448096099,0.42293805519039007,0.5770619448096099,0.1,scale,0.24821792475689436,960,1460,1560,1590
2025-06-09,90.76110076904295,0.027609734471542025,1,1,0.5330281186861627,0.46697188131383727,0.5330281186861627,0.1,scale,0.24821792475689436,960,1460,1560,1590
2025-06-10,93.2669906616211,-0.01813223745287318,0,1,0.5165905812005385,0.48340941879946153,0.5165905812005385,0.1,scale,0.24821792475689436,960,1460,1560,1590
2025-06-11,91.57585144042967,-0.0559486229726992,0,1,0.547549312948126,0.45245068705187397,0.547549312948126,0.1,scale,0.24821792475689436,960,1460,1560,1590
2025-06-12,86.45230865478516,0.001045141776310432,1,1,0.5807029264437775,0.4192970735562225,0.5807029264437775,0.1,scale,0.24821792475689436,960,1460,1560,1590
2025-06-13,86.54266357421875,-0.014888233779881022,0,1,0.5706137072789251,0.42938629272107487,0.5706137072789251,0.1,scale,0.24821792475689436,960,1460,1560,1590
2025-06-14,85.25419616699219,0.012590879290752754,1,1,0.5705837060244756,0.4294162939755244,0.5705837060244756,0.1,scale,0.24821792475689436,960,1460,1560,1590
2025-06-15,86.32762145996094,0.006008324779892105,1,1,0.5650726322163719,0.43492736778362806,0.5650726322163719,0.1,scale,0.24821792475689436,960,1460,1560,1590
2025-06-16,86.84630584716797,-0.028777613587277817,0,1,0.5675099890719626,0.4324900109280374,0.5675099890719626,0.1,scale,0.24821792475689436,960,1460,1560,1590
2025-06-17,84.34707641601562,0.008529027076018103,1,1,0.5858817342994289,0.4141182657005711,0.5858817342994289,0.1,scale,0.24821792475689436,960,1460,1560,1590
2025-06-18,85.06647491455078,0.0007222529700670055,1,1,0.5677180574864041,0.43228194251359586,0.5677180574864041,0.1,scale,0.24821792475689436,960,1460,1560,1590
2025-06-19,85.12791442871094,-0.02622127524873441,0,1,0.5647313603152064,0.43526863968479357,0.5647313603152064,0.1,scale,0.24821792475689436,960,1460,1560,1590
2025-06-20,82.895751953125,-0.03353184887833871,0,1,0.5857157268861611,0.41428427311383886,0.5857157268861611,0.1,scale,0.24821792475689436,960,1460,1560,1590
2025-06-21,80.11610412597656,0.0002738792520087241,1,1,0.5891928703235958,0.4108071296764042,0.5891928703235958,0.1,scale,0.24821792475689436,960,1460,1560,1590
2025-06-22,80.13804626464844,0.06219574262932448,1,1,0.5863323496431024,0.41366765035689756,0.5863323496431024,0.1,scale,0.24821792475689436,960,1460,1560,1590
2025-06-23,85.1222915649414,-0.0037457597814638532,0,1,0.5372510634422781,0.46274893655772187,0.5372510634422781,0.1,scale,0.24821792475689436,960,1460,1560,1590
2025-06-24,84.8034439086914,-0.001627028263689545,0,1,0.5595695548961793,0.4404304451038207,0.5595695548961793,0.1,scale,0.24821792475689436,960,1460,1560,1590
2025-06-25,84.66546630859375,-0.004492635667576628,0,1,0.561029550778601,0.43897044922139905,0.561029550778601,0.1,scale,0.24821792475689436,960,1460,1560,1590
2025-06-26,84.28509521484375,0.006494278843125034,1,1,0.5598990713415664,0.44010092865843364,0.5598990713415664,0.1,scale,0.24821792475689436,960,1460,1560,1590
2025-06-27,84.83246612548828,0.01735328771658229,1,1,0.5503873079481294,0.4496126920518706,0.5503873079481294,0.1,scale,0.24821792475689436,960,1460,1560,1590
2025-06-28,86.3045883178711,0.019542145743744577,1,1,0.5292609561654177,0.4707390438345823,0.5292609561654177,0.1,scale,0.24821792475689436,960,1460,1560,1590
2025-06-29,87.99116516113281,-0.022816867995967827,0,1,0.51979222296828,0.48020777703172,0.51979222296828,0.1,scale,0.24821792475689436,960,1460,1560,1590
2025-06-30,85.98348236083984,-0.031850500446893304,0,1,0.5649666735906766,0.43503332640932335,0.5649666735906766,0.1,scale,0.24821792475689436,960,1460,1560,1590
2025-07-01,83.24486541748047,0.04877403877217912,1,1,0.619805062845522,0.38019493715447805,0.619805062845522,0.1,scale,0.24821792475689436,960,1460,1560,1590
2025-07-02,87.3050537109375,0.019467637160358597,1,1,0.5764419137646206,0.4235580862353794,0.5764419137646206,0.1,scale,0.24821792475689436,960,1460,1560,1590
2025-07-03,89.00467681884766,-0.023994385060681744,0,1,0.5679687662194053,0.4320312337805947,0.5679687662194053,0.1,scale,0.24821792475689436,960,1460,1560,1590
2025-07-04,86.86906433105469,0.007451716136040343,1,1,0.5907062467383606,0.4092937532616394,0.5907062467383606,0.1,scale,0.24821792475689436,960,1460,1560,1590
2025-07-05,87.51638793945312,-0.0013879410838580908,0,1,0.5796969306885058,0.4203030693114942,0.5796969306885058,0.1,scale,0.24821792475689436,960,1460,1560,1590
2025-07-06,87.3949203491211,-0.014948196979369888,0,1,0.5932462489902868,0.4067537510097132,0.5932462489902868,0.1,scale,0.24821792475689436,960,1460,1560,1590
2025-07-07,86.0885238647461,0.018551825870640082,1,1,0.6081187555472544,0.39188124445274564,0.6081187555472544,0.1,scale,0.24821792475689436,960,1460,1560,1590
2025-07-08,87.68562316894531,0.03436487710484415,1,1,0.6053725380878898,0.3946274619121102,0.6053725380878898,0.1,scale,0.24709204672601925,990,1490,1590,1620
2025-07-09,90.6989288330078,0.045224926796483045,1,1,0.57626810140893,0.42373189859106997,0.57626810140893,0.1,scale,0.24709204672601925,990,1490,1590,1620
2025-07-10,94.80078125,-0.0058181701707940015,0,1,0.5198995011077053,0.48010049889229467,0.5198995011077053,0.1,scale,0.24709204672601925,990,1490,1590,1620
2025-07-11,94.24921417236328,-0.015600683631829315,0,1,0.5579641017016415,0.44203589829835854,0.5579641017016415,0.1,scale,0.24709204672601925,990,1490,1590,1620
2025-07-12,92.77886199951172,0.020146930553649467,1,1,0.5854736805315521,0.41452631946844787,0.5854736805315521,0.1,scale,0.24709204672601925,990,1490,1590,1620
2025-07-13,94.6480712890625,0.009652730935556075,1,1,0.5714082312117962,0.4285917687882038,0.5714082312117962,0.1,scale,0.24709204672601925,990,1490,1590,1620
2025-07-14,95.56168365478516,0.007979347027626371,1,1,0.5664597739579852,0.4335402260420148,0.5664597739579852,0.1,scale,0.24709204672601925,990,1490,1590,1620
2025-07-15,96.32420349121094,0.012238972750658661,1,1,0.5577307947060505,0.44226920529394953,0.5577307947060505,0.1,scale,0.24709204672601925,990,1490,1590,1620
2025-07-16,97.50311279296876,0.04215524531906589,1,1,0.5636383359793888,0.43636166402061116,0.5636383359793888,0.1,scale,0.24709204672601925,990,1490,1590,1620
2025-07-17,101.6133804321289,0.0005601160296124785,1,1,0.5157765517687988,0.4842234482312012,0.5157765517687988,0.1,scale,0.24709204672601925,990,1490,1590,1620
2025-07-18,101.67029571533205,0.11581105060591845,1,1,0.5323725778632337,0.46762742213676634,0.5323725778632337,0.1,scale,0.24709204672601925,990,1490,1590,1620
2025-07-19,113.44483947753906,0.030144305347840294,1,0,0.3721188062188298,0.6278811937811701,0.6278811937811701,0.1,scale,0.24709204672601925,990,1490,1590,1620
2025-07-20,116.86455535888672,-0.008669790596755766,0,0,0.3791281399698759,0.6208718600301242,0.6208718600301242,0.1,scale,0.24709204672601925,990,1490,1590,1620
2025-07-21,115.8513641357422,0.03342083271045437,1,0,0.4175962644768199,0.5824037355231801,0.5824037355231801,0.1,scale,0.24709204672601925,990,1490,1590,1620
2025-07-22,119.72321319580078,-0.06290850688433702,0,0,0.40152155500822534,0.5984784449917746,0.5984784449917746,0.1,scale,0.24709204672601925,990,1490,1590,1620
2025-07-23,112.1916046142578,0.001075131494498116,1,1,0.5244682857860595,0.47553171421394047,0.5244682857860595,0.1,scale,0.24709204672601925,990,1490,1590,1620
2025-07-24,112.31222534179688,0.013386261846012104,1,1,0.5137162205616522,0.4862837794383478,0.5137162205616522,0.1,scale,0.24709204672601925,990,1490,1590,1620
2025-07-25,113.81566619873048,0.001494364510314039,1,1,0.5126861442183199,0.48731385578168007,0.5126861442183199,0.1,scale,0.24709204672601925,990,1490,1590,1620
2025-07-26,113.98574829101562,0.007176543505703181,1,1,0.5352120588914513,0.4647879411085487,0.5352120588914513,0.1,scale,0.24709204672601925,990,1490,1590,1620
2025-07-27,114.80377197265624,-0.05408704135421283,0,1,0.5416455619888956,0.4583544380111044,0.5416455619888956,0.1,scale,0.24709204672601925,990,1490,1590,1620
2025-07-28,108.59437561035156,-0.0005712506433684927,0,1,0.6040066806921152,0.39599331930788484,0.6040066806921152,0.1,scale,0.24709204672601925,990,1490,1590,1620
2025-07-29,108.53234100341795,0.018445260925218365,1,1,0.5907249409773373,0.4092750590226627,0.5907249409773373,0.1,scale,0.24709204672601925,990,1490,1590,1620
2025-07-30,110.53424835205078,-0.038998560527390036,0,1,0.580616355392985,0.41938364460701505,0.580616355392985,0.1,scale,0.24709204672601925,990,1490,1590,1620
2025-07-31,106.22357177734376,0.003956133964847286,1,1,0.613428391863071,0.38657160813692903,0.613428391863071,0.1,scale,0.24709204672601925,990,1490,1590,1620
2025-08-01,106.64380645751952,-0.003813988779667432,0,1,0.6199147156805764,0.38008528431942357,0.6199147156805764,0.1,scale,0.24709204672601925,990,1490,1590,1620
2025-08-02,106.23706817626952,0.0398416339879375,1,1,0.6267649256738685,0.37323507432613146,0.6267649256738685,0.1,scale,0.24709204672601925,990,1490,1590,1620
2025-08-03,110.4697265625,0.09718064616649413,1,1,0.5906550443351269,0.40934495566487306,0.5906550443351269,0.1,scale,0.24709204672601925,990,1490,1590,1620
2025-08-04,121.20524597167967,-0.007724364675820716,0,0,0.4482012253593382,0.5517987746406618,0.5517987746406618,0.1,scale,0.24709204672601925,990,1490,1590,1620
2025-08-05,120.26901245117188,-0.008097361693489513,0,1,0.5157249852412378,0.4842750147587622,0.5157249852412378,0.1,scale,0.24709204672601925,990,1490,1590,1620
2025-08-06,119.29515075683594,0.028757719080286126,1,1,0.5280269993597612,0.47197300064023884,0.5280269993597612,0.1,scale,0.24709204672601925,990,1490,1590,1620
2025-08-07,122.7258071899414,0.009331392173663522,1,1,0.5768125543331167,0.42318744566688327,0.5768125543331167,1.0,scale,0.24251368833597195,1020,1520,1620,1650
2025-08-08,123.87100982666016,-0.027841981726926646,0,1,0.5831300621250266,0.4168699378749734,0.5831300621250266,1.0,scale,0.24251368833597195,1020,1520,1620,1650
2025-08-09,120.42219543457033,0.027999405473068784,1,1,0.6186363676383663,0.38136363236163373,0.6186363676383663,1.0,scale,0.24251368833597195,1020,1520,1620,1650
2025-08-10,123.7939453125,-0.02830717765155999,0,1,0.615303707971363,0.384696292028637,0.615303707971363,1.0,scale,0.24251368833597195,1020,1520,1620,1650
2025-08-11,120.28968811035156,0.08457937375250602,1,1,0.6639749212361654,0.3360250787638346,0.6639749212361654,1.0,scale,0.24251368833597195,1020,1520,1620,1650
2025-08-12,130.46371459960938,0.003934587670042511,1,1,0.553200925878329,0.44679907412167097,0.553200925878329,1.0,scale,0.24251368833597195,1020,1520,1620,1650
2025-08-13,130.97703552246094,-0.07388686548277301,0,1,0.5754853074828258,0.4245146925171742,0.5754853074828258,1.0,scale,0.24251368833597195,1020,1520,1620,1650
2025-08-14,121.29955291748048,-0.018569184491453172,0,1,0.6441777726943123,0.3558222273056877,0.6441777726943123,1.0,scale,0.24251368833597195,1020,1520,1620,1650
2025-08-15,119.047119140625,0.015957964960204407,1,1,0.6192459857775376,0.38075401422246236,0.6192459857775376,1.0,scale,0.24251368833597195,1020,1520,1620,1650
2025-08-16,120.94686889648438,-0.000828310649989672,0,1,0.6209133838919247,0.37908661610807526,0.6209133838919247,1.0,scale,0.24251368833597195,1020,1520,1620,1650
2025-08-17,120.84668731689452,-0.026010161735602333,0,1,0.6555986225589203,0.3444013774410797,0.6555986225589203,1.0,scale,0.24251368833597195,1020,1520,1620,1650
2025-08-18,117.70344543457033,-0.044330086819579395,0,1,0.6724260773985004,0.32757392260149965,0.6724260773985004,1.0,scale,0.24251368833597195,1020,1520,1620,1650
2025-08-19,112.4856414794922,0.03147835573089486,1,1,0.646840814335362,0.353159185664638,0.646840814335362,1.0,scale,0.24251368833597195,1020,1520,1620,1650
2025-08-20,116.02650451660156,-0.011935762547519935,0,1,0.6492606738015108,0.35073932619848924,0.6492606738015108,1.0,scale,0.24251368833597195,1020,1520,1620,1650
2025-08-21,114.64163970947266,0.07109982897330269,1,1,0.6529152780775372,0.34708472192246276,0.6529152780775372,1.0,scale,0.24251368833597195,1020,1520,1620,1650
2025-08-22,122.79264068603516,-0.01178066512300946,0,1,0.6236243557856489,0.3763756442143511,0.6236243557856489,1.0,scale,0.24251368833597195,1020,1520,1620,1650
2025-08-23,121.34606170654295,-0.025960085308641356,0,1,0.627117274834544,0.37288272516545595,0.627117274834544,1.0,scale,0.24251368833597195,1020,1520,1620,1650
2025-08-24,118.19590759277344,-0.07404164192836982,0,1,0.6698203961226975,0.3301796038773025,0.6698203961226975,1.0,scale,0.24251368833597195,1020,1520,1620,1650
2025-08-25,109.44448852539062,0.03705263146154092,1,1,0.6453836211115703,0.3546163788884297,0.6453836211115703,1.0,scale,0.24251368833597195,1020,1520,1620,1650
2025-08-26,113.49969482421876,-0.011987659572408549,0,1,0.6367544096018357,0.3632455903981643,0.6367544096018357,1.0,scale,0.24251368833597195,1020,1520,1620,1650
2025-08-27,112.13909912109376,0.014438204265310839,1,1,0.6514403708163481,0.3485596291836519,0.6514403708163481,1.0,scale,0.24251368833597195,1020,1520,1620,1650
2025-08-28,113.75818634033205,-0.03379239869211759,0,1,0.6613522006080207,0.3386477993919793,0.6613522006080207,1.0,scale,0.24251368833597195,1020,1520,1620,1650
2025-08-29,109.91402435302734,0.008154289293188288,1,1,0.6591342564763566,0.3408657435236434,0.6591342564763566,1.0,scale,0.24251368833597195,1020,1520,1620,1650
2025-08-30,110.81029510498048,-0.017162959260821786,0,1,0.6370659471052748,0.36293405289472525,0.6370659471052748,1.0,scale,0.24251368833597195,1020,1520,1620,1650
2025-08-31,108.90846252441406,-0.0033460246517476033,0,1,0.6453248052814607,0.35467519471853926,0.6453248052814607,1.0,scale,0.24251368833597195,1020,1520,1620,1650
2025-09-01,108.54405212402344,0.028840129313901564,1,1,0.5703566613962178,0.42964333860378223,0.5703566613962178,1.0,scale,0.24251368833597195,1020,1520,1620,1650
2025-09-02,111.67447662353516,0.011448346997761982,1,1,0.5154395427748235,0.4845604572251765,0.5154395427748235,1.0,scale,0.24251368833597195,1020,1520,1620,1650
2025-09-03,112.95296478271484,-0.016460890061858247,0,1,0.5163986288039638,0.4836013711960362,0.5163986288039638,1.0,scale,0.24251368833597195,1020,1520,1620,1650
2025-09-04,111.09365844726562,0.009084098994675438,1,1,0.5322154525025384,0.46778454749746157,0.5322154525025384,1.0,scale,0.24251368833597195,1020,1520,1620,1650
2025-09-05,112.10284423828124,0.0005665073041603019,1,1,0.5490755734875213,0.45092442651247866,0.5490755734875213,1.0,scale,0.24251368833597195,1020,1520,1620,1650
2025-09-06,112.16635131835938,0.025467444000993655,1,1,0.5526567198015584,0.4473432801984416,0.5526567198015584,0.1,scale,0.24651830171371628,1050,1550,1650,1680
2025-09-07,115.02294158935548,-0.020075035716685563,0,1,0.5369096883744539,0.46309031162554615,0.5369096883744539,0.1,scale,0.24651830171371628,1050,1550,1650,1680
2025-09-08,112.71385192871094,-0.006839822034259702,0,1,0.5450394357718799,0.45496056422812015,0.5450394357718799,0.1,scale,0.24651830171371628,1050,1550,1650,1680
2025-09-09,111.94290924072266,0.05026361755985542,1,1,0.5531747697454729,0.44682523025452714,0.5531747697454729,0.1,scale,0.24651830171371628,1050,1550,1650,1680
2025-09-10,117.56956481933594,-0.014497785150730413,0,1,0.5028840229217406,0.4971159770782594,0.5028840229217406,0.1,scale,0.24651830171371628,1050,1550,1650,1680
2025-09-11,115.86506652832033,0.019761085151935198,1,1,0.5336537107852567,0.4663462892147433,0.5336537107852567,0.1,scale,0.24651830171371628,1050,1550,1650,1680
2025-09-12,118.1546859741211,0.009616852990206981,1,0,0.4993475898015355,0.5006524101984645,0.5006524101984645,0.1,scale,0.24651830171371628,1050,1550,1650,1680
2025-09-13,119.29096221923828,-0.034271368000355684,0,1,0.5042421639414039,0.49575783605859614,0.5042421639414039,0.1,scale,0.24651830171371628,1050,1550,1650,1680
2025-09-14,115.20269775390624,-0.01234681302752172,0,1,0.5391283460523847,0.4608716539476153,0.5391283460523847,0.1,scale,0.24651830171371628,1050,1550,1650,1680
2025-09-15,113.78031158447266,0.01102906490955502,1,1,0.5431793128670008,0.45682068713299917,0.5431793128670008,0.1,scale,0.24651830171371628,1050,1550,1650,1680
2025-09-16,115.0352020263672,0.017343536172889973,1,1,0.5388448920516903,0.4611551079483097,0.5388448920516903,0.1,scale,0.24651830171371628,1050,1550,1650,1680
2025-09-17,117.0303192138672,0.010531899622136187,1,1,0.531787983047567,0.468212016952433,0.531787983047567,0.1,scale,0.24651830171371628,1050,1550,1650,1680
2025-09-18,118.26287078857422,-0.0349674029677276,0,1,0.5189681716102886,0.48103182838971137,0.5189681716102886,0.1,scale,0.24651830171371628,1050,1550,1650,1680
2025-09-19,114.12752532958984,-0.0014051813756914555,0,1,0.5529211798772742,0.4470788201227258,0.5529211798772742,0.1,scale,0.24651830171371628,1050,1550,1650,1680
2025-09-20,113.96715545654295,0.0012794968611058444,1,1,0.5464771340894826,0.4535228659105174,0.5464771340894826,0.1,scale,0.24651830171371628,1050,1550,1650,1680
2025-09-21,114.11297607421876,-0.07268448465923949,0,1,0.5578133180323002,0.44218668196769984,0.5578133180323002,0.1,scale,0.24651830171371628,1050,1550,1650,1680
2025-09-22,105.81873321533205,0.003205436704431186,1,1,0.579129043129752,0.420870956870248,0.579129043129752,0.1,scale,0.24651830171371628,1050,1550,1650,1680
2025-09-23,106.15792846679688,-0.005108617503161383,0,1,0.5702566587865207,0.42974334121347935,0.5702566587865207,0.1,scale,0.24651830171371628,1050,1550,1650,1680
2025-09-24,105.61560821533205,-0.03267628863715455,0,1,0.5859973761920758,0.4140026238079242,0.5859973761920758,0.1,scale,0.24651830171371628,1050,1550,1650,1680
2025-09-25,102.16448211669922,0.02427827309330821,1,1,0.5901035535271878,0.4098964464728122,0.5901035535271878,0.1,scale,0.24651830171371628,1050,1550,1650,1680
2025-09-26,104.64485931396484,-0.000924831570928264,0,1,0.5793636499336895,0.4206363500663105,0.5793636499336895,0.1,scale,0.24651830171371628,1050,1550,1650,1680
2025-09-27,104.54808044433594,0.021994003499588244,1,1,0.5776954444395498,0.4223045555604502,0.5776954444395498,0.1,scale,0.24651830171371628,1050,1550,1650,1680
2025-09-28,106.8475112915039,-8.340047142685325e-05,0,1,0.5690085146766288,0.43099148532337117,0.5690085146766288,0.1,scale,0.24651830171371628,1050,1550,1650,1680
2025-09-29,106.8386001586914,0.0005566446048783646,1,1,0.5698083967375344,0.43019160326246564,0.5698083967375344,0.1,scale,0.24651830171371628,1050,1550,1650,1680
2025-09-30,106.8980712890625,0.07696342335182127,1,1,0.5694539402689219,0.43054605973107807,0.5694539402689219,0.1,scale,0.24651830171371628,1050,1550,1650,1680
2025-10-01,115.12531280517578,0.03920295327178369,1,1,0.5356523061953063,0.46434769380469365,0.5356523061953063,0.1,scale,0.24651830171371628,1050,1550,1650,1680
2025-10-02,119.63856506347656,0.007389900789897874,1,1,0.509730482438639,0.49026951756136095,0.509730482438639,0.1,scale,0.24651830171371628,1050,1550,1650,1680
2025-10-03,120.5226821899414,-0.0007073428249616542,0,1,0.5129481817738524,0.4870518182261476,0.5129481817738524,0.1,scale,0.24651830171371628,1050,1550,1650,1680
2025-10-04,120.43743133544922,-0.01312247105421116,0,1,0.530740690873631,0.46925930912636904,0.530740690873631,0.1,scale,0.24651830171371628,1050,1550,1650,1680
2025-10-05,118.85699462890624,-0.0043994334874055685,0,1,0.5683403569052095,0.43165964309479055,0.5683403569052095,0.1,scale,0.24651830171371628,1050,1550,1650,1680
2025-10-06,118.33409118652344,-0.010646676663473631,0,1,0.5555679683616516,0.44443203163834843,0.5555679683616516,0.1,scale,0.24914287825400266,1080,1580,1680,1710
2025-10-07,117.07422637939452,0.013344148474765838,1,1,0.5727530584196358,0.42724694158036425,0.5727530584196358,0.1,scale,0.24914287825400266,1080,1580,1680,1710
2025-10-08,118.63648223876952,0.06151130928575155,1,1,0.5699589388893426,0.43004106111065743,0.5699589388893426,0.1,scale,0.24914287825400266,1080,1580,1680,1710
2025-10-09,125.93396759033205,-0.23271494958597017,0,0,0.48766914586243093,0.5123308541375691,0.5123308541375691,0.1,scale,0.24914287825400266,1080,1580,1680,1710
2025-10-10,96.62725067138672,-0.03319666672114707,0,1,0.5456425334180985,0.45435746658190146,0.5456425334180985,0.1,scale,0.24914287825400266,1080,1580,1680,1710
2025-10-11,93.41954803466795,0.05717320499903367,1,1,0.5788298272489958,0.4211701727510042,0.5788298272489958,0.1,scale,0.24914287825400266,1080,1580,1680,1710
2025-10-12,98.7606430053711,0.008200000695262055,1,1,0.5709175162179468,0.42908248378205316,0.5709175162179468,0.1,scale,0.24914287825400266,1080,1580,1680,1710
2025-10-13,99.57048034667967,-0.02214299057643665,0,1,0.5780579296553643,0.4219420703446357,0.5780579296553643,0.1,scale,0.24914287825400266,1080,1580,1680,1710
2025-10-14,97.36569213867188,-0.020176280740290098,0,1,0.5807383817497355,0.41926161825026453,0.5807383817497355,0.1,scale,0.24914287825400266,1080,1580,1680,1710
2025-10-15,95.40121459960938,-0.0378671459422214,0,1,0.585354863791458,0.41464513620854204,0.585354863791458,0.1,scale,0.24914287825400266,1080,1580,1680,1710
2025-10-16,91.78864288330078,-0.01822387496352107,0,1,0.5976125280007604,0.40238747199923963,0.5976125280007604,0.1,scale,0.24914287825400266,1080,1580,1680,1710
2025-10-17,90.11589813232422,0.01760589166427029,1,1,0.6182507613424806,0.3817492386575194,0.6182507613424806,0.1,scale,0.24914287825400266,1080,1580,1680,1710
2025-10-18,91.70246887207033,0.01724487933318386,1,1,0.5989841735496451,0.40101582645035494,0.5989841735496451,0.1,scale,0.24914287825400266,1080,1580,1680,1710
2025-10-19,93.28386688232422,0.00890004607053796,1,1,0.6069733763273057,0.39302662367269425,0.6069733763273057,0.1,scale,0.24914287825400266,1080,1580,1680,1710
2025-10-20,94.11409759521484,-0.015125744960388654,0,1,0.6010241831492031,0.39897581685079686,0.6010241831492031,0.1,scale,0.24914287825400266,1080,1580,1680,1710
2025-10-21,92.6905517578125,-0.008302812644454871,0,1,0.6082169621780422,0.3917830378219578,0.6082169621780422,0.1,scale,0.24914287825400266,1080,1580,1680,1710
2025-10-22,91.92095947265624,0.023093119473477808,1,1,0.608604074739261,0.39139592526073896,0.608604074739261,0.1,scale,0.24914287825400266,1080,1580,1680,1710
2025-10-23,94.043701171875,0.02519840188160538,1,1,0.5962767950223041,0.40372320497769587,0.5962767950223041,0.1,scale,0.24914287825400266,1080,1580,1680,1710
2025-10-24,96.4134521484375,0.0059584854251417685,1,1,0.5780504613207061,0.42194953867929386,0.5780504613207061,0.1,scale,0.24914287825400266,1080,1580,1680,1710
2025-10-25,96.98793029785156,0.03065329431841457,1,1,0.5723724806923071,0.42762751930769294,0.5723724806923071,0.1,scale,0.24914287825400266,1080,1580,1680,1710
2025-10-26,99.96092987060548,-0.005820068708179971,0,1,0.5604059411464175,0.4395940588535825,0.5604059411464175,0.1,scale,0.24914287825400266,1080,1580,1680,1710
2025-10-27,99.379150390625,-0.02671500858602127,0,1,0.5763397360444892,0.4236602639555108,0.5763397360444892,0.1,scale,0.24914287825400266,1080,1580,1680,1710
2025-10-28,96.72423553466795,0.018967743635173395,1,1,0.5849838967901353,0.4150161032098647,0.5849838967901353,0.1,scale,0.24914287825400266,1080,1580,1680,1710
2025-10-29,98.55887603759766,-0.05250725927054389,0,1,0.5712175885388546,0.4287824114611454,0.5712175885388546,0.1,scale,0.24914287825400266,1080,1580,1680,1710
2025-10-30,93.38381958007812,0.022599584117782845,1,1,0.5972954655052988,0.4027045344947012,0.5972954655052988,0.1,scale,0.24914287825400266,1080,1580,1680,1710
2025-10-31,95.49425506591795,0.06186341156077013,1,1,0.5831178615820203,0.4168821384179797,0.5831178615820203,0.1,scale,0.24914287825400266,1080,1580,1680,1710
2025-11-01,101.40185546875,-0.01864803583552843,0,0,0.488001970399858,0.5119980296001421,0.5119980296001421,0.1,scale,0.24914287825400266,1080,1580,1680,1710
2025-11-02,99.51091003417967,-0.12173246623845524,0,1,0.5243937265146215,0.47560627348537854,0.5243937265146215,0.1,scale,0.24914287825400266,1080,1580,1680,1710
2025-11-03,87.39720153808594,-0.021894706444844925,0,1,0.5806608745476964,0.41933912545230356,0.5806608745476964,0.1,scale,0.24914287825400266,1080,1580,1680,1710
2025-11-04,85.4836654663086,0.0476284783410974,1,1,0.5847339643922901,0.4152660356077099,0.5847339643922901,0.1,scale,0.24914287825400266,1080,1580,1680,1710
2025-11-05,89.55512237548828,-0.02853102557988385,0,1,0.5392056198829698,0.4607943801170302,0.5392056198829698,0.1,scale,0.25517529754452534,1110,1610,1710,1740
2025-11-06,87.0000228881836,0.1699520847841236,1,1,0.5579830613980438,0.44201693860195623,0.5579830613980438,0.1,scale,0.25517529754452534,1110,1610,1710,1740
2025-11-07,101.78585815429688,0.04289327347698979,1,0,0.44139323014118265,0.5586067698588173,0.5586067698588173,0.1,scale,0.25517529754452534,1110,1610,1710,1740
2025-11-08,106.15178680419922,0.03782750412602054,1,0,0.4086183093353002,0.5913816906646998,0.5913816906646998,0.1,scale,0.25517529754452534,1110,1610,1710,1740
2025-11-09,110.16724395751952,-0.05416001464282039,0,0,0.40688087161298964,0.5931191283870103,0.5931191283870103,0.1,scale,0.25517529754452534,1110,1610,1710,1740
2025-11-10,104.2005844116211,-0.04351930134467674,0,0,0.45909931582503627,0.5409006841749637,0.5409006841749637,0.1,scale,0.25517529754452534,1110,1610,1710,1740
2025-11-11,99.66584777832033,-0.021314279389090363,0,0,0.49537776056415406,0.5046222394358459,0.5046222394358459,0.1,scale,0.25517529754452534,1110,1610,1710,1740
2025-11-12,97.54154205322266,-0.007678550547459473,0,1,0.5260501030976371,0.4739498969023629,0.5260501030976371,0.1,scale,0.25517529754452534,1110,1610,1710,1740
2025-11-13,96.79256439208984,0.007454759062474059,1,1,0.5172975360884647,0.48270246391153526,0.5172975360884647,0.1,scale,0.25517529754452534,1110,1610,1710,1740
2025-11-14,97.51412963867188,0.043621216877186786,1,1,0.5356082486465534,0.46439175135344657,0.5356082486465534,0.1,scale,0.25517529754452534,1110,1610,1710,1740
2025-11-15,101.76781463623048,-0.05770306136685366,0,0,0.4988945401677594,0.5011054598322406,0.5011054598322406,0.1,scale,0.25517529754452534,1110,1610,1710,1740
2025-11-16,95.89550018310548,-0.04854718452982165,0,1,0.5417799503208961,0.4582200496791039,0.5417799503208961,0.1,scale,0.25517529754452534,1110,1610,1710,1740
2025-11-17,91.24004364013672,0.04838383428735571,1,1,0.5558040243573247,0.4441959756426753,0.5558040243573247,0.1,scale,0.25517529754452534,1110,1610,1710,1740
2025-11-18,95.6545867919922,-0.029090646898562667,0,1,0.5172239390063718,0.48277606099362824,0.5172239390063718,0.1,scale,0.25517529754452534,1110,1610,1710,1740
2025-11-19,92.87193298339844,-0.06033035650473062,0,1,0.5412091298552394,0.4587908701447606,0.5412091298552394,0.1,scale,0.25517529754452534,1110,1610,1710,1740
2025-11-20,87.26893615722656,-0.05347250525723879,0,1,0.5633661280471758,0.4366338719528242,0.5633661280471758,0.1,scale,0.25517529754452534,1110,1610,1710,1740
2025-11-21,82.60244750976562,-0.005179244819462081,0,1,0.5747690595784688,0.4252309404215312,0.5747690595784688,0.1,scale,0.25517529754452534,1110,1610,1710,1740
2025-11-22,82.17462921142578,0.009770775466579007,1,1,0.5612470215130392,0.4387529784869608,0.5612470215130392,0.1,scale,0.25517529754452534,1110,1610,1710,1740
2025-11-23,82.9775390625,0.030127164024526643,1,1,0.5764328032953813,0.42356719670461873,0.5764328032953813,0.1,scale,0.25517529754452534,1110,1610,1710,1740
2025-11-24,85.4774169921875,-0.002284246198754447,0,1,0.5632420354477147,0.4367579645522853,0.5632420354477147,0.1,scale,0.25517529754452534,1110,1610,1710,1740
2025-11-25,85.28216552734375,0.018624357046597595,1,1,0.5611073480184432,0.4388926519815568,0.5611073480184432,0.1,scale,0.25517529754452534,1110,1610,1710,1740
2025-11-26,86.87049102783203,-0.002800385621689383,0,1,0.5410581447745773,0.45894185522542275,0.5410581447745773,0.1,scale,0.25517529754452534,1110,1610,1710,1740
2025-11-27,86.6272201538086,-0.02672637213951279,0,1,0.5431075149732651,0.45689248502673485,0.5431075149732651,0.1,scale,0.25517529754452534,1110,1610,1710,1740
2025-11-28,84.3119888305664,-0.002837857880157002,0,1,0.5590164776875512,0.44098352231244875,0.5590164776875512,0.1,scale,0.25517529754452534,1110,1610,1710,1740
2025-11-29,84.07272338867188,-0.018043881890235425,0,1,0.5546799301198578,0.44532006988014217,0.5546799301198578,0.1,scale,0.25517529754452534,1110,1610,1710,1740
2025-11-30,82.55572509765625,-0.060163700388808805,0,1,0.5620902628998957,0.4379097371001043,0.5620902628998957,0.1,scale,0.25517529754452534,1110,1610,1710,1740
2025-12-01,77.5888671875,0.06732480947376374,1,1,0.5582844792679585,0.44171552073204146,0.5582844792679585,0.1,scale,0.25517529754452534,1110,1610,1710,1740
2025-12-02,82.8125228881836,0.03841067997935954,1,1,0.5453339276556752,0.45466607234432477,0.5453339276556752,0.1,scale,0.25517529754452534,1110,1610,1710,1740
2025-12-03,85.993408203125,-0.02822276132856749,0,1,0.5300996095283732,0.4699003904716268,0.5300996095283732,0.1,scale,0.25517529754452534,1110,1610,1710,1740
2025-12-04,83.56643676757812,-0.036806528125975735,0,1,0.5420769794924101,0.45792302050758993,0.5420769794924101,0.1,scale,0.25517529754452534,1110,1610,1710,1740
2025-12-05,80.49064636230469,0.01504672480846092,1,0,0.49763204814126344,0.5023679518587365,0.5023679518587365,1.0,0.1,0.24978208224593257,1140,1640,1740,1770
2025-12-06,81.70176696777344,-0.003398975834298712,0,0,0.45987349057901944,0.5401265094209806,0.5401265094209806,1.0,0.1,0.24978208224593257,1140,1640,1740,1770
2025-12-07,81.42406463623047,0.030455431127818677,1,1,0.5137365710610599,0.48626342893894015,0.5137365710610599,1.0,0.1,0.24978208224593257,1140,1640,1740,1770
2025-12-08,83.90386962890625,0.026198350744645493,1,1,0.5166107385373185,0.48338926146268146,0.5166107385373185,1.0,0.1,0.24978208224593257,1140,1640,1740,1770
2025-12-09,86.10201263427734,-0.01852632429591683,0,0,0.4846633998524944,0.5153366001475056,0.5153366001475056,1.0,0.1,0.24978208224593257,1140,1640,1740,1770
2025-12-10,84.5068588256836,-0.018423266663254,0,0,0.47938238369266045,0.5206176163073395,0.5206176163073395,1.0,0.1,0.24978208224593257,1140,1640,1740,1770
2025-12-11,82.94996643066406,-0.012353829663281912,0,1,0.505962498065198,0.494037501934802,0.505962498065198,1.0,0.1,0.24978208224593257,1140,1640,1740,1770
2025-12-12,81.92521667480469,-0.004504613571374105,0,0,0.4777431857587913,0.5222568142412087,0.5222568142412087,1.0,0.1,0.24978208224593257,1140,1640,1740,1770
2025-12-13,81.5561752319336,-0.03160799836777928,0,0,0.4720353426978429,0.527964657302157,0.527964657302157,1.0,0.1,0.24978208224593257,1140,1640,1740,1770
2025-12-14,78.97834777832031,-0.017556958418060487,0,1,0.5363290947370116,0.4636709052629884,0.5363290947370116,1.0,0.1,0.24978208224593257,1140,1640,1740,1770
2025-12-15,77.59172821044922,0.01890806808937917,1,1,0.5262880865380926,0.47371191346190744,0.5262880865380926,1.0,0.1,0.24978208224593257,1140,1640,1740,1770
2025-12-16,79.058837890625,-0.0396320350497954,0,1,0.5274610470547714,0.47253895294522863,0.5274610470547714,1.0,0.1,0.24978208224593257,1140,1640,1740,1770
2025-12-17,75.92557525634766,-0.021590344661127303,0,1,0.5228864566451594,0.4771135433548406,0.5228864566451594,1.0,0.1,0.24978208224593257,1140,1640,1740,1770
2025-12-18,74.28631591796875,0.04330823008987705,1,1,0.540709406249974,0.459290593750026,0.540709406249974,1.0,0.1,0.24978208224593257,1140,1640,1740,1770
2025-12-19,77.50352478027344,0.004454576257104659,1,1,0.504266685638982,0.495733314361018,0.504266685638982,1.0,0.1,0.24978208224593257,1140,1640,1740,1770
2025-12-20,77.84877014160156,-0.014550862159702582,0,0,0.4741727353683479,0.5258272646316521,0.5258272646316521,1.0,0.1,0.24978208224593257,1140,1640,1740,1770
2025-12-21,76.71600341796875,0.003640759319444742,1,1,0.5363212374187303,0.4636787625812697,0.5363212374187303,1.0,0.1,0.24978208224593257,1140,1640,1740,1770
2025-12-22,76.99530792236328,-0.0008487970932019584,0,1,0.5470260672598855,0.45297393274011455,0.5470260672598855,1.0,0.1,0.24978208224593257,1140,1640,1740,1770
2025-12-23,76.9299545288086,-0.01543562400758558,0,1,0.5174514515741718,0.48254854842582817,0.5174514515741718,1.0,0.1,0.24978208224593257,1140,1640,1740,1770
2025-12-24,75.74249267578125,-0.0008584045480735103,0,1,0.5413197261950365,0.45868027380496346,0.5413197261950365,1.0,0.1,0.24978208224593257,1140,1640,1740,1770
2025-12-25,75.67747497558594,0.015266153574109431,1,1,0.5369752922035467,0.4630247077964533,0.5369752922035467,1.0,0.1,0.24978208224593257,1140,1640,1740,1770
2025-12-26,76.83277893066406,0.04370304288929017,1,1,0.5414836134987789,0.45851638650122106,0.5414836134987789,1.0,0.1,0.24978208224593257,1140,1640,1740,1770
2025-12-27,80.19060516357422,-0.019421747825058566,0,0,0.4743667811240323,0.5256332188759677,0.5256332188759677,1.0,0.1,0.24978208224593257,1140,1640,1740,1770
2025-12-28,78.63316345214844,-0.004535925793612394,0,0,0.49235459601418163,0.5076454039858184,0.5076454039858184,1.0,0.1,0.24978208224593257,1140,1640,1740,1770
2025-12-29,78.2764892578125,0.0061977478046475465,1,1,0.5035204561357123,0.4964795438642877,0.5035204561357123,1.0,0.1,0.24978208224593257,1140,1640,1740,1770
2025-12-30,78.76162719726562,-0.02519401471059468,0,0,0.4742193577777831,0.5257806422222169,0.5257806422222169,1.0,0.1,0.24978208224593257,1140,1640,1740,1770
2025-12-31,76.77730560302734,0.039940258492321856,1,0,0.49579950202831774,0.5042004979716823,0.5042004979716823,1.0,0.1,0.24978208224593257,1140,1640,1740,1770
2026-01-01,79.84381103515625,0.024791768750176857,1,1,0.5007772299656311,0.4992227700343689,0.5007772299656311,1.0,0.1,0.24978208224593257,1140,1640,1740,1770
2026-01-02,81.82328033447266,0.002804729736596956,1,1,0.5051485819402082,0.4948514180597918,0.5051485819402082,1.0,0.1,0.24978208224593257,1140,1640,1740,1770
2026-01-03,82.05277252197266,0.0009795607011962026,1,1,0.5078051891349434,0.49219481086505656,0.5078051891349434,1.0,0.1,0.24978208224593257,1140,1640,1740,1770
2026-01-04,82.13314819335938,0.017560775509885662,1,0,0.4839665660441003,0.5160334339558996,0.5160334339558996,1.0,0.1,0.24873013282468295,1170,1670,1770,1800
2026-01-05,83.57546997070312,0.004443053223160298,1,0,0.463476265640965,0.536523734359035,0.536523734359035,1.0,0.1,0.24873013282468295,1170,1670,1770,1800
2026-01-06,83.9468002319336,-0.02761491673918426,0,0,0.4695530042294541,0.5304469957705459,0.5304469957705459,1.0,0.1,0.24873013282468295,1170,1670,1770,1800
2026-01-07,81.62861633300781,-0.004670898623881814,0,0,0.497715143223418,0.5022848567765821,0.5022848567765821,1.0,0.1,0.24873013282468295,1170,1670,1770,1800
2026-01-08,81.2473373413086,0.0015018896634138024,1,1,0.5218333286800049,0.47816667131999513,0.5218333286800049,1.0,0.1,0.24873013282468295,1170,1670,1770,1800
2026-01-09,81.3693618774414,-0.0030516879827889865,0,1,0.5305203213490243,0.46947967865097573,0.5305203213490243,1.0,0.1,0.24873013282468295,1170,1670,1770,1800
2026-01-10,81.12104797363281,-0.029974236078180727,0,1,0.5265072614478614,0.4734927385521386,0.5265072614478614,1.0,0.1,0.24873013282468295,1170,1670,1770,1800
2026-01-11,78.68950653076172,-0.0335405567059347,0,1,0.5391976732716045,0.4608023267283955,0.5391976732716045,1.0,0.1,0.24873013282468295,1170,1670,1770,1800
2026-01-12,76.05021667480469,0.02726750878355988,1,1,0.5348138879555513,0.4651861120444487,0.5348138879555513,1.0,0.1,0.24873013282468295,1170,1670,1770,1800
2026-01-13,78.12391662597656,-0.017697022751682723,0,1,0.5600240306067616,0.43997596939323835,0.5600240306067616,1.0,0.1,0.24873013282468295,1170,1670,1770,1800
2026-01-14,76.7413558959961,-0.06020633200721015,0,1,0.5448276265430307,0.45517237345696926,0.5448276265430307,1.0,0.1,0.24873013282468295,1170,1670,1770,1800
2026-01-15,72.12104034423828,0.04358762976897723,1,0,0.48483272334131655,0.5151672766586834,0.5151672766586834,1.0,0.1,0.24873013282468295,1170,1670,1770,1800
2026-01-16,75.2646255493164,-0.005655399826762775,0,1,0.5096463699846276,0.49035363001537235,0.5096463699846276,1.0,0.1,0.24873013282468295,1170,1670,1770,1800
2026-01-17,74.83897399902344,-0.03449779362306804,0,0,0.46706607595753463,0.5329339240424653,0.5329339240424653,1.0,0.1,0.24873013282468295,1170,1670,1770,1800
2026-01-18,72.25719451904297,-0.021263565903750337,0,1,0.550807192533953,0.44919280746604695,0.550807192533953,1.0,0.1,0.24873013282468295,1170,1670,1770,1800
2026-01-19,70.72074890136719,-0.05172873215520557,0,1,0.5654581192900561,0.43454188070994393,0.5654581192900561,1.0,0.1,0.24873013282468295,1170,1670,1770,1800
2026-01-20,67.06245422363281,0.020245141928166177,1,0,0.4814837193035006,0.5185162806964994,0.5185162806964994,1.0,0.1,0.24873013282468295,1170,1670,1770,1800
2026-01-21,68.4201431274414,-0.004303874959369236,0,1,0.553311269398715,0.446688730601285,0.553311269398715,1.0,0.1,0.24873013282468295,1170,1670,1770,1800
2026-01-22,68.12567138671875,-0.0012531681973461106,0,1,0.531456632430828,0.46854336756917203,0.531456632430828,1.0,0.1,0.24873013282468295,1170,1670,1770,1800
2026-01-23,68.04029846191406,0.0011078496078458233,1,1,0.5743064625891814,0.4256935374108186,0.5743064625891814,1.0,0.1,0.24873013282468295,1170,1670,1770,1800
2026-01-24,68.11567687988281,-0.013841867962775312,0,1,0.5219305153394462,0.47806948466055377,0.5219305153394462,1.0,0.1,0.24873013282468295,1170,1670,1770,1800
2026-01-25,67.1728286743164,0.03820045188374044,1,1,0.5152086488745027,0.4847913511254973,0.5152086488745027,1.0,0.1,0.24873013282468295,1170,1670,1770,1800
2026-01-26,69.73886108398438,0.0032358175619409124,1,1,0.5353233508594794,0.46467664914052065,0.5353233508594794,1.0,0.1,0.24873013282468295,1170,1670,1770,1800
2026-01-27,69.96452331542969,-0.008306298859699579,0,1,0.5541869071375105,0.4458130928624895,0.5541869071375105,1.0,0.1,0.24873013282468295,1170,1670,1770,1800
2026-01-28,69.38337707519531,-0.04726618605360022,0,1,0.5698402721284742,0.4301597278715258,0.5698402721284742,1.0,0.1,0.24873013282468295,1170,1670,1770,1800
2026-01-29,66.10388946533203,-0.01141779626421724,0,1,0.5429092124258508,0.4570907875741492,0.5429092124258508,1.0,0.1,0.24873013282468295,1170,1670,1770,1800
2026-01-30,65.34912872314453,-0.09052826351848087,0,1,0.5748236800734774,0.4251763199265226,0.5748236800734774,1.0,0.1,0.24873013282468295,1170,1670,1770,1800
2026-01-31,59.43318557739258,-0.016002384587523455,0,0,0.49415604925400786,0.5058439507459922,0.5058439507459922,1.0,0.1,0.24873013282468295,1170,1670,1770,1800
2026-02-01,58.48211288452149,0.025813374244613607,1,1,0.5004637740685994,0.49953622593140057,0.5004637740685994,1.0,0.1,0.24873013282468295,1170,1670,1770,1800
2026-02-02,59.99173355102539,-0.012086117465753277,0,1,0.5449403807319677,0.4550596192680323,0.5449403807319677,1.0,0.1,0.24873013282468295,1170,1670,1770,1800
2026-02-03,59.26666641235352,-0.007974498083565318,0,1,0.5126028345523386,0.48739716544766143,0.5126028345523386,1.0,0.1,0.25900697692852936,1200,1700,1800,1830
2026-02-04,58.794044494628906,-0.13787472329288952,0,1,0.5248470533525574,0.47515294664744256,0.5248470533525574,1.0,0.1,0.25900697692852936,1200,1700,1800,1830
2026-02-05,50.68783187866211,0.08627545068448117,1,0,0.4941100296260117,0.5058899703739883,0.5058899703739883,1.0,0.1,0.25900697692852936,1200,1700,1800,1830
2026-02-06,55.06094741821289,0.002957344090788405,1,0,0.4881180520290003,0.5118819479709997,0.5118819479709997,1.0,0.1,0.25900697692852936,1200,1700,1800,1830
2026-02-07,55.22378158569336,-0.012283009049856686,0,0,0.4997542105675826,0.5002457894324174,0.5002457894324174,1.0,0.1,0.25900697692852936,1200,1700,1800,1830
2026-02-08,54.54546737670898,-0.0027166678077905626,0,1,0.5270370507544686,0.4729629492455314,0.5270370507544686,1.0,0.1,0.25900697692852936,1200,1700,1800,1830
2026-02-09,54.39728546142578,-0.019693235348692495,0,1,0.5471057929580617,0.4528942070419383,0.5471057929580617,1.0,0.1,0.25900697692852936,1200,1700,1800,1830
2026-02-10,53.32602691650391,-0.02042206156649029,0,1,0.5350442763123768,0.46495572368762317,0.5350442763123768,1.0,0.1,0.25900697692852936,1200,1700,1800,1830
2026-02-11,52.23699951171875,0.016486003404798222,1,1,0.5517411398964318,0.4482588601035682,0.5517411398964318,1.0,0.1,0.25900697692852936,1200,1700,1800,1830
2026-02-12,53.09817886352539,0.03733330153112546,1,1,0.5601490512257692,0.4398509487742308,0.5601490512257692,1.0,0.1,0.25900697692852936,1200,1700,1800,1830
2026-02-13,55.080509185791016,0.01688569692205677,1,1,0.5512771717246484,0.4487228282753516,0.5512771717246484,1.0,0.1,0.25900697692852936,1200,1700,1800,1830
2026-02-14,56.01058197021485,-0.01736081267122891,0,1,0.5345808014635274,0.4654191985364726,0.5345808014635274,1.0,0.1,0.25900697692852936,1200,1700,1800,1830
2026-02-15,55.03819274902344,7.24982623983017e-05,1,1,0.538113609529536,0.461886390470464,0.538113609529536,1.0,0.1,0.25900697692852936,1200,1700,1800,1830
2026-02-16,55.04218292236328,-0.020799602023095498,0,1,0.5293881062191681,0.4706118937808319,0.5293881062191681,1.0,0.1,0.25900697692852936,1200,1700,1800,1830
2026-02-17,53.8973274230957,-0.011264743845947667,0,1,0.5111094999292016,0.4888905000707984,0.5111094999292016,1.0,0.1,0.25900697692852936,1200,1700,1800,1830
2026-02-18,53.29018783569336,-0.01179574111203352,0,1,0.5185921165949182,0.4814078834050818,0.5185921165949182,1.0,0.1,0.25900697692852936,1200,1700,1800,1830
2026-02-19,52.66159057617188,0.04840136704884901,1,0,0.4836529052663487,0.5163470947336513,0.5163470947336513,1.0,0.1,0.25900697692852936,1200,1700,1800,1830
2026-02-20,55.21048355102539,-0.004793652664664472,0,1,0.5202177708620654,0.47978222913793456,0.5202177708620654,1.0,0.1,0.25900697692852936,1200,1700,1800,1830
2026-02-21,54.9458236694336,-0.026909996432865624,0,0,0.4879451817817828,0.5120548182182172,0.5120548182182172,1.0,0.1,0.25900697692852936,1200,1700,1800,1830
2026-02-22,53.46723175048828,-0.04136474631984299,0,0,0.49919059365204654,0.5008094063479535,0.5008094063479535,1.0,0.1,0.25900697692852936,1200,1700,1800,1830
2026-02-23,51.25557327270508,-0.0018010111532597017,0,0,0.48814958165943123,0.5118504183405688,0.5118504183405688,1.0,0.1,0.25900697692852936,1200,1700,1800,1830
2026-02-24,51.16326141357422,0.10777040684478267,1,0,0.49390784854388003,0.50609215145612,0.50609215145612,1.0,0.1,0.25900697692852936,1200,1700,1800,1830
2026-02-25,56.67714691162109,-0.018657689337438166,0,0,0.4770275862869724,0.5229724137130276,0.5229724137130276,1.0,0.1,0.25900697692852936,1200,1700,1800,1830
2026-02-26,55.61968231201172,-0.019601154045104208,0,0,0.4870128125917202,0.5129871874082799,0.5129871874082799,1.0,0.1,0.25900697692852936,1200,1700,1800,1830
2026-02-27,54.52947235107422,-0.0026006371368604286,0,1,0.5032473571965287,0.4967526428034713,0.5032473571965287,1.0,0.1,0.25900697692852936,1200,1700,1800,1830
2026-02-28,54.38766098022461,-0.020986366447344307,0,0,0.4789529734986906,0.5210470265013094,0.5210470265013094,1.0,0.1,0.25900697692852936,1200,1700,1800,1830
2026-03-01,53.24626159667969,0.024308241155656996,1,0,0.45608402756918404,0.543915972430816,0.543915972430816,1.0,0.1,0.25900697692852936,1200,1700,1800,1830
2026-03-02,54.54058456420898,0.0043183113228220105,1,0,0.4881622648614037,0.5118377351385963,0.5118377351385963,1.0,0.1,0.25900697692852936,1200,1700,1800,1830
2026-03-03,54.77610778808594,0.036813608642470186,1,0,0.4574171706781681,0.5425828293218319,0.5425828293218319,1.0,0.1,0.25900697692852936,1200,1700,1800,1830
2026-03-04,56.7926139831543,-0.023262268415914944,0,0,0.4438924739200379,0.5561075260799622,0.5561075260799622,1.0,0.1,0.25900697692852936,1200,1700,1800,1830
2026-03-05,55.47148895263672,-0.029937520965830355,0,0,0.4552094637979341,0.544790536202066,0.544790536202066,10.0,scale,0.2567932638346821,1230,1730,1830,1860
2026-03-06,53.81081008911133,-0.004597559041671251,0,0,0.4624530004926446,0.5375469995073554,0.5375469995073554,10.0,scale,0.2567932638346821,1230,1730,1830,1860
2026-03-07,53.56341171264648,-0.01730505955740491,0,0,0.4657172690526872,0.5342827309473128,0.5342827309473128,10.0,scale,0.2567932638346821,1230,1730,1830,1860
2026-03-08,52.63649368286133,0.020592185683771858,1,0,0.4806737231729537,0.5193262768270464,0.5193262768270464,10.0,scale,0.2567932638346821,1230,1730,1830,1860
2026-03-09,53.72039413452149,0.0024001455993649667,1,0,0.4774831698390086,0.5225168301609914,0.5225168301609914,10.0,scale,0.2567932638346821,1230,1730,1830,1860
2026-03-10,53.84933090209961,0.016591907825001195,1,0,0.47162744558483294,0.5283725544151671,0.5283725544151671,10.0,scale,0.2567932638346821,1230,1730,1830,1860
2026-03-11,54.742794036865234,-0.003065329802212413,0,0,0.47219972217452255,0.5278002778254774,0.5278002778254774,10.0,scale,0.2567932638346821,1230,1730,1830,1860
2026-03-12,54.574989318847656,0.013393416953098036,1,0,0.4697520823869426,0.5302479176130575,0.5302479176130575,10.0,scale,0.2567932638346821,1230,1730,1830,1860
2026-03-13,55.30593490600586,-0.00551740539583101,0,0,0.4696674472854831,0.5303325527145168,0.5303325527145168,10.0,scale,0.2567932638346821,1230,1730,1830,1860
2026-03-14,55.000789642333984,0.021545933116000393,1,0,0.46582732682415867,0.5341726731758414,0.5341726731758414,10.0,scale,0.2567932638346821,1230,1730,1830,1860
2026-03-15,56.18583297729492,0.045168985154845354,1,0,0.4657956874939104,0.5342043125060896,0.5342043125060896,10.0,scale,0.2567932638346821,1230,1730,1830,1860
2026-03-16,58.72369003295898,-0.010711467141585551,0,0,0.4389315860040863,0.5610684139959137,0.5610684139959137,10.0,scale,0.2567932638346821,1230,1730,1830,1860
2026-03-17,58.09467315673828,-0.035135598328733586,0,0,0.45550194385105675,0.5444980561489432,0.5444980561489432,10.0,scale,0.2567932638346821,1230,1730,1830,1860
2026-03-18,56.05348205566406,-0.009743104776044453,0,0,0.4611953732679046,0.5388046267320954,0.5388046267320954,10.0,scale,0.2567932638346821,1230,1730,1830,1860
2026-03-19,55.5073471069336,0.012052023109469623,1,0,0.4660547441104941,0.5339452558895059,0.5339452558895059,10.0,scale,0.2567932638346821,1230,1730,1830,1860
2026-03-20,56.17632293701172,-0.02686203432420098,0,0,0.47161873341350224,0.5283812665864978,0.5283812665864978,10.0,scale,0.2567932638346821,1230,1730,1830,1860
2026-03-21,54.66731262207031,-0.021543806488835027,0,0,0.4708979335023711,0.5291020664976289,0.5291020664976289,10.0,scale,0.2567932638346821,1230,1730,1830,1860
2026-03-22,53.48957061767578,0.040665969189778606,1,0,0.48257527168450015,0.5174247283154998,0.5174247283154998,10.0,scale,0.2567932638346821,1230,1730,1830,1860
2026-03-23,55.66477584838867,0.012898614854647938,1,0,0.4776747547151155,0.5223252452848846,0.5223252452848846,10.0,scale,0.2567932638346821,1230,1730,1830,1860
2026-03-24,56.382774353027344,0.004236554800997938,1,0,0.46564156709573895,0.534358432904261,0.534358432904261,10.0,scale,0.2567932638346821,1230,1730,1830,1860
2026-03-25,56.62164306640625,-0.03626936128379232,0,0,0.4700458031869389,0.5299541968130611,0.5299541968130611,10.0,scale,0.2567932638346821,1230,1730,1830,1860
2026-03-26,54.56801223754883,-0.016208964382767976,0,0,0.46732004221372897,0.5326799577862711,0.5326799577862711,10.0,scale,0.2567932638346821,1230,1730,1830,1860
2026-03-27,53.68352127075195,0.00292684909548635,1,0,0.4703711493599376,0.5296288506400624,0.5296288506400624,10.0,scale,0.2567932638346821,1230,1730,1830,1860
2026-03-28,53.84064483642578,-0.010134262415436801,0,0,0.477835421827294,0.522164578172706,0.522164578172706,10.0,scale,0.2567932638346821,1230,1730,1830,1860
2026-03-29,53.29500961303711,-0.0018248557884361638,0,0,0.48379133833525334,0.5162086616647467,0.5162086616647467,10.0,scale,0.2567932638346821,1230,1730,1830,1860
2026-03-30,53.19775390625,0.013537297267528947,1,0,0.4916241201102451,0.5083758798897549,0.5083758798897549,10.0,scale,0.2567932638346821,1230,1730,1830,1860
2026-03-31,53.91790771484375,-0.002078213384560157,0,0,0.480905136021003,0.519094863978997,0.519094863978997,10.0,scale,0.2567932638346821,1230,1730,1830,1860
2026-04-01,53.80585479736328,-0.02872700388418703,0,0,0.48422788781613324,0.5157721121838668,0.5157721121838668,10.0,scale,0.2567932638346821,1230,1730,1830,1860
2026-04-02,52.26017379760742,0.018137635367104332,1,0,0.4836209171096644,0.5163790828903356,0.5163790828903356,10.0,scale,0.2567932638346821,1230,1730,1830,1860
2026-04-03,53.20804977416992,0.006887999867509542,1,0,0.48462141997434605,0.515378580025654,0.515378580025654,10.0,scale,0.2567932638346821,1230,1730,1830,1860
2026-04-04,53.57454681396485,0.01007878956264352,1,0,0.4797819147214355,0.5202180852785645,0.5202180852785645,10.0,scale,0.25266449845692057,1260,1760,1860,1890
2026-04-05,54.1145133972168,-0.010561621678587652,0,0,0.4872303092330258,0.5127696907669742,0.5127696907669742,10.0,scale,0.25266449845692057,1260,1760,1860,1890
2026-04-06,53.54297637939453,0.03482139104030568,1,0,0.4882451033560111,0.5117548966439889,0.5117548966439889,10.0,scale,0.25266449845692057,1260,1760,1860,1890
2026-04-07,55.40741729736328,-0.025970961785017344,0,0,0.4806437329338963,0.5193562670661037,0.5193562670661037,10.0,scale,0.25266449845692057,1260,1760,1860,1890
2026-04-08,53.96843338012695,0.009895599229856833,1,0,0.4703108931516786,0.5296891068483214,0.5296891068483214,10.0,scale,0.25266449845692057,1260,1760,1860,1890
2026-04-09,54.50248336791992,0.008519195696881754,1,0,0.4836616675764482,0.5163383324235518,0.5163383324235518,10.0,scale,0.25266449845692057,1260,1760,1860,1890
2026-04-10,54.96680068969727,0.0019150242514911486,1,0,0.4756862614593598,0.5243137385406402,0.5243137385406402,10.0,scale,0.25266449845692057,1260,1760,1860,1890
2026-04-11,55.07206344604492,-0.028729890555469595,0,0,0.4786518038459162,0.5213481961540838,0.5213481961540838,10.0,scale,0.25266449845692057,1260,1760,1860,1890
2026-04-12,53.48984909057617,0.021696410430348756,1,0,0.4765117051938449,0.5234882948061551,0.5234882948061551,10.0,scale,0.25266449845692057,1260,1760,1860,1890
2026-04-13,54.650386810302734,-0.006200217767763805,0,0,0.48423845960214523,0.5157615403978548,0.5157615403978548,10.0,scale,0.25266449845692057,1260,1760,1860,1890
2026-04-14,54.31154251098633,0.015122797664889998,1,0,0.4777513218683807,0.5222486781316193,0.5222486781316193,10.0,scale,0.25266449845692057,1260,1760,1860,1890
2026-04-15,55.13288497924805,0.02242188427050751,1,0,0.4830430850428162,0.5169569149571838,0.5169569149571838,10.0,scale,0.25266449845692057,1260,1760,1860,1890
2026-04-16,56.36906814575195,0.0019110345376909255,1,0,0.4716744481606223,0.5283255518393777,0.5283255518393777,10.0,scale,0.25266449845692057,1260,1760,1860,1890
2026-04-17,56.47679138183594,-0.013232982903403467,0,0,0.4729352567973013,0.5270647432026987,0.5270647432026987,10.0,scale,0.25266449845692057,1260,1760,1860,1890
2026-04-18,55.729434967041016,-0.029738512274886553,0,0,0.46984830167054126,0.5301516983294587,0.5301516983294587,10.0,scale,0.25266449845692057,1260,1760,1860,1890
2026-04-19,54.07212448120117,0.017835037298541412,1,0,0.47485170521607173,0.5251482947839283,0.5251482947839283,10.0,scale,0.25266449845692057,1260,1760,1860,1890
2026-04-20,55.036502838134766,0.009315134463107277,1,0,0.48329125819265306,0.5167087418073469,0.5167087418073469,10.0,scale,0.25266449845692057,1260,1760,1860,1890
2026-04-21,55.54917526245117,0.00034885598243028504,1,0,0.48121192755005426,0.5187880724499457,0.5187880724499457,10.0,scale,0.25266449845692057,1260,1760,1860,1890
2026-04-22,55.56855392456055,0.011986918618520637,1,0,0.4853126758548637,0.5146873241451363,0.5146873241451363,10.0,scale,0.25266449845692057,1260,1760,1860,1890
2026-04-23,56.234649658203125,0.005065808431879981,1,0,0.4795811509375325,0.5204188490624675,0.5204188490624675,10.0,scale,0.25266449845692057,1260,1760,1860,1890
2026-04-24,56.51952362060547,-0.008344011920961902,0,0,0.47578550175925666,0.5242144982407433,0.5242144982407433,10.0,scale,0.25266449845692057,1260,1760,1860,1890
2026-04-25,56.04792404174805,0.0046319150414695365,1,0,0.4737744479793862,0.5262255520206138,0.5262255520206138,10.0,scale,0.25266449845692057,1260,1760,1860,1890
2026-04-26,56.30753326416016,-0.013454866109845143,0,0,0.4829022810885252,0.5170977189114748,0.5170977189114748,10.0,scale,0.25266449845692057,1260,1760,1860,1890
2026-04-27,55.549922943115234,0.003034044795389379,1,0,0.4866797362735469,0.5133202637264531,0.5133202637264531,10.0,scale,0.25266449845692057,1260,1760,1860,1890
2026-04-28,55.71846389770508,-0.007447354254452976,0,0,0.4869924479012729,0.5130075520987272,0.5130075520987272,10.0,scale,0.25266449845692057,1260,1760,1860,1890
2026-04-29,55.30350875854492,-0.0024122808076407765,0,0,0.48824842242057415,0.5117515775794259,0.5117515775794259,10.0,scale,0.25266449845692057,1260,1760,1860,1890
2026-04-30,55.17010116577149,0.004076608826779626,1,0,0.4819986142026732,0.5180013857973268,0.5180013857973268,10.0,scale,0.25266449845692057,1260,1760,1860,1890
2026-05-01,55.3950080871582,-0.0005301805209926291,0,0,0.4910743068564274,0.5089256931435726,0.5089256931435726,10.0,scale,0.25266449845692057,1260,1760,1860,1890
2026-05-02,55.36563873291016,-0.0014276786803154584,0,0,0.48681087761538355,0.5131891223846164,0.5131891223846164,10.0,scale,0.25266449845692057,1260,1760,1860,1890
2026-05-03,55.28659439086914,-0.006116242344864853,0,0,0.49196571353256724,0.5080342864674328,0.5080342864674328,10.0,scale,0.25266449845692057,1260,1760,1860,1890
2026-05-04,54.94844818115234,0.025994962930092402,1,0,0.49135857324612336,0.5086414267538766,0.5086414267538766,10.0,scale,0.24907191738933926,1290,1790,1890,1920
2026-05-05,56.3768310546875,0.005436282990392671,1,0,0.4872265551383053,0.5127734448616947,0.5127734448616947,10.0,scale,0.24907191738933926,1290,1790,1890,1920
2026-05-06,56.68331146240234,-0.00444142648421586,0,0,0.4843909085436365,0.5156090914563636,0.5156090914563636,10.0,scale,0.24907191738933926,1290,1790,1890,1920
2026-05-07,56.43155670166016,0.031925424624323684,1,0,0.48542741617840435,0.5145725838215957,0.5145725838215957,10.0,scale,0.24907191738933926,1290,1790,1890,1920
2026-05-08,58.233158111572266,-0.0038509779552851064,0,0,0.4760480070215425,0.5239519929784575,0.5239519929784575,10.0,scale,0.24907191738933926,1290,1790,1890,1920
2026-05-09,58.00890350341797,0.04090483620165508,1,0,0.47153616858644165,0.5284638314135583,0.5284638314135583,10.0,scale,0.24907191738933926,1290,1790,1890,1920
2026-05-10,60.38174819946289,-0.030631738663781438,0,0,0.4593700240910388,0.5406299759089612,0.5406299759089612,10.0,scale,0.24907191738933926,1290,1790,1890,1920
2026-05-11,58.53215026855469,-0.008977602234432447,0,0,0.45892126812292705,0.5410787318770729,0.5410787318770729,10.0,scale,0.24907191738933926,1290,1790,1890,1920
2026-05-12,58.00667190551758,-0.017932802103576728,0,0,0.4724767109824509,0.5275232890175491,0.5275232890175491,10.0,scale,0.24907191738933926,1290,1790,1890,1920
2026-05-13,56.96644973754883,0.020935267778370514,1,0,0.4721470087441474,0.5278529912558526,0.5278529912558526,10.0,scale,0.24907191738933926,1290,1790,1890,1920
2026-05-14,58.1590576171875,-0.011446507317830812,0,0,0.4800032190406989,0.5199967809593011,0.5199967809593011,10.0,scale,0.24907191738933926,1290,1790,1890,1920
2026-05-15,57.49333953857422,-0.02287650348000414,0,0,0.4769037123727678,0.5230962876272323,0.5230962876272323,10.0,scale,0.24907191738933926,1290,1790,1890,1920
2026-05-16,56.17809295654297,-0.02871753781384201,0,0,0.4758447529056089,0.5241552470943911,0.5241552470943911,10.0,scale,0.24907191738933926,1290,1790,1890,1920
2026-05-17,54.56479644775391,-0.004668468607787246,0,0,0.47552892694642207,0.524471073053578,0.524471073053578,10.0,scale,0.24907191738933926,1290,1790,1890,1920
2026-05-18,54.31006240844727,0.0013970583948632598,1,0,0.4930724196685025,0.5069275803314974,0.5069275803314974,10.0,scale,0.24907191738933926,1290,1790,1890,1920
2026-05-19,54.38593673706055,-0.008811213228189785,0,0,0.48162027099556043,0.5183797290044396,0.5183797290044396,10.0,scale,0.24907191738933926,1290,1790,1890,1920
2026-05-20,53.90673065185547,0.004172502990873017,1,0,0.49403932021123476,0.5059606797887652,0.5059606797887652,10.0,scale,0.24907191738933926,1290,1790,1890,1920
2026-05-21,54.13165664672852,-0.02789062294643896,0,0,0.49286075070314855,0.5071392492968514,0.5071392492968514,10.0,scale,0.24907191738933926,1290,1790,1890,1920
2026-05-22,52.62189102172852,0.01546839674586531,1,0,0.4807001838771064,0.5192998161228937,0.5192998161228937,10.0,scale,0.24907191738933926,1290,1790,1890,1920
2026-05-23,53.43586730957031,-0.012553851785836123,0,0,0.48921635822374937,0.5107836417762506,0.5107836417762506,10.0,scale,0.24907191738933926,1290,1790,1890,1920
2026-05-24,52.76504135131836,-0.002054577781337996,0,0,0.47680889604526155,0.5231911039547384,0.5231911039547384,10.0,scale,0.24907191738933926,1290,1790,1890,1920
2026-05-25,52.65663146972656,-0.01513074106647383,0,0,0.49390205268998383,0.5060979473100162,0.5060979473100162,10.0,scale,0.24907191738933926,1290,1790,1890,1920
2026-05-26,51.85989761352539,0.0012094364880705921,1,0,0.4846791499663777,0.5153208500336224,0.5153208500336224,10.0,scale,0.24907191738933926,1290,1790,1890,1920
2026-05-27,51.9226188659668,-0.006451523792569969,0,0,0.4912894609086699,0.5087105390913301,0.5087105390913301,10.0,scale,0.24907191738933926,1290,1790,1890,1920
2026-05-28,51.58763885498047,0.00470739954996513,1,0,0.48878328711002533,0.5112167128899747,0.5112167128899747,10.0,scale,0.24907191738933926,1290,1790,1890,1920
2026-05-29,51.83048248291016,0.009956833896982653,1,0,0.48992396701835894,0.5100760329816411,0.5100760329816411,10.0,scale,0.24907191738933926,1290,1790,1890,1920
2026-05-30,52.34654998779297,-0.006548521556172582,0,0,0.4907305521264005,0.5092694478735995,0.5092694478735995,10.0,scale,0.24907191738933926,1290,1790,1890,1920
2026-05-31,52.00375747680664,-0.024674833392297923,0,0,0.49014651926416897,0.509853480735831,0.509853480735831,10.0,scale,0.24907191738933926,1290,1790,1890,1920
2026-06-01,50.72057342529297,-0.0751856898725295,0,0,0.49375698473827206,0.5062430152617279,0.5062430152617279,10.0,scale,0.24907191738933926,1290,1790,1890,1920
2026-06-02,46.90711212158203,0.00504057360444321,1,0,0.4679918742030158,0.5320081257969842,0.5320081257969842,10.0,scale,0.24907191738933926,1290,1790,1890,1920
2026-06-03,47.143550872802734,-0.033706955083745105,0,1,0.509187688117268,0.490812311882732,0.509187688117268,1.0,0.01,0.24737186476514797,1320,1820,1920,1950
2026-06-04,45.55448532104492,-0.0507728502361654,0,1,0.5092222062124734,0.4907777937875266,0.5092222062124734,1.0,0.01,0.24737186476514797,1320,1820,1920,1950
2026-06-05,43.24155426025391,-0.04404537809225073,0,1,0.5114036313744592,0.4885963686255408,0.5114036313744592,1.0,0.01,0.24737186476514797,1320,1820,1920,1950
2026-06-06,41.33696365356445,0.03631029849199496,1,0,0.4998371961564975,0.5001628038435024,0.5001628038435024,1.0,0.01,0.24737186476514797,1320,1820,1920,1950
2026-06-07,42.837921142578125,0.005277432067666288,1,1,0.5151721808727283,0.4848278191272717,0.5151721808727283,1.0,0.01,0.24737186476514797,1320,1820,1920,1950
2026-06-08,43.063995361328125,-0.0013390949464999746,0,1,0.5128888835728056,0.4871111164271944,0.5128888835728056,1.0,0.01,0.24737186476514797,1320,1820,1920,1950
2026-06-09,43.00632858276367,-0.029941499138138372,0,1,0.5160576678585279,0.4839423321414721,0.5160576678585279,1.0,0.01,0.24737186476514797,1320,1820,1920,1950
2026-06-10,41.71865463256836,0.018930908502376775,1,1,0.5151827776028054,0.4848172223971946,0.5151827776028054,1.0,0.01,0.24737186476514797,1320,1820,1920,1950
2026-06-11,42.508426666259766,0.012649182304498074,1,1,0.5107762114197969,0.4892237885802031,0.5107762114197969,1.0,0.01,0.24737186476514797,1320,1820,1920,1950
2026-06-12,43.04612350463867,0.028808121880672388,1,1,0.5090034188843563,0.4909965811156437,0.5090034188843563,1.0,0.01,0.24737186476514797,1320,1820,1920,1950
2026-06-13,44.28620147705078,0.02421976332549547,1,0,0.49687615982542654,0.5031238401745735,0.5031238401745735,1.0,0.01,0.24737186476514797,1320,1820,1920,1950
2026-06-14,45.35880279541016,0.009805948225387162,1,0,0.49090426739047494,0.5090957326095251,0.5090957326095251,1.0,0.01,0.24737186476514797,1320,1820,1920,1950
2026-06-15,45.8035888671875,-0.0037184554251736834,0,0,0.488615380777361,0.511384619222639,0.511384619222639,1.0,0.01,0.24737186476514797,1320,1820,1920,1950
2026-06-16,45.63327026367188,-0.01693677770042501,0,0,0.48294442498637086,0.5170555750136292,0.5170555750136292,1.0,0.01,0.24737186476514797,1320,1820,1920,1950
2026-06-17,44.860389709472656,-0.023565542579423893,0,0,0.4916474656465997,0.5083525343534003,0.5083525343534003,1.0,0.01,0.24737186476514797,1320,1820,1920,1950
2026-06-18,43.80323028564453,0.005834750095665253,1,0,0.4978145836369705,0.5021854163630295,0.5021854163630295,1.0,0.01,0.24737186476514797,1320,1820,1920,1950
2026-06-19,44.05881118774414,0.009802547292569797,1,0,0.49042894203708876,0.5095710579629112,0.5095710579629112,1.0,0.01,0.24737186476514797,1320,1820,1920,1950
2026-06-20,44.490699768066406,-0.0011452485944831725,0,0,0.480782631923381,0.519217368076619,0.519217368076619,1.0,0.01,0.24737186476514797,1320,1820,1920,1950
2026-06-21,44.43974685668945,0.0022684873737865985,1,0,0.4872878371463461,0.512712162853654,0.512712162853654,1.0,0.01,0.24737186476514797,1320,1820,1920,1950
2026-06-22,44.540557861328125,-0.054035100941757674,0,0,0.48460729529188845,0.5153927047081115,0.5153927047081115,1.0,0.01,0.24737186476514797,1320,1820,1920,1950
2026-06-23,42.13380432128906,-0.026354706384464355,0,1,0.500700855228015,0.499299144771985,0.500700855228015,1.0,0.01,0.24737186476514797,1320,1820,1920,1950
2026-06-24,41.023380279541016,-0.004152302675656694,0,1,0.5042493941456605,0.4957506058543395,0.5042493941456605,1.0,0.01,0.24737186476514797,1320,1820,1920,1950
2026-06-25,40.8530387878418,0.024308505656583712,1,1,0.5027168522429106,0.49728314775708937,0.5027168522429106,1.0,0.01,0.24737186476514797,1320,1820,1920,1950
2026-06-26,41.84611511230469,0.006839744503682299,1,0,0.49640044592943283,0.5035995540705671,0.5035995540705671,1.0,0.01,0.24737186476514797,1320,1820,1920,1950
2026-06-27,42.13233184814453,0.007838664891824498,1,0,0.49218107744248596,0.507818922557514,0.507818922557514,1.0,0.01,0.24737186476514797,1320,1820,1920,1950
2026-06-28,42.46259307861328,0.014480770194785553,1,0,0.4893838036689108,0.5106161963310891,0.5106161963310891,1.0,0.01,0.24737186476514797,1320,1820,1920,1950
2026-06-29,43.077484130859375,-0.027860251366747413,0,0,0.48459040958717364,0.5154095904128264,0.5154095904128264,1.0,0.01,0.24737186476514797,1320,1820,1920,1950
2026-06-30,41.87733459472656,0.018581527309614376,1,0,0.49230884677453224,0.5076911532254678,0.5076911532254678,1.0,0.01,0.24737186476514797,1320,1820,1920,1950
2026-07-01,42.65547943115234,0.01956996847935577,1,0,0.4700097766754358,0.5299902233245641,0.5299902233245641,1.0,0.01,0.24737186476514797,1320,1820,1920,1950
2026-07-02,43.4902458190918,0.03010436107164227,1,0,0.4589717976710275,0.5410282023289725,0.5410282023289725,1.0,0.01,0.24737186476514797,1320,1820,1920,1950
2026-07-03,44.79949188232422,0.0006156378135473428,1,0,0.4496085910299467,0.5503914089700532,0.5503914089700532,1.0,0.01,0.2485433521188395,1350,1850,1950,1980
2026-07-04,44.82707214355469,0.01983201981627669,1,0,0.45681124445923144,0.5431887555407686,0.5431887555407686,1.0,0.01,0.2485433521188395,1350,1850,1950,1980
2026-07-05,45.71608352661133,-0.01948599476460522,0,0,0.4485992069877147,0.5514007930122853,0.5514007930122853,1.0,0.01,0.2485433521188395,1350,1850,1950,1980
2026-07-06,44.82526016235352,-0.02066383772231617,0,0,0.4666247960109326,0.5333752039890673,0.5333752039890673,1.0,0.01,0.2485433521188395,1350,1850,1950,1980
2026-07-07,43.89899826049805,-0.006283445078706595,0,0,0.46818720255335633,0.5318127974466437,0.5318127974466437,1.0,0.01,0.2485433521188395,1350,1850,1950,1980
2026-07-08,43.62316131591797,0.0032533634149647384,1,0,0.4715552093636754,0.5284447906363245,0.5284447906363245,1.0,0.01,0.2485433521188395,1350,1850,1950,1980
2026-07-09,43.76508331298828,0.022540708185671887,1,0,0.4665983791311354,0.5334016208688646,0.5334016208688646,1.0,0.01,0.2485433521188395,1350,1850,1950,1980
2026-07-10,44.75157928466797,-0.0012505798561428527,0,0,0.4604046398957622,0.5395953601042378,0.5395953601042378,1.0,0.01,0.2485433521188395,1350,1850,1950,1980
2026-07-11,44.695613861083984,-0.01623573284837254,0,0,0.46294682530564935,0.5370531746943507,0.5370531746943507,1.0,0.01,0.2485433521188395,1350,1850,1950,1980
2026-07-12,43.969947814941406,-0.010942737135727243,0,0,0.4748064826350099,0.5251935173649901,0.5251935173649901,1.0,0.01,0.2485433521188395,1350,1850,1950,1980
2026-07-13,43.48879623413086,0.044740909624785274,1,0,0.481300523250317,0.518699476749683,0.518699476749683,1.0,0.01,0.2485433521188395,1350,1850,1950,1980
2026-07-14,45.43452453613281,-0.006848223584319801,0,0,0.448179397474665,0.5518206025253349,0.5518206025253349,1.0,0.01,0.2485433521188395,1350,1850,1950,1980
2026-07-15,45.12337875366211,-0.004010796340430445,0,0,0.4608566438893211,0.5391433561106789,0.5391433561106789,1.0,0.01,0.2485433521188395,1350,1850,1950,1980
2026-07-16,44.94239807128906,0.004475367062262592,1,0,0.4626274984015291,0.5373725015984709,0.5373725015984709,1.0,0.01,0.2485433521188395,1350,1850,1950,1980
2026-07-17,45.143531799316406,0.04118249405574037,1,0,0.46662752903378996,0.53337247096621,0.53337247096621,1.0,0.01,0.2485433521188395,1350,1850,1950,1980
2026-07-18,47.00265502929688,0.0008432439521794954,1,0,0.43962971886303487,0.5603702811369651,0.5603702811369651,1.0,0.01,0.2485433521188395,1350,1850,1950,1980
2026-07-19,47.04228973388672,0.006277401597521326,1,0,0.44619292386072534,0.5538070761392746,0.5538070761392746,1.0,0.01,0.2485433521188395,1350,1850,1950,1980
2026-07-20,47.33759307861328,-0.011020635708832383,0,0,0.44370067652625705,0.556299323473743,0.556299323473743,1.0,0.01,0.2485433521188395,1350,1850,1950,1980
2026-07-21,46.81590270996094,0.005448030671481252,1,0,0.45012901689559587,0.5498709831044042,0.5498709831044042,1.0,0.01,0.2485433521188395,1350,1850,1950,1980
2026-07-22,47.07095718383789,-0.00304075516341229,0,0,0.44677363397958086,0.5532263660204191,0.5532263660204191,1.0,0.01,0.2485433521188395,1350,1850,1950,1980
2026-07-23,46.927825927734375,-0.012832868687696397,0,0,0.4557641090703921,0.5442358909296079,0.5442358909296079,1.0,0.01,0.2485433521188395,1350,1850,1950,1980
2026-07-24,46.32560729980469,0.003910085490918203,1,0,0.4663823779473956,0.5336176220526043,0.5336176220526043,1.0,0.01,0.2485433521188395,1350,1850,1950,1980
2026-07-25,46.506744384765625,0.027677972063076206,1,0,0.46622640725500764,0.5337735927449924,0.5337735927449924,1.0,0.01,0.2485433521188395,1350,1850,1950,1980
2026-07-26,47.7939567565918,-0.03755365894481233,0,0,0.4491569651990404,0.5508430348009596,0.5508430348009596,1.0,0.01,0.2485433521188395,1350,1850,1950,1980
2026-07-27,45.99911880493164,0.0029436758281140563,1,0,0.4714504427239814,0.5285495572760186,0.5285495572760186,1.0,0.01,0.2485433521188395,1350,1850,1950,1980
2026-07-28,46.134525299072266,-0.015695034078781478,0,0,0.47157961402514814,0.5284203859748519,0.5284203859748519,1.0,0.01,0.2485433521188395,1350,1850,1950,1980
2026-07-29,45.41044235229492,0.0029332812503282124,1,0,0.48119704990509077,0.5188029500949092,0.5188029500949092,1.0,0.01,0.2485433521188395,1350,1850,1950,1980
2026-07-30,45.543643951416016,-0.02851798304932418,0,0,0.475757768843087,0.524242231156913,0.524242231156913,1.0,0.01,0.2485433521188395,1350,1850,1950,1980
2026-07-31,44.24483108520508,-0.0013650020946643915,0,0,0.48848306594522783,0.5115169340547722,0.5115169340547722,1.0,0.01,0.2485433521188395,1350,1850,1950,1980
2026-08-01,44.1844367980957,0.010190296982090175,1,0,0.48974562770071833,0.5102543722992816,0.5102543722992816,1.0,0.01,0.2485433521188395,1350,1850,1950,1980
2026-08-02,44.63468933105469,-0.008666649117883063,0,0,0.4862304677230264,0.5137695322769735,0.5137695322769735,0.1,scale,0.2481608516135731,1380,1880,1980,2010
2026-08-03,44.24785614013672,0.013162851928261166,1,0,0.48872347414276324,0.5112765258572367,0.5112765258572367,0.1,scale,0.2481608516135731,1380,1880,1980,2010
2026-08-04,44.83028411865234,0.009911172490786768,1,0,0.48246036688037486,0.5175396331196251,0.5175396331196251,0.1,scale,0.2481608516135731,1380,1880,1980,2010
2026-08-05,45.27460479736328,0.0028283351867040007,1,0,0.4791404773073123,0.5208595226926878,0.5208595226926878,0.1,scale,0.2481608516135731,1380,1880,1980,2010
2026-08-06,45.40265655517578,0.0036435789042446043,1,0,0.47816676598850294,0.5218332340114971,0.5218332340114971,0.1,scale,0.2481608516135731,1380,1880,1980,2010
2026-08-07,45.56808471679688,0.009040886031442819,1,0,0.47612805414044085,0.5238719458595591,0.5238719458595591,0.1,scale,0.2481608516135731,1380,1880,1980,2010
2026-08-08,45.98006057739258,-0.01254393263575393,0,0,0.4725984155811139,0.5274015844188862,0.5274015844188862,0.1,scale,0.2481608516135731,1380,1880,1980,2010
2026-08-09,45.40328979492188,-0.006440405975366104,0,0,0.4836995884569311,0.5163004115430689,0.5163004115430689,0.1,scale,0.2481608516135731,1380,1880,1980,2010
2026-08-10,45.11087417602539,0.007869743001274188,1,0,0.4820755356077309,0.5179244643922691,0.5179244643922691,0.1,scale,0.2481608516135731,1380,1880,1980,2010
2026-08-11,45.46588516235352,-0.013508875070908144,0,0,0.4793725139566005,0.5206274860433995,0.5206274860433995,0.1,scale,0.2481608516135731,1380,1880,1980,2010
2026-08-12,44.85169219970703,-0.0008800263863328883,0,0,0.48381215436296054,0.5161878456370395,0.5161878456370395,0.1,scale,0.2481608516135731,1380,1880,1980,2010
2026-08-13,44.81222152709961,-0.02334732667333772,0,0,0.483219626308437,0.516780373691563,0.516780373691563,0.1,scale,0.2481608516135731,1380,1880,1980,2010
2026-08-14,43.76597595214844,0.006858108803042384,1,0,0.4877341011323851,0.512265898867615,0.512265898867615,0.1,scale,0.2481608516135731,1380,1880,1980,2010
2026-08-15,44.06612777709961,0.001145115715293521,1,0,0.48289650858839894,0.5171034914116011,0.5171034914116011,0.1,scale,0.2481608516135731,1380,1880,1980,2010
2026-08-16,44.1165885925293,0.009218498146849496,1,0,0.48417281115514393,0.515827188844856,0.515827188844856,0.1,scale,0.2481608516135731,1380,1880,1980,2010
2026-08-17,44.52327728271485,-0.004570274111918682,0,0,0.47774950848768016,0.5222504915123198,0.5222504915123198,0.1,scale,0.2481608516135731,1380,1880,1980,2010
2026-08-18,44.31979370117188,0.05445342157214439,1,0,0.4828725347194522,0.5171274652805478,0.5171274652805478,0.1,scale,0.2481608516135731,1380,1880,1980,2010
2026-08-19,46.733158111572266,0.023430192451654452,1,0,0.4473058891578605,0.5526941108421395,0.5526941108421395,0.1,scale,0.2481608516135731,1380,1880,1980,2010
2026-08-20,47.828125,0.11078744244630023,1,0,0.4415625943128266,0.5584374056871735,0.5584374056871735,0.1,scale,0.2481608516135731,1380,1880,1980,2010
2026-08-21,53.12688064575195,-0.011731762425402414,0,0,0.39079588170634855,0.6092041182936514,0.6092041182936514,0.1,scale,0.2481608516135731,1380,1880,1980,2010
2026-08-22,52.50360870361328,-0.00390641744915865,0,0,0.40457953638404404,0.5954204636159559,0.5954204636159559,0.1,scale,0.2481608516135731,1380,1880,1980,2010
2026-08-23,52.29850769042969,-0.012942404451142142,0,0,0.4112504002044835,0.5887495997955166,0.5887495997955166,0.1,scale,0.2481608516135731,1380,1880,1980,2010
2026-08-24,51.62163925170898,-0.0329965269030702,0,0,0.4303275645063195,0.5696724354936805,0.5696724354936805,0.1,scale,0.2481608516135731,1380,1880,1980,2010
2026-08-25,49.918304443359375,0.012163963580630766,1,0,0.45136493233030506,0.5486350676696949,0.5486350676696949,0.1,scale,0.2481608516135731,1380,1880,1980,2010
2026-08-26,50.525508880615234,-0.011898036075460805,0,0,0.446162424982837,0.553837575017163,0.553837575017163,0.1,scale,0.2481608516135731,1380,1880,1980,2010
2026-08-27,49.924354553222656,-0.012127417502523441,0,0,0.4574316638816197,0.5425683361183803,0.5425683361183803,0.1,scale,0.2481608516135731,1380,1880,1980,2010
2026-08-28,49.31890106201172,-0.006336545165490537,0,0,0.4709932262890294,0.5290067737109706,0.5290067737109706,0.1,scale,0.2481608516135731,1380,1880,1980,2010
2026-08-29,49.00638961791992,-0.02244711125343868,0,0,0.47137375204135906,0.528626247958641,0.528626247958641,0.1,scale,0.2481608516135731,1380,1880,1980,2010
2026-08-30,47.90633773803711,0.012991665551207676,1,0,0.48020348669647955,0.5197965133035205,0.5197965133035205,0.1,scale,0.2481608516135731,1380,1880,1980,2010
2026-08-31,48.52872085571289,0.02132175630367228,1,0,0.4712515132768048,0.5287484867231952,0.5287484867231952,0.1,scale,0.2481608516135731,1380,1880,1980,2010
