timestamp,close,future_return_1d,y_true,prediction,prob_positive,prob_negative,confidence,selected_C,selected_gamma,validation_brier,fold_start,train_end,validation_end,test_end
2022-10-22,52.180171966552734,0.033924667945880005,1,1,0.5987557604168798,0.40124423958312017,0.5987557604168798,1.0,0.01,0.2491790685603439,0,500,600,630
2022-10-23,53.95036697387695,-0.025599873857764077,0,1,0.5634769044730729,0.43652309552692714,0.5634769044730729,1.0,0.01,0.2491790685603439,0,500,600,630
2022-10-24,52.569244384765625,0.06574014463113365,1,1,0.6114997969517607,0.3885002030482393,0.6114997969517607,1.0,0.01,0.2491790685603439,0,500,600,630
2022-10-25,56.02515411376953,0.006542128236389777,1,0,0.4992004707213283,0.5007995292786718,0.5007995292786718,1.0,0.01,0.2491790685603439,0,500,600,630
2022-10-26,56.39167785644531,-0.02809046225530587,0,1,0.5771880061863129,0.42281199381368706,0.5771880061863129,1.0,0.01,0.2491790685603439,0,500,600,630
2022-10-27,54.80760955810547,0.003581419880972936,1,1,0.6147917747543344,0.38520822524566556,0.6147917747543344,1.0,0.01,0.2491790685603439,0,500,600,630
2022-10-28,55.00389862060547,0.02713042330012838,1,1,0.5949798218795092,0.40502017812049085,0.5949798218795092,1.0,0.01,0.2491790685603439,0,500,600,630
2022-10-29,56.49617767333984,-0.019587601300568802,0,1,0.5399343075399603,0.4600656924600397,0.5399343075399603,1.0,0.01,0.2491790685603439,0,500,600,630
2022-10-30,55.38955307006836,-0.005508594019616564,0,1,0.5980757358498232,0.4019242641501768,0.5980757358498232,1.0,0.01,0.2491790685603439,0,500,600,630
2022-10-31,55.084434509277344,0.0007761743827274792,1,1,0.5857192996439182,0.4142807003560818,0.5857192996439182,1.0,0.01,0.2491790685603439,0,500,600,630
2022-11-01,55.12718963623047,0.09852267573586326,1,0,0.30331378701948797,0.696686212980512,0.696686212980512,1.0,0.01,0.2491790685603439,0,500,600,630
2022-11-02,60.55846786499024,0.02250463762640198,1,0,0.26858591293121936,0.7314140870687806,0.7314140870687806,1.0,0.01,0.2491790685603439,0,500,600,630
2022-11-03,61.92131423950195,0.0916531180637914,1,0,0.4388836509146769,0.561116349085323,0.561116349085323,1.0,0.01,0.2491790685603439,0,500,600,630
2022-11-04,67.59659576416016,0.031430625277298896,1,0,0.2868914921614641,0.713108507838536,0.713108507838536,1.0,0.01,0.2491790685603439,0,500,600,630
2022-11-05,69.72119903564453,-0.023452653100394905,0,0,0.39381570960748985,0.6061842903925101,0.6061842903925101,1.0,0.01,0.2491790685603439,0,500,600,630
2022-11-06,68.08605194091797,-0.006371121140049341,0,0,0.46737715672764696,0.532622843272353,0.532622843272353,1.0,0.01,0.2491790685603439,0,500,600,630
2022-11-07,67.65226745605469,-0.1516647423719325,0,0,0.3030132067582621,0.696986793241738,0.696986793241738,1.0,0.01,0.2491790685603439,0,500,600,630
2022-11-08,57.39180374145508,-0.11732035477497149,0,1,0.5882911121785693,0.41170888782143067,0.5882911121785693,1.0,0.01,0.2491790685603439,0,500,600,630
2022-11-09,50.65857696533203,0.19152682690050082,1,0,0.30286496426261383,0.6971350357373862,0.6971350357373862,1.0,0.01,0.2491790685603439,0,500,600,630
2022-11-10,60.36105346679688,0.01459930451875735,1,0,0.20270867538462056,0.7972913246153794,0.7972913246153794,1.0,0.01,0.2491790685603439,0,500,600,630
2022-11-11,61.24228286743164,-0.022643345890511535,0,0,0.2626598550875825,0.7373401449124175,0.7373401449124175,1.0,0.01,0.2491790685603439,0,500,600,630
2022-11-12,59.85555267333984,-0.039568220152810696,0,0,0.27459650512002837,0.7254034948799717,0.7254034948799717,1.0,0.01,0.2491790685603439,0,500,600,630
2022-11-13,57.48717498779297,-0.016368436775833772,0,0,0.33050044029460635,0.6694995597053937,0.6694995597053937,1.0,0.01,0.2491790685603439,0,500,600,630
2022-11-14,56.546199798583984,0.025838400992711064,1,0,0.3732640666984627,0.6267359333015373,0.6267359333015373,1.0,0.01,0.2491790685603439,0,500,600,630
2022-11-15,58.00726318359375,-0.008461714704789847,0,0,0.3654864300606754,0.6345135699393246,0.6345135699393246,1.0,0.01,0.2491790685603439,0,500,600,630
2022-11-16,57.51642227172852,0.08636999890897634,1,1,0.5064928750411348,0.4935071249588652,0.5064928750411348,1.0,0.01,0.2491790685603439,0,500,600,630
2022-11-17,62.48411560058594,0.0025550316865199374,1,0,0.2963634840036435,0.7036365159963565,0.7036365159963565,1.0,0.01,0.2491790685603439,0,500,600,630
2022-11-18,62.64376449584961,0.01865520881015459,1,0,0.40439118773690524,0.5956088122630947,0.5956088122630947,1.0,0.01,0.2491790685603439,0,500,600,630
2022-11-19,63.81239700317383,-0.028365492017981553,0,0,0.39292008126565237,0.6070799187343476,0.6070799187343476,1.0,0.01,0.2491790685603439,0,500,600,630
2022-11-20,62.00232696533203,-0.010142161048259157,0,0,0.4651712429746055,0.5348287570253945,0.5348287570253945,1.0,0.01,0.2491790685603439,0,500,600,630
2022-11-21,61.37348937988281,0.14777236086065915,1,0,0.49234938427346353,0.5076506157265365,0.5076506157265365,1.0,0.01,0.24832925630353206,30,530,630,660
2022-11-22,70.44279479980469,0.12147834124221624,1,0,0.37903770595055186,0.6209622940494481,0.6209622940494481,1.0,0.01,0.24832925630353206,30,530,630,660
2022-11-23,79.00006866455078,-0.0021509079406186737,0,0,0.4152315440765511,0.584768455923449,0.584768455923449,1.0,0.01,0.24832925630353206,30,530,630,660
2022-11-24,78.83014678955078,-0.06090622482137542,0,0,0.3855526091726755,0.6144473908273245,0.6144473908273245,1.0,0.01,0.24832925630353206,30,530,630,660
2022-11-25,74.02890014648438,0.031663230657038355,1,0,0.40499543786287556,0.5950045621371245,0.5950045621371245,1.0,0.01,0.24832925630353206,30,530,630,660
2022-11-26,76.37289428710938,-0.01739589872400038,0,0,0.38808800020733214,0.6119119997926679,0.6119119997926679,1.0,0.01,0.24832925630353206,30,530,630,660
2022-11-27,75.04431915283203,-0.012313992108138438,0,0,0.4026483416547981,0.5973516583452019,0.5973516583452019,1.0,0.01,0.24832925630353206,30,530,630,660
2022-11-28,74.12022399902344,0.025142237546842194,1,0,0.4188012635853792,0.5811987364146207,0.5811987364146207,1.0,0.01,0.24832925630353206,30,530,630,660
2022-11-29,75.98377227783203,0.043613711544283174,1,0,0.398806137197286,0.601193862802714,0.601193862802714,1.0,0.01,0.24832925630353206,30,530,630,660
2022-11-30,79.2977066040039,-0.02244328756943259,0,0,0.42586225163556746,0.5741377483644325,0.5741377483644325,1.0,0.01,0.24832925630353206,30,530,630,660
2022-12-01,77.51800537109375,0.0055919822369896455,1,0,0.4598538976156237,0.5401461023843763,0.5401461023843763,1.0,0.01,0.24832925630353206,30,530,630,660
2022-12-02,77.95148468017578,-0.017364249524113973,0,0,0.4622311885730703,0.5377688114269297,0.5377688114269297,1.0,0.01,0.24832925630353206,30,530,630,660
2022-12-03,76.59791564941406,0.008046839780944781,1,0,0.4718437632936107,0.5281562367063892,0.5281562367063892,1.0,0.01,0.24832925630353206,30,530,630,660
2022-12-04,77.21428680419922,0.03949071950158056,1,0,0.46639357163729744,0.5336064283627026,0.5336064283627026,1.0,0.01,0.24832925630353206,30,530,630,660
2022-12-05,80.26353454589844,-0.004264896578064059,0,0,0.4273593536042879,0.5726406463957121,0.5726406463957121,1.0,0.01,0.24832925630353206,30,530,630,660
2022-12-06,79.92121887207031,-0.03610007948119376,0,0,0.47236134753915837,0.5276386524608416,0.5276386524608416,1.0,0.01,0.24832925630353206,30,530,630,660
2022-12-07,77.03605651855469,0.01757376003612854,1,0,0.4865217121133247,0.5134782878866753,0.5134782878866753,1.0,0.01,0.24832925630353206,30,530,630,660
2022-12-08,78.3898696899414,-0.026219018976386455,0,0,0.487102546557659,0.512897453442341,0.512897453442341,1.0,0.01,0.24832925630353206,30,530,630,660
2022-12-09,76.33456420898438,0.0004772459142752261,1,1,0.5055665889565943,0.49443341104340566,0.5055665889565943,1.0,0.01,0.24832925630353206,30,530,630,660
2022-12-10,76.3709945678711,0.0033659007768054305,1,1,0.5104267072129257,0.4895732927870743,0.5104267072129257,1.0,0.01,0.24832925630353206,30,530,630,660
2022-12-11,76.6280517578125,-0.005305167610002326,0,1,0.5123065706821366,0.4876934293178634,0.5123065706821366,1.0,0.01,0.24832925630353206,30,530,630,660
2022-12-12,76.22152709960938,0.014732784358913564,1,1,0.5022473093716135,0.49775269062838645,0.5022473093716135,1.0,0.01,0.24832925630353206,30,530,630,660
2022-12-13,77.344482421875,-0.024159730179322825,0,0,0.4153455159803944,0.5846544840196056,0.5846544840196056,1.0,0.01,0.24832925630353206,30,530,630,660
2022-12-14,75.47586059570312,-0.04160785268274658,0,0,0.4883383866982767,0.5116616133017233,0.5116616133017233,1.0,0.01,0.24832925630353206,30,530,630,660
2022-12-15,72.3354721069336,-0.0830667782564466,0,0,0.49091469540762606,0.509085304592374,0.509085304592374,1.0,0.01,0.24832925630353206,30,530,630,660
2022-12-16,66.32679748535156,-0.020638894007605102,0,1,0.5031740432987742,0.49682595670122576,0.5031740432987742,1.0,0.01,0.24832925630353206,30,530,630,660
2022-12-17,64.9578857421875,-0.00621564546590625,0,0,0.4966983863129238,0.5033016136870763,0.5033016136870763,1.0,0.01,0.24832925630353206,30,530,630,660
2022-12-18,64.55413055419922,-0.018785783027757463,0,0,0.48879311059071306,0.5112068894092869,0.5112068894092869,1.0,0.01,0.24832925630353206,30,530,630,660
2022-12-19,63.3414306640625,0.03796808783313699,1,0,0.48974773946903943,0.5102522605309605,0.5102522605309605,1.0,0.01,0.24832925630353206,30,530,630,660
2022-12-20,65.74638366699219,-0.005399239455480709,0,1,0.5088548475494319,0.4911451524505681,0.5088548475494319,1.0,0.01,0.24832925630353206,30,530,630,660
2022-12-21,65.39140319824219,0.011626439070808958,1,1,0.5181032667756053,0.48189673322439475,0.5181032667756053,0.1,scale,0.25007536252256957,60,560,660,690
2022-12-22,66.15167236328125,-0.0057360293920905026,0,1,0.5214063508343751,0.47859364916562486,0.5214063508343751,0.1,scale,0.25007536252256957,60,560,660,690
2022-12-23,65.77222442626953,3.897506257177774e-05,1,1,0.5221583070242225,0.4778416929757775,0.5221583070242225,0.1,scale,0.25007536252256957,60,560,660,690
2022-12-24,65.77478790283203,0.05217014781992324,1,1,0.5177226412652653,0.48227735873473465,0.5177226412652653,0.1,scale,0.25007536252256957,60,560,660,690
2022-12-25,69.20626831054688,0.021363346328587163,1,1,0.5013285060635069,0.4986714939364931,0.5013285060635069,0.1,scale,0.25007536252256957,60,560,660,690
2022-12-26,70.68474578857422,-0.027401049845592884,0,1,0.5183897558675871,0.48161024413241293,0.5183897558675871,0.1,scale,0.25007536252256957,60,560,660,690
2022-12-27,68.74790954589844,-0.035038796234704406,0,1,0.5287486973938234,0.47125130260617665,0.5287486973938234,0.1,scale,0.25007536252256957,60,560,660,690
2022-12-28,66.33906555175781,0.006210672240320347,1,1,0.5300583294177322,0.46994167058226777,0.5300583294177322,0.1,scale,0.25007536252256957,60,560,660,690
2022-12-29,66.7510757446289,0.01862079457120469,1,1,0.5266095970195829,0.4733904029804171,0.5266095970195829,0.1,scale,0.25007536252256957,60,560,660,690
2022-12-30,67.99403381347656,0.02944643661425328,1,1,0.5272641712273974,0.47273582877260256,0.5272641712273974,0.1,scale,0.25007536252256957,60,560,660,690
2022-12-31,69.9962158203125,0.01170695786079401,1,1,0.520244907847952,0.47975509215204803,0.520244907847952,0.1,scale,0.25007536252256957,60,560,660,690
2023-01-01,70.81565856933594,0.05715189157450751,1,1,0.5203844546050983,0.4796155453949017,0.5203844546050983,0.1,scale,0.25007536252256957,60,560,660,690
2023-01-02,74.86290740966797,0.009882260573348178,1,0,0.4427768477013103,0.5572231522986897,0.5572231522986897,0.1,scale,0.25007536252256957,60,560,660,690
2023-01-03,75.60272216796875,-0.002232930348961548,0,0,0.4741619115285581,0.525838088471442,0.525838088471442,0.1,scale,0.25007536252256957,60,560,660,690
2023-01-04,75.43390655517578,-0.01568389989838448,0,0,0.47630996363806716,0.5236900363619328,0.5236900363619328,0.1,scale,0.25007536252256957,60,560,660,690
2023-01-05,74.25080871582031,0.02345789781182095,1,0,0.4804323818386658,0.5195676181613342,0.5195676181613342,0.1,scale,0.25007536252256957,60,560,660,690
2023-01-06,75.9925765991211,0.005011897496300044,1,0,0.47494109937443557,0.5250589006255644,0.5250589006255644,0.1,scale,0.25007536252256957,60,560,660,690
2023-01-07,76.37344360351562,0.017137242992801394,1,0,0.47639514943590927,0.5236048505640907,0.5236048505640907,0.1,scale,0.25007536252256957,60,560,660,690
2023-01-08,77.6822738647461,0.05232906281111971,1,0,0.4753584807159804,0.5246415192840196,0.5246415192840196,0.1,scale,0.25007536252256957,60,560,660,690
2023-01-09,81.747314453125,-0.010517710856327134,0,0,0.45150003427525054,0.5484999657247495,0.5484999657247495,0.1,scale,0.25007536252256957,60,560,660,690
2023-01-10,80.88751983642578,0.03934837747542019,1,0,0.4491822942146576,0.5508177057853424,0.5508177057853424,0.1,scale,0.25007536252256957,60,560,660,690
2023-01-11,84.0703125,0.022527729619691517,1,0,0.47651293035081393,0.523487069649186,0.523487069649186,0.1,scale,0.25007536252256957,60,560,660,690
2023-01-12,85.96422576904297,0.004371687320606776,1,0,0.44821317233754315,0.5517868276624569,0.5517868276624569,0.1,scale,0.25007536252256957,60,560,660,690
2023-01-13,86.34003448486328,0.01706999025604583,1,0,0.461021838655034,0.538978161344966,0.538978161344966,0.1,scale,0.25007536252256957,60,560,660,690
2023-01-14,87.81385803222656,-0.005105414121257645,0,0,0.4554362028015108,0.5445637971984891,0.5445637971984891,0.1,scale,0.25007536252256957,60,560,660,690
2023-01-15,87.36553192138672,-0.017526585699720765,0,0,0.4632125317510617,0.5367874682489383,0.5367874682489383,0.1,scale,0.25007536252256957,60,560,660,690
2023-01-16,85.83431243896484,0.01494870216590849,1,0,0.4663023763669648,0.5336976236330352,0.5336976236330352,0.1,scale,0.25007536252256957,60,560,660,690
2023-01-17,87.11742401123047,-0.04984185965860255,0,0,0.4901693865101853,0.5098306134898147,0.5098306134898147,0.1,scale,0.25007536252256957,60,560,660,690
2023-01-18,82.77532958984375,0.01760113435349453,1,0,0.4989816206588152,0.5010183793411849,0.5010183793411849,0.1,scale,0.25007536252256957,60,560,660,690
2023-01-19,84.23226928710938,0.07432965849710294,1,1,0.5088991305819114,0.4911008694180886,0.5088991305819114,0.1,scale,0.25007536252256957,60,560,660,690
2023-01-20,90.49322509765624,-0.024074438788620922,0,1,0.545287303147365,0.45471269685263505,0.545287303147365,1.0,0.1,0.24843250813416629,90,590,690,720
2023-01-21,88.31465148925781,-0.007752701420179586,0,0,0.48136436039202796,0.5186356396079721,0.5186356396079721,1.0,0.1,0.24843250813416629,90,590,690,720
2023-01-22,87.62997436523438,0.0273416754339868,1,0,0.47840298263892456,0.5215970173610754,0.5215970173610754,1.0,0.1,0.24843250813416629,90,590,690,720
2023-01-23,90.02592468261719,-0.031358120821249114,0,0,0.4952597359226893,0.5047402640773107,0.5047402640773107,1.0,0.1,0.24843250813416629,90,590,690,720
2023-01-24,87.202880859375,0.024977742501742783,1,0,0.48551417816612097,0.514485821833879,0.514485821833879,1.0,0.1,0.24843250813416629,90,590,690,720
2023-01-25,89.38101196289062,-0.020044048200702158,0,0,0.49053544060966636,0.5094645593903336,0.5094645593903336,1.0,0.1,0.24843250813416629,90,590,690,720
2023-01-26,87.5894546508789,0.014343682018026271,1,0,0.48432903408855654,0.5156709659114435,0.5156709659114435,1.0,0.1,0.24843250813416629,90,590,690,720
2023-01-27,88.84580993652344,0.008510546578941902,1,0,0.4940133077396369,0.5059866922603631,0.5059866922603631,1.0,0.1,0.24843250813416629,90,590,690,720
2023-01-28,89.60193634033203,0.06080359799920032,1,0,0.4940949666713104,0.5059050333286896,0.5059050333286896,1.0,0.1,0.24843250813416629,90,590,690,720
2023-01-29,95.05005645751952,-0.03984869326328466,0,1,0.5277874988428651,0.47221250115713487,0.5277874988428651,1.0,0.1,0.24843250813416629,90,590,690,720
2023-01-30,91.26243591308594,0.03337273605056024,1,0,0.47709691779367036,0.5229030822063296,0.5229030822063296,1.0,0.1,0.24843250813416629,90,590,690,720
2023-01-31,94.30811309814452,0.06505817054444685,1,1,0.5047297265529717,0.49527027344702834,0.5047297265529717,1.0,0.1,0.24843250813416629,90,590,690,720
2023-02-01,100.4436264038086,-0.01745696486389614,0,1,0.5596194912879278,0.44038050871207224,0.5596194912879278,1.0,0.1,0.24843250813416629,90,590,690,720
2023-02-02,98.690185546875,0.01297736774401037,1,0,0.49630815778722526,0.5036918422127747,0.5036918422127747,1.0,0.1,0.24843250813416629,90,590,690,720
2023-02-03,99.9709243774414,-0.013568398221254108,0,1,0.504980662769836,0.495019337230164,0.504980662769836,1.0,0.1,0.24843250813416629,90,590,690,720
2023-02-04,98.6144790649414,-0.021860112148011424,0,0,0.4827184657976224,0.5172815342023775,0.5172815342023775,1.0,0.1,0.24843250813416629,90,590,690,720
2023-02-05,96.45875549316406,-0.004108504899374865,0,1,0.5602795605984721,0.43972043940152794,0.5602795605984721,1.0,0.1,0.24843250813416629,90,590,690,720
2023-02-06,96.0624542236328,0.050646337595021684,1,1,0.5541212350692603,0.44587876493073975,0.5541212350692603,1.0,0.1,0.24843250813416629,90,590,690,720
2023-02-07,100.92766571044922,-0.017042373713516246,0,1,0.5654980112937573,0.4345019887062427,0.5654980112937573,1.0,0.1,0.24843250813416629,90,590,690,720
2023-02-08,99.2076187133789,-0.07165935277710533,0,1,0.5442161103897706,0.4557838896102294,0.5442161103897706,1.0,0.1,0.24843250813416629,90,590,690,720
2023-02-09,92.09846496582033,0.015535727451283954,1,1,0.5603302673462531,0.43966973265374687,0.5603302673462531,1.0,0.1,0.24843250813416629,90,590,690,720
2023-02-10,93.52928161621094,0.009636212208593564,1,1,0.5603106438592124,0.43968935614078763,0.5603106438592124,1.0,0.1,0.24843250813416629,90,590,690,720
2023-02-11,94.43054962158205,-0.021548248267116432,0,1,0.5606505422824408,0.4393494577175592,0.5606505422824408,1.0,0.1,0.24843250813416629,90,590,690,720
2023-02-12,92.39573669433594,-0.013788372299263885,0,1,0.5595843738218008,0.4404156261781992,0.5595843738218008,1.0,0.1,0.24843250813416629,90,590,690,720
2023-02-13,91.12174987792967,0.050106878128791665,1,1,0.5463851916047177,0.45361480839528234,0.5463851916047177,1.0,0.1,0.24843250813416629,90,590,690,720
2023-02-14,95.68757629394533,0.07428056312082565,1,1,0.5504785821817916,0.4495214178182084,0.5504785821817916,1.0,0.1,0.24843250813416629,90,590,690,720
2023-02-15,102.79530334472656,-0.037385963914877585,0,1,0.5674101306112326,0.4325898693887674,0.5674101306112326,1.0,0.1,0.24843250813416629,90,590,690,720
2023-02-16,98.95220184326172,0.013716798704813016,1,0,0.48595687555618433,0.5140431244438157,0.5140431244438157,1.0,0.1,0.24843250813416629,90,590,690,720
2023-02-17,100.30950927734376,-0.005160647799687501,0,0,0.4784567738968138,0.5215432261031863,0.5215432261031863,1.0,0.1,0.24843250813416629,90,590,690,720
2023-02-18,99.7918472290039,-0.022322771620034154,0,0,0.4849691283368212,0.5150308716631788,0.5150308716631788,1.0,0.1,0.24843250813416629,90,590,690,720
2023-02-19,97.56421661376952,-0.01663927496671258,0,1,0.5559684382966672,0.4440315617033328,0.5559684382966672,1.0,0.01,0.24737163910512336,120,620,720,750
2023-02-20,95.9408187866211,-0.023257446926101655,0,1,0.5577887281340577,0.44221127186594233,0.5577887281340577,1.0,0.01,0.24737163910512336,120,620,720,750
2023-02-21,93.70948028564452,0.016107710616136472,1,1,0.5615359431694568,0.43846405683054324,0.5615359431694568,1.0,0.01,0.24737163910512336,120,620,720,750
2023-02-22,95.21892547607422,-0.00553389738500798,0,1,0.54796545988491,0.45203454011509003,0.54796545988491,1.0,0.01,0.24737163910512336,120,620,720,750
2023-02-23,94.6919937133789,-0.0331273437495595,0,1,0.5489936838155616,0.4510063161844384,0.5489936838155616,1.0,0.01,0.24737163910512336,120,620,720,750
2023-02-24,91.55509948730467,0.018659267968911042,1,0,0.4764046969633037,0.5235953030366963,0.5235953030366963,1.0,0.01,0.24737163910512336,120,620,720,750
2023-02-25,93.2634506225586,0.021360696263248213,1,1,0.5338850761316175,0.4661149238683825,0.5338850761316175,1.0,0.01,0.24737163910512336,120,620,720,750
2023-02-26,95.25562286376952,-0.012271667302745759,0,1,0.530305645828438,0.469694354171562,0.530305645828438,1.0,0.01,0.24737163910512336,120,620,720,750
2023-02-27,94.08667755126952,-0.003123710431507609,0,1,0.5347318202481302,0.46526817975186985,0.5347318202481302,1.0,0.01,0.24737163910512336,120,620,720,750
2023-02-28,93.79277801513672,0.0420595843026379,1,1,0.5056397669023844,0.49436023309761556,0.5056397669023844,1.0,0.01,0.24737163910512336,120,620,720,750
2023-03-01,97.73766326904295,-0.025378374013351745,0,1,0.5115655221564426,0.4884344778435574,0.5115655221564426,1.0,0.01,0.24737163910512336,120,620,720,750
2023-03-02,95.25724029541016,-0.04942686978242139,0,1,0.5177540259066632,0.4822459740933368,0.5177540259066632,1.0,0.01,0.24737163910512336,120,620,720,750
2023-03-03,90.5489730834961,-0.01390891048398546,0,1,0.5310186511503024,0.46898134884969755,0.5310186511503024,1.0,0.01,0.24737163910512336,120,620,720,750
2023-03-04,89.28953552246094,0.007434362001059958,1,1,0.5452454090156749,0.45475459098432514,0.5452454090156749,1.0,0.01,0.24737163910512336,120,620,720,750
2023-03-05,89.9533462524414,-0.028130426835810463,0,1,0.5426597096491773,0.4573402903508227,0.5426597096491773,1.0,0.01,0.24737163910512336,120,620,720,750
2023-03-06,87.42292022705078,-0.012822923932799712,0,1,0.5474923882052455,0.4525076117947545,0.5474923882052455,1.0,0.01,0.24737163910512336,120,620,720,750
2023-03-07,86.3019027709961,-0.04076818087507672,0,0,0.48268892775768046,0.5173110722423195,0.5173110722423195,1.0,0.01,0.24737163910512336,120,620,720,750
2023-03-08,82.78353118896484,-0.07311215791417303,0,1,0.5503450135438338,0.4496549864561662,0.5503450135438338,1.0,0.01,0.24737163910512336,120,620,720,750
2023-03-09,76.73104858398438,-0.06475649707694675,0,1,0.5555083430086236,0.4444916569913764,0.5555083430086236,1.0,0.01,0.24737163910512336,120,620,720,750
2023-03-10,71.76221466064453,-0.028639858932851148,0,1,0.5567891437033842,0.44321085629661583,0.5567891437033842,1.0,0.01,0.24737163910512336,120,620,720,750
2023-03-11,69.70695495605469,0.09475222264664329,1,1,0.5052446700712937,0.4947553299287063,0.5052446700712937,1.0,0.01,0.24737163910512336,120,620,720,750
2023-03-12,76.31184387207031,0.07150192564824298,1,1,0.5095340674252768,0.49046593257472315,0.5095340674252768,1.0,0.01,0.24737163910512336,120,620,720,750
2023-03-13,81.7682876586914,0.03158012202994853,1,0,0.4962531708756107,0.5037468291243893,0.5037468291243893,1.0,0.01,0.24737163910512336,120,620,720,750
2023-03-14,84.35054016113281,-0.0939221747045087,0,1,0.5094453375005346,0.49055466249946544,0.5094453375005346,1.0,0.01,0.24737163910512336,120,620,720,750
2023-03-15,76.42815399169922,0.03435117285183642,1,1,0.5374479663086381,0.4625520336913619,0.5374479663086381,1.0,0.01,0.24737163910512336,120,620,720,750
2023-03-16,79.05355072021484,0.0815746864874678,1,0,0.49436218263919185,0.5056378173608082,0.5056378173608082,1.0,0.01,0.24737163910512336,120,620,720,750
2023-03-17,85.5023193359375,-0.029456248616930858,0,0,0.4936009859535153,0.5063990140464847,0.5063990140464847,1.0,0.01,0.24737163910512336,120,620,720,750
2023-03-18,82.9837417602539,0.017501674428568315,1,1,0.510225030799017,0.48977496920098296,0.510225030799017,1.0,0.01,0.24737163910512336,120,620,720,750
2023-03-19,84.43609619140625,-0.07119636678013097,0,1,0.5084121224680503,0.49158787753194966,0.5084121224680503,1.0,0.01,0.24737163910512336,120,620,720,750
2023-03-20,78.42455291748047,0.05496746216144088,1,1,0.5309631908447779,0.46903680915522206,0.5309631908447779,1.0,0.01,0.24737163910512336,120,620,720,750
2023-03-21,82.7353515625,0.05585926895338811,1,1,0.5106946935801225,0.48930530641987746,0.5106946935801225,10.0,scale,0.2512527474359644,150,650,750,780
2023-03-22,87.35688781738281,0.07262296505113275,1,1,0.5095437911618823,0.4904562088381177,0.5095437911618823,10.0,scale,0.2512527474359644,150,650,750,780
2023-03-23,93.70100402832033,9.502036301833883e-05,1,1,0.5072682258203627,0.4927317741796373,0.5072682258203627,10.0,scale,0.2512527474359644,150,650,750,780
2023-03-24,93.70990753173828,-0.02271650188943919,0,1,0.5072464482945689,0.4927535517054311,0.5072464482945689,10.0,scale,0.2512527474359644,150,650,750,780
2023-03-25,91.58114624023438,0.021227579041304345,1,1,0.5081368884975274,0.49186311150247264,0.5081368884975274,10.0,scale,0.2512527474359644,150,650,750,780
2023-03-26,93.5251922607422,-0.045745111120139015,0,1,0.5086590882783504,0.4913409117216496,0.5086590882783504,10.0,scale,0.2512527474359644,150,650,750,780
2023-03-27,89.24687194824219,-0.0012045034923762188,0,1,0.5072593937420702,0.4927406062579298,0.5072593937420702,10.0,scale,0.2512527474359644,150,650,750,780
2023-03-28,89.13937377929688,0.02470695010714108,1,1,0.5070720660628187,0.49292793393718126,0.5070720660628187,10.0,scale,0.2512527474359644,150,650,750,780
2023-03-29,91.34173583984376,-0.02498140714967778,0,1,0.5072632889517812,0.4927367110482188,0.5072632889517812,10.0,scale,0.2512527474359644,150,650,750,780
2023-03-30,89.05989074707031,0.007009182869084141,1,1,0.5068132536037615,0.4931867463962385,0.5068132536037615,10.0,scale,0.2512527474359644,150,650,750,780
2023-03-31,89.68412780761719,0.035582919994235684,1,1,0.5067843984160639,0.49321560158393607,0.5067843984160639,10.0,scale,0.2512527474359644,150,650,750,780
2023-04-01,92.87535095214844,0.0015141261761955072,1,1,0.5073851115736716,0.4926148884263284,0.5073851115736716,10.0,scale,0.2512527474359644,150,650,750,780
2023-04-02,93.01597595214844,0.00022966274845614976,1,1,0.5069209439146619,0.4930790560853381,0.5069209439146619,10.0,scale,0.2512527474359644,150,650,750,780
2023-04-03,93.03733825683594,-0.004696098843831598,0,1,0.508587741601923,0.491412258398077,0.508587741601923,10.0,scale,0.2512527474359644,150,650,750,780
2023-04-04,92.60042572021484,0.0002342361655862657,1,1,0.5070216415677026,0.4929783584322974,0.5070216415677026,10.0,scale,0.2512527474359644,150,650,750,780
2023-04-05,92.6221160888672,-0.01827816851927755,0,1,0.5104665208728681,0.48953347912713185,0.5104665208728681,10.0,scale,0.2512527474359644,150,650,750,780
2023-04-06,90.9291534423828,-0.003198367950505432,0,1,0.5071242458249645,0.4928757541750355,0.5071242458249645,10.0,scale,0.2512527474359644,150,650,750,780
2023-04-07,90.6383285522461,-0.007316239437104577,0,1,0.5064023392352918,0.49359766076470823,0.5064023392352918,10.0,scale,0.2512527474359644,150,650,750,780
2023-04-08,89.9751968383789,0.007796338051266449,1,1,0.5067722965825765,0.4932277034174235,0.5067722965825765,10.0,scale,0.2512527474359644,150,650,750,780
2023-04-09,90.67667388916016,0.03467875478127258,1,1,0.5065211781770875,0.4934788218229125,0.5065211781770875,10.0,scale,0.2512527474359644,150,650,750,780
2023-04-10,93.82122802734376,0.005228774752515264,1,1,0.5071240575595615,0.49287594244043853,0.5071240575595615,10.0,scale,0.2512527474359644,150,650,750,780
2023-04-11,94.31179809570312,-0.019166637813959442,0,1,0.5059786904158884,0.4940213095841116,0.5059786904158884,10.0,scale,0.2512527474359644,150,650,750,780
2023-04-12,92.50415802001952,0.018975801885489307,1,1,0.5054676045022973,0.49453239549770267,0.5054676045022973,10.0,scale,0.2512527474359644,150,650,750,780
2023-04-13,94.2594985961914,0.023259983321436417,1,1,0.5081539306355694,0.49184606936443065,0.5081539306355694,10.0,scale,0.2512527474359644,150,650,750,780
2023-04-14,96.45197296142578,0.004315483288329203,1,1,0.5055129518118753,0.4944870481881247,0.5055129518118753,10.0,scale,0.2512527474359644,150,650,750,780
2023-04-15,96.8682098388672,0.035091374064619485,1,1,0.5043186666968316,0.49568133330316844,0.5043186666968316,10.0,scale,0.2512527474359644,150,650,750,780
2023-04-16,100.26744842529295,-0.01588502125396274,0,1,0.5072682258203627,0.4927317741796373,0.5072682258203627,10.0,scale,0.2512527474359644,150,650,750,780
2023-04-17,98.67469787597656,0.03219386260011792,1,1,0.5059941756440252,0.49400582435597484,0.5059941756440252,10.0,scale,0.2512527474359644,150,650,750,780
2023-04-18,101.8514175415039,-0.11203315927669422,0,1,0.5063734327042574,0.4936265672957426,0.5063734327042574,10.0,scale,0.2512527474359644,150,650,750,780
2023-04-19,90.44068145751952,-0.0022227488035715393,0,1,0.5073009471083825,0.49269905289161753,0.5073009471083825,10.0,scale,0.2512527474359644,150,650,750,780
2023-04-20,90.23965454101562,-0.05233079571575394,0,1,0.5291935576416257,0.4708064423583743,0.5291935576416257,1.0,0.1,0.24972644719460665,180,680,780,810
2023-04-21,85.51734161376953,0.018489634469091465,1,1,0.5291935497271986,0.47080645027280144,0.5291935497271986,1.0,0.1,0.24972644719460665,180,680,780,810
2023-04-22,87.09852600097656,-0.0023100550814817433,0,1,0.5291935495844111,0.4708064504155889,0.5291935495844111,1.0,0.1,0.24972644719460665,180,680,780,810
2023-04-23,86.89732360839844,0.017377029951168632,1,1,0.5291935029608478,0.4708064970391522,0.5291935029608478,1.0,0.1,0.24972644719460665,180,680,780,810
2023-04-24,88.40734100341797,0.030551807097285,1,1,0.5291935497271988,0.4708064502728012,0.5291935497271988,1.0,0.1,0.24972644719460665,180,680,780,810
2023-04-25,91.10834503173828,-0.03132705893347487,0,1,0.529193549727462,0.470806450272538,0.529193549727462,1.0,0.1,0.24972644719460665,180,680,780,810
2023-04-26,88.25418853759766,0.016255587888053036,1,1,0.5291935475038084,0.4708064524961916,0.5291935475038084,1.0,0.1,0.24972644719460665,180,680,780,810
2023-04-27,89.68881225585938,0.00047466367781656693,1,1,0.5291949209378868,0.4708050790621132,0.5291949209378868,1.0,0.1,0.24972644719460665,180,680,780,810
2023-04-28,89.73138427734375,0.015113246254316648,1,1,0.5291935322604281,0.4708064677395719,0.5291935322604281,1.0,0.1,0.24972644719460665,180,680,780,810
2023-04-29,91.08751678466795,-0.02803780510348275,0,1,0.5291939632955382,0.47080603670446175,0.5291939632955382,1.0,0.1,0.24972644719460665,180,680,780,810
2023-04-30,88.53362274169922,-0.02022969285726417,0,1,0.529188977502204,0.47081102249779605,0.529188977502204,1.0,0.1,0.24972644719460665,180,680,780,810
2023-05-01,86.74261474609375,0.01790558060105929,1,1,0.5216275448902736,0.47837245510972637,0.5216275448902736,1.0,0.1,0.24972644719460665,180,680,780,810
2023-05-02,88.29579162597656,0.0067846954827857076,1,1,0.5292581253509103,0.4707418746490897,0.5292581253509103,1.0,0.1,0.24972644719460665,180,680,780,810
2023-05-03,88.89485168457031,-0.0045041782151263865,0,1,0.5292895808714725,0.4707104191285275,0.5292895808714725,1.0,0.1,0.24972644719460665,180,680,780,810
2023-05-04,88.49445343017578,0.0038896832482049337,1,1,0.5316952193634535,0.46830478063654646,0.5316952193634535,1.0,0.1,0.24972644719460665,180,680,780,810
2023-05-05,88.83866882324219,-0.058614448901956995,0,1,0.5291946916155756,0.47080530838442436,0.5291946916155756,1.0,0.1,0.24972644719460665,180,680,780,810
2023-05-06,83.63143920898438,-0.0007034467155762059,0,1,0.5174762120482727,0.48252378795172735,0.5174762120482727,1.0,0.1,0.24972644719460665,180,680,780,810
2023-05-07,83.5726089477539,-0.06819426897628256,0,1,0.5269287673541834,0.47307123264581663,0.5269287673541834,1.0,0.1,0.24972644719460665,180,680,780,810
2023-05-08,77.8734359741211,0.027585113667280448,1,1,0.5194402110513404,0.4805597889486596,0.5194402110513404,1.0,0.1,0.24972644719460665,180,680,780,810
2023-05-09,80.0215835571289,0.01310138093884694,1,1,0.5282439229948727,0.47175607700512734,0.5282439229948727,1.0,0.1,0.24972644719460665,180,680,780,810
2023-05-10,81.06997680664062,-0.0003589307890341509,0,1,0.5204389745813086,0.4795610254186914,0.5204389745813086,1.0,0.1,0.24972644719460665,180,680,780,810
2023-05-11,81.04087829589844,-0.006635448998747018,0,1,0.5239129196933795,0.4760870803066205,0.5239129196933795,1.0,0.1,0.24972644719460665,180,680,780,810
2023-05-12,80.50313568115234,-0.002452494179377762,0,1,0.518215667063103,0.48178433293689704,0.518215667063103,1.0,0.1,0.24972644719460665,180,680,780,810
2023-05-13,80.30570220947266,0.039083097397839106,1,1,0.5260608845055861,0.4739391154944139,0.5260608845055861,1.0,0.1,0.24972644719460665,180,680,780,810
2023-05-14,83.44429779052734,0.043409421286651595,1,1,0.5325016430928852,0.46749835690711483,0.5325016430928852,1.0,0.1,0.24972644719460665,180,680,780,810
2023-05-15,87.06656646728516,0.03205768950530885,1,1,0.5291935497271988,0.4708064502728012,0.5291935497271988,1.0,0.1,0.24972644719460665,180,680,780,810
2023-05-16,89.85771942138672,0.04487108025238262,1,1,0.5291935497271988,0.4708064502728012,0.5291935497271988,1.0,0.1,0.24972644719460665,180,680,780,810
2023-05-17,93.88973236083984,-0.03564633279742946,0,1,0.5291935497271988,0.4708064502728012,0.5291935497271988,1.0,0.1,0.24972644719460665,180,680,780,810
2023-05-18,90.54290771484376,0.012805831656504507,1,1,0.5291935497271988,0.4708064502728012,0.5291935497271988,1.0,0.1,0.24972644719460665,180,680,780,810
2023-05-19,91.70238494873048,0.007294576406981168,1,1,0.5291935497271988,0.4708064502728012,0.5291935497271988,1.0,0.1,0.24972644719460665,180,680,780,810
2023-05-20,92.3713150024414,-0.001000801748169633,0,1,0.5451596158156777,0.45484038418432227,0.5451596158156777,1.0,0.1,0.25093698583320456,210,710,810,840
2023-05-21,92.27886962890624,-0.014443113518976314,0,1,0.5451596158156777,0.45484038418432227,0.5451596158156777,1.0,0.1,0.25093698583320456,210,710,810,840
2023-05-22,90.94607543945312,0.007545750659117445,1,1,0.5451596158156777,0.45484038418432227,0.5451596158156777,1.0,0.1,0.25093698583320456,210,710,810,840
2023-05-23,91.63233184814452,-0.06146264668392876,0,1,0.5451596158156777,0.45484038418432227,0.5451596158156777,1.0,0.1,0.25093698583320456,210,710,810,840
2023-05-24,86.0003662109375,0.006980333988630516,1,1,0.5451596158156777,0.45484038418432227,0.5451596158156777,1.0,0.1,0.25093698583320456,210,710,810,840
2023-05-25,86.60067749023438,0.0077065091793409035,1,1,0.5451596158156777,0.45484038418432227,0.5451596158156777,1.0,0.1,0.25093698583320456,210,710,810,840
2023-05-26,87.26806640625,0.01583910337110095,1,1,0.5451596158156777,0.45484038418432227,0.5451596158156777,1.0,0.1,0.25093698583320456,210,710,810,840
2023-05-27,88.65031433105469,0.03304725285109433,1,1,0.5451596158156777,0.45484038418432227,0.5451596158156777,1.0,0.1,0.25093698583320456,210,710,810,840
2023-05-28,91.57996368408205,-0.006327867986596458,0,1,0.5451596158156777,0.45484038418432227,0.5451596158156777,1.0,0.1,0.25093698583320456,210,710,810,840
2023-05-29,91.00045776367188,0.014567542941537726,1,1,0.5451596158156777,0.45484038418432227,0.5451596158156777,1.0,0.1,0.25093698583320456,210,710,810,840
2023-05-30,92.32611083984376,-0.019356406647579205,0,1,0.5451596158156777,0.45484038418432227,0.5451596158156777,1.0,0.1,0.25093698583320456,210,710,810,840
2023-05-31,90.53900909423828,0.03792096639380915,1,1,0.5451596158156777,0.45484038418432227,0.5451596158156777,1.0,0.1,0.25093698583320456,210,710,810,840
2023-06-01,93.97233581542967,0.015381246721033248,1,1,0.5451596158156777,0.45484038418432227,0.5451596158156777,1.0,0.1,0.25093698583320456,210,710,810,840
2023-06-02,95.4177474975586,0.0060301784778351575,1,1,0.5451596158156777,0.45484038418432227,0.5451596158156777,1.0,0.1,0.25093698583320456,210,710,810,840
2023-06-03,95.99313354492188,-0.01774310817697522,0,1,0.5451596158156777,0.45484038418432227,0.5451596158156777,1.0,0.1,0.25093698583320456,210,710,810,840
2023-06-04,94.2899169921875,-0.06846240660881409,0,1,0.5451596158156777,0.45484038418432227,0.5451596158156777,1.0,0.1,0.25093698583320456,210,710,810,840
2023-06-05,87.83460235595703,0.03513550347239547,1,1,0.5451596158156777,0.45484038418432227,0.5451596158156777,1.0,0.1,0.25093698583320456,210,710,810,840
2023-06-06,90.92071533203124,-0.022792678792598053,0,1,0.5451596158156777,0.45484038418432227,0.5451596158156777,1.0,0.1,0.25093698583320456,210,710,810,840
2023-06-07,88.848388671875,-0.004297526537207053,0,1,0.5451596158156777,0.45484038418432227,0.5451596158156777,1.0,0.1,0.25093698583320456,210,710,810,840
2023-06-08,88.46656036376953,0.008652675191188619,1,1,0.5451596158156777,0.45484038418432227,0.5451596158156777,1.0,0.1,0.25093698583320456,210,710,810,840
2023-06-09,89.2320327758789,-0.13313969151887672,0,1,0.5451596158156777,0.45484038418432227,0.5451596158156777,1.0,0.1,0.25093698583320456,210,710,810,840
2023-06-10,77.3517074584961,0.004488963661113177,1,1,0.5451596158156777,0.45484038418432227,0.5451596158156777,1.0,0.1,0.25093698583320456,210,710,810,840
2023-06-11,77.69893646240234,-0.0019413490859084837,0,1,0.5451596158156777,0.45484038418432227,0.5451596158156777,1.0,0.1,0.25093698583320456,210,710,810,840
2023-06-12,77.548095703125,-0.0013445969770524702,0,1,0.5451596158156777,0.45484038418432227,0.5451596158156777,1.0,0.1,0.25093698583320456,210,710,810,840
2023-06-13,77.4438247680664,-0.05527274575776275,0,1,0.5451596158156777,0.45484038418432227,0.5451596158156777,1.0,0.1,0.25093698583320456,210,710,810,840
2023-06-14,73.16329193115234,0.01863152798238188,1,1,0.5451596158156777,0.45484038418432227,0.5451596158156777,1.0,0.1,0.25093698583320456,210,710,810,840
2023-06-15,74.52643585205078,0.020431539519195185,1,1,0.5451596158156777,0.45484038418432227,0.5451596158156777,1.0,0.1,0.25093698583320456,210,710,810,840
2023-06-16,76.04912567138672,0.011351726555343333,1,1,0.5451596158156777,0.45484038418432227,0.5451596158156777,1.0,0.1,0.25093698583320456,210,710,810,840
2023-06-17,76.91241455078125,0.0034563811915091502,1,1,0.5451596158156777,0.45484038418432227,0.5451596158156777,1.0,0.1,0.25093698583320456,210,710,810,840
2023-06-18,77.17825317382812,0.003158589421730529,1,1,0.5451596158156777,0.45484038418432227,0.5451596158156777,1.0,0.1,0.25093698583320456,210,710,810,840
2023-06-19,77.42202758789062,0.03728746750546419,1,0,0.4605164886247494,0.5394835113752505,0.5394835113752505,1.0,0.1,0.24493269133453083,240,740,840,870
2023-06-20,80.30889892578125,0.06025290302869557,1,0,0.46009745140633207,0.5399025485936679,0.5399025485936679,1.0,0.1,0.24493269133453083,240,740,840,870
2023-06-21,85.14774322509766,0.010833848170576754,1,0,0.48637057608534817,0.5136294239146518,0.5136294239146518,1.0,0.1,0.24493269133453083,240,740,840,870
2023-06-22,86.07022094726562,0.05970980896335876,1,0,0.48129288311765833,0.5187071168823416,0.5187071168823416,1.0,0.1,0.24493269133453083,240,740,840,870
2023-06-23,91.20945739746094,-0.01606665860309897,0,1,0.5374081564181866,0.4625918435818134,0.5374081564181866,1.0,0.1,0.24493269133453083,240,740,840,870
2023-06-24,89.74402618408203,-0.016367182017336,0,0,0.48493056787858646,0.5150694321214135,0.5150694321214135,1.0,0.1,0.24493269133453083,240,740,840,870
2023-06-25,88.2751693725586,-0.011322163973026655,0,0,0.4599876156097719,0.540012384390228,0.540012384390228,1.0,0.1,0.24493269133453083,240,740,840,870
2023-06-26,87.27570343017578,0.00827919224092244,1,0,0.46085494305067637,0.5391450569493237,0.5391450569493237,1.0,0.1,0.24493269133453083,240,740,840,870
2023-06-27,87.99827575683594,-0.05610480565904086,0,0,0.46058317689231826,0.5394168231076817,0.5394168231076817,1.0,0.1,0.24493269133453083,240,740,840,870
2023-06-28,83.06114959716797,0.020644087976191106,1,0,0.48896982032794206,0.511030179672058,0.511030179672058,1.0,0.1,0.24493269133453083,240,740,840,870
2023-06-29,84.77587127685547,0.27589757970464235,1,0,0.4716915423828471,0.5283084576171528,0.5283084576171528,1.0,0.1,0.24493269133453083,240,740,840,870
2023-06-30,108.1653289794922,-0.008654591243021037,0,1,0.5465013657850067,0.45349863421499326,0.5465013657850067,1.0,0.1,0.24493269133453083,240,740,840,870
2023-07-01,107.2292022705078,0.05584384093458539,1,1,0.5694875445424741,0.4305124554575259,0.5694875445424741,1.0,0.1,0.24493269133453083,240,740,840,870
2023-07-02,113.21729278564452,-0.05539368030859548,0,1,0.5773125737151668,0.42268742628483325,0.5773125737151668,1.0,0.1,0.24493269133453083,240,740,840,870
2023-07-03,106.94577026367188,-0.020896379093818918,0,1,0.5267673939138602,0.4732326060861398,0.5267673939138602,1.0,0.1,0.24493269133453083,240,740,840,870
2023-07-04,104.71099090576172,-0.019262527014292985,0,1,0.5265578920008578,0.4734421079991422,0.5265578920008578,1.0,0.1,0.24493269133453083,240,740,840,870
2023-07-05,102.6939926147461,-0.0684242937401055,0,0,0.4872436225568446,0.5127563774431554,0.5127563774431554,1.0,0.1,0.24493269133453083,240,740,840,870
2023-07-06,95.66722869873048,0.02691881800372342,1,1,0.5108169630653144,0.48918303693468557,0.5108169630653144,1.0,0.1,0.24493269133453083,240,740,840,870
2023-07-07,98.2424774169922,-0.0037427666636795642,0,1,0.5328213056207523,0.46717869437924775,0.5328213056207523,1.0,0.1,0.24493269133453083,240,740,840,870
2023-07-08,97.8747787475586,-0.027537518972193697,0,1,0.5392779607191084,0.4607220392808916,0.5392779607191084,1.0,0.1,0.24493269133453083,240,740,840,870
2023-07-09,95.17955017089844,0.016303879947807687,1,1,0.5396105355581013,0.46038946444189865,0.5396105355581013,1.0,0.1,0.24493269133453083,240,740,840,870
2023-07-10,96.7313461303711,0.0005695346970142623,1,1,0.5040187934283611,0.4959812065716389,0.5040187934283611,1.0,0.1,0.24493269133453083,240,740,840,870
2023-07-11,96.78643798828124,-0.005230651256913799,0,1,0.5319364641504934,0.46806353584950655,0.5319364641504934,1.0,0.1,0.24493269133453083,240,740,840,870
2023-07-12,96.28018188476562,0.05865129548902992,1,1,0.5254749617844667,0.47452503821553327,0.5254749617844667,1.0,0.1,0.24493269133453083,240,740,840,870
2023-07-13,101.92713928222656,-0.06640506582661376,0,1,0.5039811408960054,0.49601885910399457,0.5039811408960054,1.0,0.1,0.24493269133453083,240,740,840,870
2023-07-14,95.15866088867188,-0.004275519625522639,0,1,0.5090890573052963,0.4909109426947037,0.5090890573052963,1.0,0.1,0.24493269133453083,240,740,840,870
2023-07-15,94.7518081665039,-0.019488040759755743,0,1,0.5257118181736713,0.4742881818263287,0.5257118181736713,1.0,0.1,0.24493269133453083,240,740,840,870
2023-07-16,92.90528106689452,-0.006585542371897013,0,1,0.5005068558800327,0.49949314411996726,0.5005068558800327,1.0,0.1,0.24493269133453083,240,740,840,870
2023-07-17,92.29344940185548,-0.0085621439277076,0,0,0.4940982505798733,0.5059017494201268,0.5059017494201268,1.0,0.1,0.24493269133453083,240,740,840,870
2023-07-18,91.5032196044922,0.007197309211398384,1,1,0.515795451074029,0.484204548925971,0.515795451074029,1.0,0.1,0.24493269133453083,240,740,840,870
2023-07-19,92.16179656982422,0.00238993409758792,1,0,0.48837281121896026,0.5116271887810397,0.5116271887810397,0.1,scale,0.249632077691469,270,770,870,900
2023-07-20,92.3820571899414,0.018075018947119048,1,0,0.4917021678761511,0.5082978321238489,0.5082978321238489,0.1,scale,0.249632077691469,270,770,870,900
2023-07-21,94.05186462402344,-0.02126859430320638,0,0,0.49384572889140005,0.5061542711086,0.5061542711086,0.1,scale,0.249632077691469,270,770,870,900
2023-07-22,92.051513671875,0.01311604379341369,1,0,0.49058426442946773,0.5094157355705322,0.5094157355705322,0.1,scale,0.249632077691469,270,770,870,900
2023-07-23,93.25886535644533,-0.04402155301544741,0,0,0.4919672769036089,0.508032723096391,0.508032723096391,0.1,scale,0.249632077691469,270,770,870,900
2023-07-24,89.1534652709961,0.004239176971368774,1,0,0.4886308197201182,0.5113691802798819,0.5113691802798819,0.1,scale,0.249632077691469,270,770,870,900
2023-07-25,89.53140258789062,0.012174714061964798,1,0,0.4902946272940456,0.5097053727059544,0.5097053727059544,0.1,scale,0.249632077691469,270,770,870,900
2023-07-26,90.62142181396484,-0.0014086628386712485,0,0,0.4882175998633353,0.5117824001366647,0.5117824001366647,0.1,scale,0.249632077691469,270,770,870,900
2023-07-27,90.49376678466795,0.0114571891087909,1,0,0.49060528442024215,0.5093947155797578,0.5093947155797578,0.1,scale,0.249632077691469,270,770,870,900
2023-07-28,91.53057098388672,0.03351361308716827,1,0,0.49193022844776485,0.5080697715522351,0.5080697715522351,0.1,scale,0.249632077691469,270,770,870,900
2023-07-29,94.59809112548828,-0.005359878785346717,0,0,0.4937390198987723,0.5062609801012277,0.5062609801012277,0.1,scale,0.249632077691469,270,770,870,900
2023-07-30,94.09105682373048,-0.019639733479351773,0,0,0.4946348508298423,0.5053651491701576,0.5053651491701576,0.1,scale,0.249632077691469,270,770,870,900
2023-07-31,92.24313354492188,0.017099056018563985,1,0,0.48373919276465954,0.5162608072353405,0.5162608072353405,0.1,scale,0.249632077691469,270,770,870,900
2023-08-01,93.82040405273438,-0.0674836637980527,0,0,0.48567440392569644,0.5143255960743036,0.5143255960743036,0.1,scale,0.249632077691469,270,770,870,900
2023-08-02,87.48905944824219,-0.05464986466813737,0,0,0.48020445650533594,0.5197955434946641,0.5197955434946641,0.1,scale,0.249632077691469,270,770,870,900
2023-08-03,82.70779418945312,-0.007603677113862672,0,0,0.4844326497983958,0.5155673502016043,0.5155673502016043,0.1,scale,0.249632077691469,270,770,870,900
2023-08-04,82.07891082763672,0.012508450493839751,1,0,0.4833723526788916,0.5166276473211084,0.5166276473211084,0.1,scale,0.249632077691469,270,770,870,900
2023-08-05,83.1055908203125,-0.00762750421929459,0,0,0.4872973594755764,0.5127026405244236,0.5127026405244236,0.1,scale,0.249632077691469,270,770,870,900
2023-08-06,82.4717025756836,-0.0015421290317030323,0,0,0.482121476355108,0.517878523644892,0.517878523644892,0.1,scale,0.249632077691469,270,770,870,900
2023-08-07,82.34452056884766,0.019580821418502037,1,0,0.48215696621836496,0.5178430337816351,0.5178430337816351,0.1,scale,0.249632077691469,270,770,870,900
2023-08-08,83.95689392089844,0.0009566175269197785,1,0,0.48344762722262435,0.5165523727773756,0.5165523727773756,0.1,scale,0.249632077691469,270,770,870,900
2023-08-09,84.0372085571289,-0.011943976014362367,0,0,0.4956389609888419,0.5043610390111581,0.5043610390111581,0.1,scale,0.249632077691469,270,770,870,900
2023-08-10,83.0334701538086,0.00556877501926567,1,0,0.48999670348819213,0.5100032965118079,0.5100032965118079,0.1,scale,0.249632077691469,270,770,870,900
2023-08-11,83.49586486816406,-0.0005669788933997388,0,0,0.4838358893790277,0.5161641106209722,0.5161641106209722,0.1,scale,0.249632077691469,270,770,870,900
2023-08-12,83.44852447509766,-0.017621515912985886,0,0,0.4846857614200258,0.5153142385799743,0.5153142385799743,0.1,scale,0.249632077691469,270,770,870,900
2023-08-13,81.97803497314453,0.0011045111574892186,1,0,0.4838380513065584,0.5161619486934417,0.5161619486934417,0.1,scale,0.249632077691469,270,770,870,900
2023-08-14,82.0685806274414,-0.03405481489868867,0,0,0.4833706200332445,0.5166293799667555,0.5166293799667555,0.1,scale,0.249632077691469,270,770,870,900
2023-08-15,79.27375030517578,-0.060485234254255005,0,0,0.48585778132962465,0.5141422186703754,0.5141422186703754,0.1,scale,0.249632077691469,270,770,870,900
2023-08-16,74.4788589477539,-0.12611762661961934,0,0,0.4870021144437729,0.5129978855562272,0.5129978855562272,0.1,scale,0.249632077691469,270,770,870,900
2023-08-17,65.08576202392578,-0.015408066725738023,0,0,0.4941718143593033,0.5058281856406968,0.5058281856406968,0.1,scale,0.249632077691469,270,770,870,900
2023-08-18,64.08291625976562,0.00032692515580734494,1,0,0.47050098997712686,0.5294990100228731,0.5294990100228731,10.0,scale,0.24836259568035757,300,800,900,930
2023-08-19,64.10386657714844,0.017918474422599084,1,0,0.4716569730215786,0.5283430269784214,0.5283430269784214,10.0,scale,0.24836259568035757,300,800,900,930
2023-08-20,65.25251007080078,0.02614729695396001,1,0,0.4250298446237535,0.5749701553762465,0.5749701553762465,10.0,scale,0.24836259568035757,300,800,900,930
2023-08-21,66.95868682861328,-0.032682843290462005,0,0,0.4755830776051032,0.5244169223948968,0.5244169223948968,10.0,scale,0.24836259568035757,300,800,900,930
2023-08-22,64.7702865600586,0.012976509649309742,1,0,0.4548941519301062,0.5451058480698938,0.5451058480698938,10.0,scale,0.24836259568035757,300,800,900,930
2023-08-23,65.61077880859375,-0.0111491794631835,0,0,0.4616451726842341,0.5383548273157659,0.5383548273157659,10.0,scale,0.24836259568035757,300,800,900,930
2023-08-24,64.8792724609375,0.0035857850838489913,1,0,0.4272342794761136,0.5727657205238864,0.5727657205238864,10.0,scale,0.24836259568035757,300,800,900,930
2023-08-25,65.1119155883789,-0.0015541900149619314,0,0,0.38396136515185036,0.6160386348481497,0.6160386348481497,10.0,scale,0.24836259568035757,300,800,900,930
2023-08-26,65.0107192993164,0.0054820483541708764,1,0,0.412728701030851,0.587271298969149,0.587271298969149,10.0,scale,0.24836259568035757,300,800,900,930
2023-08-27,65.36711120605469,0.0026831865083654094,1,0,0.4060854690403249,0.5939145309596752,0.5939145309596752,10.0,scale,0.24836259568035757,300,800,900,930
2023-08-28,65.5425033569336,0.05111138246123437,1,0,0.41933045765185106,0.5806695423481489,0.5806695423481489,10.0,scale,0.24836259568035757,300,800,900,930
2023-08-29,68.89247131347656,-0.017896595234883628,0,0,0.4642665564152013,0.5357334435847987,0.5357334435847987,10.0,scale,0.24836259568035757,300,800,900,930
2023-08-30,67.65953063964844,-0.054806067023218885,0,0,0.44832135588978556,0.5516786441102144,0.5516786441102144,10.0,scale,0.24836259568035757,300,800,900,930
2023-08-31,63.95137786865234,-0.014760025220003858,0,0,0.48778470853064293,0.5122152914693571,0.5122152914693571,10.0,scale,0.24836259568035757,300,800,900,930
2023-09-01,63.00745391845703,0.024650684693479308,1,1,0.5322112214616479,0.4677887785383521,0.5322112214616479,10.0,scale,0.24836259568035757,300,800,900,930
2023-09-02,64.56063079833984,-0.00964229763069202,0,0,0.4847315751060723,0.5152684248939277,0.5152684248939277,10.0,scale,0.24836259568035757,300,800,900,930
2023-09-03,63.93811798095703,-0.003588331336435102,0,0,0.4656417193140415,0.5343582806859585,0.5343582806859585,10.0,scale,0.24836259568035757,300,800,900,930
2023-09-04,63.70868682861328,-0.009183245164168241,0,0,0.4593555799304296,0.5406444200695704,0.5406444200695704,10.0,scale,0.24836259568035757,300,800,900,930
2023-09-05,63.123634338378906,-0.004437472722435998,0,1,0.5133021763524072,0.48669782364759284,0.5133021763524072,10.0,scale,0.24836259568035757,300,800,900,930
2023-09-06,62.84352493286133,0.012393367922271414,1,1,0.5047457880480368,0.4952542119519632,0.5047457880480368,10.0,scale,0.24836259568035757,300,800,900,930
2023-09-07,63.62236785888672,-0.01643112797035562,0,0,0.47183617243421194,0.5281638275657881,0.5281638275657881,10.0,scale,0.24836259568035757,300,800,900,930
2023-09-08,62.57698059082031,0.00806251821182169,1,0,0.46994662384255254,0.5300533761574475,0.5300533761574475,10.0,scale,0.24836259568035757,300,800,900,930
2023-09-09,63.08150863647461,-0.0310705950658422,0,0,0.4672767258322003,0.5327232741677996,0.5327232741677996,10.0,scale,0.24836259568035757,300,800,900,930
2023-09-10,61.12152862548828,-0.03737423578458532,0,0,0.4835060604641815,0.5164939395358186,0.5164939395358186,10.0,scale,0.24836259568035757,300,800,900,930
2023-09-11,58.837158203125,0.019981122690323927,1,0,0.48042452400216284,0.5195754759978372,0.5195754759978372,10.0,scale,0.24836259568035757,300,800,900,930
2023-09-12,60.01279067993164,0.03317176660325227,1,0,0.4909914585667203,0.5090085414332797,0.5090085414332797,10.0,scale,0.24836259568035757,300,800,900,930
2023-09-13,62.00352096557617,0.012983384676037657,1,0,0.48414641241313977,0.5158535875868602,0.5158535875868602,10.0,scale,0.24836259568035757,300,800,900,930
2023-09-14,62.808536529541016,0.05074139315067017,1,0,0.46938489304098324,0.5306151069590168,0.5306151069590168,10.0,scale,0.24836259568035757,300,800,900,930
2023-09-15,65.99552917480469,-0.00994015606174492,0,1,0.5024825213290647,0.4975174786709353,0.5024825213290647,10.0,scale,0.24836259568035757,300,800,900,930
2023-09-16,65.33952331542969,-0.026956047874741595,0,0,0.46225408498104537,0.5377459150189546,0.5377459150189546,10.0,scale,0.24836259568035757,300,800,900,930
2023-09-17,63.57822799682617,0.036433414247409424,1,0,0.4889905118328865,0.5110094881671134,0.5110094881671134,1.0,0.01,0.25232015261894375,330,830,930,960
2023-09-18,65.89459991455078,0.0218475600783008,1,1,0.5009649187157115,0.49903508128428853,0.5009649187157115,1.0,0.01,0.25232015261894375,330,830,930,960
2023-09-19,67.33423614501953,-0.041136426135099935,0,0,0.496583269639858,0.503416730360142,0.503416730360142,1.0,0.01,0.25232015261894375,330,830,930,960
2023-09-20,64.56434631347656,0.001961459025842993,1,0,0.49122191711099067,0.5087780828890094,0.5087780828890094,1.0,0.01,0.25232015261894375,330,830,930,960
2023-09-21,64.69098663330078,-0.005496641950038295,0,0,0.4888983125653042,0.5111016874346959,0.5111016874346959,1.0,0.01,0.25232015261894375,330,830,930,960
2023-09-22,64.33540344238281,0.01157974377918003,1,0,0.49258973041283605,0.507410269587164,0.507410269587164,1.0,0.01,0.25232015261894375,330,830,930,960
2023-09-23,65.08039093017578,-0.02294472696298344,0,0,0.4955691915048783,0.5044308084951217,0.5044308084951217,1.0,0.01,0.25232015261894375,330,830,930,960
2023-09-24,63.58713912963867,0.011796457697159424,1,0,0.48945834501827024,0.5105416549817298,0.5105416549817298,1.0,0.01,0.25232015261894375,330,830,930,960
2023-09-25,64.33724212646484,-0.008995280458675037,0,0,0.49870239320993826,0.5012976067900617,0.5012976067900617,1.0,0.01,0.25232015261894375,330,830,930,960
2023-09-26,63.75851058959961,-0.004261360491868094,0,0,0.497806268877779,0.502193731122221,0.502193731122221,1.0,0.01,0.25232015261894375,330,830,930,960
2023-09-27,63.486812591552734,0.027596204867639473,1,0,0.49500770143201206,0.504992298567988,0.504992298567988,1.0,0.01,0.25232015261894375,330,830,930,960
2023-09-28,65.23880767822266,0.006028431123867639,1,1,0.5005936811373298,0.4994063188626702,0.5005936811373298,1.0,0.01,0.25232015261894375,330,830,930,960
2023-09-29,65.63209533691406,0.00666675966256447,1,0,0.49761507095723984,0.5023849290427602,0.5023849290427602,1.0,0.01,0.25232015261894375,330,830,930,960
2023-09-30,66.06964874267578,0.03274825600952247,1,0,0.49762645110213016,0.5023735488978698,0.5023735488978698,1.0,0.01,0.25232015261894375,330,830,930,960
2023-10-01,68.23331451416016,-0.03256753497549103,0,1,0.5099586047390271,0.4900413952609729,0.5099586047390271,1.0,0.01,0.25232015261894375,330,830,930,960
2023-10-02,66.01112365722656,-0.007841233627015498,0,0,0.49332053140866394,0.5066794685913361,0.5066794685913361,1.0,0.01,0.25232015261894375,330,830,930,960
2023-10-03,65.49351501464844,-0.015901582015491855,0,0,0.4900935038724461,0.5099064961275539,0.5099064961275539,1.0,0.01,0.25232015261894375,330,830,930,960
2023-10-04,64.45206451416016,0.006310118028693967,1,0,0.48889353306640576,0.5111064669335943,0.5111064669335943,1.0,0.01,0.25232015261894375,330,830,930,960
2023-10-05,64.8587646484375,0.010398335852202845,1,0,0.49243999891075585,0.5075600010892442,0.5075600010892442,1.0,0.01,0.25232015261894375,330,830,930,960
2023-10-06,65.53318786621094,-0.0007255314180018013,0,0,0.4946243732993411,0.5053756267006588,0.5053756267006588,1.0,0.01,0.25232015261894375,330,830,930,960
2023-10-07,65.48564147949219,-0.0018491649049192649,0,0,0.49443304139853755,0.5055669586014624,0.5055669586014624,1.0,0.01,0.25232015261894375,330,830,930,960
2023-10-08,65.36454772949219,-0.03447572921829123,0,0,0.49972490929855173,0.5002750907014483,0.5002750907014483,1.0,0.01,0.25232015261894375,330,830,930,960
2023-10-09,63.11105728149414,0.008081207989393269,1,0,0.4927541180913375,0.5072458819086625,0.5072458819086625,1.0,0.01,0.25232015261894375,330,830,930,960
2023-10-10,63.621070861816406,-0.03334194353935338,0,0,0.4915011454201993,0.5084988545798007,0.5084988545798007,1.0,0.01,0.25232015261894375,330,830,930,960
2023-10-11,61.49982070922852,-0.006048886945627663,0,0,0.48731530582652927,0.5126846941734707,0.5126846941734707,1.0,0.01,0.25232015261894375,330,830,930,960
2023-10-12,61.12781524658203,0.007300167433315519,1,0,0.48794646680267256,0.5120535331973275,0.5120535331973275,1.0,0.01,0.25232015261894375,330,830,930,960
2023-10-13,61.57405853271485,0.001479499444591248,1,0,0.4907863612200763,0.5092136387799238,0.5092136387799238,1.0,0.01,0.25232015261894375,330,830,930,960
2023-10-14,61.665157318115234,-0.0001414771813761373,0,0,0.4899962488029502,0.5100037511970499,0.5100037511970499,1.0,0.01,0.25232015261894375,330,830,930,960
2023-10-15,61.65643310546875,0.027259587162275167,1,0,0.490850312326309,0.509149687673691,0.509149687673691,1.0,0.01,0.25232015261894375,330,830,930,960
2023-10-16,63.337162017822266,-0.018538127330952836,0,1,0.5081590331344792,0.4918409668655208,0.5081590331344792,1.0,0.01,0.25232015261894375,330,830,930,960
2023-10-17,62.16300964355469,-0.03034016419095642,0,1,0.5265614590419477,0.47343854095805227,0.5265614590419477,1.0,0.01,0.25011537856133714,360,860,960,990
2023-10-18,60.276973724365234,0.02504568152121167,1,1,0.5308497993750304,0.4691502006249696,0.5308497993750304,1.0,0.01,0.25011537856133714,360,860,960,990
2023-10-19,61.786651611328125,0.02640001234796574,1,1,0.5275099574627397,0.47249004253726035,0.5275099574627397,1.0,0.01,0.25011537856133714,360,860,960,990
2023-10-20,63.41781997680664,0.0207784234941939,1,1,0.522772472589982,0.47722752741001795,0.522772472589982,1.0,0.01,0.25011537856133714,360,860,960,990
2023-10-21,64.73554229736328,0.007029213966218251,1,1,0.5200553533765822,0.47994464662341785,0.5200553533765822,1.0,0.01,0.25011537856133714,360,860,960,990
2023-10-22,65.19058227539062,0.05829851626629967,1,1,0.5199668532358912,0.4800331467641088,0.5199668532358912,1.0,0.01,0.25011537856133714,360,860,960,990
2023-10-23,68.99109649658203,0.0005908567489210093,1,1,0.5033648550966427,0.49663514490335725,0.5033648550966427,1.0,0.01,0.25011537856133714,360,860,960,990
2023-10-24,69.0318603515625,-0.004880890489806555,0,1,0.513839709556276,0.486160290443724,0.513839709556276,1.0,0.01,0.25011537856133714,360,860,960,990
2023-10-25,68.6949234008789,0.002321306542072854,1,1,0.5180282351244326,0.48197176487556737,0.5180282351244326,1.0,0.01,0.25011537856133714,360,860,960,990
2023-10-26,68.85438537597656,-0.026121671175312833,0,1,0.5190267984414167,0.48097320155858325,0.5190267984414167,1.0,0.01,0.25011537856133714,360,860,960,990
2023-10-27,67.05579376220703,0.010841451214152142,1,1,0.5255115160769734,0.47448848392302656,0.5255115160769734,1.0,0.01,0.25011537856133714,360,860,960,990
2023-10-28,67.78277587890625,0.01501954431711039,1,1,0.5210404126926568,0.4789595873073432,0.5210404126926568,1.0,0.01,0.25011537856133714,360,860,960,990
2023-10-29,68.80084228515625,0.00654057324439572,1,1,0.519030619754554,0.480969380245446,0.519030619754554,1.0,0.01,0.25011537856133714,360,860,960,990
2023-10-30,69.25083923339844,-0.004350519993398638,0,1,0.5138968619336346,0.4861031380663654,0.5138968619336346,1.0,0.01,0.25011537856133714,360,860,960,990
2023-10-31,68.9495620727539,0.014292452981552017,1,1,0.5156404969060896,0.4843595030939104,0.5156404969060896,1.0,0.01,0.25011537856133714,360,860,960,990
2023-11-01,69.93502044677734,-0.007733248473821508,0,1,0.5134382544525629,0.48656174554743714,0.5134382544525629,1.0,0.01,0.25011537856133714,360,860,960,990
2023-11-02,69.39419555664062,0.001397043593213354,1,1,0.5176904585790718,0.4823095414209282,0.5176904585790718,1.0,0.01,0.25011537856133714,360,860,960,990
2023-11-03,69.49114227294922,0.014116288769538077,1,1,0.5185158523991465,0.48148414760085345,0.5185158523991465,1.0,0.01,0.25011537856133714,360,860,960,990
2023-11-04,70.47209930419922,0.016893944831604557,1,1,0.5160566114261403,0.48394338857385966,0.5160566114261403,1.0,0.01,0.25011537856133714,360,860,960,990
2023-11-05,71.66265106201172,0.03935401881003098,1,1,0.5092440308805173,0.4907559691194827,0.5092440308805173,1.0,0.01,0.25011537856133714,360,860,960,990
2023-11-06,74.48286437988281,-0.012331425853188138,0,1,0.5054276146997132,0.4945723853002868,0.5054276146997132,1.0,0.01,0.25011537856133714,360,860,960,990
2023-11-07,73.56438446044922,-0.005225968969214678,0,1,0.5136760533178363,0.4863239466821637,0.5136760533178363,1.0,0.01,0.25011537856133714,360,860,960,990
2023-11-08,73.17993927001953,0.007820083756601148,1,1,0.516308169146238,0.483691830853762,0.516308169146238,1.0,0.01,0.25011537856133714,360,860,960,990
2023-11-09,73.75221252441406,-0.006063712584761349,0,1,0.5118834662687501,0.48811653373124986,0.5118834662687501,1.0,0.01,0.25011537856133714,360,860,960,990
2023-11-10,73.30500030517578,0.0255004223981663,1,1,0.5194298664593417,0.48057013354065825,0.5194298664593417,1.0,0.01,0.25011537856133714,360,860,960,990
2023-11-11,75.17430877685547,-0.0037650532864953457,0,1,0.512496236775049,0.48750376322495104,0.512496236775049,1.0,0.01,0.25011537856133714,360,860,960,990
2023-11-12,74.89127349853516,-0.04539550082216559,0,1,0.5166515963786785,0.4833484036213215,0.5166515963786785,1.0,0.01,0.25011537856133714,360,860,960,990
2023-11-13,71.49154663085938,-0.011977431396696492,0,1,0.5229506007192932,0.4770493992807068,0.5229506007192932,1.0,0.01,0.25011537856133714,360,860,960,990
2023-11-14,70.63526153564453,0.04877253449740526,1,1,0.5236453564504158,0.47635464354958423,0.5236453564504158,1.0,0.01,0.25011537856133714,360,860,960,990
2023-11-15,74.080322265625,-0.03916381458180229,0,1,0.5144930403205193,0.48550695967948065,0.5144930403205193,1.0,0.01,0.25011537856133714,360,860,960,990
2023-11-16,71.1790542602539,-0.014002986843674958,0,1,0.5477556367473554,0.4522443632526446,0.5477556367473554,1.0,scale,0.252118828484724,390,890,990,1020
2023-11-17,70.18233489990234,-0.00411112629402155,0,1,0.5452283191146317,0.45477168088536835,0.5452283191146317,1.0,scale,0.252118828484724,390,890,990,1020
2023-11-18,69.89380645751953,0.010680570641955267,1,1,0.5284336992239121,0.47156630077608785,0.5284336992239121,1.0,scale,0.252118828484724,390,890,990,1020
2023-11-19,70.64031219482422,-0.01589140559632629,0,1,0.5353746453193388,0.46462535468066124,0.5353746453193388,1.0,scale,0.252118828484724,390,890,990,1020
2023-11-20,69.51773834228516,-0.04402266548241851,0,1,0.5421781166223735,0.4578218833776265,0.5421781166223735,1.0,scale,0.252118828484724,390,890,990,1020
2023-11-21,66.45738220214844,0.03382930560590869,1,1,0.5423392909024553,0.45766070909754475,0.5423392909024553,1.0,scale,0.252118828484724,390,890,990,1020
2023-11-22,68.7055892944336,0.011743758924527281,1,1,0.5306279620275287,0.4693720379724713,0.5306279620275287,1.0,scale,0.252118828484724,390,890,990,1020
2023-11-23,69.512451171875,0.017601208016212233,1,1,0.5370916830581783,0.46290831694182166,0.5370916830581783,1.0,scale,0.252118828484724,390,890,990,1020
2023-11-24,70.73595428466797,0.015514205194130826,1,1,0.5388444868041102,0.46115551319588977,0.5388444868041102,1.0,scale,0.252118828484724,390,890,990,1020
2023-11-25,71.83336639404297,-0.024701277478685557,0,1,0.5384082733828415,0.4615917266171585,0.5384082733828415,1.0,scale,0.252118828484724,390,890,990,1020
2023-11-26,70.05899047851562,-0.011656719779169045,0,1,0.5440827246044839,0.4559172753955161,0.5440827246044839,1.0,scale,0.252118828484724,390,890,990,1020
2023-11-27,69.2423324584961,0.007147633617611726,1,1,0.5417539188735794,0.4582460811264206,0.5417539188735794,1.0,scale,0.252118828484724,390,890,990,1020
2023-11-28,69.73725128173828,0.00361497017537471,1,1,0.5388822102826484,0.4611177897173516,0.5388822102826484,1.0,scale,0.252118828484724,390,890,990,1020
2023-11-29,69.98934936523438,-0.007769322637765308,0,1,0.5395601884812004,0.46043981151879965,0.5395601884812004,1.0,scale,0.252118828484724,390,890,990,1020
2023-11-30,69.4455795288086,0.030230694837641847,1,1,0.5388566996657427,0.4611433003342573,0.5388566996657427,1.0,scale,0.252118828484724,390,890,990,1020
2023-12-01,71.54496765136719,0.010165030452542911,1,1,0.5198538459283547,0.4801461540716453,0.5198538459283547,1.0,scale,0.252118828484724,390,890,990,1020
2023-12-02,72.27222442626953,-0.00021851889581447903,0,1,0.5375674390472776,0.46243256095272245,0.5375674390472776,1.0,scale,0.252118828484724,390,890,990,1020
2023-12-03,72.25643157958984,0.007822574556834994,1,1,0.5360403475865508,0.46395965241344916,0.5360403475865508,1.0,scale,0.252118828484724,390,890,990,1020
2023-12-04,72.82166290283203,0.02017992681103098,1,1,0.5044585829627402,0.49554141703725985,0.5044585829627402,1.0,scale,0.252118828484724,390,890,990,1020
2023-12-05,74.29119873046875,-0.025250742079894084,0,1,0.5396325550951204,0.4603674449048796,0.5396325550951204,1.0,scale,0.252118828484724,390,890,990,1020
2023-12-06,72.41529083251953,0.022690970358369977,1,1,0.5475550722923174,0.45244492770768263,0.5475550722923174,1.0,scale,0.252118828484724,390,890,990,1020
2023-12-07,74.05846405029297,0.05860642087748924,1,1,0.5368502171644742,0.46314978283552577,0.5368502171644742,1.0,scale,0.252118828484724,390,890,990,1020
2023-12-08,78.39876556396484,-0.027056750256887918,0,0,0.4825716820201843,0.5174283179798157,0.5174283179798157,1.0,scale,0.252118828484724,390,890,990,1020
2023-12-09,76.27754974365234,0.011331435125408351,1,1,0.5381254741269891,0.4618745258730109,0.5381254741269891,1.0,scale,0.252118828484724,390,890,990,1020
2023-12-10,77.14188385009766,-0.058219146582962344,0,1,0.5397486747142454,0.46025132528575463,0.5397486747142454,1.0,scale,0.252118828484724,390,890,990,1020
2023-12-11,72.65074920654297,-0.0032726772093695233,0,1,0.5410726974984867,0.45892730250151326,0.5410726974984867,1.0,scale,0.252118828484724,390,890,990,1020
2023-12-12,72.4129867553711,0.01083875100552456,1,1,0.5344726484778052,0.4655273515221948,0.5344726484778052,1.0,scale,0.252118828484724,390,890,990,1020
2023-12-13,73.1978530883789,-0.003202772011266397,0,1,0.5378337107762071,0.4621662892237929,0.5378337107762071,1.0,scale,0.252118828484724,390,890,990,1020
2023-12-14,72.96341705322266,-0.02751430679750777,0,1,0.5445089955939236,0.45549100440607637,0.5445089955939236,1.0,scale,0.252118828484724,390,890,990,1020
2023-12-15,70.95587921142578,0.016589198081057077,1,1,0.5289761885706594,0.4710238114293406,0.5289761885706594,1.0,scale,0.252118828484724,390,890,990,1020
2023-12-16,72.13298034667969,-0.012450746270551094,0,1,0.5187986954964098,0.4812013045035902,0.5187986954964098,10.0,scale,0.250502758285229,420,920,1020,1050
2023-12-17,71.23487091064453,-0.006064862876820842,0,1,0.507598806425886,0.49240119357411405,0.507598806425886,10.0,scale,0.250502758285229,420,920,1020,1050
2023-12-18,70.80284118652344,-0.0026592976281940572,0,1,0.5252539819190791,0.4747460180809209,0.5252539819190791,10.0,scale,0.250502758285229,420,920,1020,1050
2023-12-19,70.61455535888672,-0.01146474601135683,0,1,0.5234843015046585,0.4765156984953415,0.5234843015046585,10.0,scale,0.250502758285229,420,920,1020,1050
2023-12-20,69.80497741699219,0.016038292020593925,1,1,0.5159885354524072,0.4840114645475928,0.5159885354524072,10.0,scale,0.250502758285229,420,920,1020,1050
2023-12-21,70.92453002929688,0.03955166723679082,1,1,0.5239559905430914,0.4760440094569086,0.5239559905430914,10.0,scale,0.250502758285229,420,920,1020,1050
2023-12-22,73.7297134399414,-0.01612764865865246,0,1,0.5119157763011192,0.4880842236988808,0.5119157763011192,10.0,scale,0.250502758285229,420,920,1020,1050
2023-12-23,72.5406265258789,-0.01882963322113007,0,1,0.5286302765385084,0.47136972346149164,0.5286302765385084,10.0,scale,0.250502758285229,420,920,1020,1050
2023-12-24,71.17471313476562,0.0154629450578474,1,1,0.5256535978010314,0.4743464021989686,0.5256535978010314,10.0,scale,0.250502758285229,420,920,1020,1050
2023-12-25,72.27528381347656,0.012109762356509401,1,1,0.5168000092838606,0.4831999907161394,0.5168000092838606,10.0,scale,0.250502758285229,420,920,1020,1050
2023-12-26,73.15052032470703,0.03690723337593882,1,1,0.5063964210252622,0.49360357897473783,0.5063964210252622,10.0,scale,0.250502758285229,420,920,1020,1050
2023-12-27,75.85030364990234,0.01149665188102289,1,1,0.5044800356583098,0.4955199643416902,0.5044800356583098,10.0,scale,0.250502758285229,420,920,1020,1050
2023-12-28,76.72232818603516,-0.043249259731533374,0,1,0.5133663076689458,0.48663369233105425,0.5133663076689458,10.0,scale,0.250502758285229,420,920,1020,1050
2023-12-29,73.40414428710938,-0.0012452672361573658,0,1,0.5308341293109131,0.4691658706890869,0.5308341293109131,10.0,scale,0.250502758285229,420,920,1020,1050
2023-12-30,73.31273651123047,-0.007015117833894746,0,1,0.5175376330420824,0.48246236695791755,0.5175376330420824,10.0,scale,0.250502758285229,420,920,1020,1050
2023-12-31,72.7984390258789,0.026559456004121573,1,1,0.5172846423179277,0.4827153576820723,0.5172846423179277,10.0,scale,0.250502758285229,420,920,1020,1050
2024-01-01,74.73192596435547,-0.023388243888908367,0,1,0.5307764407450607,0.4692235592549393,0.5307764407450607,10.0,scale,0.250502758285229,420,920,1020,1050
2024-01-02,72.98407745361328,-0.10526178243349038,0,1,0.5237468556903346,0.47625314430966537,0.5237468556903346,10.0,scale,0.250502758285229,420,920,1020,1050
2024-01-03,65.30164337158203,0.018219306742661256,1,1,0.5234578095878101,0.4765421904121899,0.5234578095878101,10.0,scale,0.250502758285229,420,920,1020,1050
2024-01-04,66.49139404296875,-0.007072274060372918,0,0,0.47352030938912576,0.5264796906108742,0.5264796906108742,10.0,scale,0.250502758285229,420,920,1020,1050
2024-01-05,66.02114868164062,-0.00522665679323242,0,1,0.5001443308974485,0.4998556691025515,0.5001443308974485,10.0,scale,0.250502758285229,420,920,1020,1050
2024-01-06,65.67607879638672,-0.02160009618629477,0,1,0.5178738805178802,0.4821261194821198,0.5178738805178802,10.0,scale,0.250502758285229,420,920,1020,1050
2024-01-07,64.2574691772461,0.05523217674866476,1,1,0.5063510407904354,0.49364895920956464,0.5063510407904354,10.0,scale,0.250502758285229,420,920,1020,1050
2024-01-08,67.80654907226562,-0.012642756038228842,0,1,0.5145620388521069,0.48543796114789306,0.5145620388521069,10.0,scale,0.250502758285229,420,920,1020,1050
2024-01-09,66.94928741455078,0.04392652136817299,1,1,0.5019866293524348,0.49801337064756523,0.5019866293524348,10.0,scale,0.250502758285229,420,920,1020,1050
2024-01-10,69.89013671875,0.02996613773710144,1,1,0.5168804130594085,0.48311958694059154,0.5168804130594085,10.0,scale,0.250502758285229,420,920,1020,1050
2024-01-11,71.9844741821289,0.01272136772826804,1,1,0.5012002914859781,0.4987997085140219,0.5012002914859781,10.0,scale,0.250502758285229,420,920,1020,1050
2024-01-12,72.90021514892578,-0.012519914597081794,0,0,0.4987605501386351,0.5012394498613649,0.5012394498613649,10.0,scale,0.250502758285229,420,920,1020,1050
2024-01-13,71.98751068115234,-0.03017069386650295,0,1,0.5180849692433629,0.4819150307566371,0.5180849692433629,10.0,scale,0.250502758285229,420,920,1020,1050
2024-01-14,69.81559753417969,-0.00802087670352658,0,1,0.5209427294000112,0.4790572705999888,0.5209427294000112,10.0,scale,0.250502758285229,420,920,1020,1050
2024-01-15,69.255615234375,0.003162774834226889,1,0,0.4872776294376553,0.5127223705623447,0.5127223705623447,1.0,0.1,0.2501759973894447,450,950,1050,1080
2024-01-16,69.47465515136719,-0.0012739697054154897,0,1,0.5109357368964834,0.4890642631035166,0.5109357368964834,1.0,0.1,0.2501759973894447,450,950,1050,1080
2024-01-17,69.38614654541016,-0.02008283834076574,0,1,0.5114292102663394,0.48857078973366064,0.5114292102663394,1.0,0.1,0.2501759973894447,450,950,1050,1080
2024-01-18,67.99267578125,0.04693895916667268,1,0,0.4650035759587676,0.5349964240412324,0.5349964240412324,1.0,0.1,0.2501759973894447,450,950,1050,1080
2024-01-19,71.1841812133789,0.0015907392864908942,1,0,0.49258841089250743,0.5074115891074926,0.5074115891074926,1.0,0.1,0.2501759973894447,450,950,1050,1080
2024-01-20,71.29741668701172,0.004245114683157247,1,1,0.5084033581095398,0.49159664189046015,0.5084033581095398,1.0,0.1,0.2501759973894447,450,950,1050,1080
2024-01-21,71.60008239746094,-0.06022068104841405,0,1,0.5403076705982834,0.45969232940171656,0.5403076705982834,1.0,0.1,0.2501759973894447,450,950,1050,1080
2024-01-22,67.28827667236328,-0.027327855463887385,0,1,0.5191929152286875,0.4808070847713125,0.5191929152286875,1.0,0.1,0.2501759973894447,450,950,1050,1080
2024-01-23,65.44943237304688,0.010553718164341364,1,0,0.41260720104053805,0.587392798959462,0.587392798959462,1.0,0.1,0.2501759973894447,450,950,1050,1080
2024-01-24,66.14016723632812,-0.009694174405626255,0,0,0.42934869967716366,0.5706513003228364,0.5706513003228364,1.0,0.1,0.2501759973894447,450,950,1050,1080
2024-01-25,65.49899291992188,0.0234365790713289,1,0,0.47051143144737645,0.5294885685526236,0.5294885685526236,1.0,0.1,0.2501759973894447,450,950,1050,1080
2024-01-26,67.03406524658203,0.015671121220802053,1,0,0.4906948320431716,0.5093051679568283,0.5093051679568283,1.0,0.1,0.2501759973894447,450,950,1050,1080
2024-01-27,68.08456420898438,0.004596379642267223,1,0,0.48657052394567013,0.5134294760543299,0.5134294760543299,1.0,0.1,0.2501759973894447,450,950,1050,1080
2024-01-28,68.39750671386719,0.0008114893054076422,1,0,0.4803346198981507,0.5196653801018494,0.5196653801018494,1.0,0.1,0.2501759973894447,450,950,1050,1080
2024-01-29,68.45301055908203,-0.013746460902382296,0,0,0.49127730703681916,0.5087226929631808,0.5087226929631808,1.0,0.1,0.2501759973894447,450,950,1050,1080
2024-01-30,67.51202392578125,-0.011242142558156143,0,0,0.4953344743264896,0.5046655256735104,0.5046655256735104,1.0,0.1,0.2501759973894447,450,950,1050,1080
2024-01-31,66.75304412841797,0.011438312443460719,1,0,0.488759216432392,0.511240783567608,0.511240783567608,1.0,0.1,0.2501759973894447,450,950,1050,1080
2024-02-01,67.51658630371094,0.00721201816954431,1,0,0.4988793166609959,0.5011206833390041,0.5011206833390041,1.0,0.1,0.2501759973894447,450,950,1050,1080
2024-02-02,68.0035171508789,0.012254081150345542,1,1,0.512518759231113,0.487481240768887,0.512518759231113,1.0,0.1,0.2501759973894447,450,950,1050,1080
2024-02-03,68.83683776855469,-0.02768065726640112,0,1,0.5149251813883534,0.4850748186116466,0.5149251813883534,1.0,0.1,0.2501759973894447,450,950,1050,1080
2024-02-04,66.93138885498047,0.010279577937840179,1,0,0.4966691907505748,0.5033308092494252,0.5033308092494252,1.0,0.1,0.2501759973894447,450,950,1050,1080
2024-02-05,67.61941528320312,0.009931612413477398,1,1,0.5006660013798965,0.4993339986201035,0.5006660013798965,1.0,0.1,0.2501759973894447,450,950,1050,1080
2024-02-06,68.29098510742188,0.003881114990488266,1,1,0.5082139785603432,0.4917860214396568,0.5082139785603432,1.0,0.1,0.2501759973894447,450,950,1050,1080
2024-02-07,68.5560302734375,0.029271484176770057,1,1,0.5191462900587493,0.48085370994125065,0.5191462900587493,1.0,0.1,0.2501759973894447,450,950,1050,1080
2024-02-08,70.5627670288086,0.0016195609312903425,1,0,0.4957685416247107,0.5042314583752894,0.5042314583752894,1.0,0.1,0.2501759973894447,450,950,1050,1080
2024-02-09,70.67704772949219,0.0018793620143480183,1,0,0.48124231541409535,0.5187576845859047,0.5187576845859047,1.0,0.1,0.2501759973894447,450,950,1050,1080
2024-02-10,70.80987548828125,0.010311067802497798,1,1,0.5431129101311047,0.45688708986889526,0.5431129101311047,1.0,0.1,0.2501759973894447,450,950,1050,1080
2024-02-11,71.54000091552734,0.019469779482346627,1,0,0.4815211143029841,0.518478885697016,0.518478885697016,1.0,0.1,0.2501759973894447,450,950,1050,1080
2024-02-12,72.93286895751953,-0.05390996580663521,0,1,0.5020656552619148,0.4979343447380852,0.5020656552619148,1.0,0.1,0.2501759973894447,450,950,1050,1080
2024-02-13,69.00106048583984,0.012973972997002425,1,1,0.512986894796483,0.48701310520351704,0.512986894796483,1.0,0.1,0.2501759973894447,450,950,1050,1080
2024-02-14,69.89627838134766,-0.0012131274051200291,0,1,0.5222807514813638,0.47771924851863623,0.5222807514813638,1.0,0.01,0.24947525554279146,480,980,1080,1110
2024-02-15,69.81148529052734,0.011540784699482387,1,1,0.5228287162219207,0.47717128377807927,0.5228287162219207,1.0,0.01,0.24947525554279146,480,980,1080,1110
2024-02-16,70.6171646118164,-0.00888651635658988,0,1,0.5084752893501986,0.4915247106498014,0.5084752893501986,1.0,0.01,0.24947525554279146,480,980,1080,1110
2024-02-17,69.9896240234375,0.010581903881539345,1,1,0.5215358823945402,0.4784641176054598,0.5215358823945402,1.0,0.01,0.24947525554279146,480,980,1080,1110
2024-02-18,70.7302474975586,0.008225543658526124,1,1,0.5130184408412208,0.48698155915877916,0.5130184408412208,1.0,0.01,0.24947525554279146,480,980,1080,1110
2024-02-19,71.31204223632812,-0.023234162960312887,0,1,0.5091368606190448,0.49086313938095516,0.5091368606190448,1.0,0.01,0.24947525554279146,480,980,1080,1110
2024-02-20,69.65516662597656,-0.010302259338113462,0,1,0.540105404142642,0.45989459585735804,0.540105404142642,1.0,0.01,0.24947525554279146,480,980,1080,1110
2024-02-21,68.93756103515625,-0.0025101308309273263,0,1,0.5371262692955233,0.4628737307044767,0.5371262692955233,1.0,0.01,0.24947525554279146,480,980,1080,1110
2024-02-22,68.76451873779297,0.000925541403443475,1,1,0.5424419872142848,0.4575580127857152,0.5424419872142848,1.0,0.01,0.24947525554279146,480,980,1080,1110
2024-02-23,68.82816314697266,0.02264914323592282,1,1,0.5357392551442884,0.46426074485571156,0.5357392551442884,1.0,0.01,0.24947525554279146,480,980,1080,1110
2024-02-24,70.3870620727539,-0.004332428296252244,0,1,0.5249305194887222,0.47506948051127784,0.5249305194887222,1.0,0.01,0.24947525554279146,480,980,1080,1110
2024-02-25,70.08211517333984,0.026479993093690313,1,1,0.5326993953775631,0.46730060462243694,0.5326993953775631,1.0,0.01,0.24947525554279146,480,980,1080,1110
2024-02-26,71.9378890991211,0.029134345871580036,1,1,0.5162340000225641,0.48376599997743586,0.5162340000225641,1.0,0.01,0.24947525554279146,480,980,1080,1110
2024-02-27,74.03375244140625,0.0075478021284962615,1,0,0.4914868333883474,0.5085131666116526,0.5085131666116526,1.0,0.01,0.24947525554279146,480,980,1080,1110
2024-02-28,74.59254455566406,0.07170087247675516,1,0,0.4971632908174758,0.5028367091825242,0.5028367091825242,1.0,0.01,0.24947525554279146,480,980,1080,1110
2024-02-29,79.9408950805664,0.06433777091133597,1,0,0.3904433957997279,0.609556604200272,0.609556604200272,1.0,0.01,0.24947525554279146,480,980,1080,1110
2024-03-01,85.08411407470703,0.10971396085685758,1,0,0.32263191034111904,0.677368089658881,0.677368089658881,1.0,0.01,0.24947525554279146,480,980,1080,1110
2024-03-02,94.41902923583984,-0.039723761687327164,0,0,0.20651542578124543,0.7934845742187546,0.7934845742187546,1.0,0.01,0.24947525554279146,480,980,1080,1110
2024-03-03,90.66835021972656,-0.019112456477496487,0,0,0.33243300920707525,0.6675669907929247,0.6675669907929247,1.0,0.01,0.24947525554279146,480,980,1080,1110
2024-03-04,88.93545532226562,-0.07751977618841566,0,0,0.3795957273191785,0.6204042726808214,0.6204042726808214,1.0,0.01,0.24947525554279146,480,980,1080,1110
2024-03-05,82.04119873046875,0.04618134110223249,1,0,0.48873975499372674,0.5112602450062733,0.5112602450062733,1.0,0.01,0.24947525554279146,480,980,1080,1110
2024-03-06,85.82997131347656,0.026541732882034763,1,0,0.3730623151089253,0.6269376848910747,0.6269376848910747,1.0,0.01,0.24947525554279146,480,980,1080,1110
2024-03-07,88.10804748535156,0.005932719562318889,1,0,0.37074969321504647,0.6292503067849535,0.6292503067849535,1.0,0.01,0.24947525554279146,480,980,1080,1110
2024-03-08,88.63076782226562,0.025002986998722276,1,0,0.37235120059772236,0.6276487994022777,0.6276487994022777,1.0,0.01,0.24947525554279146,480,980,1080,1110
2024-03-09,90.8468017578125,-0.03675692036059375,0,0,0.3412626784266667,0.6587373215733333,0.6587373215733333,1.0,0.01,0.24947525554279146,480,980,1080,1110
2024-03-10,87.50755310058594,0.1860932065887868,1,0,0.412260906548179,0.587739093451821,0.587739093451821,1.0,0.01,0.24947525554279146,480,980,1080,1110
2024-03-11,103.7921142578125,-0.06025614073259511,0,0,0.19825733090973613,0.8017426690902638,0.8017426690902638,1.0,0.01,0.24947525554279146,480,980,1080,1110
2024-03-12,97.53800201416016,-0.0022147129559456635,0,0,0.2900003681220377,0.7099996318779622,0.7099996318779622,1.0,0.01,0.24947525554279146,480,980,1080,1110
2024-03-13,97.32198333740234,-0.03294056444923554,0,0,0.2584111612995953,0.7415888387004047,0.7415888387004047,1.0,0.01,0.24947525554279146,480,980,1080,1110
2024-03-14,94.11614227294922,-0.04677994658070028,0,0,0.36294260673035705,0.637057393269643,0.637057393269643,1.0,0.01,0.24947525554279146,480,980,1080,1110
2024-03-15,89.71339416503906,-0.06214179302612466,0,0,0.41304194976220077,0.5869580502377992,0.5869580502377992,1.0,0.01,0.24725009971487716,510,1010,1110,1140
2024-03-16,84.13844299316406,0.02043163187009589,1,0,0.4404514942932953,0.5595485057067047,0.5595485057067047,1.0,0.01,0.24725009971487716,510,1010,1110,1140
2024-03-17,85.85752868652344,0.014613474648550007,1,0,0.41645438497362475,0.5835456150263753,0.5835456150263753,1.0,0.01,0.24725009971487716,510,1010,1110,1140
2024-03-18,87.1122055053711,-0.09787185481553595,0,0,0.4064566142602678,0.5935433857397322,0.5935433857397322,1.0,0.01,0.24725009971487716,510,1010,1110,1140
2024-03-19,78.58637237548828,0.07892773467781522,1,0,0.48658520638904157,0.5134147936109584,0.5134147936109584,1.0,0.01,0.24725009971487716,510,1010,1110,1140
2024-03-20,84.78901672363281,0.010763248837041495,1,0,0.36695080923464146,0.6330491907653586,0.6330491907653586,1.0,0.01,0.24725009971487716,510,1010,1110,1140
2024-03-21,85.70162200927734,-0.027888781735165624,0,0,0.38917134218030885,0.6108286578196911,0.6108286578196911,1.0,0.01,0.24725009971487716,510,1010,1110,1140
2024-03-22,83.31150817871094,0.025358234386215317,1,0,0.4227561010785996,0.5772438989214004,0.5772438989214004,1.0,0.01,0.24725009971487716,510,1010,1110,1140
2024-03-23,85.42414093017578,0.04994617616795205,1,0,0.41372207108668,0.58627792891332,0.58627792891332,1.0,0.01,0.24725009971487716,510,1010,1110,1140
2024-03-24,89.69075012207031,0.011520553088624208,1,0,0.3645444978396732,0.6354555021603268,0.6354555021603268,1.0,0.01,0.24725009971487716,510,1010,1110,1140
2024-03-25,90.72403717041016,0.05666002964668282,1,0,0.39664591777143515,0.6033540822285648,0.6033540822285648,1.0,0.01,0.24725009971487716,510,1010,1110,1140
2024-03-26,95.86446380615234,-0.022833795736731166,0,0,0.3641754007934401,0.6358245992065599,0.6358245992065599,1.0,0.01,0.24725009971487716,510,1010,1110,1140
2024-03-27,93.6755142211914,0.005803031819633375,1,0,0.41880039548996983,0.5811996045100302,0.5811996045100302,1.0,0.01,0.24725009971487716,510,1010,1110,1140
2024-03-28,94.2191162109375,0.1596263747938378,1,0,0.4032197111795111,0.596780288820489,0.596780288820489,1.0,0.01,0.24725009971487716,510,1010,1110,1140
2024-03-29,109.25897216796876,-0.0585385221711201,0,0,0.2377044036447844,0.7622955963552156,0.7622955963552156,1.0,0.01,0.24725009971487716,510,1010,1110,1140
2024-03-30,102.86311340332033,0.022557061856748106,1,0,0.3366829332863932,0.6633170667136068,0.6633170667136068,1.0,0.01,0.24725009971487716,510,1010,1110,1140
2024-03-31,105.18340301513672,-0.05521840448104709,0,0,0.29623428866098245,0.7037657113390176,0.7037657113390176,1.0,0.01,0.24725009971487716,510,1010,1110,1140
2024-04-01,99.3753433227539,0.07488980121417321,1,0,0.42618779669746265,0.5738122033025373,0.5738122033025373,1.0,0.01,0.24725009971487716,510,1010,1110,1140
2024-04-02,106.81754302978516,-0.07719057833097831,0,0,0.28069384433582173,0.7193061556641782,0.7193061556641782,1.0,0.01,0.24725009971487716,510,1010,1110,1140
2024-04-03,98.57223510742188,-0.0016612151955950338,0,0,0.3960362602585878,0.6039637397414122,0.6039637397414122,1.0,0.01,0.24725009971487716,510,1010,1110,1140
2024-04-04,98.40848541259766,-0.0037093956807858763,0,0,0.3824370926025339,0.6175629073974661,0.6175629073974661,1.0,0.01,0.24725009971487716,510,1010,1110,1140
2024-04-05,98.04344940185548,0.035272880160855724,1,0,0.37862386785367186,0.6213761321463281,0.6213761321463281,1.0,0.01,0.24725009971487716,510,1010,1110,1140
2024-04-06,101.50172424316406,-0.003212709769082056,0,0,0.3406051996297002,0.6593948003702998,0.6593948003702998,1.0,0.01,0.24725009971487716,510,1010,1110,1140
2024-04-07,101.17562866210938,0.021106163713158654,1,0,0.3699757078641441,0.6300242921358559,0.6300242921358559,1.0,0.01,0.24725009971487716,510,1010,1110,1140
2024-04-08,103.3110580444336,-0.05626633765562783,0,0,0.3570112729923493,0.6429887270076506,0.6429887270076506,1.0,0.01,0.24725009971487716,510,1010,1110,1140
2024-04-09,97.49812316894533,-0.008188493336945601,0,0,0.4114605512010156,0.5885394487989843,0.5885394487989843,1.0,0.01,0.24725009971487716,510,1010,1110,1140
2024-04-10,96.69976043701172,0.020572354335206988,1,0,0.4446993064926207,0.5553006935073793,0.5553006935073793,1.0,0.01,0.24725009971487716,510,1010,1110,1140
2024-04-11,98.68910217285156,-0.12584502748972626,0,0,0.4258333318681615,0.5741666681318385,0.5741666681318385,1.0,0.01,0.24725009971487716,510,1010,1110,1140
2024-04-12,86.26956939697266,-0.10041764223382221,0,1,0.5206832958792297,0.4793167041207703,0.5206832958792297,1.0,0.01,0.24725009971487716,510,1010,1110,1140
2024-04-13,77.60658264160156,0.029736483796285018,1,1,0.509636369845892,0.490363630154108,0.509636369845892,1.0,0.01,0.24725009971487716,510,1010,1110,1140
2024-04-14,79.9143295288086,-0.023039408637961944,0,1,0.5172924163717719,0.4827075836282281,0.5172924163717719,1.0,0.01,0.24568760603684606,540,1040,1140,1170
2024-04-15,78.07315063476562,0.023683491504713494,1,1,0.5246265245240055,0.4753734754759945,0.5246265245240055,1.0,0.01,0.24568760603684606,540,1040,1140,1170
2024-04-16,79.92219543457031,0.0030690477513282133,1,1,0.505473733846766,0.49452626615323403,0.505473733846766,1.0,0.01,0.24568760603684606,540,1040,1140,1170
2024-04-17,80.16748046875,0.007882305872106032,1,1,0.5097205667998841,0.4902794332001159,0.5097205667998841,1.0,0.01,0.24568760603684606,540,1040,1140,1170
2024-04-18,80.79938507080078,0.001366408521116469,1,1,0.5001090076886502,0.4998909923113498,0.5001090076886502,1.0,0.01,0.24568760603684606,540,1040,1140,1170
2024-04-19,80.9097900390625,0.05169029575460948,1,1,0.525219620417453,0.47478037958254704,0.525219620417453,1.0,0.01,0.24568760603684606,540,1040,1140,1170
2024-04-20,85.092041015625,-0.010886577321776447,0,1,0.5003928122915555,0.4996071877084445,0.5003928122915555,1.0,0.01,0.24568760603684606,540,1040,1140,1170
2024-04-21,84.16567993164062,0.015470871204278813,1,1,0.5244750919541913,0.4755249080458087,0.5244750919541913,1.0,0.01,0.24568760603684606,540,1040,1140,1170
2024-04-22,85.4677963256836,-0.0042097097639932635,0,1,0.5150268929483593,0.48497310705164065,0.5150268929483593,1.0,0.01,0.24568760603684606,540,1040,1140,1170
2024-04-23,85.10800170898438,-0.022851249937697604,0,1,0.5274170799052699,0.47258292009473013,0.5274170799052699,1.0,0.01,0.24568760603684606,540,1040,1140,1170
2024-04-24,83.16317749023438,0.007634699171513937,1,1,0.537417577667971,0.46258242233202895,0.537417577667971,1.0,0.01,0.24568760603684606,540,1040,1140,1170
2024-04-25,83.79810333251953,0.05004859524463101,1,1,0.5334337931034316,0.46656620689656836,0.5334337931034316,1.0,0.01,0.24568760603684606,540,1040,1140,1170
2024-04-26,87.99208068847656,-0.04670251301925954,0,0,0.4943241790974058,0.5056758209025942,0.5056758209025942,1.0,0.01,0.24568760603684606,540,1040,1140,1170
2024-04-27,83.88262939453125,0.0008274013648803535,1,1,0.5392343069791824,0.4607656930208176,0.5392343069791824,1.0,0.01,0.24568760603684606,540,1040,1140,1170
2024-04-28,83.95203399658203,-0.005202766581353435,0,1,0.5472147429578543,0.4527852570421457,0.5472147429578543,1.0,0.01,0.24568760603684606,540,1040,1140,1170
2024-04-29,83.51525115966797,-0.04813414977612507,0,1,0.5480645860134292,0.4519354139865708,0.5480645860134292,1.0,0.01,0.24568760603684606,540,1040,1140,1170
2024-04-30,79.49531555175781,0.007554505398954525,1,1,0.5663728861048675,0.43362711389513253,0.5663728861048675,1.0,0.01,0.24568760603684606,540,1040,1140,1170
2024-05-01,80.09586334228516,0.00033595835526134543,1,1,0.5579987008032261,0.4420012991967739,0.5579987008032261,1.0,0.01,0.24568760603684606,540,1040,1140,1170
2024-05-02,80.12277221679688,0.022557449866937862,1,1,0.5586782166387836,0.4413217833612164,0.5586782166387836,1.0,0.01,0.24568760603684606,540,1040,1140,1170
2024-05-03,81.93013763427734,-0.0029671990596296105,0,1,0.5365822896474916,0.46341771035250845,0.5365822896474916,1.0,0.01,0.24568760603684606,540,1040,1140,1170
2024-05-04,81.6870346069336,-0.0038128743911743923,0,1,0.5474287664072676,0.45257123359273244,0.5474287664072676,1.0,0.01,0.24568760603684606,540,1040,1140,1170
2024-05-05,81.37557220458984,-0.0072247865870608274,0,1,0.545692675265766,0.45430732473423396,0.545692675265766,1.0,0.01,0.24568760603684606,540,1040,1140,1170
2024-05-06,80.78765106201172,0.00037472852721953664,1,1,0.5427670639423773,0.4572329360576227,0.5427670639423773,1.0,0.01,0.24568760603684606,540,1040,1140,1170
2024-05-07,80.81792449951172,0.010126813384767397,1,1,0.5491585514752555,0.4508414485247445,0.5491585514752555,1.0,0.01,0.24568760603684606,540,1040,1140,1170
2024-05-08,81.6363525390625,0.017392600539801073,1,1,0.5411480853126729,0.4588519146873271,0.5411480853126729,1.0,0.01,0.24568760603684606,540,1040,1140,1170
2024-05-09,83.05622100830078,-0.03406478482906794,0,1,0.5338235188595011,0.4661764811404989,0.5338235188595011,1.0,0.01,0.24568760603684606,540,1040,1140,1170
2024-05-10,80.2269287109375,0.013940083138192838,1,1,0.54556248297891,0.45443751702109003,0.54556248297891,1.0,0.01,0.24568760603684606,540,1040,1140,1170
2024-05-11,81.34529876708984,0.00046079141511734534,1,1,0.5366246684466478,0.4633753315533522,0.5366246684466478,1.0,0.01,0.24568760603684606,540,1040,1140,1170
2024-05-12,81.38278198242188,-0.009602040085482266,0,1,0.552254208836926,0.447745791163074,0.552254208836926,1.0,0.01,0.24568760603684606,540,1040,1140,1170
2024-05-13,80.6013412475586,-0.023201776426680087,0,1,0.5605961693287321,0.43940383067126787,0.5605961693287321,1.0,0.01,0.24568760603684606,540,1040,1140,1170
2024-05-14,78.73124694824219,0.04830707259738931,1,1,0.5751116555987704,0.4248883444012296,0.5751116555987704,0.1,scale,0.24743503332299924,570,1070,1170,1200
2024-05-15,82.5345230102539,-0.000930951431253435,0,1,0.5471524070293374,0.45284759297066257,0.5471524070293374,0.1,scale,0.24743503332299924,570,1070,1170,1200
2024-05-16,82.45768737792969,0.02095375842879288,1,1,0.5632881351129152,0.4367118648870848,0.5632881351129152,0.1,scale,0.24743503332299924,570,1070,1170,1200
2024-05-17,84.18548583984375,-0.003787714013318344,0,1,0.5433747405676264,0.45662525943237364,0.5433747405676264,0.1,scale,0.24743503332299924,570,1070,1170,1200
2024-05-18,83.86661529541016,-0.01961926083675647,0,1,0.5613162123114507,0.4386837876885493,0.5613162123114507,0.1,scale,0.24743503332299924,570,1070,1170,1200
2024-05-19,82.2212142944336,0.0775922647136249,1,1,0.5746684373726502,0.42533156262734984,0.5746684373726502,0.1,scale,0.24743503332299924,570,1070,1170,1200
2024-05-20,88.60094451904297,-0.0043765219338879335,0,0,0.47314900783703373,0.5268509921629663,0.5268509921629663,0.1,scale,0.24743503332299924,570,1070,1170,1200
2024-05-21,88.21318054199219,-0.02832114917146955,0,1,0.5269598182896098,0.4730401817103902,0.5269598182896098,0.1,scale,0.24743503332299924,570,1070,1170,1200
2024-05-22,85.71488189697266,-0.003491555406178737,0,1,0.56097716418748,0.43902283581252,0.56097716418748,0.1,scale,0.24743503332299924,570,1070,1170,1200
2024-05-23,85.41560363769531,-0.005081016692816798,0,1,0.5634541920061731,0.4365458079938269,0.5634541920061731,0.1,scale,0.24743503332299924,570,1070,1170,1200
2024-05-24,84.98160552978516,-8.798147074329243e-06,0,1,0.562363955308287,0.437636044691713,0.562363955308287,0.1,scale,0.24743503332299924,570,1070,1170,1200
2024-05-25,84.9808578491211,-0.01271971882310996,0,1,0.5604338107549682,0.43956618924503177,0.5604338107549682,0.1,scale,0.24743503332299924,570,1070,1170,1200
2024-05-26,83.8999252319336,0.015640727399307996,1,1,0.5762418224075819,0.4237581775924181,0.5762418224075819,0.1,scale,0.24743503332299924,570,1070,1170,1200
2024-05-27,85.2121810913086,-0.021269269189683415,0,1,0.5598439557434985,0.44015604425650146,0.5598439557434985,0.1,scale,0.24743503332299924,570,1070,1170,1200
2024-05-28,83.3997802734375,0.0009798400494136494,1,1,0.5741494670819426,0.4258505329180574,0.5741494670819426,0.1,scale,0.24743503332299924,570,1070,1170,1200
2024-05-29,83.48149871826172,0.011234237124965185,1,1,0.5704096678167563,0.4295903321832437,0.5704096678167563,0.1,scale,0.24743503332299924,570,1070,1170,1200
2024-05-30,84.41934967041016,-0.013987692558517506,0,1,0.5656765233564169,0.43432347664358306,0.5656765233564169,0.1,scale,0.24743503332299924,570,1070,1170,1200
2024-05-31,83.23851776123047,0.002348619494036752,1,1,0.5748120709900923,0.42518792900990765,0.5748120709900923,0.1,scale,0.24743503332299924,570,1070,1170,1200
2024-06-01,83.43401336669922,-0.004557573554094474,0,1,0.568999947016841,0.431000052983159,0.568999947016841,0.1,scale,0.24743503332299924,570,1070,1170,1200
2024-06-02,83.05375671386719,-0.0030750443091149826,0,1,0.571866440288356,0.428133559711644,0.571866440288356,0.1,scale,0.24743503332299924,570,1070,1170,1200
2024-06-03,82.7983627319336,0.010351579219145535,1,1,0.5586736956253312,0.4413263043746688,0.5586736956253312,0.1,scale,0.24743503332299924,570,1070,1170,1200
2024-06-04,83.65545654296875,0.021010884926503604,1,1,0.5613582128499637,0.4386417871500363,0.5613582128499637,0.1,scale,0.24743503332299924,570,1070,1170,1200
2024-06-05,85.41313171386719,-0.014424127332346659,0,1,0.5558700208305539,0.4441299791694461,0.5558700208305539,0.1,scale,0.24743503332299924,570,1070,1170,1200
2024-06-06,84.18112182617188,-0.04861467340137404,0,1,0.5692991131529981,0.4307008868470019,0.5692991131529981,0.1,scale,0.24743503332299924,570,1070,1170,1200
2024-06-07,80.08868408203125,-0.00118096089463815,0,1,0.5570214972761122,0.44297850272388783,0.5570214972761122,0.1,scale,0.24743503332299924,570,1070,1170,1200
2024-06-08,79.99410247802734,0.006449221157832641,1,1,0.5645360638511336,0.43546393614886636,0.5645360638511336,0.1,scale,0.24743503332299924,570,1070,1170,1200
2024-06-09,80.51000213623047,-0.011274086109716808,0,1,0.5731884730595512,0.42681152694044877,0.5731884730595512,0.1,scale,0.24743503332299924,570,1070,1170,1200
2024-06-10,79.60232543945312,-0.029149569718552537,0,1,0.5729818736094721,0.42701812639052794,0.5729818736094721,0.1,scale,0.24743503332299924,570,1070,1170,1200
2024-06-11,77.28195190429688,0.015365319117429221,1,1,0.5625732075484485,0.43742679245155147,0.5625732075484485,0.1,scale,0.24743503332299924,570,1070,1170,1200
2024-06-12,78.46941375732422,0.008587143610934822,1,1,0.5680366513123775,0.43196334868762254,0.5680366513123775,0.1,scale,0.24743503332299924,570,1070,1170,1200
2024-06-13,79.14324188232422,-0.02022747851898643,0,1,0.5686233695274605,0.4313766304725395,0.5686233695274605,0.1,scale,0.24610912759958053,600,1100,1200,1230
2024-06-14,77.54237365722656,0.02133095308233246,1,1,0.5738595514753136,0.42614044852468635,0.5738595514753136,0.1,scale,0.24610912759958053,600,1100,1200,1230
2024-06-15,79.19642639160156,-0.003667958391720405,0,1,0.5652793459511503,0.43472065404884974,0.5652793459511503,0.1,scale,0.24610912759958053,600,1100,1200,1230
2024-06-16,78.90593719482422,-0.02889321478784479,0,1,0.5710682087262986,0.4289317912737014,0.5710682087262986,0.1,scale,0.24610912759958053,600,1100,1200,1230
2024-06-17,76.62609100341797,-0.052327193562824226,0,1,0.5573393061007261,0.44266069389927387,0.5573393061007261,0.1,scale,0.24610912759958053,600,1100,1200,1230
2024-06-18,72.61646270751953,0.014969765134111856,1,1,0.5592049081348451,0.44079509186515486,0.5592049081348451,0.1,scale,0.24610912759958053,600,1100,1200,1230
2024-06-19,73.7035140991211,0.013639092188814539,1,1,0.5710768664558478,0.42892313354415224,0.5710768664558478,0.1,scale,0.24610912759958053,600,1100,1200,1230
2024-06-20,74.7087631225586,-0.007956106409706343,0,1,0.5749488508430399,0.4250511491569601,0.5749488508430399,0.1,scale,0.24610912759958053,600,1100,1200,1230
2024-06-21,74.11437225341797,0.005867626953572458,1,1,0.5764240597399322,0.42357594026006784,0.5764240597399322,0.1,scale,0.24610912759958053,600,1100,1200,1230
2024-06-22,74.54924774169922,-0.01568252965643635,0,1,0.5709594241228881,0.42904057587711186,0.5709594241228881,0.1,scale,0.24610912759958053,600,1100,1200,1230
2024-06-23,73.380126953125,-0.050290286626852754,0,1,0.5739331366259142,0.42606686337408584,0.5739331366259142,0.1,scale,0.24610912759958053,600,1100,1200,1230
2024-06-24,69.6898193359375,0.024035665678167284,1,1,0.5167239604999141,0.4832760395000859,0.5167239604999141,0.1,scale,0.24610912759958053,600,1100,1200,1230
2024-06-25,71.36486053466797,-0.005622660409763336,0,1,0.5754307638323236,0.4245692361676764,0.5754307638323236,0.1,scale,0.24610912759958053,600,1100,1200,1230
2024-06-26,70.9636001586914,0.030437331563266,1,1,0.5794926565881422,0.4205073434118578,0.5794926565881422,0.1,scale,0.24610912759958053,600,1100,1200,1230
2024-06-27,73.12354278564453,-0.004901377220537184,0,1,0.5623779825129716,0.43762201748702845,0.5623779825129716,0.1,scale,0.24610912759958053,600,1100,1200,1230
2024-06-28,72.76513671875,0.029666456687893916,1,1,0.5670383537886051,0.4329616462113949,0.5670383537886051,0.1,scale,0.24610912759958053,600,1100,1200,1230
2024-06-29,74.92382049560547,0.00475387241781533,1,1,0.5501110630527417,0.4498889369472583,0.5501110630527417,0.1,scale,0.24610912759958053,600,1100,1200,1230
2024-06-30,75.27999877929688,-0.012483404445075008,0,1,0.5584314310902603,0.4415685689097397,0.5584314310902603,0.1,scale,0.24610912759958053,600,1100,1200,1230
2024-07-01,74.34024810791016,0.020495744784570835,1,1,0.5688914853719057,0.4311085146280943,0.5688914853719057,0.1,scale,0.24610912759958053,600,1100,1200,1230
2024-07-02,75.86390686035156,-0.04994280762948433,0,1,0.5424064042900202,0.4575935957099798,0.5424064042900202,0.1,scale,0.24610912759958053,600,1100,1200,1230
2024-07-03,72.0750503540039,-0.09378215630091224,0,1,0.5647868734252719,0.4352131265747281,0.5647868734252719,0.1,scale,0.24610912759958053,600,1100,1200,1230
2024-07-04,65.3156967163086,-0.05249029354896395,0,1,0.5609377929086624,0.4390622070913376,0.5609377929086624,0.1,scale,0.24610912759958053,600,1100,1200,1230
2024-07-05,61.88725662231445,0.057249808655696954,1,1,0.5498884745732449,0.45011152542675514,0.5498884745732449,0.1,scale,0.24610912759958053,600,1100,1200,1230
2024-07-06,65.43029022216797,-0.05147515548772352,0,1,0.5687736505645652,0.4312263494354348,0.5687736505645652,0.1,scale,0.24610912759958053,600,1100,1200,1230
2024-07-07,62.062255859375,0.045229994650029415,1,1,0.5781531959471675,0.4218468040528325,0.5781531959471675,0.1,scale,0.24610912759958053,600,1100,1200,1230
2024-07-08,64.86933135986328,0.006898986692585263,1,1,0.5439855597287009,0.4560144402712991,0.5439855597287009,0.1,scale,0.24610912759958053,600,1100,1200,1230
2024-07-09,65.31686401367188,0.024821835973691586,1,1,0.5606587220063837,0.43934127799361633,0.5606587220063837,0.1,scale,0.24610912759958053,600,1100,1200,1230
2024-07-10,66.93814849853516,0.007437212757147371,1,1,0.5340663084644165,0.4659336915355835,0.5340663084644165,0.1,scale,0.24610912759958053,600,1100,1200,1230
2024-07-11,67.43598175048828,0.027281349216181194,1,1,0.5548665066608182,0.44513349333918184,0.5548665066608182,0.1,scale,0.24610912759958053,600,1100,1200,1230
2024-07-12,69.27572631835938,0.008307830699811003,1,1,0.5267295973040645,0.47327040269593545,0.5267295973040645,0.1,scale,0.24610912759958053,600,1100,1200,1230
2024-07-13,69.85125732421875,0.0016549535450869346,1,1,0.5247239070967713,0.4752760929032287,0.5247239070967713,0.1,scale,0.2512035687722322,630,1130,1230,1260
2024-07-14,69.96685791015625,0.03557385393649515,1,1,0.530190723758087,0.46980927624191304,0.530190723758087,0.1,scale,0.2512035687722322,630,1130,1230,1260
2024-07-15,72.45584869384766,0.010290374797842672,1,1,0.5019746677307976,0.4980253322692024,0.5019746677307976,0.1,scale,0.2512035687722322,630,1130,1230,1260
2024-07-16,73.20144653320312,-0.024330096115964484,0,1,0.5150038809420434,0.4849961190579566,0.5150038809420434,0.1,scale,0.2512035687722322,630,1130,1230,1260
2024-07-17,71.42044830322266,0.0026572388366858934,1,1,0.5350467362190535,0.4649532637809465,0.5350467362190535,0.1,scale,0.2512035687722322,630,1130,1230,1260
2024-07-18,71.6102294921875,0.025785054830038012,1,1,0.5314828662015859,0.4685171337984141,0.5314828662015859,0.1,scale,0.2512035687722322,630,1130,1230,1260
2024-07-19,73.45670318603516,-0.005216804074981596,0,1,0.5091371188895838,0.4908628811104162,0.5091371188895838,0.1,scale,0.2512035687722322,630,1130,1230,1260
2024-07-20,73.07349395751953,0.01252207036435693,1,1,0.52689473242682,0.47310526757318005,0.52689473242682,0.1,scale,0.2512035687722322,630,1130,1230,1260
2024-07-21,73.988525390625,-0.03622977690665452,0,1,0.5088426305772054,0.49115736942279464,0.5088426305772054,0.1,scale,0.2512035687722322,630,1130,1230,1260
2024-07-22,71.30793762207031,0.022749541698826814,1,1,0.5227872624967869,0.47721273750321314,0.5227872624967869,0.1,scale,0.2512035687722322,630,1130,1230,1260
2024-07-23,72.93016052246094,-0.02307193709199884,0,1,0.5228287969096523,0.47717120309034766,0.5228287969096523,0.1,scale,0.2512035687722322,630,1130,1230,1260
2024-07-24,71.24752044677734,-0.03358378250168259,0,1,0.5402374320830782,0.4597625679169218,0.5402374320830782,0.1,scale,0.2512035687722322,630,1130,1230,1260
2024-07-25,68.8547592163086,0.03599384859562926,1,1,0.5394025874818864,0.4605974125181136,0.5394025874818864,0.1,scale,0.2512035687722322,630,1130,1230,1260
2024-07-26,71.3331069946289,0.00041819197107773043,1,1,0.5279781593510119,0.4720218406489881,0.5279781593510119,0.1,scale,0.2512035687722322,630,1130,1230,1260
2024-07-27,71.3629379272461,-0.0032859783680930787,0,1,0.5348743418628272,0.46512565813717277,0.5348743418628272,0.1,scale,0.2512035687722322,630,1130,1230,1260
2024-07-28,71.1284408569336,0.036849399658713144,1,1,0.5331838313405193,0.4668161686594807,0.5331838313405193,0.1,scale,0.2512035687722322,630,1130,1230,1260
2024-07-29,73.74948120117188,-0.027990402309338247,0,0,0.4804664324496418,0.5195335675503582,0.5195335675503582,0.1,scale,0.2512035687722322,630,1130,1230,1260
2024-07-30,71.6852035522461,-0.020852022733689912,0,1,0.5330598548839571,0.46694014511604287,0.5330598548839571,0.1,scale,0.2512035687722322,630,1130,1230,1260
2024-07-31,70.19042205810547,-0.008893696618880065,0,1,0.5406785611738978,0.4593214388261022,0.5406785611738978,0.1,scale,0.2512035687722322,630,1130,1230,1260
2024-08-01,69.56616973876953,-0.0657654485101572,0,1,0.5388621671881847,0.4611378328118153,0.5388621671881847,0.1,scale,0.2512035687722322,630,1130,1230,1260
2024-08-02,64.99111938476562,-0.005953032194809471,0,1,0.530361927178301,0.469638072821699,0.530361927178301,0.1,scale,0.2512035687722322,630,1130,1230,1260
2024-08-03,64.6042251586914,-0.034178928305505396,0,1,0.5391259870742091,0.4608740129257909,0.5391259870742091,0.1,scale,0.2512035687722322,630,1130,1230,1260
2024-08-04,62.396121978759766,-0.09908857916866098,0,1,0.5316162929143121,0.4683837070856879,0.5316162929143121,0.1,scale,0.2512035687722322,630,1130,1230,1260
2024-08-05,56.21337890625,0.036467901737242236,1,0,0.4632825491110058,0.5367174508889943,0.5367174508889943,0.1,scale,0.2512035687722322,630,1130,1230,1260
2024-08-06,58.26336288452149,-0.039123270005986255,0,1,0.5325016119122761,0.4674983880877239,0.5325016119122761,0.1,scale,0.2512035687722322,630,1130,1230,1260
2024-08-07,55.9839096069336,0.09359194693103201,1,1,0.5341684251887091,0.4658315748112909,0.5341684251887091,0.1,scale,0.2512035687722322,630,1130,1230,1260
2024-08-08,61.22355270385742,-0.007851327904299432,0,1,0.5052546581571038,0.4947453418428962,0.5052546581571038,0.1,scale,0.2512035687722322,630,1130,1230,1260
2024-08-09,60.74286651611328,0.007111744756671534,1,1,0.5369254739523356,0.4630745260476644,0.5369254739523356,0.1,scale,0.2512035687722322,630,1130,1230,1260
2024-08-10,61.17485427856445,-0.023994705617848,0,1,0.5237621715162156,0.4762378284837844,0.5237621715162156,0.1,scale,0.2512035687722322,630,1130,1230,1260
2024-08-11,59.70698165893555,0.0294760477482916,1,1,0.5458789300063106,0.4541210699936894,0.5458789300063106,0.1,scale,0.2512035687722322,630,1130,1230,1260
2024-08-12,61.4669075012207,0.03166699362466052,1,1,0.5255858720513286,0.47441412794867144,0.5255858720513286,1.0,0.1,0.25437881616196134,660,1160,1260,1290
2024-08-13,63.41337966918945,0.009523963064918428,1,1,0.5198649690271585,0.4801350309728415,0.5198649690271585,1.0,0.1,0.25437881616196134,660,1160,1260,1290
2024-08-14,64.01732635498047,0.019675888545169107,1,1,0.5244031356161314,0.4755968643838686,0.5244031356161314,1.0,0.1,0.25437881616196134,660,1160,1260,1290
2024-08-15,65.27692413330078,0.01978698633715359,1,1,0.5182390469681168,0.48176095303188315,0.5182390469681168,1.0,0.1,0.25437881616196134,660,1160,1260,1290
2024-08-16,66.56855773925781,0.015248231746074703,1,1,0.5146505822565549,0.4853494177434451,0.5146505822565549,1.0,0.1,0.25437881616196134,660,1160,1260,1290
2024-08-17,67.58361053466797,-0.01775946429565245,0,1,0.5136088929600856,0.4863911070399144,0.5136088929600856,1.0,0.1,0.25437881616196134,660,1160,1260,1290
2024-08-18,66.38336181640625,-0.0002298586369382516,0,1,0.5188515225361184,0.48114847746388156,0.5188515225361184,1.0,0.1,0.25437881616196134,660,1160,1260,1290
2024-08-19,66.36810302734375,-0.028448787216921456,0,1,0.5174549028944019,0.4825450971055981,0.5174549028944019,1.0,0.1,0.25437881616196134,660,1160,1260,1290
2024-08-20,64.48001098632812,-0.003079444606676862,0,1,0.5173727160199177,0.48262728398008226,0.5173727160199177,1.0,0.1,0.25437881616196134,660,1160,1260,1290
2024-08-21,64.28144836425781,-0.007017151983182424,0,1,0.5186962923340839,0.4813037076659161,0.5186962923340839,1.0,0.1,0.25437881616196134,660,1160,1260,1290
2024-08-22,63.83037567138672,0.037136991827404264,1,1,0.5160479123485351,0.4839520876514649,0.5160479123485351,1.0,0.1,0.25437881616196134,660,1160,1260,1290
2024-08-23,66.20084381103516,0.005707106206387147,1,1,0.5168096188277289,0.4831903811722711,0.5168096188277289,1.0,0.1,0.25437881616196134,660,1160,1260,1290
2024-08-24,66.57865905761719,-0.026009906724246967,0,1,0.5179078514704365,0.4820921485295635,0.5179078514704365,1.0,0.1,0.25437881616196134,660,1160,1260,1290
2024-08-25,64.84695434570312,-0.02578368209402304,0,1,0.5191456974247941,0.4808543025752059,0.5191456974247941,1.0,0.1,0.25437881616196134,660,1160,1260,1290
2024-08-26,63.17496109008789,-0.042927220845052405,0,1,0.5143473047960448,0.48565269520395515,0.5143473047960448,1.0,0.1,0.25437881616196134,660,1160,1260,1290
2024-08-27,60.463035583496094,0.02214583676918558,1,1,0.5109051337591989,0.4890948662408011,0.5109051337591989,1.0,0.1,0.25437881616196134,660,1160,1260,1290
2024-08-28,61.802040100097656,0.011029419480262703,1,1,0.516731043626423,0.48326895637357703,0.516731043626423,1.0,0.1,0.25437881616196134,660,1160,1260,1290
2024-08-29,62.483680725097656,0.03987991981793093,1,1,0.5178900716574082,0.4821099283425918,0.5178900716574082,1.0,0.1,0.25437881616196134,660,1160,1260,1290
2024-08-30,64.97552490234375,0.0012821036692189924,1,1,0.5170105104137009,0.48298948958629906,0.5170105104137009,1.0,0.1,0.25437881616196134,660,1160,1260,1290
2024-08-31,65.05883026123047,-0.023555446208576525,0,1,0.5150100081440778,0.4849899918559222,0.5150100081440778,1.0,0.1,0.25437881616196134,660,1160,1260,1290
2024-09-01,63.52634048461914,0.028061708099219596,1,1,0.5163404812881397,0.4836595187118603,0.5163404812881397,1.0,0.1,0.25437881616196134,660,1160,1260,1290
2024-09-02,65.30899810791016,-0.013571325185764205,0,1,0.5161093349925525,0.4838906650074475,0.5161093349925525,1.0,0.1,0.25437881616196134,660,1160,1260,1290
2024-09-03,64.42266845703125,0.015595082335308152,1,1,0.5180235705859999,0.4819764294140001,0.5180235705859999,1.0,0.1,0.25437881616196134,660,1160,1260,1290
2024-09-04,65.4273452758789,0.01001470085274736,1,1,0.5184911552752065,0.4815088447247935,0.5184911552752065,1.0,0.1,0.25437881616196134,660,1160,1260,1290
2024-09-05,66.08258056640625,-0.046617035975900944,0,1,0.5175858363598781,0.4824141636401219,0.5175858363598781,1.0,0.1,0.25437881616196134,660,1160,1260,1290
2024-09-06,63.00200653076172,-0.014530445703510142,0,1,0.515245553666566,0.484754446333434,0.515245553666566,1.0,0.1,0.25437881616196134,660,1160,1260,1290
2024-09-07,62.0865592956543,-0.019184585237587592,0,1,0.5135274848760206,0.4864725151239794,0.5135274848760206,1.0,0.1,0.25437881616196134,660,1160,1260,1290
2024-09-08,60.89545440673828,0.008608077814106885,1,1,0.5157638261928715,0.48423617380712847,0.5157638261928715,1.0,0.1,0.25437881616196134,660,1160,1260,1290
2024-09-09,61.41964721679688,0.0020644947155392668,1,1,0.5186057504827329,0.48139424951726706,0.5186057504827329,1.0,0.1,0.25437881616196134,660,1160,1260,1290
2024-09-10,61.54644775390625,0.010410354956529089,1,1,0.5175072393510305,0.4824927606489695,0.5175072393510305,1.0,0.1,0.25437881616196134,660,1160,1260,1290
2024-09-11,62.18716812133789,0.010580178754830749,1,1,0.5371887134316353,0.4628112865683647,0.5371887134316353,1.0,0.1,0.24923413449124332,690,1190,1290,1320
2024-09-12,62.84511947631836,0.033962304464890014,1,1,0.5281062421618627,0.47189375783813725,0.5281062421618627,1.0,0.1,0.24923413449124332,690,1190,1290,1320
2024-09-13,64.97948455810547,0.015323956547564688,1,1,0.5302491969213475,0.46975080307865247,0.5302491969213475,1.0,0.1,0.24923413449124332,690,1190,1290,1320
2024-09-14,65.97522735595703,-0.03999280717386111,0,1,0.5287164035288086,0.47128359647119145,0.5287164035288086,1.0,0.1,0.24923413449124332,690,1190,1290,1320
2024-09-15,63.336692810058594,-0.011854125201601118,0,1,0.5425714122509451,0.4574285877490549,0.5425714122509451,1.0,0.1,0.24923413449124332,690,1190,1290,1320
2024-09-16,62.58589172363281,0.01849143352555771,1,1,0.5410183752859486,0.45898162471405135,0.5410183752859486,1.0,0.1,0.24923413449124332,690,1190,1290,1320
2024-09-17,63.743194580078125,0.015972451294729684,1,1,0.5396459984232753,0.4603540015767247,0.5396459984232753,1.0,0.1,0.24923413449124332,690,1190,1290,1320
2024-09-18,64.7613296508789,0.01054969507199055,1,1,0.5449721445033193,0.4550278554966807,0.5449721445033193,1.0,0.1,0.24923413449124332,690,1190,1290,1320
2024-09-19,65.44454193115234,-0.0025361546300064486,0,1,0.5432024322149799,0.4567975677850201,0.5432024322149799,1.0,0.1,0.24923413449124332,690,1190,1290,1320
2024-09-20,65.278564453125,0.02549475280592106,1,1,0.5397639094115013,0.4602360905884987,0.5397639094115013,1.0,0.1,0.24923413449124332,690,1190,1290,1320
2024-09-21,66.94282531738281,0.024731574946463164,1,1,0.5200627569181798,0.4799372430818202,0.5200627569181798,1.0,0.1,0.24923413449124332,690,1190,1290,1320
2024-09-22,68.59842681884766,-0.022938200598287217,0,0,0.4993945245729393,0.5006054754270607,0.5006054754270607,1.0,0.1,0.24923413449124332,690,1190,1290,1320
2024-09-23,67.02490234375,-0.004543380783436635,0,1,0.5488180621477756,0.4511819378522244,0.5488180621477756,1.0,0.1,0.24923413449124332,690,1190,1290,1320
2024-09-24,66.72038269042969,-0.001982693540460101,0,1,0.5452766080214607,0.4547233919785393,0.5452766080214607,1.0,0.1,0.24923413449124332,690,1190,1290,1320
2024-09-25,66.58809661865234,0.028987372011501034,1,1,0.5425153662251301,0.4574846337748699,0.5425153662251301,1.0,0.1,0.24923413449124332,690,1190,1290,1320
2024-09-26,68.518310546875,0.03896610024550062,1,1,0.5235212003660431,0.4764787996339569,0.5235212003660431,1.0,0.1,0.24923413449124332,690,1190,1290,1320
2024-09-27,71.18820190429688,-0.01663526521898495,0,0,0.4944917100519094,0.5055082899480906,0.5055082899480906,1.0,0.1,0.24923413449124332,690,1190,1290,1320
2024-09-28,70.00396728515625,-0.009850079995117444,0,1,0.5423125158685861,0.4576874841314139,0.5423125158685861,1.0,0.1,0.24923413449124332,690,1190,1290,1320
2024-09-29,69.31442260742188,-0.03598057495833873,0,1,0.5430435341202611,0.4569564658797389,0.5430435341202611,1.0,0.1,0.24923413449124332,690,1190,1290,1320
2024-09-30,66.82044982910156,-0.05081545598512949,0,1,0.5390091312573476,0.4609908687426524,0.5390091312573476,1.0,0.1,0.24923413449124332,690,1190,1290,1320
2024-10-01,63.4249382019043,-0.007421059446964917,0,1,0.5219610643379275,0.47803893566207245,0.5219610643379275,1.0,0.1,0.24923413449124332,690,1190,1290,1320
2024-10-02,62.95425796508789,0.007939911341403372,1,1,0.5169782726566678,0.48302172734333215,0.5169782726566678,1.0,0.1,0.24923413449124332,690,1190,1290,1320
2024-10-03,63.45410919189453,0.023466353543086127,1,1,0.5286917468332724,0.47130825316672764,0.5286917468332724,1.0,0.1,0.24923413449124332,690,1190,1290,1320
2024-10-04,64.94314575195312,0.0204640900126265,1,1,0.5299352377370405,0.47006476226295946,0.5299352377370405,1.0,0.1,0.24923413449124332,690,1190,1290,1320
2024-10-05,66.27214813232422,0.012013460546418164,1,1,0.5310936832083123,0.4689063167916877,0.5310936832083123,1.0,0.1,0.24923413449124332,690,1190,1290,1320
2024-10-06,67.06830596923828,-0.03422382344586827,0,1,0.5313568644232652,0.46864313557673476,0.5313568644232652,1.0,0.1,0.24923413449124332,690,1190,1290,1320
2024-10-07,64.7729721069336,0.01350342046682873,1,1,0.5373580939503153,0.4626419060496847,0.5373580939503153,1.0,0.1,0.24923413449124332,690,1190,1290,1320
2024-10-08,65.64762878417969,-0.016736230508313854,0,1,0.5350876762255713,0.4649123237744287,0.5350876762255713,1.0,0.1,0.24923413449124332,690,1190,1290,1320
2024-10-09,64.54893493652344,-0.004730066267496724,0,1,0.5393331252511039,0.4606668747488961,0.5393331252511039,1.0,0.1,0.24923413449124332,690,1190,1290,1320
2024-10-10,64.24361419677734,0.01963259121536054,1,1,0.5453031498724841,0.45469685012751593,0.5453031498724841,1.0,0.1,0.24923413449124332,690,1190,1290,1320
2024-10-11,65.5048828125,0.010790071485009767,1,1,0.5790665244676793,0.42093347553232074,0.5790665244676793,1.0,scale,0.24705274622591808,720,1220,1320,1350
2024-10-12,66.21168518066406,-0.0219713134692201,0,1,0.5738554029718544,0.42614459702814556,0.5738554029718544,1.0,scale,0.24705274622591808,720,1220,1320,1350
2024-10-13,64.75692749023438,0.03164075109981135,1,1,0.5760482009303484,0.42395179906965164,0.5760482009303484,1.0,scale,0.24705274622591808,720,1220,1320,1350
2024-10-14,66.8058853149414,0.06088873930908223,1,1,0.5536959871792403,0.4463040128207597,0.5536959871792403,1.0,scale,0.24705274622591808,720,1220,1320,1350
2024-10-15,70.87361145019531,-0.011335753114307234,0,0,0.4451952545452596,0.5548047454547405,0.5548047454547405,1.0,scale,0.24705274622591808,720,1220,1320,1350
2024-10-16,70.07020568847656,0.038116047029248534,1,1,0.5464795432635746,0.4535204567364254,0.5464795432635746,1.0,scale,0.24705274622591808,720,1220,1320,1350
2024-10-17,72.74100494384766,0.005343858689706771,1,0,0.4731346861968176,0.5268653138031825,0.5268653138031825,1.0,scale,0.24705274622591808,720,1220,1320,1350
2024-10-18,73.12972259521484,0.023886887146189695,1,1,0.5124890697487318,0.48751093025126824,0.5124890697487318,1.0,scale,0.24705274622591808,720,1220,1320,1350
2024-10-19,74.8765640258789,-0.007535697433346922,0,0,0.48143625699515674,0.5185637430048433,0.5185637430048433,1.0,scale,0.24705274622591808,720,1220,1320,1350
2024-10-20,74.31231689453125,-0.04827374288828312,0,1,0.5435720747020115,0.4564279252979885,0.5435720747020115,1.0,scale,0.24705274622591808,720,1220,1320,1350
2024-10-21,70.72498321533203,-0.011262272702510678,0,1,0.5948680403783506,0.4051319596216494,0.5948680403783506,1.0,scale,0.24705274622591808,720,1220,1320,1350
2024-10-22,69.92845916748047,0.0032598842004119,1,1,0.5673556511472021,0.4326443488527979,0.5673556511472021,1.0,scale,0.24705274622591808,720,1220,1320,1350
2024-10-23,70.15641784667969,0.01323554391899906,1,1,0.5554630602768733,0.4445369397231267,0.5554630602768733,1.0,scale,0.24705274622591808,720,1220,1320,1350
2024-10-24,71.08497619628906,-0.034309050417236864,0,1,0.5647520628571324,0.4352479371428676,0.5647520628571324,1.0,scale,0.24705274622591808,720,1220,1320,1350
2024-10-25,68.6461181640625,-0.003601633505172064,0,1,0.5766603967068624,0.4233396032931376,0.5766603967068624,1.0,scale,0.24705274622591808,720,1220,1320,1350
2024-10-26,68.39888000488281,0.039196767760773854,1,1,0.5429286603042862,0.4570713396957138,0.5429286603042862,1.0,scale,0.24705274622591808,720,1220,1320,1350
2024-10-27,71.07989501953125,-0.005091780420806602,0,1,0.525663920756731,0.47433607924326904,0.525663920756731,1.0,scale,0.24705274622591808,720,1220,1320,1350
2024-10-28,70.71797180175781,0.046094214073227446,1,1,0.567397009842757,0.432602990157243,0.567397009842757,1.0,scale,0.24705274622591808,720,1220,1320,1350
2024-10-29,73.9776611328125,-0.028887628398168386,0,1,0.5093235252225846,0.4906764747774154,0.5093235252225846,1.0,scale,0.24705274622591808,720,1220,1320,1350
2024-10-30,71.84062194824219,-0.0366920361662455,0,1,0.5586970558382275,0.4413029441617725,0.5586970558382275,1.0,scale,0.24705274622591808,720,1220,1320,1350
2024-10-31,69.20464324951172,0.014483301401167825,1,1,0.5723389956405806,0.42766100435941945,0.5723389956405806,1.0,scale,0.24705274622591808,720,1220,1320,1350
2024-11-01,70.20695495605469,-0.015363013447051488,0,1,0.5688388625770061,0.4311611374229939,0.5688388625770061,1.0,scale,0.24705274622591808,720,1220,1320,1350
2024-11-02,69.12836456298828,-0.032074565658877785,0,1,0.5545211827024531,0.4454788172975469,0.5545211827024531,1.0,scale,0.24705274622591808,720,1220,1320,1350
2024-11-03,66.91110229492188,-0.021201066524122902,0,1,0.5724274386828003,0.4275725613171997,0.5724274386828003,1.0,scale,0.24705274622591808,720,1220,1320,1350
2024-11-04,65.49251556396484,-0.0007945961404831614,0,1,0.5411407406881406,0.45885925931185945,0.5411407406881406,1.0,scale,0.24705274622591808,720,1220,1320,1350
2024-11-05,65.44047546386719,0.08531370877049893,1,1,0.538342690356419,0.461657309643581,0.538342690356419,1.0,scale,0.24705274622591808,720,1220,1320,1350
2024-11-06,71.02344512939453,0.006621310028751104,1,1,0.5024728024302738,0.4975271975697262,0.5024728024302738,1.0,scale,0.24705274622591808,720,1220,1320,1350
2024-11-07,71.49371337890625,0.018336914661933656,1,1,0.5298645323793275,0.4701354676206725,0.5298645323793275,1.0,scale,0.24705274622591808,720,1220,1320,1350
2024-11-08,72.8046875,0.017290469236237893,1,1,0.5113468003329171,0.48865319966708287,0.5113468003329171,1.0,scale,0.24705274622591808,720,1220,1320,1350
2024-11-09,74.06351470947266,0.033209468859259905,1,1,0.5003229036468486,0.4996770963531514,0.5003229036468486,1.0,scale,0.24705274622591808,720,1220,1320,1350
2024-11-10,76.52312469482422,0.046995829228580366,1,0,0.4749329530418893,0.5250670469581107,0.5250670469581107,1.0,scale,0.24833109653198196,750,1250,1350,1380
2024-11-11,80.11939239501953,-0.039797135793873006,0,0,0.4403821361944348,0.5596178638055652,0.5596178638055652,1.0,scale,0.24833109653198196,750,1250,1350,1380
2024-11-12,76.93087005615234,-0.01928163115859871,0,1,0.5350075622436637,0.46499243775633625,0.5350075622436637,1.0,scale,0.24833109653198196,750,1250,1350,1380
2024-11-13,75.44751739501953,0.08772565473128524,1,1,0.5247402580363927,0.4752597419636073,0.5247402580363927,1.0,scale,0.24833109653198196,750,1250,1350,1380
2024-11-14,82.06620025634766,0.019903071431340402,1,0,0.454868977760952,0.545131022239048,0.545131022239048,1.0,scale,0.24833109653198196,750,1250,1350,1380
2024-11-15,83.69956970214844,0.13885232169047113,1,0,0.43483080693764814,0.5651691930623519,0.5651691930623519,1.0,scale,0.24833109653198196,750,1250,1350,1380
2024-11-16,95.32144927978516,-0.08670604618722966,0,0,0.3683982496282683,0.6316017503717317,0.6316017503717317,1.0,scale,0.24833109653198196,750,1250,1350,1380
2024-11-17,87.05650329589844,0.024365615691278375,1,0,0.45512085041015293,0.5448791495898471,0.5448791495898471,1.0,scale,0.24833109653198196,750,1250,1350,1380
2024-11-18,89.17768859863281,-0.026432199719763516,0,0,0.4027593233716397,0.5972406766283602,0.5972406766283602,1.0,scale,0.24833109653198196,750,1250,1350,1380
2024-11-19,86.82052612304688,-0.039732278593359815,0,0,0.4226865777274978,0.5773134222725023,0.5773134222725023,1.0,scale,0.24833109653198196,750,1250,1350,1380
2024-11-20,83.3709487915039,0.0739753671369836,1,0,0.48862892395111,0.51137107604889,0.51137107604889,1.0,scale,0.24833109653198196,750,1250,1350,1380
2024-11-21,89.53834533691406,0.02828603004268082,1,0,0.45669008294386937,0.5433099170561306,0.5433099170561306,1.0,scale,0.24833109653198196,750,1250,1350,1380
2024-11-22,92.07102966308594,0.07950565523477349,1,0,0.4033821292443837,0.5966178707556162,0.5966178707556162,1.0,scale,0.24833109653198196,750,1250,1350,1380
2024-11-23,99.39119720458984,-0.024566446589546542,0,0,0.41211541666496965,0.5878845833350304,0.5878845833350304,1.0,scale,0.24833109653198196,750,1250,1350,1380
2024-11-24,96.9495086669922,-0.04730036106617219,0,0,0.4029040522924105,0.5970959477075894,0.5970959477075894,1.0,scale,0.24833109653198196,750,1250,1350,1380
2024-11-25,92.36376190185548,0.0073742578555977545,1,0,0.44712640524716757,0.5528735947528325,0.5528735947528325,1.0,scale,0.24833109653198196,750,1250,1350,1380
2024-11-26,93.0448760986328,0.04547746732463187,1,0,0.44106032131766254,0.5589396786823375,0.5589396786823375,1.0,scale,0.24833109653198196,750,1250,1350,1380
2024-11-27,97.2763214111328,-0.016612599549403084,0,0,0.4244187096890312,0.5755812903109687,0.5755812903109687,1.0,scale,0.24833109653198196,750,1250,1350,1380
2024-11-28,95.66030883789062,0.08755312086370282,1,0,0.44902645904220384,0.5509735409577962,0.5509735409577962,1.0,scale,0.24833109653198196,750,1250,1350,1380
2024-11-29,104.0356674194336,-0.0131479801172808,0,0,0.3998101142853351,0.6001898857146649,0.6001898857146649,1.0,scale,0.24833109653198196,750,1250,1350,1380
2024-11-30,102.66780853271484,0.16750516000185778,1,0,0.4306403261152297,0.5693596738847704,0.5693596738847704,1.0,scale,0.24833109653198196,750,1250,1350,1380
2024-12-01,119.86519622802734,0.11181161240766091,1,0,0.4157682355765297,0.5842317644234702,0.5842317644234702,1.0,scale,0.24833109653198196,750,1250,1350,1380
2024-12-02,133.26751708984375,-0.011072818079603253,0,0,0.41110024365534203,0.588899756344658,0.588899756344658,1.0,scale,0.24833109653198196,750,1250,1350,1380
2024-12-03,131.7918701171875,0.018631806557562358,1,0,0.38734641376775325,0.6126535862322467,0.6126535862322467,1.0,scale,0.24833109653198196,750,1250,1350,1380
2024-12-04,134.2473907470703,0.00776423195310505,1,0,0.35365956548882327,0.6463404345111767,0.6463404345111767,1.0,scale,0.24833109653198196,750,1250,1350,1380
2024-12-05,135.2897186279297,0.007014501011521457,1,0,0.3847502057261421,0.615249794273858,0.615249794273858,1.0,scale,0.24833109653198196,750,1250,1350,1380
2024-12-06,136.23870849609375,-0.01753455772164314,0,0,0.3591301359649945,0.6408698640350055,0.6408698640350055,1.0,scale,0.24833109653198196,750,1250,1350,1380
2024-12-07,133.84982299804688,0.00989696513285132,1,0,0.3899104070683145,0.6100895929316855,0.6100895929316855,1.0,scale,0.24833109653198196,750,1250,1350,1380
2024-12-08,135.17453002929688,-0.18000912764914612,0,0,0.39520700132432657,0.6047929986756735,0.6047929986756735,1.0,scale,0.24833109653198196,750,1250,1350,1380
2024-12-09,110.84188079833984,-0.008806969200111703,0,1,0.5212511202783957,0.4787488797216043,0.5212511202783957,1.0,scale,0.24833109653198196,750,1250,1350,1380
2024-12-10,109.8656997680664,0.06977332512888434,1,0,0.49774865697075105,0.502251343029249,0.502251343029249,1.0,0.1,0.24807999766920336,780,1280,1380,1410
2024-12-11,117.5313949584961,0.014766043008554108,1,0,0.46904456698699176,0.5309554330130082,0.5309554330130082,1.0,0.1,0.24807999766920336,780,1280,1380,1410
2024-12-12,119.2668685913086,0.04120038788304958,1,0,0.4731436847470504,0.5268563152529496,0.5268563152529496,1.0,0.1,0.24807999766920336,780,1280,1380,1410
2024-12-13,124.1807098388672,-0.048286824274385465,0,0,0.4613631801270321,0.5386368198729679,0.5386368198729679,1.0,0.1,0.24807999766920336,780,1280,1380,1410
2024-12-14,118.18441772460938,0.025000019366498538,1,0,0.45559948415340884,0.5444005158465912,0.5444005158465912,1.0,0.1,0.24807999766920336,780,1280,1380,1410
2024-12-15,121.13903045654295,-0.024664857237417737,0,0,0.4696913217317528,0.5303086782682471,0.5303086782682471,1.0,0.1,0.24807999766920336,780,1280,1380,1410
2024-12-16,118.15115356445312,0.055938962340152276,1,1,0.5435958668303744,0.4564041331696256,0.5435958668303744,1.0,0.1,0.24807999766920336,780,1280,1380,1410
2024-12-17,124.76040649414062,-0.13000480168408723,0,1,0.5375235530168598,0.46247644698314017,0.5375235530168598,1.0,0.1,0.24807999766920336,780,1280,1380,1410
2024-12-18,108.54095458984376,-0.08158445962093763,0,1,0.5361714477784438,0.46382855222155617,0.5361714477784438,1.0,0.1,0.24807999766920336,780,1280,1380,1410
2024-12-19,99.68569946289062,0.016816005872950734,1,1,0.5328581402489955,0.46714185975100453,0.5328581402489955,1.0,0.1,0.24807999766920336,780,1280,1380,1410
2024-12-20,101.3620147705078,0.0010088273712185458,1,1,0.5290702148467222,0.47092978515327777,0.5290702148467222,1.0,0.1,0.24807999766920336,780,1280,1380,1410
2024-12-21,101.46427154541016,-0.01872792382957522,0,1,0.5182671303240819,0.4817328696759181,0.5182671303240819,1.0,0.1,0.24807999766920336,780,1280,1380,1410
2024-12-22,99.56405639648438,0.07004136379449588,1,1,0.5199172648427367,0.4800827351572633,0.5199172648427367,1.0,0.1,0.24807999766920336,780,1280,1380,1410
2024-12-23,106.53765869140624,0.016770786009614458,1,1,0.5031825650201109,0.49681743497988906,0.5031825650201109,1.0,0.1,0.24807999766920336,780,1280,1380,1410
2024-12-24,108.32437896728516,0.011572447476608794,1,0,0.458042384145965,0.541957615854035,0.541957615854035,1.0,0.1,0.24807999766920336,780,1280,1380,1410
2024-12-25,109.57795715332033,-0.06786291230516583,0,0,0.4948521241453243,0.5051478758546757,0.5051478758546757,1.0,0.1,0.24807999766920336,780,1280,1380,1410
2024-12-26,102.14167785644533,-0.017893900423919806,0,1,0.5411928614764105,0.45880713852358945,0.5411928614764105,1.0,0.1,0.24807999766920336,780,1280,1380,1410
2024-12-27,100.31396484375,0.0026986652015401624,1,1,0.5305883949615289,0.4694116050384711,0.5305883949615289,1.0,0.1,0.24807999766920336,780,1280,1380,1410
2024-12-28,100.58467864990234,-0.022961983368268823,0,1,0.5131802440207727,0.48681975597922733,0.5131802440207727,1.0,0.1,0.24807999766920336,780,1280,1380,1410
2024-12-29,98.27505493164062,0.010523163069512398,1,1,0.542220950334014,0.45777904966598604,0.542220950334014,1.0,0.1,0.24807999766920336,780,1280,1380,1410
2024-12-30,99.30921936035156,0.03785441700934289,1,1,0.5240567903027655,0.47594320969723447,0.5240567903027655,1.0,0.1,0.24807999766920336,780,1280,1380,1410
2024-12-31,103.06851196289062,0.016916670441817105,1,1,0.5223447518749658,0.47765524812503424,0.5223447518749658,1.0,0.1,0.24807999766920336,780,1280,1380,1410
2025-01-01,104.81208801269533,0.0026498169666024918,1,1,0.5093959064969124,0.49060409350308765,0.5093959064969124,1.0,0.1,0.24807999766920336,780,1280,1380,1410
2025-01-02,105.0898208618164,0.0722946076590425,1,1,0.5169315198735325,0.4830684801264675,0.5169315198735325,1.0,0.1,0.24807999766920336,780,1280,1380,1410
2025-01-03,112.68724822998048,-0.013485583721159933,0,0,0.4859437135699355,0.5140562864300645,0.5140562864300645,1.0,0.1,0.24807999766920336,780,1280,1380,1410
2025-01-04,111.16759490966795,0.03866444205902986,1,1,0.5029940619341198,0.4970059380658802,0.5029940619341198,1.0,0.1,0.24807999766920336,780,1280,1380,1410
2025-01-05,115.46582794189452,-0.01260193954977984,0,0,0.4864159279850866,0.5135840720149134,0.5135840720149134,1.0,0.1,0.24807999766920336,780,1280,1380,1410
2025-01-06,114.01073455810548,-0.09799730520359373,0,1,0.5282948984368665,0.4717051015631335,0.5282948984368665,1.0,0.1,0.24807999766920336,780,1280,1380,1410
2025-01-07,102.8379898071289,-0.013023565749283983,0,1,0.5178283367229771,0.4821716632770229,0.5178283367229771,1.0,0.1,0.24807999766920336,780,1280,1380,1410
2025-01-08,101.49867248535156,0.007555529564327923,1,0,0.48606631555376023,0.5139336844462398,0.5139336844462398,1.0,0.1,0.24807999766920336,780,1280,1380,1410
2025-01-09,102.26554870605467,0.01712387581458019,1,1,0.5217592707589671,0.4782407292410329,0.5217592707589671,10.0,scale,0.24661686425270937,810,1310,1410,1440
2025-01-10,104.01673126220705,0.0034414770303043962,1,1,0.5221928706852191,0.47780712931478087,0.5221928706852191,10.0,scale,0.24661686425270937,810,1310,1410,1440
2025-01-11,104.37470245361328,-0.019375318379653228,0,1,0.5245357042061267,0.4754642957938733,0.5245357042061267,10.0,scale,0.24661686425270937,810,1310,1410,1440
2025-01-12,102.35240936279295,-0.03800817485102148,0,1,0.5277674781540839,0.47223252184591613,0.5277674781540839,10.0,scale,0.24661686425270937,810,1310,1410,1440
2025-01-13,98.4621810913086,0.040132236809734545,1,1,0.5304894843379526,0.4695105156620474,0.5304894843379526,10.0,scale,0.24661686425270937,810,1310,1410,1440
2025-01-14,102.41368865966795,0.14448372776028928,1,1,0.5229615431696383,0.4770384568303617,0.5229615431696383,10.0,scale,0.24661686425270937,810,1310,1410,1440
2025-01-15,117.21080017089844,0.060461936799805605,1,1,0.5241658736879327,0.47583412631206734,0.5241658736879327,10.0,scale,0.24661686425270937,810,1310,1410,1440
2025-01-16,124.29759216308594,0.10211494841557789,1,1,0.5373285593292251,0.4626714406707749,0.5373285593292251,10.0,scale,0.24661686425270937,810,1310,1410,1440
2025-01-17,136.990234375,-0.08456283014799182,0,1,0.5424291497404097,0.4575708502595903,0.5424291497404097,10.0,scale,0.24661686425270937,810,1310,1410,1440
2025-01-18,125.40595245361328,-0.08031479066792913,0,1,0.524788601426267,0.47521139857373296,0.524788601426267,10.0,scale,0.24661686425270937,810,1310,1410,1440
2025-01-19,115.33399963378906,0.026792448636500543,1,1,0.5219908408595987,0.4780091591404013,0.5219908408595987,10.0,scale,0.24661686425270937,810,1310,1410,1440
2025-01-20,118.42407989501952,0.004051583031940309,1,1,0.5255046465689283,0.47449535343107174,0.5255046465689283,10.0,scale,0.24661686425270937,810,1310,1410,1440
2025-01-21,118.90388488769533,-0.030767977095881638,0,1,0.5293271038151386,0.4706728961848614,0.5293271038151386,10.0,scale,0.24661686425270937,810,1310,1410,1440
2025-01-22,115.24545288085938,0.010951542529147762,1,1,0.5237057738121386,0.47629422618786144,0.5237057738121386,10.0,scale,0.24661686425270937,810,1310,1410,1440
2025-01-23,116.507568359375,0.01877966430225375,1,1,0.5196320013057892,0.48036799869421076,0.5196320013057892,10.0,scale,0.24661686425270937,810,1310,1410,1440
2025-01-24,118.69554138183594,0.04454698912985777,1,1,0.5266592819002697,0.47334071809973033,0.5266592819002697,10.0,scale,0.24661686425270937,810,1310,1410,1440
2025-01-25,123.98307037353516,-0.05465632299489209,0,1,0.5283253488754992,0.4716746511245008,0.5283253488754992,10.0,scale,0.24661686425270937,810,1310,1410,1440
2025-01-26,117.20661163330078,-0.019690929311332983,0,1,0.5242824091322541,0.4757175908677459,0.5242824091322541,10.0,scale,0.24661686425270937,810,1310,1410,1440
2025-01-27,114.8987045288086,-0.04071997860823817,0,1,0.5150778832678736,0.4849221167321264,0.5150778832678736,10.0,scale,0.24661686425270937,810,1310,1410,1440
2025-01-28,110.22003173828124,0.0496307822653661,1,1,0.5315430714253655,0.4684569285746345,0.5315430714253655,10.0,scale,0.24661686425270937,810,1310,1410,1440
2025-01-29,115.69033813476562,0.12292567993012815,1,1,0.5138373004602134,0.48616269953978664,0.5138373004602134,10.0,scale,0.24661686425270937,810,1310,1410,1440
2025-01-30,129.91165161132812,-0.014615645727158788,0,1,0.5217805461173289,0.47821945388267106,0.5217805461173289,10.0,scale,0.24661686425270937,810,1310,1410,1440
2025-01-31,128.01290893554688,-0.07106940451667054,0,1,0.5267189819141469,0.4732810180858531,0.5267189819141469,10.0,scale,0.24661686425270937,810,1310,1410,1440
2025-02-01,118.91510772705078,-0.0793277310708711,0,1,0.5184288709176774,0.4815711290823226,0.5184288709176774,10.0,scale,0.24661686425270937,810,1310,1410,1440
2025-02-02,109.48184204101562,-0.023099854188193936,0,1,0.5196977114636421,0.4803022885363579,0.5196977114636421,10.0,scale,0.24661686425270937,810,1310,1410,1440
2025-02-03,106.95282745361328,-0.051449721407843096,0,1,0.5102924791711305,0.4897075208288695,0.5102924791711305,10.0,scale,0.24661686425270937,810,1310,1410,1440
2025-02-04,101.45013427734376,0.019098654220203848,1,1,0.5273812803093619,0.47261871969063807,0.5273812803093619,10.0,scale,0.24661686425270937,810,1310,1410,1440
2025-02-05,103.3876953125,-0.016429502498370607,0,1,0.5152687808985258,0.4847312191014742,0.5152687808985258,10.0,scale,0.24661686425270937,810,1310,1410,1440
2025-02-06,101.6890869140625,0.015019515939868278,1,1,0.5237953125016513,0.47620468749834866,0.5237953125016513,10.0,scale,0.24661686425270937,810,1310,1410,1440
2025-02-07,103.2164077758789,0.014229219912717861,1,1,0.5281587167246383,0.4718412832753617,0.5281587167246383,10.0,scale,0.24661686425270937,810,1310,1410,1440
2025-02-08,104.68509674072266,0.026494748851874972,1,1,0.5235615164093689,0.4764384835906311,0.5235615164093689,10.0,scale,0.2475888343204854,840,1340,1440,1470
2025-02-09,107.45870208740234,0.1174713754027652,1,1,0.5243644952019828,0.4756355047980172,0.5243644952019828,10.0,scale,0.2475888343204854,840,1340,1440,1470
2025-02-10,120.08202362060548,-0.003216071066536319,0,1,0.5232176067695422,0.4767823932304578,0.5232176067695422,10.0,scale,0.2475888343204854,840,1340,1440,1470
2025-02-11,119.69583129882812,0.01961715040539813,1,1,0.524034130169874,0.475965869830126,0.524034130169874,10.0,scale,0.2475888343204854,840,1340,1440,1470
2025-02-12,122.0439224243164,0.035019008171829125,1,1,0.522671952655209,0.47732804734479095,0.522671952655209,10.0,scale,0.2475888343204854,840,1340,1440,1470
2025-02-13,126.31777954101562,-0.009428918426133137,0,1,0.5228771188536995,0.4771228811463005,0.5228771188536995,10.0,scale,0.2475888343204854,840,1340,1440,1470
2025-02-14,125.12673950195312,0.06963898664269363,1,1,0.5244140650819934,0.4755859349180066,0.5244140650819934,10.0,scale,0.2475888343204854,840,1340,1440,1470
2025-02-15,133.84043884277344,-0.06190996226699885,0,1,0.5212140189346618,0.4787859810653382,0.5212140189346618,10.0,scale,0.2475888343204854,840,1340,1440,1470
2025-02-16,125.55438232421876,-0.025857610023513944,0,1,0.5249212996368118,0.4750787003631882,0.5249212996368118,10.0,scale,0.2475888343204854,840,1340,1440,1470
2025-02-17,122.30784606933594,0.058722608144876176,1,1,0.5249204802616017,0.47507951973839835,0.5249204802616017,10.0,scale,0.2475888343204854,840,1340,1440,1470
2025-02-18,129.49008178710938,0.044208981528027325,1,1,0.5249532853467579,0.4750467146532421,0.5249532853467579,10.0,scale,0.2475888343204854,840,1340,1440,1470
2025-02-19,135.21470642089844,-0.034114580365180336,0,1,0.5233775426744134,0.4766224573255866,0.5233775426744134,10.0,scale,0.2475888343204854,840,1340,1440,1470
2025-02-20,130.60191345214844,-0.019537506570471486,0,1,0.5249523081248993,0.47504769187510065,0.5249523081248993,10.0,scale,0.2475888343204854,840,1340,1440,1470
2025-02-21,128.05027770996094,-0.015548976197651498,0,1,0.5256614989642466,0.47433850103575337,0.5256614989642466,10.0,scale,0.2475888343204854,840,1340,1440,1470
2025-02-22,126.0592269897461,0.030800222843113678,1,1,0.5225264386283615,0.47747356137163854,0.5225264386283615,10.0,scale,0.2475888343204854,840,1340,1440,1470
2025-02-23,129.94187927246094,-0.11913367405401043,0,1,0.5239738414845331,0.4760261585154669,0.5239738414845331,10.0,scale,0.2475888343204854,840,1340,1440,1470
2025-02-24,114.46142578125,0.001337426999748148,1,1,0.525678606028769,0.47432139397123096,0.525678606028769,10.0,scale,0.2475888343204854,840,1340,1440,1470
2025-02-25,114.61450958251952,0.08731209253057681,1,1,0.5257105438466994,0.47428945615330065,0.5257105438466994,10.0,scale,0.2475888343204854,840,1340,1440,1470
2025-02-26,124.62174224853516,0.017240586611548814,1,1,0.5256597814197477,0.4743402185802523,0.5256597814197477,10.0,scale,0.2475888343204854,840,1340,1440,1470
2025-02-27,126.77029418945312,0.009400376840781988,1,1,0.5232824592760092,0.47671754072399075,0.5232824592760092,10.0,scale,0.2475888343204854,840,1340,1440,1470
2025-02-28,127.96198272705078,-0.028852628031103666,0,1,0.5241104947552626,0.4758895052447374,0.5241104947552626,10.0,scale,0.2475888343204854,840,1340,1440,1470
2025-03-01,124.26994323730467,0.02595112691249124,1,1,0.5219766438790819,0.47802335612091806,0.5219766438790819,10.0,scale,0.2475888343204854,840,1340,1440,1470
2025-03-02,127.49488830566406,-0.1376137648173269,0,1,0.5247839420521552,0.4752160579478448,0.5247839420521552,10.0,scale,0.2475888343204854,840,1340,1440,1470
2025-03-03,109.94983673095705,-0.05675771414812436,0,1,0.5238563658600354,0.47614363413996463,0.5238563658600354,10.0,scale,0.2475888343204854,840,1340,1440,1470
2025-03-04,103.70933532714844,0.009861631278143212,1,1,0.5257501611708806,0.4742498388291194,0.5257501611708806,10.0,scale,0.2475888343204854,840,1340,1440,1470
2025-03-05,104.7320785522461,-0.012737040685581458,0,1,0.5240423030582054,0.4759576969417946,0.5240423030582054,10.0,scale,0.2475888343204854,840,1340,1440,1470
2025-03-06,103.39810180664062,0.0008098817377866219,1,1,0.5260946204232481,0.47390537957675194,0.5260946204232481,10.0,scale,0.2475888343204854,840,1340,1440,1470
2025-03-07,103.48184204101562,-0.011878360656027764,0,1,0.5252680045420386,0.4747319954579614,0.5252680045420386,10.0,scale,0.2475888343204854,840,1340,1440,1470
2025-03-08,102.25264739990234,-0.07610178102391507,0,1,0.5243488722805892,0.47565112771941076,0.5243488722805892,10.0,scale,0.2475888343204854,840,1340,1440,1470
2025-03-09,94.47103881835938,-0.07317637105503993,0,1,0.5250676696872858,0.4749323303127142,0.5250676696872858,10.0,scale,0.2475888343204854,840,1340,1440,1470
2025-03-10,87.55799102783203,0.031690161401644934,1,1,0.5217631803874715,0.4782368196125285,0.5217631803874715,10.0,scale,0.2496280340535696,870,1370,1470,1500
2025-03-11,90.3327178955078,0.012807503997013692,1,1,0.5356491245755614,0.46435087542443865,0.5356491245755614,10.0,scale,0.2496280340535696,870,1370,1470,1500
2025-03-12,91.48965454101562,-0.03780921721732944,0,1,0.5342008383243257,0.46579916167567426,0.5342008383243257,10.0,scale,0.2496280340535696,870,1370,1470,1500
2025-03-13,88.03050231933594,0.0375256947840128,1,1,0.5368502389634616,0.4631497610365384,0.5368502389634616,10.0,scale,0.2496280340535696,870,1370,1470,1500
2025-03-14,91.33390808105467,0.013211327274073037,1,1,0.5301916183088045,0.46980838169119554,0.5301916183088045,10.0,scale,0.2496280340535696,870,1370,1470,1500
2025-03-15,92.5405502319336,-0.023678188874621364,0,1,0.5278091486584972,0.47219085134150285,0.5278091486584972,10.0,scale,0.2496280340535696,870,1370,1470,1500
2025-03-16,90.34935760498048,0.02229411909252854,1,1,0.536767871700634,0.463232128299366,0.536767871700634,10.0,scale,0.2496280340535696,870,1370,1470,1500
2025-03-17,92.36361694335938,-0.024695026153359723,0,1,0.5280744854076346,0.4719255145923654,0.5280744854076346,10.0,scale,0.2496280340535696,870,1370,1470,1500
2025-03-18,90.08269500732422,0.04404564660275545,1,1,0.5233635680325345,0.4766364319674655,0.5233635680325345,10.0,scale,0.2496280340535696,870,1370,1470,1500
2025-03-19,94.05044555664062,-0.008163940756267807,0,1,0.5257966631744122,0.4742033368255878,0.5257966631744122,10.0,scale,0.2496280340535696,870,1370,1470,1500
2025-03-20,93.28262329101562,-0.02518439093331515,0,1,0.5265625284576896,0.4734374715423104,0.5265625284576896,10.0,scale,0.2496280340535696,870,1370,1470,1500
2025-03-21,90.93335723876952,0.0035651189207790424,1,1,0.5258519628552488,0.4741480371447512,0.5258519628552488,10.0,scale,0.2496280340535696,870,1370,1470,1500
2025-03-22,91.2575454711914,0.0017292421757517662,1,1,0.5191835974074842,0.4808164025925158,0.5191835974074842,10.0,scale,0.2496280340535696,870,1370,1470,1500
2025-03-23,91.41535186767578,0.024713084042028655,1,1,0.5211370550636937,0.4788629449363063,0.5211370550636937,10.0,scale,0.2496280340535696,870,1370,1470,1500
2025-03-24,93.67450714111328,0.008273752342075502,1,1,0.5159607040271432,0.4840392959728568,0.5159607040271432,10.0,scale,0.2496280340535696,870,1370,1470,1500
2025-03-25,94.44954681396484,-0.022369621341921886,0,1,0.5228497263899141,0.4771502736100859,0.5228497263899141,10.0,scale,0.2496280340535696,870,1370,1470,1500
2025-03-26,92.33674621582033,0.005271276093837152,1,1,0.5207204740005191,0.47927952599948087,0.5207204740005191,10.0,scale,0.2496280340535696,870,1370,1470,1500
2025-03-27,92.82347869873048,-0.05846418860090197,0,1,0.5192863776897215,0.4807136223102785,0.5192863776897215,10.0,scale,0.2496280340535696,870,1370,1470,1500
2025-03-28,87.3966293334961,-0.02228777003664084,0,1,0.5136985701838107,0.4863014298161893,0.5136985701838107,10.0,scale,0.2496280340535696,870,1370,1470,1500
2025-03-29,85.4487533569336,0.006491821071525461,1,1,0.5141518897571372,0.4858481102428628,0.5141518897571372,10.0,scale,0.2496280340535696,870,1370,1470,1500
2025-03-30,86.00347137451172,-0.03453314913524752,0,1,0.5161584308371007,0.48384156916289933,0.5161584308371007,10.0,scale,0.2496280340535696,870,1370,1470,1500
2025-03-31,83.03350067138672,0.01752692893660579,1,1,0.5116963508304007,0.48830364916959934,0.5116963508304007,10.0,scale,0.2496280340535696,870,1370,1470,1500
2025-04-01,84.48882293701172,-0.03231128363348812,0,1,0.5172139069458258,0.4827860930541742,0.5172139069458258,10.0,scale,0.2496280340535696,870,1370,1470,1500
2025-04-02,81.75888061523438,0.01915614531134824,1,1,0.509539231503934,0.490460768496066,0.509539231503934,10.0,scale,0.2496280340535696,870,1370,1470,1500
2025-04-03,83.32506561279297,0.01311320895514867,1,1,0.5203071058347368,0.4796928941652632,0.5203071058347368,10.0,scale,0.2496280340535696,870,1370,1470,1500
2025-04-04,84.417724609375,-0.020212204468223582,0,1,0.5216042437356118,0.47839575626438824,0.5216042437356118,10.0,scale,0.2496280340535696,870,1370,1470,1500
2025-04-05,82.71145629882812,-0.14850316700543742,0,1,0.5198936736034724,0.4801063263965276,0.5198936736034724,10.0,scale,0.2496280340535696,870,1370,1470,1500
2025-04-06,70.42854309082031,0.007619369508439222,1,1,0.5122569043774277,0.48774309562257234,0.5122569043774277,10.0,scale,0.2496280340535696,870,1370,1470,1500
2025-04-07,70.96516418457031,-0.026378195624684353,0,1,0.5256040312665652,0.4743959687334348,0.5256040312665652,10.0,scale,0.2496280340535696,870,1370,1470,1500
2025-04-08,69.09323120117188,0.10013407407178376,1,1,0.52057484404361,0.47942515595639,0.52057484404361,10.0,scale,0.2496280340535696,870,1370,1470,1500
2025-04-09,76.0118179321289,-0.03008725967756165,0,1,0.5421108597103929,0.45788914028960714,0.5421108597103929,0.1,scale,0.24675575711644374,900,1400,1500,1530
2025-04-10,73.7248306274414,0.033765930569400915,1,1,0.5594977815149103,0.44050221848508975,0.5594977815149103,0.1,scale,0.24675575711644374,900,1400,1500,1530
2025-04-11,76.21421813964844,0.03126327011727259,1,1,0.543347567157273,0.45665243284272705,0.543347567157273,0.1,scale,0.24675575711644374,900,1400,1500,1530
2025-04-12,78.596923828125,-0.010339787315994275,0,1,0.5383296992310453,0.46167030076895466,0.5383296992310453,0.1,scale,0.24675575711644374,900,1400,1500,1530
2025-04-13,77.78424835205078,-0.009099748247654804,0,1,0.5497300882166786,0.45026991178332143,0.5497300882166786,0.1,scale,0.24675575711644374,900,1400,1500,1530
2025-04-14,77.07643127441406,-0.021677174562254597,0,1,0.5546542807976532,0.4453457192023468,0.5546542807976532,0.1,scale,0.24675575711644374,900,1400,1500,1530
2025-04-15,75.40563201904297,-0.014508021243747282,0,1,0.5601577811960138,0.4398422188039862,0.5601577811960138,0.1,scale,0.24675575711644374,900,1400,1500,1530
2025-04-16,74.3116455078125,0.007650991111454175,1,1,0.5640522683447345,0.43594773165526546,0.5640522683447345,0.1,scale,0.24675575711644374,900,1400,1500,1530
2025-04-17,74.88020324707031,0.014795055334356766,1,1,0.5614997146831002,0.4385002853168998,0.5614997146831002,0.1,scale,0.24675575711644374,900,1400,1500,1530
2025-04-18,75.9880599975586,0.0018260210662610632,1,1,0.5586922199158968,0.4413077800841032,0.5586922199158968,0.1,scale,0.24675575711644374,900,1400,1500,1530
2025-04-19,76.12681579589844,0.021303567595174044,1,1,0.5582082278702666,0.4417917721297334,0.5582082278702666,0.1,scale,0.24675575711644374,900,1400,1500,1530
2025-04-20,77.74858856201172,0.003841752003770571,1,1,0.5451159272115864,0.4548840727884136,0.5451159272115864,0.1,scale,0.24675575711644374,900,1400,1500,1530
2025-04-21,78.04727935791016,0.06868942765620445,1,1,0.545193915892799,0.454806084107201,0.545193915892799,0.1,scale,0.24675575711644374,900,1400,1500,1530
2025-04-22,83.4083023071289,-0.002195839503395969,0,1,0.5031856804695437,0.4968143195304563,0.5031856804695437,0.1,scale,0.24675575711644374,900,1400,1500,1530
2025-04-23,83.22515106201172,0.013295702694608336,1,1,0.5285520851807983,0.4714479148192017,0.5285520851807983,0.1,scale,0.24675575711644374,900,1400,1500,1530
2025-04-24,84.3316879272461,0.02367263360287941,1,1,0.5195396586637111,0.4804603413362889,0.5195396586637111,0.1,scale,0.24675575711644374,900,1400,1500,1530
2025-04-25,86.32804107666016,0.00902079496860364,1,1,0.5178092956601787,0.48219070433982125,0.5178092956601787,0.1,scale,0.24675575711644374,900,1400,1500,1530
2025-04-26,87.1067886352539,-0.018048374299229897,0,1,0.5209324104858242,0.47906758951417583,0.5209324104858242,0.1,scale,0.24675575711644374,900,1400,1500,1530
2025-04-27,85.53465270996094,0.0023010921758763736,1,1,0.5388159143213717,0.46118408567862834,0.5388159143213717,0.1,scale,0.24675575711644374,900,1400,1500,1530
2025-04-28,85.73147583007812,-0.0030307032235306064,0,1,0.5373375379491273,0.4626624620508727,0.5373375379491273,0.1,scale,0.24675575711644374,900,1400,1500,1530
2025-04-29,85.47164916992188,-0.02291032532531634,0,1,0.5444812719654484,0.4555187280345516,0.5444812719654484,0.1,scale,0.24675575711644374,900,1400,1500,1530
2025-04-30,83.51346588134766,0.06480596096736813,1,1,0.5525659051863826,0.4474340948136174,0.5525659051863826,0.1,scale,0.24675575711644374,900,1400,1500,1530
2025-05-01,88.9256362915039,-0.010415453915483597,0,1,0.5114099581617888,0.4885900418382112,0.5114099581617888,0.1,scale,0.24675575711644374,900,1400,1500,1530
2025-05-02,87.99943542480469,-0.015082716172044597,0,1,0.5332727366439601,0.46672726335603987,0.5332727366439601,0.1,scale,0.24675575711644374,900,1400,1500,1530
2025-05-03,86.67216491699219,-0.019016761361985823,0,1,0.538438800649132,0.46156119935086803,0.538438800649132,0.1,scale,0.24675575711644374,900,1400,1500,1530
2025-05-04,85.02394104003906,-0.019452080165409003,0,1,0.5518620745997115,0.4481379254002885,0.5518620745997115,0.1,scale,0.24675575711644374,900,1400,1500,1530
2025-05-05,83.37004852294922,0.10185249498077265,1,1,0.5530108394393399,0.44698916056066007,0.5530108394393399,0.1,scale,0.24675575711644374,900,1400,1500,1530
2025-05-06,91.86149597167967,-0.0262649215520655,0,0,0.49469465152283104,0.505305348477169,0.505305348477169,0.1,scale,0.24675575711644374,900,1400,1500,1530
2025-05-07,89.44876098632812,0.05872625472653725,1,1,0.5318240231864211,0.4681759768135789,0.5318240231864211,0.1,scale,0.24675575711644374,900,1400,1500,1530
2025-05-08,94.70175170898438,0.060598185027199714,1,0,0.48771855996139557,0.5122814400386044,0.5122814400386044,0.1,scale,0.24675575711644374,900,1400,1500,1530
2025-05-09,100.44050598144533,0.04782278503704274,1,0,0.4446913571299214,0.5553086428700786,0.5553086428700786,0.1,scale,0.24845312760739155,930,1430,1530,1560
2025-05-10,105.2438507080078,-0.05007328271323919,0,0,0.42102140501927204,0.578978594980728,0.578978594980728,0.1,scale,0.24845312760739155,930,1430,1530,1560
2025-05-11,99.97394561767578,0.039567346381217394,1,0,0.4991827835433872,0.5008172164566128,0.5008172164566128,0.1,scale,0.24845312760739155,930,1430,1530,1560
2025-05-12,103.92964935302734,-0.0035621824179484785,0,0,0.460338124471931,0.539661875528069,0.539661875528069,0.1,scale,0.24845312760739155,930,1430,1530,1560
2025-05-13,103.55943298339844,-0.02351635974810773,0,1,0.5036536421642225,0.4963463578357775,0.5036536421642225,0.1,scale,0.24845312760739155,930,1430,1530,1560
2025-05-14,101.12409210205078,-0.019538517263937627,0,1,0.5237910822874898,0.47620891771251017,0.5237910822874898,0.1,scale,0.24845312760739155,930,1430,1530,1560
2025-05-15,99.14827728271484,0.003303742977506907,1,1,0.5516969242547985,0.44830307574520145,0.5516969242547985,0.1,scale,0.24845312760739155,930,1430,1530,1560
2025-05-16,99.47583770751952,-0.032014809682434864,0,1,0.5484550577264858,0.45154494227351416,0.5484550577264858,0.1,scale,0.24845312760739155,930,1430,1530,1560
2025-05-17,96.2911376953125,0.050758604340423785,1,1,0.5725492971442477,0.42745070285575226,0.5725492971442477,0.1,scale,0.24845312760739155,930,1430,1530,1560
2025-05-18,101.17874145507812,-0.028018353604741364,0,1,0.5236658726901815,0.4763341273098185,0.5236658726901815,0.1,scale,0.24845312760739155,930,1430,1530,1560
2025-05-19,98.34387969970705,-0.04011007182317572,0,1,0.5639968627611652,0.43600313723883477,0.5639968627611652,0.1,scale,0.24845312760739155,930,1430,1530,1560
2025-05-20,94.39929962158205,0.030310257611165348,1,1,0.5829755863002557,0.4170244136997443,0.5829755863002557,0.1,scale,0.24845312760739155,930,1430,1530,1560
2025-05-21,97.26056671142578,0.03106861810474748,1,1,0.5562405589788685,0.4437594410211315,0.5562405589788685,0.1,scale,0.24845312760739155,930,1430,1530,1560
2025-05-22,100.28231811523438,-0.05127560406092302,0,1,0.5406105056568229,0.4593894943431771,0.5406105056568229,0.1,scale,0.24845312760739155,930,1430,1530,1560
2025-05-23,95.1402816772461,0.0057347793267916725,1,1,0.5806946101108936,0.4193053898891064,0.5806946101108936,0.1,scale,0.24845312760739155,930,1430,1530,1560
2025-05-24,95.6858901977539,-0.00029421752530212064,0,1,0.5673742403929435,0.4326257596070565,0.5673742403929435,0.1,scale,0.24845312760739155,930,1430,1530,1560
2025-05-25,95.6577377319336,-0.006779602348084057,0,1,0.5786374802421567,0.42136251975784333,0.5786374802421567,0.1,scale,0.24845312760739155,930,1430,1530,1560
2025-05-26,95.00921630859376,0.010057537720885579,1,1,0.5816544758284501,0.4183455241715499,0.5816544758284501,0.1,scale,0.24845312760739155,930,1430,1530,1560
2025-05-27,95.96477508544922,-0.006875335647637426,0,1,0.5783938255270292,0.4216061744729708,0.5783938255270292,0.1,scale,0.24845312760739155,930,1430,1530,1560
2025-05-28,95.30498504638672,-0.023253546422197124,0,1,0.5811798931551917,0.4188201068448083,0.5811798931551917,0.1,scale,0.24845312760739155,930,1430,1530,1560
2025-05-29,93.08880615234376,-0.07978732820733747,0,1,0.5902164218212363,0.40978357817876365,0.5902164218212363,0.1,scale,0.24845312760739155,930,1430,1530,1560
2025-05-30,85.6614990234375,0.01711836594517324,1,1,0.5888713534318248,0.41112864656817516,0.5888713534318248,0.1,scale,0.24845312760739155,930,1430,1530,1560
2025-05-31,87.12788391113281,0.014479564232165565,1,1,0.5831417305210469,0.4168582694789531,0.5831417305210469,0.1,scale,0.24845312760739155,930,1430,1530,1560
2025-06-01,88.38945770263672,0.014148690638885242,1,1,0.5856875420389077,0.4143124579610923,0.5856875420389077,0.1,scale,0.24845312760739155,930,1430,1530,1560
2025-06-02,89.64005279541016,-0.0008706900946703344,0,1,0.5828470770266253,0.4171529229733747,0.5828470770266253,0.1,scale,0.24845312760739155,930,1430,1530,1560
2025-06-03,89.56200408935547,-0.01649150942182731,0,1,0.582264403239008,0.41773559676099203,0.582264403239008,0.1,scale,0.24845312760739155,930,1430,1530,1560
2025-06-04,88.08499145507812,-0.04925834153568032,0,1,0.5894326497060084,0.4105673502939916,0.5894326497060084,0.1,scale,0.24845312760739155,930,1430,1530,1560
2025-06-05,83.7460708618164,0.041860147320271546,1,1,0.592629054415564,0.407370945584436,0.592629054415564,0.1,scale,0.24845312760739155,930,1430,1530,1560
2025-06-06,87.25169372558594,0.012877818208654634,1,1,0.5812442418502566,0.4187557581497434,0.5812442418502566,0.1,scale,0.24845312760739155,930,1430,1530,1560
2025-06-07,88.37530517578125,-0.012643384640672495,0,1,0.5815532177414605,0.4184467822585395,0.5815532177414605,0.1,scale,0.24845312760739155,930,1430,1530,1560
2025-06-08,87.25794219970703,0.04014716002949337,1,1,0.5649289619168856,0.4350710380831144,0.5649289619168856,0.1,scale,0.25025523198323496,960,1460,1560,1590
2025-06-09,90.76110076904295,0.027609734471542025,1,1,0.5448743667523,0.45512563324769995,0.5448743667523,0.1,scale,0.25025523198323496,960,1460,1560,1590
2025-06-10,93.2669906616211,-0.01813223745287318,0,1,0.5374915580459773,0.46250844195402274,0.5374915580459773,0.1,scale,0.25025523198323496,960,1460,1560,1590
2025-06-11,91.57585144042967,-0.0559486229726992,0,1,0.5538639508187256,0.44613604918127436,0.5538639508187256,0.1,scale,0.25025523198323496,960,1460,1560,1590
2025-06-12,86.45230865478516,0.001045141776310432,1,1,0.564367612388721,0.435632387611279,0.564367612388721,0.1,scale,0.25025523198323496,960,1460,1560,1590
2025-06-13,86.54266357421875,-0.014888233779881022,0,1,0.561236225160229,0.438763774839771,0.561236225160229,0.1,scale,0.25025523198323496,960,1460,1560,1590
2025-06-14,85.25419616699219,0.012590879290752754,1,1,0.5559981513498582,0.4440018486501418,0.5559981513498582,0.1,scale,0.25025523198323496,960,1460,1560,1590
2025-06-15,86.32762145996094,0.006008324779892105,1,1,0.5600710797378043,0.43992892026219566,0.5600710797378043,0.1,scale,0.25025523198323496,960,1460,1560,1590
2025-06-16,86.84630584716797,-0.028777613587277817,0,1,0.5596209250277153,0.4403790749722847,0.5596209250277153,0.1,scale,0.25025523198323496,960,1460,1560,1590
2025-06-17,84.34707641601562,0.008529027076018103,1,1,0.5642116761322756,0.43578832386772437,0.5642116761322756,0.1,scale,0.25025523198323496,960,1460,1560,1590
2025-06-18,85.06647491455078,0.0007222529700670055,1,1,0.557934152455446,0.442065847544554,0.557934152455446,0.1,scale,0.25025523198323496,960,1460,1560,1590
2025-06-19,85.12791442871094,-0.02622127524873441,0,1,0.558412751798346,0.44158724820165396,0.558412751798346,0.1,scale,0.25025523198323496,960,1460,1560,1590
2025-06-20,82.895751953125,-0.03353184887833871,0,1,0.5646492086956744,0.43535079130432563,0.5646492086956744,0.1,scale,0.25025523198323496,960,1460,1560,1590
2025-06-21,80.11610412597656,0.0002738792520087241,1,1,0.5602759940470495,0.43972400595295047,0.5602759940470495,0.1,scale,0.25025523198323496,960,1460,1560,1590
2025-06-22,80.13804626464844,0.06219574262932448,1,1,0.5606094450937706,0.43939055490622936,0.5606094450937706,0.1,scale,0.25025523198323496,960,1460,1560,1590
2025-06-23,85.1222915649414,-0.0037457597814638532,0,1,0.5452225485082751,0.4547774514917249,0.5452225485082751,0.1,scale,0.25025523198323496,960,1460,1560,1590
2025-06-24,84.8034439086914,-0.001627028263689545,0,1,0.5555928713952567,0.4444071286047433,0.5555928713952567,0.1,scale,0.25025523198323496,960,1460,1560,1590
2025-06-25,84.66546630859375,-0.004492635667576628,0,1,0.5573010138755145,0.44269898612448555,0.5573010138755145,0.1,scale,0.25025523198323496,960,1460,1560,1590
2025-06-26,84.28509521484375,0.006494278843125034,1,1,0.5568578661031454,0.44314213389685464,0.5568578661031454,0.1,scale,0.25025523198323496,960,1460,1560,1590
2025-06-27,84.83246612548828,0.01735328771658229,1,1,0.5535845384852354,0.44641546151476463,0.5535845384852354,0.1,scale,0.25025523198323496,960,1460,1560,1590
2025-06-28,86.3045883178711,0.019542145743744577,1,1,0.5441433715334503,0.45585662846654973,0.5441433715334503,0.1,scale,0.25025523198323496,960,1460,1560,1590
2025-06-29,87.99116516113281,-0.022816867995967827,0,1,0.538810672572206,0.46118932742779395,0.538810672572206,0.1,scale,0.25025523198323496,960,1460,1560,1590
2025-06-30,85.98348236083984,-0.031850500446893304,0,1,0.5595062978197206,0.4404937021802794,0.5595062978197206,0.1,scale,0.25025523198323496,960,1460,1560,1590
2025-07-01,83.24486541748047,0.04877403877217912,1,1,0.563458809768588,0.436541190231412,0.563458809768588,0.1,scale,0.25025523198323496,960,1460,1560,1590
2025-07-02,87.3050537109375,0.019467637160358597,1,1,0.5390355984105117,0.46096440158948826,0.5390355984105117,0.1,scale,0.25025523198323496,960,1460,1560,1590
2025-07-03,89.00467681884766,-0.023994385060681744,0,1,0.5345451477755139,0.4654548522244861,0.5345451477755139,0.1,scale,0.25025523198323496,960,1460,1560,1590
2025-07-04,86.86906433105469,0.007451716136040343,1,1,0.5486613810697138,0.45133861893028615,0.5486613810697138,0.1,scale,0.25025523198323496,960,1460,1560,1590
2025-07-05,87.51638793945312,-0.0013879410838580908,0,1,0.5397559395578032,0.4602440604421968,0.5397559395578032,0.1,scale,0.25025523198323496,960,1460,1560,1590
2025-07-06,87.3949203491211,-0.014948196979369888,0,1,0.548259461990567,0.45174053800943303,0.548259461990567,0.1,scale,0.25025523198323496,960,1460,1560,1590
2025-07-07,86.0885238647461,0.018551825870640082,1,1,0.5579863834666963,0.44201361653330373,0.5579863834666963,0.1,scale,0.25025523198323496,960,1460,1560,1590
2025-07-08,87.68562316894531,0.03436487710484415,1,1,0.5531981329151907,0.4468018670848093,0.5531981329151907,0.1,scale,0.24968997282864888,990,1490,1590,1620
2025-07-09,90.6989288330078,0.045224926796483045,1,1,0.5329902106713205,0.46700978932867954,0.5329902106713205,0.1,scale,0.24968997282864888,990,1490,1590,1620
2025-07-10,94.80078125,-0.0058181701707940015,0,0,0.497011349150766,0.502988650849234,0.502988650849234,0.1,scale,0.24968997282864888,990,1490,1590,1620
2025-07-11,94.24921417236328,-0.015600683631829315,0,1,0.5238360424503651,0.4761639575496349,0.5238360424503651,0.1,scale,0.24968997282864888,990,1490,1590,1620
2025-07-12,92.77886199951172,0.020146930553649467,1,1,0.5418618880105874,0.45813811198941257,0.5418618880105874,0.1,scale,0.24968997282864888,990,1490,1590,1620
2025-07-13,94.6480712890625,0.009652730935556075,1,1,0.5320509351981307,0.46794906480186926,0.5320509351981307,0.1,scale,0.24968997282864888,990,1490,1590,1620
2025-07-14,95.56168365478516,0.007979347027626371,1,1,0.5290624693739552,0.4709375306260448,0.5290624693739552,0.1,scale,0.24968997282864888,990,1490,1590,1620
2025-07-15,96.32420349121094,0.012238972750658661,1,1,0.5225207078117061,0.4774792921882939,0.5225207078117061,0.1,scale,0.24968997282864888,990,1490,1590,1620
2025-07-16,97.50311279296876,0.04215524531906589,1,1,0.5259284551895632,0.4740715448104368,0.5259284551895632,0.1,scale,0.24968997282864888,990,1490,1590,1620
2025-07-17,101.6133804321289,0.0005601160296124785,1,0,0.4935232364143047,0.5064767635856953,0.5064767635856953,0.1,scale,0.24968997282864888,990,1490,1590,1620
2025-07-18,101.67029571533205,0.11581105060591845,1,1,0.5060588699800923,0.4939411300199077,0.5060588699800923,0.1,scale,0.24968997282864888,990,1490,1590,1620
2025-07-19,113.44483947753906,0.030144305347840294,1,0,0.39830875680309297,0.601691243196907,0.601691243196907,0.1,scale,0.24968997282864888,990,1490,1590,1620
2025-07-20,116.86455535888672,-0.008669790596755766,0,0,0.4043068501783165,0.5956931498216835,0.5956931498216835,0.1,scale,0.24968997282864888,990,1490,1590,1620
2025-07-21,115.8513641357422,0.03342083271045437,1,0,0.43197136799188696,0.568028632008113,0.568028632008113,0.1,scale,0.24968997282864888,990,1490,1590,1620
2025-07-22,119.72321319580078,-0.06290850688433702,0,0,0.42061110763437637,0.5793888923656236,0.5793888923656236,0.1,scale,0.24968997282864888,990,1490,1590,1620
2025-07-23,112.1916046142578,0.001075131494498116,1,1,0.5068830407004322,0.4931169592995678,0.5068830407004322,0.1,scale,0.24968997282864888,990,1490,1590,1620
2025-07-24,112.31222534179688,0.013386261846012104,1,0,0.49489980610114603,0.505100193898854,0.505100193898854,0.1,scale,0.24968997282864888,990,1490,1590,1620
2025-07-25,113.81566619873048,0.001494364510314039,1,0,0.4947687493403861,0.5052312506596139,0.5052312506596139,0.1,scale,0.24968997282864888,990,1490,1590,1620
2025-07-26,113.98574829101562,0.007176543505703181,1,1,0.5061443334381183,0.49385566656188173,0.5061443334381183,0.1,scale,0.24968997282864888,990,1490,1590,1620
2025-07-27,114.80377197265624,-0.05408704135421283,0,1,0.5103009187582509,0.4896990812417491,0.5103009187582509,0.1,scale,0.24968997282864888,990,1490,1590,1620
2025-07-28,108.59437561035156,-0.0005712506433684927,0,1,0.553881668626854,0.44611833137314605,0.553881668626854,0.1,scale,0.24968997282864888,990,1490,1590,1620
2025-07-29,108.53234100341795,0.018445260925218365,1,1,0.5408392242316602,0.4591607757683398,0.5408392242316602,0.1,scale,0.24968997282864888,990,1490,1590,1620
2025-07-30,110.53424835205078,-0.038998560527390036,0,1,0.5367994765541989,0.4632005234458011,0.5367994765541989,0.1,scale,0.24968997282864888,990,1490,1590,1620
2025-07-31,106.22357177734376,0.003956133964847286,1,1,0.5584862948135991,0.4415137051864009,0.5584862948135991,0.1,scale,0.24968997282864888,990,1490,1590,1620
2025-08-01,106.64380645751952,-0.003813988779667432,0,1,0.557336453035354,0.44266354696464605,0.557336453035354,0.1,scale,0.24968997282864888,990,1490,1590,1620
2025-08-02,106.23706817626952,0.0398416339879375,1,1,0.5610571390878331,0.43894286091216694,0.5610571390878331,0.1,scale,0.24968997282864888,990,1490,1590,1620
2025-08-03,110.4697265625,0.09718064616649413,1,1,0.5371836363059074,0.4628163636940926,0.5371836363059074,0.1,scale,0.24968997282864888,990,1490,1590,1620
2025-08-04,121.20524597167967,-0.007724364675820716,0,0,0.4445170450464177,0.5554829549535822,0.5554829549535822,0.1,scale,0.24968997282864888,990,1490,1590,1620
2025-08-05,120.26901245117188,-0.008097361693489513,0,0,0.49155223984657,0.5084477601534301,0.5084477601534301,0.1,scale,0.24968997282864888,990,1490,1590,1620
2025-08-06,119.29515075683594,0.028757719080286126,1,0,0.49615666225892274,0.5038433377410773,0.5038433377410773,0.1,scale,0.24968997282864888,990,1490,1590,1620
2025-08-07,122.7258071899414,0.009331392173663522,1,1,0.5033844414842384,0.49661555851576156,0.5033844414842384,0.1,scale,0.24725238539102296,1020,1520,1620,1650
2025-08-08,123.87100982666016,-0.027841981726926646,0,1,0.5074926189771546,0.4925073810228454,0.5074926189771546,0.1,scale,0.24725238539102296,1020,1520,1620,1650
2025-08-09,120.42219543457033,0.027999405473068784,1,1,0.5372183432438264,0.46278165675617355,0.5372183432438264,0.1,scale,0.24725238539102296,1020,1520,1620,1650
2025-08-10,123.7939453125,-0.02830717765155999,0,1,0.5228426075037226,0.4771573924962774,0.5228426075037226,0.1,scale,0.24725238539102296,1020,1520,1620,1650
2025-08-11,120.28968811035156,0.08457937375250602,1,1,0.5620656502070208,0.4379343497929792,0.5620656502070208,0.1,scale,0.24725238539102296,1020,1520,1620,1650
2025-08-12,130.46371459960938,0.003934587670042511,1,0,0.4726708980142309,0.5273291019857691,0.5273291019857691,0.1,scale,0.24725238539102296,1020,1520,1620,1650
2025-08-13,130.97703552246094,-0.07388686548277301,0,0,0.4977192193430321,0.5022807806569679,0.5022807806569679,0.1,scale,0.24725238539102296,1020,1520,1620,1650
2025-08-14,121.29955291748048,-0.018569184491453172,0,1,0.5554769038207703,0.4445230961792297,0.5554769038207703,0.1,scale,0.24725238539102296,1020,1520,1620,1650
2025-08-15,119.047119140625,0.015957964960204407,1,1,0.5492951040728863,0.4507048959271137,0.5492951040728863,0.1,scale,0.24725238539102296,1020,1520,1620,1650
2025-08-16,120.94686889648438,-0.000828310649989672,0,1,0.541553850353673,0.458446149646327,0.541553850353673,0.1,scale,0.24725238539102296,1020,1520,1620,1650
2025-08-17,120.84668731689452,-0.026010161735602333,0,1,0.5542398011246559,0.4457601988753441,0.5542398011246559,0.1,scale,0.24725238539102296,1020,1520,1620,1650
2025-08-18,117.70344543457033,-0.044330086819579395,0,1,0.5753518165532356,0.42464818344676436,0.5753518165532356,0.1,scale,0.24725238539102296,1020,1520,1620,1650
2025-08-19,112.4856414794922,0.03147835573089486,1,1,0.5774361266441184,0.42256387335588164,0.5774361266441184,0.1,scale,0.24725238539102296,1020,1520,1620,1650
2025-08-20,116.02650451660156,-0.011935762547519935,0,1,0.5670973336866317,0.43290266631336827,0.5670973336866317,0.1,scale,0.24725238539102296,1020,1520,1620,1650
2025-08-21,114.64163970947266,0.07109982897330269,1,1,0.5734788032912941,0.4265211967087059,0.5734788032912941,0.1,scale,0.24725238539102296,1020,1520,1620,1650
2025-08-22,122.79264068603516,-0.01178066512300946,0,1,0.5278165644958884,0.47218343550411157,0.5278165644958884,0.1,scale,0.24725238539102296,1020,1520,1620,1650
2025-08-23,121.34606170654295,-0.025960085308641356,0,1,0.5484074565777853,0.45159254342221467,0.5484074565777853,0.1,scale,0.24725238539102296,1020,1520,1620,1650
2025-08-24,118.19590759277344,-0.07404164192836982,0,1,0.5734198477219971,0.42658015227800294,0.5734198477219971,0.1,scale,0.24725238539102296,1020,1520,1620,1650
2025-08-25,109.44448852539062,0.03705263146154092,1,1,0.5833554312084535,0.41664456879154654,0.5833554312084535,0.1,scale,0.24725238539102296,1020,1520,1620,1650
2025-08-26,113.49969482421876,-0.011987659572408549,0,1,0.5692740695694702,0.43072593043052976,0.5692740695694702,0.1,scale,0.24725238539102296,1020,1520,1620,1650
2025-08-27,112.13909912109376,0.014438204265310839,1,1,0.5819552835076913,0.4180447164923087,0.5819552835076913,0.1,scale,0.24725238539102296,1020,1520,1620,1650
2025-08-28,113.75818634033205,-0.03379239869211759,0,1,0.5704627990241333,0.4295372009758667,0.5704627990241333,0.1,scale,0.24725238539102296,1020,1520,1620,1650
2025-08-29,109.91402435302734,0.008154289293188288,1,1,0.5852685655494192,0.4147314344505808,0.5852685655494192,0.1,scale,0.24725238539102296,1020,1520,1620,1650
2025-08-30,110.81029510498048,-0.017162959260821786,0,1,0.5727587883726308,0.42724121162736917,0.5727587883726308,0.1,scale,0.24725238539102296,1020,1520,1620,1650
2025-08-31,108.90846252441406,-0.0033460246517476033,0,1,0.5812406472430296,0.4187593527569704,0.5812406472430296,0.1,scale,0.24725238539102296,1020,1520,1620,1650
2025-09-01,108.54405212402344,0.028840129313901564,1,1,0.5841310863982843,0.41586891360171574,0.5841310863982843,0.1,scale,0.24725238539102296,1020,1520,1620,1650
2025-09-02,111.67447662353516,0.011448346997761982,1,1,0.5723334706787787,0.4276665293212213,0.5723334706787787,0.1,scale,0.24725238539102296,1020,1520,1620,1650
2025-09-03,112.95296478271484,-0.016460890061858247,0,1,0.5702214912341874,0.4297785087658126,0.5702214912341874,0.1,scale,0.24725238539102296,1020,1520,1620,1650
2025-09-04,111.09365844726562,0.009084098994675438,1,1,0.5776661038810414,0.42233389611895855,0.5776661038810414,0.1,scale,0.24725238539102296,1020,1520,1620,1650
2025-09-05,112.10284423828124,0.0005665073041603019,1,1,0.5804077816420292,0.4195922183579708,0.5804077816420292,0.1,scale,0.24725238539102296,1020,1520,1620,1650
2025-09-06,112.16635131835938,0.025467444000993655,1,1,0.5651000475809458,0.4348999524190542,0.5651000475809458,1.0,0.01,0.24706203791892853,1050,1550,1650,1680
2025-09-07,115.02294158935548,-0.020075035716685563,0,1,0.5632627914118801,0.43673720858811993,0.5632627914118801,1.0,0.01,0.24706203791892853,1050,1550,1650,1680
2025-09-08,112.71385192871094,-0.006839822034259702,0,1,0.565226623529936,0.434773376470064,0.565226623529936,1.0,0.01,0.24706203791892853,1050,1550,1650,1680
2025-09-09,111.94290924072266,0.05026361755985542,1,1,0.565620252464846,0.43437974753515396,0.565620252464846,1.0,0.01,0.24706203791892853,1050,1550,1650,1680
2025-09-10,117.56956481933594,-0.014497785150730413,0,1,0.5449106905088463,0.45508930949115367,0.5449106905088463,1.0,0.01,0.24706203791892853,1050,1550,1650,1680
2025-09-11,115.86506652832033,0.019761085151935198,1,1,0.5583223335972975,0.44167766640270245,0.5583223335972975,1.0,0.01,0.24706203791892853,1050,1550,1650,1680
2025-09-12,118.1546859741211,0.009616852990206981,1,1,0.5438725552558807,0.45612744474411926,0.5438725552558807,1.0,0.01,0.24706203791892853,1050,1550,1650,1680
2025-09-13,119.29096221923828,-0.034271368000355684,0,1,0.544612927498802,0.45538707250119803,0.544612927498802,1.0,0.01,0.24706203791892853,1050,1550,1650,1680
2025-09-14,115.20269775390624,-0.01234681302752172,0,1,0.5564706184847639,0.44352938151523613,0.5564706184847639,1.0,0.01,0.24706203791892853,1050,1550,1650,1680
2025-09-15,113.78031158447266,0.01102906490955502,1,1,0.5592191277362457,0.4407808722637543,0.5592191277362457,1.0,0.01,0.24706203791892853,1050,1550,1650,1680
2025-09-16,115.0352020263672,0.017343536172889973,1,1,0.5585992337077031,0.44140076629229685,0.5585992337077031,1.0,0.01,0.24706203791892853,1050,1550,1650,1680
2025-09-17,117.0303192138672,0.010531899622136187,1,1,0.554746444159496,0.44525355584050397,0.554746444159496,1.0,0.01,0.24706203791892853,1050,1550,1650,1680
2025-09-18,118.26287078857422,-0.0349674029677276,0,1,0.5508054032114699,0.44919459678853013,0.5508054032114699,1.0,0.01,0.24706203791892853,1050,1550,1650,1680
2025-09-19,114.12752532958984,-0.0014051813756914555,0,1,0.5611545846061534,0.4388454153938466,0.5611545846061534,1.0,0.01,0.24706203791892853,1050,1550,1650,1680
2025-09-20,113.96715545654295,0.0012794968611058444,1,1,0.5573176779538421,0.4426823220461579,0.5573176779538421,1.0,0.01,0.24706203791892853,1050,1550,1650,1680
2025-09-21,114.11297607421876,-0.07268448465923949,0,1,0.565957035349654,0.434042964650346,0.565957035349654,1.0,0.01,0.24706203791892853,1050,1550,1650,1680
2025-09-22,105.81873321533205,0.003205436704431186,1,1,0.5776609165089043,0.4223390834910957,0.5776609165089043,1.0,0.01,0.24706203791892853,1050,1550,1650,1680
2025-09-23,106.15792846679688,-0.005108617503161383,0,1,0.5699834626535568,0.4300165373464432,0.5699834626535568,1.0,0.01,0.24706203791892853,1050,1550,1650,1680
2025-09-24,105.61560821533205,-0.03267628863715455,0,1,0.5762384780573392,0.4237615219426608,0.5762384780573392,1.0,0.01,0.24706203791892853,1050,1550,1650,1680
2025-09-25,102.16448211669922,0.02427827309330821,1,1,0.5784819537731106,0.4215180462268894,0.5784819537731106,1.0,0.01,0.24706203791892853,1050,1550,1650,1680
2025-09-26,104.64485931396484,-0.000924831570928264,0,1,0.5756573494336831,0.4243426505663169,0.5756573494336831,1.0,0.01,0.24706203791892853,1050,1550,1650,1680
2025-09-27,104.54808044433594,0.021994003499588244,1,1,0.5733828496608511,0.42661715033914893,0.5733828496608511,1.0,0.01,0.24706203791892853,1050,1550,1650,1680
2025-09-28,106.8475112915039,-8.340047142685325e-05,0,1,0.571698333402027,0.428301666597973,0.571698333402027,1.0,0.01,0.24706203791892853,1050,1550,1650,1680
2025-09-29,106.8386001586914,0.0005566446048783646,1,1,0.5757595057678009,0.4242404942321991,0.5757595057678009,1.0,0.01,0.24706203791892853,1050,1550,1650,1680
2025-09-30,106.8980712890625,0.07696342335182127,1,1,0.5747392888781602,0.42526071112183983,0.5747392888781602,1.0,0.01,0.24706203791892853,1050,1550,1650,1680
2025-10-01,115.12531280517578,0.03920295327178369,1,1,0.5431503178981129,0.45684968210188714,0.5431503178981129,1.0,0.01,0.24706203791892853,1050,1550,1650,1680
2025-10-02,119.63856506347656,0.007389900789897874,1,1,0.5347965231448396,0.4652034768551604,0.5347965231448396,1.0,0.01,0.24706203791892853,1050,1550,1650,1680
2025-10-03,120.5226821899414,-0.0007073428249616542,0,1,0.5304655648306112,0.46953443516938875,0.5304655648306112,1.0,0.01,0.24706203791892853,1050,1550,1650,1680
2025-10-04,120.43743133544922,-0.01312247105421116,0,1,0.5331150638275395,0.4668849361724605,0.5331150638275395,1.0,0.01,0.24706203791892853,1050,1550,1650,1680
2025-10-05,118.85699462890624,-0.0043994334874055685,0,1,0.5517201776348968,0.4482798223651032,0.5517201776348968,1.0,0.01,0.24706203791892853,1050,1550,1650,1680
2025-10-06,118.33409118652344,-0.010646676663473631,0,1,0.5373399905585431,0.4626600094414569,0.5373399905585431,0.1,scale,0.2481727019765284,1080,1580,1680,1710
2025-10-07,117.07422637939452,0.013344148474765838,1,1,0.5503467449900918,0.44965325500990816,0.5503467449900918,0.1,scale,0.2481727019765284,1080,1580,1680,1710
2025-10-08,118.63648223876952,0.06151130928575155,1,1,0.5462793130014919,0.4537206869985081,0.5462793130014919,0.1,scale,0.2481727019765284,1080,1580,1680,1710
2025-10-09,125.93396759033205,-0.23271494958597017,0,0,0.490883819761962,0.509116180238038,0.509116180238038,0.1,scale,0.2481727019765284,1080,1580,1680,1710
2025-10-10,96.62725067138672,-0.03319666672114707,0,1,0.5348994255614388,0.46510057443856123,0.5348994255614388,0.1,scale,0.2481727019765284,1080,1580,1680,1710
2025-10-11,93.41954803466795,0.05717320499903367,1,1,0.5630144809473295,0.43698551905267047,0.5630144809473295,0.1,scale,0.2481727019765284,1080,1580,1680,1710
2025-10-12,98.7606430053711,0.008200000695262055,1,1,0.5568709446167759,0.4431290553832241,0.5568709446167759,0.1,scale,0.2481727019765284,1080,1580,1680,1710
2025-10-13,99.57048034667967,-0.02214299057643665,0,1,0.5622510701074482,0.43774892989255176,0.5622510701074482,0.1,scale,0.2481727019765284,1080,1580,1680,1710
2025-10-14,97.36569213867188,-0.020176280740290098,0,1,0.5642956182995693,0.4357043817004307,0.5642956182995693,0.1,scale,0.2481727019765284,1080,1580,1680,1710
2025-10-15,95.40121459960938,-0.0378671459422214,0,1,0.5700259285505012,0.42997407144949884,0.5700259285505012,0.1,scale,0.2481727019765284,1080,1580,1680,1710
2025-10-16,91.78864288330078,-0.01822387496352107,0,1,0.5806369235011958,0.4193630764988042,0.5806369235011958,0.1,scale,0.2481727019765284,1080,1580,1680,1710
2025-10-17,90.11589813232422,0.01760589166427029,1,1,0.5937584875426347,0.4062415124573653,0.5937584875426347,0.1,scale,0.2481727019765284,1080,1580,1680,1710
2025-10-18,91.70246887207033,0.01724487933318386,1,1,0.5793804507615364,0.42061954923846356,0.5793804507615364,0.1,scale,0.2481727019765284,1080,1580,1680,1710
2025-10-19,93.28386688232422,0.00890004607053796,1,1,0.5851248402511875,0.4148751597488125,0.5851248402511875,0.1,scale,0.2481727019765284,1080,1580,1680,1710
2025-10-20,94.11409759521484,-0.015125744960388654,0,1,0.5804032044010464,0.4195967955989536,0.5804032044010464,0.1,scale,0.2481727019765284,1080,1580,1680,1710
2025-10-21,92.6905517578125,-0.008302812644454871,0,1,0.5850125633134003,0.41498743668659965,0.5850125633134003,0.1,scale,0.2481727019765284,1080,1580,1680,1710
2025-10-22,91.92095947265624,0.023093119473477808,1,1,0.5854166563618112,0.41458334363818883,0.5854166563618112,0.1,scale,0.2481727019765284,1080,1580,1680,1710
2025-10-23,94.043701171875,0.02519840188160538,1,1,0.5774788383968801,0.4225211616031199,0.5774788383968801,0.1,scale,0.2481727019765284,1080,1580,1680,1710
2025-10-24,96.4134521484375,0.0059584854251417685,1,1,0.5592622089604239,0.4407377910395761,0.5592622089604239,0.1,scale,0.2481727019765284,1080,1580,1680,1710
2025-10-25,96.98793029785156,0.03065329431841457,1,1,0.5525179230730629,0.4474820769269371,0.5525179230730629,0.1,scale,0.2481727019765284,1080,1580,1680,1710
2025-10-26,99.96092987060548,-0.005820068708179971,0,1,0.5469074447466258,0.4530925552533742,0.5469074447466258,0.1,scale,0.2481727019765284,1080,1580,1680,1710
2025-10-27,99.379150390625,-0.02671500858602127,0,1,0.5579796841368462,0.4420203158631538,0.5579796841368462,0.1,scale,0.2481727019765284,1080,1580,1680,1710
2025-10-28,96.72423553466795,0.018967743635173395,1,1,0.5634325756656977,0.4365674243343023,0.5634325756656977,0.1,scale,0.2481727019765284,1080,1580,1680,1710
2025-10-29,98.55887603759766,-0.05250725927054389,0,1,0.5512859504341159,0.4487140495658841,0.5512859504341159,0.1,scale,0.2481727019765284,1080,1580,1680,1710
2025-10-30,93.38381958007812,0.022599584117782845,1,1,0.5692081581299191,0.4307918418700809,0.5692081581299191,0.1,scale,0.2481727019765284,1080,1580,1680,1710
2025-10-31,95.49425506591795,0.06186341156077013,1,1,0.5595358205467248,0.4404641794532752,0.5595358205467248,0.1,scale,0.2481727019765284,1080,1580,1680,1710
2025-11-01,101.40185546875,-0.01864803583552843,0,1,0.5274984369535768,0.4725015630464232,0.5274984369535768,0.1,scale,0.2481727019765284,1080,1580,1680,1710
2025-11-02,99.51091003417967,-0.12173246623845524,0,1,0.5502315298388141,0.44976847016118593,0.5502315298388141,0.1,scale,0.2481727019765284,1080,1580,1680,1710
2025-11-03,87.39720153808594,-0.021894706444844925,0,1,0.5742799586496755,0.4257200413503245,0.5742799586496755,0.1,scale,0.2481727019765284,1080,1580,1680,1710
2025-11-04,85.4836654663086,0.0476284783410974,1,1,0.579040222436128,0.42095977756387204,0.579040222436128,0.1,scale,0.2481727019765284,1080,1580,1680,1710
2025-11-05,89.55512237548828,-0.02853102557988385,0,1,0.5489293744186788,0.45107062558132116,0.5489293744186788,0.1,scale,0.25152918780797917,1110,1610,1710,1740
2025-11-06,87.0000228881836,0.1699520847841236,1,1,0.5626752226252901,0.43732477737470987,0.5626752226252901,0.1,scale,0.25152918780797917,1110,1610,1710,1740
2025-11-07,101.78585815429688,0.04289327347698979,1,0,0.46039908835295423,0.5396009116470457,0.5396009116470457,0.1,scale,0.25152918780797917,1110,1610,1710,1740
2025-11-08,106.15178680419922,0.03782750412602054,1,0,0.44766532888700183,0.5523346711129982,0.5523346711129982,0.1,scale,0.25152918780797917,1110,1610,1710,1740
2025-11-09,110.16724395751952,-0.05416001464282039,0,0,0.4358764405133628,0.5641235594866372,0.5641235594866372,0.1,scale,0.25152918780797917,1110,1610,1710,1740
2025-11-10,104.2005844116211,-0.04351930134467674,0,0,0.4962964221056451,0.5037035778943548,0.5037035778943548,0.1,scale,0.25152918780797917,1110,1610,1710,1740
2025-11-11,99.66584777832033,-0.021314279389090363,0,1,0.5224387880806389,0.4775612119193611,0.5224387880806389,0.1,scale,0.25152918780797917,1110,1610,1710,1740
2025-11-12,97.54154205322266,-0.007678550547459473,0,1,0.5425352717157244,0.45746472828427565,0.5425352717157244,0.1,scale,0.25152918780797917,1110,1610,1710,1740
2025-11-13,96.79256439208984,0.007454759062474059,1,1,0.5383590012794137,0.4616409987205863,0.5383590012794137,0.1,scale,0.25152918780797917,1110,1610,1710,1740
2025-11-14,97.51412963867188,0.043621216877186786,1,1,0.5532379105893037,0.4467620894106963,0.5532379105893037,0.1,scale,0.25152918780797917,1110,1610,1710,1740
2025-11-15,101.76781463623048,-0.05770306136685366,0,1,0.5299517890289425,0.47004821097105753,0.5299517890289425,0.1,scale,0.25152918780797917,1110,1610,1710,1740
2025-11-16,95.89550018310548,-0.04854718452982165,0,1,0.5488252551560989,0.4511747448439011,0.5488252551560989,0.1,scale,0.25152918780797917,1110,1610,1710,1740
2025-11-17,91.24004364013672,0.04838383428735571,1,1,0.5587856856790775,0.4412143143209225,0.5587856856790775,0.1,scale,0.25152918780797917,1110,1610,1710,1740
2025-11-18,95.6545867919922,-0.029090646898562667,0,1,0.5423091241651452,0.4576908758348548,0.5423091241651452,0.1,scale,0.25152918780797917,1110,1610,1710,1740
2025-11-19,92.87193298339844,-0.06033035650473062,0,1,0.5553977994865515,0.44460220051344845,0.5553977994865515,0.1,scale,0.25152918780797917,1110,1610,1710,1740
2025-11-20,87.26893615722656,-0.05347250525723879,0,1,0.5636803603495242,0.4363196396504758,0.5636803603495242,0.1,scale,0.25152918780797917,1110,1610,1710,1740
2025-11-21,82.60244750976562,-0.005179244819462081,0,1,0.5621755442675364,0.43782445573246365,0.5621755442675364,0.1,scale,0.25152918780797917,1110,1610,1710,1740
2025-11-22,82.17462921142578,0.009770775466579007,1,1,0.5515155880227111,0.44848441197728894,0.5515155880227111,0.1,scale,0.25152918780797917,1110,1610,1710,1740
2025-11-23,82.9775390625,0.030127164024526643,1,1,0.5671710500892013,0.4328289499107987,0.5671710500892013,0.1,scale,0.25152918780797917,1110,1610,1710,1740
2025-11-24,85.4774169921875,-0.002284246198754447,0,1,0.5665305015117482,0.4334694984882518,0.5665305015117482,0.1,scale,0.25152918780797917,1110,1610,1710,1740
2025-11-25,85.28216552734375,0.018624357046597595,1,1,0.5630396487651748,0.43696035123482524,0.5630396487651748,0.1,scale,0.25152918780797917,1110,1610,1710,1740
2025-11-26,86.87049102783203,-0.002800385621689383,0,1,0.5546203325206313,0.44537966747936875,0.5546203325206313,0.1,scale,0.25152918780797917,1110,1610,1710,1740
2025-11-27,86.6272201538086,-0.02672637213951279,0,1,0.5564589405980843,0.4435410594019157,0.5564589405980843,0.1,scale,0.25152918780797917,1110,1610,1710,1740
2025-11-28,84.3119888305664,-0.002837857880157002,0,1,0.5627344968275938,0.4372655031724062,0.5627344968275938,0.1,scale,0.25152918780797917,1110,1610,1710,1740
2025-11-29,84.07272338867188,-0.018043881890235425,0,1,0.556973354989458,0.443026645010542,0.556973354989458,0.1,scale,0.25152918780797917,1110,1610,1710,1740
2025-11-30,82.55572509765625,-0.060163700388808805,0,1,0.5604041740995281,0.43959582590047186,0.5604041740995281,0.1,scale,0.25152918780797917,1110,1610,1710,1740
2025-12-01,77.5888671875,0.06732480947376374,1,1,0.5436397732316157,0.4563602267683843,0.5436397732316157,0.1,scale,0.25152918780797917,1110,1610,1710,1740
2025-12-02,82.8125228881836,0.03841067997935954,1,1,0.556238761444899,0.44376123855510097,0.556238761444899,0.1,scale,0.25152918780797917,1110,1610,1710,1740
2025-12-03,85.993408203125,-0.02822276132856749,0,1,0.5518273498451669,0.4481726501548331,0.5518273498451669,0.1,scale,0.25152918780797917,1110,1610,1710,1740
2025-12-04,83.56643676757812,-0.036806528125975735,0,1,0.5558094898377395,0.4441905101622605,0.5558094898377395,0.1,scale,0.25152918780797917,1110,1610,1710,1740
2025-12-05,80.49064636230469,0.01504672480846092,1,1,0.5133583303846514,0.4866416696153486,0.5133583303846514,1.0,scale,0.2535939362251554,1140,1640,1740,1770
2025-12-06,81.70176696777344,-0.003398975834298712,0,1,0.5032025280592264,0.4967974719407736,0.5032025280592264,1.0,scale,0.2535939362251554,1140,1640,1740,1770
2025-12-07,81.42406463623047,0.030455431127818677,1,1,0.528869153439283,0.471130846560717,0.528869153439283,1.0,scale,0.2535939362251554,1140,1640,1740,1770
2025-12-08,83.90386962890625,0.026198350744645493,1,1,0.5378732564620203,0.46212674353797967,0.5378732564620203,1.0,scale,0.2535939362251554,1140,1640,1740,1770
2025-12-09,86.10201263427734,-0.01852632429591683,0,1,0.5207687937425862,0.4792312062574138,0.5207687937425862,1.0,scale,0.2535939362251554,1140,1640,1740,1770
2025-12-10,84.5068588256836,-0.018423266663254,0,1,0.5249240772424171,0.4750759227575829,0.5249240772424171,1.0,scale,0.2535939362251554,1140,1640,1740,1770
2025-12-11,82.94996643066406,-0.012353829663281912,0,1,0.5256319753638402,0.4743680246361598,0.5256319753638402,1.0,scale,0.2535939362251554,1140,1640,1740,1770
2025-12-12,81.92521667480469,-0.004504613571374105,0,1,0.5142517508012056,0.48574824919879445,0.5142517508012056,1.0,scale,0.2535939362251554,1140,1640,1740,1770
2025-12-13,81.5561752319336,-0.03160799836777928,0,1,0.5142138038562366,0.4857861961437634,0.5142138038562366,1.0,scale,0.2535939362251554,1140,1640,1740,1770
2025-12-14,78.97834777832031,-0.017556958418060487,0,1,0.525617558396582,0.474382441603418,0.525617558396582,1.0,scale,0.2535939362251554,1140,1640,1740,1770
2025-12-15,77.59172821044922,0.01890806808937917,1,1,0.5184313448543203,0.4815686551456797,0.5184313448543203,1.0,scale,0.2535939362251554,1140,1640,1740,1770
2025-12-16,79.058837890625,-0.0396320350497954,0,1,0.5187800127454615,0.4812199872545385,0.5187800127454615,1.0,scale,0.2535939362251554,1140,1640,1740,1770
2025-12-17,75.92557525634766,-0.021590344661127303,0,1,0.508400069171691,0.491599930828309,0.508400069171691,1.0,scale,0.2535939362251554,1140,1640,1740,1770
2025-12-18,74.28631591796875,0.04330823008987705,1,1,0.5164823281816776,0.4835176718183224,0.5164823281816776,1.0,scale,0.2535939362251554,1140,1640,1740,1770
2025-12-19,77.50352478027344,0.004454576257104659,1,1,0.521933318745098,0.47806668125490204,0.521933318745098,1.0,scale,0.2535939362251554,1140,1640,1740,1770
2025-12-20,77.84877014160156,-0.014550862159702582,0,1,0.5215530681521137,0.47844693184788634,0.5215530681521137,1.0,scale,0.2535939362251554,1140,1640,1740,1770
2025-12-21,76.71600341796875,0.003640759319444742,1,1,0.538918269308085,0.46108173069191505,0.538918269308085,1.0,scale,0.2535939362251554,1140,1640,1740,1770
2025-12-22,76.99530792236328,-0.0008487970932019584,0,1,0.5363862279493611,0.4636137720506389,0.5363862279493611,1.0,scale,0.2535939362251554,1140,1640,1740,1770
2025-12-23,76.9299545288086,-0.01543562400758558,0,1,0.5257070915260248,0.4742929084739752,0.5257070915260248,1.0,scale,0.2535939362251554,1140,1640,1740,1770
2025-12-24,75.74249267578125,-0.0008584045480735103,0,1,0.531045676443559,0.46895432355644096,0.531045676443559,1.0,scale,0.2535939362251554,1140,1640,1740,1770
2025-12-25,75.67747497558594,0.015266153574109431,1,1,0.5315956384262669,0.4684043615737331,0.5315956384262669,1.0,scale,0.2535939362251554,1140,1640,1740,1770
2025-12-26,76.83277893066406,0.04370304288929017,1,1,0.5308088535403007,0.4691911464596993,0.5308088535403007,1.0,scale,0.2535939362251554,1140,1640,1740,1770
2025-12-27,80.19060516357422,-0.019421747825058566,0,1,0.5211243616005052,0.47887563839949476,0.5211243616005052,1.0,scale,0.2535939362251554,1140,1640,1740,1770
2025-12-28,78.63316345214844,-0.004535925793612394,0,1,0.5307658546805144,0.4692341453194856,0.5307658546805144,1.0,scale,0.2535939362251554,1140,1640,1740,1770
2025-12-29,78.2764892578125,0.0061977478046475465,1,1,0.5274711250433772,0.47252887495662277,0.5274711250433772,1.0,scale,0.2535939362251554,1140,1640,1740,1770
2025-12-30,78.76162719726562,-0.02519401471059468,0,1,0.5190154701057883,0.4809845298942117,0.5190154701057883,1.0,scale,0.2535939362251554,1140,1640,1740,1770
2025-12-31,76.77730560302734,0.039940258492321856,1,1,0.5260330493696856,0.47396695063031435,0.5260330493696856,1.0,scale,0.2535939362251554,1140,1640,1740,1770
2026-01-01,79.84381103515625,0.024791768750176857,1,1,0.5169745250122697,0.4830254749877303,0.5169745250122697,1.0,scale,0.2535939362251554,1140,1640,1740,1770
2026-01-02,81.82328033447266,0.002804729736596956,1,1,0.5127945478158831,0.4872054521841169,0.5127945478158831,1.0,scale,0.2535939362251554,1140,1640,1740,1770
2026-01-03,82.05277252197266,0.0009795607011962026,1,1,0.522010388120368,0.47798961187963196,0.522010388120368,1.0,scale,0.2535939362251554,1140,1640,1740,1770
2026-01-04,82.13314819335938,0.017560775509885662,1,1,0.5049761530906027,0.49502384690939727,0.5049761530906027,1.0,0.1,0.25480046317642463,1170,1670,1770,1800
2026-01-05,83.57546997070312,0.004443053223160298,1,0,0.4973505454114359,0.502649454588564,0.502649454588564,1.0,0.1,0.25480046317642463,1170,1670,1770,1800
2026-01-06,83.9468002319336,-0.02761491673918426,0,1,0.5015441982856934,0.4984558017143066,0.5015441982856934,1.0,0.1,0.25480046317642463,1170,1670,1770,1800
2026-01-07,81.62861633300781,-0.004670898623881814,0,1,0.5104341666834734,0.4895658333165266,0.5104341666834734,1.0,0.1,0.25480046317642463,1170,1670,1770,1800
2026-01-08,81.2473373413086,0.0015018896634138024,1,1,0.5125502084007846,0.4874497915992154,0.5125502084007846,1.0,0.1,0.25480046317642463,1170,1670,1770,1800
2026-01-09,81.3693618774414,-0.0030516879827889865,0,1,0.5133669796361356,0.48663302036386435,0.5133669796361356,1.0,0.1,0.25480046317642463,1170,1670,1770,1800
2026-01-10,81.12104797363281,-0.029974236078180727,0,1,0.5099817774120622,0.4900182225879378,0.5099817774120622,1.0,0.1,0.25480046317642463,1170,1670,1770,1800
2026-01-11,78.68950653076172,-0.0335405567059347,0,1,0.510654074069394,0.489345925930606,0.510654074069394,1.0,0.1,0.25480046317642463,1170,1670,1770,1800
2026-01-12,76.05021667480469,0.02726750878355988,1,1,0.5082440199271322,0.4917559800728678,0.5082440199271322,1.0,0.1,0.25480046317642463,1170,1670,1770,1800
2026-01-13,78.12391662597656,-0.017697022751682723,0,1,0.5160316504759953,0.4839683495240047,0.5160316504759953,1.0,0.1,0.25480046317642463,1170,1670,1770,1800
2026-01-14,76.7413558959961,-0.06020633200721015,0,1,0.5114648006966268,0.4885351993033732,0.5114648006966268,1.0,0.1,0.25480046317642463,1170,1670,1770,1800
2026-01-15,72.12104034423828,0.04358762976897723,1,0,0.48880414921957527,0.5111958507804247,0.5111958507804247,1.0,0.1,0.25480046317642463,1170,1670,1770,1800
2026-01-16,75.2646255493164,-0.005655399826762775,0,1,0.5006086088309447,0.4993913911690553,0.5006086088309447,1.0,0.1,0.25480046317642463,1170,1670,1770,1800
2026-01-17,74.83897399902344,-0.03449779362306804,0,0,0.48745522211956627,0.5125447778804337,0.5125447778804337,1.0,0.1,0.25480046317642463,1170,1670,1770,1800
2026-01-18,72.25719451904297,-0.021263565903750337,0,1,0.5086288231208154,0.49137117687918463,0.5086288231208154,1.0,0.1,0.25480046317642463,1170,1670,1770,1800
2026-01-19,70.72074890136719,-0.05172873215520557,0,1,0.5157066493212513,0.4842933506787487,0.5157066493212513,1.0,0.1,0.25480046317642463,1170,1670,1770,1800
2026-01-20,67.06245422363281,0.020245141928166177,1,0,0.48788558641541563,0.5121144135845843,0.5121144135845843,1.0,0.1,0.25480046317642463,1170,1670,1770,1800
2026-01-21,68.4201431274414,-0.004303874959369236,0,1,0.5098074453229656,0.4901925546770344,0.5098074453229656,1.0,0.1,0.25480046317642463,1170,1670,1770,1800
2026-01-22,68.12567138671875,-0.0012531681973461106,0,1,0.5016519197709645,0.49834808022903554,0.5016519197709645,1.0,0.1,0.25480046317642463,1170,1670,1770,1800
2026-01-23,68.04029846191406,0.0011078496078458233,1,1,0.5144335074375406,0.48556649256245943,0.5144335074375406,1.0,0.1,0.25480046317642463,1170,1670,1770,1800
2026-01-24,68.11567687988281,-0.013841867962775312,0,1,0.5017407032778207,0.4982592967221793,0.5017407032778207,1.0,0.1,0.25480046317642463,1170,1670,1770,1800
2026-01-25,67.1728286743164,0.03820045188374044,1,1,0.5016671852416544,0.49833281475834557,0.5016671852416544,1.0,0.1,0.25480046317642463,1170,1670,1770,1800
2026-01-26,69.73886108398438,0.0032358175619409124,1,1,0.508584266335736,0.49141573366426405,0.508584266335736,1.0,0.1,0.25480046317642463,1170,1670,1770,1800
2026-01-27,69.96452331542969,-0.008306298859699579,0,1,0.5122728832563767,0.48772711674362335,0.5122728832563767,1.0,0.1,0.25480046317642463,1170,1670,1770,1800
2026-01-28,69.38337707519531,-0.04726618605360022,0,1,0.5151033757489802,0.48489662425101976,0.5151033757489802,1.0,0.1,0.25480046317642463,1170,1670,1770,1800
2026-01-29,66.10388946533203,-0.01141779626421724,0,1,0.5036058076835032,0.49639419231649684,0.5036058076835032,1.0,0.1,0.25480046317642463,1170,1670,1770,1800
2026-01-30,65.34912872314453,-0.09052826351848087,0,1,0.5129267530446439,0.48707324695535614,0.5129267530446439,1.0,0.1,0.25480046317642463,1170,1670,1770,1800
2026-01-31,59.43318557739258,-0.016002384587523455,0,0,0.4941078242193452,0.5058921757806548,0.5058921757806548,1.0,0.1,0.25480046317642463,1170,1670,1770,1800
2026-02-01,58.48211288452149,0.025813374244613607,1,0,0.49827132698878407,0.5017286730112159,0.5017286730112159,1.0,0.1,0.25480046317642463,1170,1670,1770,1800
2026-02-02,59.99173355102539,-0.012086117465753277,0,1,0.5101662965107617,0.48983370348923827,0.5101662965107617,1.0,0.1,0.25480046317642463,1170,1670,1770,1800
2026-02-03,59.26666641235352,-0.007974498083565318,0,0,0.4877984274137848,0.5122015725862152,0.5122015725862152,10.0,scale,0.25972405430887446,1200,1700,1800,1830
2026-02-04,58.794044494628906,-0.13787472329288952,0,0,0.48677034829983273,0.5132296517001673,0.5132296517001673,10.0,scale,0.25972405430887446,1200,1700,1800,1830
2026-02-05,50.68783187866211,0.08627545068448117,1,0,0.4878169692721257,0.5121830307278743,0.5121830307278743,10.0,scale,0.25972405430887446,1200,1700,1800,1830
2026-02-06,55.06094741821289,0.002957344090788405,1,0,0.48850528782430663,0.5114947121756934,0.5114947121756934,10.0,scale,0.25972405430887446,1200,1700,1800,1830
2026-02-07,55.22378158569336,-0.012283009049856686,0,0,0.488845482312037,0.511154517687963,0.511154517687963,10.0,scale,0.25972405430887446,1200,1700,1800,1830
2026-02-08,54.54546737670898,-0.0027166678077905626,0,0,0.4845827807149901,0.5154172192850099,0.5154172192850099,10.0,scale,0.25972405430887446,1200,1700,1800,1830
2026-02-09,54.39728546142578,-0.019693235348692495,0,0,0.4836626319655395,0.5163373680344605,0.5163373680344605,10.0,scale,0.25972405430887446,1200,1700,1800,1830
2026-02-10,53.32602691650391,-0.02042206156649029,0,0,0.48523358290020446,0.5147664170997955,0.5147664170997955,10.0,scale,0.25972405430887446,1200,1700,1800,1830
2026-02-11,52.23699951171875,0.016486003404798222,1,0,0.4831465156721738,0.5168534843278262,0.5168534843278262,10.0,scale,0.25972405430887446,1200,1700,1800,1830
2026-02-12,53.09817886352539,0.03733330153112546,1,0,0.4820135356870607,0.5179864643129393,0.5179864643129393,10.0,scale,0.25972405430887446,1200,1700,1800,1830
2026-02-13,55.080509185791016,0.01688569692205677,1,0,0.48517512411991665,0.5148248758800833,0.5148248758800833,10.0,scale,0.25972405430887446,1200,1700,1800,1830
2026-02-14,56.01058197021485,-0.01736081267122891,0,0,0.48615355284306944,0.5138464471569306,0.5138464471569306,10.0,scale,0.25972405430887446,1200,1700,1800,1830
2026-02-15,55.03819274902344,7.24982623983017e-05,1,0,0.48594665558891637,0.5140533444110836,0.5140533444110836,10.0,scale,0.25972405430887446,1200,1700,1800,1830
2026-02-16,55.04218292236328,-0.020799602023095498,0,0,0.48739493280463414,0.5126050671953659,0.5126050671953659,10.0,scale,0.25972405430887446,1200,1700,1800,1830
2026-02-17,53.8973274230957,-0.011264743845947667,0,0,0.48893142964748004,0.51106857035252,0.51106857035252,10.0,scale,0.25972405430887446,1200,1700,1800,1830
2026-02-18,53.29018783569336,-0.01179574111203352,0,0,0.4873799062131235,0.5126200937868766,0.5126200937868766,10.0,scale,0.25972405430887446,1200,1700,1800,1830
2026-02-19,52.66159057617188,0.04840136704884901,1,0,0.49039657720768176,0.5096034227923183,0.5096034227923183,10.0,scale,0.25972405430887446,1200,1700,1800,1830
2026-02-20,55.21048355102539,-0.004793652664664472,0,0,0.4879445175548885,0.5120554824451116,0.5120554824451116,10.0,scale,0.25972405430887446,1200,1700,1800,1830
2026-02-21,54.9458236694336,-0.026909996432865624,0,0,0.4891700174846592,0.5108299825153408,0.5108299825153408,10.0,scale,0.25972405430887446,1200,1700,1800,1830
2026-02-22,53.46723175048828,-0.04136474631984299,0,0,0.48861718391320563,0.5113828160867944,0.5113828160867944,10.0,scale,0.25972405430887446,1200,1700,1800,1830
2026-02-23,51.25557327270508,-0.0018010111532597017,0,0,0.493331831753111,0.506668168246889,0.506668168246889,10.0,scale,0.25972405430887446,1200,1700,1800,1830
2026-02-24,51.16326141357422,0.10777040684478267,1,0,0.49101948907382514,0.5089805109261749,0.5089805109261749,10.0,scale,0.25972405430887446,1200,1700,1800,1830
2026-02-25,56.67714691162109,-0.018657689337438166,0,0,0.48735794904712965,0.5126420509528704,0.5126420509528704,10.0,scale,0.25972405430887446,1200,1700,1800,1830
2026-02-26,55.61968231201172,-0.019601154045104208,0,0,0.4871151779947903,0.5128848220052097,0.5128848220052097,10.0,scale,0.25972405430887446,1200,1700,1800,1830
2026-02-27,54.52947235107422,-0.0026006371368604286,0,0,0.4866620235603103,0.5133379764396897,0.5133379764396897,10.0,scale,0.25972405430887446,1200,1700,1800,1830
2026-02-28,54.38766098022461,-0.020986366447344307,0,0,0.4917565362058304,0.5082434637941696,0.5082434637941696,10.0,scale,0.25972405430887446,1200,1700,1800,1830
2026-03-01,53.24626159667969,0.024308241155656996,1,0,0.4926274376253854,0.5073725623746146,0.5073725623746146,10.0,scale,0.25972405430887446,1200,1700,1800,1830
2026-03-02,54.54058456420898,0.0043183113228220105,1,0,0.48728839919451095,0.512711600805489,0.512711600805489,10.0,scale,0.25972405430887446,1200,1700,1800,1830
2026-03-03,54.77610778808594,0.036813608642470186,1,0,0.4886274062208469,0.5113725937791531,0.5113725937791531,10.0,scale,0.25972405430887446,1200,1700,1800,1830
2026-03-04,56.7926139831543,-0.023262268415914944,0,0,0.4900187630297229,0.5099812369702771,0.5099812369702771,10.0,scale,0.25972405430887446,1200,1700,1800,1830
2026-03-05,55.47148895263672,-0.029937520965830355,0,0,0.4772506349528317,0.5227493650471683,0.5227493650471683,10.0,scale,0.2555066293065768,1230,1730,1830,1860
2026-03-06,53.81081008911133,-0.004597559041671251,0,0,0.4804368293590941,0.5195631706409058,0.5195631706409058,10.0,scale,0.2555066293065768,1230,1730,1830,1860
2026-03-07,53.56341171264648,-0.01730505955740491,0,0,0.4839486582469865,0.5160513417530135,0.5160513417530135,10.0,scale,0.2555066293065768,1230,1730,1830,1860
2026-03-08,52.63649368286133,0.020592185683771858,1,0,0.4724229795617856,0.5275770204382144,0.5275770204382144,10.0,scale,0.2555066293065768,1230,1730,1830,1860
2026-03-09,53.72039413452149,0.0024001455993649667,1,0,0.4694351494216124,0.5305648505783875,0.5305648505783875,10.0,scale,0.2555066293065768,1230,1730,1830,1860
2026-03-10,53.84933090209961,0.016591907825001195,1,0,0.47123753110909355,0.5287624688909065,0.5287624688909065,10.0,scale,0.2555066293065768,1230,1730,1830,1860
2026-03-11,54.742794036865234,-0.003065329802212413,0,0,0.4702689823462129,0.529731017653787,0.529731017653787,10.0,scale,0.2555066293065768,1230,1730,1830,1860
2026-03-12,54.574989318847656,0.013393416953098036,1,0,0.4725272987908543,0.5274727012091457,0.5274727012091457,10.0,scale,0.2555066293065768,1230,1730,1830,1860
2026-03-13,55.30593490600586,-0.00551740539583101,0,0,0.4719654532046184,0.5280345467953815,0.5280345467953815,10.0,scale,0.2555066293065768,1230,1730,1830,1860
2026-03-14,55.000789642333984,0.021545933116000393,1,0,0.4752316827343016,0.5247683172656984,0.5247683172656984,10.0,scale,0.2555066293065768,1230,1730,1830,1860
2026-03-15,56.18583297729492,0.045168985154845354,1,0,0.4748116584916407,0.5251883415083594,0.5251883415083594,10.0,scale,0.2555066293065768,1230,1730,1830,1860
2026-03-16,58.72369003295898,-0.010711467141585551,0,0,0.4914836618629729,0.5085163381370271,0.5085163381370271,10.0,scale,0.2555066293065768,1230,1730,1830,1860
2026-03-17,58.09467315673828,-0.035135598328733586,0,0,0.47299381107050115,0.5270061889294988,0.5270061889294988,10.0,scale,0.2555066293065768,1230,1730,1830,1860
2026-03-18,56.05348205566406,-0.009743104776044453,0,0,0.47626673231249567,0.5237332676875044,0.5237332676875044,10.0,scale,0.2555066293065768,1230,1730,1830,1860
2026-03-19,55.5073471069336,0.012052023109469623,1,0,0.48084472006643164,0.5191552799335684,0.5191552799335684,10.0,scale,0.2555066293065768,1230,1730,1830,1860
2026-03-20,56.17632293701172,-0.02686203432420098,0,0,0.4743109904291617,0.5256890095708383,0.5256890095708383,10.0,scale,0.2555066293065768,1230,1730,1830,1860
2026-03-21,54.66731262207031,-0.021543806488835027,0,0,0.4725344922987084,0.5274655077012915,0.5274655077012915,10.0,scale,0.2555066293065768,1230,1730,1830,1860
2026-03-22,53.48957061767578,0.040665969189778606,1,0,0.46840995767317284,0.5315900423268272,0.5315900423268272,10.0,scale,0.2555066293065768,1230,1730,1830,1860
2026-03-23,55.66477584838867,0.012898614854647938,1,0,0.46864778038233107,0.531352219617669,0.531352219617669,10.0,scale,0.2555066293065768,1230,1730,1830,1860
2026-03-24,56.382774353027344,0.004236554800997938,1,0,0.47176086984916654,0.5282391301508335,0.5282391301508335,10.0,scale,0.2555066293065768,1230,1730,1830,1860
2026-03-25,56.62164306640625,-0.03626936128379232,0,0,0.466595362377355,0.533404637622645,0.533404637622645,10.0,scale,0.2555066293065768,1230,1730,1830,1860
2026-03-26,54.56801223754883,-0.016208964382767976,0,0,0.4752374532100711,0.5247625467899288,0.5247625467899288,10.0,scale,0.2555066293065768,1230,1730,1830,1860
2026-03-27,53.68352127075195,0.00292684909548635,1,0,0.4780730601716832,0.5219269398283168,0.5219269398283168,10.0,scale,0.2555066293065768,1230,1730,1830,1860
2026-03-28,53.84064483642578,-0.010134262415436801,0,0,0.4735957581971473,0.5264042418028527,0.5264042418028527,10.0,scale,0.2555066293065768,1230,1730,1830,1860
2026-03-29,53.29500961303711,-0.0018248557884361638,0,0,0.46787525231517646,0.5321247476848235,0.5321247476848235,10.0,scale,0.2555066293065768,1230,1730,1830,1860
2026-03-30,53.19775390625,0.013537297267528947,1,0,0.46144643862315543,0.5385535613768446,0.5385535613768446,10.0,scale,0.2555066293065768,1230,1730,1830,1860
2026-03-31,53.91790771484375,-0.002078213384560157,0,0,0.4685441556137526,0.5314558443862474,0.5314558443862474,10.0,scale,0.2555066293065768,1230,1730,1830,1860
2026-04-01,53.80585479736328,-0.02872700388418703,0,0,0.46788845147694313,0.5321115485230569,0.5321115485230569,10.0,scale,0.2555066293065768,1230,1730,1830,1860
2026-04-02,52.26017379760742,0.018137635367104332,1,0,0.46986734958869225,0.5301326504113077,0.5301326504113077,10.0,scale,0.2555066293065768,1230,1730,1830,1860
2026-04-03,53.20804977416992,0.006887999867509542,1,0,0.4709416591945484,0.5290583408054517,0.5290583408054517,10.0,scale,0.2555066293065768,1230,1730,1830,1860
2026-04-04,53.57454681396485,0.01007878956264352,1,0,0.4646276411621843,0.5353723588378156,0.5353723588378156,10.0,scale,0.24973053962378167,1260,1760,1860,1890
2026-04-05,54.1145133972168,-0.010561621678587652,0,0,0.45802757674866545,0.5419724232513345,0.5419724232513345,10.0,scale,0.24973053962378167,1260,1760,1860,1890
2026-04-06,53.54297637939453,0.03482139104030568,1,0,0.4590746854528687,0.5409253145471313,0.5409253145471313,10.0,scale,0.24973053962378167,1260,1760,1860,1890
2026-04-07,55.40741729736328,-0.025970961785017344,0,0,0.4621377681328379,0.5378622318671621,0.5378622318671621,10.0,scale,0.24973053962378167,1260,1760,1860,1890
2026-04-08,53.96843338012695,0.009895599229856833,1,0,0.46934926458100124,0.5306507354189988,0.5306507354189988,10.0,scale,0.24973053962378167,1260,1760,1860,1890
2026-04-09,54.50248336791992,0.008519195696881754,1,0,0.4612272778849103,0.5387727221150898,0.5387727221150898,10.0,scale,0.24973053962378167,1260,1760,1860,1890
2026-04-10,54.96680068969727,0.0019150242514911486,1,0,0.4670014865826625,0.5329985134173375,0.5329985134173375,10.0,scale,0.24973053962378167,1260,1760,1860,1890
2026-04-11,55.07206344604492,-0.028729890555469595,0,0,0.4625816184709053,0.5374183815290947,0.5374183815290947,10.0,scale,0.24973053962378167,1260,1760,1860,1890
2026-04-12,53.48984909057617,0.021696410430348756,1,0,0.4656342893521458,0.5343657106478542,0.5343657106478542,10.0,scale,0.24973053962378167,1260,1760,1860,1890
2026-04-13,54.650386810302734,-0.006200217767763805,0,0,0.46138246796885957,0.5386175320311404,0.5386175320311404,10.0,scale,0.24973053962378167,1260,1760,1860,1890
2026-04-14,54.31154251098633,0.015122797664889998,1,0,0.46487291338965725,0.5351270866103428,0.5351270866103428,10.0,scale,0.24973053962378167,1260,1760,1860,1890
2026-04-15,55.13288497924805,0.02242188427050751,1,0,0.46015187791372864,0.5398481220862714,0.5398481220862714,10.0,scale,0.24973053962378167,1260,1760,1860,1890
2026-04-16,56.36906814575195,0.0019110345376909255,1,0,0.46758539548849903,0.532414604511501,0.532414604511501,10.0,scale,0.24973053962378167,1260,1760,1860,1890
2026-04-17,56.47679138183594,-0.013232982903403467,0,0,0.46408548705819064,0.5359145129418094,0.5359145129418094,10.0,scale,0.24973053962378167,1260,1760,1860,1890
2026-04-18,55.729434967041016,-0.029738512274886553,0,0,0.46571202955969265,0.5342879704403074,0.5342879704403074,10.0,scale,0.24973053962378167,1260,1760,1860,1890
2026-04-19,54.07212448120117,0.017835037298541412,1,0,0.46740551177044426,0.5325944882295557,0.5325944882295557,10.0,scale,0.24973053962378167,1260,1760,1860,1890
2026-04-20,55.036502838134766,0.009315134463107277,1,0,0.4620998735234396,0.5379001264765604,0.5379001264765604,10.0,scale,0.24973053962378167,1260,1760,1860,1890
2026-04-21,55.54917526245117,0.00034885598243028504,1,0,0.4625217801532582,0.5374782198467418,0.5374782198467418,10.0,scale,0.24973053962378167,1260,1760,1860,1890
2026-04-22,55.56855392456055,0.011986918618520637,1,0,0.45742441806346934,0.5425755819365307,0.5425755819365307,10.0,scale,0.24973053962378167,1260,1760,1860,1890
2026-04-23,56.234649658203125,0.005065808431879981,1,0,0.4613431173503451,0.5386568826496549,0.5386568826496549,10.0,scale,0.24973053962378167,1260,1760,1860,1890
2026-04-24,56.51952362060547,-0.008344011920961902,0,0,0.4636244808986676,0.5363755191013324,0.5363755191013324,10.0,scale,0.24973053962378167,1260,1760,1860,1890
2026-04-25,56.04792404174805,0.0046319150414695365,1,0,0.46432752498182134,0.5356724750181787,0.5356724750181787,10.0,scale,0.24973053962378167,1260,1760,1860,1890
2026-04-26,56.30753326416016,-0.013454866109845143,0,0,0.46053583915569696,0.539464160844303,0.539464160844303,10.0,scale,0.24973053962378167,1260,1760,1860,1890
2026-04-27,55.549922943115234,0.003034044795389379,1,0,0.4585448977067253,0.5414551022932748,0.5414551022932748,10.0,scale,0.24973053962378167,1260,1760,1860,1890
2026-04-28,55.71846389770508,-0.007447354254452976,0,0,0.4572200002942929,0.5427799997057071,0.5427799997057071,10.0,scale,0.24973053962378167,1260,1760,1860,1890
2026-04-29,55.30350875854492,-0.0024122808076407765,0,0,0.4589172843948828,0.5410827156051172,0.5410827156051172,10.0,scale,0.24973053962378167,1260,1760,1860,1890
2026-04-30,55.17010116577149,0.004076608826779626,1,0,0.4612991514964512,0.5387008485035488,0.5387008485035488,10.0,scale,0.24973053962378167,1260,1760,1860,1890
2026-05-01,55.3950080871582,-0.0005301805209926291,0,0,0.45581119123781555,0.5441888087621845,0.5441888087621845,10.0,scale,0.24973053962378167,1260,1760,1860,1890
2026-05-02,55.36563873291016,-0.0014276786803154584,0,0,0.45772177890543264,0.5422782210945674,0.5422782210945674,10.0,scale,0.24973053962378167,1260,1760,1860,1890
2026-05-03,55.28659439086914,-0.006116242344864853,0,0,0.45271627702130773,0.5472837229786922,0.5472837229786922,10.0,scale,0.24973053962378167,1260,1760,1860,1890
2026-05-04,54.94844818115234,0.025994962930092402,1,0,0.47996104721263827,0.5200389527873617,0.5200389527873617,1.0,scale,0.2490032003104364,1290,1790,1890,1920
2026-05-05,56.3768310546875,0.005436282990392671,1,0,0.4781867215241909,0.5218132784758092,0.5218132784758092,1.0,scale,0.2490032003104364,1290,1790,1890,1920
2026-05-06,56.68331146240234,-0.00444142648421586,0,0,0.4780339125420427,0.5219660874579573,0.5219660874579573,1.0,scale,0.2490032003104364,1290,1790,1890,1920
2026-05-07,56.43155670166016,0.031925424624323684,1,0,0.47957805722242824,0.5204219427775718,0.5204219427775718,1.0,scale,0.2490032003104364,1290,1790,1890,1920
2026-05-08,58.233158111572266,-0.0038509779552851064,0,0,0.47334490086765324,0.5266550991323468,0.5266550991323468,1.0,scale,0.2490032003104364,1290,1790,1890,1920
2026-05-09,58.00890350341797,0.04090483620165508,1,0,0.47523731405138875,0.5247626859486112,0.5247626859486112,1.0,scale,0.2490032003104364,1290,1790,1890,1920
2026-05-10,60.38174819946289,-0.030631738663781438,0,0,0.46271833420478226,0.5372816657952177,0.5372816657952177,1.0,scale,0.2490032003104364,1290,1790,1890,1920
2026-05-11,58.53215026855469,-0.008977602234432447,0,0,0.4747334868454616,0.5252665131545384,0.5252665131545384,1.0,scale,0.2490032003104364,1290,1790,1890,1920
2026-05-12,58.00667190551758,-0.017932802103576728,0,0,0.4781947918691485,0.5218052081308515,0.5218052081308515,1.0,scale,0.2490032003104364,1290,1790,1890,1920
2026-05-13,56.96644973754883,0.020935267778370514,1,0,0.47851650285907543,0.5214834971409246,0.5214834971409246,1.0,scale,0.2490032003104364,1290,1790,1890,1920
2026-05-14,58.1590576171875,-0.011446507317830812,0,0,0.47855245484616155,0.5214475451538385,0.5214475451538385,1.0,scale,0.2490032003104364,1290,1790,1890,1920
2026-05-15,57.49333953857422,-0.02287650348000414,0,0,0.480303581447582,0.519696418552418,0.519696418552418,1.0,scale,0.2490032003104364,1290,1790,1890,1920
2026-05-16,56.17809295654297,-0.02871753781384201,0,0,0.4803630794084068,0.5196369205915932,0.5196369205915932,1.0,scale,0.2490032003104364,1290,1790,1890,1920
2026-05-17,54.56479644775391,-0.004668468607787246,0,0,0.47787174090862883,0.5221282590913712,0.5221282590913712,1.0,scale,0.2490032003104364,1290,1790,1890,1920
2026-05-18,54.31006240844727,0.0013970583948632598,1,0,0.4824527041272492,0.5175472958727507,0.5175472958727507,1.0,scale,0.2490032003104364,1290,1790,1890,1920
2026-05-19,54.38593673706055,-0.008811213228189785,0,0,0.47955124370859004,0.52044875629141,0.52044875629141,1.0,scale,0.2490032003104364,1290,1790,1890,1920
2026-05-20,53.90673065185547,0.004172502990873017,1,0,0.483337754146199,0.516662245853801,0.516662245853801,1.0,scale,0.2490032003104364,1290,1790,1890,1920
2026-05-21,54.13165664672852,-0.02789062294643896,0,0,0.4828580477441869,0.5171419522558132,0.5171419522558132,1.0,scale,0.2490032003104364,1290,1790,1890,1920
2026-05-22,52.62189102172852,0.01546839674586531,1,0,0.47779977021153913,0.5222002297884609,0.5222002297884609,1.0,scale,0.2490032003104364,1290,1790,1890,1920
2026-05-23,53.43586730957031,-0.012553851785836123,0,0,0.48163605102518064,0.5183639489748193,0.5183639489748193,1.0,scale,0.2490032003104364,1290,1790,1890,1920
2026-05-24,52.76504135131836,-0.002054577781337996,0,0,0.47596257225113786,0.5240374277488622,0.5240374277488622,1.0,scale,0.2490032003104364,1290,1790,1890,1920
2026-05-25,52.65663146972656,-0.01513074106647383,0,0,0.48136229982449286,0.5186377001755071,0.5186377001755071,1.0,scale,0.2490032003104364,1290,1790,1890,1920
2026-05-26,51.85989761352539,0.0012094364880705921,1,0,0.4775122129835313,0.5224877870164687,0.5224877870164687,1.0,scale,0.2490032003104364,1290,1790,1890,1920
2026-05-27,51.9226188659668,-0.006451523792569969,0,0,0.4800027929695759,0.5199972070304242,0.5199972070304242,1.0,scale,0.2490032003104364,1290,1790,1890,1920
2026-05-28,51.58763885498047,0.00470739954996513,1,0,0.478263415463677,0.521736584536323,0.521736584536323,1.0,scale,0.2490032003104364,1290,1790,1890,1920
2026-05-29,51.83048248291016,0.009956833896982653,1,0,0.4790810291257672,0.5209189708742328,0.5209189708742328,1.0,scale,0.2490032003104364,1290,1790,1890,1920
2026-05-30,52.34654998779297,-0.006548521556172582,0,0,0.48012998467426865,0.5198700153257314,0.5198700153257314,1.0,scale,0.2490032003104364,1290,1790,1890,1920
2026-05-31,52.00375747680664,-0.024674833392297923,0,0,0.47970548727469453,0.5202945127253055,0.5202945127253055,1.0,scale,0.2490032003104364,1290,1790,1890,1920
2026-06-01,50.72057342529297,-0.0751856898725295,0,0,0.4795520184315845,0.5204479815684155,0.5204479815684155,1.0,scale,0.2490032003104364,1290,1790,1890,1920
2026-06-02,46.90711212158203,0.00504057360444321,1,0,0.4702224750979867,0.5297775249020134,0.5297775249020134,1.0,scale,0.2490032003104364,1290,1790,1890,1920
2026-06-03,47.143550872802734,-0.033706955083745105,0,0,0.47251285908931523,0.5274871409106847,0.5274871409106847,1.0,0.01,0.2485317118134167,1320,1820,1920,1950
2026-06-04,45.55448532104492,-0.0507728502361654,0,0,0.4718297771657436,0.5281702228342564,0.5281702228342564,1.0,0.01,0.2485317118134167,1320,1820,1920,1950
2026-06-05,43.24155426025391,-0.04404537809225073,0,0,0.4718327092051287,0.5281672907948713,0.5281672907948713,1.0,0.01,0.2485317118134167,1320,1820,1920,1950
2026-06-06,41.33696365356445,0.03631029849199496,1,0,0.4696081699662346,0.5303918300337653,0.5303918300337653,1.0,0.01,0.2485317118134167,1320,1820,1920,1950
2026-06-07,42.837921142578125,0.005277432067666288,1,0,0.4736868528892861,0.5263131471107139,0.5263131471107139,1.0,0.01,0.2485317118134167,1320,1820,1920,1950
2026-06-08,43.063995361328125,-0.0013390949464999746,0,0,0.4736950321937729,0.526304967806227,0.526304967806227,1.0,0.01,0.2485317118134167,1320,1820,1920,1950
2026-06-09,43.00632858276367,-0.029941499138138372,0,0,0.47454182737251316,0.5254581726274868,0.5254581726274868,1.0,0.01,0.2485317118134167,1320,1820,1920,1950
2026-06-10,41.71865463256836,0.018930908502376775,1,0,0.47363139433122914,0.5263686056687709,0.5263686056687709,1.0,0.01,0.2485317118134167,1320,1820,1920,1950
2026-06-11,42.508426666259766,0.012649182304498074,1,0,0.47391948921968213,0.5260805107803179,0.5260805107803179,1.0,0.01,0.2485317118134167,1320,1820,1920,1950
2026-06-12,43.04612350463867,0.028808121880672388,1,0,0.4739161940655403,0.5260838059344597,0.5260838059344597,1.0,0.01,0.2485317118134167,1320,1820,1920,1950
2026-06-13,44.28620147705078,0.02421976332549547,1,0,0.47288601926243207,0.527113980737568,0.527113980737568,1.0,0.01,0.2485317118134167,1320,1820,1920,1950
2026-06-14,45.35880279541016,0.009805948225387162,1,0,0.47195086413482096,0.5280491358651791,0.5280491358651791,1.0,0.01,0.2485317118134167,1320,1820,1920,1950
2026-06-15,45.8035888671875,-0.0037184554251736834,0,0,0.4715134443650604,0.5284865556349396,0.5284865556349396,1.0,0.01,0.2485317118134167,1320,1820,1920,1950
2026-06-16,45.63327026367188,-0.01693677770042501,0,0,0.4705143022708412,0.5294856977291589,0.5294856977291589,1.0,0.01,0.2485317118134167,1320,1820,1920,1950
2026-06-17,44.860389709472656,-0.023565542579423893,0,0,0.4714647696235425,0.5285352303764574,0.5285352303764574,1.0,0.01,0.2485317118134167,1320,1820,1920,1950
2026-06-18,43.80323028564453,0.005834750095665253,1,0,0.47195571517404383,0.5280442848259561,0.5280442848259561,1.0,0.01,0.2485317118134167,1320,1820,1920,1950
2026-06-19,44.05881118774414,0.009802547292569797,1,0,0.4710299446633157,0.5289700553366843,0.5289700553366843,1.0,0.01,0.2485317118134167,1320,1820,1920,1950
2026-06-20,44.490699768066406,-0.0011452485944831725,0,0,0.46958912938206443,0.5304108706179356,0.5304108706179356,1.0,0.01,0.2485317118134167,1320,1820,1920,1950
2026-06-21,44.43974685668945,0.0022684873737865985,1,0,0.4704820943305747,0.5295179056694252,0.5295179056694252,1.0,0.01,0.2485317118134167,1320,1820,1920,1950
2026-06-22,44.540557861328125,-0.054035100941757674,0,0,0.470104112126737,0.529895887873263,0.529895887873263,1.0,0.01,0.2485317118134167,1320,1820,1920,1950
2026-06-23,42.13380432128906,-0.026354706384464355,0,0,0.47170656422491175,0.5282934357750882,0.5282934357750882,1.0,0.01,0.2485317118134167,1320,1820,1920,1950
2026-06-24,41.023380279541016,-0.004152302675656694,0,0,0.47219026171862394,0.527809738281376,0.527809738281376,1.0,0.01,0.2485317118134167,1320,1820,1920,1950
2026-06-25,40.8530387878418,0.024308505656583712,1,0,0.47209448812378035,0.5279055118762197,0.5279055118762197,1.0,0.01,0.2485317118134167,1320,1820,1920,1950
2026-06-26,41.84611511230469,0.006839744503682299,1,0,0.4718733237227339,0.5281266762772661,0.5281266762772661,1.0,0.01,0.2485317118134167,1320,1820,1920,1950
2026-06-27,42.13233184814453,0.007838664891824498,1,0,0.47137891509588525,0.5286210849041147,0.5286210849041147,1.0,0.01,0.2485317118134167,1320,1820,1920,1950
2026-06-28,42.46259307861328,0.014480770194785553,1,0,0.4710701281408272,0.5289298718591728,0.5289298718591728,1.0,0.01,0.2485317118134167,1320,1820,1920,1950
2026-06-29,43.077484130859375,-0.027860251366747413,0,0,0.47039750930739843,0.5296024906926016,0.5296024906926016,1.0,0.01,0.2485317118134167,1320,1820,1920,1950
2026-06-30,41.87733459472656,0.018581527309614376,1,0,0.4711405730849399,0.5288594269150602,0.5288594269150602,1.0,0.01,0.2485317118134167,1320,1820,1920,1950
2026-07-01,42.65547943115234,0.01956996847935577,1,0,0.4703050871531912,0.5296949128468088,0.5296949128468088,1.0,0.01,0.2485317118134167,1320,1820,1920,1950
2026-07-02,43.4902458190918,0.03010436107164227,1,0,0.46888929334274965,0.5311107066572504,0.5311107066572504,1.0,0.01,0.2485317118134167,1320,1820,1920,1950
2026-07-03,44.79949188232422,0.0006156378135473428,1,0,0.4727125033444555,0.5272874966555445,0.5272874966555445,1.0,0.01,0.24970338662199798,1350,1850,1950,1980
2026-07-04,44.82707214355469,0.01983201981627669,1,0,0.47450600907696433,0.5254939909230356,0.5254939909230356,1.0,0.01,0.24970338662199798,1350,1850,1950,1980
2026-07-05,45.71608352661133,-0.01948599476460522,0,0,0.47239707545424536,0.5276029245457546,0.5276029245457546,1.0,0.01,0.24970338662199798,1350,1850,1950,1980
2026-07-06,44.82526016235352,-0.02066383772231617,0,0,0.4765794558491883,0.5234205441508117,0.5234205441508117,1.0,0.01,0.24970338662199798,1350,1850,1950,1980
2026-07-07,43.89899826049805,-0.006283445078706595,0,0,0.47657863690904206,0.5234213630909579,0.5234213630909579,1.0,0.01,0.24970338662199798,1350,1850,1950,1980
2026-07-08,43.62316131591797,0.0032533634149647384,1,0,0.4772932225250394,0.5227067774749605,0.5227067774749605,1.0,0.01,0.24970338662199798,1350,1850,1950,1980
2026-07-09,43.76508331298828,0.022540708185671887,1,0,0.47597899820632844,0.5240210017936715,0.5240210017936715,1.0,0.01,0.24970338662199798,1350,1850,1950,1980
2026-07-10,44.75157928466797,-0.0012505798561428527,0,0,0.4747163582948892,0.5252836417051108,0.5252836417051108,1.0,0.01,0.24970338662199798,1350,1850,1950,1980
2026-07-11,44.695613861083984,-0.01623573284837254,0,0,0.47533650772318503,0.524663492276815,0.524663492276815,1.0,0.01,0.24970338662199798,1350,1850,1950,1980
2026-07-12,43.969947814941406,-0.010942737135727243,0,0,0.4780324076400551,0.5219675923599449,0.5219675923599449,1.0,0.01,0.24970338662199798,1350,1850,1950,1980
2026-07-13,43.48879623413086,0.044740909624785274,1,0,0.4794631027593837,0.5205368972406164,0.5205368972406164,1.0,0.01,0.24970338662199798,1350,1850,1950,1980
2026-07-14,45.43452453613281,-0.006848223584319801,0,0,0.47174591498261825,0.5282540850173818,0.5282540850173818,1.0,0.01,0.24970338662199798,1350,1850,1950,1980
2026-07-15,45.12337875366211,-0.004010796340430445,0,0,0.47521735499159795,0.5247826450084021,0.5247826450084021,1.0,0.01,0.24970338662199798,1350,1850,1950,1980
2026-07-16,44.94239807128906,0.004475367062262592,1,0,0.47554129958886776,0.5244587004111323,0.5244587004111323,1.0,0.01,0.24970338662199798,1350,1850,1950,1980
2026-07-17,45.143531799316406,0.04118249405574037,1,0,0.4762814467710371,0.5237185532289629,0.5237185532289629,1.0,0.01,0.24970338662199798,1350,1850,1950,1980
2026-07-18,47.00265502929688,0.0008432439521794954,1,0,0.46974493674712103,0.530255063252879,0.530255063252879,1.0,0.01,0.24970338662199798,1350,1850,1950,1980
2026-07-19,47.04228973388672,0.006277401597521326,1,0,0.4715998647807984,0.5284001352192016,0.5284001352192016,1.0,0.01,0.24970338662199798,1350,1850,1950,1980
2026-07-20,47.33759307861328,-0.011020635708832383,0,0,0.4710776788920103,0.5289223211079896,0.5289223211079896,1.0,0.01,0.24970338662199798,1350,1850,1950,1980
2026-07-21,46.81590270996094,0.005448030671481252,1,0,0.47204142949865685,0.5279585705013432,0.5279585705013432,1.0,0.01,0.24970338662199798,1350,1850,1950,1980
2026-07-22,47.07095718383789,-0.00304075516341229,0,0,0.47126871491583505,0.528731285084165,0.528731285084165,1.0,0.01,0.24970338662199798,1350,1850,1950,1980
2026-07-23,46.927825927734375,-0.012832868687696397,0,0,0.47367967792322324,0.5263203220767767,0.5263203220767767,1.0,0.01,0.24970338662199798,1350,1850,1950,1980
2026-07-24,46.32560729980469,0.003910085490918203,1,0,0.4761114941203067,0.5238885058796934,0.5238885058796934,1.0,0.01,0.24970338662199798,1350,1850,1950,1980
2026-07-25,46.506744384765625,0.027677972063076206,1,0,0.4759031156107101,0.5240968843892899,0.5240968843892899,1.0,0.01,0.24970338662199798,1350,1850,1950,1980
2026-07-26,47.7939567565918,-0.03755365894481233,0,0,0.47192812594234584,0.5280718740576542,0.5280718740576542,1.0,0.01,0.24970338662199798,1350,1850,1950,1980
2026-07-27,45.99911880493164,0.0029436758281140563,1,0,0.4771848295714906,0.5228151704285093,0.5228151704285093,1.0,0.01,0.24970338662199798,1350,1850,1950,1980
2026-07-28,46.134525299072266,-0.015695034078781478,0,0,0.4773080603729079,0.5226919396270922,0.5226919396270922,1.0,0.01,0.24970338662199798,1350,1850,1950,1980
2026-07-29,45.41044235229492,0.0029332812503282124,1,0,0.47928370008173393,0.5207162999182661,0.5207162999182661,1.0,0.01,0.24970338662199798,1350,1850,1950,1980
2026-07-30,45.543643951416016,-0.02851798304932418,0,0,0.478225054506668,0.521774945493332,0.521774945493332,1.0,0.01,0.24970338662199798,1350,1850,1950,1980
2026-07-31,44.24483108520508,-0.0013650020946643915,0,0,0.4806794783644574,0.5193205216355425,0.5193205216355425,1.0,0.01,0.24970338662199798,1350,1850,1950,1980
2026-08-01,44.1844367980957,0.010190296982090175,1,0,0.48085663707921,0.51914336292079,0.51914336292079,1.0,0.01,0.24970338662199798,1350,1850,1950,1980
2026-08-02,44.63468933105469,-0.008666649117883063,0,0,0.47868757631099274,0.5213124236890072,0.5213124236890072,0.1,scale,0.24867206637343173,1380,1880,1980,2010
2026-08-03,44.24785614013672,0.013162851928261166,1,0,0.4794084912695189,0.5205915087304811,0.5205915087304811,0.1,scale,0.24867206637343173,1380,1880,1980,2010
2026-08-04,44.83028411865234,0.009911172490786768,1,0,0.4782066822500886,0.5217933177499114,0.5217933177499114,0.1,scale,0.24867206637343173,1380,1880,1980,2010
2026-08-05,45.27460479736328,0.0028283351867040007,1,0,0.4773310039621967,0.5226689960378033,0.5226689960378033,0.1,scale,0.24867206637343173,1380,1880,1980,2010
2026-08-06,45.40265655517578,0.0036435789042446043,1,0,0.47710084884359133,0.5228991511564087,0.5228991511564087,0.1,scale,0.24867206637343173,1380,1880,1980,2010
2026-08-07,45.56808471679688,0.009040886031442819,1,0,0.47657745026558934,0.5234225497344107,0.5234225497344107,0.1,scale,0.24867206637343173,1380,1880,1980,2010
2026-08-08,45.98006057739258,-0.01254393263575393,0,0,0.4753214991622245,0.5246785008377755,0.5246785008377755,0.1,scale,0.24867206637343173,1380,1880,1980,2010
2026-08-09,45.40328979492188,-0.006440405975366104,0,0,0.4781569047277129,0.5218430952722871,0.5218430952722871,0.1,scale,0.24867206637343173,1380,1880,1980,2010
2026-08-10,45.11087417602539,0.007869743001274188,1,0,0.47795914229068276,0.5220408577093172,0.5220408577093172,0.1,scale,0.24867206637343173,1380,1880,1980,2010
2026-08-11,45.46588516235352,-0.013508875070908144,0,0,0.4770887943881433,0.5229112056118568,0.5229112056118568,0.1,scale,0.24867206637343173,1380,1880,1980,2010
2026-08-12,44.85169219970703,-0.0008800263863328883,0,0,0.47837452073791376,0.5216254792620862,0.5216254792620862,0.1,scale,0.24867206637343173,1380,1880,1980,2010
2026-08-13,44.81222152709961,-0.02334732667333772,0,0,0.4778686050915614,0.5221313949084385,0.5221313949084385,0.1,scale,0.24867206637343173,1380,1880,1980,2010
2026-08-14,43.76597595214844,0.006858108803042384,1,0,0.47900935561171565,0.5209906443882844,0.5209906443882844,0.1,scale,0.24867206637343173,1380,1880,1980,2010
2026-08-15,44.06612777709961,0.001145115715293521,1,0,0.47766820649136627,0.5223317935086338,0.5223317935086338,0.1,scale,0.24867206637343173,1380,1880,1980,2010
2026-08-16,44.1165885925293,0.009218498146849496,1,0,0.4781902941209218,0.5218097058790783,0.5218097058790783,0.1,scale,0.24867206637343173,1380,1880,1980,2010
2026-08-17,44.52327728271485,-0.004570274111918682,0,0,0.47681690231126167,0.5231830976887384,0.5231830976887384,0.1,scale,0.24867206637343173,1380,1880,1980,2010
2026-08-18,44.31979370117188,0.05445342157214439,1,0,0.4778857020896984,0.5221142979103016,0.5221142979103016,0.1,scale,0.24867206637343173,1380,1880,1980,2010
2026-08-19,46.733158111572266,0.023430192451654452,1,0,0.4676223030109678,0.5323776969890321,0.5323776969890321,0.1,scale,0.24867206637343173,1380,1880,1980,2010
2026-08-20,47.828125,0.11078744244630023,1,0,0.4662215379460688,0.5337784620539312,0.5337784620539312,0.1,scale,0.24867206637343173,1380,1880,1980,2010
2026-08-21,53.12688064575195,-0.011731762425402414,0,0,0.44460084017899604,0.555399159821004,0.555399159821004,0.1,scale,0.24867206637343173,1380,1880,1980,2010
2026-08-22,52.50360870361328,-0.00390641744915865,0,0,0.4530121270243702,0.5469878729756298,0.5469878729756298,0.1,scale,0.24867206637343173,1380,1880,1980,2010
2026-08-23,52.29850769042969,-0.012942404451142142,0,0,0.4555824588232487,0.5444175411767513,0.5444175411767513,0.1,scale,0.24867206637343173,1380,1880,1980,2010
2026-08-24,51.62163925170898,-0.0329965269030702,0,0,0.46313900719490053,0.5368609928050995,0.5368609928050995,0.1,scale,0.24867206637343173,1380,1880,1980,2010
2026-08-25,49.918304443359375,0.012163963580630766,1,0,0.46984085408407456,0.5301591459159254,0.5301591459159254,0.1,scale,0.24867206637343173,1380,1880,1980,2010
2026-08-26,50.525508880615234,-0.011898036075460805,0,0,0.4685787825744339,0.5314212174255661,0.5314212174255661,0.1,scale,0.24867206637343173,1380,1880,1980,2010
2026-08-27,49.924354553222656,-0.012127417502523441,0,0,0.4720301774739057,0.5279698225260943,0.5279698225260943,0.1,scale,0.24867206637343173,1380,1880,1980,2010
2026-08-28,49.31890106201172,-0.006336545165490537,0,0,0.47533531142920254,0.5246646885707975,0.5246646885707975,0.1,scale,0.24867206637343173,1380,1880,1980,2010
2026-08-29,49.00638961791992,-0.02244711125343868,0,0,0.47513620896531095,0.524863791034689,0.524863791034689,0.1,scale,0.24867206637343173,1380,1880,1980,2010
2026-08-30,47.90633773803711,0.012991665551207676,1,0,0.47790666494691414,0.5220933350530859,0.5220933350530859,0.1,scale,0.24867206637343173,1380,1880,1980,2010
2026-08-31,48.52872085571289,0.02132175630367228,1,0,0.47583998774731073,0.5241600122526893,0.5241600122526893,0.1,scale,0.24867206637343173,1380,1880,1980,2010
