timestamp,close,future_return_1d,y_true,prediction,prob_positive,prob_negative,confidence,selected_C,selected_gamma,validation_brier,fold_start,train_end,validation_end,test_end
2022-10-22,0.4654699862003326,0.007654664658716337,1,1,0.5887752497547973,0.41122475024520266,0.5887752497547973,1.0,0.1,0.24654165102291967,0,500,600,630
2022-10-23,0.4690330028533935,-0.03243268453138293,0,1,0.5896057990545257,0.4103942009454743,0.5896057990545257,1.0,0.1,0.24654165102291967,0,500,600,630
2022-10-24,0.4538210034370422,0.01701773070743573,1,1,0.591130066489624,0.40886993351037604,0.591130066489624,1.0,0.1,0.24654165102291967,0,500,600,630
2022-10-25,0.461544007062912,0.01696910933516671,1,1,0.5890944127545886,0.4109055872454114,0.5890944127545886,1.0,0.1,0.24654165102291967,0,500,600,630
2022-10-26,0.4693759977817535,-0.014847382274330467,0,1,0.5881368397580612,0.4118631602419388,0.5881368397580612,1.0,0.1,0.24654165102291967,0,500,600,630
2022-10-27,0.4624069929122925,0.02502989854731341,1,1,0.5965325760949199,0.40346742390508006,0.5965325760949199,1.0,0.1,0.24654165102291967,0,500,600,630
2022-10-28,0.4739809930324554,-0.00752136406046644,0,1,0.6104431020020759,0.38955689799792415,0.6104431020020759,1.0,0.1,0.24654165102291967,0,500,600,630
2022-10-29,0.4704160094261169,-0.0254264583666729,0,0,0.4351121215673733,0.5648878784326268,0.5648878784326268,1.0,0.1,0.24654165102291967,0,500,600,630
2022-10-30,0.4584549963474273,0.01627204020074635,1,0,0.47314517218634217,0.5268548278136578,0.5268548278136578,1.0,0.1,0.24654165102291967,0,500,600,630
2022-10-31,0.4659149944782257,-0.002871779362706328,0,0,0.44009177619429474,0.5599082238057053,0.5599082238057053,1.0,0.1,0.24654165102291967,0,500,600,630
2022-11-01,0.4645769894123077,-0.029495624916565655,0,1,0.6177533628182313,0.38224663718176866,0.6177533628182313,1.0,0.1,0.24654165102291967,0,500,600,630
2022-11-02,0.450874000787735,0.009450505098844042,1,1,0.5034758800729002,0.49652411992709977,0.5034758800729002,1.0,0.1,0.24654165102291967,0,500,600,630
2022-11-03,0.4551349878311157,0.1082514459988857,1,1,0.5044441059247083,0.49555589407529166,0.5044441059247083,1.0,0.1,0.24654165102291967,0,500,600,630
2022-11-04,0.5044040083885193,-0.021954636309977182,0,1,0.5721450614156635,0.42785493858433654,0.5721450614156635,1.0,0.1,0.24654165102291967,0,500,600,630
2022-11-05,0.4933300018310547,-0.04593271669495502,0,1,0.5086973005235302,0.49130269947646976,0.5086973005235302,1.0,0.1,0.24654165102291967,0,500,600,630
2022-11-06,0.4706700146198272,-0.01022588079008091,0,0,0.4929160890945921,0.5070839109054079,0.5070839109054079,1.0,0.1,0.24654165102291967,0,500,600,630
2022-11-07,0.4658569991588592,-0.12796842440684275,0,1,0.5219163531498474,0.4780836468501526,0.5219163531498474,1.0,0.1,0.24654165102291967,0,500,600,630
2022-11-08,0.4062420129776001,-0.17984604459468778,0,1,0.604375544021084,0.39562445597891605,0.604375544021084,1.0,0.1,0.24654165102291967,0,500,600,630
2022-11-09,0.3331809937953949,0.18765782513464813,1,1,0.5838391427720993,0.41616085722790075,0.5838391427720993,1.0,0.1,0.24654165102291967,0,500,600,630
2022-11-10,0.3957050144672394,-0.029178340726831675,0,1,0.5972257535875672,0.40277424641243276,0.5972257535875672,1.0,0.1,0.24654165102291967,0,500,600,630
2022-11-11,0.3841589987277984,-0.05331647509661752,0,1,0.5460897334856976,0.45391026651430244,0.5460897334856976,1.0,0.1,0.24654165102291967,0,500,600,630
2022-11-12,0.3636769950389862,-0.06429055209897583,0,1,0.5528902521977215,0.4471097478022785,0.5528902521977215,1.0,0.1,0.24654165102291967,0,500,600,630
2022-11-13,0.3402960002422333,0.10611354143942098,1,1,0.567619699862405,0.432380300137595,0.567619699862405,1.0,0.1,0.24654165102291967,0,500,600,630
2022-11-14,0.3764060139656067,0.03218591474803434,1,1,0.5751097066180738,0.4248902933819262,0.5751097066180738,1.0,0.1,0.24654165102291967,0,500,600,630
2022-11-15,0.3885209858417511,-0.03145260025983776,0,1,0.5927034467857288,0.40729655321427116,0.5927034467857288,1.0,0.1,0.24654165102291967,0,500,600,630
2022-11-16,0.3763009905815124,0.016590496576820657,1,1,0.5879188205116495,0.41208117948835055,0.5879188205116495,1.0,0.1,0.24654165102291967,0,500,600,630
2022-11-17,0.3825440108776092,0.001356648195507626,1,1,0.5981664422602281,0.4018335577397719,0.5981664422602281,1.0,0.1,0.24654165102291967,0,500,600,630
2022-11-18,0.3830629885196686,0.004270834135646329,1,1,0.6110268356939629,0.3889731643060371,0.6110268356939629,1.0,0.1,0.24654165102291967,0,500,600,630
2022-11-19,0.3846989870071411,-0.0591475010450595,0,1,0.5590495508934916,0.4409504491065084,0.5590495508934916,1.0,0.1,0.24654165102291967,0,500,600,630
2022-11-20,0.3619450032711029,0.007885147122745462,1,1,0.5922801584285796,0.4077198415714204,0.5922801584285796,1.0,0.1,0.24654165102291967,0,500,600,630
2022-11-21,0.3647989928722381,0.03087179467907797,1,0,0.4894403660137462,0.5105596339862538,0.5105596339862538,1.0,scale,0.23946629129342312,30,530,630,660
2022-11-22,0.3760609924793243,0.014678512436449465,1,1,0.7217874893001218,0.2782125106998782,0.7217874893001218,1.0,scale,0.23946629129342312,30,530,630,660
2022-11-23,0.3815810084342956,0.05349056767346161,1,0,0.2986934156985364,0.7013065843014636,0.7013065843014636,1.0,scale,0.23946629129342312,30,530,630,660
2022-11-24,0.401991993188858,0.015970507864670802,1,0,0.2458003738386736,0.7541996261613264,0.7541996261613264,1.0,scale,0.23946629129342312,30,530,630,660
2022-11-25,0.4084120094776153,-0.028850776993896488,0,1,0.655026141999207,0.34497385800079305,0.655026141999207,1.0,scale,0.23946629129342312,30,530,630,660
2022-11-26,0.3966290056705475,0.0004840456902464041,1,1,0.5075902098646096,0.49240979013539043,0.5075902098646096,1.0,scale,0.23946629129342312,30,530,630,660
2022-11-27,0.396820992231369,-0.016387706501406862,0,0,0.42733822042367653,0.5726617795763235,0.5726617795763235,1.0,scale,0.23946629129342312,30,530,630,660
2022-11-28,0.3903180062770843,0.02108789263779154,1,0,0.44810413959355083,0.5518958604064492,0.5518958604064492,1.0,scale,0.23946629129342312,30,530,630,660
2022-11-29,0.3985489904880523,0.02557779300737284,1,0,0.4157413838954086,0.5842586161045914,0.5842586161045914,1.0,scale,0.23946629129342312,30,530,630,660
2022-11-30,0.4087429940700531,-0.029443886788169005,0,0,0.3905009208452586,0.6094990791547414,0.6094990791547414,1.0,scale,0.23946629129342312,30,530,630,660
2022-12-01,0.3967080116271972,-0.001096586121638321,0,0,0.45708052131290383,0.5429194786870961,0.5429194786870961,1.0,scale,0.23946629129342312,30,530,630,660
2022-12-02,0.3962729871273041,-0.020506042281871917,0,0,0.4038699275509168,0.5961300724490832,0.5961300724490832,1.0,scale,0.23946629129342312,30,530,630,660
2022-12-03,0.3881469964981079,0.006667587015162457,1,0,0.48159775308387687,0.5184022469161231,0.5184022469161231,1.0,scale,0.23946629129342312,30,530,630,660
2022-12-04,0.390735000371933,-0.002945718944654452,0,0,0.41701347318610604,0.582986526813894,0.582986526813894,1.0,scale,0.23946629129342312,30,530,630,660
2022-12-05,0.3895840048789978,0.006442721883804348,1,0,0.40221186387913216,0.5977881361208679,0.5977881361208679,1.0,scale,0.23946629129342312,30,530,630,660
2022-12-06,0.3920939862728119,-0.021354554189259134,0,0,0.40358706810858647,0.5964129318914135,0.5964129318914135,1.0,scale,0.23946629129342312,30,530,630,660
2022-12-07,0.3837209939956665,0.028207981956484884,1,0,0.44589057110145597,0.554109428898544,0.554109428898544,1.0,scale,0.23946629129342312,30,530,630,660
2022-12-08,0.3945449888706207,-0.013666338009838408,0,0,0.37091073828577786,0.6290892617142221,0.6290892617142221,1.0,scale,0.23946629129342312,30,530,630,660
2022-12-09,0.3891530036926269,-0.006308562662278416,0,1,0.7150304878748048,0.28496951212519517,0.7150304878748048,1.0,scale,0.23946629129342312,30,530,630,660
2022-12-10,0.3866980075836181,-0.012798109535004154,0,0,0.3376190968810885,0.6623809031189115,0.6623809031189115,1.0,scale,0.23946629129342312,30,530,630,660
2022-12-11,0.3817490041255951,0.014787221011866913,1,0,0.3301807338221939,0.6698192661778062,0.6698192661778062,1.0,scale,0.23946629129342312,30,530,630,660
2022-12-12,0.3873940110206604,0.019897011920959162,1,0,0.39500603106832566,0.6049939689316743,0.6049939689316743,1.0,scale,0.23946629129342312,30,530,630,660
2022-12-13,0.3951019942760467,-0.021989265938033187,0,0,0.30884948694217074,0.6911505130578293,0.6911505130578293,1.0,scale,0.23946629129342312,30,530,630,660
2022-12-14,0.3864139914512634,-0.021161196498323043,0,1,0.6698135899132542,0.33018641008674576,0.6698135899132542,1.0,scale,0.23946629129342312,30,530,630,660
2022-12-15,0.3782370090484619,-0.06939834194905448,0,0,0.4593065152173514,0.5406934847826486,0.5406934847826486,1.0,scale,0.23946629129342312,30,530,630,660
2022-12-16,0.3519879877567291,0.00801735231704459,1,1,0.7146251780630437,0.2853748219369563,0.7146251780630437,1.0,scale,0.23946629129342312,30,530,630,660
2022-12-17,0.3548099994659424,-0.012795570565677261,0,0,0.38922962267336375,0.6107703773266362,0.6107703773266362,1.0,scale,0.23946629129342312,30,530,630,660
2022-12-18,0.350270003080368,-0.03254636155482582,0,1,0.6172636211365664,0.3827363788634336,0.6172636211365664,1.0,scale,0.23946629129342312,30,530,630,660
2022-12-19,0.3388699889183044,0.030994257993648633,1,1,0.5910815952408159,0.40891840475918406,0.5910815952408159,1.0,scale,0.23946629129342312,30,530,630,660
2022-12-20,0.3493730127811432,-0.009597191438754038,0,1,0.5125751781278154,0.4874248218721846,0.5125751781278154,1.0,scale,0.23946629129342312,30,530,630,660
2022-12-21,0.3460200130939483,0.01034614773431497,1,1,0.5761531782240945,0.4238468217759055,0.5761531782240945,10.0,scale,0.24267478210761584,60,560,660,690
2022-12-22,0.3495999872684479,0.013366717164100983,1,1,0.565169235210474,0.434830764789526,0.565169235210474,10.0,scale,0.24267478210761584,60,560,660,690
2022-12-23,0.3542729914188385,-0.005910697763158224,0,1,0.5764846445056948,0.4235153554943052,0.5764846445056948,10.0,scale,0.24267478210761584,60,560,660,690
2022-12-24,0.3521789908409118,-0.01643194315794483,0,1,0.5751907919285639,0.4248092080714361,0.5751907919285639,10.0,scale,0.24267478210761584,60,560,660,690
2022-12-25,0.3463920056819916,0.055806738835722625,1,1,0.5609029740377582,0.43909702596224176,0.5609029740377582,10.0,scale,0.24267478210761584,60,560,660,690
2022-12-26,0.3657230138778686,0.006570521857409695,1,1,0.5652594801033376,0.4347405198966624,0.5652594801033376,10.0,scale,0.24267478210761584,60,560,660,690
2022-12-27,0.3681260049343109,-0.03149739654908468,0,1,0.5097528867852988,0.49024711321470116,0.5097528867852988,10.0,scale,0.24267478210761584,60,560,660,690
2022-12-28,0.3565309941768646,-0.038383726086551495,0,0,0.48231270414962457,0.5176872958503754,0.5176872958503754,10.0,scale,0.24267478210761584,60,560,660,690
2022-12-29,0.342846006155014,0.0063322306157258534,1,0,0.49728579339696166,0.5027142066030383,0.5027142066030383,10.0,scale,0.24267478210761584,60,560,660,690
2022-12-30,0.3450169861316681,-0.0147470179493574,0,0,0.4575281266152181,0.542471873384782,0.542471873384782,10.0,scale,0.24267478210761584,60,560,660,690
2022-12-31,0.3399290144443512,-0.0034301745772556957,0,1,0.5012022985128258,0.49879770148717417,0.5012022985128258,10.0,scale,0.24267478210761584,60,560,660,690
2023-01-01,0.3387629985809326,0.02890815518606482,1,1,0.6118332318291212,0.3881667681708788,0.6118332318291212,10.0,scale,0.24267478210761584,60,560,660,690
2023-01-02,0.3485560119152069,-0.013576046853179702,0,1,0.5803585873676071,0.41964141263239285,0.5803585873676071,10.0,scale,0.24267478210761584,60,560,660,690
2023-01-03,0.3438239991664886,0.011546597029909345,1,0,0.4630212455012229,0.5369787544987771,0.5369787544987771,10.0,scale,0.24267478210761584,60,560,660,690
2023-01-04,0.3477939963340759,-0.028048171255772414,0,0,0.445244792404068,0.554755207595932,0.554755207595932,10.0,scale,0.24267478210761584,60,560,660,690
2023-01-05,0.3380390107631683,0.019542072276045097,1,1,0.5063314199385291,0.49366858006147085,0.5063314199385291,10.0,scale,0.24267478210761584,60,560,660,690
2023-01-06,0.3446449935436249,-0.001093877425370704,0,0,0.4646003219149335,0.5353996780850665,0.5353996780850665,10.0,scale,0.24267478210761584,60,560,660,690
2023-01-07,0.3442679941654205,0.003166195986276543,1,0,0.45997424739599524,0.5400257526040048,0.5400257526040048,10.0,scale,0.24267478210761584,60,560,660,690
2023-01-08,0.3453580141067505,0.01152999941665267,1,1,0.5887481824761245,0.4112518175238755,0.5887481824761245,10.0,scale,0.24267478210761584,60,560,660,690
2023-01-09,0.3493399918079376,0.005441692284658295,1,1,0.5942220017134239,0.4057779982865761,0.5942220017134239,10.0,scale,0.24267478210761584,60,560,660,690
2023-01-10,0.3512409925460815,0.0652458082223768,1,1,0.5761457000303107,0.42385429996968926,0.5761457000303107,10.0,scale,0.24267478210761584,60,560,660,690
2023-01-11,0.3741579949855804,0.0027768974051785023,1,1,0.5829933216404832,0.41700667835951677,0.5829933216404832,10.0,scale,0.24267478210761584,60,560,660,690
2023-01-12,0.3751969933509826,0.028270493510397232,1,1,0.5390027626842037,0.46099723731579634,0.5390027626842037,10.0,scale,0.24267478210761584,60,560,660,690
2023-01-13,0.3858039975166321,0.024984175887807103,1,1,0.5794197693713393,0.4205802306286607,0.5794197693713393,10.0,scale,0.24267478210761584,60,560,660,690
2023-01-14,0.3954429924488067,-0.026709292769200643,0,1,0.5660343562314885,0.43396564376851154,0.5660343562314885,10.0,scale,0.24267478210761584,60,560,660,690
2023-01-15,0.3848809897899627,0.004403977153366823,1,1,0.5799127643807281,0.42008723561927186,0.5799127643807281,10.0,scale,0.24267478210761584,60,560,660,690
2023-01-16,0.3865759968757629,0.002936011689773421,1,1,0.5644366780878763,0.43556332191212366,0.5644366780878763,10.0,scale,0.24267478210761584,60,560,660,690
2023-01-17,0.3877109885215759,-0.021301945620643248,0,1,0.5756649157777067,0.42433508422229327,0.5756649157777067,10.0,scale,0.24267478210761584,60,560,660,690
2023-01-18,0.3794519901275635,0.03777292013946276,1,1,0.553013877525907,0.446986122474093,0.553013877525907,10.0,scale,0.24267478210761584,60,560,660,690
2023-01-19,0.3937849998474121,0.04966922551575559,1,0,0.4769015075433861,0.5230984924566139,0.5230984924566139,10.0,scale,0.24267478210761584,60,560,660,690
2023-01-20,0.413343995809555,-0.023735639646727424,0,1,0.6275997623905815,0.37240023760941854,0.6275997623905815,10.0,scale,0.24364960513693784,90,590,690,720
2023-01-21,0.403533011674881,-0.006358859586859111,0,1,0.6082199973205894,0.3917800026794106,0.6082199973205894,10.0,scale,0.24364960513693784,90,590,690,720
2023-01-22,0.400967001914978,0.059795439646445514,1,1,0.6184197405050821,0.3815802594949179,0.6184197405050821,10.0,scale,0.24364960513693784,90,590,690,720
2023-01-23,0.4249430000782013,-0.04056072069858174,0,1,0.5036234293318598,0.4963765706681402,0.5036234293318598,10.0,scale,0.24364960513693784,90,590,690,720
2023-01-24,0.407707005739212,0.024493038459393324,1,1,0.5128570121992971,0.48714298780070286,0.5128570121992971,10.0,scale,0.24364960513693784,90,590,690,720
2023-01-25,0.4176929891109466,-0.018171231164805013,0,1,0.5161094496884605,0.4838905503115395,0.5161094496884605,10.0,scale,0.24364960513693784,90,590,690,720
2023-01-26,0.4101029932498932,0.006554500971711175,1,1,0.5629355633091395,0.4370644366908605,0.5629355633091395,10.0,scale,0.24364960513693784,90,590,690,720
2023-01-27,0.4127910137176513,-0.011281738575960931,0,1,0.5204425476931219,0.4795574523068781,0.5204425476931219,10.0,scale,0.24364960513693784,90,590,690,720
2023-01-28,0.4081340134143829,0.013794455594333677,1,1,0.5474589471177121,0.45254105288228785,0.5474589471177121,10.0,scale,0.24364960513693784,90,590,690,720
2023-01-29,0.4137639999389648,-0.046338000129072965,0,1,0.5598434391792736,0.4401565608207264,0.5598434391792736,10.0,scale,0.24364960513693784,90,590,690,720
2023-01-30,0.3945910036563873,0.029899298934606966,1,1,0.6664060677214706,0.3335939322785294,0.6664060677214706,10.0,scale,0.24364960513693784,90,590,690,720
2023-01-31,0.4063889980316162,0.018462613206423617,1,1,0.5240397089789953,0.4759602910210047,0.5240397089789953,10.0,scale,0.24364960513693784,90,590,690,720
2023-02-01,0.41389200091362,-0.01001468111366799,0,1,0.507745242868117,0.49225475713188305,0.507745242868117,10.0,scale,0.24364960513693784,90,590,690,720
2023-02-02,0.4097470045089721,0.005998838591914968,1,1,0.5408928969384148,0.4591071030615852,0.5408928969384148,10.0,scale,0.24364960513693784,90,590,690,720
2023-02-03,0.4122050106525421,-0.0021833803824006237,0,0,0.4999028654064726,0.5000971345935274,0.5000971345935274,10.0,scale,0.24364960513693784,90,590,690,720
2023-02-04,0.4113050103187561,-0.03007019872175465,0,1,0.5378802118976266,0.4621197881023734,0.5378802118976266,10.0,scale,0.24364960513693784,90,590,690,720
2023-02-05,0.3989369869232178,-0.015323203823905729,0,0,0.41927296493202254,0.5807270350679774,0.5807270350679774,10.0,scale,0.24364960513693784,90,590,690,720
2023-02-06,0.3928239941596985,0.028206008260686977,1,0,0.45670677585515995,0.54329322414484,0.54329322414484,10.0,scale,0.24364960513693784,90,590,690,720
2023-02-07,0.403903990983963,-0.014488552118021136,0,0,0.4153749015140045,0.5846250984859955,0.5846250984859955,10.0,scale,0.24364960513693784,90,590,690,720
2023-02-08,0.3980520069599151,-0.039155734149800336,0,0,0.4697597043823947,0.5302402956176053,0.5302402956176053,10.0,scale,0.24364960513693784,90,590,690,720
2023-02-09,0.3824659883975982,0.0004680744327958397,1,1,0.6125343387565088,0.38746566124349124,0.6125343387565088,10.0,scale,0.24364960513693784,90,590,690,720
2023-02-10,0.3826450109481811,0.0035619944676699156,1,1,0.5261119499689559,0.47388805003104406,0.5261119499689559,10.0,scale,0.24364960513693784,90,590,690,720
2023-02-11,0.38400799036026,-0.022723487544207832,0,1,0.5048185476007593,0.4951814523992407,0.5048185476007593,10.0,scale,0.24364960513693784,90,590,690,720
2023-02-12,0.3752819895744324,-0.009611372724475986,0,1,0.6241074041438649,0.3758925958561351,0.6241074041438649,10.0,scale,0.24364960513693784,90,590,690,720
2023-02-13,0.3716750144958496,0.028874674614059348,1,1,0.6484328061893349,0.35156719381066515,0.6484328061893349,10.0,scale,0.24364960513693784,90,590,690,720
2023-02-14,0.382407009601593,0.049541400231462474,1,1,0.5615423845618981,0.4384576154381019,0.5615423845618981,10.0,scale,0.24364960513693784,90,590,690,720
2023-02-15,0.4013519883155823,-0.04035111246353906,0,1,0.5157720362986604,0.4842279637013396,0.5157720362986604,10.0,scale,0.24364960513693784,90,590,690,720
2023-02-16,0.3851569890975952,0.026339931122020266,1,1,0.5736662036923187,0.4263337963076813,0.5736662036923187,10.0,scale,0.24364960513693784,90,590,690,720
2023-02-17,0.3953019976615906,-0.0016999225128455642,0,0,0.3758829742144159,0.6241170257855841,0.6241170257855841,10.0,scale,0.24364960513693784,90,590,690,720
2023-02-18,0.3946300148963928,-0.021065301392144575,0,0,0.44195782907986014,0.5580421709201399,0.5580421709201399,10.0,scale,0.24364960513693784,90,590,690,720
2023-02-19,0.3863170146942138,0.03160095066995594,1,0,0.40457289751187436,0.5954271024881257,0.5954271024881257,10.0,scale,0.23207339520168124,120,620,720,750
2023-02-20,0.3985249996185303,-0.016611228601255745,0,0,0.3675232131600168,0.6324767868399832,0.6324767868399832,10.0,scale,0.23207339520168124,120,620,720,750
2023-02-21,0.3919050097465515,0.009392592479933626,1,0,0.3956250245584321,0.6043749754415679,0.6043749754415679,10.0,scale,0.23207339520168124,120,620,720,750
2023-02-22,0.3955860137939453,-0.01632013587205472,0,0,0.3622978738597472,0.6377021261402528,0.6377021261402528,10.0,scale,0.23207339520168124,120,620,720,750
2023-02-23,0.3891299962997436,-0.02737642754450542,0,1,0.6452172385106777,0.3547827614893223,0.6452172385106777,10.0,scale,0.23207339520168124,120,620,720,750
2023-02-24,0.37847700715065,-0.001035782204153013,0,1,0.6001858913780632,0.3998141086219368,0.6001858913780632,10.0,scale,0.23207339520168124,120,620,720,750
2023-02-25,0.3780849874019623,-0.00011634481481681558,0,1,0.5792812843830416,0.4207187156169584,0.5792812843830416,10.0,scale,0.23207339520168124,120,620,720,750
2023-02-26,0.378040999174118,0.002840925439917097,1,1,0.6021284922043427,0.3978715077956573,0.6021284922043427,10.0,scale,0.23207339520168124,120,620,720,750
2023-02-27,0.3791149854660034,-0.005183087980273227,0,1,0.6050950251468953,0.3949049748531047,0.6050950251468953,10.0,scale,0.23207339520168124,120,620,720,750
2023-02-28,0.3771499991416931,0.017841725527208085,1,1,0.600222826828311,0.39977717317168904,0.600222826828311,10.0,scale,0.23207339520168124,120,620,720,750
2023-03-01,0.383879005908966,-0.016408865196855804,0,1,0.599450390730504,0.400549609269496,0.599450390730504,10.0,scale,0.23207339520168124,120,620,720,750
2023-03-02,0.3775799870491028,0.0002410516862489942,1,1,0.5991200652818035,0.4008799347181965,0.5991200652818035,10.0,scale,0.23207339520168124,120,620,720,750
2023-03-03,0.3776710033416748,-0.010215240264458525,0,1,0.5966574349639766,0.4033425650360234,0.5966574349639766,10.0,scale,0.23207339520168124,120,620,720,750
2023-03-04,0.3738130033016205,-0.017706731271729614,0,1,0.6289524624787824,0.37104753752121755,0.6289524624787824,10.0,scale,0.23207339520168124,120,620,720,750
2023-03-05,0.3671939969062805,0.008924448092060056,1,1,0.7000577049813903,0.2999422950186097,0.7000577049813903,10.0,scale,0.23207339520168124,120,620,720,750
2023-03-06,0.3704710006713867,0.027200508666115564,1,1,0.6303816084494818,0.36961839155051823,0.6303816084494818,10.0,scale,0.23207339520168124,120,620,720,750
2023-03-07,0.3805480003356933,0.022704077477204487,1,1,0.6002431206104296,0.3997568793895704,0.6002431206104296,10.0,scale,0.23207339520168124,120,620,720,750
2023-03-08,0.3891879916191101,-0.0438296798326242,0,1,0.6001858472230441,0.39981415277695587,0.6001858472230441,10.0,scale,0.23207339520168124,120,620,720,750
2023-03-09,0.3721300065517425,-0.004052340543002408,0,1,0.6001858017511374,0.39981419824886255,0.6001858017511374,10.0,scale,0.23207339520168124,120,620,720,750
2023-03-10,0.3706220090389251,-0.010226108677452772,0,1,0.6002104064359992,0.3997895935640008,0.6002104064359992,10.0,scale,0.23207339520168124,120,620,720,750
2023-03-11,0.3668319880962372,0.017681115172600625,1,1,0.6003066471628706,0.39969335283712937,0.6003066471628706,10.0,scale,0.23207339520168124,120,620,720,750
2023-03-12,0.3733179867267608,0.0012536649382470788,1,1,0.6001882786663454,0.3998117213336546,0.6001882786663454,10.0,scale,0.23207339520168124,120,620,720,750
2023-03-13,0.3737860023975372,0.0013189097873520517,1,1,0.6001858177947864,0.3998141822052136,0.6001858177947864,10.0,scale,0.23207339520168124,120,620,720,750
2023-03-14,0.3742789924144745,-0.03665978990373153,0,1,0.6002170095145498,0.3997829904854502,0.6002170095145498,10.0,scale,0.23207339520168124,120,620,720,750
2023-03-15,0.3605580031871795,0.015162602341697307,1,1,0.6001915092500355,0.3998084907499645,0.6001915092500355,10.0,scale,0.23207339520168124,120,620,720,750
2023-03-16,0.3660250008106231,0.03922409823802964,1,1,0.5978883140101388,0.40211168598986125,0.5978883140101388,10.0,scale,0.23207339520168124,120,620,720,750
2023-03-17,0.3803820013999939,-0.015639516490066785,0,1,0.5783731796932355,0.42162682030676446,0.5783731796932355,10.0,scale,0.23207339520168124,120,620,720,750
2023-03-18,0.3744330108165741,0.037475265417461934,1,1,0.6006813198611122,0.3993186801388878,0.6006813198611122,10.0,scale,0.23207339520168124,120,620,720,750
2023-03-19,0.3884649872779846,-0.03561963193384565,0,1,0.5608975355731933,0.43910246442680667,0.5608975355731933,10.0,scale,0.23207339520168124,120,620,720,750
2023-03-20,0.3746280074119568,0.253803728273416,1,1,0.6012026735857328,0.39879732641426724,0.6012026735857328,10.0,scale,0.23207339520168124,120,620,720,750
2023-03-21,0.4697099924087524,-0.10055141689040659,0,1,0.5905846891708594,0.4094153108291406,0.5905846891708594,10.0,scale,0.238693929155194,150,650,750,780
2023-03-22,0.4224799871444702,0.05294927877079658,1,1,0.5905846891708594,0.4094153108291406,0.5905846891708594,10.0,scale,0.238693929155194,150,650,750,780
2023-03-23,0.4448499977588653,-0.04259410777567618,0,1,0.5905846891708594,0.4094153108291406,0.5905846891708594,10.0,scale,0.238693929155194,150,650,750,780
2023-03-24,0.4259020090103149,0.04417447466569646,1,1,0.5905846891708594,0.4094153108291406,0.5905846891708594,10.0,scale,0.238693929155194,150,650,750,780
2023-03-25,0.4447160065174103,0.009221633844301413,1,1,0.5905846891708594,0.4094153108291406,0.5905846891708594,10.0,scale,0.238693929155194,150,650,750,780
2023-03-26,0.4488170146942138,0.0694580937329845,1,1,0.5905846891708594,0.4094153108291406,0.5905846891708594,10.0,scale,0.238693929155194,150,650,750,780
2023-03-27,0.4799909889698028,0.07305760493486058,1,1,0.5905846891708594,0.4094153108291406,0.5905846891708594,10.0,scale,0.238693929155194,150,650,750,780
2023-03-28,0.5150579810142517,0.05537053193413577,1,1,0.5905846891708594,0.4094153108291406,0.5905846891708594,10.0,scale,0.238693929155194,150,650,750,780
2023-03-29,0.5435770153999329,-0.017160415973799137,0,1,0.5905846891708594,0.4094153108291406,0.5905846891708594,10.0,scale,0.238693929155194,150,650,750,780
2023-03-30,0.5342490077018738,0.007942019885507579,1,1,0.5905846891708594,0.4094153108291406,0.5905846891708594,10.0,scale,0.238693929155194,150,650,750,780
2023-03-31,0.5384920239448547,-0.04410654081285115,0,1,0.5905846891708594,0.4094153108291406,0.5905846891708594,10.0,scale,0.238693929155194,150,650,750,780
2023-04-01,0.5147410035133362,0.008182798337316832,1,1,0.5905846891708594,0.4094153108291406,0.5905846891708594,10.0,scale,0.238693929155194,150,650,750,780
2023-04-02,0.5189530253410339,-0.0423795799662946,0,1,0.5905846891708594,0.4094153108291406,0.5905846891708594,10.0,scale,0.238693929155194,150,650,750,780
2023-04-03,0.4969600141048431,0.013117735061943359,1,1,0.5905846891812138,0.40941531081878624,0.5905846891812138,10.0,scale,0.238693929155194,150,650,750,780
2023-04-04,0.50347900390625,0.005473911610498261,1,1,0.5905846891709574,0.4094153108290426,0.5905846891709574,10.0,scale,0.238693929155194,150,650,750,780
2023-04-05,0.5062350034713745,-0.005801690620299893,0,1,0.5905850932712342,0.4094149067287658,0.5905850932712342,10.0,scale,0.238693929155194,150,650,750,780
2023-04-06,0.5032979846000671,0.020739254511431326,1,1,0.5902030456141651,0.40979695438583486,0.5902030456141651,10.0,scale,0.238693929155194,150,650,750,780
2023-04-07,0.5137360095977783,-0.015611099122178063,0,1,0.5989345347370657,0.4010654652629343,0.5989345347370657,10.0,scale,0.238693929155194,150,650,750,780
2023-04-08,0.5057160258293152,0.0002332486731404515,1,0,0.476988141566908,0.5230118584330921,0.5230118584330921,10.0,scale,0.238693929155194,150,650,750,780
2023-04-09,0.5058339834213257,0.024680061924334806,1,0,0.4934121560994977,0.5065878439005023,0.5065878439005023,10.0,scale,0.238693929155194,150,650,750,780
2023-04-10,0.5183179974555969,-0.0015434801533084075,0,1,0.6942377347420989,0.30576226525790107,0.6942377347420989,10.0,scale,0.238693929155194,150,650,750,780
2023-04-11,0.5175179839134216,-0.022033948474122322,0,1,0.5905846891708594,0.4094153108291406,0.5905846891708594,10.0,scale,0.238693929155194,150,650,750,780
2023-04-12,0.5061150193214417,0.01418056173679072,1,1,0.6221218626940821,0.3778781373059179,0.6221218626940821,10.0,scale,0.238693929155194,150,650,750,780
2023-04-13,0.5132920145988464,0.02084778330094106,1,1,0.6142658577603113,0.3857341422396887,0.6142658577603113,10.0,scale,0.238693929155194,150,650,750,780
2023-04-14,0.5239930152893066,-0.006773066167497621,0,1,0.5472365880785932,0.4527634119214068,0.5472365880785932,10.0,scale,0.238693929155194,150,650,750,780
2023-04-15,0.5204439759254456,0.001821544525454133,1,0,0.4828936796945153,0.5171063203054846,0.5171063203054846,10.0,scale,0.238693929155194,150,650,750,780
2023-04-16,0.5213919878005981,-0.019687668690938853,0,1,0.5046054002690948,0.49539459973090516,0.5046054002690948,10.0,scale,0.238693929155194,150,650,750,780
2023-04-17,0.5111269950866699,0.04135371313476588,1,1,0.5905846891708594,0.4094153108291406,0.5905846891708594,10.0,scale,0.238693929155194,150,650,750,780
2023-04-18,0.532263994216919,-0.07640005921673554,0,1,0.5905846891708594,0.4094153108291406,0.5905846891708594,10.0,scale,0.238693929155194,150,650,750,780
2023-04-19,0.4915989935398102,-0.03405419414288602,0,1,0.5905846891708594,0.4094153108291406,0.5905846891708594,10.0,scale,0.238693929155194,150,650,750,780
2023-04-20,0.4748579859733581,-0.053620182269030314,0,1,0.5996782927388866,0.4003217072611134,0.5996782927388866,10.0,scale,0.2415111423982006,180,680,780,810
2023-04-21,0.449396014213562,0.0517694274534477,1,1,0.5996782694924326,0.40032173050756736,0.5996782694924326,10.0,scale,0.2415111423982006,180,680,780,810
2023-04-22,0.4726609885692596,-0.016174343410485403,0,1,0.5996782694924326,0.40032173050756736,0.5996782694924326,10.0,scale,0.2415111423982006,180,680,780,810
2023-04-23,0.4650160074234009,-0.00804916996019056,0,1,0.5996782694924326,0.40032173050756736,0.5996782694924326,10.0,scale,0.2415111423982006,180,680,780,810
2023-04-24,0.4612730145454407,0.01890849279553075,1,1,0.5996782694924329,0.40032173050756714,0.5996782694924329,10.0,scale,0.2415111423982006,180,680,780,810
2023-04-25,0.4699949920177459,-0.016932084539309833,0,1,0.5996782694924326,0.40032173050756736,0.5996782694924326,10.0,scale,0.2415111423982006,180,680,780,810
2023-04-26,0.4620369970798492,0.01045590741482405,1,1,0.5996782694924326,0.40032173050756736,0.5996782694924326,10.0,scale,0.2415111423982006,180,680,780,810
2023-04-27,0.4668680131435394,0.02870832455873873,1,1,0.5996782694924326,0.40032173050756736,0.5996782694924326,10.0,scale,0.2415111423982006,180,680,780,810
2023-04-28,0.4802710115909576,-0.0038770178826588175,0,1,0.5996782694924333,0.4003217305075667,0.5996782694924333,10.0,scale,0.2415111423982006,180,680,780,810
2023-04-29,0.4784089922904968,-0.012702502787374281,0,1,0.5996782694923594,0.40032173050764064,0.5996782694923594,10.0,scale,0.2415111423982006,180,680,780,810
2023-04-30,0.4723320007324219,-0.015594966241045394,0,1,0.5996782694924326,0.40032173050756736,0.5996782694924326,10.0,scale,0.2415111423982006,180,680,780,810
2023-05-01,0.4649659991264343,-3.2240138395422946e-05,0,1,0.5996782694924326,0.40032173050756736,0.5996782694924326,10.0,scale,0.2415111423982006,180,680,780,810
2023-05-02,0.4649510085582733,-0.003133675833352778,0,1,0.5996782694924326,0.40032173050756736,0.5996782694924326,10.0,scale,0.2415111423982006,180,680,780,810
2023-05-03,0.4634940028190613,-0.004144601839036088,0,1,0.5996782694924326,0.40032173050756736,0.5996782694924326,10.0,scale,0.2415111423982006,180,680,780,810
2023-05-04,0.4615730047225952,0.013490794701901176,1,1,0.5996782694924326,0.40032173050756736,0.5996782694924326,10.0,scale,0.2415111423982006,180,680,780,810
2023-05-05,0.4677999913692474,-0.017637840362372703,0,1,0.5996782694924326,0.40032173050756736,0.5996782694924326,10.0,scale,0.2415111423982006,180,680,780,810
2023-05-06,0.4595490097999573,-0.01998702197017299,0,1,0.5996782694924326,0.40032173050756736,0.5996782694924326,10.0,scale,0.2415111423982006,180,680,780,810
2023-05-07,0.4503639936447143,-0.04762592024673851,0,1,0.5996782694924326,0.40032173050756736,0.5996782694924326,10.0,scale,0.2415111423982006,180,680,780,810
2023-05-08,0.4289149940013885,0.0022685521309444567,1,1,0.5996782694924326,0.40032173050756736,0.5996782694924326,10.0,scale,0.2415111423982006,180,680,780,810
2023-05-09,0.4298880100250244,0.0022912864147532908,1,1,0.5996782694924326,0.40032173050756736,0.5996782694924326,10.0,scale,0.2415111423982006,180,680,780,810
2023-05-10,0.4308730065822601,-0.02087393021531292,0,1,0.5996782694924326,0.40032173050756736,0.5996782694924326,10.0,scale,0.2415111423982006,180,680,780,810
2023-05-11,0.4218789935111999,0.020951531904342513,1,1,0.5996782694924326,0.40032173050756736,0.5996782694924326,10.0,scale,0.2415111423982006,180,680,780,810
2023-05-12,0.4307180047035217,-0.013500711088145323,0,1,0.5996783451954892,0.40032165480451076,0.5996783451954892,10.0,scale,0.2415111423982006,180,680,780,810
2023-05-13,0.424903005361557,0.0022522372450084482,1,1,0.5996784446448269,0.4003215553551731,0.5996784446448269,10.0,scale,0.2415111423982006,180,680,780,810
2023-05-14,0.4258599877357483,0.003996643687073309,1,1,0.5996782694924326,0.40032173050756736,0.5996782694924326,10.0,scale,0.2415111423982006,180,680,780,810
2023-05-15,0.4275619983673095,0.032416321637182444,1,1,0.5996782694924326,0.40032173050756736,0.5996782694924326,10.0,scale,0.2415111423982006,180,680,780,810
2023-05-16,0.4414219856262207,0.016236190613019508,1,1,0.5996782694924326,0.40032173050756736,0.5996782694924326,10.0,scale,0.2415111423982006,180,680,780,810
2023-05-17,0.4485889971256256,0.02610404667134225,1,1,0.5996782694924326,0.40032173050756736,0.5996782694924326,10.0,scale,0.2415111423982006,180,680,780,810
2023-05-18,0.4602989852428436,0.01669134444250875,1,1,0.5996782694924326,0.40032173050756736,0.5996782694924326,10.0,scale,0.2415111423982006,180,680,780,810
2023-05-19,0.4679819941520691,0.002348424205256716,1,1,0.5996782694924326,0.40032173050756736,0.5996782694924326,10.0,scale,0.2415111423982006,180,680,780,810
2023-05-20,0.4690810143947601,-0.024582161326989427,0,1,0.5619663018796394,0.43803369812036064,0.5619663018796394,1.0,0.01,0.24787683227764937,210,710,810,840
2023-05-21,0.4575499892234802,0.008853677139654348,1,1,0.5619663018796394,0.43803369812036064,0.5619663018796394,1.0,0.01,0.24787683227764937,210,710,810,840
2023-05-22,0.4616009891033172,0.008295048040969588,1,1,0.5619663018796394,0.43803369812036064,0.5619663018796394,1.0,0.01,0.24787683227764937,210,710,810,840
2023-05-23,0.4654299914836883,-0.025398023299765038,0,1,0.5619663018796394,0.43803369812036064,0.5619663018796394,1.0,0.01,0.24787683227764937,210,710,810,840
2023-05-24,0.4536089897155761,0.0002756134583989933,1,1,0.5619663018796394,0.43803369812036064,0.5619663018796394,1.0,0.01,0.24787683227764937,210,710,810,840
2023-05-25,0.4537340104579925,0.03395377551094825,1,1,0.5619663018796394,0.43803369812036064,0.5619663018796394,1.0,0.01,0.24787683227764937,210,710,810,840
2023-05-26,0.4691399931907654,0.006618524550611626,1,1,0.5619663018796394,0.43803369812036064,0.5619663018796394,1.0,0.01,0.24787683227764937,210,710,810,840
2023-05-27,0.4722450077533722,0.02253912412620207,1,1,0.5619663018796394,0.43803369812036064,0.5619663018796394,1.0,0.01,0.24787683227764937,210,710,810,840
2023-05-28,0.4828889966011047,0.023322129280964665,1,1,0.5619663018796394,0.43803369812036064,0.5619663018796394,1.0,0.01,0.24787683227764937,210,710,810,840
2023-05-29,0.4941509962081909,0.05623186021360893,1,1,0.5619663018796394,0.43803369812036064,0.5619663018796394,1.0,0.01,0.24787683227764937,210,710,810,840
2023-05-30,0.5219380259513855,-0.008721354825985683,0,1,0.5619663018796394,0.43803369812036064,0.5619663018796394,1.0,0.01,0.24787683227764937,210,710,810,840
2023-05-31,0.5173860192298889,-0.019461315666963963,0,1,0.5619663018796394,0.43803369812036064,0.5619663018796394,1.0,0.01,0.24787683227764937,210,710,810,840
2023-06-01,0.5073170065879822,0.035618720236126666,1,1,0.5619663018796394,0.43803369812036064,0.5619663018796394,1.0,0.01,0.24787683227764937,210,710,810,840
2023-06-02,0.5253869891166687,-0.011488643014585853,0,1,0.5619663018796394,0.43803369812036064,0.5619663018796394,1.0,0.01,0.24787683227764937,210,710,810,840
2023-06-03,0.5193510055541992,0.03188598440263024,1,1,0.5619663018796394,0.43803369812036064,0.5619663018796394,1.0,0.01,0.24787683227764937,210,710,810,840
2023-06-04,0.5359110236167908,-0.04761433396043535,0,1,0.5619663018796394,0.43803369812036064,0.5619663018796394,1.0,0.01,0.24787683227764937,210,710,810,840
2023-06-05,0.5103939771652222,0.0393225964295183,1,1,0.5619663018796394,0.43803369812036064,0.5619663018796394,1.0,0.01,0.24787683227764937,210,710,810,840
2023-06-06,0.5304639935493469,-0.020427409480467285,0,1,0.5619663018796394,0.43803369812036064,0.5619663018796394,1.0,0.01,0.24787683227764937,210,710,810,840
2023-06-07,0.5196279883384705,0.00946453800686875,1,1,0.5619663018796394,0.43803369812036064,0.5619663018796394,1.0,0.01,0.24787683227764937,210,710,810,840
2023-06-08,0.5245460271835327,0.02549059579188362,1,1,0.5619663018796394,0.43803369812036064,0.5619663018796394,1.0,0.01,0.24787683227764937,210,710,810,840
2023-06-09,0.5379170179367065,-0.055246516524003475,0,1,0.5619663018796394,0.43803369812036064,0.5619663018796394,1.0,0.01,0.24787683227764937,210,710,810,840
2023-06-10,0.5081989765167236,0.02562383271070079,1,1,0.5619663018796394,0.43803369812036064,0.5619663018796394,1.0,0.01,0.24787683227764937,210,710,810,840
2023-06-11,0.5212209820747375,0.008633634535087031,1,1,0.5619663018796394,0.43803369812036064,0.5619663018796394,1.0,0.01,0.24787683227764937,210,710,810,840
2023-06-12,0.52572101354599,-0.010718656800604576,0,1,0.5619663018796394,0.43803369812036064,0.5619663018796394,1.0,0.01,0.24787683227764937,210,710,810,840
2023-06-13,0.5200859904289246,-0.07665270964329651,0,1,0.5619663018796394,0.43803369812036064,0.5619663018796394,1.0,0.01,0.24787683227764937,210,710,810,840
2023-06-14,0.4802199900150299,-0.0002123683922601316,0,1,0.5619663018796394,0.43803369812036064,0.5619663018796394,1.0,0.01,0.24787683227764937,210,710,810,840
2023-06-15,0.4801180064678192,-0.009112365439119086,0,1,0.5619663018796394,0.43803369812036064,0.5619663018796394,1.0,0.01,0.24787683227764937,210,710,810,840
2023-06-16,0.4757429957389831,0.008506707203015829,1,1,0.5619663018796394,0.43803369812036064,0.5619663018796394,1.0,0.01,0.24787683227764937,210,710,810,840
2023-06-17,0.4797900021076202,0.01622167128670271,1,1,0.5619663018796394,0.43803369812036064,0.5619663018796394,1.0,0.01,0.24787683227764937,210,710,810,840
2023-06-18,0.4875729978084564,0.011940782024218999,1,1,0.5619663019009801,0.43803369809901993,0.5619663019009801,1.0,0.01,0.24787683227764937,210,710,810,840
2023-06-19,0.4933950006961822,-0.0010640515417481566,0,1,0.5073401974826032,0.4926598025173968,0.5073401974826032,1.0,scale,0.2459720904401147,240,740,840,870
2023-06-20,0.4928700029850006,0.01587637130620534,1,1,0.5220973859734095,0.4779026140265905,0.5220973859734095,1.0,scale,0.2459720904401147,240,740,840,870
2023-06-21,0.500694990158081,-0.011424099802530119,0,0,0.45303710999962626,0.5469628900003738,0.5469628900003738,1.0,scale,0.2459720904401147,240,740,840,870
2023-06-22,0.4949750006198883,0.0032142976487188335,1,1,0.5060007395601607,0.4939992604398393,0.5060007395601607,1.0,scale,0.2459720904401147,240,740,840,870
2023-06-23,0.4965659976005554,-0.018633968691614933,0,0,0.4876914657273019,0.5123085342726981,0.5123085342726981,1.0,scale,0.2459720904401147,240,740,840,870
2023-06-24,0.4873130023479461,0.006082312515338861,1,1,0.5443673818699855,0.45563261813001454,0.5443673818699855,1.0,scale,0.2459720904401147,240,740,840,870
2023-06-25,0.4902769923210144,-0.022324099387233676,0,0,0.49230263931606016,0.5076973606839399,0.5076973606839399,1.0,scale,0.2459720904401147,240,740,840,870
2023-06-26,0.4793320000171661,0.009404731357740781,1,1,0.5645150751738384,0.43548492482616163,0.5645150751738384,1.0,scale,0.2459720904401147,240,740,840,870
2023-06-27,0.4838399887084961,-0.03847963803580623,0,1,0.5010596437618645,0.4989403562381355,0.5010596437618645,1.0,scale,0.2459720904401147,240,740,840,870
2023-06-28,0.4652220010757446,0.02042035174302037,1,1,0.5982853345489714,0.40171466545102863,0.5982853345489714,1.0,scale,0.2459720904401147,240,740,840,870
2023-06-29,0.4747219979763031,-0.001442963214262849,0,1,0.5034474066938449,0.4965525933061551,0.5034474066938449,1.0,scale,0.2459720904401147,240,740,840,870
2023-06-30,0.4740369915962219,-0.0010863796285714988,0,1,0.539465716760836,0.460534283239164,0.539465716760836,1.0,scale,0.2459720904401147,240,740,840,870
2023-07-01,0.4735220074653625,0.02316889132079658,1,1,0.7154692489919231,0.2845307510080769,0.7154692489919231,1.0,scale,0.2459720904401147,240,740,840,870
2023-07-02,0.4844929873943329,0.01043157893636093,1,1,0.6569420788768632,0.3430579211231368,0.6569420788768632,1.0,scale,0.2459720904401147,240,740,840,870
2023-07-03,0.4895470142364502,-0.0034828537740789756,0,1,0.6813700435958411,0.3186299564041589,0.6813700435958411,1.0,scale,0.2459720904401147,240,740,840,870
2023-07-04,0.4878419935703277,-0.019617012643392884,0,1,0.7016744640661732,0.2983255359338268,0.7016744640661732,1.0,scale,0.2459720904401147,240,740,840,870
2023-07-05,0.4782719910144806,-0.03038644030197879,0,1,0.7007987471279119,0.2992012528720881,0.7007987471279119,1.0,scale,0.2459720904401147,240,740,840,870
2023-07-06,0.4637390077114105,0.01083795577506863,1,1,0.7297350706236156,0.27026492937638436,0.7297350706236156,1.0,scale,0.2459720904401147,240,740,840,870
2023-07-07,0.468764990568161,0.0040084192762441795,1,1,0.693973935996838,0.306026064003162,0.693973935996838,1.0,scale,0.2459720904401147,240,740,840,870
2023-07-08,0.4706439971923828,-0.004449224021592424,0,1,0.7066595978158616,0.29334040218413837,0.7066595978158616,1.0,scale,0.2459720904401147,240,740,840,870
2023-07-09,0.4685499966144562,0.0194514935158403,1,1,0.7037354116669625,0.2962645883330375,0.7037354116669625,1.0,scale,0.2459720904401147,240,740,840,870
2023-07-10,0.4776639938354492,-0.004071876865515356,0,1,0.6684974893567597,0.3315025106432403,0.6684974893567597,1.0,scale,0.2459720904401147,240,740,840,870
2023-07-11,0.475719004869461,-0.009698993533649336,0,1,0.7084373498494602,0.29156265015053984,0.7084373498494602,1.0,scale,0.2459720904401147,240,740,840,870
2023-07-12,0.471105009317398,0.7307500458163927,1,1,0.7079042164379026,0.2920957835620974,0.7079042164379026,1.0,scale,0.2459720904401147,240,740,840,870
2023-07-13,0.8153650164604187,-0.11799382362949673,0,1,0.5770013179063729,0.4229986820936271,0.5770013179063729,1.0,scale,0.2459720904401147,240,740,840,870
2023-07-14,0.7191569805145264,-0.008173419445869134,0,1,0.6006494011280117,0.3993505988719883,0.6006494011280117,1.0,scale,0.2459720904401147,240,740,840,870
2023-07-15,0.7132790088653564,0.04707977948390041,1,1,0.5948525022750563,0.40514749772494374,0.5948525022750563,1.0,scale,0.2459720904401147,240,740,840,870
2023-07-16,0.7468600273132324,-0.010249610701541734,0,1,0.597332780072522,0.402667219927478,0.597332780072522,1.0,scale,0.2459720904401147,240,740,840,870
2023-07-17,0.739205002784729,0.05456537687023233,1,1,0.5935084749581916,0.4064915250418084,0.5935084749581916,1.0,scale,0.2459720904401147,240,740,840,870
2023-07-18,0.7795400023460388,0.05279270705969519,1,1,0.5983278491001784,0.40167215089982156,0.5983278491001784,1.0,scale,0.2459720904401147,240,740,840,870
2023-07-19,0.8206940293312073,-0.03245546268886956,0,1,0.5563598766802461,0.4436401233197539,0.5563598766802461,0.1,scale,0.24829025968390891,270,770,870,900
2023-07-20,0.7940580248832703,-0.027146655669387454,0,1,0.5133296092710484,0.4866703907289516,0.5133296092710484,0.1,scale,0.24829025968390891,270,770,870,900
2023-07-21,0.7725020051002502,-0.0507636588993593,0,1,0.5157454714111799,0.4842545285888201,0.5157454714111799,0.1,scale,0.24829025968390891,270,770,870,900
2023-07-22,0.73328697681427,0.007358658563607401,1,1,0.5316052133287306,0.46839478667126944,0.5316052133287306,0.1,scale,0.24829025968390891,270,770,870,900
2023-07-23,0.7386829853057861,-0.048624373479187244,0,1,0.5178685906059254,0.4821314093940746,0.5178685906059254,0.1,scale,0.24829025968390891,270,770,870,900
2023-07-24,0.7027649879455566,0.009725845685148338,1,1,0.5383821435722933,0.4616178564277067,0.5383821435722933,0.1,scale,0.24829025968390891,270,770,870,900
2023-07-25,0.7095999717712402,0.008735911094326587,1,1,0.5195452920923872,0.4804547079076128,0.5195452920923872,0.1,scale,0.24829025968390891,270,770,870,900
2023-07-26,0.7157989740371704,-0.003007798910061088,0,1,0.5188876665205213,0.4811123334794787,0.5188876665205213,0.1,scale,0.24829025968390891,270,770,870,900
2023-07-27,0.7136459946632385,-0.0015105663220549292,0,0,0.4903419760386687,0.5096580239613313,0.5096580239613313,0.1,scale,0.24829025968390891,270,770,870,900
2023-07-28,0.7125679850578308,0.00023998513748368921,1,0,0.48116077065408763,0.5188392293459123,0.5188392293459123,0.1,scale,0.24829025968390891,270,770,870,900
2023-07-29,0.7127389907836914,-0.010667284618812056,0,0,0.4776785446107791,0.5223214553892209,0.5223214553892209,0.1,scale,0.24829025968390891,270,770,870,900
2023-07-30,0.7051360011100769,-0.009381145015151415,0,0,0.49974522086371753,0.5002547791362825,0.5002547791362825,0.1,scale,0.24829025968390891,270,770,870,900
2023-07-31,0.6985210180282593,0.012440569941492674,1,0,0.4902254157666033,0.5097745842333967,0.5097745842333967,0.1,scale,0.24829025968390891,270,770,870,900
2023-08-01,0.7072110176086426,-0.031130720928523425,0,0,0.4268059165452122,0.5731940834547877,0.5731940834547877,0.1,scale,0.24829025968390891,270,770,870,900
2023-08-02,0.6851950287818909,-0.030735846947523293,0,0,0.47936161191236804,0.520638388087632,0.520638388087632,0.1,scale,0.24829025968390891,270,770,870,900
2023-08-03,0.6641349792480469,-0.043057488124572774,0,0,0.4946266252426266,0.5053733747573734,0.5053733747573734,0.1,scale,0.24829025968390891,270,770,870,900
2023-08-04,0.6355389952659607,-0.011196826282581784,0,1,0.5165721950322242,0.4834278049677758,0.5165721950322242,0.1,scale,0.24829025968390891,270,770,870,900
2023-08-05,0.6284229755401611,-0.0084910749955327,0,0,0.49629701477431326,0.5037029852256867,0.5037029852256867,0.1,scale,0.24829025968390891,270,770,870,900
2023-08-06,0.6230869889259338,-0.0018552345038796991,0,0,0.49366362939887426,0.5063363706011257,0.5063363706011257,0.1,scale,0.24829025968390891,270,770,870,900
2023-08-07,0.6219310164451599,0.03292160995243454,1,0,0.49056679408544585,0.5094332059145541,0.5094332059145541,0.1,scale,0.24829025968390891,270,770,870,900
2023-08-08,0.6424059867858887,0.0014928857360658743,1,0,0.4340623047658907,0.5659376952341093,0.5659376952341093,0.1,scale,0.24829025968390891,270,770,870,900
2023-08-09,0.6433650255203247,-0.016132391391635692,0,0,0.44894293890422826,0.5510570610957717,0.5510570610957717,0.1,scale,0.24829025968390891,270,770,870,900
2023-08-10,0.6329860091209412,-0.0020711423995853906,0,0,0.45806599595604636,0.5419340040439536,0.5419340040439536,0.1,scale,0.24829025968390891,270,770,870,900
2023-08-11,0.6316750049591064,-0.00707640906351048,0,0,0.45476052922686316,0.5452394707731368,0.5452394707731368,0.1,scale,0.24829025968390891,270,770,870,900
2023-08-12,0.6272050142288208,-0.0017586650795029524,0,0,0.4453593857416262,0.5546406142583737,0.5546406142583737,0.1,scale,0.24829025968390891,270,770,870,900
2023-08-13,0.6261019706726074,0.013064999988576131,1,0,0.44561942763561974,0.5543805723643802,0.5543805723643802,0.1,scale,0.24829025968390891,270,770,870,900
2023-08-14,0.6342819929122925,-0.03891486583734638,0,0,0.426278769319633,0.573721230680367,0.573721230680367,0.1,scale,0.24829025968390891,270,770,870,900
2023-08-15,0.6095989942550659,-0.034893414477655704,0,0,0.4913946007876808,0.5086053992123192,0.5086053992123192,0.1,scale,0.24829025968390891,270,770,870,900
2023-08-16,0.5883280038833618,-0.13799444526957383,0,1,0.509409034644046,0.49059096535595403,0.509409034644046,0.1,scale,0.24829025968390891,270,770,870,900
2023-08-17,0.5071420073509216,-0.0020546678935281504,0,1,0.6261159355545779,0.3738840644454221,0.6261159355545779,0.1,scale,0.24829025968390891,270,770,870,900
2023-08-18,0.5060999989509583,0.026731876495784013,1,1,0.5208858777478284,0.47911412225217165,0.5208858777478284,1.0,0.01,0.236506000662352,300,800,900,930
2023-08-19,0.5196290016174316,0.03833124109306696,1,0,0.4535693507511737,0.5464306492488262,0.5464306492488262,1.0,0.01,0.236506000662352,300,800,900,930
2023-08-20,0.5395470261573792,-0.027817863639773233,0,0,0.4213406184376664,0.5786593815623335,0.5786593815623335,1.0,0.01,0.236506000662352,300,800,900,930
2023-08-21,0.524537980556488,-0.006878412033607506,0,0,0.47585767928520994,0.52414232071479,0.52414232071479,1.0,0.01,0.236506000662352,300,800,900,930
2023-08-22,0.5209299921989441,0.017223022842173474,1,0,0.453380598154783,0.5466194018452171,0.5466194018452171,1.0,0.01,0.236506000662352,300,800,900,930
2023-08-23,0.5299019813537598,-0.021681319373518027,0,0,0.4171661787632697,0.5828338212367303,0.5828338212367303,1.0,0.01,0.236506000662352,300,800,900,930
2023-08-24,0.5184130072593689,0.015109582298508561,1,0,0.44448558270617555,0.5555144172938244,0.5555144172938244,1.0,0.01,0.236506000662352,300,800,900,930
2023-08-25,0.5262460112571716,-0.005275150151042962,0,0,0.41091011703122626,0.5890898829687737,0.5890898829687737,1.0,0.01,0.236506000662352,300,800,900,930
2023-08-26,0.5234699845314026,0.0007144996982022533,1,0,0.41223686231118933,0.5877631376888106,0.5877631376888106,1.0,0.01,0.236506000662352,300,800,900,930
2023-08-27,0.5238440036773682,-0.0011377181735885422,0,0,0.41656034931130315,0.5834396506886969,0.5834396506886969,1.0,0.01,0.236506000662352,300,800,900,930
2023-08-28,0.523248016834259,0.03213958418411944,1,0,0.43398148917354334,0.5660185108264566,0.5660185108264566,1.0,0.01,0.236506000662352,300,800,900,930
2023-08-29,0.5400649905204773,-0.021980651349601255,0,0,0.394115616886384,0.605884383113616,0.605884383113616,1.0,0.01,0.236506000662352,300,800,900,930
2023-08-30,0.528194010257721,-0.03293301172189078,0,0,0.4142011558757247,0.5857988441242753,0.5857988441242753,1.0,0.01,0.236506000662352,300,800,900,930
2023-08-31,0.510798990726471,-0.02490995981812849,0,0,0.43718974586975257,0.5628102541302474,0.5628102541302474,1.0,0.01,0.236506000662352,300,800,900,930
2023-09-01,0.498075008392334,0.0020398352766148875,1,0,0.44981339674079585,0.5501866032592042,0.5501866032592042,1.0,0.01,0.236506000662352,300,800,900,930
2023-09-02,0.4990909993648529,0.011937684495138212,1,0,0.4041501231838062,0.5958498768161937,0.5958498768161937,1.0,0.01,0.236506000662352,300,800,900,930
2023-09-03,0.5050489902496338,0.006585497342480817,1,0,0.39274174871595185,0.6072582512840481,0.6072582512840481,1.0,0.01,0.236506000662352,300,800,900,930
2023-09-04,0.5083749890327454,-0.005830263554832182,0,0,0.3988255996776279,0.6011744003223721,0.6011744003223721,1.0,0.01,0.236506000662352,300,800,900,930
2023-09-05,0.5054110288619995,-0.004289577434225866,0,0,0.3913669475176741,0.6086330524823259,0.6086330524823259,1.0,0.01,0.236506000662352,300,800,900,930
2023-09-06,0.5032430291175842,0.0032071473976660325,1,0,0.39750852787042573,0.6024914721295742,0.6024914721295742,1.0,0.01,0.236506000662352,300,800,900,930
2023-09-07,0.5048570036888123,-1.3931366767416797e-05,0,0,0.3774022737093081,0.6225977262906919,0.6225977262906919,1.0,0.01,0.236506000662352,300,800,900,930
2023-09-08,0.5048499703407288,-0.001970843604415906,0,0,0.381964138406564,0.618035861593436,0.618035861593436,1.0,0.01,0.236506000662352,300,800,900,930
2023-09-09,0.5038549900054932,-0.011989541579343732,0,0,0.3692424595227275,0.6307575404772725,0.6307575404772725,1.0,0.01,0.236506000662352,300,800,900,930
2023-09-10,0.4978139996528625,-0.04708586623000921,0,0,0.41681750848953364,0.5831824915104664,0.5831824915104664,1.0,0.01,0.236506000662352,300,800,900,930
2023-09-11,0.474373996257782,0.013415612523441478,1,1,0.537133774153186,0.46286622584681403,0.537133774153186,1.0,0.01,0.236506000662352,300,800,900,930
2023-09-12,0.4807380139827728,0.006317319979410874,1,0,0.4010609018070135,0.5989390981929865,0.5989390981929865,1.0,0.01,0.236506000662352,300,800,900,930
2023-09-13,0.4837749898433685,0.011745173890263416,1,0,0.39800312532494364,0.6019968746750564,0.6019968746750564,1.0,0.01,0.236506000662352,300,800,900,930
2023-09-14,0.4894570112228393,0.023327860671435108,1,0,0.36892235057559003,0.6310776494244099,0.6310776494244099,1.0,0.01,0.236506000662352,300,800,900,930
2023-09-15,0.5008749961853027,-0.0019865438385547884,0,0,0.3514027306368066,0.6485972693631934,0.6485972693631934,1.0,0.01,0.236506000662352,300,800,900,930
2023-09-16,0.4998799860477447,-0.013681238552787911,0,0,0.3652884662118092,0.6347115337881908,0.6347115337881908,1.0,0.01,0.236506000662352,300,800,900,930
2023-09-17,0.4930410087108612,0.020610792826349478,1,0,0.4111820617623956,0.5888179382376044,0.5888179382376044,1.0,0.01,0.24689657766612325,330,830,930,960
2023-09-18,0.5032029747962952,0.02175663278390072,1,0,0.40501646969595184,0.5949835303040482,0.5949835303040482,1.0,0.01,0.24689657766612325,330,830,930,960
2023-09-19,0.5141509771347046,0.014011441195025842,1,0,0.33067316457837004,0.66932683542163,0.66932683542163,1.0,0.01,0.24689657766612325,330,830,930,960
2023-09-20,0.5213549733161926,-0.02719059413722713,0,0,0.3336842689092051,0.6663157310907949,0.6663157310907949,1.0,0.01,0.24689657766612325,330,830,930,960
2023-09-21,0.5071790218353271,0.01051104165305361,1,0,0.42455665134050613,0.5754433486594939,0.5754433486594939,1.0,0.01,0.24689657766612325,330,830,930,960
2023-09-22,0.5125100016593933,-0.008733509170388176,0,0,0.3503485761166451,0.6496514238833548,0.6496514238833548,1.0,0.01,0.24689657766612325,330,830,930,960
2023-09-23,0.5080339908599854,-0.01111341066401228,0,0,0.38470994072612885,0.6152900592738711,0.6152900592738711,1.0,0.01,0.24689657766612325,330,830,930,960
2023-09-24,0.5023880004882812,0.006116740573129498,1,0,0.4157423400727224,0.5842576599272775,0.5842576599272775,1.0,0.01,0.24689657766612325,330,830,930,960
2023-09-25,0.5054609775543213,-0.007424918292291194,0,0,0.4447264206591582,0.5552735793408419,0.5552735793408419,1.0,0.01,0.24689657766612325,330,830,930,960
2023-09-26,0.5017079710960388,-0.004207543473454534,0,0,0.3923524181283187,0.6076475818716813,0.6076475818716813,1.0,0.01,0.24689657766612325,330,830,930,960
2023-09-27,0.4995970129966736,0.01987199241408244,1,0,0.3883868720152128,0.6116131279847872,0.6116131279847872,1.0,0.01,0.24689657766612325,330,830,930,960
2023-09-28,0.5095250010490417,0.023932050061701515,1,0,0.3448539358725621,0.6551460641274379,0.6551460641274379,1.0,0.01,0.24689657766612325,330,830,930,960
2023-09-29,0.5217189788818359,-0.012102261718050289,0,0,0.39901881866932054,0.6009811813306795,0.6009811813306795,1.0,0.01,0.24689657766612325,330,830,930,960
2023-09-30,0.515404999256134,0.017072043322002628,1,0,0.3528927656862221,0.6471072343137779,0.6471072343137779,1.0,0.01,0.24689657766612325,330,830,930,960
2023-10-01,0.5242040157318115,-0.021693900542645972,0,0,0.3935887057419654,0.6064112942580346,0.6064112942580346,1.0,0.01,0.24689657766612325,330,830,930,960
2023-10-02,0.51283198595047,0.049831163637204634,1,1,0.5247983370026544,0.47520166299734556,0.5247983370026544,1.0,0.01,0.24689657766612325,330,830,930,960
2023-10-03,0.5383870005607605,-0.0101339199469479,0,0,0.36369137985733324,0.6363086201426668,0.6363086201426668,1.0,0.01,0.24689657766612325,330,830,930,960
2023-10-04,0.5329310297966003,-0.017948017352229284,0,0,0.460630698381495,0.539369301618505,0.539369301618505,1.0,0.01,0.24689657766612325,330,830,930,960
2023-10-05,0.5233659744262695,0.005401666214155165,1,0,0.45135974542974383,0.5486402545702562,0.5486402545702562,1.0,0.01,0.24689657766612325,330,830,930,960
2023-10-06,0.5261930227279663,-0.00814720888657905,0,0,0.4375383748873221,0.5624616251126779,0.5624616251126779,1.0,0.01,0.24689657766612325,330,830,930,960
2023-10-07,0.5219060182571411,-0.007558818793233946,0,0,0.44549711694673755,0.5545028830532625,0.5545028830532625,1.0,0.01,0.24689657766612325,330,830,930,960
2023-10-08,0.5179610252380371,-0.02844621323221419,0,0,0.4769279341989358,0.5230720658010641,0.5230720658010641,1.0,0.01,0.24689657766612325,330,830,930,960
2023-10-09,0.5032269954681396,-0.01150774605614191,0,1,0.6412439637202572,0.35875603627974284,0.6412439637202572,1.0,0.01,0.24689657766612325,330,830,930,960
2023-10-10,0.497435986995697,-0.017284635683680327,0,0,0.48534714949229946,0.5146528505077006,0.5146528505077006,1.0,0.01,0.24689657766612325,330,830,930,960
2023-10-11,0.4888379871845245,-0.011840320493948564,0,1,0.5317001580448616,0.4682998419551384,0.5317001580448616,1.0,0.01,0.24689657766612325,330,830,930,960
2023-10-12,0.483049988746643,0.005483923588583517,1,1,0.5162993746192496,0.4837006253807504,0.5162993746192496,1.0,0.01,0.24689657766612325,330,830,930,960
2023-10-13,0.4856989979743957,0.0022153903020085686,1,0,0.47222556191681886,0.5277744380831811,0.5277744380831811,1.0,0.01,0.24689657766612325,330,830,930,960
2023-10-14,0.4867750108242035,0.0022001463376495334,1,0,0.44771198371812715,0.5522880162818729,0.5522880162818729,1.0,0.01,0.24689657766612325,330,830,930,960
2023-10-15,0.4878459870815277,0.02076680292704758,1,0,0.4716517261014792,0.5283482738985208,0.5283482738985208,1.0,0.01,0.24689657766612325,330,830,930,960
2023-10-16,0.4979769885540008,-0.012617019169224863,0,1,0.5472757521497048,0.4527242478502952,0.5472757521497048,1.0,0.01,0.24689657766612325,330,830,930,960
2023-10-17,0.4916940033435821,-0.006864012532523223,0,0,0.44206220983359684,0.5579377901664031,0.5579377901664031,1.0,0.01,0.242382959778699,360,860,960,990
2023-10-18,0.4883190095424652,0.06513772402976414,1,0,0.4488851129486664,0.5511148870513336,0.5511148870513336,1.0,0.01,0.242382959778699,360,860,960,990
2023-10-19,0.52012699842453,-0.007926857288492739,0,0,0.38314176701919717,0.6168582329808028,0.6168582329808028,1.0,0.01,0.242382959778699,360,860,960,990
2023-10-20,0.5160040259361267,0.010152925150203052,1,0,0.4211337486319484,0.5788662513680516,0.5788662513680516,1.0,0.01,0.242382959778699,360,860,960,990
2023-10-21,0.5212429761886597,0.002386619288768932,1,0,0.37668609423601374,0.6233139057639863,0.6233139057639863,1.0,0.01,0.242382959778699,360,860,960,990
2023-10-22,0.5224869847297668,0.04666720739978447,1,0,0.409806649850516,0.590193350149484,0.590193350149484,1.0,0.01,0.242382959778699,360,860,960,990
2023-10-23,0.5468699932098389,0.02132500689921568,1,0,0.4622493913335678,0.5377506086664322,0.5377506086664322,1.0,0.01,0.242382959778699,360,860,960,990
2023-10-24,0.5585319995880127,-0.005775823393391999,0,0,0.38321812950717243,0.6167818704928276,0.6167818704928276,1.0,0.01,0.242382959778699,360,860,960,990
2023-10-25,0.5553060173988342,-0.0029227748779609986,0,0,0.3809830204036721,0.6190169795963278,0.6190169795963278,1.0,0.01,0.242382959778699,360,860,960,990
2023-10-26,0.5536829829216003,-0.013682899787808678,0,0,0.40046943048838246,0.5995305695116175,0.5995305695116175,1.0,0.01,0.242382959778699,360,860,960,990
2023-10-27,0.5461069941520691,-0.0013110452726460275,0,0,0.4212908115758721,0.5787091884241279,0.5787091884241279,1.0,0.01,0.242382959778699,360,860,960,990
2023-10-28,0.5453910231590271,0.0201744388038525,1,0,0.404377559222254,0.595622440777746,0.595622440777746,1.0,0.01,0.242382959778699,360,860,960,990
2023-10-29,0.5563939809799194,0.04052891874247844,1,0,0.39171452799879714,0.6082854720012029,0.6082854720012029,1.0,0.01,0.242382959778699,360,860,960,990
2023-10-30,0.5789440274238586,0.03685673395298639,1,0,0.4090175497538568,0.5909824502461432,0.5909824502461432,1.0,0.01,0.242382959778699,360,860,960,990
2023-10-31,0.6002820134162903,0.015419428002670266,1,0,0.3487762875432492,0.6512237124567508,0.6512237124567508,1.0,0.01,0.242382959778699,360,860,960,990
2023-11-01,0.6095380187034607,-0.00508421821234184,0,0,0.3678972365320407,0.6321027634679592,0.6321027634679592,1.0,0.01,0.242382959778699,360,860,960,990
2023-11-02,0.6064389944076538,0.010822206177529825,1,0,0.40750494181677654,0.5924950581832235,0.5924950581832235,1.0,0.01,0.242382959778699,360,860,960,990
2023-11-03,0.6130020022392273,0.005190837794510905,1,0,0.38643819623799475,0.6135618037620052,0.6135618037620052,1.0,0.01,0.242382959778699,360,860,960,990
2023-11-04,0.6161839962005615,0.07297009088541806,1,0,0.3926293959633505,0.6073706040366496,0.6073706040366496,1.0,0.01,0.242382959778699,360,860,960,990
2023-11-05,0.6611469984054565,0.08223585101106123,1,0,0.3844930878798911,0.6155069121201089,0.6155069121201089,1.0,0.01,0.242382959778699,360,860,960,990
2023-11-06,0.715516984462738,-0.04069080435037764,0,0,0.32714752927705526,0.6728524707229447,0.6728524707229447,1.0,0.01,0.242382959778699,360,860,960,990
2023-11-07,0.6864020228385925,0.0024387988275356154,1,0,0.43456368205309476,0.5654363179469053,0.5654363179469053,1.0,0.01,0.242382959778699,360,860,960,990
2023-11-08,0.6880760192871094,-0.029940055440055402,0,0,0.40008130764867,0.59991869235133,0.59991869235133,1.0,0.01,0.242382959778699,360,860,960,990
2023-11-09,0.6674749851226807,-0.010337484770107652,0,1,0.5267452673301308,0.47325473266986917,0.5267452673301308,1.0,0.01,0.242382959778699,360,860,960,990
2023-11-10,0.6605749726295471,0.00326989790941834,1,0,0.45671168856500294,0.5432883114349971,0.5432883114349971,1.0,0.01,0.242382959778699,360,860,960,990
2023-11-11,0.6627349853515625,-0.0018091802316211325,0,0,0.45299610891554387,0.5470038910844561,0.5470038910844561,1.0,0.01,0.242382959778699,360,860,960,990
2023-11-12,0.6615359783172607,0.01509821121908339,1,0,0.4412043536759845,0.5587956463240156,0.5587956463240156,1.0,0.01,0.242382959778699,360,860,960,990
2023-11-13,0.6715239882469177,-0.062322396264329116,0,1,0.5296569731075664,0.47034302689243357,0.5296569731075664,1.0,0.01,0.242382959778699,360,860,960,990
2023-11-14,0.6296730041503906,0.03172282509920343,1,1,0.5419986280032436,0.4580013719967564,0.5419986280032436,1.0,0.01,0.242382959778699,360,860,960,990
2023-11-15,0.6496480107307434,-0.05769277526002847,0,0,0.408196732869703,0.5918032671302971,0.5918032671302971,1.0,0.01,0.242382959778699,360,860,960,990
2023-11-16,0.61216801404953,0.0025303600855850483,1,1,0.6215685598607362,0.3784314401392638,0.6215685598607362,1.0,scale,0.25229057021882445,390,890,990,1020
2023-11-17,0.6137170195579529,-0.00411918150922308,0,1,0.5443397988510011,0.45566020114899886,0.5443397988510011,1.0,scale,0.25229057021882445,390,890,990,1020
2023-11-18,0.6111890077590942,0.026685651035444513,1,1,0.5567205823132682,0.44327941768673185,0.5567205823132682,1.0,scale,0.25229057021882445,390,890,990,1020
2023-11-19,0.627498984336853,-0.023357744522395474,0,0,0.48239114033005454,0.5176088596699455,0.5176088596699455,1.0,scale,0.25229057021882445,390,890,990,1020
2023-11-20,0.6128420233726501,-0.05283587486722874,0,1,0.5433013221234605,0.4566986778765395,0.5433013221234605,1.0,scale,0.25229057021882445,390,890,990,1020
2023-11-21,0.5804619789123535,0.05415865382640672,1,1,0.6044775715540052,0.39552242844599483,0.6044775715540052,1.0,scale,0.25229057021882445,390,890,990,1020
2023-11-22,0.6118990182876587,0.013634572191091321,1,0,0.45118190459533714,0.5488180954046629,0.5488180954046629,1.0,scale,0.25229057021882445,390,890,990,1020
2023-11-23,0.6202419996261597,0.002642530694505707,1,0,0.4843980896573873,0.5156019103426127,0.5156019103426127,1.0,scale,0.25229057021882445,390,890,990,1020
2023-11-24,0.6218810081481934,0.0025133628129268004,1,0,0.49435007530448416,0.5056499246955158,0.5056499246955158,1.0,scale,0.25229057021882445,390,890,990,1020
2023-11-25,0.6234440207481384,-0.010626449916369185,0,1,0.5079605695467486,0.4920394304532514,0.5079605695467486,1.0,scale,0.25229057021882445,390,890,990,1020
2023-11-26,0.6168190240859985,-0.020534461689445838,0,1,0.5340966711740158,0.4659033288259842,0.5340966711740158,1.0,scale,0.25229057021882445,390,890,990,1020
2023-11-27,0.6041529774665833,0.01203176202063827,1,1,0.5436685230304676,0.45633147696953236,0.5436685230304676,1.0,scale,0.25229057021882445,390,890,990,1020
2023-11-28,0.6114220023155212,-0.003375720257801751,0,0,0.49326450234433733,0.5067354976556626,0.5067354976556626,1.0,scale,0.25229057021882445,390,890,990,1020
2023-11-29,0.609358012676239,-0.00492324859676363,0,1,0.5034026644113999,0.4965973355886001,0.5034026644113999,1.0,scale,0.25229057021882445,390,890,990,1020
2023-11-30,0.606357991695404,0.010813723662019381,1,1,0.5073535205365823,0.49264647946341766,0.5073535205365823,1.0,scale,0.25229057021882445,390,890,990,1020
2023-12-01,0.6129149794578552,0.01315189224319302,1,0,0.4170399879240784,0.5829600120759215,0.5829600120759215,1.0,scale,0.25229057021882445,390,890,990,1020
2023-12-02,0.6209759712219238,0.004423680449918255,1,0,0.4173680851882754,0.5826319148117246,0.5826319148117246,1.0,scale,0.25229057021882445,390,890,990,1020
2023-12-03,0.6237229704856873,0.0010437356984462909,1,0,0.41647902331438263,0.5835209766856173,0.5835209766856173,1.0,scale,0.25229057021882445,390,890,990,1020
2023-12-04,0.6243739724159241,-0.0038069710366055443,0,0,0.4350242296198648,0.5649757703801352,0.5649757703801352,1.0,scale,0.25229057021882445,390,890,990,1020
2023-12-05,0.6219969987869263,0.029479238797099683,1,0,0.45705288579836867,0.5429471142016313,0.5429471142016313,1.0,scale,0.25229057021882445,390,890,990,1020
2023-12-06,0.6403329968452454,0.005152003559525387,1,0,0.3843625884797237,0.6156374115202763,0.6156374115202763,1.0,scale,0.25229057021882445,390,890,990,1020
2023-12-07,0.6436319947242737,0.04584300957747911,1,0,0.42016270627000885,0.5798372937299912,0.5798372937299912,1.0,scale,0.25229057021882445,390,890,990,1020
2023-12-08,0.6731380224227905,-0.021279453754420086,0,0,0.3855452748059823,0.6144547251940178,0.6144547251940178,1.0,scale,0.25229057021882445,390,890,990,1020
2023-12-09,0.658814013004303,0.00419539738525021,1,0,0.4481814714860547,0.5518185285139453,0.5518185285139453,1.0,scale,0.25229057021882445,390,890,990,1020
2023-12-10,0.6615779995918274,-0.06252776604795363,0,0,0.4583183150742658,0.5416816849257342,0.5416816849257342,1.0,scale,0.25229057021882445,390,890,990,1020
2023-12-11,0.6202110052108765,-0.0010674250923605744,0,1,0.5511817594154521,0.4488182405845479,0.5511817594154521,1.0,scale,0.25229057021882445,390,890,990,1020
2023-12-12,0.6195489764213562,0.014425011691496126,1,0,0.4710455295372949,0.5289544704627052,0.5289544704627052,1.0,scale,0.25229057021882445,390,890,990,1020
2023-12-13,0.6284859776496887,0.006278590833198594,1,0,0.4408736512611834,0.5591263487388166,0.5591263487388166,1.0,scale,0.25229057021882445,390,890,990,1020
2023-12-14,0.6324319839477539,-0.026785485400804943,0,0,0.4511472872208236,0.5488527127791765,0.5488527127791765,1.0,scale,0.25229057021882445,390,890,990,1020
2023-12-15,0.6154919862747192,0.00705619721095041,1,0,0.4941896953017361,0.5058103046982638,0.5058103046982638,1.0,scale,0.25229057021882445,390,890,990,1020
2023-12-16,0.6198350191116333,-0.015192748299709624,0,0,0.47967523563380793,0.5203247643661921,0.5203247643661921,10.0,scale,0.2552134504362729,420,920,1020,1050
2023-12-17,0.6104180216789246,0.0034598771715774745,1,0,0.47441813755033635,0.5255818624496637,0.5255818624496637,10.0,scale,0.2552134504362729,420,920,1020,1050
2023-12-18,0.612529993057251,-0.011548819700934576,0,0,0.4791850853542438,0.5208149146457561,0.5208149146457561,10.0,scale,0.2552134504362729,420,920,1020,1050
2023-12-19,0.6054559946060181,0.019593485482088502,1,0,0.4762499492613464,0.5237500507386537,0.5237500507386537,10.0,scale,0.2552134504362729,420,920,1020,1050
2023-12-20,0.6173189878463745,0.010676849642373476,1,0,0.4640036460180462,0.5359963539819538,0.5359963539819538,10.0,scale,0.2552134504362729,420,920,1020,1050
2023-12-21,0.6239100098609924,0.002391312592829209,1,0,0.4688490088229312,0.5311509911770689,0.5311509911770689,10.0,scale,0.2552134504362729,420,920,1020,1050
2023-12-22,0.6254019737243652,-0.008309837194248382,0,0,0.46691530949386817,0.5330846905061318,0.5330846905061318,10.0,scale,0.2552134504362729,420,920,1020,1050
2023-12-23,0.6202049851417542,-0.010781895748835257,0,0,0.4716396728313889,0.528360327168611,0.528360327168611,10.0,scale,0.2552134504362729,420,920,1020,1050
2023-12-24,0.6135179996490479,0.0534930891729275,1,0,0.4704982411393327,0.5295017588606673,0.5295017588606673,10.0,scale,0.2552134504362729,420,920,1020,1050
2023-12-25,0.6463369727134705,-0.037082794811935216,0,0,0.4632572640173156,0.5367427359826844,0.5367427359826844,10.0,scale,0.2552134504362729,420,920,1020,1050
2023-12-26,0.6223689913749695,0.020063651048750186,1,0,0.48574386981545525,0.5142561301845447,0.5142561301845447,10.0,scale,0.2552134504362729,420,920,1020,1050
2023-12-27,0.6348559856414795,0.00022373242390760772,1,0,0.4763356743892054,0.5236643256107947,0.5236643256107947,10.0,scale,0.2552134504362729,420,920,1020,1050
2023-12-28,0.6349980235099792,-0.01826151201591142,0,0,0.47025633685158474,0.5297436631484153,0.5297436631484153,10.0,scale,0.2552134504362729,420,920,1020,1050
2023-12-29,0.6234019994735718,-0.0024991992504027616,0,0,0.48568696123317145,0.5143130387668285,0.5143130387668285,10.0,scale,0.2552134504362729,420,920,1020,1050
2023-12-30,0.6218439936637878,-0.011100843291419693,0,0,0.4824103496780242,0.5175896503219758,0.5175896503219758,10.0,scale,0.2552134504362729,420,920,1020,1050
2023-12-31,0.6149410009384155,0.024621890980302652,1,0,0.47697515862107204,0.523024841378928,0.523024841378928,10.0,scale,0.2552134504362729,420,920,1020,1050
2024-01-01,0.6300820112228394,-0.007489531286568152,0,0,0.465209641119464,0.534790358880536,0.534790358880536,10.0,scale,0.2552134504362729,420,920,1020,1050
2024-01-02,0.6253629922866821,-0.06841310159790692,0,0,0.475215857624039,0.5247841423759609,0.5247841423759609,10.0,scale,0.2552134504362729,420,920,1020,1050
2024-01-03,0.5825799703598022,0.009691459136265568,1,1,0.5100767728916893,0.4899232271083107,0.5100767728916893,10.0,scale,0.2552134504362729,420,920,1020,1050
2024-01-04,0.5882260203361511,-0.01995836371107107,0,0,0.4707077036843951,0.5292922963156049,0.5292922963156049,10.0,scale,0.2552134504362729,420,920,1020,1050
2024-01-05,0.5764859914779663,-0.013832025583576213,0,0,0.4754442809912946,0.5245557190087053,0.5245557190087053,10.0,scale,0.2552134504362729,420,920,1020,1050
2024-01-06,0.5685120224952698,-0.029499848449090593,0,0,0.4815924248920346,0.5184075751079654,0.5184075751079654,10.0,scale,0.2552134504362729,420,920,1020,1050
2024-01-07,0.5517410039901733,0.04745341687374238,1,0,0.4837246167005623,0.5162753832994377,0.5162753832994377,10.0,scale,0.2552134504362729,420,920,1020,1050
2024-01-08,0.5779229998588562,-0.01953549831532564,0,0,0.4983724989688872,0.5016275010311129,0.5016275010311129,10.0,scale,0.2552134504362729,420,920,1020,1050
2024-01-09,0.5666329860687256,0.05886704751389682,1,0,0.4779000035326615,0.5220999964673385,0.5220999964673385,10.0,scale,0.2552134504362729,420,920,1020,1050
2024-01-10,0.5999889969825745,0.0035100825589140516,1,0,0.47224003427969663,0.5277599657203034,0.5277599657203034,10.0,scale,0.2552134504362729,420,920,1020,1050
2024-01-11,0.6020950078964233,-0.05280890578586617,0,0,0.47281150199398736,0.5271884980060126,0.5271884980060126,10.0,scale,0.2552134504362729,420,920,1020,1050
2024-01-12,0.5702990293502808,0.008379781417909404,1,0,0.49157183619586514,0.5084281638041348,0.5084281638041348,10.0,scale,0.2552134504362729,420,920,1020,1050
2024-01-13,0.575078010559082,0.0020084558707689215,1,0,0.4749808617285317,0.5250191382714683,0.5250191382714683,10.0,scale,0.2552134504362729,420,920,1020,1050
2024-01-14,0.5762330293655396,-0.0005432586790539151,0,0,0.47291507709158115,0.5270849229084189,0.5270849229084189,10.0,scale,0.2552134504362729,420,920,1020,1050
2024-01-15,0.5759199857711792,4.688308228639748e-05,1,0,0.47142606490099714,0.5285739350990029,0.5285739350990029,1.0,0.1,0.2575590415050064,450,950,1050,1080
2024-01-16,0.5759469866752625,-0.0138449704003617,0,0,0.4714405991622117,0.5285594008377883,0.5285594008377883,1.0,0.1,0.2575590415050064,450,950,1050,1080
2024-01-17,0.5679730176925659,-0.028286580992812893,0,0,0.4714440538304644,0.5285559461695356,0.5285559461695356,1.0,0.1,0.2575590415050064,450,950,1050,1080
2024-01-18,0.5519070029258728,-0.013862898960771308,0,0,0.471407064114769,0.528592935885231,0.528592935885231,1.0,0.1,0.2575590415050064,450,950,1050,1080
2024-01-19,0.5442559719085693,0.016297488802006432,1,0,0.4714393245321711,0.5285606754678289,0.5285606754678289,1.0,0.1,0.2575590415050064,450,950,1050,1080
2024-01-20,0.5531259775161743,-0.012682445117487062,0,0,0.47144694617270966,0.5285530538272903,0.5285530538272903,1.0,0.1,0.2575590415050064,450,950,1050,1080
2024-01-21,0.546110987663269,-0.03551474740516003,0,0,0.47142110186546127,0.5285788981345387,0.5285788981345387,1.0,0.1,0.2575590415050064,450,950,1050,1080
2024-01-22,0.5267159938812256,-0.017047180277810048,0,0,0.47121423832669734,0.5287857616733027,0.5287857616733027,1.0,0.1,0.2575590415050064,450,950,1050,1080
2024-01-23,0.5177369713783264,0.00048490793138755706,1,0,0.4714122197008275,0.5285877802991725,0.5285877802991725,1.0,0.1,0.2575590415050064,450,950,1050,1080
2024-01-24,0.5179880261421204,-0.008459682566860915,0,0,0.4713845273028141,0.5286154726971859,0.5286154726971859,1.0,0.1,0.2575590415050064,450,950,1050,1080
2024-01-25,0.5136060118675232,0.03618142949436787,1,0,0.47136255137951166,0.5286374486204883,0.5286374486204883,1.0,0.1,0.2575590415050064,450,950,1050,1080
2024-01-26,0.5321890115737915,-0.003624624103307883,0,0,0.4714528823186504,0.5285471176813497,0.5285471176813497,1.0,0.1,0.2575590415050064,450,950,1050,1080
2024-01-27,0.5302600264549255,-0.011628334382647543,0,0,0.47141918678454037,0.5285808132154597,0.5285808132154597,1.0,0.1,0.2575590415050064,450,950,1050,1080
2024-01-28,0.5240939855575562,0.02098105298880748,1,0,0.4714178587834208,0.5285821412165792,0.5285821412165792,1.0,0.1,0.2575590415050064,450,950,1050,1080
2024-01-29,0.5350900292396545,-0.04558486880440171,0,0,0.4713800895365402,0.5286199104634598,0.5286199104634598,1.0,0.1,0.2575590415050064,450,950,1050,1080
2024-01-30,0.5106980204582214,-0.014695572210892682,0,0,0.4712749626266665,0.5287250373733334,0.5287250373733334,1.0,0.1,0.2575590415050064,450,950,1050,1080
2024-01-31,0.5031930208206177,0.005298158840052913,1,0,0.4714221502739154,0.5285778497260847,0.5285778497260847,1.0,0.1,0.2575590415050064,450,950,1050,1080
2024-02-01,0.5058590173721313,0.009000453168681366,1,0,0.4714490472324446,0.5285509527675554,0.5285509527675554,1.0,0.1,0.2575590415050064,450,950,1050,1080
2024-02-02,0.5104119777679443,0.01670619196449219,1,0,0.4714590044377612,0.5285409955622389,0.5285409955622389,1.0,0.1,0.2575590415050064,450,950,1050,1080
2024-02-03,0.5189390182495117,-0.03015970408731461,0,0,0.4714599737206746,0.5285400262793254,0.5285400262793254,1.0,0.1,0.2575590415050064,450,950,1050,1080
2024-02-04,0.5032879710197449,0.005873442091217207,1,0,0.4713834510247452,0.5286165489752548,0.5286165489752548,1.0,0.1,0.2575590415050064,450,950,1050,1080
2024-02-05,0.5062440037727356,-0.0021550940057326606,0,0,0.4714240294271401,0.5285759705728599,0.5285759705728599,1.0,0.1,0.2575590415050064,450,950,1050,1080
2024-02-06,0.5051530003547668,0.017095806154079574,1,0,0.47146594885091764,0.5285340511490824,0.5285340511490824,1.0,0.1,0.2575590415050064,450,950,1050,1080
2024-02-07,0.5137889981269836,0.0014402637416996988,1,0,0.4714692922914481,0.5285307077085519,0.5285307077085519,1.0,0.1,0.2575590415050064,450,950,1050,1080
2024-02-08,0.5145289897918701,0.022354479027992813,1,0,0.47144797713983866,0.5285520228601613,0.5285520228601613,1.0,0.1,0.2575590415050064,450,950,1050,1080
2024-02-09,0.5260310173034668,-0.0036481330569170245,0,0,0.47146640290268926,0.5285335970973107,0.5285335970973107,1.0,0.1,0.2575590415050064,450,950,1050,1080
2024-02-10,0.5241119861602783,0.003762592202557924,1,0,0.4714080593712457,0.5285919406287543,0.5285919406287543,1.0,0.1,0.2575590415050064,450,950,1050,1080
2024-02-11,0.5260840058326721,0.011049571022719196,1,0,0.4714604451279613,0.5285395548720386,0.5285395548720386,1.0,0.1,0.2575590415050064,450,950,1050,1080
2024-02-12,0.5318970084190369,-0.013277040114633376,0,0,0.47146930234550105,0.528530697654499,0.528530697654499,1.0,0.1,0.2575590415050064,450,950,1050,1080
2024-02-13,0.5248349905014038,0.025848156842436465,1,0,0.47140789347546747,0.5285921065245325,0.5285921065245325,1.0,0.1,0.2575590415050064,450,950,1050,1080
2024-02-14,0.5384010076522827,0.04523390683138362,1,0,0.4426286918406716,0.5573713081593283,0.5573713081593283,1.0,scale,0.2504218239787651,480,980,1080,1110
2024-02-15,0.5627549886703491,0.003918249101675153,1,0,0.43287625711403294,0.567123742885967,0.567123742885967,1.0,scale,0.2504218239787651,480,980,1080,1110
2024-02-16,0.5649600028991699,-0.026681560794289738,0,0,0.46381596119738444,0.5361840388026156,0.5361840388026156,1.0,scale,0.2504218239787651,480,980,1080,1110
2024-02-17,0.5498859882354736,0.012760856906618878,1,0,0.48123343934628293,0.5187665606537171,0.5187665606537171,1.0,scale,0.2504218239787651,480,980,1080,1110
2024-02-18,0.5569030046463013,0.010224351571535673,1,0,0.46191119454829316,0.5380888054517068,0.5380888054517068,1.0,scale,0.2504218239787651,480,980,1080,1110
2024-02-19,0.5625969767570496,0.0005777210710120606,1,0,0.45276840144495994,0.54723159855504,0.54723159855504,1.0,scale,0.2504218239787651,480,980,1080,1110
2024-02-20,0.5629220008850098,-0.024724531207513945,0,0,0.4593822036443539,0.5406177963556461,0.5406177963556461,1.0,scale,0.2504218239787651,480,980,1080,1110
2024-02-21,0.5490040183067322,-0.01473581058846507,0,0,0.4836416360654654,0.5163583639345346,0.5163583639345346,1.0,scale,0.2504218239787651,480,980,1080,1110
2024-02-22,0.540913999080658,-0.011794890838389471,0,0,0.4741232564033102,0.5258767435966898,0.5258767435966898,1.0,scale,0.2504218239787651,480,980,1080,1110
2024-02-23,0.5345339775085449,0.01980041909047192,1,0,0.46964462329378004,0.5303553767062199,0.5303553767062199,1.0,scale,0.2504218239787651,480,980,1080,1110
2024-02-24,0.545117974281311,-0.004940210344645868,0,0,0.4521455085769629,0.5478544914230371,0.5478544914230371,1.0,scale,0.2504218239787651,480,980,1080,1110
2024-02-25,0.5424249768257141,0.016555350814432934,1,0,0.4622058639074849,0.5377941360925151,0.5377941360925151,1.0,scale,0.2504218239787651,480,980,1080,1110
2024-02-26,0.5514050126075745,0.0632075892864381,1,0,0.44911667831898927,0.5508833216810107,0.5508833216810107,1.0,scale,0.2504218239787651,480,980,1080,1110
2024-02-27,0.5862579941749573,-0.01781974113483864,0,0,0.4320881636170636,0.5679118363829364,0.5679118363829364,1.0,scale,0.2504218239787651,480,980,1080,1110
2024-02-28,0.5758110284805298,0.018259395522346455,1,0,0.465724418800651,0.5342755811993489,0.5342755811993489,1.0,scale,0.2504218239787651,480,980,1080,1110
2024-02-29,0.5863249897956848,0.026546775249644217,1,0,0.4426338835456048,0.5573661164543953,0.5573661164543953,1.0,scale,0.2504218239787651,480,980,1080,1110
2024-03-01,0.6018900275230408,0.07137682870901974,1,0,0.48874333573970685,0.5112566642602931,0.5112566642602931,1.0,scale,0.2504218239787651,480,980,1080,1110
2024-03-02,0.64485102891922,-0.02757078993474793,0,0,0.4472153252860695,0.5527846747139304,0.5527846747139304,1.0,scale,0.2504218239787651,480,980,1080,1110
2024-03-03,0.6270719766616821,0.03677574173600884,1,1,0.5177386802510726,0.4822613197489274,0.5177386802510726,1.0,scale,0.2504218239787651,480,980,1080,1110
2024-03-04,0.6501330137252808,-0.08803125064749484,0,0,0.4622012057229285,0.5377987942770714,0.5377987942770714,1.0,scale,0.2504218239787651,480,980,1080,1110
2024-03-05,0.5929009914398193,0.03263954540903247,1,1,0.5640856855072969,0.4359143144927031,0.5640856855072969,1.0,scale,0.2504218239787651,480,980,1080,1110
2024-03-06,0.6122530102729797,0.026738964871254156,1,1,0.5042382385543478,0.4957617614456522,0.5042382385543478,1.0,scale,0.2504218239787651,480,980,1080,1110
2024-03-07,0.6286240220069885,-0.010608955848261825,0,0,0.4993283541009807,0.5006716458990192,0.5006716458990192,1.0,scale,0.2504218239787651,480,980,1080,1110
2024-03-08,0.6219549775123596,-0.00024111919942293447,0,1,0.5238750085924488,0.47612499140755116,0.5238750085924488,1.0,scale,0.2504218239787651,480,980,1080,1110
2024-03-09,0.6218050122261047,-0.02150676988469402,0,1,0.5185724645345392,0.4814275354654608,0.5185724645345392,1.0,scale,0.2504218239787651,480,980,1080,1110
2024-03-10,0.6084319949150085,0.18014174461771626,1,1,0.5310117765156687,0.46898822348433133,0.5310117765156687,1.0,scale,0.2504218239787651,480,980,1080,1110
2024-03-11,0.7180359959602356,-0.04153969839735461,0,1,0.5164360553957451,0.4835639446042549,0.5164360553957451,1.0,scale,0.2504218239787651,480,980,1080,1110
2024-03-12,0.6882089972496033,0.003982771520853801,1,1,0.5281864446495537,0.47181355535044633,0.5281864446495537,1.0,scale,0.2504218239787651,480,980,1080,1110
2024-03-13,0.6909499764442444,-0.03036830659743517,0,1,0.5117977793339777,0.48820222066602226,0.5117977793339777,1.0,scale,0.2504218239787651,480,980,1080,1110
2024-03-14,0.669966995716095,-0.054077243062189084,0,1,0.5329330111037284,0.46706698889627163,0.5329330111037284,1.0,scale,0.2504218239787651,480,980,1080,1110
2024-03-15,0.6337370276451111,-0.048406545951348634,0,1,0.5445626974915038,0.45543730250849623,0.5445626974915038,1.0,0.1,0.25098354871324097,510,1010,1110,1140
2024-03-16,0.6030600070953369,0.026816554961083927,1,1,0.5380508525790657,0.4619491474209343,0.5380508525790657,1.0,0.1,0.25098354871324097,510,1010,1110,1140
2024-03-17,0.6192319989204407,0.04575507780400967,1,1,0.5229021514850961,0.4770978485149039,0.5229021514850961,1.0,0.1,0.25098354871324097,510,1010,1110,1140
2024-03-18,0.6475650072097778,-0.09747901804969616,0,0,0.49534088043255337,0.5046591195674466,0.5046591195674466,1.0,0.1,0.25098354871324097,510,1010,1110,1140
2024-03-19,0.5844410061836243,0.047431626979428376,1,1,0.5508900812158158,0.44910991878418416,0.5508900812158158,1.0,0.1,0.25098354871324097,510,1010,1110,1140
2024-03-20,0.6121619939804077,0.04660365825042012,1,1,0.5056275135290089,0.4943724864709911,0.5056275135290089,1.0,0.1,0.25098354871324097,510,1010,1110,1140
2024-03-21,0.6406909823417664,-0.04642175917393698,0,1,0.5011197823013114,0.4988802176986886,0.5011197823013114,1.0,0.1,0.25098354871324097,510,1010,1110,1140
2024-03-22,0.6109489798545837,0.010879780464882804,1,1,0.5271463941548321,0.4728536058451679,0.5271463941548321,1.0,0.1,0.25098354871324097,510,1010,1110,1140
2024-03-23,0.6175959706306458,0.02486097386479491,1,1,0.5171743762172927,0.4828256237827073,0.5171743762172927,1.0,0.1,0.25098354871324097,510,1010,1110,1140
2024-03-24,0.6329500079154968,0.012771939419947254,1,1,0.5090145053844602,0.49098549461553975,0.5090145053844602,1.0,0.1,0.25098354871324097,510,1010,1110,1140
2024-03-25,0.6410340070724487,-0.013698205986071632,0,0,0.4955904229771107,0.5044095770228894,0.5044095770228894,1.0,0.1,0.25098354871324097,510,1010,1110,1140
2024-03-26,0.6322529911994934,-0.032090008479893184,0,1,0.5074294845921216,0.49257051540787844,0.5074294845921216,1.0,0.1,0.25098354871324097,510,1010,1110,1140
2024-03-27,0.6119639873504639,0.02057309147747577,1,1,0.5218132897269144,0.47818671027308557,0.5218132897269144,1.0,0.1,0.25098354871324097,510,1010,1110,1140
2024-03-28,0.6245539784431458,0.009920715018318482,1,1,0.502053501500659,0.49794649849934103,0.502053501500659,1.0,0.1,0.25098354871324097,510,1010,1110,1140
2024-03-29,0.6307500004768372,-0.01413237230076958,0,1,0.5029420877209615,0.4970579122790385,0.5029420877209615,1.0,0.1,0.25098354871324097,510,1010,1110,1140
2024-03-30,0.6218360066413879,0.011882568587142206,1,1,0.520994775312097,0.47900522468790296,0.520994775312097,1.0,0.1,0.25098354871324097,510,1010,1110,1140
2024-03-31,0.6292250156402588,-0.028554245080159912,0,1,0.5079646218351681,0.4920353781648319,0.5079646218351681,1.0,0.1,0.25098354871324097,510,1010,1110,1140
2024-04-01,0.6112579703330994,-0.04219485769521769,0,1,0.5230422950895001,0.47695770491049994,0.5230422950895001,1.0,0.1,0.25098354871324097,510,1010,1110,1140
2024-04-02,0.5854660272598267,-0.018018140003196792,0,1,0.5084581706106286,0.4915418293893714,0.5084581706106286,1.0,0.1,0.25098354871324097,510,1010,1110,1140
2024-04-03,0.5749170184135437,0.03259424310199566,1,0,0.4947433991040368,0.5052566008959631,0.5052566008959631,1.0,0.1,0.25098354871324097,510,1010,1110,1140
2024-04-04,0.5936560034751892,-0.010330932203602594,0,0,0.4798040600125793,0.5201959399874208,0.5201959399874208,1.0,0.1,0.25098354871324097,510,1010,1110,1140
2024-04-05,0.5875229835510254,0.00990088262148725,1,0,0.4860248853205792,0.5139751146794208,0.5139751146794208,1.0,0.1,0.25098354871324097,510,1010,1110,1140
2024-04-06,0.5933399796485901,0.0025180336353278765,1,0,0.4803556885995513,0.5196443114004488,0.5196443114004488,1.0,0.1,0.25098354871324097,510,1010,1110,1140
2024-04-07,0.59483402967453,0.034725635414997624,1,0,0.47892076061700706,0.5210792393829929,0.5210792393829929,1.0,0.1,0.25098354871324097,510,1010,1110,1140
2024-04-08,0.6154900193214417,-0.002718228926027022,0,0,0.49630432215243475,0.5036956778475652,0.5036956778475652,1.0,0.1,0.25098354871324097,510,1010,1110,1140
2024-04-09,0.6138169765472412,0.00609954807372981,1,0,0.4805515494493203,0.5194484505506797,0.5194484505506797,1.0,0.1,0.25098354871324097,510,1010,1110,1140
2024-04-10,0.6175609827041626,-0.014056910203442685,0,0,0.48175181873198597,0.518248181268014,0.518248181268014,1.0,0.1,0.25098354871324097,510,1010,1110,1140
2024-04-11,0.6088799834251404,-0.09930691292707583,0,0,0.48466990658058684,0.5153300934194132,0.5153300934194132,1.0,0.1,0.25098354871324097,510,1010,1110,1140
2024-04-12,0.5484139919281006,-0.12325543481804957,0,1,0.5293840882667402,0.4706159117332598,0.5293840882667402,1.0,0.1,0.25098354871324097,510,1010,1110,1140
2024-04-13,0.4808189868927002,0.04874805437196694,1,1,0.5299473030354401,0.47005269696455987,0.5299473030354401,1.0,0.1,0.25098354871324097,510,1010,1110,1140
2024-04-14,0.5042579770088196,-0.01294372547663758,0,1,0.5381453255437967,0.4618546744562033,0.5381453255437967,10.0,scale,0.2515195217991808,540,1040,1140,1170
2024-04-15,0.4977310001850128,-0.0020814221546499034,0,1,0.5584352444171593,0.4415647555828407,0.5584352444171593,10.0,scale,0.2515195217991808,540,1040,1140,1170
2024-04-16,0.4966950118541717,-0.003732677863660161,0,1,0.5415179026331794,0.45848209736682055,0.5415179026331794,10.0,scale,0.2515195217991808,540,1040,1140,1170
2024-04-17,0.4948410093784332,0.016453698298415143,1,1,0.5200032393624123,0.47999676063758767,0.5200032393624123,10.0,scale,0.2515195217991808,540,1040,1140,1170
2024-04-18,0.5029829740524292,0.0015965816349383655,1,0,0.4829057576345689,0.5170942423654311,0.5170942423654311,10.0,scale,0.2515195217991808,540,1040,1140,1170
2024-04-19,0.503786027431488,0.050630569086337784,1,1,0.5008460176777505,0.4991539823222495,0.5008460176777505,10.0,scale,0.2515195217991808,540,1040,1140,1170
2024-04-20,0.5292930006980896,-0.008715366095938704,0,0,0.49804780924814307,0.5019521907518569,0.5019521907518569,10.0,scale,0.2515195217991808,540,1040,1140,1170
2024-04-21,0.5246800184249878,0.06128117946032274,1,1,0.5042306470387337,0.49576935296126634,0.5042306470387337,10.0,scale,0.2515195217991808,540,1040,1140,1170
2024-04-22,0.556833028793335,-0.02096507554825955,0,0,0.4944595101119129,0.5055404898880871,0.5055404898880871,10.0,scale,0.2515195217991808,540,1040,1140,1170
2024-04-23,0.5451589822769165,-0.03256842968429685,0,1,0.5062933059135275,0.4937066940864725,0.5062933059135275,10.0,scale,0.2515195217991808,540,1040,1140,1170
2024-04-24,0.5274040102958679,-0.0035874399931919987,0,1,0.5252764069221711,0.47472359307782885,0.5252764069221711,10.0,scale,0.2515195217991808,540,1040,1140,1170
2024-04-25,0.5255119800567627,0.0011418197524042384,1,1,0.5030333170466429,0.4969666829533571,0.5030333170466429,10.0,scale,0.2515195217991808,540,1040,1140,1170
2024-04-26,0.5261120200157166,-0.015846474813052902,0,1,0.5005732385545398,0.49942676144546017,0.5005732385545398,10.0,scale,0.2515195217991808,540,1040,1140,1170
2024-04-27,0.5177749991416931,-0.01428807747090044,0,1,0.5248478577364942,0.4751521422635058,0.5248478577364942,10.0,scale,0.2515195217991808,540,1040,1140,1170
2024-04-28,0.5103769898414612,0.009904463601163371,1,1,0.5101309235348326,0.4898690764651674,0.5101309235348326,10.0,scale,0.2515195217991808,540,1040,1140,1170
2024-04-29,0.5154320001602173,-0.029813770755387048,0,0,0.47694837680330143,0.5230516231966986,0.5230516231966986,10.0,scale,0.2515195217991808,540,1040,1140,1170
2024-04-30,0.50006502866745,0.03386557729901862,1,1,0.5005944758996603,0.49940552410033967,0.5005944758996603,10.0,scale,0.2515195217991808,540,1040,1140,1170
2024-05-01,0.5170000195503235,0.0025706087317227677,1,0,0.4773167314434336,0.5226832685565663,0.5226832685565663,10.0,scale,0.2515195217991808,540,1040,1140,1170
2024-05-02,0.5183290243148804,0.026170643038652353,1,1,0.508582178037769,0.49141782196223105,0.508582178037769,10.0,scale,0.2515195217991808,540,1040,1140,1170
2024-05-03,0.5318940281867981,-0.002799511099710772,0,0,0.49106783664765363,0.5089321633523464,0.5089321633523464,10.0,scale,0.2515195217991808,540,1040,1140,1170
2024-05-04,0.5304049849510193,-0.0011707303039909522,0,1,0.5070206267595424,0.4929793732404576,0.5070206267595424,10.0,scale,0.2515195217991808,540,1040,1140,1170
2024-05-05,0.5297840237617493,0.020315806136628423,1,1,0.5029698551757772,0.4970301448242228,0.5029698551757772,10.0,scale,0.2515195217991808,540,1040,1140,1170
2024-05-06,0.5405470132827759,-0.029235272206891372,0,1,0.5774154741726982,0.42258452582730177,0.5774154741726982,10.0,scale,0.2515195217991808,540,1040,1140,1170
2024-05-07,0.5247439742088318,-0.014319363934181206,0,1,0.5154654573416558,0.48453454265834417,0.5154654573416558,10.0,scale,0.2515195217991808,540,1040,1140,1170
2024-05-08,0.5172299742698669,0.0073449363591346906,1,0,0.49922140753589295,0.500778592464107,0.500778592464107,10.0,scale,0.2515195217991808,540,1040,1140,1170
2024-05-09,0.521028995513916,-0.035873249825886355,0,0,0.4836162784087793,0.5163837215912207,0.5163837215912207,10.0,scale,0.2515195217991808,540,1040,1140,1170
2024-05-10,0.5023379921913147,0.007240176685987976,1,1,0.5171926146277153,0.48280738537228474,0.5171926146277153,10.0,scale,0.2515195217991808,540,1040,1140,1170
2024-05-11,0.5059750080108643,-0.012846495615661646,0,1,0.5042053075255601,0.49579469247443986,0.5042053075255601,10.0,scale,0.2515195217991808,540,1040,1140,1170
2024-05-12,0.4994750022888183,0.010865414449032329,1,1,0.5024082070751617,0.49759179292483835,0.5024082070751617,10.0,scale,0.2515195217991808,540,1040,1140,1170
2024-05-13,0.5049020051956177,-0.009932651386814872,0,1,0.5148686807816859,0.4851313192183141,0.5148686807816859,10.0,scale,0.2515195217991808,540,1040,1140,1170
2024-05-14,0.4998869895935058,0.0382426390699957,1,1,0.5084994158004514,0.49150058419954856,0.5084994158004514,1.0,0.1,0.2516666348202843,570,1070,1170,1200
2024-05-15,0.5190039873123169,-0.00636983858175566,0,1,0.5084444728928654,0.49155552710713457,0.5084444728928654,1.0,0.1,0.2516666348202843,570,1070,1170,1200
2024-05-16,0.5156980156898499,0.0157184883871051,1,1,0.5084810838945766,0.4915189161054234,0.5084810838945766,1.0,0.1,0.2516666348202843,570,1070,1170,1200
2024-05-17,0.5238040089607239,-0.004608571282592733,0,1,0.508455428267983,0.49154457173201704,0.508455428267983,1.0,0.1,0.2516666348202843,570,1070,1170,1200
2024-05-18,0.5213900208473206,-0.02249563959785872,0,1,0.508489496434628,0.49151050356537196,0.508489496434628,1.0,0.1,0.2516666348202843,570,1070,1170,1200
2024-05-19,0.5096610188484192,0.05429489750129024,1,1,0.5085128693382875,0.49148713066171246,0.5085128693382875,1.0,0.1,0.2516666348202843,570,1070,1170,1200
2024-05-20,0.5373330116271973,-0.0006513623145192327,0,1,0.5085632265907206,0.4914367734092794,0.5085632265907206,1.0,0.1,0.2516666348202843,570,1070,1170,1200
2024-05-21,0.5369830131530762,-0.019503434312937662,0,1,0.5084959346058139,0.4915040653941861,0.5084959346058139,1.0,0.1,0.2516666348202843,570,1070,1170,1200
2024-05-22,0.5265100002288818,0.0033731173101279044,1,1,0.5085389573474993,0.4914610426525007,0.5085389573474993,1.0,0.1,0.2516666348202843,570,1070,1170,1200
2024-05-23,0.5282859802246094,0.014134449442908092,1,1,0.508526851726705,0.491473148273295,0.508526851726705,1.0,0.1,0.2516666348202843,570,1070,1170,1200
2024-05-24,0.5357530117034912,0.011303736219528071,1,1,0.5085481009996123,0.49145189900038766,0.5085481009996123,1.0,0.1,0.2516666348202843,570,1070,1170,1200
2024-05-25,0.5418090224266052,-0.025097449991182685,0,1,0.5085579685489617,0.49144203145103826,0.5085579685489617,1.0,0.1,0.2516666348202843,570,1070,1170,1200
2024-05-26,0.5282109975814819,0.010527978731447174,1,1,0.5085723437832699,0.4914276562167301,0.5085723437832699,1.0,0.1,0.2516666348202843,570,1070,1170,1200
2024-05-27,0.5337719917297363,-0.010373293395306904,0,1,0.5085009747114798,0.4914990252885202,0.5085009747114798,1.0,0.1,0.2516666348202843,570,1070,1170,1200
2024-05-28,0.5282350182533264,-0.009440876213692717,0,1,0.5085337447448027,0.49146625525519727,0.5085337447448027,1.0,0.1,0.2516666348202843,570,1070,1170,1200
2024-05-29,0.523248016834259,-0.008384209635997397,0,1,0.5085027483241102,0.49149725167588976,0.5085027483241102,1.0,0.1,0.2516666348202843,570,1070,1170,1200
2024-05-30,0.5188609957695007,-0.0020449066133274574,0,1,0.5085076242081028,0.4914923757918972,0.5085076242081028,1.0,0.1,0.2516666348202843,570,1070,1170,1200
2024-05-31,0.517799973487854,0.0009907632364793972,1,1,0.5084836860362154,0.4915163139637846,0.5084836860362154,1.0,0.1,0.2516666348202843,570,1070,1170,1200
2024-06-01,0.5183129906654358,-0.009320654026996111,0,1,0.5084858839885358,0.4915141160114642,0.5084858839885358,1.0,0.1,0.2516666348202843,570,1070,1170,1200
2024-06-02,0.5134819746017456,0.012888520427292605,1,1,0.508496004104509,0.491503995895491,0.508496004104509,1.0,0.1,0.2516666348202843,570,1070,1170,1200
2024-06-03,0.5200999975204468,0.010892144357614209,1,1,0.5084683942480754,0.49153160575192456,0.5084683942480754,1.0,0.1,0.2516666348202843,570,1070,1170,1200
2024-06-04,0.5257650017738342,-0.0001027109221501954,0,1,0.5084343823020581,0.49156561769794194,0.5084343823020581,1.0,0.1,0.2516666348202843,570,1070,1170,1200
2024-06-05,0.5257109999656677,-0.00786170741908676,0,1,0.5084548244086985,0.4915451755913015,0.5084548244086985,1.0,0.1,0.2516666348202843,570,1070,1170,1200
2024-06-06,0.5215780138969421,-0.04338186280823075,0,1,0.5084645208042134,0.49153547919578655,0.5084645208042134,1.0,0.1,0.2516666348202843,570,1070,1170,1200
2024-06-07,0.4989509880542755,-0.011636411550651315,0,1,0.5086640066101256,0.49133599338987444,0.5086640066101256,1.0,0.1,0.2516666348202843,570,1070,1170,1200
2024-06-08,0.4931449890136719,0.011027182846644612,1,1,0.5085544415147949,0.4914455584852051,0.5085544415147949,1.0,0.1,0.2516666348202843,570,1070,1170,1200
2024-06-09,0.4985829889774322,-0.00392111762641556,0,1,0.5084841346889577,0.4915158653110423,0.5084841346889577,1.0,0.1,0.2516666348202843,570,1070,1170,1200
2024-06-10,0.4966279864311218,-0.032837416069423586,0,1,0.5085836548889356,0.49141634511106436,0.5085836548889356,1.0,0.1,0.2516666348202843,570,1070,1170,1200
2024-06-11,0.480320006608963,0.023359443663516277,1,1,0.5086134516905154,0.4913865483094846,0.5086134516905154,1.0,0.1,0.2516666348202843,570,1070,1170,1200
2024-06-12,0.4915400147438049,-0.029570349157775344,0,1,0.50845997277331,0.49154002722669,0.50845997277331,1.0,0.1,0.2516666348202843,570,1070,1170,1200
2024-06-13,0.4770050048828125,-0.005723235421131845,0,1,0.5340998698707056,0.46590013012929443,0.5340998698707056,1.0,scale,0.24456849639144174,600,1100,1200,1230
2024-06-14,0.47427499294281,0.03461285854216167,1,1,0.5059203753295192,0.49407962467048083,0.5059203753295192,1.0,scale,0.24456849639144174,600,1100,1200,1230
2024-06-15,0.4906910061836242,-0.003788553779206505,0,0,0.4360899215674918,0.5639100784325082,0.5639100784325082,1.0,scale,0.24456849639144174,600,1100,1200,1230
2024-06-16,0.4888319969177246,0.033402022133238285,1,0,0.4731559931135706,0.5268440068864294,0.5268440068864294,1.0,scale,0.24456849639144174,600,1100,1200,1230
2024-06-17,0.5051599740982056,-0.028133627399920202,0,0,0.4874391169339992,0.5125608830660008,0.5125608830660008,1.0,scale,0.24456849639144174,600,1100,1200,1230
2024-06-18,0.4909479916095733,0.004670597550086697,1,1,0.5024420404620019,0.4975579595379981,0.5024420404620019,1.0,scale,0.24456849639144174,600,1100,1200,1230
2024-06-19,0.493241012096405,-0.009174025894928772,0,0,0.4669165595437532,0.5330834404562468,0.5330834404562468,1.0,scale,0.24456849639144174,600,1100,1200,1230
2024-06-20,0.4887160062789917,0.0004910788660583698,1,0,0.4852438968357383,0.5147561031642617,0.5147561031642617,1.0,scale,0.24456849639144174,600,1100,1200,1230
2024-06-21,0.4889560043811798,-0.004775505235959043,0,0,0.46870866198084116,0.5312913380191588,0.5312913380191588,1.0,scale,0.24456849639144174,600,1100,1200,1230
2024-06-22,0.4866209924221039,-0.014656157218168153,0,0,0.4826900685246181,0.517309931475382,0.517309931475382,1.0,scale,0.24456849639144174,600,1100,1200,1230
2024-06-23,0.4794889986515045,-0.011149369869975057,0,0,0.49791166593024155,0.5020883340697584,0.5020883340697584,1.0,scale,0.24456849639144174,600,1100,1200,1230
2024-06-24,0.4741429984569549,0.0032521875629927255,1,1,0.5341512334003578,0.46584876659964225,0.5341512334003578,1.0,scale,0.24456849639144174,600,1100,1200,1230
2024-06-25,0.4756850004196167,-0.012792096402933661,0,0,0.46870137872059453,0.5312986212794055,0.5312986212794055,1.0,scale,0.24456849639144174,600,1100,1200,1230
2024-06-26,0.4695999920368194,0.01076450256489725,1,0,0.490871626272893,0.5091283737271071,0.5091283737271071,1.0,scale,0.24456849639144174,600,1100,1200,1230
2024-06-27,0.4746550023555755,-0.007942597809638574,0,0,0.45086787217563684,0.5491321278243632,0.5491321278243632,1.0,scale,0.24456849639144174,600,1100,1200,1230
2024-06-28,0.4708850085735321,0.002355148285672737,1,0,0.47302487789379827,0.5269751221062018,0.5269751221062018,1.0,scale,0.24456849639144174,600,1100,1200,1230
2024-06-29,0.471994012594223,0.007392016828928316,1,0,0.46361165382655134,0.5363883461734487,0.5363883461734487,1.0,scale,0.24456849639144174,600,1100,1200,1230
2024-06-30,0.4754830002784729,0.0024354162778019717,1,0,0.4460811533959239,0.5539188466040761,0.5539188466040761,1.0,scale,0.24456849639144174,600,1100,1200,1230
2024-07-01,0.4766409993171692,0.01653023762650352,1,1,0.5463504709361495,0.4536495290638505,0.5463504709361495,1.0,scale,0.24456849639144174,600,1100,1200,1230
2024-07-02,0.4845199882984161,-0.0366547907209791,0,1,0.5164779016900486,0.4835220983099514,0.5164779016900486,1.0,scale,0.24456849639144174,600,1100,1200,1230
2024-07-03,0.4667600095272064,-0.07109867552827531,0,1,0.6020035284690001,0.39799647153099993,0.6020035284690001,1.0,scale,0.24456849639144174,600,1100,1200,1230
2024-07-04,0.4335739910602569,-0.018640422552995584,0,1,0.6856396253288011,0.3143603746711989,0.6856396253288011,1.0,scale,0.24456849639144174,600,1100,1200,1230
2024-07-05,0.425491988658905,0.05537354745088341,1,1,0.6583636620355057,0.34163633796449433,0.6583636620355057,1.0,scale,0.24456849639144174,600,1100,1200,1230
2024-07-06,0.4490529894828796,-0.0650925375693916,0,1,0.5600657528212007,0.43993424717879925,0.5600657528212007,1.0,scale,0.24456849639144174,600,1100,1200,1230
2024-07-07,0.4198229908943176,0.02776646310670272,1,1,0.6945793528035916,0.3054206471964084,0.6945793528035916,1.0,scale,0.24456849639144174,600,1100,1200,1230
2024-07-08,0.4314799904823303,0.010280931168568985,1,1,0.5871591103730762,0.4128408896269238,0.5871591103730762,1.0,scale,0.24456849639144174,600,1100,1200,1230
2024-07-09,0.435916006565094,0.00716193449964897,1,1,0.5988849252895441,0.40111507471045593,0.5988849252895441,1.0,scale,0.24456849639144174,600,1100,1200,1230
2024-07-10,0.4390380084514618,0.022783905505356472,1,1,0.5770009803235228,0.42299901967647724,0.5770009803235228,1.0,scale,0.24456849639144174,600,1100,1200,1230
2024-07-11,0.4490410089492798,0.05720859640827869,1,1,0.5415490393042022,0.4584509606957978,0.5415490393042022,1.0,scale,0.24456849639144174,600,1100,1200,1230
2024-07-12,0.4747300148010254,0.10869118133029865,1,0,0.4868603975748589,0.5131396024251411,0.5131396024251411,1.0,scale,0.24456849639144174,600,1100,1200,1230
2024-07-13,0.526328980922699,-0.006585254126825313,0,0,0.4367137839369981,0.5632862160630019,0.5632862160630019,1.0,0.01,0.24551241250978215,630,1130,1230,1260
2024-07-14,0.52286297082901,0.028716904625244455,1,1,0.5031137640610965,0.49688623593890346,0.5031137640610965,1.0,0.01,0.24551241250978215,630,1130,1230,1260
2024-07-15,0.5378779768943787,0.07715133761335635,1,0,0.48780907273368224,0.5121909272663178,0.5121909272663178,1.0,0.01,0.24551241250978215,630,1130,1230,1260
2024-07-16,0.5793759822845459,0.0813116569461323,1,0,0.46487193572718655,0.5351280642728135,0.5351280642728135,1.0,0.01,0.24551241250978215,630,1130,1230,1260
2024-07-17,0.6264860033988953,-0.09084321858572386,0,0,0.41678315924121456,0.5832168407587854,0.5832168407587854,1.0,0.01,0.24551241250978215,630,1130,1230,1260
2024-07-18,0.5695739984512329,0.00733528494434732,1,1,0.6453950602421107,0.3546049397578893,0.6453950602421107,1.0,0.01,0.24551241250978215,630,1130,1230,1260
2024-07-19,0.5737519860267639,0.036425142383186504,1,1,0.5684967574999769,0.43150324250002314,0.5684967574999769,1.0,0.01,0.24551241250978215,630,1130,1230,1260
2024-07-20,0.5946509838104248,0.004735586956181814,1,1,0.522676728219633,0.47732327178036704,0.522676728219633,1.0,0.01,0.24551241250978215,630,1130,1230,1260
2024-07-21,0.5974670052528381,0.017021831868108794,1,1,0.5470160207779747,0.45298397922202527,0.5470160207779747,1.0,0.01,0.24551241250978215,630,1130,1230,1260
2024-07-22,0.6076369881629944,-0.016753418058460645,0,1,0.5432799388032636,0.45672006119673636,0.5432799388032636,1.0,0.01,0.24551241250978215,630,1130,1230,1260
2024-07-23,0.5974569916725159,0.03579509091734412,1,1,0.576255250161238,0.423744749838762,0.576255250161238,1.0,0.01,0.24551241250978215,630,1130,1230,1260
2024-07-24,0.6188430190086365,-0.030746076340459894,0,1,0.5012738132443543,0.49872618675564573,0.5012738132443543,1.0,0.01,0.24551241250978215,630,1130,1230,1260
2024-07-25,0.5998160243034363,0.007088768501366749,1,1,0.5827599216978784,0.4172400783021216,0.5827599216978784,1.0,0.01,0.24551241250978215,630,1130,1230,1260
2024-07-26,0.6040679812431335,-0.012039967323753675,0,1,0.5249194179410333,0.47508058205896675,0.5249194179410333,1.0,0.01,0.24551241250978215,630,1130,1230,1260
2024-07-27,0.5967950224876404,0.008632758119078154,1,1,0.5577404682010659,0.44225953179893407,0.5577404682010659,1.0,0.01,0.24551241250978215,630,1130,1230,1260
2024-07-28,0.601947009563446,0.00023091406620157073,1,1,0.5303832926123386,0.46961670738766137,0.5303832926123386,1.0,0.01,0.24551241250978215,630,1130,1230,1260
2024-07-29,0.6020860075950623,0.042836055104443105,1,1,0.5500160044002216,0.4499839955997784,0.5500160044002216,1.0,0.01,0.24551241250978215,630,1130,1230,1260
2024-07-30,0.6278769969940186,-0.006271959785943193,0,1,0.5023380895428154,0.49766191045718455,0.5023380895428154,1.0,0.01,0.24551241250978215,630,1130,1230,1260
2024-07-31,0.6239389777183533,-0.04403475405281965,0,1,0.5306169961047024,0.46938300389529763,0.5306169961047024,1.0,0.01,0.24551241250978215,630,1130,1230,1260
2024-08-01,0.5964639782905579,-0.059840981392534576,0,1,0.5120150654943578,0.4879849345056422,0.5120150654943578,1.0,0.01,0.24551241250978215,630,1130,1230,1260
2024-08-02,0.5607709884643555,-0.007810653202065976,0,1,0.5875035013001854,0.41249649869981464,0.5875035013001854,1.0,0.01,0.24551241250978215,630,1130,1230,1260
2024-08-03,0.5563910007476807,-0.05930179592427898,0,1,0.5303547127167626,0.4696452872832374,0.5303547127167626,1.0,0.01,0.24551241250978215,630,1130,1230,1260
2024-08-04,0.5233960151672363,-0.06482663730673333,0,1,0.6197895140430381,0.38021048595696194,0.6197895140430381,1.0,0.01,0.24551241250978215,630,1130,1230,1260
2024-08-05,0.4894660115242004,0.03316062819742682,1,1,0.6961121853650087,0.30388781463499126,0.6961121853650087,1.0,0.01,0.24551241250978215,630,1130,1230,1260
2024-08-06,0.5056970119476318,0.18808293734179404,1,1,0.5079369904308174,0.4920630095691826,0.5079369904308174,1.0,0.01,0.24551241250978215,630,1130,1230,1260
2024-08-07,0.6008099913597107,0.02790736711277142,1,0,0.3917016469258294,0.6082983530741706,0.6082983530741706,1.0,0.01,0.24551241250978215,630,1130,1230,1260
2024-08-08,0.6175770163536072,-0.058978944860080706,0,0,0.4224909345209045,0.5775090654790955,0.5775090654790955,1.0,0.01,0.24551241250978215,630,1130,1230,1260
2024-08-09,0.5811529755592346,0.007615899235794643,1,1,0.5485038460523306,0.4514961539476694,0.5485038460523306,1.0,0.01,0.24551241250978215,630,1130,1230,1260
2024-08-10,0.585578978061676,-0.05575158139669811,0,1,0.504224329071095,0.49577567092890495,0.504224329071095,1.0,0.01,0.24551241250978215,630,1130,1230,1260
2024-08-11,0.5529320240020752,0.028640049328098716,1,1,0.6309478924113182,0.3690521075886818,0.6309478924113182,1.0,0.01,0.24551241250978215,630,1130,1230,1260
2024-08-12,0.5687680244445801,0.013416724444224704,1,1,0.5308714942155777,0.46912850578442233,0.5308714942155777,1.0,0.01,0.24308948596002433,660,1160,1260,1290
2024-08-13,0.576399028301239,-0.012503553379699661,0,1,0.5397676947784348,0.4602323052215652,0.5397676947784348,1.0,0.01,0.24308948596002433,660,1160,1260,1290
2024-08-14,0.5691919922828674,-0.014471398740263486,0,1,0.5289112436516122,0.47108875634838776,0.5289112436516122,1.0,0.01,0.24308948596002433,660,1160,1260,1290
2024-08-15,0.5609549880027771,0.006348138395452452,1,1,0.5445450808021697,0.4554549191978303,0.5445450808021697,1.0,0.01,0.24308948596002433,660,1160,1260,1290
2024-08-16,0.564516007900238,0.003193852564991273,1,0,0.49712914848256773,0.5028708515174323,0.5028708515174323,1.0,0.01,0.24308948596002433,660,1160,1260,1290
2024-08-17,0.5663189888000488,-0.004315534704043333,0,0,0.4863189254724643,0.5136810745275358,0.5136810745275358,1.0,0.01,0.24308948596002433,660,1160,1260,1290
2024-08-18,0.5638750195503235,0.0615933844475407,1,1,0.5064812644766413,0.4935187355233587,0.5064812644766413,1.0,0.01,0.24308948596002433,660,1160,1260,1290
2024-08-19,0.5986059904098511,-0.006979528508678001,0,0,0.4225572468558527,0.5774427531441473,0.5774427531441473,1.0,0.01,0.24308948596002433,660,1160,1260,1290
2024-08-20,0.5944280028343201,0.009836308528547555,1,0,0.4610954991308148,0.5389045008691852,0.5389045008691852,1.0,0.01,0.24308948596002433,660,1160,1260,1290
2024-08-21,0.6002749800682068,-0.004454597747202027,0,0,0.4153300929784354,0.5846699070215646,0.5846699070215646,1.0,0.01,0.24308948596002433,660,1160,1260,1290
2024-08-22,0.5976009964942932,0.022821279820101292,1,0,0.4542799855414528,0.5457200144585472,0.5457200144585472,1.0,0.01,0.24308948596002433,660,1160,1260,1290
2024-08-23,0.6112390160560608,0.0030609790120594838,1,0,0.4080413358806275,0.5919586641193725,0.5919586641193725,1.0,0.01,0.24308948596002433,660,1160,1260,1290
2024-08-24,0.6131100058555603,-0.02108264805961413,0,0,0.4288701551831832,0.5711298448168167,0.5711298448168167,1.0,0.01,0.24308948596002433,660,1160,1260,1290
2024-08-25,0.6001840233802795,-0.021183550149924235,0,0,0.48104030050149604,0.518959699498504,0.518959699498504,1.0,0.01,0.24308948596002433,660,1160,1260,1290
2024-08-26,0.5874699950218201,-0.03390130245083478,0,1,0.5083868246777283,0.49161317532227167,0.5083868246777283,1.0,0.01,0.24308948596002433,660,1160,1260,1290
2024-08-27,0.5675539970397949,0.004045483836548236,1,1,0.5628283825376101,0.43717161746238986,0.5628283825376101,1.0,0.01,0.24308948596002433,660,1160,1260,1290
2024-08-28,0.5698500275611877,-0.013679100573955494,0,0,0.48481029129340053,0.5151897087065995,0.5151897087065995,1.0,0.01,0.24308948596002433,660,1160,1260,1290
2024-08-29,0.5620549917221069,0.008853287023005363,1,1,0.5098693072967119,0.49013069270328813,0.5098693072967119,1.0,0.01,0.24308948596002433,660,1160,1260,1290
2024-08-30,0.5670310258865356,-0.0012662403258124622,0,0,0.4611256439074349,0.5388743560925651,0.5388743560925651,1.0,0.01,0.24308948596002433,660,1160,1260,1290
2024-08-31,0.5663130283355713,-0.032354905024188585,0,0,0.4561295608989758,0.5438704391010242,0.5438704391010242,1.0,0.01,0.24308948596002433,660,1160,1260,1290
2024-09-01,0.5479900240898132,0.035761588827710744,1,1,0.5231434770072135,0.47685652299278647,0.5231434770072135,1.0,0.01,0.24308948596002433,660,1160,1260,1290
2024-09-02,0.5675870180130005,-0.017963818439007295,0,0,0.39224246727773227,0.6077575327222677,0.6077575327222677,1.0,0.01,0.24308948596002433,660,1160,1260,1290
2024-09-03,0.5573909878730774,0.0014083348830007392,1,0,0.4752646037461212,0.5247353962538788,0.5247353962538788,1.0,0.01,0.24308948596002433,660,1160,1260,1290
2024-09-04,0.5581759810447693,-0.025045813298302244,0,0,0.4529146796875536,0.5470853203124464,0.5470853203124464,1.0,0.01,0.24308948596002433,660,1160,1260,1290
2024-09-05,0.5441960096359253,-0.04198675281985054,0,1,0.5071204336336468,0.4928795663663532,0.5071204336336468,1.0,0.01,0.24308948596002433,660,1160,1260,1290
2024-09-06,0.5213469862937927,0.007183352995872472,1,1,0.6102273524991464,0.3897726475008536,0.6102273524991464,1.0,0.01,0.24308948596002433,660,1160,1260,1290
2024-09-07,0.5250920057296753,0.007996633665479314,1,0,0.4987531798509134,0.5012468201490866,0.5012468201490866,1.0,0.01,0.24308948596002433,660,1160,1260,1290
2024-09-08,0.5292909741401672,0.019548810032039343,1,0,0.49408775801077653,0.5059122419892235,0.5059122419892235,1.0,0.01,0.24308948596002433,660,1160,1260,1290
2024-09-09,0.5396379828453064,0.002668434504065287,1,0,0.4611626304747836,0.5388373695252164,0.5388373695252164,1.0,0.01,0.24308948596002433,660,1160,1260,1290
2024-09-10,0.5410779714584351,-0.010656457711806677,0,0,0.45495715098013934,0.5450428490198607,0.5450428490198607,1.0,0.01,0.24308948596002433,660,1160,1260,1290
2024-09-11,0.5353119969367981,0.050931044215901444,1,0,0.4645383286581067,0.5354616713418934,0.5354616713418934,1.0,scale,0.24147708544759047,690,1190,1290,1320
2024-09-12,0.5625759959220886,0.018793957784845938,1,0,0.3267019802935663,0.6732980197064338,0.6732980197064338,1.0,scale,0.24147708544759047,690,1190,1290,1320
2024-09-13,0.5731490254402161,0.04021633044209838,1,0,0.3882712993300369,0.6117287006699631,0.6117287006699631,1.0,scale,0.24147708544759047,690,1190,1290,1320
2024-09-14,0.5961989760398865,-0.042307973389609566,0,0,0.34845653467507726,0.6515434653249228,0.6515434653249228,1.0,scale,0.24147708544759047,690,1190,1290,1320
2024-09-15,0.5709750056266785,0.025276085454880137,1,1,0.5493390124822414,0.4506609875177586,0.5493390124822414,1.0,scale,0.24147708544759047,690,1190,1290,1320
2024-09-16,0.585407018661499,-0.001545996029119756,0,0,0.3677739816794136,0.6322260183205863,0.6322260183205863,1.0,scale,0.24147708544759047,690,1190,1290,1320
2024-09-17,0.5845019817352295,0.0012814190364658362,1,0,0.45887297537578253,0.5411270246242175,0.5411270246242175,1.0,scale,0.24147708544759047,690,1190,1290,1320
2024-09-18,0.585250973701477,0.0036224083352871528,1,0,0.44442839397677175,0.5555716060232283,0.5555716060232283,1.0,scale,0.24147708544759047,690,1190,1290,1320
2024-09-19,0.5873709917068481,-0.0037455159851640385,0,0,0.45409533068241914,0.5459046693175809,0.5459046693175809,1.0,scale,0.24147708544759047,690,1190,1290,1320
2024-09-20,0.5851709842681885,0.022164513717285672,1,0,0.4952941548679151,0.5047058451320849,0.5047058451320849,1.0,scale,0.24147708544759047,690,1190,1290,1320
2024-09-21,0.5981410145759583,-0.017587894380358016,0,0,0.4457871735597073,0.5542128264402927,0.5542128264402927,1.0,scale,0.24147708544759047,690,1190,1290,1320
2024-09-22,0.5876209735870361,-0.004349685413125748,0,1,0.5142685106053854,0.48573148939461464,0.5142685106053854,1.0,scale,0.24147708544759047,690,1190,1290,1320
2024-09-23,0.5850650072097778,0.011073923756505177,1,0,0.46955846312186933,0.5304415368781307,0.5304415368781307,1.0,scale,0.24147708544759047,690,1190,1290,1320
2024-09-24,0.591543972492218,-0.013528996688082051,0,0,0.44193969285098716,0.5580603071490129,0.5580603071490129,1.0,scale,0.24147708544759047,690,1190,1290,1320
2024-09-25,0.5835409760475159,0.011790165934420394,1,1,0.5030675714296798,0.49693242857032016,0.5030675714296798,1.0,scale,0.24147708544759047,690,1190,1290,1320
2024-09-26,0.5904210209846497,-0.002530482440222581,0,0,0.41641281223890014,0.5835871877610999,0.5835871877610999,1.0,scale,0.24147708544759047,690,1190,1290,1320
2024-09-27,0.5889269709587097,0.04393417171403824,1,0,0.451837139764103,0.548162860235897,0.548162860235897,1.0,scale,0.24147708544759047,690,1190,1290,1320
2024-09-28,0.6148009896278381,0.04415409579133511,1,0,0.32315363918022444,0.6768463608197756,0.6768463608197756,1.0,scale,0.24147708544759047,690,1190,1290,1320
2024-09-29,0.6419469714164734,-0.047441602817731354,0,0,0.3738480745689652,0.6261519254310348,0.6261519254310348,1.0,scale,0.24147708544759047,690,1190,1290,1320
2024-09-30,0.6114919781684875,-0.022832631178482665,0,1,0.5552001458382188,0.44479985416178125,0.5552001458382188,1.0,scale,0.24147708544759047,690,1190,1290,1320
2024-10-01,0.5975300073623657,-0.09656255579861728,0,1,0.5304962855431075,0.46950371445689254,0.5304962855431075,1.0,scale,0.24147708544759047,690,1190,1290,1320
2024-10-02,0.5398309826850891,-0.03311776563646063,0,1,0.7363219203918893,0.26367807960811074,0.7363219203918893,1.0,scale,0.24147708544759047,690,1190,1290,1320
2024-10-03,0.5219529867172241,0.02373392099823257,1,1,0.6848128113351839,0.3151871886648161,0.6848128113351839,1.0,scale,0.24147708544759047,690,1190,1290,1320
2024-10-04,0.5343409776687622,-0.009067175741799494,0,1,0.5765813933249574,0.4234186066750426,0.5765813933249574,1.0,scale,0.24147708544759047,690,1190,1290,1320
2024-10-05,0.5294960141181946,0.0077356041879586,1,1,0.6125385238328839,0.3874614761671161,0.6125385238328839,1.0,scale,0.24147708544759047,690,1190,1290,1320
2024-10-06,0.5335919857025146,-0.006855419032754884,0,1,0.5304455057837527,0.4695544942162473,0.5304455057837527,1.0,scale,0.24147708544759047,690,1190,1290,1320
2024-10-07,0.5299339890480042,0.0017624926933037521,1,1,0.537453720438388,0.462546279561612,0.537453720438388,1.0,scale,0.24147708544759047,690,1190,1290,1320
2024-10-08,0.5308679938316345,-0.012311925004774626,0,1,0.5166593936132982,0.48334060638670184,0.5166593936132982,1.0,scale,0.24147708544759047,690,1190,1290,1320
2024-10-09,0.5243319869041443,0.010766149764614097,1,1,0.528518820608042,0.471481179391958,0.528518820608042,1.0,scale,0.24147708544759047,690,1190,1290,1320
2024-10-10,0.529977023601532,0.015698744615527227,1,0,0.45705607139534254,0.5429439286046575,0.5429439286046575,1.0,scale,0.24147708544759047,690,1190,1290,1320
2024-10-11,0.5382969975471497,0.002346330053011103,1,0,0.46124253451644753,0.5387574654835525,0.5387574654835525,1.0,0.01,0.2406638825108548,720,1220,1320,1350
2024-10-12,0.5395600199699402,-0.014864043065226928,0,0,0.4758188468343439,0.5241811531656562,0.5241811531656562,1.0,0.01,0.2406638825108548,720,1220,1320,1350
2024-10-13,0.5315399765968323,0.031006213330902144,1,1,0.52992176016014,0.47007823983985997,0.52992176016014,1.0,0.01,0.2406638825108548,720,1220,1320,1350
2024-10-14,0.5480210185050964,-0.011986817437431352,0,0,0.46039209960016736,0.5396079003998326,0.5396079003998326,1.0,0.01,0.2406638825108548,720,1220,1320,1350
2024-10-15,0.5414519906044006,0.012176497791680507,1,1,0.5205813935347697,0.47941860646523027,0.5205813935347697,1.0,0.01,0.2406638825108548,720,1220,1320,1350
2024-10-16,0.5480449795722961,-0.008004747098563358,0,0,0.44850071405370356,0.5514992859462964,0.5514992859462964,1.0,0.01,0.2406638825108548,720,1220,1320,1350
2024-10-17,0.5436580181121826,0.005302887775861409,1,1,0.5001908141188715,0.49980918588112855,0.5001908141188715,1.0,0.01,0.2406638825108548,720,1220,1320,1350
2024-10-18,0.5465409755706787,-0.004178992033970208,0,0,0.4621381235712839,0.5378618764287161,0.5378618764287161,1.0,0.01,0.2406638825108548,720,1220,1320,1350
2024-10-19,0.5442569851875305,0.006237900576676392,1,0,0.4804355185026105,0.5195644814973894,0.5195644814973894,1.0,0.01,0.2406638825108548,720,1220,1320,1350
2024-10-20,0.547652006149292,-0.005092687522393113,0,0,0.4675106342542686,0.5324893657457315,0.5324893657457315,1.0,0.01,0.2406638825108548,720,1220,1320,1350
2024-10-21,0.5448629856109619,-0.02107679840162502,0,1,0.5010117589465304,0.4989882410534696,0.5010117589465304,1.0,0.01,0.2406638825108548,720,1220,1320,1350
2024-10-22,0.5333790183067322,-0.0153137664320121,0,1,0.5232359267914374,0.4767640732085626,0.5232359267914374,1.0,0.01,0.2406638825108548,720,1220,1320,1350
2024-10-23,0.525210976600647,0.01247120549803915,1,1,0.5259790703412656,0.47402092965873444,0.5259790703412656,1.0,0.01,0.2406638825108548,720,1220,1320,1350
2024-10-24,0.5317609906196594,-0.05611923327873469,0,0,0.4722748639480299,0.5277251360519701,0.5277251360519701,1.0,0.01,0.2406638825108548,720,1220,1320,1350
2024-10-25,0.5019189715385437,0.02160114658898915,1,1,0.6401951514828121,0.35980484851718786,0.6401951514828121,1.0,0.01,0.2406638825108548,720,1220,1320,1350
2024-10-26,0.5127609968185425,0.007059874909069341,1,0,0.4851249665003962,0.5148750334996037,0.5148750334996037,1.0,0.01,0.2406638825108548,720,1220,1320,1350
2024-10-27,0.516381025314331,0.005511439110302163,1,1,0.5002888007970604,0.4997111992029396,0.5002888007970604,1.0,0.01,0.2406638825108548,720,1220,1320,1350
2024-10-28,0.5192270278930664,0.016734464568765928,1,1,0.5047674789916398,0.49523252100836024,0.5047674789916398,1.0,0.01,0.2406638825108548,720,1220,1320,1350
2024-10-29,0.5279160141944885,-0.009361337370685008,0,0,0.46621374035829005,0.53378625964171,0.53378625964171,1.0,0.01,0.2406638825108548,720,1220,1320,1350
2024-10-30,0.5229740142822266,-0.026267123225220512,0,1,0.5052674904922654,0.4947325095077346,0.5052674904922654,1.0,0.01,0.2406638825108548,720,1220,1320,1350
2024-10-31,0.5092369914054871,0.007130267069573426,1,1,0.560596659731269,0.43940334026873096,0.560596659731269,1.0,0.01,0.2406638825108548,720,1220,1320,1350
2024-11-01,0.5128679871559143,-0.005884481103311412,0,1,0.7860105814912455,0.21398941850875453,0.7860105814912455,1.0,0.01,0.2406638825108548,720,1220,1320,1350
2024-11-02,0.509850025177002,-0.01357070909708169,0,1,0.7887781785697645,0.2112218214302355,0.7887781785697645,1.0,0.01,0.2406638825108548,720,1220,1320,1350
2024-11-03,0.5029309988021851,0.0005865285450608049,1,1,0.7909530324091428,0.20904696759085717,0.7909530324091428,1.0,0.01,0.2406638825108548,720,1220,1320,1350
2024-11-04,0.5032259821891785,0.02146757962559742,1,1,0.7865843946547109,0.21341560534528914,0.7865843946547109,1.0,0.01,0.2406638825108548,720,1220,1320,1350
2024-11-05,0.5140290260314941,0.055245863392940686,1,1,0.7749426179289014,0.2250573820710986,0.7749426179289014,1.0,0.01,0.2406638825108548,720,1220,1320,1350
2024-11-06,0.5424270033836365,0.022685119304998835,1,1,0.7548033868379557,0.24519661316204433,0.7548033868379557,1.0,0.01,0.2406638825108548,720,1220,1320,1350
2024-11-07,0.5547320246696472,-0.0011771963022111365,0,1,0.766821298440739,0.23317870155926101,0.766821298440739,1.0,0.01,0.2406638825108548,720,1220,1320,1350
2024-11-08,0.554078996181488,0.009760321294230323,1,1,0.7769490760065431,0.22305092399345694,0.7769490760065431,1.0,0.01,0.2406638825108548,720,1220,1320,1350
2024-11-09,0.559486985206604,0.0534328919184448,1,1,0.7755496517476247,0.2244503482523753,0.7755496517476247,1.0,0.01,0.2406638825108548,720,1220,1320,1350
2024-11-10,0.589381992816925,0.05274171033745412,1,1,0.7161951872810782,0.2838048127189218,0.7161951872810782,1.0,0.01,0.2417215546446234,750,1250,1350,1380
2024-11-11,0.6204670071601868,0.1405908657004724,1,1,0.7291875764845412,0.27081242351545876,0.7291875764845412,1.0,0.01,0.2417215546446234,750,1250,1350,1380
2024-11-12,0.7076990008354187,-0.024602258241846586,0,1,0.6832029719251916,0.31679702807480836,0.6832029719251916,1.0,0.01,0.2417215546446234,750,1250,1350,1380
2024-11-13,0.6902880072593689,0.11983254456329795,1,1,0.7621773499533011,0.2378226500466989,0.7621773499533011,1.0,0.01,0.2417215546446234,750,1250,1350,1380
2024-11-14,0.7730069756507874,0.15405294433107497,1,1,0.6896937490572801,0.3103062509427199,0.6896937490572801,1.0,0.01,0.2417215546446234,750,1250,1350,1380
2024-11-15,0.8920909762382507,0.2544572144097841,1,1,0.656604684292115,0.34339531570788495,0.656604684292115,1.0,0.01,0.2417215546446234,750,1250,1350,1380
2024-11-16,1.119089961051941,-0.05786394764927849,0,1,0.5482500452020631,0.4517499547979369,0.5482500452020631,1.0,0.01,0.2417215546446234,750,1250,1350,1380
2024-11-17,1.0543349981307983,0.060323347997597976,1,1,0.6717125038882672,0.3282874961117328,0.6717125038882672,1.0,0.01,0.2417215546446234,750,1250,1350,1380
2024-11-18,1.1179360151290894,-0.014302307962090088,0,1,0.6607089089400991,0.33929109105990085,0.6607089089400991,1.0,0.01,0.2417215546446234,750,1250,1350,1380
2024-11-19,1.1019469499588013,0.0003212964017724751,1,1,0.7147789984423523,0.28522100155764774,0.7147789984423523,1.0,0.01,0.2417215546446234,750,1250,1350,1380
2024-11-20,1.102301001548767,0.13431088538907288,1,1,0.7133956372256947,0.28660436277430534,0.7133956372256947,1.0,0.01,0.2417215546446234,750,1250,1350,1380
2024-11-21,1.2503520250320437,0.1748843733258787,1,1,0.6616890069166946,0.33831099308330537,0.6616890069166946,1.0,0.01,0.2417215546446234,750,1250,1350,1380
2024-11-22,1.469019055366516,-7.546848277750762e-06,0,1,0.6244347214084689,0.3755652785915311,0.6244347214084689,1.0,0.01,0.2417215546446234,750,1250,1350,1380
2024-11-23,1.469007968902588,-0.02491273992260934,0,1,0.6132161390728031,0.38678386092719685,0.6132161390728031,1.0,0.01,0.2417215546446234,750,1250,1350,1380
2024-11-24,1.4324109554290771,-0.01185966900284241,0,1,0.6216779926279684,0.3783220073720316,0.6216779926279684,1.0,0.01,0.2417215546446234,750,1250,1350,1380
2024-11-25,1.415423035621643,-0.009961738938262799,0,1,0.61488104494928,0.38511895505072,0.61488104494928,1.0,0.01,0.2417215546446234,750,1250,1350,1380
2024-11-26,1.4013229608535769,0.05101543162064548,1,1,0.6139024332157629,0.3860975667842371,0.6139024332157629,1.0,0.01,0.2417215546446234,750,1250,1350,1380
2024-11-27,1.4728120565414429,0.04653066008204232,1,1,0.5941451242663272,0.40585487573367285,0.5941451242663272,1.0,0.01,0.2417215546446234,750,1250,1350,1380
2024-11-28,1.5413429737091064,0.16569188417198766,1,1,0.5773935689134682,0.42260643108653184,0.5773935689134682,1.0,0.01,0.2417215546446234,750,1250,1350,1380
2024-11-29,1.7967309951782229,0.08203231778616749,1,1,0.5799556455668938,0.42004435443310617,0.5799556455668938,1.0,0.01,0.2417215546446234,750,1250,1350,1380
2024-11-30,1.94412100315094,0.1934561116681155,1,1,0.5545133481608115,0.44548665183918845,0.5545133481608115,1.0,0.01,0.2417215546446234,750,1250,1350,1380
2024-12-01,2.320223093032837,0.1696310447042204,1,1,0.5328142576016192,0.46718574239838084,0.5328142576016192,1.0,0.01,0.2417215546446234,750,1250,1350,1380
2024-12-02,2.7138049602508545,-0.06937785234433524,0,1,0.5357758643873245,0.4642241356126755,0.5357758643873245,1.0,0.01,0.2417215546446234,750,1250,1350,1380
2024-12-03,2.525527000427246,-0.06774149452818468,0,1,0.5168504459271287,0.4831495540728713,0.5168504459271287,1.0,0.01,0.2417215546446234,750,1250,1350,1380
2024-12-04,2.354444026947021,-0.025160061705754466,0,1,0.5051640623562753,0.4948359376437247,0.5051640623562753,1.0,0.01,0.2417215546446234,750,1250,1350,1380
2024-12-05,2.295206069946289,0.05643541482977921,1,0,0.4996299582094603,0.5003700417905397,0.5003700417905397,1.0,0.01,0.2417215546446234,750,1250,1350,1380
2024-12-06,2.424736976623535,0.07913730112750295,1,0,0.49257839657291896,0.5074216034270811,0.5074216034270811,1.0,0.01,0.2417215546446234,750,1250,1350,1380
2024-12-07,2.616624116897583,-0.003162939637721185,0,0,0.49823331211467786,0.5017666878853222,0.5017666878853222,1.0,0.01,0.2417215546446234,750,1250,1350,1380
2024-12-08,2.6083478927612305,-0.1492883496505184,0,0,0.49115946821393547,0.5088405317860645,0.5088405317860645,1.0,0.01,0.2417215546446234,750,1250,1350,1380
2024-12-09,2.218951940536499,0.06769321751605428,1,0,0.49178714431662574,0.5082128556833743,0.5082128556833743,1.0,0.01,0.2417215546446234,750,1250,1350,1380
2024-12-10,2.3691599369049072,0.013046825005230467,1,0,0.4529037797829647,0.5470962202170353,0.5470962202170353,1.0,0.01,0.2366908976942069,780,1280,1380,1410
2024-12-11,2.4000699520111084,-0.023874242633304177,0,0,0.4522756125381516,0.5477243874618485,0.5477243874618485,1.0,0.01,0.2366908976942069,780,1280,1380,1410
2024-12-12,2.3427700996398926,0.03352821868680844,1,0,0.4574264734623601,0.5425735265376399,0.5425735265376399,1.0,0.01,0.2366908976942069,780,1280,1380,1410
2024-12-13,2.421319007873535,-0.009339538554914872,0,0,0.4561043979524794,0.5438956020475205,0.5438956020475205,1.0,0.01,0.2366908976942069,780,1280,1380,1410
2024-12-14,2.398705005645752,0.020112916361938904,1,0,0.45680718364178424,0.5431928163582158,0.5431928163582158,1.0,0.01,0.2366908976942069,780,1280,1380,1410
2024-12-15,2.446949958801269,0.017044889865317714,1,0,0.46380202864001907,0.5361979713599809,0.5361979713599809,1.0,0.01,0.2366908976942069,780,1280,1380,1410
2024-12-16,2.4886579513549805,0.03075236813132709,1,0,0.476814666621521,0.5231853333784791,0.5231853333784791,1.0,0.01,0.2366908976942069,780,1280,1380,1410
2024-12-17,2.565190076828003,-0.10208680265525638,0,0,0.4722071534584915,0.5277928465415085,0.5277928465415085,1.0,0.01,0.2366908976942069,780,1280,1380,1410
2024-12-18,2.3033180236816406,-0.023629784481973504,0,0,0.485271799917539,0.514728200082461,0.514728200082461,1.0,0.01,0.2366908976942069,780,1280,1380,1410
2024-12-19,2.248891115188598,0.012448299942338092,1,0,0.48106081901927467,0.5189391809807253,0.5189391809807253,1.0,0.01,0.2366908976942069,780,1280,1380,1410
2024-12-20,2.276885986328125,-0.017029404964548522,0,0,0.4830821467978328,0.5169178532021672,0.5169178532021672,1.0,0.01,0.2366908976942069,780,1280,1380,1410
2024-12-21,2.238111972808838,-0.0173270928599234,0,0,0.49601985322715064,0.5039801467728493,0.5039801467728493,1.0,0.01,0.2366908976942069,780,1280,1380,1410
2024-12-22,2.199331998825073,0.026339812591609224,1,1,0.5040705400858587,0.4959294599141413,0.5040705400858587,1.0,0.01,0.2366908976942069,780,1280,1380,1410
2024-12-23,2.2572619915008545,0.029842379988345602,1,1,0.503887837861873,0.49611216213812703,0.503887837861873,1.0,0.01,0.2366908976942069,780,1280,1380,1410
2024-12-24,2.3246240615844727,-0.01232633653942794,0,1,0.5094609787738503,0.4905390212261497,0.5094609787738503,1.0,0.01,0.2366908976942069,780,1280,1380,1410
2024-12-25,2.2959699630737305,-0.06168673382626533,0,1,0.5186018260941401,0.4813981739058599,0.5186018260941401,1.0,0.01,0.2366908976942069,780,1280,1380,1410
2024-12-26,2.154339075088501,-0.005890026209742327,0,1,0.5338892051794969,0.4661107948205031,0.5338892051794969,1.0,0.01,0.2366908976942069,780,1280,1380,1410
2024-12-27,2.1416499614715576,0.0182915418484646,1,1,0.5306881330218095,0.4693118669781905,0.5306881330218095,1.0,0.01,0.2366908976942069,780,1280,1380,1410
2024-12-28,2.180824041366577,-0.04018852439570886,0,1,0.5311878938654475,0.4688121061345525,0.5311878938654475,1.0,0.01,0.2366908976942069,780,1280,1380,1410
2024-12-29,2.093179941177368,-0.017011918651238633,0,1,0.5481103424327115,0.4518896575672885,0.5481103424327115,1.0,0.01,0.2366908976942069,780,1280,1380,1410
2024-12-30,2.0575709342956543,0.010962936835564818,1,1,0.5469179633335296,0.4530820366664704,0.5469179633335296,1.0,0.01,0.2366908976942069,780,1280,1380,1410
2024-12-31,2.080127954483032,0.11644139980233126,1,1,0.5482968502090682,0.45170314979093185,0.5482968502090682,1.0,0.01,0.2366908976942069,780,1280,1380,1410
2025-01-01,2.322340965270996,0.03489106014370358,1,1,0.5157104496835317,0.48428955031646825,0.5157104496835317,1.0,0.01,0.2366908976942069,780,1280,1380,1410
2025-01-02,2.403369903564453,0.020606987932301424,1,1,0.5201121494174603,0.4798878505825397,0.5201121494174603,1.0,0.01,0.2366908976942069,780,1280,1380,1410
2025-01-03,2.4528961181640625,-0.013576243522671283,0,1,0.5208742702291793,0.4791257297708207,0.5208742702291793,1.0,0.01,0.2366908976942069,780,1280,1380,1410
2025-01-04,2.419595003128052,-0.008211248993326037,0,1,0.5244265098427521,0.4755734901572479,0.5244265098427521,1.0,0.01,0.2366908976942069,780,1280,1380,1410
2025-01-05,2.3997271060943604,0.007950872239308016,1,1,0.5247386540316241,0.4752613459683759,0.5247386540316241,1.0,0.01,0.2366908976942069,780,1280,1380,1410
2025-01-06,2.418807029724121,-0.06054925219896834,0,1,0.5240654977818867,0.4759345022181133,0.5240654977818867,1.0,0.01,0.2366908976942069,780,1280,1380,1410
2025-01-07,2.2723500728607178,0.04530765999991404,1,1,0.5332525987863646,0.46674740121363545,0.5332525987863646,1.0,0.01,0.2366908976942069,780,1280,1380,1410
2025-01-08,2.375304937362671,-0.04213896342486123,0,1,0.5199821026045339,0.4800178973954661,0.5199821026045339,1.0,0.01,0.2366908976942069,780,1280,1380,1410
2025-01-09,2.275212049484253,0.029904858371081255,1,1,0.532758105248395,0.46724189475160505,0.532758105248395,1.0,0.01,0.23935718321313953,810,1310,1410,1440
2025-01-10,2.343251943588257,0.0996555766295959,1,1,0.5251973096869396,0.47480269031306044,0.5251973096869396,1.0,0.01,0.23935718321313953,810,1310,1410,1440
2025-01-11,2.576770067214966,-0.027342768716950294,0,1,0.5204731981504694,0.47952680184953056,0.5204731981504694,1.0,0.01,0.23935718321313953,810,1310,1410,1440
2025-01-12,2.5063140392303467,0.00663160088669934,1,1,0.5283802788581832,0.47161972114181683,0.5283802788581832,1.0,0.01,0.23935718321313953,810,1310,1410,1440
2025-01-13,2.522934913635254,0.05794760439374347,1,1,0.5247741493016826,0.47522585069831735,0.5247741493016826,1.0,0.01,0.23935718321313953,810,1310,1410,1440
2025-01-14,2.669132947921753,0.1820534865305572,1,1,0.5221309704557453,0.4778690295442547,0.5221309704557453,1.0,0.01,0.23935718321313953,810,1310,1410,1440
2025-01-15,3.155057907104492,0.028678394882233116,1,1,0.5261701613281969,0.47382983867180306,0.5261701613281969,1.0,0.01,0.23935718321313953,810,1310,1410,1440
2025-01-16,3.245539903640747,0.016359405179588338,1,1,0.5206729086540491,0.47932709134595086,0.5206729086540491,1.0,0.01,0.23935718321313953,810,1310,1410,1440
2025-01-17,3.298635005950928,-0.007462481599840753,0,1,0.5172601498431131,0.4827398501568869,0.5172601498431131,1.0,0.01,0.23935718321313953,810,1310,1410,1440
2025-01-18,3.2740190029144287,-0.09752603200455923,0,1,0.5127967567110148,0.48720324328898523,0.5127967567110148,1.0,0.01,0.23935718321313953,810,1310,1410,1440
2025-01-19,2.954716920852661,0.04911401058389431,1,1,0.5174092943057713,0.4825907056942287,0.5174092943057713,1.0,0.01,0.23935718321313953,810,1310,1410,1440
2025-01-20,3.09983491897583,0.022441536266550877,1,1,0.5081520422563458,0.4918479577436542,0.5081520422563458,1.0,0.01,0.23935718321313953,810,1310,1410,1440
2025-01-21,3.1693999767303467,0.0005379350260847904,1,1,0.5067044581662281,0.4932955418337719,0.5067044581662281,1.0,0.01,0.23935718321313953,810,1310,1410,1440
2025-01-22,3.171104907989502,-0.01615020038978754,0,1,0.5027127028170099,0.49728729718299014,0.5027127028170099,1.0,0.01,0.23935718321313953,810,1310,1410,1440
2025-01-23,3.1198909282684326,-0.005259147512210016,0,1,0.5033092221139929,0.49669077788600713,0.5033092221139929,1.0,0.01,0.23935718321313953,810,1310,1410,1440
2025-01-24,3.103482961654663,0.0020051546633308437,1,1,0.5029581642268325,0.4970418357731675,0.5029581642268325,1.0,0.01,0.23935718321313953,810,1310,1410,1440
2025-01-25,3.109705924987793,-0.02684433060605751,0,1,0.504311637010498,0.49568836298950203,0.504311637010498,1.0,0.01,0.23935718321313953,810,1310,1410,1440
2025-01-26,3.0262279510498047,0.008907800569136093,1,1,0.5072319328320996,0.49276806716790045,0.5072319328320996,1.0,0.01,0.23935718321313953,810,1310,1410,1440
2025-01-27,3.053184986114502,0.002598940839073194,1,1,0.5146417120046104,0.4853582879953896,0.5146417120046104,1.0,0.01,0.23935718321313953,810,1310,1410,1440
2025-01-28,3.06112003326416,0.002343591550546309,1,1,0.5069496746879258,0.49305032531207416,0.5069496746879258,1.0,0.01,0.23935718321313953,810,1310,1410,1440
2025-01-29,3.068294048309326,0.02045921793456995,1,1,0.5122628366521639,0.4877371633478361,0.5122628366521639,1.0,0.01,0.23935718321313953,810,1310,1410,1440
2025-01-30,3.1310689449310303,-0.030548354464500882,0,1,0.5124518581956105,0.48754814180438955,0.5124518581956105,1.0,0.01,0.23935718321313953,810,1310,1410,1440
2025-01-31,3.0354199409484863,-0.04972982704123652,0,1,0.5185939865352708,0.4814060134647292,0.5185939865352708,1.0,0.01,0.23935718321313953,810,1310,1410,1440
2025-02-01,2.8844690322875977,-0.10562573047211421,0,1,0.5145124415187554,0.4854875584812446,0.5145124415187554,1.0,0.01,0.23935718321313953,810,1310,1410,1440
2025-02-02,2.579794883728028,0.047042893988453516,1,1,0.5326704752601435,0.46732952473985645,0.5326704752601435,1.0,0.01,0.23935718321313953,810,1310,1410,1440
2025-02-03,2.7011559009552,-0.061355567502766495,0,1,0.510370115436683,0.489629884563317,0.510370115436683,1.0,0.01,0.23935718321313953,810,1310,1410,1440
2025-02-04,2.5354249477386475,-0.06038830983728849,0,1,0.5362172561916431,0.46378274380835693,0.5362172561916431,1.0,0.01,0.23935718321313953,810,1310,1410,1440
2025-02-05,2.382314920425415,-0.023269359466373096,0,1,0.5388904097198854,0.46110959028011456,0.5388904097198854,1.0,0.01,0.23935718321313953,810,1310,1410,1440
2025-02-06,2.326879978179932,0.028666317883381254,1,1,0.5351259769919375,0.46487402300806246,0.5351259769919375,1.0,0.01,0.23935718321313953,810,1310,1410,1440
2025-02-07,2.393583059310913,0.012864793416747844,1,1,0.5228777889933006,0.4771222110066994,0.5228777889933006,1.0,0.01,0.23935718321313953,810,1310,1410,1440
2025-02-08,2.4243760108947754,-0.011316733818029445,0,1,0.5327321379614816,0.46726786203851844,0.5327321379614816,1.0,0.01,0.23901194253758662,840,1340,1440,1470
2025-02-09,2.396939992904663,0.010745417389673939,1,1,0.5349021171715663,0.4650978828284337,0.5349021171715663,1.0,0.01,0.23901194253758662,840,1340,1440,1470
2025-02-10,2.422696113586426,-0.003500262362220452,0,1,0.5312527172523467,0.4687472827476533,0.5312527172523467,1.0,0.01,0.23901194253758662,840,1340,1440,1470
2025-02-11,2.4142160415649414,0.02428076914416777,1,1,0.534005597003687,0.465994402996313,0.534005597003687,1.0,0.01,0.23901194253758662,840,1340,1440,1470
2025-02-12,2.472835063934326,0.03626604853033544,1,1,0.5282090054869621,0.47179099451303785,0.5282090054869621,1.0,0.01,0.23901194253758662,840,1340,1440,1470
2025-02-13,2.5625150203704834,0.06933850838954014,1,1,0.5255482330482034,0.4744517669517966,0.5255482330482034,1.0,0.01,0.23901194253758662,840,1340,1440,1470
2025-02-14,2.7401959896087646,0.007803125583224491,1,1,0.5188275374836377,0.48117246251636225,0.5188275374836377,1.0,0.01,0.23901194253758662,840,1340,1440,1470
2025-02-15,2.76157808303833,-0.012222416186346452,0,1,0.531457786456973,0.46854221354302705,0.531457786456973,1.0,0.01,0.23901194253758662,840,1340,1440,1470
2025-02-16,2.7278249263763428,-0.025496867627330277,0,1,0.53674269863208,0.46325730136792,0.53674269863208,1.0,0.01,0.23901194253758662,840,1340,1440,1470
2025-02-17,2.658273935317993,-0.03739117667713732,0,1,0.5405645064203249,0.45943549357967506,0.5405645064203249,1.0,0.01,0.23901194253758662,840,1340,1440,1470
2025-02-18,2.558877944946289,0.07109489195275165,1,1,0.548498156305529,0.451501843694471,0.548498156305529,1.0,0.01,0.23901194253758662,840,1340,1440,1470
2025-02-19,2.7408010959625244,-0.018232994393668656,0,1,0.5261012622943073,0.4738987377056927,0.5261012622943073,1.0,0.01,0.23901194253758662,840,1340,1440,1470
2025-02-20,2.6908280849456787,-0.04485169478948137,0,1,0.5414674736227313,0.4585325263772687,0.5414674736227313,1.0,0.01,0.23901194253758662,840,1340,1440,1470
2025-02-21,2.5701398849487305,0.0021656876266935576,1,1,0.5435378081715452,0.4564621918284548,0.5435378081715452,1.0,0.01,0.23901194253758662,840,1340,1440,1470
2025-02-22,2.5757060050964355,0.0005101221905097209,1,1,0.5401646568304138,0.4598353431695862,0.5401646568304138,1.0,0.01,0.23901194253758662,840,1340,1440,1470
2025-02-23,2.5770199298858643,-0.11606074862114735,0,1,0.537134409409781,0.46286559059021903,0.537134409409781,1.0,0.01,0.23901194253758662,840,1340,1440,1470
2025-02-24,2.2779290676116943,0.01878374060255661,1,1,0.5547676758613337,0.4452323241386663,0.5547676758613337,1.0,0.01,0.23901194253758662,840,1340,1440,1470
2025-02-25,2.320717096328736,-0.05527691003907742,0,1,0.5366117089742422,0.46338829102575785,0.5366117089742422,1.0,0.01,0.23901194253758662,840,1340,1440,1470
2025-02-26,2.1924350261688232,0.002833812486413567,1,1,0.5543116309236288,0.4456883690763712,0.5543116309236288,1.0,0.01,0.23901194253758662,840,1340,1440,1470
2025-02-27,2.198647975921631,-0.02412978466888993,0,1,0.5402007849631844,0.45979921503681564,0.5402007849631844,1.0,0.01,0.23901194253758662,840,1340,1440,1470
2025-02-28,2.145595073699951,0.020976905036159676,1,1,0.5427085143597297,0.45729148564027033,0.5427085143597297,1.0,0.01,0.23901194253758662,840,1340,1440,1470
2025-03-01,2.190603017807007,0.34070028966957633,1,1,0.5484542442738473,0.45154575572615274,0.5484542442738473,1.0,0.01,0.23901194253758662,840,1340,1440,1470
2025-03-02,2.9369421005249023,-0.1876782492051745,0,1,0.5369713013496944,0.4630286986503056,0.5369713013496944,1.0,0.01,0.23901194253758662,840,1340,1440,1470
2025-03-03,2.385741949081421,0.029091212165819336,1,1,0.5947081844209462,0.4052918155790538,0.5947081844209462,1.0,0.01,0.23901194253758662,840,1340,1440,1470
2025-03-04,2.455146074295044,0.018476680408664903,1,1,0.5255662817183763,0.47443371828162373,0.5255662817183763,1.0,0.01,0.23901194253758662,840,1340,1440,1470
2025-03-05,2.500509023666382,0.04047971494756575,1,1,0.5450784546456909,0.45492154535430906,0.5450784546456909,1.0,0.01,0.23901194253758662,840,1340,1440,1470
2025-03-06,2.601728916168213,-0.08459948744744761,0,1,0.5248829472786677,0.4751170527213323,0.5248829472786677,1.0,0.01,0.23901194253758662,840,1340,1440,1470
2025-03-07,2.3816239833831787,-0.02443085094934505,0,1,0.5748315916736322,0.4251684083263678,0.5748315916736322,1.0,0.01,0.23901194253758662,840,1340,1440,1470
2025-03-08,2.323438882827759,-0.08128589135440811,0,1,0.5618742677763415,0.43812573222365847,0.5618742677763415,1.0,0.01,0.23901194253758662,840,1340,1440,1470
2025-03-09,2.1345760822296143,-0.05447544700075202,0,1,0.5606495893103169,0.43935041068968306,0.5606495893103169,1.0,0.01,0.23901194253758662,840,1340,1440,1470
2025-03-10,2.018294095993042,0.07363733454738197,1,1,0.5440493485188321,0.45595065148116787,0.5440493485188321,1.0,0.1,0.24953462424119677,870,1370,1470,1500
2025-03-11,2.1669158935546875,0.034075705403102674,1,1,0.5440459015278848,0.4559540984721152,0.5440459015278848,1.0,0.1,0.24953462424119677,870,1370,1470,1500
2025-03-12,2.240755081176758,0.004575668560036883,1,1,0.5440231149307209,0.45597688506927914,0.5440231149307209,1.0,0.1,0.24953462424119677,870,1370,1470,1500
2025-03-13,2.2510080337524414,0.04683896857800507,1,1,0.5440156443858022,0.4559843556141978,0.5440156443858022,1.0,0.1,0.24953462424119677,870,1370,1470,1500
2025-03-14,2.356442928314209,0.015614695722364624,1,1,0.5440178782219032,0.4559821217780968,0.5440178782219032,1.0,0.1,0.24953462424119677,870,1370,1470,1500
2025-03-15,2.393238067626953,-0.0398501967728927,0,1,0.5440254719876952,0.45597452801230476,0.5440254719876952,1.0,0.1,0.24953462424119677,870,1370,1470,1500
2025-03-16,2.2978670597076416,0.018613288527138616,1,1,0.5440461388135914,0.45595386118640857,0.5440461388135914,1.0,0.1,0.24953462424119677,870,1370,1470,1500
2025-03-17,2.3406379222869877,-0.02293307957842383,0,1,0.5440529117057665,0.45594708829423347,0.5440529117057665,1.0,0.1,0.24953462424119677,870,1370,1470,1500
2025-03-18,2.2869598865509038,0.11319879005921973,1,1,0.5440556282151843,0.4559443717848157,0.5440556282151843,1.0,0.1,0.24953462424119677,870,1370,1470,1500
2025-03-19,2.5458409786224365,-0.04366610286109862,0,1,0.5440390393517363,0.45596096064826375,0.5440390393517363,1.0,0.1,0.24953462424119677,870,1370,1470,1500
2025-03-20,2.434674024581909,-0.02275297615113059,0,1,0.544063873164908,0.455936126835092,0.544063873164908,1.0,0.1,0.24953462424119677,870,1370,1470,1500
2025-03-21,2.37927794456482,-0.003973479407360259,0,1,0.5440676713577595,0.45593232864224054,0.5440676713577595,1.0,0.1,0.24953462424119677,870,1370,1470,1500
2025-03-22,2.369823932647705,0.027710522646316793,1,1,0.5440707673116298,0.45592923268837016,0.5440707673116298,1.0,0.1,0.24953462424119677,870,1370,1470,1500
2025-03-23,2.435492992401123,0.005201857076093885,1,1,0.5440627983499529,0.45593720165004714,0.5440627983499529,1.0,0.1,0.24953462424119677,870,1370,1470,1500
2025-03-24,2.448162078857422,0.001302158402296083,1,1,0.5440608722692946,0.45593912773070544,0.5440608722692946,1.0,0.1,0.24953462424119677,870,1370,1470,1500
2025-03-25,2.451349973678589,-0.04171661378796343,0,1,0.5440676559426503,0.4559323440573497,0.5440676559426503,1.0,0.1,0.24953462424119677,870,1370,1470,1500
2025-03-26,2.349087953567505,-0.004603468114459552,0,1,0.5440791692703135,0.4559208307296865,0.5440791692703135,1.0,0.1,0.24953462424119677,870,1370,1470,1500
2025-03-27,2.3382740020751958,-0.057365781378856506,0,1,0.5440776511602956,0.4559223488397044,0.5440776511602956,1.0,0.1,0.24953462424119677,870,1370,1470,1500
2025-03-28,2.204137086868286,-0.029121602246273914,0,1,0.5440756506134697,0.45592434938653026,0.5440756506134697,1.0,0.1,0.24953462424119677,870,1370,1470,1500
2025-03-29,2.139949083328247,-0.001778600353826043,0,1,0.5440724976875149,0.45592750231248513,0.5440724976875149,1.0,0.1,0.24953462424119677,870,1370,1470,1500
2025-03-30,2.1361429691314697,-0.02164932425245525,0,1,0.5440678577966737,0.45593214220332634,0.5440678577966737,1.0,0.1,0.24953462424119677,870,1370,1470,1500
2025-03-31,2.08989691734314,0.02378781844567812,1,1,0.5440620712586509,0.4559379287413491,0.5440620712586509,1.0,0.1,0.24953462424119677,870,1370,1470,1500
2025-04-01,2.139611005783081,-0.053534925033253744,0,1,0.543287308305926,0.456712691694074,0.543287308305926,1.0,0.1,0.24953462424119677,870,1370,1470,1500
2025-04-02,2.025067090988159,0.018468527494402753,1,1,0.543523117418184,0.45647688258181596,0.543523117418184,1.0,0.1,0.24953462424119677,870,1370,1470,1500
2025-04-03,2.062467098236084,0.03223944566246972,1,1,0.5421751509226196,0.4578248490773804,0.5421751509226196,1.0,0.1,0.24953462424119677,870,1370,1470,1500
2025-04-04,2.128959894180298,0.0069382345381967525,1,1,0.5416914440017582,0.45830855599824183,0.5416914440017582,1.0,0.1,0.24953462424119677,870,1370,1470,1500
2025-04-05,2.143731117248535,-0.10534724060386191,0,1,0.5421594976400981,0.4578405023599019,0.5421594976400981,1.0,0.1,0.24953462424119677,870,1370,1470,1500
2025-04-06,1.917894959449768,-0.010501620757077501,0,1,0.5439187443552241,0.45608125564477586,0.5439187443552241,1.0,0.1,0.24953462424119677,870,1370,1470,1500
2025-04-07,1.897753953933716,-0.054372702583760035,0,1,0.5436080039326248,0.45639199606737524,0.5436080039326248,1.0,0.1,0.24953462424119677,870,1370,1470,1500
2025-04-08,1.7945679426193235,0.14330473370835417,1,1,0.5450140858236956,0.4549859141763044,0.5450140858236956,1.0,0.1,0.24953462424119677,870,1370,1470,1500
2025-04-09,2.0517380237579346,-0.041553053803372264,0,1,0.5465183243201454,0.45348167567985465,0.5465183243201454,1.0,0.1,0.24845346715385763,900,1400,1500,1530
2025-04-10,1.9664820432662964,0.02919166028079334,1,1,0.5469442898714969,0.4530557101285031,0.5469442898714969,1.0,0.1,0.24845346715385763,900,1400,1500,1530
2025-04-11,2.0238869190216064,0.06657150595072547,1,1,0.5459836033149883,0.4540163966850117,0.5459836033149883,1.0,0.1,0.24845346715385763,900,1400,1500,1530
2025-04-12,2.1586201190948486,-0.01779894187140607,0,1,0.5460108408940625,0.4539891591059375,0.5460108408940625,1.0,0.1,0.24845346715385763,900,1400,1500,1530
2025-04-13,2.120198965072632,0.003091728899883517,1,1,0.5469767012829844,0.45302329871701563,0.5469767012829844,1.0,0.1,0.24845346715385763,900,1400,1500,1530
2025-04-14,2.12675404548645,-0.017964064472162367,0,1,0.5473077982047773,0.45269220179522274,0.5473077982047773,1.0,0.1,0.24845346715385763,900,1400,1500,1530
2025-04-15,2.0885488986968994,-0.002540979124564857,0,1,0.5480475366858512,0.45195246331414884,0.5480475366858512,1.0,0.1,0.24845346715385763,900,1400,1500,1530
2025-04-16,2.0832419395446777,-0.008077251008554831,0,1,0.54771242560837,0.45228757439163003,0.54771242560837,1.0,0.1,0.24845346715385763,900,1400,1500,1530
2025-04-17,2.0664150714874268,-0.0013975721956861475,0,1,0.5481272109619398,0.45187278903806016,0.5481272109619398,1.0,0.1,0.24845346715385763,900,1400,1500,1530
2025-04-18,2.063527107238769,0.011530249357023736,1,1,0.5482684450136706,0.45173155498632944,0.5482684450136706,1.0,0.1,0.24845346715385763,900,1400,1500,1530
2025-04-19,2.08732008934021,-0.0049436569766146965,0,1,0.548172927339313,0.451827072660687,0.548172927339313,1.0,0.1,0.24845346715385763,900,1400,1500,1530
2025-04-20,2.0770010948181152,0.00409914442556536,1,1,0.5485020615757566,0.45149793842424335,0.5485020615757566,1.0,0.1,0.24845346715385763,900,1400,1500,1530
2025-04-21,2.085515022277832,0.0623145424339715,1,1,0.5485760634219972,0.45142393657800284,0.5485760634219972,1.0,0.1,0.24845346715385763,900,1400,1500,1530
2025-04-22,2.215472936630249,0.0008499449063947839,1,1,0.548261616656637,0.451738383343363,0.548261616656637,1.0,0.1,0.24845346715385763,900,1400,1500,1530
2025-04-23,2.217355966567993,-0.005778007400864427,0,1,0.5490973277245336,0.45090267227546643,0.5490973277245336,1.0,0.1,0.24845346715385763,900,1400,1500,1530
2025-04-24,2.2045440673828125,-0.009748091391709401,0,1,0.5493581372475695,0.45064186275243046,0.5493581372475695,1.0,0.1,0.24845346715385763,900,1400,1500,1530
2025-04-25,2.183053970336914,0.00464254916128537,1,1,0.5498728152957575,0.4501271847042425,0.5498728152957575,1.0,0.1,0.24845346715385763,900,1400,1500,1530
2025-04-26,2.1931889057159424,0.028747238392934138,1,1,0.5501611398720716,0.4498388601279284,0.5501611398720716,1.0,0.1,0.24845346715385763,900,1400,1500,1530
2025-04-27,2.256237030029297,0.01724147404976506,1,1,0.5492891593091969,0.45071084069080314,0.5492891593091969,1.0,0.1,0.24845346715385763,900,1400,1500,1530
2025-04-28,2.295137882232666,-0.023674737230725218,0,1,0.5493721083557221,0.45062789164427786,0.5493721083557221,1.0,0.1,0.24845346715385763,900,1400,1500,1530
2025-04-29,2.2408010959625244,-0.02197614304511919,0,1,0.5502723879621421,0.44972761203785794,0.5502723879621421,1.0,0.1,0.24845346715385763,900,1400,1500,1530
2025-04-30,2.191556930541992,0.010314667360599161,1,1,0.5507590601931744,0.44924093980682556,0.5507590601931744,1.0,0.1,0.24845346715385763,900,1400,1500,1530
2025-05-01,2.2141621112823486,-0.001956095213575204,0,1,0.557179176423479,0.44282082357652097,0.557179176423479,1.0,0.1,0.24845346715385763,900,1400,1500,1530
2025-05-02,2.2098309993743896,-0.00971300946853082,0,1,0.5576049048653342,0.4423950951346658,0.5576049048653342,1.0,0.1,0.24845346715385763,900,1400,1500,1530
2025-05-03,2.1883668899536133,-0.013970206596245482,0,1,0.5588898856051719,0.44111011439482806,0.5588898856051719,1.0,0.1,0.24845346715385763,900,1400,1500,1530
2025-05-04,2.157794952392578,-0.01028181146391871,0,1,0.5587174348423868,0.4412825651576132,0.5587174348423868,1.0,0.1,0.24845346715385763,900,1400,1500,1530
2025-05-05,2.1356089115142822,0.009281271905787758,1,1,0.5570189620031251,0.44298103799687494,0.5570189620031251,1.0,0.1,0.24845346715385763,900,1400,1500,1530
2025-05-06,2.1554300785064697,-0.013574537507705542,0,1,0.556823013661629,0.443176986338371,0.556823013661629,1.0,0.1,0.24845346715385763,900,1400,1500,1530
2025-05-07,2.126171112060547,0.09266088707000653,1,1,0.5548502930407875,0.4451497069592125,0.5548502930407875,1.0,0.1,0.24845346715385763,900,1400,1500,1530
2025-05-08,2.323184013366699,0.00924894346756111,1,1,0.5493333282878404,0.45066667171215957,0.5493333282878404,1.0,0.1,0.24845346715385763,900,1400,1500,1530
2025-05-09,2.3446710109710693,0.05431845782444511,1,1,0.5255711465001426,0.4744288534998574,0.5255711465001426,1.0,0.01,0.25480930997272233,930,1430,1530,1560
2025-05-10,2.4720299243927,-0.04267949533416049,0,0,0.48557135353655134,0.5144286464634487,0.5144286464634487,1.0,0.01,0.25480930997272233,930,1430,1530,1560
2025-05-11,2.3665249347686768,0.07526351448353674,1,1,0.5896934587063508,0.4103065412936492,0.5896934587063508,1.0,0.01,0.25480930997272233,930,1430,1530,1560
2025-05-12,2.54463791847229,0.016469994101931285,1,0,0.45547164389755274,0.5445283561024472,0.5445283561024472,1.0,0.01,0.25480930997272233,930,1430,1530,1560
2025-05-13,2.586548089981079,-0.013085079053669624,0,1,0.527039676693983,0.472960323306017,0.527039676693983,1.0,0.01,0.25480930997272233,930,1430,1530,1560
2025-05-14,2.5527029037475586,-0.06751113216520455,0,1,0.550988619696533,0.449011380303467,0.550988619696533,1.0,0.01,0.25480930997272233,930,1430,1530,1560
2025-05-15,2.3803670406341557,0.0002592151849616364,1,1,0.6212875377419309,0.3787124622580691,0.6212875377419309,1.0,0.01,0.25480930997272233,930,1430,1530,1560
2025-05-16,2.38098406791687,-0.0111803140437291,0,1,0.5684837595279388,0.43151624047206116,0.5684837595279388,1.0,0.01,0.25480930997272233,930,1430,1530,1560
2025-05-17,2.354363918304444,0.03389749666782027,1,1,0.5771114807210342,0.42288851927896576,0.5771114807210342,1.0,0.01,0.25480930997272233,930,1430,1530,1560
2025-05-18,2.434170961380005,-0.021687906533160328,0,1,0.5169680522687287,0.48303194773127134,0.5169680522687287,1.0,0.01,0.25480930997272233,930,1430,1530,1560
2025-05-19,2.3813788890838623,-0.010340173486245385,0,1,0.5622866193576149,0.4377133806423851,0.5622866193576149,1.0,0.01,0.25480930997272233,930,1430,1530,1560
2025-05-20,2.356755018234253,0.017893672065211863,1,1,0.5596234112642576,0.44037658873574237,0.5596234112642576,1.0,0.01,0.25480930997272233,930,1430,1530,1560
2025-05-21,2.398926019668579,0.012867844551063046,1,1,0.522775141294674,0.47722485870532605,0.522775141294674,1.0,0.01,0.25480930997272233,930,1430,1530,1560
2025-05-22,2.429795026779175,-0.05575530656101835,0,1,0.521423102159627,0.47857689784037305,0.521423102159627,1.0,0.01,0.25480930997272233,930,1430,1530,1560
2025-05-23,2.294321060180664,0.016801897105708452,1,1,0.6028241379390105,0.39717586206098954,0.6028241379390105,1.0,0.01,0.25480930997272233,930,1430,1530,1560
2025-05-24,2.3328700065612797,0.004331529236365705,1,1,0.5459718500833359,0.45402814991666407,0.5459718500833359,1.0,0.01,0.25480930997272233,930,1430,1530,1560
2025-05-25,2.342974901199341,-0.013791792512762302,0,1,0.538054130164923,0.461945869835077,0.538054130164923,1.0,0.01,0.25480930997272233,930,1430,1530,1560
2025-05-26,2.3106610774993896,0.0034669144409884556,1,1,0.5581477020125877,0.4418522979874123,0.5581477020125877,1.0,0.01,0.25480930997272233,930,1430,1530,1560
2025-05-27,2.318671941757202,-0.019157108608909734,0,1,0.536660825531556,0.46333917446844397,0.536660825531556,1.0,0.01,0.25480930997272233,930,1430,1530,1560
2025-05-28,2.274252891540528,-0.013194172750172428,0,1,0.5687390126346727,0.43126098736532725,0.5687390126346727,1.0,0.01,0.25480930997272233,930,1430,1530,1560
2025-05-29,2.244246006011963,-0.04705902975124965,0,1,0.5649125044818836,0.43508749551811643,0.5649125044818836,1.0,0.01,0.25480930997272233,930,1430,1530,1560
2025-05-30,2.138633966445923,0.01703239915001875,1,1,0.6007677284923943,0.39923227150760565,0.6007677284923943,1.0,0.01,0.25480930997272233,930,1430,1530,1560
2025-05-31,2.1750600337982178,0.0018960056727803654,1,1,0.5515710186282339,0.4484289813717661,0.5515710186282339,1.0,0.01,0.25480930997272233,930,1430,1530,1560
2025-06-01,2.179183959960937,0.008522060882960591,1,1,0.5509206407310088,0.44907935926899123,0.5509206407310088,1.0,0.01,0.25480930997272233,930,1430,1530,1560
2025-06-02,2.1977550983428955,0.022335953156268573,1,1,0.5227922686504984,0.47720773134950156,0.5227922686504984,1.0,0.01,0.25480930997272233,930,1430,1530,1560
2025-06-03,2.2468440532684326,-0.01982067598639936,0,1,0.5015372480865052,0.49846275191349476,0.5015372480865052,1.0,0.01,0.25480930997272233,930,1430,1530,1560
2025-06-04,2.202310085296631,-0.047530095295544195,0,1,0.5644136748333958,0.4355863251666042,0.5644136748333958,1.0,0.01,0.25480930997272233,930,1430,1530,1560
2025-06-05,2.097634077072144,0.030878546143122465,1,1,0.5998732453155724,0.4001267546844276,0.5998732453155724,1.0,0.01,0.25480930997272233,930,1430,1530,1560
2025-06-06,2.1624059677124023,0.007463901030542175,1,1,0.5249869892134775,0.47501301078652247,0.5249869892134775,1.0,0.01,0.25480930997272233,930,1430,1530,1560
2025-06-07,2.1785459518432617,0.03991153363442268,1,1,0.5499427780453388,0.45005722195466125,0.5499427780453388,1.0,0.01,0.25480930997272233,930,1430,1530,1560
2025-06-08,2.2654950618743896,0.02422424339690643,1,0,0.46877818963541,0.53122181036459,0.53122181036459,1.0,0.01,0.24900739327192556,960,1460,1560,1590
2025-06-09,2.3203749656677246,-0.006503254401451275,0,0,0.4973632925492669,0.5026367074507331,0.5026367074507331,1.0,0.01,0.24900739327192556,960,1460,1560,1590
2025-06-10,2.3052849769592285,-0.014927398365053857,0,1,0.5295759124403112,0.4704240875596888,0.5295759124403112,1.0,0.01,0.24900739327192556,960,1460,1560,1590
2025-06-11,2.270873069763184,-0.0335131739139749,0,1,0.5477824417952558,0.4522175582047442,0.5477824417952558,1.0,0.01,0.24900739327192556,960,1460,1560,1590
2025-06-12,2.1947689056396484,-0.020839977891545125,0,1,0.5826555210860177,0.4173444789139823,0.5826555210860177,1.0,0.01,0.24900739327192556,960,1460,1560,1590
2025-06-13,2.1490299701690674,-0.003547605668491882,0,1,0.5608958122124651,0.4391041877875349,0.5608958122124651,1.0,0.01,0.24900739327192556,960,1460,1560,1590
2025-06-14,2.1414060592651367,0.012034570707486925,1,1,0.5712382241595296,0.42876177584047037,0.5712382241595296,1.0,0.01,0.24900739327192556,960,1460,1560,1590
2025-06-15,2.167176961898804,0.03442034306809183,1,1,0.5389724013708771,0.4610275986291229,0.5389724013708771,1.0,0.01,0.24900739327192556,960,1460,1560,1590
2025-06-16,2.241771936416626,-0.03615801591738865,0,0,0.46537608177648626,0.5346239182235137,0.5346239182235137,1.0,0.01,0.24900739327192556,960,1460,1560,1590
2025-06-17,2.1607139110565186,0.004142698895946317,1,1,0.577411919848573,0.422588080151427,0.577411919848573,1.0,0.01,0.24900739327192556,960,1460,1560,1590
2025-06-18,2.169665098190308,-0.0017178677253940622,0,1,0.5435271941258589,0.4564728058741411,0.5435271941258589,1.0,0.01,0.24900739327192556,960,1460,1560,1590
2025-06-19,2.165937900543213,-0.02104902339144854,0,1,0.5536661356192794,0.44633386438072065,0.5536661356192794,1.0,0.01,0.24900739327192556,960,1460,1560,1590
2025-06-20,2.120347023010254,-0.02961258823979185,0,1,0.5545137328204899,0.4454862671795101,0.5545137328204899,1.0,0.01,0.24900739327192556,960,1460,1560,1590
2025-06-21,2.057558059692383,-0.021156140469597795,0,1,0.583793842579003,0.416206157420997,0.583793842579003,1.0,0.01,0.24900739327192556,960,1460,1560,1590
2025-06-22,2.0140280723571777,0.07561019034628935,1,1,0.5557327948210632,0.4442672051789368,0.5557327948210632,1.0,0.01,0.24900739327192556,960,1460,1560,1590
2025-06-23,2.166309118270874,0.011312700999399183,1,0,0.4764169328259166,0.5235830671740834,0.5235830671740834,1.0,0.01,0.24900739327192556,960,1460,1560,1590
2025-06-24,2.1908159255981445,-0.0022566239356235362,0,1,0.5254729098483808,0.4745270901516192,0.5254729098483808,1.0,0.01,0.24900739327192556,960,1460,1560,1590
2025-06-25,2.1858720779418945,-0.03660648335793282,0,1,0.5364586509750858,0.4635413490249142,0.5364586509750858,1.0,0.01,0.24900739327192556,960,1460,1560,1590
2025-06-26,2.1058549880981445,0.01745794781058696,1,1,0.580696003433977,0.419303996566023,0.580696003433977,1.0,0.01,0.24900739327192556,960,1460,1560,1590
2025-06-27,2.1426188945770264,0.020267292177021945,1,1,0.5325452884227695,0.4674547115772305,0.5325452884227695,1.0,0.01,0.24900739327192556,960,1460,1560,1590
2025-06-28,2.1860439777374268,0.009619658034364598,1,1,0.5304414076259646,0.4695585923740354,0.5304414076259646,1.0,0.01,0.24900739327192556,960,1460,1560,1590
2025-06-29,2.2070729732513428,0.014352496749804322,1,1,0.5327382669922428,0.4672617330077572,0.5327382669922428,1.0,0.01,0.24900739327192556,960,1460,1560,1590
2025-06-30,2.2387499809265137,-0.029728653829319218,0,0,0.48233870949894075,0.5176612905010592,0.5176612905010592,1.0,0.01,0.24900739327192556,960,1460,1560,1590
2025-07-01,2.1721949577331543,0.028346434568205847,1,1,0.6040251980716305,0.39597480192836954,0.6040251980716305,1.0,0.01,0.24900739327192556,960,1460,1560,1590
2025-07-02,2.233768939971924,0.010694510233953958,1,1,0.5808042052215103,0.41919579477848967,0.5808042052215103,1.0,0.01,0.24900739327192556,960,1460,1560,1590
2025-07-03,2.257658004760742,-0.016175634450008136,0,1,0.5882388405296265,0.4117611594703735,0.5882388405296265,1.0,0.01,0.24900739327192556,960,1460,1560,1590
2025-07-04,2.2211389541625977,-0.0011781713698345575,0,1,0.6005693585560771,0.39943064144392293,0.6005693585560771,1.0,0.01,0.24900739327192556,960,1460,1560,1590
2025-07-05,2.218522071838379,0.024349081305031328,1,1,0.596361768391663,0.403638231608337,0.596361768391663,1.0,0.01,0.24900739327192556,960,1460,1560,1590
2025-07-06,2.272541046142578,0.0006762677239635639,1,1,0.569964246394459,0.430035753605541,0.569964246394459,1.0,0.01,0.24900739327192556,960,1460,1560,1590
2025-07-07,2.274077892303467,0.016338976412046957,1,1,0.5788188586236521,0.4211811413763479,0.5788188586236521,1.0,0.01,0.24900739327192556,960,1460,1560,1590
2025-07-08,2.3112339973449707,0.04084487980113072,1,1,0.5916255103705269,0.4083744896294731,0.5916255103705269,1.0,0.01,0.24863020510790726,990,1490,1590,1620
2025-07-09,2.405636072158813,0.0586318947065152,1,1,0.5699206618709294,0.4300793381290706,0.5699206618709294,1.0,0.01,0.24863020510790726,990,1490,1590,1620
2025-07-10,2.5466830730438232,0.07389255673537676,1,1,0.5627971367786174,0.4372028632213826,0.5627971367786174,1.0,0.01,0.24863020510790726,990,1490,1590,1620
2025-07-11,2.7348639965057373,0.0010136126779085597,1,1,0.5426836078246573,0.4573163921753427,0.5426836078246573,1.0,0.01,0.24863020510790726,990,1490,1590,1620
2025-07-12,2.737636089324951,0.035908712387692,1,1,0.5729727285195008,0.42702727148049924,0.5729727285195008,1.0,0.01,0.24863020510790726,990,1490,1590,1620
2025-07-13,2.8359410762786865,0.04197405941874255,1,1,0.5528545359185955,0.44714546408140454,0.5528545359185955,1.0,0.01,0.24863020510790726,990,1490,1590,1620
2025-07-14,2.954977035522461,-0.012191312104690044,0,1,0.5363614679098913,0.46363853209010875,0.5363614679098913,1.0,0.01,0.24863020510790726,990,1490,1590,1620
2025-07-15,2.918951988220215,0.04195100666733542,1,1,0.5490163457987244,0.4509836542012756,0.5490163457987244,1.0,0.01,0.24863020510790726,990,1490,1590,1620
2025-07-16,3.041404962539673,0.14918241782258668,1,1,0.5214743982013894,0.4785256017986106,0.5214743982013894,1.0,0.01,0.24863020510790726,990,1490,1590,1620
2025-07-17,3.495129108428955,-0.022006961428914118,0,1,0.503685243956972,0.496314756043028,0.503685243956972,1.0,0.01,0.24863020510790726,990,1490,1590,1620
2025-07-18,3.418211936950684,0.0032748088514906737,1,0,0.4978885432012205,0.5021114567987794,0.5021114567987794,1.0,0.01,0.24863020510790726,990,1490,1590,1620
2025-07-19,3.429405927658081,0.008783735729166908,1,0,0.48166079097910364,0.5183392090208964,0.5183392090208964,1.0,0.01,0.24863020510790726,990,1490,1590,1620
2025-07-20,3.459528923034668,0.027817657451429723,1,0,0.4682898404893704,0.5317101595106296,0.5317101595106296,1.0,0.01,0.24863020510790726,990,1490,1590,1620
2025-07-21,3.55576491355896,-0.001149929405062755,0,0,0.4582669156373209,0.5417330843626791,0.5417330843626791,1.0,0.01,0.24863020510790726,990,1490,1590,1620
2025-07-22,3.551676034927368,-0.10325996661432657,0,0,0.4562423199599743,0.5437576800400257,0.5437576800400257,1.0,0.01,0.24863020510790726,990,1490,1590,1620
2025-07-23,3.1849300861358643,-0.0128841683219717,0,0,0.4728376021691881,0.527162397830812,0.527162397830812,1.0,0.01,0.24863020510790726,990,1490,1590,1620
2025-07-24,3.143894910812378,-0.0006917706667246559,0,0,0.44563259814165024,0.5543674018583498,0.5543674018583498,1.0,0.01,0.24863020510790726,990,1490,1590,1620
2025-07-25,3.141720056533813,0.008216536143250464,1,0,0.4515770069023486,0.5484229930976514,0.5484229930976514,1.0,0.01,0.24863020510790726,990,1490,1590,1620
2025-07-26,3.167534112930298,0.02328242433293015,1,0,0.457772873693961,0.542227126306039,0.542227126306039,1.0,0.01,0.24863020510790726,990,1490,1590,1620
2025-07-27,3.2412819862365723,-0.0387007001584857,0,0,0.46077840406289255,0.5392215959371074,0.5392215959371074,1.0,0.01,0.24863020510790726,990,1490,1590,1620
2025-07-28,3.11584210395813,0.004040313146076446,1,0,0.48340628568942656,0.5165937143105734,0.5165937143105734,1.0,0.01,0.24863020510790726,990,1490,1590,1620
2025-07-29,3.1284310817718506,-0.009607066704029887,0,0,0.4830411053987329,0.5169588946012671,0.5169588946012671,1.0,0.01,0.24863020510790726,990,1490,1590,1620
2025-07-30,3.098376035690308,-0.023627199227180595,0,0,0.496212885217052,0.503787114782948,0.503787114782948,1.0,0.01,0.24863020510790726,990,1490,1590,1620
2025-07-31,3.025170087814331,-0.020023039791281616,0,1,0.5210681135373297,0.47893188646267026,0.5210681135373297,1.0,0.01,0.24863020510790726,990,1490,1590,1620
2025-08-01,2.96459698677063,-0.06686407030934527,0,1,0.5097622149706864,0.4902377850293136,0.5097622149706864,1.0,0.01,0.24863020510790726,990,1490,1590,1620
2025-08-02,2.766371965408325,0.06621379547798178,1,1,0.5235347568686786,0.47646524313132144,0.5235347568686786,1.0,0.01,0.24863020510790726,990,1490,1590,1620
2025-08-03,2.9495439529418945,0.041791539180573434,1,1,0.5075353128873169,0.4924646871126831,0.5075353128873169,1.0,0.01,0.24863020510790726,990,1490,1590,1620
2025-08-04,3.072809934616089,-0.035492581294086945,0,1,0.5125318460324554,0.4874681539675446,0.5125318460324554,1.0,0.01,0.24863020510790726,990,1490,1590,1620
2025-08-05,2.963747978210449,0.009494757402142673,1,1,0.5249829192275176,0.4750170807724824,0.5249829192275176,1.0,0.01,0.24863020510790726,990,1490,1590,1620
2025-08-06,2.9918880462646484,0.10906822979055986,1,1,0.5210592614705989,0.4789407385294011,0.5210592614705989,1.0,0.01,0.24863020510790726,990,1490,1590,1620
2025-08-07,3.3182079792022705,-0.009368874874951083,0,1,0.5136437606427746,0.4863562393572254,0.5136437606427746,1.0,0.01,0.24340217725694926,1020,1520,1620,1650
2025-08-08,3.28712010383606,-0.01802094278736166,0,1,0.5252473974536608,0.4747526025463392,0.5252473974536608,1.0,0.01,0.24340217725694926,1020,1520,1620,1650
2025-08-09,3.227883100509644,-0.012400430971222565,0,1,0.5283080781669215,0.4716919218330785,0.5283080781669215,1.0,0.01,0.24340217725694926,1020,1520,1620,1650
2025-08-10,3.187855958938598,-0.016732834301996014,0,1,0.5275491694214912,0.4724508305785088,0.5275491694214912,1.0,0.01,0.24340217725694926,1020,1520,1620,1650
2025-08-11,3.134514093399048,0.04210919438157679,1,1,0.5269761398884882,0.47302386011151176,0.5269761398884882,1.0,0.01,0.24340217725694926,1020,1520,1620,1650
2025-08-12,3.2665059566497803,0.004311963481624659,1,1,0.5181840980386537,0.48181590196134627,0.5181840980386537,1.0,0.01,0.24340217725694926,1020,1520,1620,1650
2025-08-13,3.2805910110473637,-0.06007116675276303,0,1,0.5226714247750187,0.4773285752249813,0.5226714247750187,1.0,0.01,0.24340217725694926,1020,1520,1620,1650
2025-08-14,3.083522081375122,-0.0015745487843754624,0,1,0.5300203504951179,0.46997964950488214,0.5300203504951179,1.0,0.01,0.24340217725694926,1020,1520,1620,1650
2025-08-15,3.078666925430298,0.009573320870310376,1,1,0.5240804852809419,0.47591951471905813,0.5240804852809419,1.0,0.01,0.24340217725694926,1020,1520,1620,1650
2025-08-16,3.108139991760254,-0.006144831689280594,0,1,0.526591478150614,0.473408521849386,0.526591478150614,1.0,0.01,0.24340217725694926,1020,1520,1620,1650
2025-08-17,3.089040994644165,-0.008921243955775648,0,1,0.5299356825158814,0.4700643174841186,0.5299356825158814,1.0,0.01,0.24340217725694926,1020,1520,1620,1650
2025-08-18,3.0614829063415527,-0.06812345657860619,0,1,0.5305587015199835,0.4694412984800165,0.5305587015199835,1.0,0.01,0.24340217725694926,1020,1520,1620,1650
2025-08-19,2.852924108505249,0.0342893144769556,1,1,0.5461258053887625,0.45387419461123746,0.5461258053887625,1.0,0.01,0.24340217725694926,1020,1520,1620,1650
2025-08-20,2.950748920440674,-0.03398283078564923,0,1,0.5294489481303821,0.4705510518696179,0.5294489481303821,1.0,0.01,0.24340217725694926,1020,1520,1620,1650
2025-08-21,2.8504741191864014,0.07903909037948664,1,1,0.5461974664695343,0.45380253353046573,0.5461974664695343,1.0,0.01,0.24340217725694926,1020,1520,1620,1650
2025-08-22,3.075773000717163,-0.00961023359381219,0,1,0.5244352272869057,0.4755647727130943,0.5244352272869057,1.0,0.01,0.24340217725694926,1020,1520,1620,1650
2025-08-23,3.0462141036987305,-0.006678851300816135,0,1,0.5411392472357573,0.45886075276424265,0.5411392472357573,1.0,0.01,0.24340217725694926,1020,1520,1620,1650
2025-08-24,3.0258688926696777,-0.054396539266625465,0,1,0.5381064757008455,0.46189352429915453,0.5381064757008455,1.0,0.01,0.24340217725694926,1020,1520,1620,1650
2025-08-25,2.861272096633911,0.05275482260086517,1,1,0.5508042082988369,0.4491957917011631,0.5508042082988369,1.0,0.01,0.24340217725694926,1020,1520,1620,1650
2025-08-26,3.0122179985046387,-0.015138325798996655,0,1,0.5342327614973172,0.46576723850268276,0.5342327614973172,1.0,0.01,0.24340217725694926,1020,1520,1620,1650
2025-08-27,2.966618061065674,0.0001607342598162198,1,1,0.5444816939450979,0.45551830605490207,0.5444816939450979,1.0,0.01,0.24340217725694926,1020,1520,1620,1650
2025-08-28,2.967094898223877,-0.04891578862277535,0,1,0.5412337480698259,0.45876625193017406,0.5412337480698259,1.0,0.01,0.24340217725694926,1020,1520,1620,1650
2025-08-29,2.8219571113586426,-0.001336330254797513,0,1,0.5479732190858704,0.4520267809141296,0.5479732190858704,1.0,0.01,0.24340217725694926,1020,1520,1620,1650
2025-08-30,2.818186044692993,-0.014741806255984868,0,1,0.5431378356999526,0.45686216430004745,0.5431378356999526,1.0,0.01,0.24340217725694926,1020,1520,1620,1650
2025-08-31,2.7766408920288086,-0.008263899359750027,0,1,0.5452368611947667,0.45476313880523334,0.5452368611947667,1.0,0.01,0.24340217725694926,1020,1520,1620,1650
2025-09-01,2.753695011138916,0.03927961215719633,1,1,0.5289713681355623,0.47102863186443766,0.5289713681355623,1.0,0.01,0.24340217725694926,1020,1520,1620,1650
2025-09-02,2.861859083175659,-0.005927684300929714,0,1,0.5113803152267155,0.48861968477328455,0.5113803152267155,1.0,0.01,0.24340217725694926,1020,1520,1620,1650
2025-09-03,2.8448948860168457,-0.017247309290354562,0,1,0.5284822077300287,0.47151779226997126,0.5284822077300287,1.0,0.01,0.24340217725694926,1020,1520,1620,1650
2025-09-04,2.795828104019165,0.0073036808003172915,1,1,0.5310099763978106,0.46899002360218944,0.5310099763978106,1.0,0.01,0.24340217725694926,1020,1520,1620,1650
2025-09-05,2.816247940063477,-0.0019149692690609843,0,1,0.5226038067204513,0.47739619327954874,0.5226038067204513,1.0,0.01,0.24340217725694926,1020,1520,1620,1650
2025-09-06,2.810854911804199,0.024087711351888696,1,1,0.5126713086244175,0.48732869137558255,0.5126713086244175,1.0,0.01,0.2463493334893493,1050,1550,1650,1680
2025-09-07,2.8785619735717773,0.03190449812499452,1,0,0.4905008486451757,0.5094991513548244,0.5094991513548244,1.0,0.01,0.2463493334893493,1050,1550,1650,1680
2025-09-08,2.9704010486602783,-0.008008016845971522,0,0,0.4828577399333681,0.5171422600666319,0.5171422600666319,1.0,0.01,0.2463493334893493,1050,1550,1650,1680
2025-09-09,2.9466140270233154,0.011909948988570562,1,0,0.4997002060076154,0.5002997939923846,0.5002997939923846,1.0,0.01,0.2463493334893493,1050,1550,1650,1680
2025-09-10,2.98170804977417,0.019863123781103775,1,0,0.4925040195442587,0.5074959804557413,0.5074959804557413,1.0,0.01,0.2463493334893493,1050,1550,1650,1680
2025-09-11,3.0409340858459477,0.021936631186139532,1,0,0.48595382168640283,0.5140461783135972,0.5140461783135972,1.0,0.01,0.2463493334893493,1050,1550,1650,1680
2025-09-12,3.1076419353485107,0.00444876804792238,1,0,0.480368358406563,0.519631641593437,0.519631641593437,1.0,0.01,0.2463493334893493,1050,1550,1650,1680
2025-09-13,3.121467113494873,-0.02849366906648465,0,0,0.48958862137726844,0.5104113786227316,0.5104113786227316,1.0,0.01,0.2463493334893493,1050,1550,1650,1680
2025-09-14,3.032525062561035,-0.011678757972509834,0,1,0.5088141253041866,0.49118587469581343,0.5088141253041866,1.0,0.01,0.2463493334893493,1050,1550,1650,1680
2025-09-15,2.9971089363098145,0.013808364886650715,1,1,0.5008492710310926,0.49915072896890744,0.5008492710310926,1.0,0.01,0.2463493334893493,1050,1550,1650,1680
2025-09-16,3.038494110107422,0.015302916551060086,1,0,0.49149603287332366,0.5085039671266763,0.5085039671266763,1.0,0.01,0.2463493334893493,1050,1550,1650,1680
2025-09-17,3.084991931915283,-0.0028275667314867636,0,0,0.4824919061379177,0.5175080938620823,0.5175080938620823,1.0,0.01,0.2463493334893493,1050,1550,1650,1680
2025-09-18,3.0762689113616943,-0.02744131567650354,0,0,0.492055458733555,0.507944541266445,0.507944541266445,1.0,0.01,0.2463493334893493,1050,1550,1650,1680
2025-09-19,2.991852045059204,-0.004322745787086024,0,1,0.5082342219792025,0.49176577802079746,0.5082342219792025,1.0,0.01,0.2463493334893493,1050,1550,1650,1680
2025-09-20,2.97891902923584,-0.0018496950496265097,0,1,0.5016714416050819,0.4983285583949181,0.5016714416050819,1.0,0.01,0.2463493334893493,1050,1550,1650,1680
2025-09-21,2.973408937454224,-0.04049190703098571,0,1,0.5028193123596492,0.49718068764035084,0.5028193123596492,1.0,0.01,0.2463493334893493,1050,1550,1650,1680
2025-09-22,2.8530099391937256,-0.008711147747052395,0,1,0.5143308282754867,0.4856691717245133,0.5143308282754867,1.0,0.01,0.2463493334893493,1050,1550,1650,1680
2025-09-23,2.8281569480896,0.03531560467537487,1,1,0.5165711618369582,0.48342883816304183,0.5165711618369582,1.0,0.01,0.2463493334893493,1050,1550,1650,1680
2025-09-24,2.928035020828247,-0.06342680755233931,0,0,0.49155549751671646,0.5084445024832835,0.5084445024832835,1.0,0.01,0.2463493334893493,1050,1550,1650,1680
2025-09-25,2.742319107055664,0.015859858878189304,1,1,0.539852908437061,0.460147091562939,0.539852908437061,1.0,0.01,0.2463493334893493,1050,1550,1650,1680
2025-09-26,2.7858119010925293,0.007869542511807381,1,1,0.5102912399138329,0.48970876008616715,0.5102912399138329,1.0,0.01,0.2463493334893493,1050,1550,1650,1680
2025-09-27,2.807734966278076,0.020960312976001205,1,1,0.5161552425101167,0.4838447574898833,0.5161552425101167,1.0,0.01,0.2463493334893493,1050,1550,1650,1680
2025-09-28,2.8665859699249268,0.00561857514883779,1,0,0.49995978318829987,0.5000402168117002,0.5000402168117002,1.0,0.01,0.2463493334893493,1050,1550,1650,1680
2025-09-29,2.8826920986175537,-0.012405458755838206,0,1,0.5040773394569549,0.4959226605430451,0.5040773394569549,1.0,0.01,0.2463493334893493,1050,1550,1650,1680
2025-09-30,2.846930980682373,0.03524744462181806,1,1,0.5179389001622037,0.4820610998377963,0.5179389001622037,1.0,0.01,0.2463493334893493,1050,1550,1650,1680
2025-10-01,2.9472780227661133,0.031230858339171164,1,1,0.5075659729955081,0.4924340270044919,0.5075659729955081,1.0,0.01,0.2463493334893493,1050,1550,1650,1680
2025-10-02,3.0393240451812744,0.00051224328119992,1,1,0.5025655615717066,0.4974344384282934,0.5025655615717066,1.0,0.01,0.2463493334893493,1050,1550,1650,1680
2025-10-03,3.040880918502808,-0.02352345025971092,0,1,0.5187003059174929,0.48129969408250706,0.5187003059174929,1.0,0.01,0.2463493334893493,1050,1550,1650,1680
2025-10-04,2.969348907470703,0.00043510894826170876,1,1,0.5457036286647841,0.45429637133521594,0.5457036286647841,1.0,0.01,0.2463493334893493,1050,1550,1650,1680
2025-10-05,2.9706408977508545,0.006758149888950626,1,1,0.5275058793377286,0.47249412066227137,0.5275058793377286,1.0,0.01,0.2463493334893493,1050,1550,1650,1680
2025-10-06,2.9907169342041016,-0.04505469398219508,0,1,0.5302294778760165,0.4697705221239835,0.5302294778760165,1.0,0.01,0.24442340781027583,1080,1580,1680,1710
2025-10-07,2.855971097946167,0.008695103378791202,1,1,0.5822534525747539,0.4177465474252461,0.5822534525747539,1.0,0.01,0.24442340781027583,1080,1580,1680,1710
2025-10-08,2.8808040618896484,-0.02634476893425519,0,1,0.5447532334195244,0.4552467665804756,0.5447532334195244,1.0,0.01,0.24442340781027583,1080,1580,1680,1710
2025-10-09,2.8049099445343018,-0.15911844343794468,0,1,0.5645232141075324,0.43547678589246763,0.5645232141075324,1.0,0.01,0.24442340781027583,1080,1580,1680,1710
2025-10-10,2.358597040176392,0.01161071431351246,1,1,0.64746115078521,0.35253884921478995,0.64746115078521,1.0,0.01,0.24442340781027583,1080,1580,1680,1710
2025-10-11,2.385982036590576,0.06243795924150741,1,1,0.587194799556593,0.41280520044340696,0.587194799556593,1.0,0.01,0.24442340781027583,1080,1580,1680,1710
2025-10-12,2.5349578857421875,0.028222174819870993,1,1,0.5389422096820691,0.4610577903179309,0.5389422096820691,1.0,0.01,0.24442340781027583,1080,1580,1680,1710
2025-10-13,2.6064999103546143,-0.038687840688635955,0,1,0.5281253971588881,0.47187460284111193,0.5281253971588881,1.0,0.01,0.24442340781027583,1080,1580,1680,1710
2025-10-14,2.505660057067871,-0.03711356391835963,0,1,0.5806794595081697,0.4193205404918303,0.5806794595081697,1.0,0.01,0.24442340781027583,1080,1580,1680,1710
2025-10-15,2.412666082382202,-0.03464969210298385,0,1,0.5908528856996855,0.4091471143003145,0.5908528856996855,1.0,0.01,0.24442340781027583,1080,1580,1680,1710
2025-10-16,2.3290679454803467,-0.014954008258316609,0,1,0.5918982968728994,0.4081017031271006,0.5918982968728994,1.0,0.01,0.24442340781027583,1080,1580,1680,1710
2025-10-17,2.294239044189453,0.028885859489442556,1,1,0.5800674296314676,0.4199325703685324,0.5800674296314676,1.0,0.01,0.24442340781027583,1080,1580,1680,1710
2025-10-18,2.3605101108551025,0.012760717755527784,1,1,0.5475940460211766,0.45240595397882344,0.5475940460211766,1.0,0.01,0.24442340781027583,1080,1580,1680,1710
2025-10-19,2.390631914138794,0.042995752384278774,1,1,0.5357315483498497,0.4642684516501503,0.5357315483498497,1.0,0.01,0.24442340781027583,1080,1580,1680,1710
2025-10-20,2.49341893196106,-0.027732132917874686,0,1,0.5004082467465931,0.4995917532534069,0.5004082467465931,1.0,0.01,0.24442340781027583,1080,1580,1680,1710
2025-10-21,2.4242711067199707,-0.02491844616463401,0,1,0.5513784041296729,0.44862159587032713,0.5513784041296729,1.0,0.01,0.24442340781027583,1080,1580,1680,1710
2025-10-22,2.3638620376586914,0.013235928347606452,1,1,0.5608838301791536,0.43911616982084645,0.5608838301791536,1.0,0.01,0.24442340781027583,1080,1580,1680,1710
2025-10-23,2.395149946212769,0.0468964373535421,1,1,0.5423951975402491,0.4576048024597509,0.5423951975402491,1.0,0.01,0.24442340781027583,1080,1580,1680,1710
2025-10-24,2.507473945617676,0.0354831385205896,1,0,0.496888179793572,0.503111820206428,0.503111820206428,1.0,0.01,0.24442340781027583,1080,1580,1680,1710
2025-10-25,2.596446990966797,0.018755977803341928,1,0,0.49589787458228146,0.5041021254177185,0.5041021254177185,1.0,0.01,0.24442340781027583,1080,1580,1680,1710
2025-10-26,2.645145893096924,-0.0039755569989073924,0,1,0.5016627380086403,0.49833726199135975,0.5016627380086403,1.0,0.01,0.24442340781027583,1080,1580,1680,1710
2025-10-27,2.634629964828491,-0.010875495534611757,0,1,0.5155732784285971,0.4844267215714029,0.5155732784285971,1.0,0.01,0.24442340781027583,1080,1580,1680,1710
2025-10-28,2.6059770584106445,-0.020704722486015847,0,1,0.5295658597200114,0.47043414027998864,0.5295658597200114,1.0,0.01,0.24442340781027583,1080,1580,1680,1710
2025-10-29,2.552021026611328,-0.044006736950988,0,1,0.5474389974803046,0.45256100251969544,0.5474389974803046,1.0,0.01,0.24442340781027583,1080,1580,1680,1710
2025-10-30,2.439714908599853,0.028289422379136564,1,1,0.5736207359423894,0.4263792640576106,0.5736207359423894,1.0,0.01,0.24442340781027583,1080,1580,1680,1710
2025-10-31,2.508733034133911,-0.0014186892349256075,0,1,0.5176806078010567,0.48231939219894326,0.5176806078010567,1.0,0.01,0.24442340781027583,1080,1580,1680,1710
2025-11-01,2.505173921585083,0.009548643578120242,1,1,0.5567457916671202,0.44325420833287976,0.5567457916671202,1.0,0.01,0.24442340781027583,1080,1580,1680,1710
2025-11-02,2.529094934463501,-0.08687575257171776,0,1,0.5147414483479104,0.48525855165208964,0.5147414483479104,1.0,0.01,0.24442340781027583,1080,1580,1680,1710
2025-11-03,2.309377908706665,-0.0427655415681204,0,1,0.6375097544396013,0.36249024556039866,0.6375097544396013,1.0,0.01,0.24442340781027583,1080,1580,1680,1710
2025-11-04,2.210616111755371,0.06089206682142656,1,1,0.6320670665039235,0.3679329334960765,0.6320670665039235,1.0,0.01,0.24442340781027583,1080,1580,1680,1710
2025-11-05,2.3452250957489014,-0.05729812586418437,0,1,0.5082448376959603,0.4917551623040397,0.5082448376959603,1.0,0.01,0.2531398914465686,1110,1610,1710,1740
2025-11-06,2.210848093032837,0.046730879829318894,1,1,0.5755746347268824,0.4244253652731176,0.5755746347268824,1.0,0.01,0.2531398914465686,1110,1610,1710,1740
2025-11-07,2.3141629695892334,-0.012647348841263284,0,1,0.5054995248596916,0.49450047514030837,0.5054995248596916,1.0,0.01,0.2531398914465686,1110,1610,1710,1740
2025-11-08,2.2848949432373047,0.036221360281749604,1,1,0.5423869553188765,0.4576130446811235,0.5423869553188765,1.0,0.01,0.2531398914465686,1110,1610,1710,1740
2025-11-09,2.367656946182251,0.06703171074105452,1,1,0.5107420916112005,0.48925790838879946,0.5107420916112005,1.0,0.01,0.2531398914465686,1110,1610,1710,1740
2025-11-10,2.526365041732788,-0.053294329940055785,0,0,0.49133283404477934,0.5086671659552207,0.5086671659552207,1.0,0.01,0.2531398914465686,1110,1610,1710,1740
2025-11-11,2.391724109649658,-0.002018717219894106,0,1,0.5691293352952351,0.43087066470476487,0.5691293352952351,1.0,0.01,0.2531398914465686,1110,1610,1710,1740
2025-11-12,2.3868958950042725,-0.023359147656858426,0,1,0.5402716180457701,0.45972838195422994,0.5402716180457701,1.0,0.01,0.2531398914465686,1110,1610,1710,1740
2025-11-13,2.3311400413513184,-0.03738855802755525,0,1,0.5613288489400117,0.43867115105998833,0.5613288489400117,1.0,0.01,0.2531398914465686,1110,1610,1710,1740
2025-11-14,2.243982076644897,-0.003893138749352598,0,1,0.5709895710185855,0.4290104289814145,0.5709895710185855,1.0,0.01,0.2531398914465686,1110,1610,1710,1740
2025-11-15,2.235245943069458,-0.008337758969018672,0,1,0.5552312121195556,0.4447687878804444,0.5552312121195556,1.0,0.01,0.2531398914465686,1110,1610,1710,1740
2025-11-16,2.216609001159668,-0.024592100015359608,0,1,0.5517713330620871,0.44822866693791286,0.5517713330620871,1.0,0.01,0.2531398914465686,1110,1610,1710,1740
2025-11-17,2.162097930908203,0.025152020798156594,1,1,0.547172030029871,0.452827969970129,0.547172030029871,1.0,0.01,0.2531398914465686,1110,1610,1710,1740
2025-11-18,2.2164790630340576,-0.04911436853116091,0,1,0.5162381294345736,0.4837618705654264,0.5162381294345736,1.0,0.01,0.2531398914465686,1110,1610,1710,1740
2025-11-19,2.1076180934906006,-0.05163698696073338,0,1,0.5635218589604342,0.43647814103956584,0.5635218589604342,1.0,0.01,0.2531398914465686,1110,1610,1710,1740
2025-11-20,1.9987870454788208,-0.024206716021032082,0,1,0.5704388673229944,0.4295611326770056,0.5704388673229944,1.0,0.01,0.2531398914465686,1110,1610,1710,1740
2025-11-21,1.9504029750823972,-0.00033426712986106555,0,1,0.559153473854824,0.44084652614517605,0.559153473854824,1.0,0.01,0.2531398914465686,1110,1610,1710,1740
2025-11-22,1.949751019477844,0.049500611316044996,1,1,0.5441632862723624,0.45583671372763757,0.5441632862723624,1.0,0.01,0.2531398914465686,1110,1610,1710,1740
2025-11-23,2.046264886856079,0.08777608146288496,1,1,0.5068453701113993,0.4931546298886007,0.5068453701113993,1.0,0.01,0.2531398914465686,1110,1610,1710,1740
2025-11-24,2.2258780002593994,-0.012280086705143467,0,0,0.47674189915937226,0.5232581008406277,0.5232581008406277,1.0,0.01,0.2531398914465686,1110,1610,1710,1740
2025-11-25,2.1985440254211426,0.011708140294242941,1,1,0.523013109096765,0.476986890903235,0.523013109096765,1.0,0.01,0.2531398914465686,1110,1610,1710,1740
2025-11-26,2.2242848873138428,-0.010547598985435891,0,1,0.5141761131918207,0.48582388680817934,0.5141761131918207,1.0,0.01,0.2531398914465686,1110,1610,1710,1740
2025-11-27,2.200824022293091,-0.009167445299360533,0,1,0.5368194334173213,0.4631805665826787,0.5368194334173213,1.0,0.01,0.2531398914465686,1110,1610,1710,1740
2025-11-28,2.1806480884552,0.010423011444735897,1,1,0.5373520139715948,0.4626479860284052,0.5373520139715948,1.0,0.01,0.2531398914465686,1110,1610,1710,1740
2025-11-29,2.2033770084381104,-0.019247680577664128,0,1,0.5311532903436622,0.4688467096563378,0.5311532903436622,1.0,0.01,0.2531398914465686,1110,1610,1710,1740
2025-11-30,2.1609671115875244,-0.060181913606869086,0,1,0.5477067809365642,0.4522932190634358,0.5477067809365642,1.0,0.01,0.2531398914465686,1110,1610,1710,1740
2025-12-01,2.0309159755706787,0.06135464687174497,1,1,0.5650388197766572,0.43496118022334285,0.5650388197766572,1.0,0.01,0.2531398914465686,1110,1610,1710,1740
2025-12-02,2.155522108078003,0.021518618414176016,1,0,0.48649379917650853,0.5135062008234914,0.5135062008234914,1.0,0.01,0.2531398914465686,1110,1610,1710,1740
2025-12-03,2.2019059658050537,-0.047564697081240004,0,1,0.5045589045255923,0.49544109547440773,0.5045589045255923,1.0,0.01,0.2531398914465686,1110,1610,1710,1740
2025-12-04,2.097172975540161,-0.02840300807816487,0,1,0.5614683609557729,0.4385316390442271,0.5614683609557729,1.0,0.01,0.2531398914465686,1110,1610,1710,1740
2025-12-05,2.037606954574585,-0.0024474795827876816,0,0,0.4871650146220001,0.5128349853779999,0.5128349853779999,10.0,scale,0.2515672211978223,1140,1640,1740,1770
2025-12-06,2.0326199531555176,0.005313400174959293,1,0,0.48755893895057356,0.5124410610494264,0.5124410610494264,10.0,scale,0.2515672211978223,1140,1640,1740,1770
2025-12-07,2.0434200763702397,0.014527592473215334,1,0,0.4922580747848412,0.5077419252151588,0.5077419252151588,10.0,scale,0.2515672211978223,1140,1640,1740,1770
2025-12-08,2.073106050491333,0.017036683416449705,1,0,0.48787289690031094,0.512127103099689,0.512127103099689,10.0,scale,0.2515672211978223,1140,1640,1740,1770
2025-12-09,2.1084249019622803,-0.030866609184841742,0,0,0.49271183275117536,0.5072881672488246,0.5072881672488246,10.0,scale,0.2515672211978223,1140,1640,1740,1770
2025-12-10,2.0433449745178223,-0.0038354057740528358,0,0,0.4890585689916654,0.5109414310083347,0.5109414310083347,10.0,scale,0.2515672211978223,1140,1640,1740,1770
2025-12-11,2.035507917404175,-0.012951507454314615,0,0,0.4895565128153905,0.5104434871846095,0.5104434871846095,10.0,scale,0.2515672211978223,1140,1640,1740,1770
2025-12-12,2.009145021438598,0.007390679799904376,1,0,0.48840857528184817,0.5115914247181519,0.5115914247181519,10.0,scale,0.2515672211978223,1140,1640,1740,1770
2025-12-13,2.023993968963623,-0.022088475230897964,0,0,0.4881428749338466,0.5118571250661534,0.5118571250661534,10.0,scale,0.2515672211978223,1140,1640,1740,1770
2025-12-14,1.979287028312683,-0.04072879254165229,0,0,0.4887623589307831,0.5112376410692169,0.5112376410692169,10.0,scale,0.2515672211978223,1140,1640,1740,1770
2025-12-15,1.8986730575561523,0.016537847398893968,1,0,0.4989934508961065,0.5010065491038935,0.5010065491038935,10.0,scale,0.2515672211978223,1140,1640,1740,1770
2025-12-16,1.9300730228424072,-0.035353605228111595,0,0,0.4928011907918547,0.5071988092081453,0.5071988092081453,10.0,scale,0.2515672211978223,1140,1640,1740,1770
2025-12-17,1.8618379831314087,-0.029036326717965077,0,0,0.4919621185798998,0.5080378814201002,0.5080378814201002,10.0,scale,0.2515672211978223,1140,1640,1740,1770
2025-12-18,1.807777047157288,0.0551035748535762,1,0,0.4928133635781623,0.5071866364218377,0.5071866364218377,10.0,scale,0.2515672211978223,1140,1640,1740,1770
2025-12-19,1.9073920249938965,0.013110014247175839,1,0,0.49457787201775855,0.5054221279822415,0.5054221279822415,10.0,scale,0.2515672211978223,1140,1640,1740,1770
2025-12-20,1.932397961616516,-0.0053746641991559985,0,0,0.4911862076438423,0.5088137923561578,0.5088137923561578,10.0,scale,0.2515672211978223,1140,1640,1740,1770
2025-12-21,1.9220119714736936,-0.010014510322362224,0,0,0.4918546301466322,0.5081453698533678,0.5081453698533678,10.0,scale,0.2515672211978223,1140,1640,1740,1770
2025-12-22,1.9027639627456665,-0.015738643280119424,0,0,0.4910049310407678,0.5089950689592322,0.5089950689592322,10.0,scale,0.2515672211978223,1140,1640,1740,1770
2025-12-23,1.872817039489746,-0.006218457055766069,0,0,0.48951930855179265,0.5104806914482074,0.5104806914482074,10.0,scale,0.2515672211978223,1140,1640,1740,1770
2025-12-24,1.861171007156372,-0.015761594103851917,0,0,0.4887555219768872,0.5112444780231128,0.5112444780231128,10.0,scale,0.2515672211978223,1140,1640,1740,1770
2025-12-25,1.831835985183716,0.006074816774144676,1,0,0.4876166390059028,0.5123833609940972,0.5123833609940972,10.0,scale,0.2515672211978223,1140,1640,1740,1770
2025-12-26,1.842964053153992,0.016217889594779322,1,0,0.49590073493451925,0.5040992650654808,0.5040992650654808,10.0,scale,0.2515672211978223,1140,1640,1740,1770
2025-12-27,1.8728530406951904,-0.004534827693096988,0,0,0.49187519331483043,0.5081248066851696,0.5081248066851696,10.0,scale,0.2515672211978223,1140,1640,1740,1770
2025-12-28,1.864359974861145,-0.008923176966357693,0,0,0.4928013106424963,0.5071986893575037,0.5071986893575037,10.0,scale,0.2515672211978223,1140,1640,1740,1770
2025-12-29,1.8477239608764648,0.015029324188804205,1,1,0.5016313060159014,0.49836869398409855,0.5016313060159014,10.0,scale,0.2515672211978223,1140,1640,1740,1770
2025-12-30,1.8754940032958984,-0.01893955958462279,0,0,0.49273737776474025,0.5072626222352598,0.5072626222352598,10.0,scale,0.2515672211978223,1140,1640,1740,1770
2025-12-31,1.839972972869873,0.02063238606340012,1,0,0.4925735297517901,0.5074264702482099,0.5074264702482099,10.0,scale,0.2515672211978223,1140,1640,1740,1770
2026-01-01,1.8779360055923464,0.0680965328529588,1,0,0.490601427770846,0.5093985722291541,0.5093985722291541,10.0,scale,0.2515672211978223,1140,1640,1740,1770
2026-01-02,2.00581693649292,0.005778196283231063,1,0,0.4980438680180043,0.5019561319819956,0.5019561319819956,10.0,scale,0.2515672211978223,1140,1640,1740,1770
2026-01-03,2.017406940460205,0.03599370711369865,1,0,0.4841596324848568,0.5158403675151433,0.5158403675151433,10.0,scale,0.2515672211978223,1140,1640,1740,1770
2026-01-04,2.0900208950042725,0.1238151199900801,1,0,0.4818326643792678,0.5181673356207321,0.5181673356207321,1.0,scale,0.24964791229719754,1170,1670,1770,1800
2026-01-05,2.348797082901001,-0.017837260237430153,0,0,0.4799714343343516,0.5200285656656485,0.5200285656656485,1.0,scale,0.24964791229719754,1170,1670,1770,1800
2026-01-06,2.306900978088379,-0.060590373304902245,0,0,0.4841092886829654,0.5158907113170346,0.5158907113170346,1.0,scale,0.24964791229719754,1170,1670,1770,1800
2026-01-07,2.16712498664856,-0.020777745420828553,0,0,0.4900670612684487,0.5099329387315513,0.5099329387315513,1.0,scale,0.24964791229719754,1170,1670,1770,1800
2026-01-08,2.12209701538086,-0.014351872657492826,0,0,0.4877604754282806,0.5122395245717194,0.5122395245717194,1.0,scale,0.24964791229719754,1170,1670,1770,1800
2026-01-09,2.091640949249268,-0.0017321370234831823,0,0,0.4881714559858174,0.5118285440141825,0.5118285440141825,1.0,scale,0.24964791229719754,1170,1670,1770,1800
2026-01-10,2.08801794052124,-0.008119179034143387,0,0,0.48780230980300704,0.5121976901969929,0.5121976901969929,1.0,scale,0.24964791229719754,1170,1670,1770,1800
2026-01-11,2.0710649490356445,-0.008942200676069878,0,0,0.4873009073611279,0.5126990926388721,0.5126990926388721,1.0,scale,0.24964791229719754,1170,1670,1770,1800
2026-01-12,2.0525450706481934,0.054202475131252204,1,0,0.4848810337695502,0.5151189662304498,0.5151189662304498,1.0,scale,0.24964791229719754,1170,1670,1770,1800
2026-01-13,2.1637980937957764,-0.01111757898379917,0,0,0.48168737369564923,0.5183126263043507,0.5183126263043507,1.0,scale,0.24964791229719754,1170,1670,1770,1800
2026-01-14,2.139741897583008,-0.02879452168355412,0,0,0.4856900834648824,0.5143099165351176,0.5143099165351176,1.0,scale,0.24964791229719754,1170,1670,1770,1800
2026-01-15,2.0781290531158447,-0.004769222738304824,0,0,0.4879629595317887,0.5120370404682113,0.5120370404682113,1.0,scale,0.24964791229719754,1170,1670,1770,1800
2026-01-16,2.0682179927825928,-0.0028261382047981565,0,0,0.48622564739814617,0.5137743526018539,0.5137743526018539,1.0,scale,0.24964791229719754,1170,1670,1770,1800
2026-01-17,2.062372922897339,-0.03380324821833991,0,0,0.48633121315147104,0.513668786848529,0.513668786848529,1.0,scale,0.24964791229719754,1170,1670,1770,1800
2026-01-18,1.992658019065857,-0.003150046360809622,0,0,0.4885081084283158,0.5114918915716842,0.5114918915716842,1.0,scale,0.24964791229719754,1170,1670,1770,1800
2026-01-19,1.9863810539245603,-0.04873134276406399,0,0,0.4856156776009561,0.5143843223990439,0.5143843223990439,1.0,scale,0.24964791229719754,1170,1670,1770,1800
2026-01-20,1.88958203792572,0.02962343675901602,1,0,0.4885749241346955,0.5114250758653045,0.5114250758653045,1.0,scale,0.24964791229719754,1170,1670,1770,1800
2026-01-21,1.945557951927185,-0.012276138454631713,0,0,0.4840269702630421,0.5159730297369579,0.5159730297369579,1.0,scale,0.24964791229719754,1170,1670,1770,1800
2026-01-22,1.9216740131378172,-0.0011146904778297495,0,0,0.48640170491812573,0.5135982950818743,0.5135982950818743,1.0,scale,0.24964791229719754,1170,1670,1770,1800
2026-01-23,1.9195319414138796,-0.0033351341223478714,0,0,0.485576047688173,0.514423952311827,0.514423952311827,1.0,scale,0.24964791229719754,1170,1670,1770,1800
2026-01-24,1.9131300449371336,-0.04187064733409929,0,0,0.48568718207860745,0.5143128179213925,0.5143128179213925,1.0,scale,0.24964791229719754,1170,1670,1770,1800
2026-01-25,1.8330260515213013,0.03844513234676983,1,0,0.4866259960079847,0.5133740039920154,0.5133740039920154,1.0,scale,0.24964791229719754,1170,1670,1770,1800
2026-01-26,1.9034969806671145,0.005483573391016572,1,0,0.48348093746553095,0.5165190625344691,0.5165190625344691,1.0,scale,0.24964791229719754,1170,1670,1770,1800
2026-01-27,1.9139349460601809,-0.002721601968203813,0,0,0.4847823804179827,0.5152176195820173,0.5152176195820173,1.0,scale,0.24964791229719754,1170,1670,1770,1800
2026-01-28,1.9087259769439695,-0.05430896963530185,0,0,0.4850744826793545,0.5149255173206455,0.5149255173206455,1.0,scale,0.24964791229719754,1170,1670,1770,1800
2026-01-29,1.8050650358200075,-0.04024175697463139,0,0,0.4882432532976981,0.5117567467023019,0.5117567467023019,1.0,scale,0.24964791229719754,1170,1670,1770,1800
2026-01-30,1.7324260473251345,-0.05019265938067852,0,0,0.48920535648184726,0.5107946435181527,0.5107946435181527,1.0,scale,0.24964791229719754,1170,1670,1770,1800
2026-01-31,1.6454709768295288,-0.032895751575484855,0,0,0.48986217278722327,0.5101378272127768,0.5101378272127768,1.0,scale,0.24964791229719754,1170,1670,1770,1800
2026-02-01,1.5913419723510742,0.018352487620179936,1,0,0.48988114274166283,0.5101188572583372,0.5101188572583372,1.0,scale,0.24964791229719754,1170,1670,1770,1800
2026-02-02,1.62054705619812,-0.028600277148952524,0,0,0.4871640083884972,0.5128359916115028,0.5128359916115028,1.0,scale,0.24964791229719754,1170,1670,1770,1800
2026-02-03,1.5741989612579346,-0.04047961513745424,0,0,0.4913944417710877,0.5086055582289123,0.5086055582289123,0.1,scale,0.25485872175188945,1200,1700,1800,1830
2026-02-04,1.510475993156433,-0.1965969606790927,0,1,0.5059968328225449,0.49400316717745507,0.5059968328225449,0.1,scale,0.25485872175188945,1200,1700,1800,1830
2026-02-05,1.2135210037231443,0.21260616172181845,1,1,0.5202613661724889,0.47973863382751114,0.5202613661724889,0.1,scale,0.25485872175188945,1200,1700,1800,1830
2026-02-06,1.4715230464935305,-0.03215651614586179,0,0,0.45217995031812336,0.5478200496818766,0.5478200496818766,0.1,scale,0.25485872175188945,1200,1700,1800,1830
2026-02-07,1.4242039918899536,0.005603875554957449,1,1,0.5043670221712094,0.49563297782879057,0.5043670221712094,0.1,scale,0.25485872175188945,1200,1700,1800,1830
2026-02-08,1.4321850538253784,0.002744705589851959,1,0,0.47015976917731944,0.5298402308226806,0.5298402308226806,0.1,scale,0.25485872175188945,1200,1700,1800,1830
2026-02-09,1.4361159801483154,-0.025505573414291716,0,0,0.4831744163615342,0.5168255836384659,0.5168255836384659,0.1,scale,0.25485872175188945,1200,1700,1800,1830
2026-02-10,1.399487018585205,-0.022485405989975282,0,0,0.4947256024858308,0.5052743975141691,0.5052743975141691,0.1,scale,0.25485872175188945,1200,1700,1800,1830
2026-02-11,1.3680189847946167,-0.004348638762959545,0,0,0.49572073482648954,0.5042792651735104,0.5042792651735104,0.1,scale,0.25485872175188945,1200,1700,1800,1830
2026-02-12,1.3620699644088743,0.033326474629374214,1,0,0.4864175978101066,0.5135824021898934,0.5135824021898934,0.1,scale,0.25485872175188945,1200,1700,1800,1830
2026-02-13,1.4074629545211792,0.07283815780168057,1,0,0.4483542116561495,0.5516457883438505,0.5516457883438505,0.1,scale,0.25485872175188945,1200,1700,1800,1830
2026-02-14,1.5099799633026123,-0.023260567333221238,0,0,0.41070843704920423,0.5892915629507958,0.5892915629507958,0.1,scale,0.25485872175188945,1200,1700,1800,1830
2026-02-15,1.474856972694397,0.008015035891133726,1,0,0.4458994717010755,0.5541005282989244,0.5541005282989244,0.1,scale,0.25485872175188945,1200,1700,1800,1830
2026-02-16,1.4866780042648315,-0.008256008924270808,0,0,0.4376143575769092,0.5623856424230909,0.5623856424230909,0.1,scale,0.25485872175188945,1200,1700,1800,1830
2026-02-17,1.474403977394104,-0.03580901888933363,0,0,0.4508967615551773,0.5491032384448227,0.5491032384448227,0.1,scale,0.25485872175188945,1200,1700,1800,1830
2026-02-18,1.4216070175170898,-0.010711089629245496,0,0,0.47225848061421544,0.5277415193857846,0.5277415193857846,0.1,scale,0.25485872175188945,1200,1700,1800,1830
2026-02-19,1.4063800573349,0.016378201919700297,1,0,0.45511604061346794,0.544883959386532,0.544883959386532,0.1,scale,0.25485872175188945,1200,1700,1800,1830
2026-02-20,1.4294140338897705,0.00157470806353599,1,0,0.4287982148612089,0.5712017851387912,0.5712017851387912,0.1,scale,0.25485872175188945,1200,1700,1800,1830
2026-02-21,1.4316649436950684,-0.026952517286894295,0,0,0.42954356663817633,0.5704564333618236,0.5704564333618236,0.1,scale,0.25485872175188945,1200,1700,1800,1830
2026-02-22,1.3930779695510864,-0.02974135256891053,0,0,0.4469853085385409,0.5530146914614591,0.5530146914614591,0.1,scale,0.25485872175188945,1200,1700,1800,1830
2026-02-23,1.3516459465026855,-0.002035996524385908,0,0,0.4593711593745247,0.5406288406254753,0.5406288406254753,0.1,scale,0.25485872175188945,1200,1700,1800,1830
2026-02-24,1.3488940000534058,0.06290485405524171,1,0,0.44617832623112924,0.5538216737688708,0.5538216737688708,0.1,scale,0.25485872175188945,1200,1700,1800,1830
2026-02-25,1.4337459802627563,-0.02212946343904254,0,0,0.3829863761880871,0.6170136238119128,0.6170136238119128,0.1,scale,0.25485872175188945,1200,1700,1800,1830
2026-02-26,1.4020179510116575,-0.032878980567858984,0,0,0.4288782448813311,0.5711217551186689,0.5711217551186689,0.1,scale,0.25485872175188945,1200,1700,1800,1830
2026-02-27,1.3559210300445557,0.015714739117782317,1,0,0.44665009228461217,0.5533499077153878,0.5533499077153878,0.1,scale,0.25485872175188945,1200,1700,1800,1830
2026-02-28,1.3772289752960205,-0.01851539604228636,0,0,0.4231366257725149,0.5768633742274851,0.5768633742274851,0.1,scale,0.25485872175188945,1200,1700,1800,1830
2026-03-01,1.3517290353775024,0.02903610287389924,1,0,0.43682943076716163,0.5631705692328384,0.5631705692328384,0.1,scale,0.25485872175188945,1200,1700,1800,1830
2026-03-02,1.39097797870636,-0.021865866600550787,0,0,0.3911224260656326,0.6088775739343675,0.6088775739343675,0.1,scale,0.25485872175188945,1200,1700,1800,1830
2026-03-03,1.360563039779663,0.05119716329207402,1,0,0.4306944912849643,0.5693055087150357,0.5693055087150357,0.1,scale,0.25485872175188945,1200,1700,1800,1830
2026-03-04,1.4302200078964231,-0.018995703707963663,0,0,0.3640508647290614,0.6359491352709385,0.6359491352709385,0.1,scale,0.25485872175188945,1200,1700,1800,1830
2026-03-05,1.4030519723892212,-0.028139317276388742,0,0,0.4095780037823007,0.5904219962176993,0.5904219962176993,0.1,scale,0.24345604237721713,1230,1730,1830,1860
2026-03-06,1.363571047782898,-0.005242137864151841,0,0,0.4219820365438484,0.5780179634561515,0.5780179634561515,0.1,scale,0.24345604237721713,1230,1730,1830,1860
2026-03-07,1.356423020362854,-0.011074745258623953,0,0,0.42900779252664606,0.570992207473354,0.570992207473354,0.1,scale,0.24345604237721713,1230,1730,1830,1860
2026-03-08,1.341400980949402,0.015238586811964216,1,0,0.4347620186296387,0.5652379813703613,0.5652379813703613,0.1,scale,0.24345604237721713,1230,1730,1830,1860
2026-03-09,1.3618420362472534,0.018051272768048188,1,0,0.40519544158496035,0.5948045584150397,0.5948045584150397,0.1,scale,0.24345604237721713,1230,1730,1830,1860
2026-03-10,1.3864250183105469,-0.0011165781154128807,0,0,0.39321512521714935,0.6067848747828506,0.6067848747828506,0.1,scale,0.24345604237721713,1230,1730,1830,1860
2026-03-11,1.3848769664764404,-0.000164583690204112,0,0,0.4092368516308409,0.5907631483691591,0.5907631483691591,0.1,scale,0.24345604237721713,1230,1730,1830,1860
2026-03-12,1.3846490383148191,0.01029790246948914,1,0,0.40549148704611754,0.5945085129538825,0.5945085129538825,0.1,scale,0.24345604237721713,1230,1730,1830,1860
2026-03-13,1.398908019065857,0.005976791774205736,1,0,0.389139232011065,0.6108607679889351,0.6108607679889351,0.1,scale,0.24345604237721713,1230,1730,1830,1860
2026-03-14,1.40726900100708,0.02862424383915063,1,0,0.401600114900116,0.598399885099884,0.598399885099884,0.1,scale,0.24345604237721713,1230,1730,1830,1860
2026-03-15,1.4475510120391846,0.06632859362371768,1,0,0.36830467311598347,0.6316953268840165,0.6316953268840165,0.1,scale,0.24345604237721713,1230,1730,1830,1860
2026-03-16,1.543565034866333,-0.01620992678456168,0,0,0.3505840390079914,0.6494159609920086,0.6494159609920086,0.1,scale,0.24345604237721713,1230,1730,1830,1860
2026-03-17,1.5185439586639404,-0.03601476472449183,0,0,0.387867668230874,0.6121323317691261,0.6121323317691261,0.1,scale,0.24345604237721713,1230,1730,1830,1860
2026-03-18,1.46385395526886,-0.011292786784560027,0,0,0.42319697314936683,0.5768030268506332,0.5768030268506332,0.1,scale,0.24345604237721713,1230,1730,1830,1860
2026-03-19,1.447322964668274,-0.001286464693055045,0,0,0.42265760863346225,0.5773423913665378,0.5773423913665378,0.1,scale,0.24345604237721713,1230,1730,1830,1860
2026-03-20,1.4454610347747805,-0.026901449732899763,0,0,0.4160008197478129,0.5839991802521871,0.5839991802521871,0.1,scale,0.24345604237721713,1230,1730,1830,1860
2026-03-21,1.4065760374069214,-0.015422551415496755,0,0,0.44111621300534887,0.5588837869946511,0.5588837869946511,0.1,scale,0.24345604237721713,1230,1730,1830,1860
2026-03-22,1.3848830461502075,0.03393421897677773,1,0,0.43269359193770646,0.5673064080622936,0.5673064080622936,0.1,scale,0.24345604237721713,1230,1730,1830,1860
2026-03-23,1.4318779706954956,-0.011491189707698246,0,0,0.3875723650787423,0.6124276349212576,0.6124276349212576,0.1,scale,0.24345604237721713,1230,1730,1830,1860
2026-03-24,1.4154239892959597,-0.0008379208143355354,0,0,0.4173922802332957,0.5826077197667043,0.5826077197667043,0.1,scale,0.24345604237721713,1230,1730,1830,1860
2026-03-25,1.4142379760742188,-0.03827078511817095,0,0,0.4035233723296056,0.5964766276703943,0.5964766276703943,0.1,scale,0.24345604237721713,1230,1730,1830,1860
2026-03-26,1.3601139783859253,-0.025806648393530862,0,0,0.4477655666696683,0.5522344333303317,0.5522344333303317,0.1,scale,0.24345604237721713,1230,1730,1830,1860
2026-03-27,1.3250139951705933,0.005876191169374989,1,0,0.4541157433127932,0.5458842566872069,0.5458842566872069,0.1,scale,0.24345604237721713,1230,1730,1830,1860
2026-03-28,1.332800030708313,-0.004144687230805411,0,0,0.4351707982609262,0.5648292017390738,0.5648292017390738,0.1,scale,0.24345604237721713,1230,1730,1830,1860
2026-03-29,1.3272759914398191,-0.0035358368126164885,0,0,0.43282953395602936,0.5671704660439707,0.5671704660439707,0.1,scale,0.24345604237721713,1230,1730,1830,1860
2026-03-30,1.3225829601287842,0.013364753939518526,1,0,0.43964549476715686,0.5603545052328431,0.5603545052328431,0.1,scale,0.24345604237721713,1230,1730,1830,1860
2026-03-31,1.3402589559555054,0.005601220396113105,1,0,0.42066033602593306,0.5793396639740669,0.5793396639740669,0.1,scale,0.24345604237721713,1230,1730,1830,1860
2026-04-01,1.3477660417556765,-0.02157275492285826,0,0,0.41278206720232113,0.5872179327976789,0.5872179327976789,0.1,scale,0.24345604237721713,1230,1730,1830,1860
2026-04-02,1.3186910152435305,-0.0005945589135836205,0,0,0.43228854873571315,0.5677114512642869,0.5677114512642869,0.1,scale,0.24345604237721713,1230,1730,1830,1860
2026-04-03,1.3179069757461548,-0.0017701748601701706,0,0,0.4280126207691904,0.5719873792308097,0.5719873792308097,0.1,scale,0.24345604237721713,1230,1730,1830,1860
2026-04-04,1.315574049949646,0.007541885140544435,1,0,0.4165399241599014,0.5834600758400986,0.5834600758400986,0.1,scale,0.23769495481512423,1260,1760,1860,1890
2026-04-05,1.325495958328247,-0.0032251809639406437,0,0,0.393292096431653,0.6067079035683469,0.6067079035683469,0.1,scale,0.23769495481512423,1260,1760,1860,1890
2026-04-06,1.3212209939956665,0.04561613720940838,1,0,0.4145752722632249,0.5854247277367751,0.5854247277367751,0.1,scale,0.23769495481512423,1260,1760,1860,1890
2026-04-07,1.3814899921417236,-0.028315064798031364,0,0,0.35299553580380394,0.6470044641961961,0.6470044641961961,0.1,scale,0.23769495481512423,1260,1760,1860,1890
2026-04-08,1.342373013496399,0.0013192854651877806,1,0,0.4152455799378302,0.5847544200621698,0.5847544200621698,0.1,scale,0.23769495481512423,1260,1760,1860,1890
2026-04-09,1.344143986701965,0.009271342983817155,1,0,0.3885126174512365,0.6114873825487634,0.6114873825487634,0.1,scale,0.23769495481512423,1260,1760,1860,1890
2026-04-10,1.3566060066223145,-0.0008528971261602125,0,0,0.3856284350378477,0.6143715649621523,0.6143715649621523,0.1,scale,0.23769495481512423,1260,1760,1860,1890
2026-04-11,1.3554489612579346,-0.022465574877773786,0,0,0.38855060638842753,0.6114493936115725,0.6114493936115725,0.1,scale,0.23769495481512423,1260,1760,1860,1890
2026-04-12,1.3249980211257937,0.038994721404775,1,0,0.41297592175703285,0.5870240782429672,0.5870240782429672,0.1,scale,0.23769495481512423,1260,1760,1860,1890
2026-04-13,1.3766659498214722,-0.010778199513331477,0,0,0.3561969476623615,0.6438030523376386,0.6438030523376386,0.1,scale,0.23769495481512423,1260,1760,1860,1890
2026-04-14,1.3618279695510864,0.021911019244753138,1,0,0.39425361364097794,0.605746386359022,0.605746386359022,0.1,scale,0.23769495481512423,1260,1760,1860,1890
2026-04-15,1.3916670083999634,0.04380936032253824,1,0,0.36150567343552964,0.6384943265644704,0.6384943265644704,0.1,scale,0.23769495481512423,1260,1760,1860,1890
2026-04-16,1.4526350498199463,0.01680731644748157,1,0,0.3405880138736142,0.6594119861263859,0.6594119861263859,0.1,scale,0.23769495481512423,1260,1760,1860,1890
2026-04-17,1.4770499467849731,-0.028683513105677738,0,0,0.3533588001301982,0.6466411998698018,0.6466411998698018,0.1,scale,0.23769495481512423,1260,1760,1860,1890
2026-04-18,1.4346829652786257,-0.027901636502821736,0,0,0.3990491214971958,0.6009508785028042,0.6009508785028042,0.1,scale,0.23769495481512423,1260,1760,1860,1890
2026-04-19,1.3946529626846311,0.02166704261839536,1,0,0.4143422852568336,0.5856577147431664,0.5856577147431664,0.1,scale,0.23769495481512423,1260,1760,1860,1890
2026-04-20,1.4248709678649902,0.004880493787002171,1,0,0.3786895404927421,0.6213104595072578,0.6213104595072578,0.1,scale,0.23769495481512423,1260,1760,1860,1890
2026-04-21,1.431825041770935,-0.0012550975067144865,0,0,0.3838272158170457,0.6161727841829543,0.6161727841829543,0.1,scale,0.23769495481512423,1260,1760,1860,1890
2026-04-22,1.430027961730957,0.006317385276223497,1,0,0.382428285695966,0.617571714304034,0.617571714304034,0.1,scale,0.23769495481512423,1260,1760,1860,1890
2026-04-23,1.439061999320984,-0.003742712206795451,0,0,0.37863023398765766,0.6213697660123423,0.6213697660123423,0.1,scale,0.23769495481512423,1260,1760,1860,1890
2026-04-24,1.43367600440979,-0.006596324497490813,0,0,0.3892611722544639,0.6107388277455361,0.6107388277455361,0.1,scale,0.23769495481512423,1260,1760,1860,1890
2026-04-25,1.424219012260437,0.005164885707673372,1,0,0.39788625345239526,0.6021137465476047,0.6021137465476047,0.1,scale,0.23769495481512423,1260,1760,1860,1890
2026-04-26,1.4315749406814575,-0.021423240272793853,0,0,0.3796518734094302,0.6203481265905698,0.6203481265905698,0.1,scale,0.23769495481512423,1260,1760,1860,1890
2026-04-27,1.400905966758728,-0.0144485230202972,0,0,0.40534531556706466,0.5946546844329353,0.5946546844329353,0.1,scale,0.23769495481512423,1260,1760,1860,1890
2026-04-28,1.380664944648743,-0.008266290975618373,0,0,0.4133741617438805,0.5866258382561196,0.5866258382561196,0.1,scale,0.23769495481512423,1260,1760,1860,1890
2026-04-29,1.3692519664764404,-0.001330649746067336,0,0,0.4113987579117438,0.5886012420882563,0.5886012420882563,0.1,scale,0.23769495481512423,1260,1760,1860,1890
2026-04-30,1.3674299716949463,0.012625934609462597,1,0,0.41487811536299635,0.5851218846370037,0.5851218846370037,0.1,scale,0.23769495481512423,1260,1760,1860,1890
2026-05-01,1.384695053100586,0.0061074425017804135,1,0,0.39437420867925693,0.605625791320743,0.605625791320743,0.1,scale,0.23769495481512423,1260,1760,1860,1890
2026-05-02,1.3931519985198977,-0.004000990535661275,0,0,0.3899729567996747,0.6100270432003253,0.6100270432003253,0.1,scale,0.23769495481512423,1260,1760,1860,1890
2026-05-03,1.387578010559082,0.0031572577236402832,1,0,0.38867755007296495,0.6113224499270351,0.6113224499270351,0.1,scale,0.23769495481512423,1260,1760,1860,1890
2026-05-04,1.3919589519500732,0.015223184013014812,1,0,0.41866872041397546,0.5813312795860246,0.5813312795860246,1.0,0.01,0.24070749670442976,1290,1790,1890,1920
2026-05-05,1.4131489992141724,0.008188131397808052,1,0,0.41188466575327193,0.588115334246728,0.588115334246728,1.0,0.01,0.24070749670442976,1290,1790,1890,1920
2026-05-06,1.424720048904419,-0.026387663790187865,0,0,0.4109927915098189,0.5890072084901812,0.5890072084901812,1.0,0.01,0.24070749670442976,1290,1790,1890,1920
2026-05-07,1.387125015258789,0.02246372651608164,1,0,0.440212619166198,0.559787380833802,0.559787380833802,1.0,0.01,0.24070749670442976,1290,1790,1890,1920
2026-05-08,1.4182850122451782,0.0012846464326727869,1,0,0.4137811228108781,0.5862188771891219,0.5862188771891219,1.0,0.01,0.24070749670442976,1290,1790,1890,1920
2026-05-09,1.4201070070266724,0.037109909650364425,1,0,0.4231846831683931,0.5768153168316069,0.5768153168316069,1.0,0.01,0.24070749670442976,1290,1790,1890,1920
2026-05-10,1.4728070497512815,0.0027220187520624606,1,0,0.3983672954439015,0.6016327045560985,0.6016327045560985,1.0,0.01,0.24070749670442976,1290,1790,1890,1920
2026-05-11,1.4768160581588743,-0.027569512232824223,0,0,0.41478915000705574,0.5852108499929443,0.5852108499929443,1.0,0.01,0.24070749670442976,1290,1790,1890,1920
2026-05-12,1.436100959777832,-0.006792708623173049,0,0,0.43704102496408953,0.5629589750359105,0.5629589750359105,1.0,0.01,0.24070749670442976,1290,1790,1890,1920
2026-05-13,1.426345944404602,0.04049859520100907,1,0,0.4313840128247503,0.5686159871752496,0.5686159871752496,1.0,0.01,0.24070749670442976,1290,1790,1890,1920
2026-05-14,1.484110951423645,-0.03394624336074381,0,0,0.40284212396042496,0.597157876039575,0.597157876039575,1.0,0.01,0.24070749670442976,1290,1790,1890,1920
2026-05-15,1.433730959892273,-0.013736834110099183,0,0,0.4464073566921601,0.55359264330784,0.55359264330784,1.0,0.01,0.24070749670442976,1290,1790,1890,1920
2026-05-16,1.4140360355377195,-0.009259307656160454,0,0,0.4417461081007683,0.5582538918992317,0.5582538918992317,1.0,0.01,0.24070749670442976,1290,1790,1890,1920
2026-05-17,1.4009430408477783,-0.008382940652803317,0,0,0.44185781608667457,0.5581421839133254,0.5581421839133254,1.0,0.01,0.24070749670442976,1290,1790,1890,1920
2026-05-18,1.3891990184783936,-0.020596053733805464,0,0,0.4397098255959875,0.5602901744040125,0.5602901744040125,1.0,0.01,0.24070749670442976,1290,1790,1890,1920
2026-05-19,1.3605870008468628,0.0035139302108191384,1,0,0.4513593163632594,0.5486406836367406,0.5486406836367406,1.0,0.01,0.24070749670442976,1290,1790,1890,1920
2026-05-20,1.3653680086135864,0.004921012609467201,1,0,0.4389119147891931,0.5610880852108069,0.5610880852108069,1.0,0.01,0.24070749670442976,1290,1790,1890,1920
2026-05-21,1.372087001800537,-0.027974178750467038,0,0,0.43108494672849174,0.5689150532715083,0.5689150532715083,1.0,0.01,0.24070749670442976,1290,1790,1890,1920
2026-05-22,1.3337039947509766,0.01783754263527082,1,0,0.45142321013462794,0.5485767898653721,0.5485767898653721,1.0,0.01,0.24070749670442976,1290,1790,1890,1920
2026-05-23,1.3574939966201782,-0.005496121399940157,0,0,0.426340401574246,0.573659598425754,0.573659598425754,1.0,0.01,0.24070749670442976,1290,1790,1890,1920
2026-05-24,1.3500330448150637,-0.00048000432321793074,0,0,0.4400641028311427,0.5599358971688573,0.5599358971688573,1.0,0.01,0.24070749670442976,1290,1790,1890,1920
2026-05-25,1.3493850231170654,-0.01609917503146352,0,0,0.43499488014268095,0.565005119857319,0.565005119857319,1.0,0.01,0.24070749670442976,1290,1790,1890,1920
2026-05-26,1.3276610374450684,-0.01620142821894277,0,0,0.444244302076247,0.555755697923753,0.555755697923753,1.0,0.01,0.24070749670442976,1290,1790,1890,1920
2026-05-27,1.306151032447815,0.0056470924100118225,1,0,0.44830131310719584,0.5516986868928042,0.5516986868928042,1.0,0.01,0.24070749670442976,1290,1790,1890,1920
2026-05-28,1.31352698802948,0.011267337970133129,1,0,0.4385998040657197,0.5614001959342803,0.5614001959342803,1.0,0.01,0.24070749670442976,1290,1790,1890,1920
2026-05-29,1.328326940536499,0.007536606103269783,1,0,0.4290264568493226,0.5709735431506774,0.5709735431506774,1.0,0.01,0.24070749670442976,1290,1790,1890,1920
2026-05-30,1.338338017463684,-0.005243082329922766,0,0,0.42576242305438583,0.5742375769456142,0.5742375769456142,1.0,0.01,0.24070749670442976,1290,1790,1890,1920
2026-05-31,1.3313210010528564,-0.02737284349024416,0,0,0.432621769781157,0.567378230218843,0.567378230218843,1.0,0.01,0.24070749670442976,1290,1790,1890,1920
2026-06-01,1.2948789596557615,-0.06563163077349099,0,0,0.45154270605554364,0.5484572939444563,0.5484572939444563,1.0,0.01,0.24070749670442976,1290,1790,1890,1920
2026-06-02,1.2098939418792725,-0.00797008589535897,0,0,0.48754132635586744,0.5124586736441326,0.5124586736441326,1.0,0.01,0.24070749670442976,1290,1790,1890,1920
2026-06-03,1.2002509832382202,-0.027997499114807867,0,0,0.4803489517227872,0.5196510482772128,0.5196510482772128,0.1,scale,0.24290530444436287,1320,1820,1920,1950
2026-06-04,1.166646957397461,-0.06018181699280156,0,0,0.4987247013986185,0.5012752986013815,0.5012752986013815,0.1,scale,0.24290530444436287,1320,1820,1920,1950
2026-06-05,1.0964360237121582,-0.0027160428861010555,0,1,0.5256157190926691,0.47438428090733087,0.5256157190926691,0.1,scale,0.24290530444436287,1320,1820,1920,1950
2026-06-06,1.09345805644989,0.05596281356053079,1,1,0.5012449861857987,0.4987550138142013,0.5012449861857987,0.1,scale,0.24290530444436287,1320,1820,1920,1950
2026-06-07,1.1546510457992554,0.011728164040258449,1,0,0.43027407896119513,0.5697259210388048,0.5697259210388048,0.1,scale,0.24290530444436287,1320,1820,1920,1950
2026-06-08,1.168192982673645,-0.026486214161867028,0,0,0.4294728685759583,0.5705271314240417,0.5705271314240417,0.1,scale,0.24290530444436287,1320,1820,1920,1950
2026-06-09,1.1372519731521606,-0.0351856784320187,0,0,0.4579917901178918,0.5420082098821082,0.5420082098821082,0.1,scale,0.24290530444436287,1320,1820,1920,1950
2026-06-10,1.09723699092865,0.040418756860251426,1,0,0.48588083524687736,0.5141191647531227,0.5141191647531227,0.1,scale,0.24290530444436287,1320,1820,1920,1950
2026-06-11,1.1415859460830688,-0.008345379544139941,0,0,0.41923864764707275,0.5807613523529273,0.5807613523529273,0.1,scale,0.24290530444436287,1320,1820,1920,1950
2026-06-12,1.1320589780807495,0.015887917093627024,1,0,0.44343805388355434,0.5565619461164457,0.5565619461164457,0.1,scale,0.24290530444436287,1320,1820,1920,1950
2026-06-13,1.1500450372695925,0.031115308495858196,1,0,0.4188417716133555,0.5811582283866445,0.5811582283866445,0.1,scale,0.24290530444436287,1320,1820,1920,1950
2026-06-14,1.1858290433883667,0.044174917101911904,1,0,0.3951914529496185,0.6048085470503815,0.6048085470503815,0.1,scale,0.24290530444436287,1320,1820,1920,1950
2026-06-15,1.2382129430770874,-0.017948406658667482,0,0,0.381551923439505,0.6184480765604949,0.6184480765604949,0.1,scale,0.24290530444436287,1320,1820,1920,1950
2026-06-16,1.2159889936447144,-0.02541465062097703,0,0,0.4058093618671381,0.5941906381328619,0.5941906381328619,0.1,scale,0.24290530444436287,1320,1820,1920,1950
2026-06-17,1.1850850582122805,-0.03346854820749279,0,0,0.4239430558602092,0.5760569441397908,0.5760569441397908,0.1,scale,0.24290530444436287,1320,1820,1920,1950
2026-06-18,1.1454219818115234,-0.007890516892550048,0,0,0.45741434262498215,0.5425856573750178,0.5425856573750178,0.1,scale,0.24290530444436287,1320,1820,1920,1950
2026-06-19,1.1363840103149414,0.011147652076855863,1,0,0.43823478335074034,0.5617652166492597,0.5617652166492597,0.1,scale,0.24290530444436287,1320,1820,1920,1950
2026-06-20,1.1490520238876345,-0.02143771513631121,0,0,0.4156434996520684,0.5843565003479316,0.5843565003479316,0.1,scale,0.24290530444436287,1320,1820,1920,1950
2026-06-21,1.1244189739227295,0.0037459540663951074,1,0,0.4436455390471906,0.5563544609528094,0.5563544609528094,0.1,scale,0.24290530444436287,1320,1820,1920,1950
2026-06-22,1.1286309957504272,-0.017030321063014275,0,0,0.42151146345957763,0.5784885365404224,0.5784885365404224,0.1,scale,0.24290530444436287,1320,1820,1920,1950
2026-06-23,1.109410047531128,-0.0334862889068025,0,0,0.44021346526971966,0.5597865347302804,0.5597865347302804,0.1,scale,0.24290530444436287,1320,1820,1920,1950
2026-06-24,1.0722600221633911,-0.028555597147631007,0,0,0.45854337136199563,0.5414566286380044,0.5414566286380044,0.1,scale,0.24290530444436287,1320,1820,1920,1950
2026-06-25,1.0416409969329834,0.005259033101477906,1,0,0.47273683748380013,0.5272631625161999,0.5272631625161999,0.1,scale,0.24290530444436287,1320,1820,1920,1950
2026-06-26,1.0471190214157104,-0.0006599596009549957,0,0,0.44310450293119996,0.5568954970688,0.5568954970688,0.1,scale,0.24290530444436287,1320,1820,1920,1950
2026-06-27,1.0464279651641846,0.0010970515855757146,1,0,0.44308917791410696,0.556910822085893,0.556910822085893,0.1,scale,0.24290530444436287,1320,1820,1920,1950
2026-06-28,1.0475759506225586,0.009254749591019129,1,0,0.4370338444852762,0.5629661555147238,0.5629661555147238,0.1,scale,0.24290530444436287,1320,1820,1920,1950
2026-06-29,1.0572710037231443,-0.017820434067663538,0,0,0.43847485648106654,0.5615251435189335,0.5615251435189335,0.1,scale,0.24290530444436287,1320,1820,1920,1950
2026-06-30,1.0384299755096436,0.013210336102175368,1,0,0.45715582704723023,0.5428441729527698,0.5428441729527698,0.1,scale,0.24290530444436287,1320,1820,1920,1950
2026-07-01,1.0521479845046997,0.03264560833903518,1,0,0.4153643620644125,0.5846356379355875,0.5846356379355875,0.1,scale,0.24290530444436287,1320,1820,1920,1950
2026-07-02,1.0864959955215454,0.043660494641925895,1,0,0.37538343429463106,0.6246165657053689,0.6246165657053689,0.1,scale,0.24290530444436287,1320,1820,1920,1950
2026-07-03,1.1339329481124878,0.02015471000730762,1,0,0.45038451460459245,0.5496154853954076,0.5496154853954076,10.0,scale,0.2476436265293321,1350,1850,1950,1980
2026-07-04,1.1567870378494265,-0.0007728904650360358,0,0,0.4459788805180362,0.5540211194819638,0.5540211194819638,10.0,scale,0.2476436265293321,1350,1850,1950,1980
2026-07-05,1.1558929681777954,-0.01046374954325513,0,0,0.44363068277609335,0.5563693172239066,0.5563693172239066,10.0,scale,0.2476436265293321,1350,1850,1950,1980
2026-07-06,1.1437979936599731,-0.027992658162333206,0,0,0.44228649562674227,0.5577135043732577,0.5577135043732577,10.0,scale,0.2476436265293321,1350,1850,1950,1980
2026-07-07,1.111780047416687,-0.019614558290989792,0,0,0.4367942363729208,0.5632057636270792,0.5632057636270792,10.0,scale,0.2476436265293321,1350,1850,1950,1980
2026-07-08,1.089972972869873,0.003086394098622103,1,0,0.4386866415196667,0.5613133584803334,0.5613133584803334,10.0,scale,0.2476436265293321,1350,1850,1950,1980
2026-07-09,1.093337059020996,0.009682196385877306,1,0,0.44279202666879414,0.5572079733312059,0.5572079733312059,10.0,scale,0.2476436265293321,1350,1850,1950,1980
2026-07-10,1.103922963142395,-0.005744906497866964,0,0,0.4420882738359047,0.5579117261640953,0.5579117261640953,10.0,scale,0.2476436265293321,1350,1850,1950,1980
2026-07-11,1.0975810289382937,-0.010790169451505238,0,0,0.43613890068920186,0.5638610993107982,0.5638610993107982,10.0,scale,0.2476436265293321,1350,1850,1950,1980
2026-07-12,1.085737943649292,-0.018658231433832162,0,0,0.4335443850104982,0.5664556149895018,0.5664556149895018,10.0,scale,0.2476436265293321,1350,1850,1950,1980
2026-07-13,1.0654799938201904,0.042835146624025766,1,0,0.43322739504446856,0.5667726049555315,0.5667726049555315,10.0,scale,0.2476436265293321,1350,1850,1950,1980
2026-07-14,1.1111199855804443,0.0014822841509534168,1,0,0.45072958873128216,0.5492704112687179,0.5492704112687179,10.0,scale,0.2476436265293321,1350,1850,1950,1980
2026-07-15,1.112766981124878,-0.023794678831345784,0,0,0.43859307972428946,0.5614069202757106,0.5614069202757106,10.0,scale,0.2476436265293321,1350,1850,1950,1980
2026-07-16,1.0862890481948853,0.0021503540265173093,1,0,0.42952969465714813,0.5704703053428519,0.5704703053428519,10.0,scale,0.2476436265293321,1350,1850,1950,1980
2026-07-17,1.0886249542236328,0.0032445076942215767,1,0,0.4414247651487265,0.5585752348512736,0.5585752348512736,10.0,scale,0.2476436265293321,1350,1850,1950,1980
2026-07-18,1.092157006263733,0.0034464214357261547,1,0,0.4429574898516286,0.5570425101483714,0.5570425101483714,10.0,scale,0.2476436265293321,1350,1850,1950,1980
2026-07-19,1.0959210395812988,0.01477475000141415,1,0,0.4403182824067629,0.5596817175932371,0.5596817175932371,10.0,scale,0.2476436265293321,1350,1850,1950,1980
2026-07-20,1.1121129989624023,0.02729936928400223,1,0,0.44517675306568955,0.5548232469343104,0.5548232469343104,10.0,scale,0.2476436265293321,1350,1850,1950,1980
2026-07-21,1.1424729824066162,-0.0007518971159330423,0,0,0.4504455839834512,0.5495544160165489,0.5495544160165489,10.0,scale,0.2476436265293321,1350,1850,1950,1980
2026-07-22,1.1416139602661133,-0.030422640633079645,0,0,0.44145008967654537,0.5585499103234546,0.5585499103234546,10.0,scale,0.2476436265293321,1350,1850,1950,1980
2026-07-23,1.1068830490112305,-0.01441260120397947,0,0,0.431479027839401,0.568520972160599,0.568520972160599,10.0,scale,0.2476436265293321,1350,1850,1950,1980
2026-07-24,1.0909299850463867,0.005864686696569699,1,0,0.4380810198986829,0.5619189801013171,0.5619189801013171,10.0,scale,0.2476436265293321,1350,1850,1950,1980
2026-07-25,1.0973279476165771,0.013065431229409397,1,0,0.4458589969052704,0.5541410030947296,0.5541410030947296,10.0,scale,0.2476436265293321,1350,1850,1950,1980
2026-07-26,1.1116650104522705,-0.041739148524844505,0,0,0.4453199535366533,0.5546800464633467,0.5546800464633467,10.0,scale,0.2476436265293321,1350,1850,1950,1980
2026-07-27,1.0652650594711304,0.0025288462259391853,1,0,0.42613396248407387,0.5738660375159261,0.5738660375159261,10.0,scale,0.2476436265293321,1350,1850,1950,1980
2026-07-28,1.067958950996399,0.004588282950775513,1,0,0.4376578541491306,0.5623421458508694,0.5623421458508694,10.0,scale,0.2476436265293321,1350,1850,1950,1980
2026-07-29,1.0728590488433838,0.010221233952688147,1,0,0.43960876037309576,0.5603912396269042,0.5603912396269042,10.0,scale,0.2476436265293321,1350,1850,1950,1980
2026-07-30,1.0838249921798706,-0.02148874428701164,0,0,0.4446259943470319,0.5553740056529681,0.5553740056529681,10.0,scale,0.2476436265293321,1350,1850,1950,1980
2026-07-31,1.060534954071045,-0.0007467055257782684,0,0,0.4297286854937439,0.5702713145062561,0.5702713145062561,10.0,scale,0.2476436265293321,1350,1850,1950,1980
2026-08-01,1.059743046760559,0.023465064165334226,1,0,0.4287417542409754,0.5712582457590246,0.5712582457590246,10.0,scale,0.2476436265293321,1350,1850,1950,1980
2026-08-02,1.0846099853515625,-0.009199561943416645,0,0,0.44491685963940286,0.5550831403605971,0.5550831403605971,10.0,scale,0.24871711864781126,1380,1880,1980,2010
2026-08-03,1.0746320486068726,-0.001324175368873859,0,0,0.434597741702644,0.565402258297356,0.565402258297356,10.0,scale,0.24871711864781126,1380,1880,1980,2010
2026-08-04,1.0732090473175049,-0.011363108745902628,0,0,0.4338994770430842,0.5661005229569158,0.5661005229569158,10.0,scale,0.24871711864781126,1380,1880,1980,2010
2026-08-05,1.0610140562057495,-0.02577538098997678,0,0,0.428942406746804,0.571057593253196,0.571057593253196,10.0,scale,0.24871711864781126,1380,1880,1980,2010
2026-08-06,1.0336660146713257,-0.012024192312345527,0,0,0.4228259851287754,0.5771740148712245,0.5771740148712245,10.0,scale,0.24871711864781126,1380,1880,1980,2010
2026-08-07,1.021237015724182,0.01701565715007458,1,0,0.42341876290342306,0.5765812370965769,0.5765812370965769,10.0,scale,0.24871711864781126,1380,1880,1980,2010
2026-08-08,1.03861403465271,-0.009338393939943512,0,0,0.434550079012807,0.565449920987193,0.565449920987193,10.0,scale,0.24871711864781126,1380,1880,1980,2010
2026-08-09,1.0289150476455688,-0.016895517580766906,0,0,0.4229632385628378,0.5770367614371622,0.5770367614371622,10.0,scale,0.24871711864781126,1380,1880,1980,2010
2026-08-10,1.0115309953689575,0.010233064402745518,1,0,0.42668747635608395,0.573312523643916,0.573312523643916,10.0,scale,0.24871711864781126,1380,1880,1980,2010
2026-08-11,1.0218820571899414,-0.017133121982676913,0,0,0.43365508720677115,0.5663449127932288,0.5663449127932288,10.0,scale,0.24871711864781126,1380,1880,1980,2010
2026-08-12,1.0043740272521973,0.0037345851186307844,1,0,0.42148213706381,0.57851786293619,0.57851786293619,10.0,scale,0.24871711864781126,1380,1880,1980,2010
2026-08-13,1.0081249475479126,-0.01000565819199195,0,0,0.42624230448966677,0.5737576955103332,0.5737576955103332,10.0,scale,0.24871711864781126,1380,1880,1980,2010
2026-08-14,0.9980379939079284,0.0033686092203681905,1,0,0.42458189723903694,0.5754181027609631,0.5754181027609631,10.0,scale,0.24871711864781126,1380,1880,1980,2010
2026-08-15,1.0013999938964844,-0.009413831706099884,0,0,0.4294714236698614,0.5705285763301386,0.5705285763301386,10.0,scale,0.24871711864781126,1380,1880,1980,2010
2026-08-16,0.9919729828834534,0.010732192702498589,1,0,0.41764581155569724,0.5823541884443028,0.5823541884443028,10.0,scale,0.24871711864781126,1380,1880,1980,2010
2026-08-17,1.0026190280914309,-0.0012617444365894404,0,0,0.4318000433442183,0.5681999566557817,0.5681999566557817,10.0,scale,0.24871711864781126,1380,1880,1980,2010
2026-08-18,1.0013539791107178,0.10290970225355678,1,0,0.42717356452538296,0.5728264354746171,0.5728264354746171,10.0,scale,0.24871711864781126,1380,1880,1980,2010
2026-08-19,1.104403018951416,0.1485300079746088,1,0,0.44908642560234885,0.5509135743976512,0.5509135743976512,10.0,scale,0.24871711864781126,1380,1880,1980,2010
2026-08-20,1.268440008163452,0.14612911902377035,1,0,0.44147064245611656,0.5585293575438834,0.5585293575438834,10.0,scale,0.24871711864781126,1380,1880,1980,2010
2026-08-21,1.4537960290908811,0.006831060262846966,1,0,0.43929619746108406,0.5607038025389159,0.5607038025389159,10.0,scale,0.24871711864781126,1380,1880,1980,2010
2026-08-22,1.4637269973754885,0.039939791338318376,1,0,0.46383671359548273,0.5361632864045173,0.5361632864045173,10.0,scale,0.24871711864781126,1380,1880,1980,2010
2026-08-23,1.5221879482269287,-0.028343403786565635,0,0,0.4582650658031806,0.5417349341968194,0.5417349341968194,10.0,scale,0.24871711864781126,1380,1880,1980,2010
2026-08-24,1.479043960571289,-0.030961899296532924,0,0,0.46580847193803676,0.5341915280619632,0.5341915280619632,10.0,scale,0.24871711864781126,1380,1880,1980,2010
2026-08-25,1.4332499504089355,-0.007549963519835168,0,0,0.44713273121476776,0.5528672687852323,0.5528672687852323,10.0,scale,0.24871711864781126,1380,1880,1980,2010
2026-08-26,1.4224289655685425,0.021515313313162032,1,0,0.42946034981295444,0.5705396501870456,0.5705396501870456,10.0,scale,0.24871711864781126,1380,1880,1980,2010
2026-08-27,1.4530329704284668,-0.048067737562396795,0,0,0.4308888095671749,0.5691111904328251,0.5691111904328251,10.0,scale,0.24871711864781126,1380,1880,1980,2010
2026-08-28,1.3831889629364014,0.009791149380808273,1,0,0.4099178112467836,0.5900821887532164,0.5900821887532164,10.0,scale,0.24871711864781126,1380,1880,1980,2010
2026-08-29,1.396731972694397,-0.02665790533580581,0,0,0.4239121175644894,0.5760878824355107,0.5760878824355107,10.0,scale,0.24871711864781126,1380,1880,1980,2010
2026-08-30,1.3594980239868164,0.01438028265839475,1,0,0.42108588570003397,0.5789141142999661,0.5789141142999661,10.0,scale,0.24871711864781126,1380,1880,1980,2010
2026-08-31,1.379047989845276,-0.01987674413156737,0,0,0.43310204922823475,0.5668979507717653,0.5668979507717653,10.0,scale,0.24871711864781126,1380,1880,1980,2010
