timestamp,close,future_return_1d,y_true,prediction,prob_positive,prob_negative,confidence,selected_C,selected_gamma,validation_brier,fold_start,train_end,validation_end,test_end
2022-10-22,0.4654699862003326,0.007654664658716337,1,0,0.4964864971332108,0.5035135028667892,0.5035135028667892,0.1,scale,0.2504635659653899,0,500,600,630
2022-10-23,0.4690330028533935,-0.03243268453138293,0,0,0.47449008738933734,0.5255099126106626,0.5255099126106626,0.1,scale,0.2504635659653899,0,500,600,630
2022-10-24,0.4538210034370422,0.01701773070743573,1,1,0.5269142709737034,0.47308572902629664,0.5269142709737034,0.1,scale,0.2504635659653899,0,500,600,630
2022-10-25,0.461544007062912,0.01696910933516671,1,0,0.4602112439411083,0.5397887560588917,0.5397887560588917,0.1,scale,0.2504635659653899,0,500,600,630
2022-10-26,0.4693759977817535,-0.014847382274330467,0,0,0.4661147918834734,0.5338852081165266,0.5338852081165266,0.1,scale,0.2504635659653899,0,500,600,630
2022-10-27,0.4624069929122925,0.02502989854731341,1,0,0.4851578370184423,0.5148421629815577,0.5148421629815577,0.1,scale,0.2504635659653899,0,500,600,630
2022-10-28,0.4739809930324554,-0.00752136406046644,0,0,0.46954356284271836,0.5304564371572816,0.5304564371572816,0.1,scale,0.2504635659653899,0,500,600,630
2022-10-29,0.4704160094261169,-0.0254264583666729,0,0,0.4789249139265387,0.5210750860734613,0.5210750860734613,0.1,scale,0.2504635659653899,0,500,600,630
2022-10-30,0.4584549963474273,0.01627204020074635,1,1,0.5256706963046867,0.47432930369531334,0.5256706963046867,0.1,scale,0.2504635659653899,0,500,600,630
2022-10-31,0.4659149944782257,-0.002871779362706328,0,0,0.460540454833174,0.539459545166826,0.539459545166826,0.1,scale,0.2504635659653899,0,500,600,630
2022-11-01,0.4645769894123077,-0.029495624916565655,0,0,0.4948312053322693,0.5051687946677307,0.5051687946677307,0.1,scale,0.2504635659653899,0,500,600,630
2022-11-02,0.450874000787735,0.009450505098844042,1,1,0.5201010427259513,0.47989895727404874,0.5201010427259513,0.1,scale,0.2504635659653899,0,500,600,630
2022-11-03,0.4551349878311157,0.1082514459988857,1,0,0.4976772053953061,0.502322794604694,0.502322794604694,0.1,scale,0.2504635659653899,0,500,600,630
2022-11-04,0.5044040083885193,-0.021954636309977182,0,0,0.464503188212367,0.535496811787633,0.535496811787633,0.1,scale,0.2504635659653899,0,500,600,630
2022-11-05,0.4933300018310547,-0.04593271669495502,0,1,0.5481416473782141,0.45185835262178586,0.5481416473782141,0.1,scale,0.2504635659653899,0,500,600,630
2022-11-06,0.4706700146198272,-0.01022588079008091,0,1,0.5604403736264939,0.4395596263735061,0.5604403736264939,0.1,scale,0.2504635659653899,0,500,600,630
2022-11-07,0.4658569991588592,-0.12796842440684275,0,1,0.5270246900821115,0.4729753099178885,0.5270246900821115,0.1,scale,0.2504635659653899,0,500,600,630
2022-11-08,0.4062420129776001,-0.17984604459468778,0,1,0.6375317799101752,0.3624682200898248,0.6375317799101752,0.1,scale,0.2504635659653899,0,500,600,630
2022-11-09,0.3331809937953949,0.18765782513464813,1,1,0.6525594104099246,0.3474405895900754,0.6525594104099246,0.1,scale,0.2504635659653899,0,500,600,630
2022-11-10,0.3957050144672394,-0.029178340726831675,0,1,0.5197339973447962,0.4802660026552038,0.5197339973447962,0.1,scale,0.2504635659653899,0,500,600,630
2022-11-11,0.3841589987277984,-0.05331647509661752,0,1,0.6270790882499123,0.3729209117500877,0.6270790882499123,0.1,scale,0.2504635659653899,0,500,600,630
2022-11-12,0.3636769950389862,-0.06429055209897583,0,1,0.6166421728126132,0.38335782718738676,0.6166421728126132,0.1,scale,0.2504635659653899,0,500,600,630
2022-11-13,0.3402960002422333,0.10611354143942098,1,1,0.6728708464970612,0.3271291535029388,0.6728708464970612,0.1,scale,0.2504635659653899,0,500,600,630
2022-11-14,0.3764060139656067,0.03218591474803434,1,1,0.5237207857188574,0.4762792142811426,0.5237207857188574,0.1,scale,0.2504635659653899,0,500,600,630
2022-11-15,0.3885209858417511,-0.03145260025983776,0,1,0.5009734450096094,0.4990265549903906,0.5009734450096094,0.1,scale,0.2504635659653899,0,500,600,630
2022-11-16,0.3763009905815124,0.016590496576820657,1,1,0.5576165717587238,0.4423834282412762,0.5576165717587238,0.1,scale,0.2504635659653899,0,500,600,630
2022-11-17,0.3825440108776092,0.001356648195507626,1,0,0.4997265965544067,0.5002734034455933,0.5002734034455933,0.1,scale,0.2504635659653899,0,500,600,630
2022-11-18,0.3830629885196686,0.004270834135646329,1,1,0.5364410281538088,0.4635589718461912,0.5364410281538088,0.1,scale,0.2504635659653899,0,500,600,630
2022-11-19,0.3846989870071411,-0.0591475010450595,0,1,0.5273202416400965,0.4726797583599035,0.5273202416400965,0.1,scale,0.2504635659653899,0,500,600,630
2022-11-20,0.3619450032711029,0.007885147122745462,1,1,0.608364890752334,0.391635109247666,0.608364890752334,0.1,scale,0.2504635659653899,0,500,600,630
2022-11-21,0.3647989928722381,0.03087179467907797,1,1,0.5302029755161694,0.46979702448383065,0.5302029755161694,0.1,scale,0.24539478154240457,30,530,630,660
2022-11-22,0.3760609924793243,0.014678512436449465,1,0,0.48104641930132414,0.5189535806986758,0.5189535806986758,0.1,scale,0.24539478154240457,30,530,630,660
2022-11-23,0.3815810084342956,0.05349056767346161,1,0,0.44928130852680787,0.5507186914731921,0.5507186914731921,0.1,scale,0.24539478154240457,30,530,630,660
2022-11-24,0.401991993188858,0.015970507864670802,1,0,0.35804505468397646,0.6419549453160236,0.6419549453160236,0.1,scale,0.24539478154240457,30,530,630,660
2022-11-25,0.4084120094776153,-0.028850776993896488,0,0,0.3987512405040663,0.6012487594959337,0.6012487594959337,0.1,scale,0.24539478154240457,30,530,630,660
2022-11-26,0.3966290056705475,0.0004840456902464041,1,1,0.5169856052190089,0.48301439478099106,0.5169856052190089,0.1,scale,0.24539478154240457,30,530,630,660
2022-11-27,0.396820992231369,-0.016387706501406862,0,0,0.462945200800415,0.537054799199585,0.537054799199585,0.1,scale,0.24539478154240457,30,530,630,660
2022-11-28,0.3903180062770843,0.02108789263779154,1,0,0.47313840746206903,0.526861592537931,0.526861592537931,0.1,scale,0.24539478154240457,30,530,630,660
2022-11-29,0.3985489904880523,0.02557779300737284,1,0,0.4442733503964162,0.5557266496035838,0.5557266496035838,0.1,scale,0.24539478154240457,30,530,630,660
2022-11-30,0.4087429940700531,-0.029443886788169005,0,0,0.43043042878069926,0.5695695712193007,0.5695695712193007,0.1,scale,0.24539478154240457,30,530,630,660
2022-12-01,0.3967080116271972,-0.001096586121638321,0,1,0.5077207190816443,0.4922792809183557,0.5077207190816443,0.1,scale,0.24539478154240457,30,530,630,660
2022-12-02,0.3962729871273041,-0.020506042281871917,0,0,0.46357677196096136,0.5364232280390386,0.5364232280390386,0.1,scale,0.24539478154240457,30,530,630,660
2022-12-03,0.3881469964981079,0.006667587015162457,1,1,0.529308460630096,0.47069153936990404,0.529308460630096,0.1,scale,0.24539478154240457,30,530,630,660
2022-12-04,0.390735000371933,-0.002945718944654452,0,0,0.4795932484690978,0.5204067515309022,0.5204067515309022,0.1,scale,0.24539478154240457,30,530,630,660
2022-12-05,0.3895840048789978,0.006442721883804348,1,0,0.4610782403893726,0.5389217596106274,0.5389217596106274,0.1,scale,0.24539478154240457,30,530,630,660
2022-12-06,0.3920939862728119,-0.021354554189259134,0,0,0.46445967911013647,0.5355403208898635,0.5355403208898635,0.1,scale,0.24539478154240457,30,530,630,660
2022-12-07,0.3837209939956665,0.028207981956484884,1,0,0.49767708208736133,0.5023229179126387,0.5023229179126387,0.1,scale,0.24539478154240457,30,530,630,660
2022-12-08,0.3945449888706207,-0.013666338009838408,0,0,0.4288008600085843,0.5711991399914157,0.5711991399914157,0.1,scale,0.24539478154240457,30,530,630,660
2022-12-09,0.3891530036926269,-0.006308562662278416,0,0,0.48486176315861074,0.5151382368413893,0.5151382368413893,0.1,scale,0.24539478154240457,30,530,630,660
2022-12-10,0.3866980075836181,-0.012798109535004154,0,1,0.5064395994276544,0.4935604005723456,0.5064395994276544,0.1,scale,0.24539478154240457,30,530,630,660
2022-12-11,0.3817490041255951,0.014787221011866913,1,0,0.49357547401096097,0.506424525989039,0.506424525989039,0.1,scale,0.24539478154240457,30,530,630,660
2022-12-12,0.3873940110206604,0.019897011920959162,1,0,0.4798672452902044,0.5201327547097956,0.5201327547097956,0.1,scale,0.24539478154240457,30,530,630,660
2022-12-13,0.3951019942760467,-0.021989265938033187,0,0,0.42736108269458856,0.5726389173054114,0.5726389173054114,0.1,scale,0.24539478154240457,30,530,630,660
2022-12-14,0.3864139914512634,-0.021161196498323043,0,1,0.5038181476913997,0.49618185230860035,0.5038181476913997,0.1,scale,0.24539478154240457,30,530,630,660
2022-12-15,0.3782370090484619,-0.06939834194905448,0,1,0.517592411489775,0.482407588510225,0.517592411489775,0.1,scale,0.24539478154240457,30,530,630,660
2022-12-16,0.3519879877567291,0.00801735231704459,1,1,0.6304680943432792,0.3695319056567208,0.6304680943432792,0.1,scale,0.24539478154240457,30,530,630,660
2022-12-17,0.3548099994659424,-0.012795570565677261,0,1,0.5487408850908766,0.4512591149091234,0.5487408850908766,0.1,scale,0.24539478154240457,30,530,630,660
2022-12-18,0.350270003080368,-0.03254636155482582,0,1,0.5693022397662936,0.43069776023370643,0.5693022397662936,0.1,scale,0.24539478154240457,30,530,630,660
2022-12-19,0.3388699889183044,0.030994257993648633,1,1,0.5642591052429402,0.4357408947570598,0.5642591052429402,0.1,scale,0.24539478154240457,30,530,630,660
2022-12-20,0.3493730127811432,-0.009597191438754038,0,0,0.4887551398615097,0.5112448601384902,0.5112448601384902,0.1,scale,0.24539478154240457,30,530,630,660
2022-12-21,0.3460200130939483,0.01034614773431497,1,1,0.5265526231967533,0.47344737680324667,0.5265526231967533,0.1,scale,0.24491495097685032,60,560,660,690
2022-12-22,0.3495999872684479,0.013366717164100983,1,0,0.4830197613396316,0.5169802386603684,0.5169802386603684,0.1,scale,0.24491495097685032,60,560,660,690
2022-12-23,0.3542729914188385,-0.005910697763158224,0,0,0.46342871621095466,0.5365712837890453,0.5365712837890453,0.1,scale,0.24491495097685032,60,560,660,690
2022-12-24,0.3521789908409118,-0.01643194315794483,0,1,0.502592939384869,0.49740706061513096,0.502592939384869,0.1,scale,0.24491495097685032,60,560,660,690
2022-12-25,0.3463920056819916,0.055806738835722625,1,0,0.4986526612356161,0.5013473387643839,0.5013473387643839,0.1,scale,0.24491495097685032,60,560,660,690
2022-12-26,0.3657230138778686,0.006570521857409695,1,0,0.45797626246998324,0.5420237375300168,0.5420237375300168,0.1,scale,0.24491495097685032,60,560,660,690
2022-12-27,0.3681260049343109,-0.03149739654908468,0,0,0.4343323722086948,0.5656676277913052,0.5656676277913052,0.1,scale,0.24491495097685032,60,560,660,690
2022-12-28,0.3565309941768646,-0.038383726086551495,0,1,0.5012062503038982,0.4987937496961018,0.5012062503038982,0.1,scale,0.24491495097685032,60,560,660,690
2022-12-29,0.342846006155014,0.0063322306157258534,1,1,0.5611188876368337,0.4388811123631663,0.5611188876368337,0.1,scale,0.24491495097685032,60,560,660,690
2022-12-30,0.3450169861316681,-0.0147470179493574,0,1,0.5110562482649186,0.4889437517350814,0.5110562482649186,0.1,scale,0.24491495097685032,60,560,660,690
2022-12-31,0.3399290144443512,-0.0034301745772556957,0,1,0.5416246275993589,0.4583753724006411,0.5416246275993589,0.1,scale,0.24491495097685032,60,560,660,690
2023-01-01,0.3387629985809326,0.02890815518606482,1,1,0.5077618859958166,0.4922381140041834,0.5077618859958166,0.1,scale,0.24491495097685032,60,560,660,690
2023-01-02,0.3485560119152069,-0.013576046853179702,0,1,0.5526172581395901,0.44738274186040994,0.5526172581395901,0.1,scale,0.24491495097685032,60,560,660,690
2023-01-03,0.3438239991664886,0.011546597029909345,1,1,0.5087509217862967,0.49124907821370334,0.5087509217862967,0.1,scale,0.24491495097685032,60,560,660,690
2023-01-04,0.3477939963340759,-0.028048171255772414,0,0,0.45205052781800337,0.5479494721819966,0.5479494721819966,0.1,scale,0.24491495097685032,60,560,660,690
2023-01-05,0.3380390107631683,0.019542072276045097,1,1,0.5215976421493853,0.4784023578506147,0.5215976421493853,0.1,scale,0.24491495097685032,60,560,660,690
2023-01-06,0.3446449935436249,-0.001093877425370704,0,0,0.4462426107829844,0.5537573892170156,0.5537573892170156,0.1,scale,0.24491495097685032,60,560,660,690
2023-01-07,0.3442679941654205,0.003166195986276543,1,0,0.4996134021793545,0.5003865978206454,0.5003865978206454,0.1,scale,0.24491495097685032,60,560,660,690
2023-01-08,0.3453580141067505,0.01152999941665267,1,0,0.4460166794848768,0.5539833205151232,0.5539833205151232,0.1,scale,0.24491495097685032,60,560,660,690
2023-01-09,0.3493399918079376,0.005441692284658295,1,1,0.5070573947609379,0.4929426052390621,0.5070573947609379,0.1,scale,0.24491495097685032,60,560,660,690
2023-01-10,0.3512409925460815,0.0652458082223768,1,0,0.47322961255782275,0.5267703874421772,0.5267703874421772,0.1,scale,0.24491495097685032,60,560,660,690
2023-01-11,0.3741579949855804,0.0027768974051785023,1,0,0.38128032052748956,0.6187196794725105,0.6187196794725105,0.1,scale,0.24491495097685032,60,560,660,690
2023-01-12,0.3751969933509826,0.028270493510397232,1,0,0.4624264026300043,0.5375735973699958,0.5375735973699958,0.1,scale,0.24491495097685032,60,560,660,690
2023-01-13,0.3858039975166321,0.024984175887807103,1,0,0.4493611467664719,0.5506388532335281,0.5506388532335281,0.1,scale,0.24491495097685032,60,560,660,690
2023-01-14,0.3954429924488067,-0.026709292769200643,0,0,0.42550790408460887,0.5744920959153912,0.5744920959153912,0.1,scale,0.24491495097685032,60,560,660,690
2023-01-15,0.3848809897899627,0.004403977153366823,1,1,0.5231868692303785,0.4768131307696215,0.5231868692303785,0.1,scale,0.24491495097685032,60,560,660,690
2023-01-16,0.3865759968757629,0.002936011689773421,1,0,0.44486917268193943,0.5551308273180606,0.5551308273180606,0.1,scale,0.24491495097685032,60,560,660,690
2023-01-17,0.3877109885215759,-0.021301945620643248,0,1,0.5077401883948824,0.49225981160511756,0.5077401883948824,0.1,scale,0.24491495097685032,60,560,660,690
2023-01-18,0.3794519901275635,0.03777292013946276,1,0,0.4915686834211274,0.5084313165788725,0.5084313165788725,0.1,scale,0.24491495097685032,60,560,660,690
2023-01-19,0.3937849998474121,0.04966922551575559,1,0,0.48353207096876333,0.5164679290312366,0.5164679290312366,0.1,scale,0.24491495097685032,60,560,660,690
2023-01-20,0.413343995809555,-0.023735639646727424,0,1,0.5878871680059921,0.41211283199400794,0.5878871680059921,1.0,scale,0.24650824034487293,90,590,690,720
2023-01-21,0.403533011674881,-0.006358859586859111,0,1,0.6276572894940442,0.3723427105059558,0.6276572894940442,1.0,scale,0.24650824034487293,90,590,690,720
2023-01-22,0.400967001914978,0.059795439646445514,1,1,0.6347280650218198,0.3652719349781802,0.6347280650218198,1.0,scale,0.24650824034487293,90,590,690,720
2023-01-23,0.4249430000782013,-0.04056072069858174,0,1,0.5285343281898652,0.47146567181013477,0.5285343281898652,1.0,scale,0.24650824034487293,90,590,690,720
2023-01-24,0.407707005739212,0.024493038459393324,1,1,0.6682039152789475,0.3317960847210525,0.6682039152789475,1.0,scale,0.24650824034487293,90,590,690,720
2023-01-25,0.4176929891109466,-0.018171231164805013,0,1,0.5589210022923583,0.4410789977076417,0.5589210022923583,1.0,scale,0.24650824034487293,90,590,690,720
2023-01-26,0.4101029932498932,0.006554500971711175,1,1,0.6000107001980748,0.3999892998019252,0.6000107001980748,1.0,scale,0.24650824034487293,90,590,690,720
2023-01-27,0.4127910137176513,-0.011281738575960931,0,1,0.5521434894432907,0.4478565105567093,0.5521434894432907,1.0,scale,0.24650824034487293,90,590,690,720
2023-01-28,0.4081340134143829,0.013794455594333677,1,1,0.5727489098405392,0.42725109015946083,0.5727489098405392,1.0,scale,0.24650824034487293,90,590,690,720
2023-01-29,0.4137639999389648,-0.046338000129072965,0,1,0.5261506204665565,0.4738493795334435,0.5261506204665565,1.0,scale,0.24650824034487293,90,590,690,720
2023-01-30,0.3945910036563873,0.029899298934606966,1,1,0.5908646237705317,0.4091353762294683,0.5908646237705317,1.0,scale,0.24650824034487293,90,590,690,720
2023-01-31,0.4063889980316162,0.018462613206423617,1,1,0.5178945842044345,0.48210541579556554,0.5178945842044345,1.0,scale,0.24650824034487293,90,590,690,720
2023-02-01,0.41389200091362,-0.01001468111366799,0,1,0.5245966930214205,0.47540330697857947,0.5245966930214205,1.0,scale,0.24650824034487293,90,590,690,720
2023-02-02,0.4097470045089721,0.005998838591914968,1,1,0.5428751417818296,0.4571248582181704,0.5428751417818296,1.0,scale,0.24650824034487293,90,590,690,720
2023-02-03,0.4122050106525421,-0.0021833803824006237,0,1,0.5007874636464841,0.4992125363535159,0.5007874636464841,1.0,scale,0.24650824034487293,90,590,690,720
2023-02-04,0.4113050103187561,-0.03007019872175465,0,1,0.5360876266362709,0.46391237336372915,0.5360876266362709,1.0,scale,0.24650824034487293,90,590,690,720
2023-02-05,0.3989369869232178,-0.015323203823905729,0,1,0.5313761170049773,0.46862388299502267,0.5313761170049773,1.0,scale,0.24650824034487293,90,590,690,720
2023-02-06,0.3928239941596985,0.028206008260686977,1,0,0.48623088628923866,0.5137691137107614,0.5137691137107614,1.0,scale,0.24650824034487293,90,590,690,720
2023-02-07,0.403903990983963,-0.014488552118021136,0,0,0.4525860951690886,0.5474139048309115,0.5474139048309115,1.0,scale,0.24650824034487293,90,590,690,720
2023-02-08,0.3980520069599151,-0.039155734149800336,0,0,0.4872602323627328,0.5127397676372671,0.5127397676372671,1.0,scale,0.24650824034487293,90,590,690,720
2023-02-09,0.3824659883975982,0.0004680744327958397,1,1,0.5560894329026824,0.4439105670973176,0.5560894329026824,1.0,scale,0.24650824034487293,90,590,690,720
2023-02-10,0.3826450109481811,0.0035619944676699156,1,0,0.49560902540259566,0.5043909745974043,0.5043909745974043,1.0,scale,0.24650824034487293,90,590,690,720
2023-02-11,0.38400799036026,-0.022723487544207832,0,0,0.4989253032708305,0.5010746967291695,0.5010746967291695,1.0,scale,0.24650824034487293,90,590,690,720
2023-02-12,0.3752819895744324,-0.009611372724475986,0,1,0.5056341628208699,0.4943658371791301,0.5056341628208699,1.0,scale,0.24650824034487293,90,590,690,720
2023-02-13,0.3716750144958496,0.028874674614059348,1,1,0.5778626133970209,0.42213738660297906,0.5778626133970209,1.0,scale,0.24650824034487293,90,590,690,720
2023-02-14,0.382407009601593,0.049541400231462474,1,0,0.44048365270873646,0.5595163472912635,0.5595163472912635,1.0,scale,0.24650824034487293,90,590,690,720
2023-02-15,0.4013519883155823,-0.04035111246353906,0,0,0.4453311247963938,0.5546688752036062,0.5546688752036062,1.0,scale,0.24650824034487293,90,590,690,720
2023-02-16,0.3851569890975952,0.026339931122020266,1,1,0.5161916709391277,0.48380832906087234,0.5161916709391277,1.0,scale,0.24650824034487293,90,590,690,720
2023-02-17,0.3953019976615906,-0.0016999225128455642,0,0,0.4640844834752417,0.5359155165247582,0.5359155165247582,1.0,scale,0.24650824034487293,90,590,690,720
2023-02-18,0.3946300148963928,-0.021065301392144575,0,1,0.505309473354788,0.49469052664521196,0.505309473354788,1.0,scale,0.24650824034487293,90,590,690,720
2023-02-19,0.3863170146942138,0.03160095066995594,1,0,0.4928651403948294,0.5071348596051706,0.5071348596051706,0.1,scale,0.24344209728490016,120,620,720,750
2023-02-20,0.3985249996185303,-0.016611228601255745,0,0,0.41921240985325636,0.5807875901467436,0.5807875901467436,0.1,scale,0.24344209728490016,120,620,720,750
2023-02-21,0.3919050097465515,0.009392592479933626,1,1,0.5119599091901821,0.4880400908098179,0.5119599091901821,0.1,scale,0.24344209728490016,120,620,720,750
2023-02-22,0.3955860137939453,-0.01632013587205472,0,0,0.4603980634449058,0.5396019365550941,0.5396019365550941,0.1,scale,0.24344209728490016,120,620,720,750
2023-02-23,0.3891299962997436,-0.02737642754450542,0,1,0.5140092483240901,0.4859907516759099,0.5140092483240901,0.1,scale,0.24344209728490016,120,620,720,750
2023-02-24,0.37847700715065,-0.001035782204153013,0,1,0.5390707496059127,0.4609292503940873,0.5390707496059127,0.1,scale,0.24344209728490016,120,620,720,750
2023-02-25,0.3780849874019623,-0.00011634481481681558,0,1,0.5290785149585042,0.4709214850414958,0.5290785149585042,0.1,scale,0.24344209728490016,120,620,720,750
2023-02-26,0.378040999174118,0.002840925439917097,1,1,0.5090539846180528,0.49094601538194715,0.5090539846180528,0.1,scale,0.24344209728490016,120,620,720,750
2023-02-27,0.3791149854660034,-0.005183087980273227,0,0,0.489198408849956,0.510801591150044,0.510801591150044,0.1,scale,0.24344209728490016,120,620,720,750
2023-02-28,0.3771499991416931,0.017841725527208085,1,0,0.49405898748265825,0.5059410125173418,0.5059410125173418,0.1,scale,0.24344209728490016,120,620,720,750
2023-03-01,0.383879005908966,-0.016408865196855804,0,0,0.4622580229251301,0.5377419770748699,0.5377419770748699,0.1,scale,0.24344209728490016,120,620,720,750
2023-03-02,0.3775799870491028,0.0002410516862489942,1,1,0.5033798159941455,0.4966201840058545,0.5033798159941455,0.1,scale,0.24344209728490016,120,620,720,750
2023-03-03,0.3776710033416748,-0.010215240264458525,0,0,0.47321403093380016,0.5267859690661998,0.5267859690661998,0.1,scale,0.24344209728490016,120,620,720,750
2023-03-04,0.3738130033016205,-0.017706731271729614,0,1,0.5239554856536648,0.4760445143463352,0.5239554856536648,0.1,scale,0.24344209728490016,120,620,720,750
2023-03-05,0.3671939969062805,0.008924448092060056,1,1,0.5249334036268561,0.47506659637314386,0.5249334036268561,0.1,scale,0.24344209728490016,120,620,720,750
2023-03-06,0.3704710006713867,0.027200508666115564,1,1,0.5182399757995454,0.4817600242004546,0.5182399757995454,0.1,scale,0.24344209728490016,120,620,720,750
2023-03-07,0.3805480003356933,0.022704077477204487,1,0,0.43518978794675234,0.5648102120532477,0.5648102120532477,0.1,scale,0.24344209728490016,120,620,720,750
2023-03-08,0.3891879916191101,-0.0438296798326242,0,0,0.41992917286483433,0.5800708271351657,0.5800708271351657,0.1,scale,0.24344209728490016,120,620,720,750
2023-03-09,0.3721300065517425,-0.004052340543002408,0,1,0.5400700323858941,0.4599299676141059,0.5400700323858941,0.1,scale,0.24344209728490016,120,620,720,750
2023-03-10,0.3706220090389251,-0.010226108677452772,0,1,0.505208077077475,0.49479192292252505,0.505208077077475,0.1,scale,0.24344209728490016,120,620,720,750
2023-03-11,0.3668319880962372,0.017681115172600625,1,1,0.5292665128245788,0.4707334871754212,0.5292665128245788,0.1,scale,0.24344209728490016,120,620,720,750
2023-03-12,0.3733179867267608,0.0012536649382470788,1,0,0.45814441642866727,0.5418555835713328,0.5418555835713328,0.1,scale,0.24344209728490016,120,620,720,750
2023-03-13,0.3737860023975372,0.0013189097873520517,1,0,0.4617154900358155,0.5382845099641844,0.5382845099641844,0.1,scale,0.24344209728490016,120,620,720,750
2023-03-14,0.3742789924144745,-0.03665978990373153,0,0,0.4786632301363088,0.5213367698636913,0.5213367698636913,0.1,scale,0.24344209728490016,120,620,720,750
2023-03-15,0.3605580031871795,0.015162602341697307,1,1,0.5650643343273428,0.4349356656726572,0.5650643343273428,0.1,scale,0.24344209728490016,120,620,720,750
2023-03-16,0.3660250008106231,0.03922409823802964,1,0,0.49260555553795304,0.507394444462047,0.507394444462047,0.1,scale,0.24344209728490016,120,620,720,750
2023-03-17,0.3803820013999939,-0.015639516490066785,0,0,0.4085794637092771,0.5914205362907229,0.5914205362907229,0.1,scale,0.24344209728490016,120,620,720,750
2023-03-18,0.3744330108165741,0.037475265417461934,1,0,0.49266452841782343,0.5073354715821765,0.5073354715821765,0.1,scale,0.24344209728490016,120,620,720,750
2023-03-19,0.3884649872779846,-0.03561963193384565,0,0,0.4021993525501526,0.5978006474498474,0.5978006474498474,0.1,scale,0.24344209728490016,120,620,720,750
2023-03-20,0.3746280074119568,0.253803728273416,1,1,0.531343746996999,0.46865625300300096,0.531343746996999,0.1,scale,0.24344209728490016,120,620,720,750
2023-03-21,0.4697099924087524,-0.10055141689040659,0,1,0.6886793413025072,0.3113206586974928,0.6886793413025072,1.0,scale,0.2391662045773793,150,650,750,780
2023-03-22,0.4224799871444702,0.05294927877079658,1,1,0.6871036852542382,0.31289631474576185,0.6871036852542382,1.0,scale,0.2391662045773793,150,650,750,780
2023-03-23,0.4448499977588653,-0.04259410777567618,0,1,0.5358172886143268,0.46418271138567324,0.5358172886143268,1.0,scale,0.2391662045773793,150,650,750,780
2023-03-24,0.4259020090103149,0.04417447466569646,1,1,0.6292400232493789,0.3707599767506211,0.6292400232493789,1.0,scale,0.2391662045773793,150,650,750,780
2023-03-25,0.4447160065174103,0.009221633844301413,1,0,0.43906679912879776,0.5609332008712022,0.5609332008712022,1.0,scale,0.2391662045773793,150,650,750,780
2023-03-26,0.4488170146942138,0.0694580937329845,1,1,0.5605267251449079,0.43947327485509213,0.5605267251449079,1.0,scale,0.2391662045773793,150,650,750,780
2023-03-27,0.4799909889698028,0.07305760493486058,1,0,0.4863904468535503,0.5136095531464497,0.5136095531464497,1.0,scale,0.2391662045773793,150,650,750,780
2023-03-28,0.5150579810142517,0.05537053193413577,1,0,0.4254032357717985,0.5745967642282015,0.5745967642282015,1.0,scale,0.2391662045773793,150,650,750,780
2023-03-29,0.5435770153999329,-0.017160415973799137,0,0,0.4261577718547199,0.5738422281452801,0.5738422281452801,1.0,scale,0.2391662045773793,150,650,750,780
2023-03-30,0.5342490077018738,0.007942019885507579,1,1,0.5946319081604637,0.40536809183953626,0.5946319081604637,1.0,scale,0.2391662045773793,150,650,750,780
2023-03-31,0.5384920239448547,-0.04410654081285115,0,1,0.5460426994652493,0.4539573005347507,0.5460426994652493,1.0,scale,0.2391662045773793,150,650,750,780
2023-04-01,0.5147410035133362,0.008182798337316832,1,1,0.6619122966033374,0.3380877033966626,0.6619122966033374,1.0,scale,0.2391662045773793,150,650,750,780
2023-04-02,0.5189530253410339,-0.0423795799662946,0,1,0.5944022010755774,0.4055977989244226,0.5944022010755774,1.0,scale,0.2391662045773793,150,650,750,780
2023-04-03,0.4969600141048431,0.013117735061943359,1,1,0.709097426957382,0.290902573042618,0.709097426957382,1.0,scale,0.2391662045773793,150,650,750,780
2023-04-04,0.50347900390625,0.005473911610498261,1,1,0.5559374148312636,0.4440625851687364,0.5559374148312636,1.0,scale,0.2391662045773793,150,650,750,780
2023-04-05,0.5062350034713745,-0.005801690620299893,0,1,0.5777155240691714,0.42228447593082863,0.5777155240691714,1.0,scale,0.2391662045773793,150,650,750,780
2023-04-06,0.5032979846000671,0.020739254511431326,1,1,0.6041981059657953,0.39580189403420474,0.6041981059657953,1.0,scale,0.2391662045773793,150,650,750,780
2023-04-07,0.5137360095977783,-0.015611099122178063,0,1,0.56937004298592,0.43062995701408,0.56937004298592,1.0,scale,0.2391662045773793,150,650,750,780
2023-04-08,0.5057160258293152,0.0002332486731404515,1,1,0.6341572832967843,0.36584271670321566,0.6341572832967843,1.0,scale,0.2391662045773793,150,650,750,780
2023-04-09,0.5058339834213257,0.024680061924334806,1,1,0.5629676526575641,0.4370323473424359,0.5629676526575641,1.0,scale,0.2391662045773793,150,650,750,780
2023-04-10,0.5183179974555969,-0.0015434801533084075,0,0,0.430617486505271,0.569382513494729,0.569382513494729,1.0,scale,0.2391662045773793,150,650,750,780
2023-04-11,0.5175179839134216,-0.022033948474122322,0,0,0.44243690143145376,0.5575630985685462,0.5575630985685462,1.0,scale,0.2391662045773793,150,650,750,780
2023-04-12,0.5061150193214417,0.01418056173679072,1,0,0.4378100812886114,0.5621899187113886,0.5621899187113886,1.0,scale,0.2391662045773793,150,650,750,780
2023-04-13,0.5132920145988464,0.02084778330094106,1,0,0.3969026002342183,0.6030973997657817,0.6030973997657817,1.0,scale,0.2391662045773793,150,650,750,780
2023-04-14,0.5239930152893066,-0.006773066167497621,0,0,0.4247915877616834,0.5752084122383165,0.5752084122383165,1.0,scale,0.2391662045773793,150,650,750,780
2023-04-15,0.5204439759254456,0.001821544525454133,1,1,0.5216776559367009,0.4783223440632991,0.5216776559367009,1.0,scale,0.2391662045773793,150,650,750,780
2023-04-16,0.5213919878005981,-0.019687668690938853,0,0,0.44543550911228497,0.554564490887715,0.554564490887715,1.0,scale,0.2391662045773793,150,650,750,780
2023-04-17,0.5111269950866699,0.04135371313476588,1,0,0.4904485325358119,0.5095514674641881,0.5095514674641881,1.0,scale,0.2391662045773793,150,650,750,780
2023-04-18,0.532263994216919,-0.07640005921673554,0,0,0.4497415272532175,0.5502584727467825,0.5502584727467825,1.0,scale,0.2391662045773793,150,650,750,780
2023-04-19,0.4915989935398102,-0.03405419414288602,0,1,0.6790864273184867,0.3209135726815133,0.6790864273184867,1.0,scale,0.2391662045773793,150,650,750,780
2023-04-20,0.4748579859733581,-0.053620182269030314,0,1,0.7388932222984724,0.26110677770152757,0.7388932222984724,0.1,scale,0.2398360420448334,180,680,780,810
2023-04-21,0.449396014213562,0.0517694274534477,1,1,0.843244214524174,0.15675578547582603,0.843244214524174,0.1,scale,0.2398360420448334,180,680,780,810
2023-04-22,0.4726609885692596,-0.016174343410485403,0,1,0.5415587054484708,0.45844129455152915,0.5415587054484708,0.1,scale,0.2398360420448334,180,680,780,810
2023-04-23,0.4650160074234009,-0.00804916996019056,0,1,0.6788788207023397,0.32112117929766026,0.6788788207023397,0.1,scale,0.2398360420448334,180,680,780,810
2023-04-24,0.4612730145454407,0.01890849279553075,1,1,0.636697766709426,0.363302233290574,0.636697766709426,0.1,scale,0.2398360420448334,180,680,780,810
2023-04-25,0.4699949920177459,-0.016932084539309833,0,1,0.5404097356980178,0.45959026430198224,0.5404097356980178,0.1,scale,0.2398360420448334,180,680,780,810
2023-04-26,0.4620369970798492,0.01045590741482405,1,1,0.5998043464220729,0.4001956535779271,0.5998043464220729,0.1,scale,0.2398360420448334,180,680,780,810
2023-04-27,0.4668680131435394,0.02870832455873873,1,1,0.5000253667722677,0.4999746332277323,0.5000253667722677,0.1,scale,0.2398360420448334,180,680,780,810
2023-04-28,0.4802710115909576,-0.0038770178826588175,0,0,0.43746204755453844,0.5625379524454616,0.5625379524454616,0.1,scale,0.2398360420448334,180,680,780,810
2023-04-29,0.4784089922904968,-0.012702502787374281,0,1,0.5107572026625862,0.4892427973374138,0.5107572026625862,0.1,scale,0.2398360420448334,180,680,780,810
2023-04-30,0.4723320007324219,-0.015594966241045394,0,1,0.5312125071060286,0.46878749289397137,0.5312125071060286,0.1,scale,0.2398360420448334,180,680,780,810
2023-05-01,0.4649659991264343,-3.2240138395422946e-05,0,1,0.5820369242746603,0.41796307572533975,0.5820369242746603,0.1,scale,0.2398360420448334,180,680,780,810
2023-05-02,0.4649510085582733,-0.003133675833352778,0,1,0.5722083264519731,0.42779167354802694,0.5722083264519731,0.1,scale,0.2398360420448334,180,680,780,810
2023-05-03,0.4634940028190613,-0.004144601839036088,0,1,0.5332703191949236,0.4667296808050764,0.5332703191949236,0.1,scale,0.2398360420448334,180,680,780,810
2023-05-04,0.4615730047225952,0.013490794701901176,1,1,0.5415589578192935,0.45844104218070647,0.5415589578192935,0.1,scale,0.2398360420448334,180,680,780,810
2023-05-05,0.4677999913692474,-0.017637840362372703,0,0,0.44721491236887445,0.5527850876311255,0.5527850876311255,0.1,scale,0.2398360420448334,180,680,780,810
2023-05-06,0.4595490097999573,-0.01998702197017299,0,1,0.5647048658642589,0.43529513413574106,0.5647048658642589,0.1,scale,0.2398360420448334,180,680,780,810
2023-05-07,0.4503639936447143,-0.04762592024673851,0,1,0.5942732663016931,0.4057267336983069,0.5942732663016931,0.1,scale,0.2398360420448334,180,680,780,810
2023-05-08,0.4289149940013885,0.0022685521309444567,1,1,0.6859261286481526,0.3140738713518474,0.6859261286481526,0.1,scale,0.2398360420448334,180,680,780,810
2023-05-09,0.4298880100250244,0.0022912864147532908,1,1,0.6559702776424344,0.34402972235756557,0.6559702776424344,0.1,scale,0.2398360420448334,180,680,780,810
2023-05-10,0.4308730065822601,-0.02087393021531292,0,1,0.6158748888948137,0.3841251111051863,0.6158748888948137,0.1,scale,0.2398360420448334,180,680,780,810
2023-05-11,0.4218789935111999,0.020951531904342513,1,1,0.680015994064194,0.319984005935806,0.680015994064194,0.1,scale,0.2398360420448334,180,680,780,810
2023-05-12,0.4307180047035217,-0.013500711088145323,0,1,0.5775619811105437,0.4224380188894563,0.5775619811105437,0.1,scale,0.2398360420448334,180,680,780,810
2023-05-13,0.424903005361557,0.0022522372450084482,1,1,0.6493181601978341,0.35068183980216594,0.6493181601978341,0.1,scale,0.2398360420448334,180,680,780,810
2023-05-14,0.4258599877357483,0.003996643687073309,1,1,0.5838669233533597,0.41613307664664034,0.5838669233533597,0.1,scale,0.2398360420448334,180,680,780,810
2023-05-15,0.4275619983673095,0.032416321637182444,1,1,0.5749530951789925,0.4250469048210075,0.5749530951789925,0.1,scale,0.2398360420448334,180,680,780,810
2023-05-16,0.4414219856262207,0.016236190613019508,1,0,0.396554932673296,0.603445067326704,0.603445067326704,0.1,scale,0.2398360420448334,180,680,780,810
2023-05-17,0.4485889971256256,0.02610404667134225,1,0,0.3911462401145483,0.6088537598854518,0.6088537598854518,0.1,scale,0.2398360420448334,180,680,780,810
2023-05-18,0.4602989852428436,0.01669134444250875,1,0,0.37043027025760245,0.6295697297423976,0.6295697297423976,0.1,scale,0.2398360420448334,180,680,780,810
2023-05-19,0.4679819941520691,0.002348424205256716,1,0,0.39541022740918297,0.604589772590817,0.604589772590817,0.1,scale,0.2398360420448334,180,680,780,810
2023-05-20,0.4690810143947601,-0.024582161326989427,0,0,0.4542563860515608,0.5457436139484392,0.5457436139484392,0.1,scale,0.2426536480537396,210,710,810,840
2023-05-21,0.4575499892234802,0.008853677139654348,1,0,0.4767426490594332,0.5232573509405668,0.5232573509405668,0.1,scale,0.2426536480537396,210,710,810,840
2023-05-22,0.4616009891033172,0.008295048040969588,1,0,0.43598833798681536,0.5640116620131846,0.5640116620131846,0.1,scale,0.2426536480537396,210,710,810,840
2023-05-23,0.4654299914836883,-0.025398023299765038,0,0,0.4570869232079425,0.5429130767920576,0.5429130767920576,0.1,scale,0.2426536480537396,210,710,810,840
2023-05-24,0.4536089897155761,0.0002756134583989933,1,1,0.5056906567629436,0.49430934323705644,0.5056906567629436,0.1,scale,0.2426536480537396,210,710,810,840
2023-05-25,0.4537340104579925,0.03395377551094825,1,1,0.5077163515059175,0.49228364849408246,0.5077163515059175,0.1,scale,0.2426536480537396,210,710,810,840
2023-05-26,0.4691399931907654,0.006618524550611626,1,0,0.4041407005089691,0.5958592994910309,0.5958592994910309,0.1,scale,0.2426536480537396,210,710,810,840
2023-05-27,0.4722450077533722,0.02253912412620207,1,0,0.48069585243811114,0.5193041475618889,0.5193041475618889,0.1,scale,0.2426536480537396,210,710,810,840
2023-05-28,0.4828889966011047,0.023322129280964665,1,0,0.4369053171507702,0.5630946828492298,0.5630946828492298,0.1,scale,0.2426536480537396,210,710,810,840
2023-05-29,0.4941509962081909,0.05623186021360893,1,0,0.40632236257204146,0.5936776374279585,0.5936776374279585,0.1,scale,0.2426536480537396,210,710,810,840
2023-05-30,0.5219380259513855,-0.008721354825985683,0,0,0.39475446563501665,0.6052455343649834,0.6052455343649834,0.1,scale,0.2426536480537396,210,710,810,840
2023-05-31,0.5173860192298889,-0.019461315666963963,0,0,0.46994384847697246,0.5300561515230275,0.5300561515230275,0.1,scale,0.2426536480537396,210,710,810,840
2023-06-01,0.5073170065879822,0.035618720236126666,1,0,0.4908614910127381,0.5091385089872619,0.5091385089872619,0.1,scale,0.2426536480537396,210,710,810,840
2023-06-02,0.5253869891166687,-0.011488643014585853,0,0,0.4067734869521315,0.5932265130478684,0.5932265130478684,0.1,scale,0.2426536480537396,210,710,810,840
2023-06-03,0.5193510055541992,0.03188598440263024,1,0,0.49687284617211097,0.503127153827889,0.503127153827889,0.1,scale,0.2426536480537396,210,710,810,840
2023-06-04,0.5359110236167908,-0.04761433396043535,0,0,0.39512748477328424,0.6048725152267158,0.6048725152267158,0.1,scale,0.2426536480537396,210,710,810,840
2023-06-05,0.5103939771652222,0.0393225964295183,1,1,0.5714794400225792,0.4285205599774208,0.5714794400225792,0.1,scale,0.2426536480537396,210,710,810,840
2023-06-06,0.5304639935493469,-0.020427409480467285,0,0,0.4342498219398746,0.5657501780601254,0.5657501780601254,0.1,scale,0.2426536480537396,210,710,810,840
2023-06-07,0.5196279883384705,0.00946453800686875,1,1,0.530167175701312,0.469832824298688,0.530167175701312,0.1,scale,0.2426536480537396,210,710,810,840
2023-06-08,0.5245460271835327,0.02549059579188362,1,0,0.4951655706283849,0.5048344293716152,0.5048344293716152,0.1,scale,0.2426536480537396,210,710,810,840
2023-06-09,0.5379170179367065,-0.055246516524003475,0,0,0.4109332484665263,0.5890667515334738,0.5890667515334738,0.1,scale,0.2426536480537396,210,710,810,840
2023-06-10,0.5081989765167236,0.02562383271070079,1,1,0.6088600620503345,0.3911399379496655,0.6088600620503345,0.1,scale,0.2426536480537396,210,710,810,840
2023-06-11,0.5212209820747375,0.008633634535087031,1,1,0.5010757401297187,0.49892425987028133,0.5010757401297187,0.1,scale,0.2426536480537396,210,710,810,840
2023-06-12,0.52572101354599,-0.010718656800604576,0,0,0.4568597483622601,0.5431402516377399,0.5431402516377399,0.1,scale,0.2426536480537396,210,710,810,840
2023-06-13,0.5200859904289246,-0.07665270964329651,0,1,0.5247262640649338,0.47527373593506617,0.5247262640649338,0.1,scale,0.2426536480537396,210,710,810,840
2023-06-14,0.4802199900150299,-0.0002123683922601316,0,1,0.724947242295571,0.27505275770442905,0.724947242295571,0.1,scale,0.2426536480537396,210,710,810,840
2023-06-15,0.4801180064678192,-0.009112365439119086,0,1,0.6201296670952842,0.37987033290471584,0.6201296670952842,0.1,scale,0.2426536480537396,210,710,810,840
2023-06-16,0.4757429957389831,0.008506707203015829,1,1,0.6416844236273529,0.3583155763726471,0.6416844236273529,0.1,scale,0.2426536480537396,210,710,810,840
2023-06-17,0.4797900021076202,0.01622167128670271,1,1,0.5475420290239915,0.4524579709760085,0.5475420290239915,0.1,scale,0.2426536480537396,210,710,810,840
2023-06-18,0.4875729978084564,0.011940782024218999,1,0,0.4952773727568317,0.5047226272431683,0.5047226272431683,0.1,scale,0.2426536480537396,210,710,810,840
2023-06-19,0.4933950006961822,-0.0010640515417481566,0,0,0.4773444563632593,0.5226555436367407,0.5226555436367407,1.0,scale,0.24533169138550764,240,740,840,870
2023-06-20,0.4928700029850006,0.01587637130620534,1,0,0.4935617001540498,0.5064382998459502,0.5064382998459502,1.0,scale,0.24533169138550764,240,740,840,870
2023-06-21,0.500694990158081,-0.011424099802530119,0,0,0.43503531635180376,0.5649646836481963,0.5649646836481963,1.0,scale,0.24533169138550764,240,740,840,870
2023-06-22,0.4949750006198883,0.0032142976487188335,1,0,0.47092905294108206,0.5290709470589179,0.5290709470589179,1.0,scale,0.24533169138550764,240,740,840,870
2023-06-23,0.4965659976005554,-0.018633968691614933,0,0,0.4263559288501035,0.5736440711498965,0.5736440711498965,1.0,scale,0.24533169138550764,240,740,840,870
2023-06-24,0.4873130023479461,0.006082312515338861,1,0,0.46393356591876,0.53606643408124,0.53606643408124,1.0,scale,0.24533169138550764,240,740,840,870
2023-06-25,0.4902769923210144,-0.022324099387233676,0,0,0.42988601997403403,0.570113980025966,0.570113980025966,1.0,scale,0.24533169138550764,240,740,840,870
2023-06-26,0.4793320000171661,0.009404731357740781,1,1,0.5643916482301027,0.4356083517698973,0.5643916482301027,1.0,scale,0.24533169138550764,240,740,840,870
2023-06-27,0.4838399887084961,-0.03847963803580623,0,0,0.4315028702558449,0.5684971297441551,0.5684971297441551,1.0,scale,0.24533169138550764,240,740,840,870
2023-06-28,0.4652220010757446,0.02042035174302037,1,1,0.5516882692831983,0.44831173071680175,0.5516882692831983,1.0,scale,0.24533169138550764,240,740,840,870
2023-06-29,0.4747219979763031,-0.001442963214262849,0,0,0.42846557171396704,0.571534428286033,0.571534428286033,1.0,scale,0.24533169138550764,240,740,840,870
2023-06-30,0.4740369915962219,-0.0010863796285714988,0,1,0.5430823881021172,0.4569176118978828,0.5430823881021172,1.0,scale,0.24533169138550764,240,740,840,870
2023-07-01,0.4735220074653625,0.02316889132079658,1,0,0.4612856011864199,0.5387143988135801,0.5387143988135801,1.0,scale,0.24533169138550764,240,740,840,870
2023-07-02,0.4844929873943329,0.01043157893636093,1,0,0.4638179093623279,0.5361820906376721,0.5361820906376721,1.0,scale,0.24533169138550764,240,740,840,870
2023-07-03,0.4895470142364502,-0.0034828537740789756,0,0,0.4324019487304934,0.5675980512695066,0.5675980512695066,1.0,scale,0.24533169138550764,240,740,840,870
2023-07-04,0.4878419935703277,-0.019617012643392884,0,0,0.45131493536655665,0.5486850646334434,0.5486850646334434,1.0,scale,0.24533169138550764,240,740,840,870
2023-07-05,0.4782719910144806,-0.03038644030197879,0,0,0.46378680949445056,0.5362131905055494,0.5362131905055494,1.0,scale,0.24533169138550764,240,740,840,870
2023-07-06,0.4637390077114105,0.01083795577506863,1,1,0.5054852783239558,0.49451472167604416,0.5054852783239558,1.0,scale,0.24533169138550764,240,740,840,870
2023-07-07,0.468764990568161,0.0040084192762441795,1,0,0.4117121081169356,0.5882878918830644,0.5882878918830644,1.0,scale,0.24533169138550764,240,740,840,870
2023-07-08,0.4706439971923828,-0.004449224021592424,0,0,0.4267827270040718,0.5732172729959282,0.5732172729959282,1.0,scale,0.24533169138550764,240,740,840,870
2023-07-09,0.4685499966144562,0.0194514935158403,1,0,0.4359293903260385,0.5640706096739615,0.5640706096739615,1.0,scale,0.24533169138550764,240,740,840,870
2023-07-10,0.4776639938354492,-0.004071876865515356,0,1,0.7199832482067692,0.2800167517932308,0.7199832482067692,1.0,scale,0.24533169138550764,240,740,840,870
2023-07-11,0.475719004869461,-0.009698993533649336,0,0,0.44260681558980874,0.5573931844101913,0.5573931844101913,1.0,scale,0.24533169138550764,240,740,840,870
2023-07-12,0.471105009317398,0.7307500458163927,1,0,0.4693187282027527,0.5306812717972473,0.5306812717972473,1.0,scale,0.24533169138550764,240,740,840,870
2023-07-13,0.8153650164604187,-0.11799382362949673,0,1,0.6232869100415386,0.3767130899584614,0.6232869100415386,1.0,scale,0.24533169138550764,240,740,840,870
2023-07-14,0.7191569805145264,-0.008173419445869134,0,1,0.6467225647707797,0.3532774352292203,0.6467225647707797,1.0,scale,0.24533169138550764,240,740,840,870
2023-07-15,0.7132790088653564,0.04707977948390041,1,1,0.6393940139521977,0.36060598604780225,0.6393940139521977,1.0,scale,0.24533169138550764,240,740,840,870
2023-07-16,0.7468600273132324,-0.010249610701541734,0,1,0.6415212864807524,0.35847871351924765,0.6415212864807524,1.0,scale,0.24533169138550764,240,740,840,870
2023-07-17,0.739205002784729,0.05456537687023233,1,1,0.644695816810573,0.355304183189427,0.644695816810573,1.0,scale,0.24533169138550764,240,740,840,870
2023-07-18,0.7795400023460388,0.05279270705969519,1,1,0.6392724074654345,0.36072759253456554,0.6392724074654345,1.0,scale,0.24533169138550764,240,740,840,870
2023-07-19,0.8206940293312073,-0.03245546268886956,0,1,0.6075853767399748,0.3924146232600252,0.6075853767399748,10.0,scale,0.24108827815020487,270,770,870,900
2023-07-20,0.7940580248832703,-0.027146655669387454,0,0,0.45527553556941897,0.5447244644305811,0.5447244644305811,10.0,scale,0.24108827815020487,270,770,870,900
2023-07-21,0.7725020051002502,-0.0507636588993593,0,0,0.46683661683588473,0.5331633831641153,0.5331633831641153,10.0,scale,0.24108827815020487,270,770,870,900
2023-07-22,0.73328697681427,0.007358658563607401,1,0,0.4978849974811747,0.5021150025188252,0.5021150025188252,10.0,scale,0.24108827815020487,270,770,870,900
2023-07-23,0.7386829853057861,-0.048624373479187244,0,0,0.4610118122249605,0.5389881877750395,0.5389881877750395,10.0,scale,0.24108827815020487,270,770,870,900
2023-07-24,0.7027649879455566,0.009725845685148338,1,1,0.5335132206065,0.46648677939350003,0.5335132206065,10.0,scale,0.24108827815020487,270,770,870,900
2023-07-25,0.7095999717712402,0.008735911094326587,1,0,0.4935968361622645,0.5064031638377355,0.5064031638377355,10.0,scale,0.24108827815020487,270,770,870,900
2023-07-26,0.7157989740371704,-0.003007798910061088,0,0,0.4976318978027767,0.5023681021972233,0.5023681021972233,10.0,scale,0.24108827815020487,270,770,870,900
2023-07-27,0.7136459946632385,-0.0015105663220549292,0,0,0.4597994290399601,0.5402005709600399,0.5402005709600399,10.0,scale,0.24108827815020487,270,770,870,900
2023-07-28,0.7125679850578308,0.00023998513748368921,1,0,0.38090963203491235,0.6190903679650877,0.6190903679650877,10.0,scale,0.24108827815020487,270,770,870,900
2023-07-29,0.7127389907836914,-0.010667284618812056,0,0,0.3912762698993664,0.6087237301006336,0.6087237301006336,10.0,scale,0.24108827815020487,270,770,870,900
2023-07-30,0.7051360011100769,-0.009381145015151415,0,1,0.6932256839350801,0.3067743160649199,0.6932256839350801,10.0,scale,0.24108827815020487,270,770,870,900
2023-07-31,0.6985210180282593,0.012440569941492674,1,1,0.5004744473733231,0.49952555262667686,0.5004744473733231,10.0,scale,0.24108827815020487,270,770,870,900
2023-08-01,0.7072110176086426,-0.031130720928523425,0,0,0.49613537889607157,0.5038646211039284,0.5038646211039284,10.0,scale,0.24108827815020487,270,770,870,900
2023-08-02,0.6851950287818909,-0.030735846947523293,0,1,0.5251565877638197,0.4748434122361803,0.5251565877638197,10.0,scale,0.24108827815020487,270,770,870,900
2023-08-03,0.6641349792480469,-0.043057488124572774,0,1,0.6456571334084756,0.35434286659152436,0.6456571334084756,10.0,scale,0.24108827815020487,270,770,870,900
2023-08-04,0.6355389952659607,-0.011196826282581784,0,1,0.6280095009897776,0.3719904990102224,0.6280095009897776,10.0,scale,0.24108827815020487,270,770,870,900
2023-08-05,0.6284229755401611,-0.0084910749955327,0,1,0.5985811404020257,0.4014188595979743,0.5985811404020257,10.0,scale,0.24108827815020487,270,770,870,900
2023-08-06,0.6230869889259338,-0.0018552345038796991,0,1,0.5913530818426557,0.40864691815734433,0.5913530818426557,10.0,scale,0.24108827815020487,270,770,870,900
2023-08-07,0.6219310164451599,0.03292160995243454,1,1,0.7600945624212604,0.2399054375787396,0.7600945624212604,10.0,scale,0.24108827815020487,270,770,870,900
2023-08-08,0.6424059867858887,0.0014928857360658743,1,1,0.5517020691730667,0.44829793082693326,0.5517020691730667,10.0,scale,0.24108827815020487,270,770,870,900
2023-08-09,0.6433650255203247,-0.016132391391635692,0,1,0.6198610791208494,0.3801389208791506,0.6198610791208494,10.0,scale,0.24108827815020487,270,770,870,900
2023-08-10,0.6329860091209412,-0.0020711423995853906,0,1,0.5480609081230536,0.45193909187694636,0.5480609081230536,10.0,scale,0.24108827815020487,270,770,870,900
2023-08-11,0.6316750049591064,-0.00707640906351048,0,1,0.5554639272558817,0.4445360727441183,0.5554639272558817,10.0,scale,0.24108827815020487,270,770,870,900
2023-08-12,0.6272050142288208,-0.0017586650795029524,0,0,0.48168692431499616,0.5183130756850038,0.5183130756850038,10.0,scale,0.24108827815020487,270,770,870,900
2023-08-13,0.6261019706726074,0.013064999988576131,1,1,0.5856637296094903,0.4143362703905097,0.5856637296094903,10.0,scale,0.24108827815020487,270,770,870,900
2023-08-14,0.6342819929122925,-0.03891486583734638,0,1,0.5879861456233715,0.4120138543766285,0.5879861456233715,10.0,scale,0.24108827815020487,270,770,870,900
2023-08-15,0.6095989942550659,-0.034893414477655704,0,1,0.7076319740999505,0.2923680259000495,0.7076319740999505,10.0,scale,0.24108827815020487,270,770,870,900
2023-08-16,0.5883280038833618,-0.13799444526957383,0,1,0.7132581483716269,0.28674185162837307,0.7132581483716269,10.0,scale,0.24108827815020487,270,770,870,900
2023-08-17,0.5071420073509216,-0.0020546678935281504,0,1,0.842940983757864,0.15705901624213603,0.842940983757864,10.0,scale,0.24108827815020487,270,770,870,900
2023-08-18,0.5060999989509583,0.026731876495784013,1,1,0.6036002319357988,0.3963997680642012,0.6036002319357988,1.0,0.01,0.25212464379214244,300,800,900,930
2023-08-19,0.5196290016174316,0.03833124109306696,1,1,0.5270603189187822,0.47293968108121776,0.5270603189187822,1.0,0.01,0.25212464379214244,300,800,900,930
2023-08-20,0.5395470261573792,-0.027817863639773233,0,1,0.5128410768257838,0.48715892317421616,0.5128410768257838,1.0,0.01,0.25212464379214244,300,800,900,930
2023-08-21,0.524537980556488,-0.006878412033607506,0,1,0.5676685602387558,0.4323314397612442,0.5676685602387558,1.0,0.01,0.25212464379214244,300,800,900,930
2023-08-22,0.5209299921989441,0.017223022842173474,1,1,0.5360688289267687,0.46393117107323134,0.5360688289267687,1.0,0.01,0.25212464379214244,300,800,900,930
2023-08-23,0.5299019813537598,-0.021681319373518027,0,0,0.49558850035763297,0.504411499642367,0.504411499642367,1.0,0.01,0.25212464379214244,300,800,900,930
2023-08-24,0.5184130072593689,0.015109582298508561,1,1,0.5315525037102213,0.46844749628977866,0.5315525037102213,1.0,0.01,0.25212464379214244,300,800,900,930
2023-08-25,0.5262460112571716,-0.005275150151042962,0,0,0.4993270114873391,0.5006729885126608,0.5006729885126608,1.0,0.01,0.25212464379214244,300,800,900,930
2023-08-26,0.5234699845314026,0.0007144996982022533,1,0,0.48931708851040734,0.5106829114895927,0.5106829114895927,1.0,0.01,0.25212464379214244,300,800,900,930
2023-08-27,0.5238440036773682,-0.0011377181735885422,0,1,0.5047270531979934,0.4952729468020066,0.5047270531979934,1.0,0.01,0.25212464379214244,300,800,900,930
2023-08-28,0.523248016834259,0.03213958418411944,1,1,0.528434973981154,0.471565026018846,0.528434973981154,1.0,0.01,0.25212464379214244,300,800,900,930
2023-08-29,0.5400649905204773,-0.021980651349601255,0,0,0.48994462162131164,0.5100553783786883,0.5100553783786883,1.0,0.01,0.25212464379214244,300,800,900,930
2023-08-30,0.528194010257721,-0.03293301172189078,0,1,0.5010259083077879,0.4989740916922121,0.5010259083077879,1.0,0.01,0.25212464379214244,300,800,900,930
2023-08-31,0.510798990726471,-0.02490995981812849,0,1,0.5417166351399362,0.4582833648600638,0.5417166351399362,1.0,0.01,0.25212464379214244,300,800,900,930
2023-09-01,0.498075008392334,0.0020398352766148875,1,1,0.5482932234502442,0.4517067765497558,0.5482932234502442,1.0,0.01,0.25212464379214244,300,800,900,930
2023-09-02,0.4990909993648529,0.011937684495138212,1,0,0.485951171098217,0.514048828901783,0.514048828901783,1.0,0.01,0.25212464379214244,300,800,900,930
2023-09-03,0.5050489902496338,0.006585497342480817,1,0,0.47580097704137825,0.5241990229586218,0.5241990229586218,1.0,0.01,0.25212464379214244,300,800,900,930
2023-09-04,0.5083749890327454,-0.005830263554832182,0,0,0.49249271635260056,0.5075072836473995,0.5075072836473995,1.0,0.01,0.25212464379214244,300,800,900,930
2023-09-05,0.5054110288619995,-0.004289577434225866,0,0,0.4767265014274908,0.5232734985725092,0.5232734985725092,1.0,0.01,0.25212464379214244,300,800,900,930
2023-09-06,0.5032430291175842,0.0032071473976660325,1,0,0.4837373390702577,0.5162626609297423,0.5162626609297423,1.0,0.01,0.25212464379214244,300,800,900,930
2023-09-07,0.5048570036888123,-1.3931366767416797e-05,0,0,0.460549610177844,0.539450389822156,0.539450389822156,1.0,0.01,0.25212464379214244,300,800,900,930
2023-09-08,0.5048499703407288,-0.001970843604415906,0,0,0.4657671236661151,0.5342328763338848,0.5342328763338848,1.0,0.01,0.25212464379214244,300,800,900,930
2023-09-09,0.5038549900054932,-0.011989541579343732,0,0,0.44162896204251423,0.5583710379574858,0.5583710379574858,1.0,0.01,0.25212464379214244,300,800,900,930
2023-09-10,0.4978139996528625,-0.04708586623000921,0,1,0.5117499477132778,0.48825005228672225,0.5117499477132778,1.0,0.01,0.25212464379214244,300,800,900,930
2023-09-11,0.474373996257782,0.013415612523441478,1,1,0.6407631135140759,0.3592368864859241,0.6407631135140759,1.0,0.01,0.25212464379214244,300,800,900,930
2023-09-12,0.4807380139827728,0.006317319979410874,1,0,0.47649950656040185,0.5235004934395981,0.5235004934395981,1.0,0.01,0.25212464379214244,300,800,900,930
2023-09-13,0.4837749898433685,0.011745173890263416,1,0,0.47762271753595215,0.5223772824640478,0.5223772824640478,1.0,0.01,0.25212464379214244,300,800,900,930
2023-09-14,0.4894570112228393,0.023327860671435108,1,0,0.44839028257942753,0.5516097174205725,0.5516097174205725,1.0,0.01,0.25212464379214244,300,800,900,930
2023-09-15,0.5008749961853027,-0.0019865438385547884,0,0,0.44006297556456697,0.559937024435433,0.559937024435433,1.0,0.01,0.25212464379214244,300,800,900,930
2023-09-16,0.4998799860477447,-0.013681238552787911,0,0,0.4419643680142468,0.5580356319857531,0.5580356319857531,1.0,0.01,0.25212464379214244,300,800,900,930
2023-09-17,0.4930410087108612,0.020610792826349478,1,0,0.48478293517188004,0.51521706482812,0.51521706482812,1.0,0.01,0.2607743084568874,330,830,930,960
2023-09-18,0.5032029747962952,0.02175663278390072,1,0,0.49269048075454025,0.5073095192454598,0.5073095192454598,1.0,0.01,0.2607743084568874,330,830,930,960
2023-09-19,0.5141509771347046,0.014011441195025842,1,0,0.4170994976868281,0.5829005023131719,0.5829005023131719,1.0,0.01,0.2607743084568874,330,830,930,960
2023-09-20,0.5213549733161926,-0.02719059413722713,0,0,0.4237416802020714,0.5762583197979285,0.5762583197979285,1.0,0.01,0.2607743084568874,330,830,930,960
2023-09-21,0.5071790218353271,0.01051104165305361,1,1,0.5064315570755555,0.49356844292444446,0.5064315570755555,1.0,0.01,0.2607743084568874,330,830,930,960
2023-09-22,0.5125100016593933,-0.008733509170388176,0,0,0.42978470255729834,0.5702152974427017,0.5702152974427017,1.0,0.01,0.2607743084568874,330,830,930,960
2023-09-23,0.5080339908599854,-0.01111341066401228,0,0,0.4601366728092114,0.5398633271907887,0.5398633271907887,1.0,0.01,0.2607743084568874,330,830,930,960
2023-09-24,0.5023880004882812,0.006116740573129498,1,0,0.49952606326647175,0.5004739367335282,0.5004739367335282,1.0,0.01,0.2607743084568874,330,830,930,960
2023-09-25,0.5054609775543213,-0.007424918292291194,0,1,0.5391745321682291,0.4608254678317709,0.5391745321682291,1.0,0.01,0.2607743084568874,330,830,930,960
2023-09-26,0.5017079710960388,-0.004207543473454534,0,0,0.4784533424709345,0.5215466575290655,0.5215466575290655,1.0,0.01,0.2607743084568874,330,830,930,960
2023-09-27,0.4995970129966736,0.01987199241408244,1,0,0.47325233024491026,0.5267476697550897,0.5267476697550897,1.0,0.01,0.2607743084568874,330,830,930,960
2023-09-28,0.5095250010490417,0.023932050061701515,1,0,0.4345375081267173,0.5654624918732827,0.5654624918732827,1.0,0.01,0.2607743084568874,330,830,930,960
2023-09-29,0.5217189788818359,-0.012102261718050289,0,0,0.49481621383258384,0.5051837861674162,0.5051837861674162,1.0,0.01,0.2607743084568874,330,830,930,960
2023-09-30,0.515404999256134,0.017072043322002628,1,0,0.4257691695885324,0.5742308304114676,0.5742308304114676,1.0,0.01,0.2607743084568874,330,830,930,960
2023-10-01,0.5242040157318115,-0.021693900542645972,0,0,0.42373567061317313,0.5762643293868268,0.5762643293868268,1.0,0.01,0.2607743084568874,330,830,930,960
2023-10-02,0.51283198595047,0.049831163637204634,1,1,0.5455860283873616,0.4544139716126384,0.5455860283873616,1.0,0.01,0.2607743084568874,330,830,930,960
2023-10-03,0.5383870005607605,-0.0101339199469479,0,0,0.40019344196802054,0.5998065580319795,0.5998065580319795,1.0,0.01,0.2607743084568874,330,830,930,960
2023-10-04,0.5329310297966003,-0.017948017352229284,0,0,0.4848748865559505,0.5151251134440495,0.5151251134440495,1.0,0.01,0.2607743084568874,330,830,930,960
2023-10-05,0.5233659744262695,0.005401666214155165,1,0,0.46516605949827766,0.5348339405017224,0.5348339405017224,1.0,0.01,0.2607743084568874,330,830,930,960
2023-10-06,0.5261930227279663,-0.00814720888657905,0,0,0.45728959285438214,0.5427104071456179,0.5427104071456179,1.0,0.01,0.2607743084568874,330,830,930,960
2023-10-07,0.5219060182571411,-0.007558818793233946,0,0,0.45750327541765595,0.542496724582344,0.542496724582344,1.0,0.01,0.2607743084568874,330,830,930,960
2023-10-08,0.5179610252380371,-0.02844621323221419,0,0,0.4976653484434798,0.5023346515565201,0.5023346515565201,1.0,0.01,0.2607743084568874,330,830,930,960
2023-10-09,0.5032269954681396,-0.01150774605614191,0,1,0.6471076750821343,0.3528923249178657,0.6471076750821343,1.0,0.01,0.2607743084568874,330,830,930,960
2023-10-10,0.497435986995697,-0.017284635683680327,0,0,0.4913372100542852,0.5086627899457148,0.5086627899457148,1.0,0.01,0.2607743084568874,330,830,930,960
2023-10-11,0.4888379871845245,-0.011840320493948564,0,1,0.5390607577401616,0.4609392422598384,0.5390607577401616,1.0,0.01,0.2607743084568874,330,830,930,960
2023-10-12,0.483049988746643,0.005483923588583517,1,1,0.5191335207939309,0.48086647920606906,0.5191335207939309,1.0,0.01,0.2607743084568874,330,830,930,960
2023-10-13,0.4856989979743957,0.0022153903020085686,1,0,0.47354901130276095,0.526450988697239,0.526450988697239,1.0,0.01,0.2607743084568874,330,830,930,960
2023-10-14,0.4867750108242035,0.0022001463376495334,1,0,0.44593042300712865,0.5540695769928714,0.5540695769928714,1.0,0.01,0.2607743084568874,330,830,930,960
2023-10-15,0.4878459870815277,0.02076680292704758,1,0,0.47483295783353036,0.5251670421664696,0.5251670421664696,1.0,0.01,0.2607743084568874,330,830,930,960
2023-10-16,0.4979769885540008,-0.012617019169224863,0,1,0.5599615028099745,0.4400384971900255,0.5599615028099745,1.0,0.01,0.2607743084568874,330,830,930,960
2023-10-17,0.4916940033435821,-0.006864012532523223,0,0,0.45474401126799313,0.5452559887320069,0.5452559887320069,1.0,0.01,0.25737925713759624,360,860,960,990
2023-10-18,0.4883190095424652,0.06513772402976414,1,0,0.46096689072889263,0.5390331092711074,0.5390331092711074,1.0,0.01,0.25737925713759624,360,860,960,990
2023-10-19,0.52012699842453,-0.007926857288492739,0,0,0.41072938086263566,0.5892706191373643,0.5892706191373643,1.0,0.01,0.25737925713759624,360,860,960,990
2023-10-20,0.5160040259361267,0.010152925150203052,1,0,0.4503932658554446,0.5496067341445554,0.5496067341445554,1.0,0.01,0.25737925713759624,360,860,960,990
2023-10-21,0.5212429761886597,0.002386619288768932,1,0,0.4105116914601417,0.5894883085398583,0.5894883085398583,1.0,0.01,0.25737925713759624,360,860,960,990
2023-10-22,0.5224869847297668,0.04666720739978447,1,0,0.44299115148451607,0.5570088485154839,0.5570088485154839,1.0,0.01,0.25737925713759624,360,860,960,990
2023-10-23,0.5468699932098389,0.02132500689921568,1,0,0.47336310346668187,0.5266368965333181,0.5266368965333181,1.0,0.01,0.25737925713759624,360,860,960,990
2023-10-24,0.5585319995880127,-0.005775823393391999,0,0,0.4277203875504688,0.5722796124495312,0.5722796124495312,1.0,0.01,0.25737925713759624,360,860,960,990
2023-10-25,0.5553060173988342,-0.0029227748779609986,0,0,0.42577565381756,0.57422434618244,0.57422434618244,1.0,0.01,0.25737925713759624,360,860,960,990
2023-10-26,0.5536829829216003,-0.013682899787808678,0,0,0.44485937636213024,0.5551406236378698,0.5551406236378698,1.0,0.01,0.25737925713759624,360,860,960,990
2023-10-27,0.5461069941520691,-0.0013110452726460275,0,0,0.4613424719052564,0.5386575280947437,0.5386575280947437,1.0,0.01,0.25737925713759624,360,860,960,990
2023-10-28,0.5453910231590271,0.0201744388038525,1,0,0.44493301989262457,0.5550669801073754,0.5550669801073754,1.0,0.01,0.25737925713759624,360,860,960,990
2023-10-29,0.5563939809799194,0.04052891874247844,1,0,0.4369705433274683,0.5630294566725317,0.5630294566725317,1.0,0.01,0.25737925713759624,360,860,960,990
2023-10-30,0.5789440274238586,0.03685673395298639,1,0,0.4449830386017423,0.5550169613982576,0.5550169613982576,1.0,0.01,0.25737925713759624,360,860,960,990
2023-10-31,0.6002820134162903,0.015419428002670266,1,0,0.4006748149048919,0.5993251850951081,0.5993251850951081,1.0,0.01,0.25737925713759624,360,860,960,990
2023-11-01,0.6095380187034607,-0.00508421821234184,0,0,0.39770069857081614,0.6022993014291839,0.6022993014291839,1.0,0.01,0.25737925713759624,360,860,960,990
2023-11-02,0.6064389944076538,0.010822206177529825,1,0,0.43370245848153116,0.5662975415184688,0.5662975415184688,1.0,0.01,0.25737925713759624,360,860,960,990
2023-11-03,0.6130020022392273,0.005190837794510905,1,0,0.41331487989620463,0.5866851201037954,0.5866851201037954,1.0,0.01,0.25737925713759624,360,860,960,990
2023-11-04,0.6161839962005615,0.07297009088541806,1,0,0.41803419992799784,0.5819658000720022,0.5819658000720022,1.0,0.01,0.25737925713759624,360,860,960,990
2023-11-05,0.6611469984054565,0.08223585101106123,1,0,0.41084232848018215,0.5891576715198179,0.5891576715198179,1.0,0.01,0.25737925713759624,360,860,960,990
2023-11-06,0.715516984462738,-0.04069080435037764,0,0,0.3659901584453483,0.6340098415546517,0.6340098415546517,1.0,0.01,0.25737925713759624,360,860,960,990
2023-11-07,0.6864020228385925,0.0024387988275356154,1,0,0.4680659021096497,0.5319340978903503,0.5319340978903503,1.0,0.01,0.25737925713759624,360,860,960,990
2023-11-08,0.6880760192871094,-0.029940055440055402,0,0,0.4349444738946624,0.5650555261053376,0.5650555261053376,1.0,0.01,0.25737925713759624,360,860,960,990
2023-11-09,0.6674749851226807,-0.010337484770107652,0,1,0.5438473628239451,0.4561526371760549,0.5438473628239451,1.0,0.01,0.25737925713759624,360,860,960,990
2023-11-10,0.6605749726295471,0.00326989790941834,1,0,0.4828880483864607,0.5171119516135393,0.5171119516135393,1.0,0.01,0.25737925713759624,360,860,960,990
2023-11-11,0.6627349853515625,-0.0018091802316211325,0,0,0.48085168104580156,0.5191483189541984,0.5191483189541984,1.0,0.01,0.25737925713759624,360,860,960,990
2023-11-12,0.6615359783172607,0.01509821121908339,1,0,0.46648876096112596,0.5335112390388741,0.5335112390388741,1.0,0.01,0.25737925713759624,360,860,960,990
2023-11-13,0.6715239882469177,-0.062322396264329116,0,1,0.5204412740610861,0.4795587259389139,0.5204412740610861,1.0,0.01,0.25737925713759624,360,860,960,990
2023-11-14,0.6296730041503906,0.03172282509920343,1,1,0.5439186597967541,0.45608134020324587,0.5439186597967541,1.0,0.01,0.25737925713759624,360,860,960,990
2023-11-15,0.6496480107307434,-0.05769277526002847,0,0,0.42737338674354636,0.5726266132564537,0.5726266132564537,1.0,0.01,0.25737925713759624,360,860,960,990
2023-11-16,0.61216801404953,0.0025303600855850483,1,0,0.4761153336665891,0.5238846663334109,0.5238846663334109,0.1,scale,0.25146857071480755,390,890,990,1020
2023-11-17,0.6137170195579529,-0.00411918150922308,0,0,0.48385297649059145,0.5161470235094086,0.5161470235094086,0.1,scale,0.25146857071480755,390,890,990,1020
2023-11-18,0.6111890077590942,0.026685651035444513,1,0,0.4831285400123762,0.5168714599876238,0.5168714599876238,0.1,scale,0.25146857071480755,390,890,990,1020
2023-11-19,0.627498984336853,-0.023357744522395474,0,0,0.4884002798743327,0.5115997201256672,0.5115997201256672,0.1,scale,0.25146857071480755,390,890,990,1020
2023-11-20,0.6128420233726501,-0.05283587486722874,0,0,0.4821639422154345,0.5178360577845655,0.5178360577845655,0.1,scale,0.25146857071480755,390,890,990,1020
2023-11-21,0.5804619789123535,0.05415865382640672,1,0,0.4763196319572621,0.5236803680427379,0.5236803680427379,0.1,scale,0.25146857071480755,390,890,990,1020
2023-11-22,0.6118990182876587,0.013634572191091321,1,0,0.48947943742554956,0.5105205625744504,0.5105205625744504,0.1,scale,0.25146857071480755,390,890,990,1020
2023-11-23,0.6202419996261597,0.002642530694505707,1,0,0.4891610796913501,0.5108389203086499,0.5108389203086499,0.1,scale,0.25146857071480755,390,890,990,1020
2023-11-24,0.6218810081481934,0.0025133628129268004,1,0,0.48900637716456336,0.5109936228354366,0.5109936228354366,0.1,scale,0.25146857071480755,390,890,990,1020
2023-11-25,0.6234440207481384,-0.010626449916369185,0,0,0.4882787890403726,0.5117212109596274,0.5117212109596274,0.1,scale,0.25146857071480755,390,890,990,1020
2023-11-26,0.6168190240859985,-0.020534461689445838,0,0,0.4823697122946598,0.5176302877053403,0.5176302877053403,0.1,scale,0.25146857071480755,390,890,990,1020
2023-11-27,0.6041529774665833,0.01203176202063827,1,0,0.48367675603187144,0.5163232439681286,0.5163232439681286,0.1,scale,0.25146857071480755,390,890,990,1020
2023-11-28,0.6114220023155212,-0.003375720257801751,0,0,0.4887343452553032,0.5112656547446968,0.5112656547446968,0.1,scale,0.25146857071480755,390,890,990,1020
2023-11-29,0.609358012676239,-0.00492324859676363,0,0,0.4874759040414316,0.5125240959585684,0.5125240959585684,0.1,scale,0.25146857071480755,390,890,990,1020
2023-11-30,0.606357991695404,0.010813723662019381,1,0,0.48787138748262665,0.5121286125173734,0.5121286125173734,0.1,scale,0.25146857071480755,390,890,990,1020
2023-12-01,0.6129149794578552,0.01315189224319302,1,0,0.4895890884983222,0.5104109115016777,0.5104109115016777,0.1,scale,0.25146857071480755,390,890,990,1020
2023-12-02,0.6209759712219238,0.004423680449918255,1,0,0.4901291271798991,0.5098708728201009,0.5098708728201009,0.1,scale,0.25146857071480755,390,890,990,1020
2023-12-03,0.6237229704856873,0.0010437356984462909,1,0,0.48882078613935237,0.5111792138606477,0.5111792138606477,0.1,scale,0.25146857071480755,390,890,990,1020
2023-12-04,0.6243739724159241,-0.0038069710366055443,0,0,0.4860493481951734,0.5139506518048266,0.5139506518048266,0.1,scale,0.25146857071480755,390,890,990,1020
2023-12-05,0.6219969987869263,0.029479238797099683,1,0,0.48649936615872114,0.5135006338412789,0.5135006338412789,0.1,scale,0.25146857071480755,390,890,990,1020
2023-12-06,0.6403329968452454,0.005152003559525387,1,0,0.49048621971312634,0.5095137802868737,0.5095137802868737,0.1,scale,0.25146857071480755,390,890,990,1020
2023-12-07,0.6436319947242737,0.04584300957747911,1,0,0.48926386219810675,0.5107361378018933,0.5107361378018933,0.1,scale,0.25146857071480755,390,890,990,1020
2023-12-08,0.6731380224227905,-0.021279453754420086,0,0,0.49048957823119943,0.5095104217688006,0.5095104217688006,0.1,scale,0.25146857071480755,390,890,990,1020
2023-12-09,0.658814013004303,0.00419539738525021,1,0,0.4872835622971115,0.5127164377028886,0.5127164377028886,0.1,scale,0.25146857071480755,390,890,990,1020
2023-12-10,0.6615779995918274,-0.06252776604795363,0,0,0.4869136865609344,0.5130863134390655,0.5130863134390655,0.1,scale,0.25146857071480755,390,890,990,1020
2023-12-11,0.6202110052108765,-0.0010674250923605744,0,0,0.4771015960330183,0.5228984039669817,0.5228984039669817,0.1,scale,0.25146857071480755,390,890,990,1020
2023-12-12,0.6195489764213562,0.014425011691496126,1,0,0.4850186483249079,0.5149813516750921,0.5149813516750921,0.1,scale,0.25146857071480755,390,890,990,1020
2023-12-13,0.6284859776496887,0.006278590833198594,1,0,0.4867158123608039,0.513284187639196,0.513284187639196,0.1,scale,0.25146857071480755,390,890,990,1020
2023-12-14,0.6324319839477539,-0.026785485400804943,0,0,0.48767703339041535,0.5123229666095847,0.5123229666095847,0.1,scale,0.25146857071480755,390,890,990,1020
2023-12-15,0.6154919862747192,0.00705619721095041,1,0,0.484032364358496,0.5159676356415039,0.5159676356415039,0.1,scale,0.25146857071480755,390,890,990,1020
2023-12-16,0.6198350191116333,-0.015192748299709624,0,0,0.4931445203984206,0.5068554796015794,0.5068554796015794,0.1,scale,0.25148859239306104,420,920,1020,1050
2023-12-17,0.6104180216789246,0.0034598771715774745,1,0,0.48469138123344135,0.5153086187665586,0.5153086187665586,0.1,scale,0.25148859239306104,420,920,1020,1050
2023-12-18,0.612529993057251,-0.011548819700934576,0,0,0.47910882751052025,0.5208911724894798,0.5208911724894798,0.1,scale,0.25148859239306104,420,920,1020,1050
2023-12-19,0.6054559946060181,0.019593485482088502,1,0,0.48988791756888733,0.5101120824311127,0.5101120824311127,0.1,scale,0.25148859239306104,420,920,1020,1050
2023-12-20,0.6173189878463745,0.010676849642373476,1,0,0.49741075882419394,0.5025892411758061,0.5025892411758061,0.1,scale,0.25148859239306104,420,920,1020,1050
2023-12-21,0.6239100098609924,0.002391312592829209,1,0,0.49902583996481054,0.5009741600351895,0.5009741600351895,0.1,scale,0.25148859239306104,420,920,1020,1050
2023-12-22,0.6254019737243652,-0.008309837194248382,0,0,0.4931027882801446,0.5068972117198554,0.5068972117198554,0.1,scale,0.25148859239306104,420,920,1020,1050
2023-12-23,0.6202049851417542,-0.010781895748835257,0,0,0.49338823828596085,0.5066117617140391,0.5066117617140391,0.1,scale,0.25148859239306104,420,920,1020,1050
2023-12-24,0.6135179996490479,0.0534930891729275,1,0,0.4816422487199299,0.5183577512800701,0.5183577512800701,0.1,scale,0.25148859239306104,420,920,1020,1050
2023-12-25,0.6463369727134705,-0.037082794811935216,0,1,0.5036708664506765,0.4963291335493235,0.5036708664506765,0.1,scale,0.25148859239306104,420,920,1020,1050
2023-12-26,0.6223689913749695,0.020063651048750186,1,0,0.4856798713729398,0.5143201286270602,0.5143201286270602,0.1,scale,0.25148859239306104,420,920,1020,1050
2023-12-27,0.6348559856414795,0.00022373242390760772,1,1,0.5011568113795661,0.49884318862043386,0.5011568113795661,0.1,scale,0.25148859239306104,420,920,1020,1050
2023-12-28,0.6349980235099792,-0.01826151201591142,0,0,0.49226746657689086,0.5077325334231091,0.5077325334231091,0.1,scale,0.25148859239306104,420,920,1020,1050
2023-12-29,0.6234019994735718,-0.0024991992504027616,0,0,0.48949469747946783,0.5105053025205322,0.5105053025205322,0.1,scale,0.25148859239306104,420,920,1020,1050
2023-12-30,0.6218439936637878,-0.011100843291419693,0,0,0.4919157914796761,0.5080842085203239,0.5080842085203239,0.1,scale,0.25148859239306104,420,920,1020,1050
2023-12-31,0.6149410009384155,0.024621890980302652,1,0,0.4876228121147053,0.5123771878852947,0.5123771878852947,0.1,scale,0.25148859239306104,420,920,1020,1050
2024-01-01,0.6300820112228394,-0.007489531286568152,0,0,0.49984181023808893,0.5001581897619111,0.5001581897619111,0.1,scale,0.25148859239306104,420,920,1020,1050
2024-01-02,0.6253629922866821,-0.06841310159790692,0,0,0.48432047660589067,0.5156795233941094,0.5156795233941094,0.1,scale,0.25148859239306104,420,920,1020,1050
2024-01-03,0.5825799703598022,0.009691459136265568,1,0,0.45571435319014736,0.5442856468098527,0.5442856468098527,0.1,scale,0.25148859239306104,420,920,1020,1050
2024-01-04,0.5882260203361511,-0.01995836371107107,0,0,0.48714663048485385,0.5128533695151462,0.5128533695151462,0.1,scale,0.25148859239306104,420,920,1020,1050
2024-01-05,0.5764859914779663,-0.013832025583576213,0,0,0.47541666639310476,0.5245833336068952,0.5245833336068952,0.1,scale,0.25148859239306104,420,920,1020,1050
2024-01-06,0.5685120224952698,-0.029499848449090593,0,0,0.48234256827847344,0.5176574317215266,0.5176574317215266,0.1,scale,0.25148859239306104,420,920,1020,1050
2024-01-07,0.5517410039901733,0.04745341687374238,1,0,0.4702683988138514,0.5297316011861486,0.5297316011861486,0.1,scale,0.25148859239306104,420,920,1020,1050
2024-01-08,0.5779229998588562,-0.01953549831532564,0,0,0.47474182933471437,0.5252581706652857,0.5252581706652857,0.1,scale,0.25148859239306104,420,920,1020,1050
2024-01-09,0.5666329860687256,0.05886704751389682,1,0,0.48327063555171684,0.5167293644482831,0.5167293644482831,0.1,scale,0.25148859239306104,420,920,1020,1050
2024-01-10,0.5999889969825745,0.0035100825589140516,1,1,0.5049755311720093,0.49502446882799067,0.5049755311720093,0.1,scale,0.25148859239306104,420,920,1020,1050
2024-01-11,0.6020950078964233,-0.05280890578586617,0,0,0.49833033059559123,0.5016696694044087,0.5016696694044087,0.1,scale,0.25148859239306104,420,920,1020,1050
2024-01-12,0.5702990293502808,0.008379781417909404,1,0,0.4771294426229885,0.5228705573770115,0.5228705573770115,0.1,scale,0.25148859239306104,420,920,1020,1050
2024-01-13,0.575078010559082,0.0020084558707689215,1,0,0.4906940817024662,0.5093059182975338,0.5093059182975338,0.1,scale,0.25148859239306104,420,920,1020,1050
2024-01-14,0.5762330293655396,-0.0005432586790539151,0,0,0.48700085230150414,0.5129991476984959,0.5129991476984959,0.1,scale,0.25148859239306104,420,920,1020,1050
2024-01-15,0.5759199857711792,4.688308228639748e-05,1,0,0.46916742898201835,0.5308325710179816,0.5308325710179816,0.1,scale,0.25561850233472383,450,950,1050,1080
2024-01-16,0.5759469866752625,-0.0138449704003617,0,0,0.46771537241377426,0.5322846275862257,0.5322846275862257,0.1,scale,0.25561850233472383,450,950,1050,1080
2024-01-17,0.5679730176925659,-0.028286580992812893,0,0,0.4710700170773298,0.5289299829226701,0.5289299829226701,0.1,scale,0.25561850233472383,450,950,1050,1080
2024-01-18,0.5519070029258728,-0.013862898960771308,0,0,0.47816507142278575,0.5218349285772143,0.5218349285772143,0.1,scale,0.25561850233472383,450,950,1050,1080
2024-01-19,0.5442559719085693,0.016297488802006432,1,0,0.4761174036774829,0.5238825963225171,0.5238825963225171,0.1,scale,0.25561850233472383,450,950,1050,1080
2024-01-20,0.5531259775161743,-0.012682445117487062,0,0,0.46606446625516473,0.5339355337448353,0.5339355337448353,0.1,scale,0.25561850233472383,450,950,1050,1080
2024-01-21,0.546110987663269,-0.03551474740516003,0,0,0.470760238041799,0.529239761958201,0.529239761958201,0.1,scale,0.25561850233472383,450,950,1050,1080
2024-01-22,0.5267159938812256,-0.017047180277810048,0,0,0.4898177605335945,0.5101822394664055,0.5101822394664055,0.1,scale,0.25561850233472383,450,950,1050,1080
2024-01-23,0.5177369713783264,0.00048490793138755706,1,0,0.4794279393911889,0.5205720606088111,0.5205720606088111,0.1,scale,0.25561850233472383,450,950,1050,1080
2024-01-24,0.5179880261421204,-0.008459682566860915,0,0,0.4752299850265129,0.5247700149734871,0.5247700149734871,0.1,scale,0.25561850233472383,450,950,1050,1080
2024-01-25,0.5136060118675232,0.03618142949436787,1,0,0.47707027878867325,0.5229297212113267,0.5229297212113267,0.1,scale,0.25561850233472383,450,950,1050,1080
2024-01-26,0.5321890115737915,-0.003624624103307883,0,0,0.46345834653600615,0.5365416534639939,0.5365416534639939,0.1,scale,0.25561850233472383,450,950,1050,1080
2024-01-27,0.5302600264549255,-0.011628334382647543,0,0,0.46747062615544666,0.5325293738445533,0.5325293738445533,0.1,scale,0.25561850233472383,450,950,1050,1080
2024-01-28,0.5240939855575562,0.02098105298880748,1,0,0.4712934342837132,0.5287065657162868,0.5287065657162868,0.1,scale,0.25561850233472383,450,950,1050,1080
2024-01-29,0.5350900292396545,-0.04558486880440171,0,0,0.46949870110360714,0.5305012988963929,0.5305012988963929,0.1,scale,0.25561850233472383,450,950,1050,1080
2024-01-30,0.5106980204582214,-0.014695572210892682,0,0,0.4863975447405742,0.5136024552594258,0.5136024552594258,0.1,scale,0.25561850233472383,450,950,1050,1080
2024-01-31,0.5031930208206177,0.005298158840052913,1,0,0.47449435630757897,0.525505643692421,0.525505643692421,0.1,scale,0.25561850233472383,450,950,1050,1080
2024-02-01,0.5058590173721313,0.009000453168681366,1,0,0.4701010882443532,0.5298989117556467,0.5298989117556467,0.1,scale,0.25561850233472383,450,950,1050,1080
2024-02-02,0.5104119777679443,0.01670619196449219,1,0,0.4667887130601837,0.5332112869398162,0.5332112869398162,0.1,scale,0.25561850233472383,450,950,1050,1080
2024-02-03,0.5189390182495117,-0.03015970408731461,0,0,0.4630066583141625,0.5369933416858375,0.5369933416858375,0.1,scale,0.25561850233472383,450,950,1050,1080
2024-02-04,0.5032879710197449,0.005873442091217207,1,0,0.473350809172736,0.526649190827264,0.526649190827264,0.1,scale,0.25561850233472383,450,950,1050,1080
2024-02-05,0.5062440037727356,-0.0021550940057326606,0,0,0.4712544432037171,0.5287455567962829,0.5287455567962829,0.1,scale,0.25561850233472383,450,950,1050,1080
2024-02-06,0.5051530003547668,0.017095806154079574,1,0,0.46751897511811863,0.5324810248818814,0.5324810248818814,0.1,scale,0.25561850233472383,450,950,1050,1080
2024-02-07,0.5137889981269836,0.0014402637416996988,1,0,0.4624627663553359,0.5375372336446641,0.5375372336446641,0.1,scale,0.25561850233472383,450,950,1050,1080
2024-02-08,0.5145289897918701,0.022354479027992813,1,0,0.46476292493750165,0.5352370750624984,0.5352370750624984,0.1,scale,0.25561850233472383,450,950,1050,1080
2024-02-09,0.5260310173034668,-0.0036481330569170245,0,0,0.46002845964039824,0.5399715403596017,0.5399715403596017,0.1,scale,0.25561850233472383,450,950,1050,1080
2024-02-10,0.5241119861602783,0.003762592202557924,1,0,0.46515649013965227,0.5348435098603477,0.5348435098603477,0.1,scale,0.25561850233472383,450,950,1050,1080
2024-02-11,0.5260840058326721,0.011049571022719196,1,0,0.4641554081386605,0.5358445918613395,0.5358445918613395,0.1,scale,0.25561850233472383,450,950,1050,1080
2024-02-12,0.5318970084190369,-0.013277040114633376,0,0,0.4641066446918273,0.5358933553081727,0.5358933553081727,0.1,scale,0.25561850233472383,450,950,1050,1080
2024-02-13,0.5248349905014038,0.025848156842436465,1,0,0.4689432113136619,0.5310567886863381,0.5310567886863381,0.1,scale,0.25561850233472383,450,950,1050,1080
2024-02-14,0.5384010076522827,0.04523390683138362,1,0,0.44690637655653737,0.5530936234434627,0.5530936234434627,1.0,0.01,0.24876987412497428,480,980,1080,1110
2024-02-15,0.5627549886703491,0.003918249101675153,1,0,0.4341453486992981,0.5658546513007019,0.5658546513007019,1.0,0.01,0.24876987412497428,480,980,1080,1110
2024-02-16,0.5649600028991699,-0.026681560794289738,0,0,0.450000233843241,0.549999766156759,0.549999766156759,1.0,0.01,0.24876987412497428,480,980,1080,1110
2024-02-17,0.5498859882354736,0.012760856906618878,1,0,0.48793073390752384,0.5120692660924762,0.5120692660924762,1.0,0.01,0.24876987412497428,480,980,1080,1110
2024-02-18,0.5569030046463013,0.010224351571535673,1,0,0.46210706340695257,0.5378929365930474,0.5378929365930474,1.0,0.01,0.24876987412497428,480,980,1080,1110
2024-02-19,0.5625969767570496,0.0005777210710120606,1,0,0.48045964199386354,0.5195403580061364,0.5195403580061364,1.0,0.01,0.24876987412497428,480,980,1080,1110
2024-02-20,0.5629220008850098,-0.024724531207513945,0,0,0.4872059354181258,0.5127940645818743,0.5127940645818743,1.0,0.01,0.24876987412497428,480,980,1080,1110
2024-02-21,0.5490040183067322,-0.01473581058846507,0,1,0.5033211522299322,0.49667884777006777,0.5033211522299322,1.0,0.01,0.24876987412497428,480,980,1080,1110
2024-02-22,0.540913999080658,-0.011794890838389471,0,0,0.4983741937638092,0.5016258062361908,0.5016258062361908,1.0,0.01,0.24876987412497428,480,980,1080,1110
2024-02-23,0.5345339775085449,0.01980041909047192,1,0,0.4973760858171399,0.5026239141828601,0.5026239141828601,1.0,0.01,0.24876987412497428,480,980,1080,1110
2024-02-24,0.545117974281311,-0.004940210344645868,0,0,0.4541139456930871,0.5458860543069128,0.5458860543069128,1.0,0.01,0.24876987412497428,480,980,1080,1110
2024-02-25,0.5424249768257141,0.016555350814432934,1,0,0.48164750742254897,0.518352492577451,0.518352492577451,1.0,0.01,0.24876987412497428,480,980,1080,1110
2024-02-26,0.5514050126075745,0.0632075892864381,1,0,0.47009109257160925,0.5299089074283907,0.5299089074283907,1.0,0.01,0.24876987412497428,480,980,1080,1110
2024-02-27,0.5862579941749573,-0.01781974113483864,0,0,0.4334134103388436,0.5665865896611564,0.5665865896611564,1.0,0.01,0.24876987412497428,480,980,1080,1110
2024-02-28,0.5758110284805298,0.018259395522346455,1,0,0.4852653441489297,0.5147346558510704,0.5147346558510704,1.0,0.01,0.24876987412497428,480,980,1080,1110
2024-02-29,0.5863249897956848,0.026546775249644217,1,0,0.4472099577251612,0.5527900422748389,0.5527900422748389,1.0,0.01,0.24876987412497428,480,980,1080,1110
2024-03-01,0.6018900275230408,0.07137682870901974,1,0,0.42732760624980815,0.5726723937501919,0.5726723937501919,1.0,0.01,0.24876987412497428,480,980,1080,1110
2024-03-02,0.64485102891922,-0.02757078993474793,0,0,0.4082156022730732,0.5917843977269268,0.5917843977269268,1.0,0.01,0.24876987412497428,480,980,1080,1110
2024-03-03,0.6270719766616821,0.03677574173600884,1,0,0.48118383801448145,0.5188161619855185,0.5188161619855185,1.0,0.01,0.24876987412497428,480,980,1080,1110
2024-03-04,0.6501330137252808,-0.08803125064749484,0,0,0.4489991441894559,0.5510008558105441,0.5510008558105441,1.0,0.01,0.24876987412497428,480,980,1080,1110
2024-03-05,0.5929009914398193,0.03263954540903247,1,1,0.5902308378252039,0.4097691621747961,0.5902308378252039,1.0,0.01,0.24876987412497428,480,980,1080,1110
2024-03-06,0.6122530102729797,0.026738964871254156,1,0,0.4604925659138033,0.5395074340861967,0.5395074340861967,1.0,0.01,0.24876987412497428,480,980,1080,1110
2024-03-07,0.6286240220069885,-0.010608955848261825,0,0,0.47129100919589695,0.528708990804103,0.528708990804103,1.0,0.01,0.24876987412497428,480,980,1080,1110
2024-03-08,0.6219549775123596,-0.00024111919942293447,0,0,0.49752316804735514,0.5024768319526449,0.5024768319526449,1.0,0.01,0.24876987412497428,480,980,1080,1110
2024-03-09,0.6218050122261047,-0.02150676988469402,0,0,0.48361437616992947,0.5163856238300706,0.5163856238300706,1.0,0.01,0.24876987412497428,480,980,1080,1110
2024-03-10,0.6084319949150085,0.18014174461771626,1,1,0.5164732191316149,0.4835267808683851,0.5164732191316149,1.0,0.01,0.24876987412497428,480,980,1080,1110
2024-03-11,0.7180359959602356,-0.04153969839735461,0,0,0.4829858118978403,0.5170141881021597,0.5170141881021597,1.0,0.01,0.24876987412497428,480,980,1080,1110
2024-03-12,0.6882089972496033,0.003982771520853801,1,1,0.5005031743756003,0.4994968256243997,0.5005031743756003,1.0,0.01,0.24876987412497428,480,980,1080,1110
2024-03-13,0.6909499764442444,-0.03036830659743517,0,0,0.4633903562584591,0.5366096437415409,0.5366096437415409,1.0,0.01,0.24876987412497428,480,980,1080,1110
2024-03-14,0.669966995716095,-0.054077243062189084,0,1,0.5433695203855202,0.4566304796144798,0.5433695203855202,1.0,0.01,0.24876987412497428,480,980,1080,1110
2024-03-15,0.6337370276451111,-0.048406545951348634,0,1,0.5696975033588063,0.4303024966411937,0.5696975033588063,1.0,0.01,0.24959231352231556,510,1010,1110,1140
2024-03-16,0.6030600070953369,0.026816554961083927,1,1,0.5669665760995304,0.4330334239004696,0.5669665760995304,1.0,0.01,0.24959231352231556,510,1010,1110,1140
2024-03-17,0.6192319989204407,0.04575507780400967,1,1,0.5191531541185785,0.48084684588142146,0.5191531541185785,1.0,0.01,0.24959231352231556,510,1010,1110,1140
2024-03-18,0.6475650072097778,-0.09747901804969616,0,0,0.4805986852511923,0.5194013147488077,0.5194013147488077,1.0,0.01,0.24959231352231556,510,1010,1110,1140
2024-03-19,0.5844410061836243,0.047431626979428376,1,1,0.5869414620665928,0.4130585379334072,0.5869414620665928,1.0,0.01,0.24959231352231556,510,1010,1110,1140
2024-03-20,0.6121619939804077,0.04660365825042012,1,0,0.4774378337655816,0.5225621662344184,0.5225621662344184,1.0,0.01,0.24959231352231556,510,1010,1110,1140
2024-03-21,0.6406909823417664,-0.04642175917393698,0,0,0.47343794421040725,0.5265620557895927,0.5265620557895927,1.0,0.01,0.24959231352231556,510,1010,1110,1140
2024-03-22,0.6109489798545837,0.010879780464882804,1,1,0.5318326667566649,0.46816733324333515,0.5318326667566649,1.0,0.01,0.24959231352231556,510,1010,1110,1140
2024-03-23,0.6175959706306458,0.02486097386479491,1,0,0.49323308267870875,0.5067669173212912,0.5067669173212912,1.0,0.01,0.24959231352231556,510,1010,1110,1140
2024-03-24,0.6329500079154968,0.012771939419947254,1,0,0.4907739040654912,0.5092260959345087,0.5092260959345087,1.0,0.01,0.24959231352231556,510,1010,1110,1140
2024-03-25,0.6410340070724487,-0.013698205986071632,0,0,0.49147148878065217,0.5085285112193478,0.5085285112193478,1.0,0.01,0.24959231352231556,510,1010,1110,1140
2024-03-26,0.6322529911994934,-0.032090008479893184,0,0,0.49284553194049885,0.5071544680595012,0.5071544680595012,1.0,0.01,0.24959231352231556,510,1010,1110,1140
2024-03-27,0.6119639873504639,0.02057309147747577,1,1,0.5207172742803327,0.47928272571966735,0.5207172742803327,1.0,0.01,0.24959231352231556,510,1010,1110,1140
2024-03-28,0.6245539784431458,0.009920715018318482,1,0,0.4759969202580021,0.5240030797419979,0.5240030797419979,1.0,0.01,0.24959231352231556,510,1010,1110,1140
2024-03-29,0.6307500004768372,-0.01413237230076958,0,0,0.4797986039893482,0.5202013960106517,0.5202013960106517,1.0,0.01,0.24959231352231556,510,1010,1110,1140
2024-03-30,0.6218360066413879,0.011882568587142206,1,0,0.48906947553569374,0.5109305244643063,0.5109305244643063,1.0,0.01,0.24959231352231556,510,1010,1110,1140
2024-03-31,0.6292250156402588,-0.028554245080159912,0,0,0.4716177815989646,0.5283822184010354,0.5283822184010354,1.0,0.01,0.24959231352231556,510,1010,1110,1140
2024-04-01,0.6112579703330994,-0.04219485769521769,0,1,0.5350857800061506,0.4649142199938494,0.5350857800061506,1.0,0.01,0.24959231352231556,510,1010,1110,1140
2024-04-02,0.5854660272598267,-0.018018140003196792,0,1,0.5344370603627783,0.46556293963722173,0.5344370603627783,1.0,0.01,0.24959231352231556,510,1010,1110,1140
2024-04-03,0.5749170184135437,0.03259424310199566,1,1,0.5126546461755668,0.4873453538244332,0.5126546461755668,1.0,0.01,0.24959231352231556,510,1010,1110,1140
2024-04-04,0.5936560034751892,-0.010330932203602594,0,0,0.47890441787722576,0.5210955821227743,0.5210955821227743,1.0,0.01,0.24959231352231556,510,1010,1110,1140
2024-04-05,0.5875229835510254,0.00990088262148725,1,0,0.49176141999962575,0.5082385800003743,0.5082385800003743,1.0,0.01,0.24959231352231556,510,1010,1110,1140
2024-04-06,0.5933399796485901,0.0025180336353278765,1,0,0.47036201983185255,0.5296379801681474,0.5296379801681474,1.0,0.01,0.24959231352231556,510,1010,1110,1140
2024-04-07,0.59483402967453,0.034725635414997624,1,0,0.4826120526444225,0.5173879473555776,0.5173879473555776,1.0,0.01,0.24959231352231556,510,1010,1110,1140
2024-04-08,0.6154900193214417,-0.002718228926027022,0,0,0.47424933067384845,0.5257506693261516,0.5257506693261516,1.0,0.01,0.24959231352231556,510,1010,1110,1140
2024-04-09,0.6138169765472412,0.00609954807372981,1,0,0.47884100101261334,0.5211589989873866,0.5211589989873866,1.0,0.01,0.24959231352231556,510,1010,1110,1140
2024-04-10,0.6175609827041626,-0.014056910203442685,0,0,0.47706775852026406,0.5229322414797359,0.5229322414797359,1.0,0.01,0.24959231352231556,510,1010,1110,1140
2024-04-11,0.6088799834251404,-0.09930691292707583,0,0,0.48964886467744034,0.5103511353225596,0.5103511353225596,1.0,0.01,0.24959231352231556,510,1010,1110,1140
2024-04-12,0.5484139919281006,-0.12325543481804957,0,1,0.6037239174804614,0.3962760825195386,0.6037239174804614,1.0,0.01,0.24959231352231556,510,1010,1110,1140
2024-04-13,0.4808189868927002,0.04874805437196694,1,1,0.6156185927786252,0.3843814072213748,0.6156185927786252,1.0,0.01,0.24959231352231556,510,1010,1110,1140
2024-04-14,0.5042579770088196,-0.01294372547663758,0,1,0.5357901910051373,0.46420980899486275,0.5357901910051373,1.0,0.01,0.25029368782762185,540,1040,1140,1170
2024-04-15,0.4977310001850128,-0.0020814221546499034,0,1,0.5736055975089306,0.4263944024910694,0.5736055975089306,1.0,0.01,0.25029368782762185,540,1040,1140,1170
2024-04-16,0.4966950118541717,-0.003732677863660161,0,1,0.5452402557683722,0.4547597442316278,0.5452402557683722,1.0,0.01,0.25029368782762185,540,1040,1140,1170
2024-04-17,0.4948410093784332,0.016453698298415143,1,1,0.5484322429291084,0.4515677570708916,0.5484322429291084,1.0,0.01,0.25029368782762185,540,1040,1140,1170
2024-04-18,0.5029829740524292,0.0015965816349383655,1,1,0.51333670280155,0.48666329719845003,0.51333670280155,1.0,0.01,0.25029368782762185,540,1040,1140,1170
2024-04-19,0.503786027431488,0.050630569086337784,1,1,0.5348610695704219,0.4651389304295781,0.5348610695704219,1.0,0.01,0.25029368782762185,540,1040,1140,1170
2024-04-20,0.5292930006980896,-0.008715366095938704,0,0,0.442429381534624,0.5575706184653759,0.5575706184653759,1.0,0.01,0.25029368782762185,540,1040,1140,1170
2024-04-21,0.5246800184249878,0.06128117946032274,1,1,0.5006725292038108,0.4993274707961892,0.5006725292038108,1.0,0.01,0.25029368782762185,540,1040,1140,1170
2024-04-22,0.556833028793335,-0.02096507554825955,0,0,0.4514979115396938,0.5485020884603062,0.5485020884603062,1.0,0.01,0.25029368782762185,540,1040,1140,1170
2024-04-23,0.5451589822769165,-0.03256842968429685,0,1,0.5160050234158191,0.4839949765841809,0.5160050234158191,1.0,0.01,0.25029368782762185,540,1040,1140,1170
2024-04-24,0.5274040102958679,-0.0035874399931919987,0,1,0.5520445952987224,0.4479554047012776,0.5520445952987224,1.0,0.01,0.25029368782762185,540,1040,1140,1170
2024-04-25,0.5255119800567627,0.0011418197524042384,1,1,0.532413867649574,0.467586132350426,0.532413867649574,1.0,0.01,0.25029368782762185,540,1040,1140,1170
2024-04-26,0.5261120200157166,-0.015846474813052902,0,1,0.5299845804089368,0.4700154195910632,0.5299845804089368,1.0,0.01,0.25029368782762185,540,1040,1140,1170
2024-04-27,0.5177749991416931,-0.01428807747090044,0,1,0.5388449098311038,0.4611550901688962,0.5388449098311038,1.0,0.01,0.25029368782762185,540,1040,1140,1170
2024-04-28,0.5103769898414612,0.009904463601163371,1,1,0.5398127888775558,0.4601872111224442,0.5398127888775558,1.0,0.01,0.25029368782762185,540,1040,1140,1170
2024-04-29,0.5154320001602173,-0.029813770755387048,0,1,0.5282941933988416,0.47170580660115835,0.5282941933988416,1.0,0.01,0.25029368782762185,540,1040,1140,1170
2024-04-30,0.50006502866745,0.03386557729901862,1,1,0.5526994318279516,0.44730056817204844,0.5526994318279516,1.0,0.01,0.25029368782762185,540,1040,1140,1170
2024-05-01,0.5170000195503235,0.0025706087317227677,1,0,0.4867229427281077,0.5132770572718923,0.5132770572718923,1.0,0.01,0.25029368782762185,540,1040,1140,1170
2024-05-02,0.5183290243148804,0.026170643038652353,1,0,0.4991771539487257,0.5008228460512743,0.5008228460512743,1.0,0.01,0.25029368782762185,540,1040,1140,1170
2024-05-03,0.5318940281867981,-0.002799511099710772,0,0,0.47274756496093573,0.5272524350390643,0.5272524350390643,1.0,0.01,0.25029368782762185,540,1040,1140,1170
2024-05-04,0.5304049849510193,-0.0011707303039909522,0,0,0.4908355762751649,0.5091644237248352,0.5091644237248352,1.0,0.01,0.25029368782762185,540,1040,1140,1170
2024-05-05,0.5297840237617493,0.020315806136628423,1,0,0.4956542375185066,0.5043457624814933,0.5043457624814933,1.0,0.01,0.25029368782762185,540,1040,1140,1170
2024-05-06,0.5405470132827759,-0.029235272206891372,0,1,0.5244297392190477,0.4755702607809523,0.5244297392190477,1.0,0.01,0.25029368782762185,540,1040,1140,1170
2024-05-07,0.5247439742088318,-0.014319363934181206,0,1,0.5218184734938659,0.4781815265061341,0.5218184734938659,1.0,0.01,0.25029368782762185,540,1040,1140,1170
2024-05-08,0.5172299742698669,0.0073449363591346906,1,1,0.5235866511104162,0.47641334888958375,0.5235866511104162,1.0,0.01,0.25029368782762185,540,1040,1140,1170
2024-05-09,0.521028995513916,-0.035873249825886355,0,1,0.5027405490104815,0.4972594509895185,0.5027405490104815,1.0,0.01,0.25029368782762185,540,1040,1140,1170
2024-05-10,0.5023379921913147,0.007240176685987976,1,1,0.5533145459856429,0.4466854540143571,0.5533145459856429,1.0,0.01,0.25029368782762185,540,1040,1140,1170
2024-05-11,0.5059750080108643,-0.012846495615661646,0,0,0.49644740853726355,0.5035525914627365,0.5035525914627365,1.0,0.01,0.25029368782762185,540,1040,1140,1170
2024-05-12,0.4994750022888183,0.010865414449032329,1,1,0.5312986225304273,0.46870137746957274,0.5312986225304273,1.0,0.01,0.25029368782762185,540,1040,1140,1170
2024-05-13,0.5049020051956177,-0.009932651386814872,0,1,0.5370064224106469,0.4629935775893531,0.5370064224106469,1.0,0.01,0.25029368782762185,540,1040,1140,1170
2024-05-14,0.4998869895935058,0.0382426390699957,1,1,0.5154842542384963,0.4845157457615037,0.5154842542384963,1.0,0.01,0.2501920045468553,570,1070,1170,1200
2024-05-15,0.5190039873123169,-0.00636983858175566,0,0,0.47418580602905197,0.525814193970948,0.525814193970948,1.0,0.01,0.2501920045468553,570,1070,1170,1200
2024-05-16,0.5156980156898499,0.0157184883871051,1,1,0.5027602801968495,0.4972397198031505,0.5027602801968495,1.0,0.01,0.2501920045468553,570,1070,1170,1200
2024-05-17,0.5238040089607239,-0.004608571282592733,0,0,0.4786767453623433,0.5213232546376567,0.5213232546376567,1.0,0.01,0.2501920045468553,570,1070,1170,1200
2024-05-18,0.5213900208473206,-0.02249563959785872,0,0,0.49086747353334304,0.509132526466657,0.509132526466657,1.0,0.01,0.2501920045468553,570,1070,1170,1200
2024-05-19,0.5096610188484192,0.05429489750129024,1,1,0.5210259034249938,0.4789740965750062,0.5210259034249938,1.0,0.01,0.2501920045468553,570,1070,1170,1200
2024-05-20,0.5373330116271973,-0.0006513623145192327,0,0,0.4938944893184204,0.5061055106815796,0.5061055106815796,1.0,0.01,0.2501920045468553,570,1070,1170,1200
2024-05-21,0.5369830131530762,-0.019503434312937662,0,1,0.5061907016806335,0.4938092983193665,0.5061907016806335,1.0,0.01,0.2501920045468553,570,1070,1170,1200
2024-05-22,0.5265100002288818,0.0033731173101279044,1,1,0.5088489684588602,0.4911510315411398,0.5088489684588602,1.0,0.01,0.2501920045468553,570,1070,1170,1200
2024-05-23,0.5282859802246094,0.014134449442908092,1,1,0.5220471486839477,0.47795285131605225,0.5220471486839477,1.0,0.01,0.2501920045468553,570,1070,1170,1200
2024-05-24,0.5357530117034912,0.011303736219528071,1,0,0.49113927479384323,0.5088607252061568,0.5088607252061568,1.0,0.01,0.2501920045468553,570,1070,1170,1200
2024-05-25,0.5418090224266052,-0.025097449991182685,0,0,0.4874299952380391,0.5125700047619609,0.5125700047619609,1.0,0.01,0.2501920045468553,570,1070,1170,1200
2024-05-26,0.5282109975814819,0.010527978731447174,1,1,0.5249228216387685,0.47507717836123153,0.5249228216387685,1.0,0.01,0.2501920045468553,570,1070,1170,1200
2024-05-27,0.5337719917297363,-0.010373293395306904,0,1,0.5120552499086112,0.4879447500913888,0.5120552499086112,1.0,0.01,0.2501920045468553,570,1070,1170,1200
2024-05-28,0.5282350182533264,-0.009440876213692717,0,1,0.5180015096914182,0.4819984903085818,0.5180015096914182,1.0,0.01,0.2501920045468553,570,1070,1170,1200
2024-05-29,0.523248016834259,-0.008384209635997397,0,1,0.5134898083792435,0.4865101916207565,0.5134898083792435,1.0,0.01,0.2501920045468553,570,1070,1170,1200
2024-05-30,0.5188609957695007,-0.0020449066133274574,0,1,0.5182426688363898,0.4817573311636102,0.5182426688363898,1.0,0.01,0.2501920045468553,570,1070,1170,1200
2024-05-31,0.517799973487854,0.0009907632364793972,1,1,0.5082100712667394,0.49178992873326055,0.5082100712667394,1.0,0.01,0.2501920045468553,570,1070,1170,1200
2024-06-01,0.5183129906654358,-0.009320654026996111,0,0,0.4951244477160699,0.5048755522839301,0.5048755522839301,1.0,0.01,0.2501920045468553,570,1070,1170,1200
2024-06-02,0.5134819746017456,0.012888520427292605,1,1,0.5166233595323065,0.48337664046769346,0.5166233595323065,1.0,0.01,0.2501920045468553,570,1070,1170,1200
2024-06-03,0.5200999975204468,0.010892144357614209,1,0,0.4971776655786987,0.5028223344213013,0.5028223344213013,1.0,0.01,0.2501920045468553,570,1070,1170,1200
2024-06-04,0.5257650017738342,-0.0001027109221501954,0,0,0.48756191119644,0.51243808880356,0.51243808880356,1.0,0.01,0.2501920045468553,570,1070,1170,1200
2024-06-05,0.5257109999656677,-0.00786170741908676,0,0,0.492301509971668,0.507698490028332,0.507698490028332,1.0,0.01,0.2501920045468553,570,1070,1170,1200
2024-06-06,0.5215780138969421,-0.04338186280823075,0,1,0.5017807253055815,0.4982192746944185,0.5017807253055815,1.0,0.01,0.2501920045468553,570,1070,1170,1200
2024-06-07,0.4989509880542755,-0.011636411550651315,0,1,0.5563077331969902,0.44369226680300977,0.5563077331969902,1.0,0.01,0.2501920045468553,570,1070,1170,1200
2024-06-08,0.4931449890136719,0.011027182846644612,1,1,0.51042995476242,0.48957004523757996,0.51042995476242,1.0,0.01,0.2501920045468553,570,1070,1170,1200
2024-06-09,0.4985829889774322,-0.00392111762641556,0,1,0.5023007638704252,0.4976992361295748,0.5023007638704252,1.0,0.01,0.2501920045468553,570,1070,1170,1200
2024-06-10,0.4966279864311218,-0.032837416069423586,0,1,0.5220135524066984,0.47798644759330156,0.5220135524066984,1.0,0.01,0.2501920045468553,570,1070,1170,1200
2024-06-11,0.480320006608963,0.023359443663516277,1,1,0.5378297100770244,0.4621702899229756,0.5378297100770244,1.0,0.01,0.2501920045468553,570,1070,1170,1200
2024-06-12,0.4915400147438049,-0.029570349157775344,0,0,0.4918189157407553,0.5081810842592447,0.5081810842592447,1.0,0.01,0.2501920045468553,570,1070,1170,1200
2024-06-13,0.4770050048828125,-0.005723235421131845,0,1,0.5487535613989848,0.4512464386010152,0.5487535613989848,1.0,0.01,0.24437893083720397,600,1100,1200,1230
2024-06-14,0.47427499294281,0.03461285854216167,1,1,0.5255418352693578,0.4744581647306422,0.5255418352693578,1.0,0.01,0.24437893083720397,600,1100,1200,1230
2024-06-15,0.4906910061836242,-0.003788553779206505,0,0,0.4564855037391699,0.54351449626083,0.54351449626083,1.0,0.01,0.24437893083720397,600,1100,1200,1230
2024-06-16,0.4888319969177246,0.033402022133238285,1,0,0.49901127419507346,0.5009887258049266,0.5009887258049266,1.0,0.01,0.24437893083720397,600,1100,1200,1230
2024-06-17,0.5051599740982056,-0.028133627399920202,0,0,0.4934308071262554,0.5065691928737446,0.5065691928737446,1.0,0.01,0.24437893083720397,600,1100,1200,1230
2024-06-18,0.4909479916095733,0.004670597550086697,1,1,0.5347059632952611,0.4652940367047389,0.5347059632952611,1.0,0.01,0.24437893083720397,600,1100,1200,1230
2024-06-19,0.493241012096405,-0.009174025894928772,0,0,0.4853989926265789,0.5146010073734211,0.5146010073734211,1.0,0.01,0.24437893083720397,600,1100,1200,1230
2024-06-20,0.4887160062789917,0.0004910788660583698,1,1,0.5252310829426265,0.47476891705737345,0.5252310829426265,1.0,0.01,0.24437893083720397,600,1100,1200,1230
2024-06-21,0.4889560043811798,-0.004775505235959043,0,1,0.5072825185874112,0.49271748141258875,0.5072825185874112,1.0,0.01,0.24437893083720397,600,1100,1200,1230
2024-06-22,0.4866209924221039,-0.014656157218168153,0,0,0.49836981090782406,0.5016301890921759,0.5016301890921759,1.0,0.01,0.24437893083720397,600,1100,1200,1230
2024-06-23,0.4794889986515045,-0.011149369869975057,0,1,0.5323890432224784,0.4676109567775216,0.5323890432224784,1.0,0.01,0.24437893083720397,600,1100,1200,1230
2024-06-24,0.4741429984569549,0.0032521875629927255,1,1,0.5578118919188864,0.44218810808111364,0.5578118919188864,1.0,0.01,0.24437893083720397,600,1100,1200,1230
2024-06-25,0.4756850004196167,-0.012792096402933661,0,0,0.4910740220184694,0.5089259779815306,0.5089259779815306,1.0,0.01,0.24437893083720397,600,1100,1200,1230
2024-06-26,0.4695999920368194,0.01076450256489725,1,1,0.5191308101013798,0.48086918989862015,0.5191308101013798,1.0,0.01,0.24437893083720397,600,1100,1200,1230
2024-06-27,0.4746550023555755,-0.007942597809638574,0,0,0.481402833514756,0.518597166485244,0.518597166485244,1.0,0.01,0.24437893083720397,600,1100,1200,1230
2024-06-28,0.4708850085735321,0.002355148285672737,1,1,0.5082727484381986,0.4917272515618014,0.5082727484381986,1.0,0.01,0.24437893083720397,600,1100,1200,1230
2024-06-29,0.471994012594223,0.007392016828928316,1,0,0.47535635207396004,0.5246436479260399,0.5246436479260399,1.0,0.01,0.24437893083720397,600,1100,1200,1230
2024-06-30,0.4754830002784729,0.0024354162778019717,1,0,0.4824985038552804,0.5175014961447195,0.5175014961447195,1.0,0.01,0.24437893083720397,600,1100,1200,1230
2024-07-01,0.4766409993171692,0.01653023762650352,1,0,0.49793837869691315,0.5020616213030868,0.5020616213030868,1.0,0.01,0.24437893083720397,600,1100,1200,1230
2024-07-02,0.4845199882984161,-0.0366547907209791,0,0,0.4550534440574843,0.5449465559425157,0.5449465559425157,1.0,0.01,0.24437893083720397,600,1100,1200,1230
2024-07-03,0.4667600095272064,-0.07109867552827531,0,1,0.55478867682236,0.44521132317764,0.55478867682236,1.0,0.01,0.24437893083720397,600,1100,1200,1230
2024-07-04,0.4335739910602569,-0.018640422552995584,0,1,0.6270266647218726,0.37297333527812737,0.6270266647218726,1.0,0.01,0.24437893083720397,600,1100,1200,1230
2024-07-05,0.425491988658905,0.05537354745088341,1,1,0.5904729922955313,0.4095270077044687,0.5904729922955313,1.0,0.01,0.24437893083720397,600,1100,1200,1230
2024-07-06,0.4490529894828796,-0.0650925375693916,0,0,0.4594968447664932,0.5405031552335068,0.5405031552335068,1.0,0.01,0.24437893083720397,600,1100,1200,1230
2024-07-07,0.4198229908943176,0.02776646310670272,1,1,0.6224135585722934,0.3775864414277066,0.6224135585722934,1.0,0.01,0.24437893083720397,600,1100,1200,1230
2024-07-08,0.4314799904823303,0.010280931168568985,1,1,0.5323992361282606,0.46760076387173943,0.5323992361282606,1.0,0.01,0.24437893083720397,600,1100,1200,1230
2024-07-09,0.435916006565094,0.00716193449964897,1,1,0.5117847323869176,0.4882152676130824,0.5117847323869176,1.0,0.01,0.24437893083720397,600,1100,1200,1230
2024-07-10,0.4390380084514618,0.022783905505356472,1,1,0.5035757247648955,0.49642427523510446,0.5035757247648955,1.0,0.01,0.24437893083720397,600,1100,1200,1230
2024-07-11,0.4490410089492798,0.05720859640827869,1,0,0.4785452775065796,0.5214547224934204,0.5214547224934204,1.0,0.01,0.24437893083720397,600,1100,1200,1230
2024-07-12,0.4747300148010254,0.10869118133029865,1,0,0.4298013646794999,0.5701986353205001,0.5701986353205001,1.0,0.01,0.24437893083720397,600,1100,1200,1230
2024-07-13,0.526328980922699,-0.006585254126825313,0,0,0.3204738929531604,0.6795261070468396,0.6795261070468396,1.0,0.01,0.24729966746853116,630,1130,1230,1260
2024-07-14,0.52286297082901,0.028716904625244455,1,0,0.41490937739955397,0.585090622600446,0.585090622600446,1.0,0.01,0.24729966746853116,630,1130,1230,1260
2024-07-15,0.5378779768943787,0.07715133761335635,1,0,0.39863620220057555,0.6013637977994244,0.6013637977994244,1.0,0.01,0.24729966746853116,630,1130,1230,1260
2024-07-16,0.5793759822845459,0.0813116569461323,1,0,0.3698979464057839,0.6301020535942161,0.6301020535942161,1.0,0.01,0.24729966746853116,630,1130,1230,1260
2024-07-17,0.6264860033988953,-0.09084321858572386,0,0,0.32519855599093755,0.6748014440090624,0.6748014440090624,1.0,0.01,0.24729966746853116,630,1130,1230,1260
2024-07-18,0.5695739984512329,0.00733528494434732,1,1,0.6229925774595622,0.37700742254043784,0.6229925774595622,1.0,0.01,0.24729966746853116,630,1130,1230,1260
2024-07-19,0.5737519860267639,0.036425142383186504,1,1,0.5201026539744409,0.4798973460255591,0.5201026539744409,1.0,0.01,0.24729966746853116,630,1130,1230,1260
2024-07-20,0.5946509838104248,0.004735586956181814,1,0,0.46184923101649367,0.5381507689835063,0.5381507689835063,1.0,0.01,0.24729966746853116,630,1130,1230,1260
2024-07-21,0.5974670052528381,0.017021831868108794,1,1,0.5035069973405386,0.4964930026594614,0.5035069973405386,1.0,0.01,0.24729966746853116,630,1130,1230,1260
2024-07-22,0.6076369881629944,-0.016753418058460645,0,0,0.4987429256987952,0.5012570743012048,0.5012570743012048,1.0,0.01,0.24729966746853116,630,1130,1230,1260
2024-07-23,0.5974569916725159,0.03579509091734412,1,1,0.5392247621910013,0.46077523780899865,0.5392247621910013,1.0,0.01,0.24729966746853116,630,1130,1230,1260
2024-07-24,0.6188430190086365,-0.030746076340459894,0,0,0.44324126930682745,0.5567587306931725,0.5567587306931725,1.0,0.01,0.24729966746853116,630,1130,1230,1260
2024-07-25,0.5998160243034363,0.007088768501366749,1,1,0.5462871532159751,0.4537128467840249,0.5462871532159751,1.0,0.01,0.24729966746853116,630,1130,1230,1260
2024-07-26,0.6040679812431335,-0.012039967323753675,0,0,0.46826156805999786,0.5317384319400021,0.5317384319400021,1.0,0.01,0.24729966746853116,630,1130,1230,1260
2024-07-27,0.5967950224876404,0.008632758119078154,1,1,0.5042094694755974,0.4957905305244026,0.5042094694755974,1.0,0.01,0.24729966746853116,630,1130,1230,1260
2024-07-28,0.601947009563446,0.00023091406620157073,1,0,0.46970809073168074,0.5302919092683193,0.5302919092683193,1.0,0.01,0.24729966746853116,630,1130,1230,1260
2024-07-29,0.6020860075950623,0.042836055104443105,1,0,0.4924922002620133,0.5075077997379867,0.5075077997379867,1.0,0.01,0.24729966746853116,630,1130,1230,1260
2024-07-30,0.6278769969940186,-0.006271959785943193,0,0,0.4266781380859038,0.5733218619140962,0.5733218619140962,1.0,0.01,0.24729966746853116,630,1130,1230,1260
2024-07-31,0.6239389777183533,-0.04403475405281965,0,0,0.4581485495594186,0.5418514504405814,0.5418514504405814,1.0,0.01,0.24729966746853116,630,1130,1230,1260
2024-08-01,0.5964639782905579,-0.059840981392534576,0,1,0.5384549322951558,0.46154506770484416,0.5384549322951558,1.0,0.01,0.24729966746853116,630,1130,1230,1260
2024-08-02,0.5607709884643555,-0.007810653202065976,0,1,0.6119087233258459,0.3880912766741541,0.6119087233258459,1.0,0.01,0.24729966746853116,630,1130,1230,1260
2024-08-03,0.5563910007476807,-0.05930179592427898,0,1,0.5346773834943651,0.4653226165056349,0.5346773834943651,1.0,0.01,0.24729966746853116,630,1130,1230,1260
2024-08-04,0.5233960151672363,-0.06482663730673333,0,1,0.6285105531584206,0.37148944684157936,0.6285105531584206,1.0,0.01,0.24729966746853116,630,1130,1230,1260
2024-08-05,0.4894660115242004,0.03316062819742682,1,1,0.6907070167134653,0.30929298328653465,0.6907070167134653,1.0,0.01,0.24729966746853116,630,1130,1230,1260
2024-08-06,0.5056970119476318,0.18808293734179404,1,0,0.4822625824926454,0.5177374175073546,0.5177374175073546,1.0,0.01,0.24729966746853116,630,1130,1230,1260
2024-08-07,0.6008099913597107,0.02790736711277142,1,0,0.32506029070821274,0.6749397092917873,0.6749397092917873,1.0,0.01,0.24729966746853116,630,1130,1230,1260
2024-08-08,0.6175770163536072,-0.058978944860080706,0,0,0.394141815563164,0.605858184436836,0.605858184436836,1.0,0.01,0.24729966746853116,630,1130,1230,1260
2024-08-09,0.5811529755592346,0.007615899235794643,1,1,0.5480911346903664,0.4519088653096336,0.5480911346903664,1.0,0.01,0.24729966746853116,630,1130,1230,1260
2024-08-10,0.585578978061676,-0.05575158139669811,0,0,0.4947983514720668,0.5052016485279331,0.5052016485279331,1.0,0.01,0.24729966746853116,630,1130,1230,1260
2024-08-11,0.5529320240020752,0.028640049328098716,1,1,0.6413656708366379,0.35863432916336213,0.6413656708366379,1.0,0.01,0.24729966746853116,630,1130,1230,1260
2024-08-12,0.5687680244445801,0.013416724444224704,1,1,0.5187642100706201,0.4812357899293799,0.5187642100706201,1.0,0.01,0.2456747071226074,660,1160,1260,1290
2024-08-13,0.576399028301239,-0.012503553379699661,0,1,0.5302347550108064,0.4697652449891936,0.5302347550108064,1.0,0.01,0.2456747071226074,660,1160,1260,1290
2024-08-14,0.5691919922828674,-0.014471398740263486,0,1,0.5166765697926744,0.4833234302073256,0.5166765697926744,1.0,0.01,0.2456747071226074,660,1160,1260,1290
2024-08-15,0.5609549880027771,0.006348138395452452,1,1,0.5312569393741776,0.4687430606258224,0.5312569393741776,1.0,0.01,0.2456747071226074,660,1160,1260,1290
2024-08-16,0.564516007900238,0.003193852564991273,1,0,0.4928657498290725,0.5071342501709275,0.5071342501709275,1.0,0.01,0.2456747071226074,660,1160,1260,1290
2024-08-17,0.5663189888000488,-0.004315534704043333,0,0,0.4852464260347616,0.5147535739652385,0.5147535739652385,1.0,0.01,0.2456747071226074,660,1160,1260,1290
2024-08-18,0.5638750195503235,0.0615933844475407,1,1,0.5071792118929392,0.49282078810706076,0.5071792118929392,1.0,0.01,0.2456747071226074,660,1160,1260,1290
2024-08-19,0.5986059904098511,-0.006979528508678001,0,0,0.40637788764206356,0.5936221123579364,0.5936221123579364,1.0,0.01,0.2456747071226074,660,1160,1260,1290
2024-08-20,0.5944280028343201,0.009836308528547555,1,0,0.47530393261414555,0.5246960673858545,0.5246960673858545,1.0,0.01,0.2456747071226074,660,1160,1260,1290
2024-08-21,0.6002749800682068,-0.004454597747202027,0,0,0.4183251711171855,0.5816748288828145,0.5816748288828145,1.0,0.01,0.2456747071226074,660,1160,1260,1290
2024-08-22,0.5976009964942932,0.022821279820101292,1,0,0.45580082367600583,0.5441991763239942,0.5441991763239942,1.0,0.01,0.2456747071226074,660,1160,1260,1290
2024-08-23,0.6112390160560608,0.0030609790120594838,1,0,0.41797243288870917,0.5820275671112909,0.5820275671112909,1.0,0.01,0.2456747071226074,660,1160,1260,1290
2024-08-24,0.6131100058555603,-0.02108264805961413,0,0,0.44565982085224115,0.5543401791477589,0.5543401791477589,1.0,0.01,0.2456747071226074,660,1160,1260,1290
2024-08-25,0.6001840233802795,-0.021183550149924235,0,1,0.5090893026272312,0.4909106973727688,0.5090893026272312,1.0,0.01,0.2456747071226074,660,1160,1260,1290
2024-08-26,0.5874699950218201,-0.03390130245083478,0,1,0.5213990146072288,0.4786009853927712,0.5213990146072288,1.0,0.01,0.2456747071226074,660,1160,1260,1290
2024-08-27,0.5675539970397949,0.004045483836548236,1,1,0.5626466685013278,0.43735333149867217,0.5626466685013278,1.0,0.01,0.2456747071226074,660,1160,1260,1290
2024-08-28,0.5698500275611877,-0.013679100573955494,0,0,0.49005741766068617,0.5099425823393138,0.5099425823393138,1.0,0.01,0.2456747071226074,660,1160,1260,1290
2024-08-29,0.5620549917221069,0.008853287023005363,1,1,0.5164270942273802,0.4835729057726198,0.5164270942273802,1.0,0.01,0.2456747071226074,660,1160,1260,1290
2024-08-30,0.5670310258865356,-0.0012662403258124622,0,0,0.4643826260138229,0.5356173739861771,0.5356173739861771,1.0,0.01,0.2456747071226074,660,1160,1260,1290
2024-08-31,0.5663130283355713,-0.032354905024188585,0,0,0.4621494341610038,0.5378505658389963,0.5378505658389963,1.0,0.01,0.2456747071226074,660,1160,1260,1290
2024-09-01,0.5479900240898132,0.035761588827710744,1,1,0.546019352556869,0.45398064744313105,0.546019352556869,1.0,0.01,0.2456747071226074,660,1160,1260,1290
2024-09-02,0.5675870180130005,-0.017963818439007295,0,0,0.40917163251420996,0.59082836748579,0.59082836748579,1.0,0.01,0.2456747071226074,660,1160,1260,1290
2024-09-03,0.5573909878730774,0.0014083348830007392,1,0,0.49758076103940063,0.5024192389605994,0.5024192389605994,1.0,0.01,0.2456747071226074,660,1160,1260,1290
2024-09-04,0.5581759810447693,-0.025045813298302244,0,0,0.4671417435269499,0.5328582564730501,0.5328582564730501,1.0,0.01,0.2456747071226074,660,1160,1260,1290
2024-09-05,0.5441960096359253,-0.04198675281985054,0,1,0.5230130617875018,0.47698693821249816,0.5230130617875018,1.0,0.01,0.2456747071226074,660,1160,1260,1290
2024-09-06,0.5213469862937927,0.007183352995872472,1,1,0.6026865869543477,0.39731341304565226,0.6026865869543477,1.0,0.01,0.2456747071226074,660,1160,1260,1290
2024-09-07,0.5250920057296753,0.007996633665479314,1,1,0.503156908835068,0.49684309116493197,0.503156908835068,1.0,0.01,0.2456747071226074,660,1160,1260,1290
2024-09-08,0.5292909741401672,0.019548810032039343,1,1,0.5023374451168259,0.4976625548831741,0.5023374451168259,1.0,0.01,0.2456747071226074,660,1160,1260,1290
2024-09-09,0.5396379828453064,0.002668434504065287,1,0,0.4675072569741356,0.5324927430258644,0.5324927430258644,1.0,0.01,0.2456747071226074,660,1160,1260,1290
2024-09-10,0.5410779714584351,-0.010656457711806677,0,0,0.4787801955488814,0.5212198044511186,0.5212198044511186,1.0,0.01,0.2456747071226074,660,1160,1260,1290
2024-09-11,0.5353119969367981,0.050931044215901444,1,1,0.5110082243342091,0.4889917756657909,0.5110082243342091,1.0,0.01,0.24454848216081435,690,1190,1290,1320
2024-09-12,0.5625759959220886,0.018793957784845938,1,0,0.37677747242810394,0.6232225275718961,0.6232225275718961,1.0,0.01,0.24454848216081435,690,1190,1290,1320
2024-09-13,0.5731490254402161,0.04021633044209838,1,0,0.41222687874479896,0.5877731212552011,0.5877731212552011,1.0,0.01,0.24454848216081435,690,1190,1290,1320
2024-09-14,0.5961989760398865,-0.042307973389609566,0,0,0.3514495699074997,0.6485504300925002,0.6485504300925002,1.0,0.01,0.24454848216081435,690,1190,1290,1320
2024-09-15,0.5709750056266785,0.025276085454880137,1,1,0.5742815269708348,0.4257184730291652,0.5742815269708348,1.0,0.01,0.24454848216081435,690,1190,1290,1320
2024-09-16,0.585407018661499,-0.001545996029119756,0,0,0.43720279542300466,0.5627972045769953,0.5627972045769953,1.0,0.01,0.24454848216081435,690,1190,1290,1320
2024-09-17,0.5845019817352295,0.0012814190364658362,1,1,0.5076589009938834,0.49234109900611656,0.5076589009938834,1.0,0.01,0.24454848216081435,690,1190,1290,1320
2024-09-18,0.585250973701477,0.0036224083352871528,1,1,0.5021094394913999,0.49789056050860014,0.5021094394913999,1.0,0.01,0.24454848216081435,690,1190,1290,1320
2024-09-19,0.5873709917068481,-0.0037455159851640385,0,1,0.5027664299433118,0.4972335700566882,0.5027664299433118,1.0,0.01,0.24454848216081435,690,1190,1290,1320
2024-09-20,0.5851709842681885,0.022164513717285672,1,1,0.5250019816084166,0.4749980183915834,0.5250019816084166,1.0,0.01,0.24454848216081435,690,1190,1290,1320
2024-09-21,0.5981410145759583,-0.017587894380358016,0,0,0.45178785195215065,0.5482121480478493,0.5482121480478493,1.0,0.01,0.24454848216081435,690,1190,1290,1320
2024-09-22,0.5876209735870361,-0.004349685413125748,0,1,0.5384958035123837,0.4615041964876163,0.5384958035123837,1.0,0.01,0.24454848216081435,690,1190,1290,1320
2024-09-23,0.5850650072097778,0.011073923756505177,1,1,0.5110855533161062,0.48891444668389383,0.5110855533161062,1.0,0.01,0.24454848216081435,690,1190,1290,1320
2024-09-24,0.591543972492218,-0.013528996688082051,0,0,0.4803916860282349,0.5196083139717651,0.5196083139717651,1.0,0.01,0.24454848216081435,690,1190,1290,1320
2024-09-25,0.5835409760475159,0.011790165934420394,1,1,0.536117318311681,0.46388268168831903,0.536117318311681,1.0,0.01,0.24454848216081435,690,1190,1290,1320
2024-09-26,0.5904210209846497,-0.002530482440222581,0,0,0.47183177582501196,0.5281682241749881,0.5281682241749881,1.0,0.01,0.24454848216081435,690,1190,1290,1320
2024-09-27,0.5889269709587097,0.04393417171403824,1,1,0.502261801783815,0.49773819821618503,0.502261801783815,1.0,0.01,0.24454848216081435,690,1190,1290,1320
2024-09-28,0.6148009896278381,0.04415409579133511,1,0,0.3786256224287125,0.6213743775712874,0.6213743775712874,1.0,0.01,0.24454848216081435,690,1190,1290,1320
2024-09-29,0.6419469714164734,-0.047441602817731354,0,0,0.3599730386135605,0.6400269613864396,0.6400269613864396,1.0,0.01,0.24454848216081435,690,1190,1290,1320
2024-09-30,0.6114919781684875,-0.022832631178482665,0,1,0.5745707887832584,0.4254292112167416,0.5745707887832584,1.0,0.01,0.24454848216081435,690,1190,1290,1320
2024-10-01,0.5975300073623657,-0.09656255579861728,0,1,0.5652250852553389,0.4347749147446611,0.5652250852553389,1.0,0.01,0.24454848216081435,690,1190,1290,1320
2024-10-02,0.5398309826850891,-0.03311776563646063,0,1,0.7401337518957327,0.2598662481042673,0.7401337518957327,1.0,0.01,0.24454848216081435,690,1190,1290,1320
2024-10-03,0.5219529867172241,0.02373392099823257,1,1,0.6609336181020784,0.3390663818979216,0.6609336181020784,1.0,0.01,0.24454848216081435,690,1190,1290,1320
2024-10-04,0.5343409776687622,-0.009067175741799494,0,1,0.550123211122768,0.44987678887723204,0.550123211122768,1.0,0.01,0.24454848216081435,690,1190,1290,1320
2024-10-05,0.5294960141181946,0.0077356041879586,1,1,0.5708448683678975,0.4291551316321025,0.5708448683678975,1.0,0.01,0.24454848216081435,690,1190,1290,1320
2024-10-06,0.5335919857025146,-0.006855419032754884,0,1,0.5067539695540807,0.4932460304459193,0.5067539695540807,1.0,0.01,0.24454848216081435,690,1190,1290,1320
2024-10-07,0.5299339890480042,0.0017624926933037521,1,1,0.5328885857812976,0.4671114142187024,0.5328885857812976,1.0,0.01,0.24454848216081435,690,1190,1290,1320
2024-10-08,0.5308679938316345,-0.012311925004774626,0,1,0.5017845365871378,0.49821546341286216,0.5017845365871378,1.0,0.01,0.24454848216081435,690,1190,1290,1320
2024-10-09,0.5243319869041443,0.010766149764614097,1,1,0.5242370965497266,0.4757629034502734,0.5242370965497266,1.0,0.01,0.24454848216081435,690,1190,1290,1320
2024-10-10,0.529977023601532,0.015698744615527227,1,0,0.4691076785106824,0.5308923214893175,0.5308923214893175,1.0,0.01,0.24454848216081435,690,1190,1290,1320
2024-10-11,0.5382969975471497,0.002346330053011103,1,0,0.45376932390053637,0.5462306760994636,0.5462306760994636,1.0,0.01,0.24547354590902773,720,1220,1320,1350
2024-10-12,0.5395600199699402,-0.014864043065226928,0,0,0.4651147311696831,0.534885268830317,0.534885268830317,1.0,0.01,0.24547354590902773,720,1220,1320,1350
2024-10-13,0.5315399765968323,0.031006213330902144,1,1,0.5121106361281076,0.4878893638718924,0.5121106361281076,1.0,0.01,0.24547354590902773,720,1220,1320,1350
2024-10-14,0.5480210185050964,-0.011986817437431352,0,0,0.4448214077942491,0.5551785922057508,0.5551785922057508,1.0,0.01,0.24547354590902773,720,1220,1320,1350
2024-10-15,0.5414519906044006,0.012176497791680507,1,1,0.5147991226484192,0.4852008773515808,0.5147991226484192,1.0,0.01,0.24547354590902773,720,1220,1320,1350
2024-10-16,0.5480449795722961,-0.008004747098563358,0,0,0.45680120314619194,0.5431987968538081,0.5431987968538081,1.0,0.01,0.24547354590902773,720,1220,1320,1350
2024-10-17,0.5436580181121826,0.005302887775861409,1,1,0.5170803233438822,0.4829196766561178,0.5170803233438822,1.0,0.01,0.24547354590902773,720,1220,1320,1350
2024-10-18,0.5465409755706787,-0.004178992033970208,0,0,0.47497206315596263,0.5250279368440374,0.5250279368440374,1.0,0.01,0.24547354590902773,720,1220,1320,1350
2024-10-19,0.5442569851875305,0.006237900576676392,1,0,0.4958841963905599,0.5041158036094401,0.5041158036094401,1.0,0.01,0.24547354590902773,720,1220,1320,1350
2024-10-20,0.547652006149292,-0.005092687522393113,0,0,0.48279160905199486,0.5172083909480052,0.5172083909480052,1.0,0.01,0.24547354590902773,720,1220,1320,1350
2024-10-21,0.5448629856109619,-0.02107679840162502,0,1,0.5146375869943505,0.48536241300564953,0.5146375869943505,1.0,0.01,0.24547354590902773,720,1220,1320,1350
2024-10-22,0.5333790183067322,-0.0153137664320121,0,1,0.5377987534381107,0.4622012465618893,0.5377987534381107,1.0,0.01,0.24547354590902773,720,1220,1320,1350
2024-10-23,0.525210976600647,0.01247120549803915,1,1,0.5382359376263113,0.4617640623736887,0.5382359376263113,1.0,0.01,0.24547354590902773,720,1220,1320,1350
2024-10-24,0.5317609906196594,-0.05611923327873469,0,0,0.48164533103885615,0.5183546689611438,0.5183546689611438,1.0,0.01,0.24547354590902773,720,1220,1320,1350
2024-10-25,0.5019189715385437,0.02160114658898915,1,1,0.6366609459530838,0.36333905404691624,0.6366609459530838,1.0,0.01,0.24547354590902773,720,1220,1320,1350
2024-10-26,0.5127609968185425,0.007059874909069341,1,0,0.47996731787498986,0.5200326821250101,0.5200326821250101,1.0,0.01,0.24547354590902773,720,1220,1320,1350
2024-10-27,0.516381025314331,0.005511439110302163,1,1,0.5005095692383866,0.49949043076161337,0.5005095692383866,1.0,0.01,0.24547354590902773,720,1220,1320,1350
2024-10-28,0.5192270278930664,0.016734464568765928,1,0,0.4978602253598363,0.5021397746401637,0.5021397746401637,1.0,0.01,0.24547354590902773,720,1220,1320,1350
2024-10-29,0.5279160141944885,-0.009361337370685008,0,0,0.46607556650324883,0.5339244334967512,0.5339244334967512,1.0,0.01,0.24547354590902773,720,1220,1320,1350
2024-10-30,0.5229740142822266,-0.026267123225220512,0,1,0.5064284062305032,0.4935715937694968,0.5064284062305032,1.0,0.01,0.24547354590902773,720,1220,1320,1350
2024-10-31,0.5092369914054871,0.007130267069573426,1,1,0.5598587404260852,0.4401412595739148,0.5598587404260852,1.0,0.01,0.24547354590902773,720,1220,1320,1350
2024-11-01,0.5128679871559143,-0.005884481103311412,0,1,0.5069622036904651,0.4930377963095349,0.5069622036904651,1.0,0.01,0.24547354590902773,720,1220,1320,1350
2024-11-02,0.509850025177002,-0.01357070909708169,0,1,0.5124255759661563,0.48757442403384366,0.5124255759661563,1.0,0.01,0.24547354590902773,720,1220,1320,1350
2024-11-03,0.5029309988021851,0.0005865285450608049,1,1,0.5544144896251696,0.4455855103748304,0.5544144896251696,1.0,0.01,0.24547354590902773,720,1220,1320,1350
2024-11-04,0.5032259821891785,0.02146757962559742,1,1,0.5171487633485127,0.4828512366514873,0.5171487633485127,1.0,0.01,0.24547354590902773,720,1220,1320,1350
2024-11-05,0.5140290260314941,0.055245863392940686,1,0,0.46363117883916216,0.5363688211608378,0.5363688211608378,1.0,0.01,0.24547354590902773,720,1220,1320,1350
2024-11-06,0.5424270033836365,0.022685119304998835,1,0,0.408956793120421,0.591043206879579,0.591043206879579,1.0,0.01,0.24547354590902773,720,1220,1320,1350
2024-11-07,0.5547320246696472,-0.0011771963022111365,0,0,0.41448527067601004,0.58551472932399,0.58551472932399,1.0,0.01,0.24547354590902773,720,1220,1320,1350
2024-11-08,0.554078996181488,0.009760321294230323,1,0,0.46995248544473706,0.530047514555263,0.530047514555263,1.0,0.01,0.24547354590902773,720,1220,1320,1350
2024-11-09,0.559486985206604,0.0534328919184448,1,0,0.4624534703358553,0.5375465296641446,0.5375465296641446,1.0,0.01,0.24547354590902773,720,1220,1320,1350
2024-11-10,0.589381992816925,0.05274171033745412,1,0,0.45337917469647004,0.54662082530353,0.54662082530353,0.1,scale,0.2450506870922751,750,1250,1350,1380
2024-11-11,0.6204670071601868,0.1405908657004724,1,0,0.42177833167214496,0.578221668327855,0.578221668327855,0.1,scale,0.2450506870922751,750,1250,1350,1380
2024-11-12,0.7076990008354187,-0.024602258241846586,0,0,0.48099727110862184,0.5190027288913781,0.5190027288913781,0.1,scale,0.2450506870922751,750,1250,1350,1380
2024-11-13,0.6902880072593689,0.11983254456329795,1,0,0.49343811153055,0.50656188846945,0.50656188846945,0.1,scale,0.2450506870922751,750,1250,1350,1380
2024-11-14,0.7730069756507874,0.15405294433107497,1,0,0.4711943654520921,0.528805634547908,0.528805634547908,0.1,scale,0.2450506870922751,750,1250,1350,1380
2024-11-15,0.8920909762382507,0.2544572144097841,1,1,0.5138076939029601,0.4861923060970399,0.5138076939029601,0.1,scale,0.2450506870922751,750,1250,1350,1380
2024-11-16,1.119089961051941,-0.05786394764927849,0,1,0.519934615889845,0.480065384110155,0.519934615889845,0.1,scale,0.2450506870922751,750,1250,1350,1380
2024-11-17,1.0543349981307983,0.060323347997597976,1,1,0.5139689280640676,0.4860310719359324,0.5139689280640676,0.1,scale,0.2450506870922751,750,1250,1350,1380
2024-11-18,1.1179360151290894,-0.014302307962090088,0,1,0.5134071002785934,0.4865928997214066,0.5134071002785934,0.1,scale,0.2450506870922751,750,1250,1350,1380
2024-11-19,1.1019469499588013,0.0003212964017724751,1,1,0.5182539504383422,0.4817460495616578,0.5182539504383422,0.1,scale,0.2450506870922751,750,1250,1350,1380
2024-11-20,1.102301001548767,0.13431088538907288,1,1,0.5141386915897921,0.4858613084102079,0.5141386915897921,0.1,scale,0.2450506870922751,750,1250,1350,1380
2024-11-21,1.2503520250320437,0.1748843733258787,1,1,0.5211826268257868,0.47881737317421325,0.5211826268257868,0.1,scale,0.2450506870922751,750,1250,1350,1380
2024-11-22,1.469019055366516,-7.546848277750762e-06,0,1,0.5300044872385692,0.4699955127614308,0.5300044872385692,0.1,scale,0.2450506870922751,750,1250,1350,1380
2024-11-23,1.469007968902588,-0.02491273992260934,0,1,0.5185498417930395,0.48145015820696047,0.5185498417930395,0.1,scale,0.2450506870922751,750,1250,1350,1380
2024-11-24,1.4324109554290771,-0.01185966900284241,0,1,0.5138834605131763,0.48611653948682365,0.5138834605131763,0.1,scale,0.2450506870922751,750,1250,1350,1380
2024-11-25,1.415423035621643,-0.009961738938262799,0,1,0.5192541274687341,0.4807458725312659,0.5192541274687341,0.1,scale,0.2450506870922751,750,1250,1350,1380
2024-11-26,1.4013229608535769,0.05101543162064548,1,1,0.519135064250283,0.480864935749717,0.519135064250283,0.1,scale,0.2450506870922751,750,1250,1350,1380
2024-11-27,1.4728120565414429,0.04653066008204232,1,1,0.5159009177356496,0.4840990822643504,0.5159009177356496,0.1,scale,0.2450506870922751,750,1250,1350,1380
2024-11-28,1.5413429737091064,0.16569188417198766,1,1,0.5142691169035676,0.4857308830964324,0.5142691169035676,0.1,scale,0.2450506870922751,750,1250,1350,1380
2024-11-29,1.7967309951782229,0.08203231778616749,1,1,0.5237267652409936,0.4762732347590064,0.5237267652409936,0.1,scale,0.2450506870922751,750,1250,1350,1380
2024-11-30,1.94412100315094,0.1934561116681155,1,1,0.5220927046756733,0.47790729532432674,0.5220927046756733,0.1,scale,0.2450506870922751,750,1250,1350,1380
2024-12-01,2.320223093032837,0.1696310447042204,1,1,0.5241812635650959,0.47581873643490413,0.5241812635650959,0.1,scale,0.2450506870922751,750,1250,1350,1380
2024-12-02,2.7138049602508545,-0.06937785234433524,0,1,0.5233967479386777,0.47660325206132226,0.5233967479386777,0.1,scale,0.2450506870922751,750,1250,1350,1380
2024-12-03,2.525527000427246,-0.06774149452818468,0,1,0.5196253259693746,0.4803746740306254,0.5196253259693746,0.1,scale,0.2450506870922751,750,1250,1350,1380
2024-12-04,2.354444026947021,-0.025160061705754466,0,1,0.5222160352779858,0.47778396472201423,0.5222160352779858,0.1,scale,0.2450506870922751,750,1250,1350,1380
2024-12-05,2.295206069946289,0.05643541482977921,1,1,0.5226698413371788,0.47733015866282125,0.5226698413371788,0.1,scale,0.2450506870922751,750,1250,1350,1380
2024-12-06,2.424736976623535,0.07913730112750295,1,1,0.5217165853783936,0.4782834146216064,0.5217165853783936,0.1,scale,0.2450506870922751,750,1250,1350,1380
2024-12-07,2.616624116897583,-0.003162939637721185,0,1,0.522453642727406,0.477546357272594,0.522453642727406,0.1,scale,0.2450506870922751,750,1250,1350,1380
2024-12-08,2.6083478927612305,-0.1492883496505184,0,1,0.5225053208633403,0.47749467913665966,0.5225053208633403,0.1,scale,0.2450506870922751,750,1250,1350,1380
2024-12-09,2.218951940536499,0.06769321751605428,1,1,0.5219045546436123,0.4780954453563877,0.5219045546436123,0.1,scale,0.2450506870922751,750,1250,1350,1380
2024-12-10,2.3691599369049072,0.013046825005230467,1,1,0.5167626449955589,0.4832373550044411,0.5167626449955589,1.0,0.1,0.2480902611827754,780,1280,1380,1410
2024-12-11,2.4000699520111084,-0.023874242633304177,0,1,0.5140853675799809,0.4859146324200191,0.5140853675799809,1.0,0.1,0.2480902611827754,780,1280,1380,1410
2024-12-12,2.3427700996398926,0.03352821868680844,1,1,0.5158214956668037,0.4841785043331963,0.5158214956668037,1.0,0.1,0.2480902611827754,780,1280,1380,1410
2024-12-13,2.421319007873535,-0.009339538554914872,0,1,0.513338238626714,0.486661761373286,0.513338238626714,1.0,0.1,0.2480902611827754,780,1280,1380,1410
2024-12-14,2.398705005645752,0.020112916361938904,1,1,0.5098831949707074,0.49011680502929256,0.5098831949707074,1.0,0.1,0.2480902611827754,780,1280,1380,1410
2024-12-15,2.446949958801269,0.017044889865317714,1,1,0.5125677260780873,0.4874322739219127,0.5125677260780873,1.0,0.1,0.2480902611827754,780,1280,1380,1410
2024-12-16,2.4886579513549805,0.03075236813132709,1,1,0.5178825206205246,0.48211747937947536,0.5178825206205246,1.0,0.1,0.2480902611827754,780,1280,1380,1410
2024-12-17,2.565190076828003,-0.10208680265525638,0,1,0.5163267392746501,0.4836732607253499,0.5163267392746501,1.0,0.1,0.2480902611827754,780,1280,1380,1410
2024-12-18,2.3033180236816406,-0.023629784481973504,0,1,0.5148640357419472,0.48513596425805283,0.5148640357419472,1.0,0.1,0.2480902611827754,780,1280,1380,1410
2024-12-19,2.248891115188598,0.012448299942338092,1,1,0.5005050041085175,0.4994949958914825,0.5005050041085175,1.0,0.1,0.2480902611827754,780,1280,1380,1410
2024-12-20,2.276885986328125,-0.017029404964548522,0,0,0.48937025972918213,0.5106297402708179,0.5106297402708179,1.0,0.1,0.2480902611827754,780,1280,1380,1410
2024-12-21,2.238111972808838,-0.0173270928599234,0,0,0.49309989201461946,0.5069001079853805,0.5069001079853805,1.0,0.1,0.2480902611827754,780,1280,1380,1410
2024-12-22,2.199331998825073,0.026339812591609224,1,0,0.4939494429165204,0.5060505570834797,0.5060505570834797,1.0,0.1,0.2480902611827754,780,1280,1380,1410
2024-12-23,2.2572619915008545,0.029842379988345602,1,0,0.4764487767990781,0.5235512232009218,0.5235512232009218,1.0,0.1,0.2480902611827754,780,1280,1380,1410
2024-12-24,2.3246240615844727,-0.01232633653942794,0,0,0.483361578332011,0.516638421667989,0.516638421667989,1.0,0.1,0.2480902611827754,780,1280,1380,1410
2024-12-25,2.2959699630737305,-0.06168673382626533,0,1,0.5101235680938315,0.4898764319061685,0.5101235680938315,1.0,0.1,0.2480902611827754,780,1280,1380,1410
2024-12-26,2.154339075088501,-0.005890026209742327,0,1,0.5560093741353879,0.44399062586461213,0.5560093741353879,1.0,0.1,0.2480902611827754,780,1280,1380,1410
2024-12-27,2.1416499614715576,0.0182915418484646,1,1,0.5225030810348529,0.4774969189651471,0.5225030810348529,1.0,0.1,0.2480902611827754,780,1280,1380,1410
2024-12-28,2.180824041366577,-0.04018852439570886,0,0,0.49968771175025206,0.5003122882497479,0.5003122882497479,1.0,0.1,0.2480902611827754,780,1280,1380,1410
2024-12-29,2.093179941177368,-0.017011918651238633,0,1,0.5658080958279413,0.43419190417205866,0.5658080958279413,1.0,0.1,0.2480902611827754,780,1280,1380,1410
2024-12-30,2.0575709342956543,0.010962936835564818,1,1,0.5980348098552905,0.40196519014470955,0.5980348098552905,1.0,0.1,0.2480902611827754,780,1280,1380,1410
2024-12-31,2.080127954483032,0.11644139980233126,1,1,0.5040274681483478,0.49597253185165224,0.5040274681483478,1.0,0.1,0.2480902611827754,780,1280,1380,1410
2025-01-01,2.322340965270996,0.03489106014370358,1,0,0.41236239567457983,0.5876376043254201,0.5876376043254201,1.0,0.1,0.2480902611827754,780,1280,1380,1410
2025-01-02,2.403369903564453,0.020606987932301424,1,1,0.5145897474770705,0.48541025252292946,0.5145897474770705,1.0,0.1,0.2480902611827754,780,1280,1380,1410
2025-01-03,2.4528961181640625,-0.013576243522671283,0,1,0.5633733769299244,0.4366266230700756,0.5633733769299244,1.0,0.1,0.2480902611827754,780,1280,1380,1410
2025-01-04,2.419595003128052,-0.008211248993326037,0,1,0.5906287999590519,0.40937120004094807,0.5906287999590519,1.0,0.1,0.2480902611827754,780,1280,1380,1410
2025-01-05,2.3997271060943604,0.007950872239308016,1,1,0.5697733160619673,0.43022668393803265,0.5697733160619673,1.0,0.1,0.2480902611827754,780,1280,1380,1410
2025-01-06,2.418807029724121,-0.06054925219896834,0,1,0.5348882489071833,0.46511175109281666,0.5348882489071833,1.0,0.1,0.2480902611827754,780,1280,1380,1410
2025-01-07,2.2723500728607178,0.04530765999991404,1,1,0.6230842793123251,0.37691572068767487,0.6230842793123251,1.0,0.1,0.2480902611827754,780,1280,1380,1410
2025-01-08,2.375304937362671,-0.04213896342486123,0,0,0.46164442035697156,0.5383555796430284,0.5383555796430284,1.0,0.1,0.2480902611827754,780,1280,1380,1410
2025-01-09,2.275212049484253,0.029904858371081255,1,1,0.5451473947009327,0.45485260529906735,0.5451473947009327,10.0,scale,0.2472209896766361,810,1310,1410,1440
2025-01-10,2.343251943588257,0.0996555766295959,1,0,0.4906709197022879,0.5093290802977122,0.5093290802977122,10.0,scale,0.2472209896766361,810,1310,1410,1440
2025-01-11,2.576770067214966,-0.027342768716950294,0,0,0.4781645321779171,0.5218354678220829,0.5218354678220829,10.0,scale,0.2472209896766361,810,1310,1410,1440
2025-01-12,2.5063140392303467,0.00663160088669934,1,1,0.5651561428214097,0.4348438571785903,0.5651561428214097,10.0,scale,0.2472209896766361,810,1310,1410,1440
2025-01-13,2.522934913635254,0.05794760439374347,1,0,0.46248039458726775,0.5375196054127322,0.5375196054127322,10.0,scale,0.2472209896766361,810,1310,1410,1440
2025-01-14,2.669132947921753,0.1820534865305572,1,1,0.5391498274098951,0.46085017259010486,0.5391498274098951,10.0,scale,0.2472209896766361,810,1310,1410,1440
2025-01-15,3.155057907104492,0.028678394882233116,1,0,0.4746063795709289,0.5253936204290711,0.5253936204290711,10.0,scale,0.2472209896766361,810,1310,1410,1440
2025-01-16,3.245539903640747,0.016359405179588338,1,0,0.47928152021897674,0.5207184797810233,0.5207184797810233,10.0,scale,0.2472209896766361,810,1310,1410,1440
2025-01-17,3.298635005950928,-0.007462481599840753,0,0,0.4881118067467694,0.5118881932532307,0.5118881932532307,10.0,scale,0.2472209896766361,810,1310,1410,1440
2025-01-18,3.2740190029144287,-0.09752603200455923,0,1,0.5174746030238955,0.4825253969761045,0.5174746030238955,10.0,scale,0.2472209896766361,810,1310,1410,1440
2025-01-19,2.954716920852661,0.04911401058389431,1,1,0.543813383365466,0.45618661663453397,0.543813383365466,10.0,scale,0.2472209896766361,810,1310,1410,1440
2025-01-20,3.09983491897583,0.022441536266550877,1,1,0.5025790241677313,0.49742097583226874,0.5025790241677313,10.0,scale,0.2472209896766361,810,1310,1410,1440
2025-01-21,3.1693999767303467,0.0005379350260847904,1,1,0.5263777777403773,0.4736222222596227,0.5263777777403773,10.0,scale,0.2472209896766361,810,1310,1410,1440
2025-01-22,3.171104907989502,-0.01615020038978754,0,1,0.5055062298261558,0.4944937701738442,0.5055062298261558,10.0,scale,0.2472209896766361,810,1310,1410,1440
2025-01-23,3.1198909282684326,-0.005259147512210016,0,1,0.5094641278850404,0.49053587211495964,0.5094641278850404,10.0,scale,0.2472209896766361,810,1310,1410,1440
2025-01-24,3.103482961654663,0.0020051546633308437,1,1,0.5071328578363029,0.4928671421636971,0.5071328578363029,10.0,scale,0.2472209896766361,810,1310,1410,1440
2025-01-25,3.109705924987793,-0.02684433060605751,0,1,0.5058921615228521,0.4941078384771479,0.5058921615228521,10.0,scale,0.2472209896766361,810,1310,1410,1440
2025-01-26,3.0262279510498047,0.008907800569136093,1,0,0.49478910987026686,0.5052108901297332,0.5052108901297332,10.0,scale,0.2472209896766361,810,1310,1410,1440
2025-01-27,3.053184986114502,0.002598940839073194,1,1,0.5118680520178724,0.48813194798212756,0.5118680520178724,10.0,scale,0.2472209896766361,810,1310,1410,1440
2025-01-28,3.06112003326416,0.002343591550546309,1,0,0.485229481741455,0.5147705182585449,0.5147705182585449,10.0,scale,0.2472209896766361,810,1310,1410,1440
2025-01-29,3.068294048309326,0.02045921793456995,1,0,0.4611937848260532,0.5388062151739468,0.5388062151739468,10.0,scale,0.2472209896766361,810,1310,1410,1440
2025-01-30,3.1310689449310303,-0.030548354464500882,0,0,0.46291118657685437,0.5370888134231456,0.5370888134231456,10.0,scale,0.2472209896766361,810,1310,1410,1440
2025-01-31,3.0354199409484863,-0.04972982704123652,0,0,0.45515712467128,0.54484287532872,0.54484287532872,10.0,scale,0.2472209896766361,810,1310,1410,1440
2025-02-01,2.8844690322875977,-0.10562573047211421,0,0,0.46664226798968667,0.5333577320103133,0.5333577320103133,10.0,scale,0.2472209896766361,810,1310,1410,1440
2025-02-02,2.579794883728028,0.047042893988453516,1,1,0.5673301723952617,0.43266982760473827,0.5673301723952617,10.0,scale,0.2472209896766361,810,1310,1410,1440
2025-02-03,2.7011559009552,-0.061355567502766495,0,1,0.574891148138098,0.42510885186190195,0.574891148138098,10.0,scale,0.2472209896766361,810,1310,1410,1440
2025-02-04,2.5354249477386475,-0.06038830983728849,0,0,0.477162923886479,0.522837076113521,0.522837076113521,10.0,scale,0.2472209896766361,810,1310,1410,1440
2025-02-05,2.382314920425415,-0.023269359466373096,0,1,0.5281548380036724,0.47184516199632764,0.5281548380036724,10.0,scale,0.2472209896766361,810,1310,1410,1440
2025-02-06,2.326879978179932,0.028666317883381254,1,1,0.5562774462047081,0.4437225537952919,0.5562774462047081,10.0,scale,0.2472209896766361,810,1310,1410,1440
2025-02-07,2.393583059310913,0.012864793416747844,1,1,0.5057659308779124,0.49423406912208756,0.5057659308779124,10.0,scale,0.2472209896766361,810,1310,1410,1440
2025-02-08,2.4243760108947754,-0.011316733818029445,0,1,0.5133251932537444,0.48667480674625563,0.5133251932537444,10.0,scale,0.24517754166487776,840,1340,1440,1470
2025-02-09,2.396939992904663,0.010745417389673939,1,0,0.4661720299051314,0.5338279700948686,0.5338279700948686,10.0,scale,0.24517754166487776,840,1340,1440,1470
2025-02-10,2.422696113586426,-0.003500262362220452,0,0,0.4428008237200846,0.5571991762799153,0.5571991762799153,10.0,scale,0.24517754166487776,840,1340,1440,1470
2025-02-11,2.4142160415649414,0.02428076914416777,1,0,0.4436589451965491,0.5563410548034509,0.5563410548034509,10.0,scale,0.24517754166487776,840,1340,1440,1470
2025-02-12,2.472835063934326,0.03626604853033544,1,0,0.45646977379069,0.54353022620931,0.54353022620931,10.0,scale,0.24517754166487776,840,1340,1440,1470
2025-02-13,2.5625150203704834,0.06933850838954014,1,0,0.47077221364282135,0.5292277863571786,0.5292277863571786,10.0,scale,0.24517754166487776,840,1340,1440,1470
2025-02-14,2.7401959896087646,0.007803125583224491,1,1,0.582715777139154,0.417284222860846,0.582715777139154,10.0,scale,0.24517754166487776,840,1340,1440,1470
2025-02-15,2.76157808303833,-0.012222416186346452,0,1,0.5169532486958165,0.4830467513041835,0.5169532486958165,10.0,scale,0.24517754166487776,840,1340,1440,1470
2025-02-16,2.7278249263763428,-0.025496867627330277,0,1,0.5736106169250886,0.42638938307491137,0.5736106169250886,10.0,scale,0.24517754166487776,840,1340,1440,1470
2025-02-17,2.658273935317993,-0.03739117667713732,0,1,0.5195602809215655,0.4804397190784345,0.5195602809215655,10.0,scale,0.24517754166487776,840,1340,1440,1470
2025-02-18,2.558877944946289,0.07109489195275165,1,1,0.5257501635436177,0.4742498364563823,0.5257501635436177,10.0,scale,0.24517754166487776,840,1340,1440,1470
2025-02-19,2.7408010959625244,-0.018232994393668656,0,1,0.5652987665231723,0.43470123347682765,0.5652987665231723,10.0,scale,0.24517754166487776,840,1340,1440,1470
2025-02-20,2.6908280849456787,-0.04485169478948137,0,1,0.5953243204448201,0.4046756795551799,0.5953243204448201,10.0,scale,0.24517754166487776,840,1340,1440,1470
2025-02-21,2.5701398849487305,0.0021656876266935576,1,1,0.5596468132922647,0.44035318670773527,0.5596468132922647,10.0,scale,0.24517754166487776,840,1340,1440,1470
2025-02-22,2.5757060050964355,0.0005101221905097209,1,1,0.5326954519506815,0.46730454804931854,0.5326954519506815,10.0,scale,0.24517754166487776,840,1340,1440,1470
2025-02-23,2.5770199298858643,-0.11606074862114735,0,0,0.4927574526717075,0.5072425473282924,0.5072425473282924,10.0,scale,0.24517754166487776,840,1340,1440,1470
2025-02-24,2.2779290676116943,0.01878374060255661,1,0,0.4505833001730263,0.5494166998269737,0.5494166998269737,10.0,scale,0.24517754166487776,840,1340,1440,1470
2025-02-25,2.320717096328736,-0.05527691003907742,0,0,0.4208873831785539,0.5791126168214461,0.5791126168214461,10.0,scale,0.24517754166487776,840,1340,1440,1470
2025-02-26,2.1924350261688232,0.002833812486413567,1,1,0.5687454286509297,0.4312545713490703,0.5687454286509297,10.0,scale,0.24517754166487776,840,1340,1440,1470
2025-02-27,2.198647975921631,-0.02412978466888993,0,1,0.5183808750764336,0.4816191249235664,0.5183808750764336,10.0,scale,0.24517754166487776,840,1340,1440,1470
2025-02-28,2.145595073699951,0.020976905036159676,1,1,0.5147204191593193,0.4852795808406807,0.5147204191593193,10.0,scale,0.24517754166487776,840,1340,1440,1470
2025-03-01,2.190603017807007,0.34070028966957633,1,1,0.5548065208666869,0.4451934791333131,0.5548065208666869,10.0,scale,0.24517754166487776,840,1340,1440,1470
2025-03-02,2.9369421005249023,-0.1876782492051745,0,1,0.5276866352962551,0.47231336470374485,0.5276866352962551,10.0,scale,0.24517754166487776,840,1340,1440,1470
2025-03-03,2.385741949081421,0.029091212165819336,1,1,0.5034416936029154,0.49655830639708465,0.5034416936029154,10.0,scale,0.24517754166487776,840,1340,1440,1470
2025-03-04,2.455146074295044,0.018476680408664903,1,0,0.49719347991360374,0.5028065200863963,0.5028065200863963,10.0,scale,0.24517754166487776,840,1340,1440,1470
2025-03-05,2.500509023666382,0.04047971494756575,1,1,0.5640197042051489,0.4359802957948511,0.5640197042051489,10.0,scale,0.24517754166487776,840,1340,1440,1470
2025-03-06,2.601728916168213,-0.08459948744744761,0,1,0.5400108150079291,0.45998918499207087,0.5400108150079291,10.0,scale,0.24517754166487776,840,1340,1440,1470
2025-03-07,2.3816239833831787,-0.02443085094934505,0,1,0.5371496277470369,0.4628503722529631,0.5371496277470369,10.0,scale,0.24517754166487776,840,1340,1440,1470
2025-03-08,2.323438882827759,-0.08128589135440811,0,1,0.5746360754787396,0.4253639245212604,0.5746360754787396,10.0,scale,0.24517754166487776,840,1340,1440,1470
2025-03-09,2.1345760822296143,-0.05447544700075202,0,1,0.594833644968105,0.405166355031895,0.594833644968105,10.0,scale,0.24517754166487776,840,1340,1440,1470
2025-03-10,2.018294095993042,0.07363733454738197,1,1,0.5850707748031273,0.4149292251968727,0.5850707748031273,0.1,scale,0.24783702342463468,870,1370,1470,1500
2025-03-11,2.1669158935546875,0.034075705403102674,1,1,0.5311255594909037,0.4688744405090963,0.5311255594909037,0.1,scale,0.24783702342463468,870,1370,1470,1500
2025-03-12,2.240755081176758,0.004575668560036883,1,1,0.5189856615468574,0.48101433845314256,0.5189856615468574,0.1,scale,0.24783702342463468,870,1370,1470,1500
2025-03-13,2.2510080337524414,0.04683896857800507,1,1,0.5180541284608853,0.4819458715391147,0.5180541284608853,0.1,scale,0.24783702342463468,870,1370,1470,1500
2025-03-14,2.356442928314209,0.015614695722364624,1,1,0.5003418547512889,0.4996581452487111,0.5003418547512889,0.1,scale,0.24783702342463468,870,1370,1470,1500
2025-03-15,2.393238067626953,-0.0398501967728927,0,1,0.5076218375476198,0.4923781624523802,0.5076218375476198,0.1,scale,0.24783702342463468,870,1370,1470,1500
2025-03-16,2.2978670597076416,0.018613288527138616,1,1,0.5319853349737752,0.4680146650262248,0.5319853349737752,0.1,scale,0.24783702342463468,870,1370,1470,1500
2025-03-17,2.3406379222869877,-0.02293307957842383,0,0,0.49177643619548617,0.5082235638045138,0.5082235638045138,0.1,scale,0.24783702342463468,870,1370,1470,1500
2025-03-18,2.2869598865509038,0.11319879005921973,1,1,0.5317414429961619,0.4682585570038381,0.5317414429961619,0.1,scale,0.24783702342463468,870,1370,1470,1500
2025-03-19,2.5458409786224365,-0.04366610286109862,0,0,0.47973682530548195,0.5202631746945181,0.5202631746945181,0.1,scale,0.24783702342463468,870,1370,1470,1500
2025-03-20,2.434674024581909,-0.02275297615113059,0,1,0.5328069974965808,0.4671930025034192,0.5328069974965808,0.1,scale,0.24783702342463468,870,1370,1470,1500
2025-03-21,2.37927794456482,-0.003973479407360259,0,1,0.5284162034542423,0.47158379654575766,0.5284162034542423,0.1,scale,0.24783702342463468,870,1370,1470,1500
2025-03-22,2.369823932647705,0.027710522646316793,1,1,0.5384192428552455,0.46158075714475455,0.5384192428552455,0.1,scale,0.24783702342463468,870,1370,1470,1500
2025-03-23,2.435492992401123,0.005201857076093885,1,0,0.4858971064126525,0.5141028935873475,0.5141028935873475,0.1,scale,0.24783702342463468,870,1370,1470,1500
2025-03-24,2.448162078857422,0.001302158402296083,1,0,0.4973832469904168,0.5026167530095832,0.5026167530095832,0.1,scale,0.24783702342463468,870,1370,1470,1500
2025-03-25,2.451349973678589,-0.04171661378796343,0,1,0.5105543362532836,0.4894456637467164,0.5105543362532836,0.1,scale,0.24783702342463468,870,1370,1470,1500
2025-03-26,2.349087953567505,-0.004603468114459552,0,1,0.5588700803084758,0.44112991969152415,0.5588700803084758,0.1,scale,0.24783702342463468,870,1370,1470,1500
2025-03-27,2.3382740020751958,-0.057365781378856506,0,1,0.5319311569389956,0.4680688430610044,0.5319311569389956,0.1,scale,0.24783702342463468,870,1370,1470,1500
2025-03-28,2.204137086868286,-0.029121602246273914,0,1,0.5881515885300533,0.41184841146994666,0.5881515885300533,0.1,scale,0.24783702342463468,870,1370,1470,1500
2025-03-29,2.139949083328247,-0.001778600353826043,0,1,0.582584017719733,0.417415982280267,0.582584017719733,0.1,scale,0.24783702342463468,870,1370,1470,1500
2025-03-30,2.1361429691314697,-0.02164932425245525,0,1,0.5585124425474025,0.4414875574525975,0.5585124425474025,0.1,scale,0.24783702342463468,870,1370,1470,1500
2025-03-31,2.08989691734314,0.02378781844567812,1,1,0.562809847318049,0.43719015268195105,0.562809847318049,0.1,scale,0.24783702342463468,870,1370,1470,1500
2025-04-01,2.139611005783081,-0.053534925033253744,0,1,0.5258624651033409,0.4741375348966591,0.5258624651033409,0.1,scale,0.24783702342463468,870,1370,1470,1500
2025-04-02,2.025067090988159,0.018468527494402753,1,1,0.6061730689766631,0.3938269310233369,0.6061730689766631,0.1,scale,0.24783702342463468,870,1370,1470,1500
2025-04-03,2.062467098236084,0.03223944566246972,1,1,0.5467833064654067,0.45321669353459326,0.5467833064654067,0.1,scale,0.24783702342463468,870,1370,1470,1500
2025-04-04,2.128959894180298,0.0069382345381967525,1,1,0.5089871259470995,0.4910128740529005,0.5089871259470995,0.1,scale,0.24783702342463468,870,1370,1470,1500
2025-04-05,2.143731117248535,-0.10534724060386191,0,1,0.5144525510332528,0.4855474489667472,0.5144525510332528,0.1,scale,0.24783702342463468,870,1370,1470,1500
2025-04-06,1.917894959449768,-0.010501620757077501,0,1,0.5873612023337897,0.41263879766621026,0.5873612023337897,0.1,scale,0.24783702342463468,870,1370,1470,1500
2025-04-07,1.897753953933716,-0.054372702583760035,0,1,0.56236034303228,0.43763965696772,0.56236034303228,0.1,scale,0.24783702342463468,870,1370,1470,1500
2025-04-08,1.7945679426193235,0.14330473370835417,1,1,0.6019548349399836,0.3980451650600164,0.6019548349399836,0.1,scale,0.24783702342463468,870,1370,1470,1500
2025-04-09,2.0517380237579346,-0.041553053803372264,0,1,0.5140418976800769,0.4859581023199231,0.5140418976800769,1.0,scale,0.24824780299298083,900,1400,1500,1530
2025-04-10,1.9664820432662964,0.02919166028079334,1,1,0.5620246157649641,0.4379753842350359,0.5620246157649641,1.0,scale,0.24824780299298083,900,1400,1500,1530
2025-04-11,2.0238869190216064,0.06657150595072547,1,1,0.5085767836710691,0.49142321632893093,0.5085767836710691,1.0,scale,0.24824780299298083,900,1400,1500,1530
2025-04-12,2.1586201190948486,-0.01779894187140607,0,0,0.49122224695710265,0.5087777530428974,0.5087777530428974,1.0,scale,0.24824780299298083,900,1400,1500,1530
2025-04-13,2.120198965072632,0.003091728899883517,1,1,0.530521248615714,0.46947875138428596,0.530521248615714,1.0,scale,0.24824780299298083,900,1400,1500,1530
2025-04-14,2.12675404548645,-0.017964064472162367,0,1,0.5248341716113718,0.4751658283886282,0.5248341716113718,1.0,scale,0.24824780299298083,900,1400,1500,1530
2025-04-15,2.0885488986968994,-0.002540979124564857,0,1,0.540448306811471,0.45955169318852895,0.540448306811471,1.0,scale,0.24824780299298083,900,1400,1500,1530
2025-04-16,2.0832419395446777,-0.008077251008554831,0,1,0.5164997815104777,0.4835002184895223,0.5164997815104777,1.0,scale,0.24824780299298083,900,1400,1500,1530
2025-04-17,2.0664150714874268,-0.0013975721956861475,0,1,0.5345661015203064,0.46543389847969363,0.5345661015203064,1.0,scale,0.24824780299298083,900,1400,1500,1530
2025-04-18,2.063527107238769,0.011530249357023736,1,1,0.5314965548898131,0.46850344511018693,0.5314965548898131,1.0,scale,0.24824780299298083,900,1400,1500,1530
2025-04-19,2.08732008934021,-0.0049436569766146965,0,1,0.5120798474430237,0.4879201525569763,0.5120798474430237,1.0,scale,0.24824780299298083,900,1400,1500,1530
2025-04-20,2.0770010948181152,0.00409914442556536,1,1,0.5292828970146762,0.47071710298532377,0.5292828970146762,1.0,scale,0.24824780299298083,900,1400,1500,1530
2025-04-21,2.085515022277832,0.0623145424339715,1,1,0.5161067569306205,0.48389324306937953,0.5161067569306205,1.0,scale,0.24824780299298083,900,1400,1500,1530
2025-04-22,2.215472936630249,0.0008499449063947839,1,1,0.5181179096872851,0.4818820903127149,0.5181179096872851,1.0,scale,0.24824780299298083,900,1400,1500,1530
2025-04-23,2.217355966567993,-0.005778007400864427,0,1,0.5335723583516175,0.46642764164838246,0.5335723583516175,1.0,scale,0.24824780299298083,900,1400,1500,1530
2025-04-24,2.2045440673828125,-0.009748091391709401,0,1,0.5751216214879069,0.4248783785120931,0.5751216214879069,1.0,scale,0.24824780299298083,900,1400,1500,1530
2025-04-25,2.183053970336914,0.00464254916128537,1,1,0.5632363399810295,0.4367636600189705,0.5632363399810295,1.0,scale,0.24824780299298083,900,1400,1500,1530
2025-04-26,2.1931889057159424,0.028747238392934138,1,1,0.5197528074250053,0.4802471925749947,0.5197528074250053,1.0,scale,0.24824780299298083,900,1400,1500,1530
2025-04-27,2.256237030029297,0.01724147404976506,1,1,0.5054815842537745,0.49451841574622546,0.5054815842537745,1.0,scale,0.24824780299298083,900,1400,1500,1530
2025-04-28,2.295137882232666,-0.023674737230725218,0,1,0.5345969295572581,0.4654030704427419,0.5345969295572581,1.0,scale,0.24824780299298083,900,1400,1500,1530
2025-04-29,2.2408010959625244,-0.02197614304511919,0,1,0.6066047171581129,0.3933952828418871,0.6066047171581129,1.0,scale,0.24824780299298083,900,1400,1500,1530
2025-04-30,2.191556930541992,0.010314667360599161,1,1,0.5680572941008791,0.43194270589912087,0.5680572941008791,1.0,scale,0.24824780299298083,900,1400,1500,1530
2025-05-01,2.2141621112823486,-0.001956095213575204,0,1,0.5609187631732505,0.4390812368267495,0.5609187631732505,1.0,scale,0.24824780299298083,900,1400,1500,1530
2025-05-02,2.2098309993743896,-0.00971300946853082,0,1,0.5673238337399621,0.4326761662600379,0.5673238337399621,1.0,scale,0.24824780299298083,900,1400,1500,1530
2025-05-03,2.1883668899536133,-0.013970206596245482,0,1,0.5809133797462452,0.41908662025375476,0.5809133797462452,1.0,scale,0.24824780299298083,900,1400,1500,1530
2025-05-04,2.157794952392578,-0.01028181146391871,0,1,0.5647522327663869,0.43524776723361314,0.5647522327663869,1.0,scale,0.24824780299298083,900,1400,1500,1530
2025-05-05,2.1356089115142822,0.009281271905787758,1,1,0.5366906697837468,0.4633093302162532,0.5366906697837468,1.0,scale,0.24824780299298083,900,1400,1500,1530
2025-05-06,2.1554300785064697,-0.013574537507705542,0,1,0.5075011850835984,0.4924988149164016,0.5075011850835984,1.0,scale,0.24824780299298083,900,1400,1500,1530
2025-05-07,2.126171112060547,0.09266088707000653,1,1,0.5317656505437134,0.4682343494562866,0.5317656505437134,1.0,scale,0.24824780299298083,900,1400,1500,1530
2025-05-08,2.323184013366699,0.00924894346756111,1,0,0.4743145356099648,0.5256854643900353,0.5256854643900353,1.0,scale,0.24824780299298083,900,1400,1500,1530
2025-05-09,2.3446710109710693,0.05431845782444511,1,1,0.5328396200664255,0.4671603799335745,0.5328396200664255,1.0,0.01,0.2534958519741244,930,1430,1530,1560
2025-05-10,2.4720299243927,-0.04267949533416049,0,1,0.5075504876211681,0.49244951237883194,0.5075504876211681,1.0,0.01,0.2534958519741244,930,1430,1530,1560
2025-05-11,2.3665249347686768,0.07526351448353674,1,1,0.5676928901211428,0.43230710987885723,0.5676928901211428,1.0,0.01,0.2534958519741244,930,1430,1530,1560
2025-05-12,2.54463791847229,0.016469994101931285,1,1,0.5045812158988331,0.4954187841011669,0.5045812158988331,1.0,0.01,0.2534958519741244,930,1430,1530,1560
2025-05-13,2.586548089981079,-0.013085079053669624,0,1,0.5358170369521663,0.4641829630478337,0.5358170369521663,1.0,0.01,0.2534958519741244,930,1430,1530,1560
2025-05-14,2.5527029037475586,-0.06751113216520455,0,1,0.5530894211630666,0.4469105788369334,0.5530894211630666,1.0,0.01,0.2534958519741244,930,1430,1530,1560
2025-05-15,2.3803670406341557,0.0002592151849616364,1,1,0.5943329274959307,0.4056670725040693,0.5943329274959307,1.0,0.01,0.2534958519741244,930,1430,1530,1560
2025-05-16,2.38098406791687,-0.0111803140437291,0,1,0.5654300208938533,0.4345699791061467,0.5654300208938533,1.0,0.01,0.2534958519741244,930,1430,1530,1560
2025-05-17,2.354363918304444,0.03389749666782027,1,1,0.5704300426398928,0.42956995736010717,0.5704300426398928,1.0,0.01,0.2534958519741244,930,1430,1530,1560
2025-05-18,2.434170961380005,-0.021687906533160328,0,1,0.5395757069870016,0.46042429301299836,0.5395757069870016,1.0,0.01,0.2534958519741244,930,1430,1530,1560
2025-05-19,2.3813788890838623,-0.010340173486245385,0,1,0.5652120104540322,0.43478798954596776,0.5652120104540322,1.0,0.01,0.2534958519741244,930,1430,1530,1560
2025-05-20,2.356755018234253,0.017893672065211863,1,1,0.5605558695400941,0.43944413045990594,0.5605558695400941,1.0,0.01,0.2534958519741244,930,1430,1530,1560
2025-05-21,2.398926019668579,0.012867844551063046,1,1,0.5425491723144409,0.4574508276855591,0.5425491723144409,1.0,0.01,0.2534958519741244,930,1430,1530,1560
2025-05-22,2.429795026779175,-0.05575530656101835,0,1,0.5367617093787873,0.4632382906212127,0.5367617093787873,1.0,0.01,0.2534958519741244,930,1430,1530,1560
2025-05-23,2.294321060180664,0.016801897105708452,1,1,0.5813318039124881,0.41866819608751193,0.5813318039124881,1.0,0.01,0.2534958519741244,930,1430,1530,1560
2025-05-24,2.3328700065612797,0.004331529236365705,1,1,0.5446067418103814,0.4553932581896186,0.5446067418103814,1.0,0.01,0.2534958519741244,930,1430,1530,1560
2025-05-25,2.342974901199341,-0.013791792512762302,0,1,0.5465023497841185,0.4534976502158815,0.5465023497841185,1.0,0.01,0.2534958519741244,930,1430,1530,1560
2025-05-26,2.3106610774993896,0.0034669144409884556,1,1,0.5514426135164763,0.4485573864835237,0.5514426135164763,1.0,0.01,0.2534958519741244,930,1430,1530,1560
2025-05-27,2.318671941757202,-0.019157108608909734,0,1,0.5407658474954545,0.45923415250454547,0.5407658474954545,1.0,0.01,0.2534958519741244,930,1430,1530,1560
2025-05-28,2.274252891540528,-0.013194172750172428,0,1,0.556402550447484,0.443597449552516,0.556402550447484,1.0,0.01,0.2534958519741244,930,1430,1530,1560
2025-05-29,2.244246006011963,-0.04705902975124965,0,1,0.5544560061335464,0.4455439938664536,0.5544560061335464,1.0,0.01,0.2534958519741244,930,1430,1530,1560
2025-05-30,2.138633966445923,0.01703239915001875,1,1,0.575584753102721,0.42441524689727905,0.575584753102721,1.0,0.01,0.2534958519741244,930,1430,1530,1560
2025-05-31,2.1750600337982178,0.0018960056727803654,1,1,0.5443802032388466,0.4556197967611534,0.5443802032388466,1.0,0.01,0.2534958519741244,930,1430,1530,1560
2025-06-01,2.179183959960937,0.008522060882960591,1,1,0.5469721460373896,0.45302785396261036,0.5469721460373896,1.0,0.01,0.2534958519741244,930,1430,1530,1560
2025-06-02,2.1977550983428955,0.022335953156268573,1,1,0.5371941397720962,0.4628058602279038,0.5371941397720962,1.0,0.01,0.2534958519741244,930,1430,1530,1560
2025-06-03,2.2468440532684326,-0.01982067598639936,0,1,0.5273515786429529,0.4726484213570471,0.5273515786429529,1.0,0.01,0.2534958519741244,930,1430,1530,1560
2025-06-04,2.202310085296631,-0.047530095295544195,0,1,0.5524766820839495,0.4475233179160505,0.5524766820839495,1.0,0.01,0.2534958519741244,930,1430,1530,1560
2025-06-05,2.097634077072144,0.030878546143122465,1,1,0.5715531562218236,0.42844684377817643,0.5715531562218236,1.0,0.01,0.2534958519741244,930,1430,1530,1560
2025-06-06,2.1624059677124023,0.007463901030542175,1,1,0.5342190382913087,0.4657809617086913,0.5342190382913087,1.0,0.01,0.2534958519741244,930,1430,1530,1560
2025-06-07,2.1785459518432617,0.03991153363442268,1,1,0.5440009969338356,0.45599900306616437,0.5440009969338356,1.0,0.01,0.2534958519741244,930,1430,1530,1560
2025-06-08,2.2654950618743896,0.02422424339690643,1,1,0.5132373660993995,0.4867626339006005,0.5132373660993995,1.0,0.01,0.24971792673333756,960,1460,1560,1590
2025-06-09,2.3203749656677246,-0.006503254401451275,0,1,0.5210238005227741,0.4789761994772259,0.5210238005227741,1.0,0.01,0.24971792673333756,960,1460,1560,1590
2025-06-10,2.3052849769592285,-0.014927398365053857,0,1,0.5302364317454392,0.4697635682545608,0.5302364317454392,1.0,0.01,0.24971792673333756,960,1460,1560,1590
2025-06-11,2.270873069763184,-0.0335131739139749,0,1,0.5354745170896408,0.4645254829103592,0.5354745170896408,1.0,0.01,0.24971792673333756,960,1460,1560,1590
2025-06-12,2.1947689056396484,-0.020839977891545125,0,1,0.5450807250120605,0.4549192749879395,0.5450807250120605,1.0,0.01,0.24971792673333756,960,1460,1560,1590
2025-06-13,2.1490299701690674,-0.003547605668491882,0,1,0.5398597173626327,0.4601402826373673,0.5398597173626327,1.0,0.01,0.24971792673333756,960,1460,1560,1590
2025-06-14,2.1414060592651367,0.012034570707486925,1,1,0.5415632223095475,0.45843677769045255,0.5415632223095475,1.0,0.01,0.24971792673333756,960,1460,1560,1590
2025-06-15,2.167176961898804,0.03442034306809183,1,1,0.5332859010275756,0.46671409897242444,0.5332859010275756,1.0,0.01,0.24971792673333756,960,1460,1560,1590
2025-06-16,2.241771936416626,-0.03615801591738865,0,1,0.5132826661094315,0.4867173338905685,0.5132826661094315,1.0,0.01,0.24971792673333756,960,1460,1560,1590
2025-06-17,2.1607139110565186,0.004142698895946317,1,1,0.5437221914428589,0.45627780855714106,0.5437221914428589,1.0,0.01,0.24971792673333756,960,1460,1560,1590
2025-06-18,2.169665098190308,-0.0017178677253940622,0,1,0.534025253854549,0.465974746145451,0.534025253854549,1.0,0.01,0.24971792673333756,960,1460,1560,1590
2025-06-19,2.165937900543213,-0.02104902339144854,0,1,0.5368453824057005,0.46315461759429954,0.5368453824057005,1.0,0.01,0.24971792673333756,960,1460,1560,1590
2025-06-20,2.120347023010254,-0.02961258823979185,0,1,0.5376231395279922,0.46237686047200777,0.5376231395279922,1.0,0.01,0.24971792673333756,960,1460,1560,1590
2025-06-21,2.057558059692383,-0.021156140469597795,0,1,0.5449222620033093,0.4550777379966907,0.5449222620033093,1.0,0.01,0.24971792673333756,960,1460,1560,1590
2025-06-22,2.0140280723571777,0.07561019034628935,1,1,0.5368280465729134,0.4631719534270866,0.5368280465729134,1.0,0.01,0.24971792673333756,960,1460,1560,1590
2025-06-23,2.166309118270874,0.011312700999399183,1,1,0.5137124733052673,0.48628752669473274,0.5137124733052673,1.0,0.01,0.24971792673333756,960,1460,1560,1590
2025-06-24,2.1908159255981445,-0.0022566239356235362,0,1,0.5279186526811087,0.4720813473188913,0.5279186526811087,1.0,0.01,0.24971792673333756,960,1460,1560,1590
2025-06-25,2.1858720779418945,-0.03660648335793282,0,1,0.5313894073414765,0.46861059265852345,0.5313894073414765,1.0,0.01,0.24971792673333756,960,1460,1560,1590
2025-06-26,2.1058549880981445,0.01745794781058696,1,1,0.5437504233852232,0.45624957661477683,0.5437504233852232,1.0,0.01,0.24971792673333756,960,1460,1560,1590
2025-06-27,2.1426188945770264,0.020267292177021945,1,1,0.5303460511900951,0.46965394880990485,0.5303460511900951,1.0,0.01,0.24971792673333756,960,1460,1560,1590
2025-06-28,2.1860439777374268,0.009619658034364598,1,1,0.5297721642506555,0.47022783574934446,0.5297721642506555,1.0,0.01,0.24971792673333756,960,1460,1560,1590
2025-06-29,2.2070729732513428,0.014352496749804322,1,1,0.5311247466224642,0.4688752533775358,0.5311247466224642,1.0,0.01,0.24971792673333756,960,1460,1560,1590
2025-06-30,2.2387499809265137,-0.029728653829319218,0,1,0.5184823081396305,0.4815176918603695,0.5184823081396305,1.0,0.01,0.24971792673333756,960,1460,1560,1590
2025-07-01,2.1721949577331543,0.028346434568205847,1,1,0.541581720830733,0.45841827916926703,0.541581720830733,1.0,0.01,0.24971792673333756,960,1460,1560,1590
2025-07-02,2.233768939971924,0.010694510233953958,1,1,0.5233401761104308,0.4766598238895692,0.5233401761104308,1.0,0.01,0.24971792673333756,960,1460,1560,1590
2025-07-03,2.257658004760742,-0.016175634450008136,0,1,0.5282578130169856,0.4717421869830144,0.5282578130169856,1.0,0.01,0.24971792673333756,960,1460,1560,1590
2025-07-04,2.2211389541625977,-0.0011781713698345575,0,1,0.5388544795490845,0.4611455204509155,0.5388544795490845,1.0,0.01,0.24971792673333756,960,1460,1560,1590
2025-07-05,2.218522071838379,0.024349081305031328,1,1,0.5367460144747123,0.46325398552528774,0.5367460144747123,1.0,0.01,0.24971792673333756,960,1460,1560,1590
2025-07-06,2.272541046142578,0.0006762677239635639,1,1,0.5214326032294463,0.4785673967705537,0.5214326032294463,1.0,0.01,0.24971792673333756,960,1460,1560,1590
2025-07-07,2.274077892303467,0.016338976412046957,1,1,0.5264878148813534,0.47351218511864657,0.5264878148813534,1.0,0.01,0.24971792673333756,960,1460,1560,1590
2025-07-08,2.3112339973449707,0.04084487980113072,1,1,0.5115301438884444,0.4884698561115556,0.5115301438884444,0.1,scale,0.2500318876904693,990,1490,1590,1620
2025-07-09,2.405636072158813,0.0586318947065152,1,0,0.4773543685651987,0.5226456314348014,0.5226456314348014,0.1,scale,0.2500318876904693,990,1490,1590,1620
2025-07-10,2.5466830730438232,0.07389255673537676,1,0,0.490510588527446,0.509489411472554,0.509489411472554,0.1,scale,0.2500318876904693,990,1490,1590,1620
2025-07-11,2.7348639965057373,0.0010136126779085597,1,0,0.4931373301000145,0.5068626698999855,0.5068626698999855,0.1,scale,0.2500318876904693,990,1490,1590,1620
2025-07-12,2.737636089324951,0.035908712387692,1,1,0.5272493072017536,0.47275069279824644,0.5272493072017536,0.1,scale,0.2500318876904693,990,1490,1590,1620
2025-07-13,2.8359410762786865,0.04197405941874255,1,1,0.518411403973255,0.481588596026745,0.518411403973255,0.1,scale,0.2500318876904693,990,1490,1590,1620
2025-07-14,2.954977035522461,-0.012191312104690044,0,1,0.5152509268634045,0.48474907313659554,0.5152509268634045,0.1,scale,0.2500318876904693,990,1490,1590,1620
2025-07-15,2.918951988220215,0.04195100666733542,1,1,0.5315071463107813,0.46849285368921867,0.5315071463107813,0.1,scale,0.2500318876904693,990,1490,1590,1620
2025-07-16,3.041404962539673,0.14918241782258668,1,1,0.5246678507003081,0.4753321492996919,0.5246678507003081,0.1,scale,0.2500318876904693,990,1490,1590,1620
2025-07-17,3.495129108428955,-0.022006961428914118,0,1,0.5252073687314103,0.4747926312685897,0.5252073687314103,0.1,scale,0.2500318876904693,990,1490,1590,1620
2025-07-18,3.418211936950684,0.0032748088514906737,1,1,0.5255075816241573,0.47449241837584266,0.5255075816241573,0.1,scale,0.2500318876904693,990,1490,1590,1620
2025-07-19,3.429405927658081,0.008783735729166908,1,1,0.5260231044232456,0.4739768955767544,0.5260231044232456,0.1,scale,0.2500318876904693,990,1490,1590,1620
2025-07-20,3.459528923034668,0.027817657451429723,1,1,0.5261791577749124,0.4738208422250876,0.5261791577749124,0.1,scale,0.2500318876904693,990,1490,1590,1620
2025-07-21,3.55576491355896,-0.001149929405062755,0,1,0.5261439019216154,0.4738560980783846,0.5261439019216154,0.1,scale,0.2500318876904693,990,1490,1590,1620
2025-07-22,3.551676034927368,-0.10325996661432657,0,1,0.5262190472161443,0.4737809527838557,0.5262190472161443,0.1,scale,0.2500318876904693,990,1490,1590,1620
2025-07-23,3.1849300861358643,-0.0128841683219717,0,1,0.5263818043569218,0.47361819564307817,0.5263818043569218,0.1,scale,0.2500318876904693,990,1490,1590,1620
2025-07-24,3.143894910812378,-0.0006917706667246559,0,1,0.5253825643696277,0.4746174356303723,0.5253825643696277,0.1,scale,0.2500318876904693,990,1490,1590,1620
2025-07-25,3.141720056533813,0.008216536143250464,1,1,0.5252621280354473,0.47473787196455275,0.5252621280354473,0.1,scale,0.2500318876904693,990,1490,1590,1620
2025-07-26,3.167534112930298,0.02328242433293015,1,1,0.5250203474545626,0.4749796525454374,0.5250203474545626,0.1,scale,0.2500318876904693,990,1490,1590,1620
2025-07-27,3.2412819862365723,-0.0387007001584857,0,1,0.5243362356827796,0.47566376431722035,0.5243362356827796,0.1,scale,0.2500318876904693,990,1490,1590,1620
2025-07-28,3.11584210395813,0.004040313146076446,1,1,0.5261919556648207,0.4738080443351793,0.5261919556648207,0.1,scale,0.2500318876904693,990,1490,1590,1620
2025-07-29,3.1284310817718506,-0.009607066704029887,0,1,0.5251249173484139,0.47487508265158607,0.5251249173484139,0.1,scale,0.2500318876904693,990,1490,1590,1620
2025-07-30,3.098376035690308,-0.023627199227180595,0,1,0.5266975158605287,0.4733024841394713,0.5266975158605287,0.1,scale,0.2500318876904693,990,1490,1590,1620
2025-07-31,3.025170087814331,-0.020023039791281616,0,1,0.5269081493965483,0.4730918506034517,0.5269081493965483,0.1,scale,0.2500318876904693,990,1490,1590,1620
2025-08-01,2.96459698677063,-0.06686407030934527,0,1,0.5285031544975317,0.4714968455024683,0.5285031544975317,0.1,scale,0.2500318876904693,990,1490,1590,1620
2025-08-02,2.766371965408325,0.06621379547798178,1,1,0.5375020964120689,0.4624979035879311,0.5375020964120689,0.1,scale,0.2500318876904693,990,1490,1590,1620
2025-08-03,2.9495439529418945,0.041791539180573434,1,1,0.5163048972409924,0.4836951027590076,0.5163048972409924,0.1,scale,0.2500318876904693,990,1490,1590,1620
2025-08-04,3.072809934616089,-0.035492581294086945,0,1,0.5099425785152522,0.49005742148474785,0.5099425785152522,0.1,scale,0.2500318876904693,990,1490,1590,1620
2025-08-05,2.963747978210449,0.009494757402142673,1,1,0.5346268166450745,0.4653731833549255,0.5346268166450745,0.1,scale,0.2500318876904693,990,1490,1590,1620
2025-08-06,2.9918880462646484,0.10906822979055986,1,1,0.5232679329375332,0.47673206706246685,0.5232679329375332,0.1,scale,0.2500318876904693,990,1490,1590,1620
2025-08-07,3.3182079792022705,-0.009368874874951083,0,1,0.5121638078879526,0.48783619211204743,0.5121638078879526,1.0,0.01,0.2488905082577002,1020,1520,1620,1650
2025-08-08,3.28712010383606,-0.01802094278736166,0,1,0.5351069535800698,0.46489304641993023,0.5351069535800698,1.0,0.01,0.2488905082577002,1020,1520,1620,1650
2025-08-09,3.227883100509644,-0.012400430971222565,0,1,0.5406404405292835,0.4593595594707165,0.5406404405292835,1.0,0.01,0.2488905082577002,1020,1520,1620,1650
2025-08-10,3.187855958938598,-0.016732834301996014,0,1,0.5426950150385471,0.4573049849614529,0.5426950150385471,1.0,0.01,0.2488905082577002,1020,1520,1620,1650
2025-08-11,3.134514093399048,0.04210919438157679,1,1,0.5437461889489128,0.4562538110510872,0.5437461889489128,1.0,0.01,0.2488905082577002,1020,1520,1620,1650
2025-08-12,3.2665059566497803,0.004311963481624659,1,1,0.5294437202911998,0.4705562797088002,0.5294437202911998,1.0,0.01,0.2488905082577002,1020,1520,1620,1650
2025-08-13,3.2805910110473637,-0.06007116675276303,0,1,0.5379232024918831,0.4620767975081169,0.5379232024918831,1.0,0.01,0.2488905082577002,1020,1520,1620,1650
2025-08-14,3.083522081375122,-0.0015745487843754624,0,1,0.5532303521977784,0.4467696478022216,0.5532303521977784,1.0,0.01,0.2488905082577002,1020,1520,1620,1650
2025-08-15,3.078666925430298,0.009573320870310376,1,1,0.5436131847690628,0.45638681523093716,0.5436131847690628,1.0,0.01,0.2488905082577002,1020,1520,1620,1650
2025-08-16,3.108139991760254,-0.006144831689280594,0,1,0.5428624711818465,0.4571375288181535,0.5428624711818465,1.0,0.01,0.2488905082577002,1020,1520,1620,1650
2025-08-17,3.089040994644165,-0.008921243955775648,0,1,0.5437896876038087,0.45621031239619125,0.5437896876038087,1.0,0.01,0.2488905082577002,1020,1520,1620,1650
2025-08-18,3.0614829063415527,-0.06812345657860619,0,1,0.5407211044717616,0.4592788955282384,0.5407211044717616,1.0,0.01,0.2488905082577002,1020,1520,1620,1650
2025-08-19,2.852924108505249,0.0342893144769556,1,1,0.5629656818521557,0.4370343181478443,0.5629656818521557,1.0,0.01,0.2488905082577002,1020,1520,1620,1650
2025-08-20,2.950748920440674,-0.03398283078564923,0,1,0.5368637676300808,0.4631362323699192,0.5368637676300808,1.0,0.01,0.2488905082577002,1020,1520,1620,1650
2025-08-21,2.8504741191864014,0.07903909037948664,1,1,0.5519340838098072,0.44806591619019276,0.5519340838098072,1.0,0.01,0.2488905082577002,1020,1520,1620,1650
2025-08-22,3.075773000717163,-0.00961023359381219,0,1,0.5187701330092895,0.48122986699071046,0.5187701330092895,1.0,0.01,0.2488905082577002,1020,1520,1620,1650
2025-08-23,3.0462141036987305,-0.006678851300816135,0,1,0.5434564592897436,0.4565435407102564,0.5434564592897436,1.0,0.01,0.2488905082577002,1020,1520,1620,1650
2025-08-24,3.0258688926696777,-0.054396539266625465,0,1,0.5402560452322884,0.45974395476771157,0.5402560452322884,1.0,0.01,0.2488905082577002,1020,1520,1620,1650
2025-08-25,2.861272096633911,0.05275482260086517,1,1,0.5586176006715742,0.4413823993284258,0.5586176006715742,1.0,0.01,0.2488905082577002,1020,1520,1620,1650
2025-08-26,3.0122179985046387,-0.015138325798996655,0,1,0.5301508346674537,0.4698491653325463,0.5301508346674537,1.0,0.01,0.2488905082577002,1020,1520,1620,1650
2025-08-27,2.966618061065674,0.0001607342598162198,1,1,0.5469765568209101,0.45302344317908994,0.5469765568209101,1.0,0.01,0.2488905082577002,1020,1520,1620,1650
2025-08-28,2.967094898223877,-0.04891578862277535,0,1,0.542431761063608,0.457568238936392,0.542431761063608,1.0,0.01,0.2488905082577002,1020,1520,1620,1650
2025-08-29,2.8219571113586426,-0.001336330254797513,0,1,0.5559175818841273,0.4440824181158727,0.5559175818841273,1.0,0.01,0.2488905082577002,1020,1520,1620,1650
2025-08-30,2.818186044692993,-0.014741806255984868,0,1,0.5469567747829912,0.4530432252170088,0.5469567747829912,1.0,0.01,0.2488905082577002,1020,1520,1620,1650
2025-08-31,2.7766408920288086,-0.008263899359750027,0,1,0.5497246827116433,0.4502753172883567,0.5497246827116433,1.0,0.01,0.2488905082577002,1020,1520,1620,1650
2025-09-01,2.753695011138916,0.03927961215719633,1,1,0.5430781341330881,0.45692186586691186,0.5430781341330881,1.0,0.01,0.2488905082577002,1020,1520,1620,1650
2025-09-02,2.861859083175659,-0.005927684300929714,0,1,0.5320175567261001,0.46798244327389993,0.5320175567261001,1.0,0.01,0.2488905082577002,1020,1520,1620,1650
2025-09-03,2.8448948860168457,-0.017247309290354562,0,1,0.542619256849386,0.45738074315061406,0.542619256849386,1.0,0.01,0.2488905082577002,1020,1520,1620,1650
2025-09-04,2.795828104019165,0.0073036808003172915,1,1,0.5450462506789604,0.4549537493210396,0.5450462506789604,1.0,0.01,0.2488905082577002,1020,1520,1620,1650
2025-09-05,2.816247940063477,-0.0019149692690609843,0,1,0.5363071765922167,0.4636928234077833,0.5363071765922167,1.0,0.01,0.2488905082577002,1020,1520,1620,1650
2025-09-06,2.810854911804199,0.024087711351888696,1,1,0.522483716156866,0.47751628384313405,0.522483716156866,0.1,scale,0.25022101338627534,1050,1550,1650,1680
2025-09-07,2.8785619735717773,0.03190449812499452,1,0,0.493889608582697,0.5061103914173031,0.5061103914173031,0.1,scale,0.25022101338627534,1050,1550,1650,1680
2025-09-08,2.9704010486602783,-0.008008016845971522,0,0,0.47454358974152483,0.5254564102584751,0.5254564102584751,0.1,scale,0.25022101338627534,1050,1550,1650,1680
2025-09-09,2.9466140270233154,0.011909948988570562,1,1,0.501872950334932,0.49812704966506804,0.501872950334932,0.1,scale,0.25022101338627534,1050,1550,1650,1680
2025-09-10,2.98170804977417,0.019863123781103775,1,0,0.4878770750822187,0.5121229249177812,0.5121229249177812,0.1,scale,0.25022101338627534,1050,1550,1650,1680
2025-09-11,3.0409340858459477,0.021936631186139532,1,0,0.4751797777649751,0.5248202222350249,0.5248202222350249,0.1,scale,0.25022101338627534,1050,1550,1650,1680
2025-09-12,3.1076419353485107,0.00444876804792238,1,0,0.47928836184510676,0.5207116381548933,0.5207116381548933,0.1,scale,0.25022101338627534,1050,1550,1650,1680
2025-09-13,3.121467113494873,-0.02849366906648465,0,1,0.5003739664502198,0.4996260335497802,0.5003739664502198,0.1,scale,0.25022101338627534,1050,1550,1650,1680
2025-09-14,3.032525062561035,-0.011678757972509834,0,1,0.5403979010051375,0.4596020989948625,0.5403979010051375,0.1,scale,0.25022101338627534,1050,1550,1650,1680
2025-09-15,2.9971089363098145,0.013808364886650715,1,1,0.5286891399910302,0.4713108600089698,0.5286891399910302,0.1,scale,0.25022101338627534,1050,1550,1650,1680
2025-09-16,3.038494110107422,0.015302916551060086,1,1,0.5079155153216698,0.4920844846783302,0.5079155153216698,0.1,scale,0.25022101338627534,1050,1550,1650,1680
2025-09-17,3.084991931915283,-0.0028275667314867636,0,0,0.4904788859985505,0.5095211140014495,0.5095211140014495,0.1,scale,0.25022101338627534,1050,1550,1650,1680
2025-09-18,3.0762689113616943,-0.02744131567650354,0,1,0.5163839077410483,0.48361609225895175,0.5163839077410483,0.1,scale,0.25022101338627534,1050,1550,1650,1680
2025-09-19,2.991852045059204,-0.004322745787086024,0,1,0.5458495628978011,0.45415043710219893,0.5458495628978011,0.1,scale,0.25022101338627534,1050,1550,1650,1680
2025-09-20,2.97891902923584,-0.0018496950496265097,0,1,0.5309866214418613,0.46901337855813874,0.5309866214418613,0.1,scale,0.25022101338627534,1050,1550,1650,1680
2025-09-21,2.973408937454224,-0.04049190703098571,0,1,0.523048029283925,0.476951970716075,0.523048029283925,0.1,scale,0.25022101338627534,1050,1550,1650,1680
2025-09-22,2.8530099391937256,-0.008711147747052395,0,1,0.5343493843361915,0.4656506156638085,0.5343493843361915,0.1,scale,0.25022101338627534,1050,1550,1650,1680
2025-09-23,2.8281569480896,0.03531560467537487,1,1,0.5421652591268266,0.45783474087317344,0.5421652591268266,0.1,scale,0.25022101338627534,1050,1550,1650,1680
2025-09-24,2.928035020828247,-0.06342680755233931,0,0,0.49013544286812044,0.5098645571318796,0.5098645571318796,0.1,scale,0.25022101338627534,1050,1550,1650,1680
2025-09-25,2.742319107055664,0.015859858878189304,1,1,0.5905404500586352,0.4094595499413648,0.5905404500586352,0.1,scale,0.25022101338627534,1050,1550,1650,1680
2025-09-26,2.7858119010925293,0.007869542511807381,1,1,0.5294010727545283,0.4705989272454717,0.5294010727545283,0.1,scale,0.25022101338627534,1050,1550,1650,1680
2025-09-27,2.807734966278076,0.020960312976001205,1,1,0.5294658408717474,0.4705341591282526,0.5294658408717474,0.1,scale,0.25022101338627534,1050,1550,1650,1680
2025-09-28,2.8665859699249268,0.00561857514883779,1,0,0.49698139062228147,0.5030186093777185,0.5030186093777185,0.1,scale,0.25022101338627534,1050,1550,1650,1680
2025-09-29,2.8826920986175537,-0.012405458755838206,0,1,0.5031482252394485,0.49685177476055153,0.5031482252394485,0.1,scale,0.25022101338627534,1050,1550,1650,1680
2025-09-30,2.846930980682373,0.03524744462181806,1,1,0.5283653435535993,0.4716346564464007,0.5283653435535993,0.1,scale,0.25022101338627534,1050,1550,1650,1680
2025-10-01,2.9472780227661133,0.031230858339171164,1,0,0.4763990192933707,0.5236009807066293,0.5236009807066293,0.1,scale,0.25022101338627534,1050,1550,1650,1680
2025-10-02,3.0393240451812744,0.00051224328119992,1,0,0.4654317191479872,0.5345682808520128,0.5345682808520128,0.1,scale,0.25022101338627534,1050,1550,1650,1680
2025-10-03,3.040880918502808,-0.02352345025971092,0,0,0.49098071784136676,0.5090192821586332,0.5090192821586332,0.1,scale,0.25022101338627534,1050,1550,1650,1680
2025-10-04,2.969348907470703,0.00043510894826170876,1,1,0.5310760740454318,0.4689239259545682,0.5310760740454318,0.1,scale,0.25022101338627534,1050,1550,1650,1680
2025-10-05,2.9706408977508545,0.006758149888950626,1,1,0.5128915526813084,0.48710844731869163,0.5128915526813084,0.1,scale,0.25022101338627534,1050,1550,1650,1680
2025-10-06,2.9907169342041016,-0.04505469398219508,0,1,0.5302844767893121,0.4697155232106879,0.5302844767893121,1.0,0.01,0.24933972272095142,1080,1580,1680,1710
2025-10-07,2.855971097946167,0.008695103378791202,1,1,0.5530835201507297,0.4469164798492703,0.5530835201507297,1.0,0.01,0.24933972272095142,1080,1580,1680,1710
2025-10-08,2.8808040618896484,-0.02634476893425519,0,1,0.5348227710771408,0.4651772289228592,0.5348227710771408,1.0,0.01,0.24933972272095142,1080,1580,1680,1710
2025-10-09,2.8049099445343018,-0.15911844343794468,0,1,0.5459780801407933,0.4540219198592067,0.5459780801407933,1.0,0.01,0.24933972272095142,1080,1580,1680,1710
2025-10-10,2.358597040176392,0.01161071431351246,1,1,0.5773765556687521,0.4226234443312479,0.5773765556687521,1.0,0.01,0.24933972272095142,1080,1580,1680,1710
2025-10-11,2.385982036590576,0.06243795924150741,1,1,0.5516771774286996,0.4483228225713004,0.5516771774286996,1.0,0.01,0.24933972272095142,1080,1580,1680,1710
2025-10-12,2.5349578857421875,0.028222174819870993,1,1,0.5318140349817885,0.4681859650182115,0.5318140349817885,1.0,0.01,0.24933972272095142,1080,1580,1680,1710
2025-10-13,2.6064999103546143,-0.038687840688635955,0,1,0.5297440562183527,0.47025594378164726,0.5297440562183527,1.0,0.01,0.24933972272095142,1080,1580,1680,1710
2025-10-14,2.505660057067871,-0.03711356391835963,0,1,0.5515968126526006,0.44840318734739937,0.5515968126526006,1.0,0.01,0.24933972272095142,1080,1580,1680,1710
2025-10-15,2.412666082382202,-0.03464969210298385,0,1,0.5540549783561727,0.4459450216438273,0.5540549783561727,1.0,0.01,0.24933972272095142,1080,1580,1680,1710
2025-10-16,2.3290679454803467,-0.014954008258316609,0,1,0.5544180328203598,0.44558196717964016,0.5544180328203598,1.0,0.01,0.24933972272095142,1080,1580,1680,1710
2025-10-17,2.294239044189453,0.028885859489442556,1,1,0.5490899515982707,0.4509100484017293,0.5490899515982707,1.0,0.01,0.24933972272095142,1080,1580,1680,1710
2025-10-18,2.3605101108551025,0.012760717755527784,1,1,0.5342614294367133,0.4657385705632867,0.5342614294367133,1.0,0.01,0.24933972272095142,1080,1580,1680,1710
2025-10-19,2.390631914138794,0.042995752384278774,1,1,0.5333422957267557,0.46665770427324427,0.5333422957267557,1.0,0.01,0.24933972272095142,1080,1580,1680,1710
2025-10-20,2.49341893196106,-0.027732132917874686,0,1,0.518896717800131,0.481103282199869,0.518896717800131,1.0,0.01,0.24933972272095142,1080,1580,1680,1710
2025-10-21,2.4242711067199707,-0.02491844616463401,0,1,0.53987750098019,0.46012249901980995,0.53987750098019,1.0,0.01,0.24933972272095142,1080,1580,1680,1710
2025-10-22,2.3638620376586914,0.013235928347606452,1,1,0.5428816616123315,0.45711833838766847,0.5428816616123315,1.0,0.01,0.24933972272095142,1080,1580,1680,1710
2025-10-23,2.395149946212769,0.0468964373535421,1,1,0.5332901375400063,0.4667098624599937,0.5332901375400063,1.0,0.01,0.24933972272095142,1080,1580,1680,1710
2025-10-24,2.507473945617676,0.0354831385205896,1,1,0.5140679900104468,0.4859320099895532,0.5140679900104468,1.0,0.01,0.24933972272095142,1080,1580,1680,1710
2025-10-25,2.596446990966797,0.018755977803341928,1,1,0.5126319862707313,0.48736801372926875,0.5126319862707313,1.0,0.01,0.24933972272095142,1080,1580,1680,1710
2025-10-26,2.645145893096924,-0.0039755569989073924,0,1,0.5151744919263963,0.4848255080736037,0.5151744919263963,1.0,0.01,0.24933972272095142,1080,1580,1680,1710
2025-10-27,2.634629964828491,-0.010875495534611757,0,1,0.5234508593959999,0.4765491406040001,0.5234508593959999,1.0,0.01,0.24933972272095142,1080,1580,1680,1710
2025-10-28,2.6059770584106445,-0.020704722486015847,0,1,0.5289664545224736,0.4710335454775264,0.5289664545224736,1.0,0.01,0.24933972272095142,1080,1580,1680,1710
2025-10-29,2.552021026611328,-0.044006736950988,0,1,0.5365118865942505,0.46348811340574947,0.5365118865942505,1.0,0.01,0.24933972272095142,1080,1580,1680,1710
2025-10-30,2.439714908599853,0.028289422379136564,1,1,0.5496400149971632,0.4503599850028368,0.5496400149971632,1.0,0.01,0.24933972272095142,1080,1580,1680,1710
2025-10-31,2.508733034133911,-0.0014186892349256075,0,1,0.5250990597293238,0.4749009402706762,0.5250990597293238,1.0,0.01,0.24933972272095142,1080,1580,1680,1710
2025-11-01,2.505173921585083,0.009548643578120242,1,1,0.5323108106192488,0.4676891893807512,0.5323108106192488,1.0,0.01,0.24933972272095142,1080,1580,1680,1710
2025-11-02,2.529094934463501,-0.08687575257171776,0,1,0.5242651517358654,0.4757348482641346,0.5242651517358654,1.0,0.01,0.24933972272095142,1080,1580,1680,1710
2025-11-03,2.309377908706665,-0.0427655415681204,0,1,0.5589873671449763,0.4410126328550237,0.5589873671449763,1.0,0.01,0.24933972272095142,1080,1580,1680,1710
2025-11-04,2.210616111755371,0.06089206682142656,1,1,0.5549064221057206,0.4450935778942794,0.5549064221057206,1.0,0.01,0.24933972272095142,1080,1580,1680,1710
2025-11-05,2.3452250957489014,-0.05729812586418437,0,0,0.4973544739619876,0.5026455260380124,0.5026455260380124,0.1,scale,0.2537699305663935,1110,1610,1710,1740
2025-11-06,2.210848093032837,0.046730879829318894,1,1,0.563214486289251,0.43678551371074903,0.563214486289251,0.1,scale,0.2537699305663935,1110,1610,1710,1740
2025-11-07,2.3141629695892334,-0.012647348841263284,0,0,0.49163619047790236,0.5083638095220977,0.5083638095220977,0.1,scale,0.2537699305663935,1110,1610,1710,1740
2025-11-08,2.2848949432373047,0.036221360281749604,1,1,0.530995168035562,0.469004831964438,0.530995168035562,0.1,scale,0.2537699305663935,1110,1610,1710,1740
2025-11-09,2.367656946182251,0.06703171074105452,1,0,0.489294512586653,0.510705487413347,0.510705487413347,0.1,scale,0.2537699305663935,1110,1610,1710,1740
2025-11-10,2.526365041732788,-0.053294329940055785,0,0,0.46896858123136687,0.5310314187686331,0.5310314187686331,0.1,scale,0.2537699305663935,1110,1610,1710,1740
2025-11-11,2.391724109649658,-0.002018717219894106,0,1,0.537313516470274,0.46268648352972597,0.537313516470274,0.1,scale,0.2537699305663935,1110,1610,1710,1740
2025-11-12,2.3868958950042725,-0.023359147656858426,0,1,0.5141770103194374,0.4858229896805626,0.5141770103194374,0.1,scale,0.2537699305663935,1110,1610,1710,1740
2025-11-13,2.3311400413513184,-0.03738855802755525,0,1,0.5400892009060357,0.45991079909396426,0.5400892009060357,0.1,scale,0.2537699305663935,1110,1610,1710,1740
2025-11-14,2.243982076644897,-0.003893138749352598,0,1,0.561424290191388,0.43857570980861205,0.561424290191388,0.1,scale,0.2537699305663935,1110,1610,1710,1740
2025-11-15,2.235245943069458,-0.008337758969018672,0,1,0.5406349216398645,0.4593650783601355,0.5406349216398645,0.1,scale,0.2537699305663935,1110,1610,1710,1740
2025-11-16,2.216609001159668,-0.024592100015359608,0,1,0.5460499059422239,0.4539500940577761,0.5460499059422239,0.1,scale,0.2537699305663935,1110,1610,1710,1740
2025-11-17,2.162097930908203,0.025152020798156594,1,1,0.5462437749730077,0.4537562250269923,0.5462437749730077,0.1,scale,0.2537699305663935,1110,1610,1710,1740
2025-11-18,2.2164790630340576,-0.04911436853116091,0,1,0.505242974553968,0.49475702544603195,0.505242974553968,0.1,scale,0.2537699305663935,1110,1610,1710,1740
2025-11-19,2.1076180934906006,-0.05163698696073338,0,1,0.5580309796730428,0.4419690203269572,0.5580309796730428,0.1,scale,0.2537699305663935,1110,1610,1710,1740
2025-11-20,1.9987870454788208,-0.024206716021032082,0,1,0.5606113901542338,0.4393886098457662,0.5606113901542338,0.1,scale,0.2537699305663935,1110,1610,1710,1740
2025-11-21,1.9504029750823972,-0.00033426712986106555,0,1,0.5536512523574884,0.44634874764251165,0.5536512523574884,0.1,scale,0.2537699305663935,1110,1610,1710,1740
2025-11-22,1.949751019477844,0.049500611316044996,1,1,0.5376617537948312,0.46233824620516883,0.5376617537948312,0.1,scale,0.2537699305663935,1110,1610,1710,1740
2025-11-23,2.046264886856079,0.08777608146288496,1,1,0.5067244686722943,0.49327553132770574,0.5067244686722943,0.1,scale,0.2537699305663935,1110,1610,1710,1740
2025-11-24,2.2258780002593994,-0.012280086705143467,0,0,0.483597671091404,0.5164023289085959,0.5164023289085959,0.1,scale,0.2537699305663935,1110,1610,1710,1740
2025-11-25,2.1985440254211426,0.011708140294242941,1,1,0.5028348873766187,0.49716511262338126,0.5028348873766187,0.1,scale,0.2537699305663935,1110,1610,1710,1740
2025-11-26,2.2242848873138428,-0.010547598985435891,0,0,0.4926267240764218,0.5073732759235783,0.5073732759235783,0.1,scale,0.2537699305663935,1110,1610,1710,1740
2025-11-27,2.200824022293091,-0.009167445299360533,0,1,0.5102553789729629,0.4897446210270371,0.5102553789729629,0.1,scale,0.2537699305663935,1110,1610,1710,1740
2025-11-28,2.1806480884552,0.010423011444735897,1,1,0.511168406621111,0.48883159337888904,0.511168406621111,0.1,scale,0.2537699305663935,1110,1610,1710,1740
2025-11-29,2.2033770084381104,-0.019247680577664128,0,1,0.5036964690452871,0.4963035309547129,0.5036964690452871,0.1,scale,0.2537699305663935,1110,1610,1710,1740
2025-11-30,2.1609671115875244,-0.060181913606869086,0,1,0.5281021396282564,0.47189786037174364,0.5281021396282564,0.1,scale,0.2537699305663935,1110,1610,1710,1740
2025-12-01,2.0309159755706787,0.06135464687174497,1,1,0.5391805915285012,0.4608194084714988,0.5391805915285012,0.1,scale,0.2537699305663935,1110,1610,1710,1740
2025-12-02,2.155522108078003,0.021518618414176016,1,0,0.48126436295845026,0.5187356370415497,0.5187356370415497,0.1,scale,0.2537699305663935,1110,1610,1710,1740
2025-12-03,2.2019059658050537,-0.047564697081240004,0,0,0.490540758939664,0.509459241060336,0.509459241060336,0.1,scale,0.2537699305663935,1110,1610,1710,1740
2025-12-04,2.097172975540161,-0.02840300807816487,0,1,0.5449155406093701,0.4550844593906299,0.5449155406093701,0.1,scale,0.2537699305663935,1110,1610,1710,1740
2025-12-05,2.037606954574585,-0.0024474795827876816,0,0,0.49043651689159634,0.5095634831084037,0.5095634831084037,10.0,scale,0.25392710873648816,1140,1640,1740,1770
2025-12-06,2.0326199531555176,0.005313400174959293,1,0,0.49294497268876813,0.5070550273112319,0.5070550273112319,10.0,scale,0.25392710873648816,1140,1640,1740,1770
2025-12-07,2.0434200763702397,0.014527592473215334,1,0,0.49993889788522283,0.5000611021147772,0.5000611021147772,10.0,scale,0.25392710873648816,1140,1640,1740,1770
2025-12-08,2.073106050491333,0.017036683416449705,1,0,0.49557837839333424,0.5044216216066657,0.5044216216066657,10.0,scale,0.25392710873648816,1140,1640,1740,1770
2025-12-09,2.1084249019622803,-0.030866609184841742,0,0,0.4961669197827708,0.5038330802172293,0.5038330802172293,10.0,scale,0.25392710873648816,1140,1640,1740,1770
2025-12-10,2.0433449745178223,-0.0038354057740528358,0,0,0.48971714310473835,0.5102828568952616,0.5102828568952616,10.0,scale,0.25392710873648816,1140,1640,1740,1770
2025-12-11,2.035507917404175,-0.012951507454314615,0,0,0.4969338072561093,0.5030661927438906,0.5030661927438906,10.0,scale,0.25392710873648816,1140,1640,1740,1770
2025-12-12,2.009145021438598,0.007390679799904376,1,0,0.49843669584212136,0.5015633041578786,0.5015633041578786,10.0,scale,0.25392710873648816,1140,1640,1740,1770
2025-12-13,2.023993968963623,-0.022088475230897964,0,1,0.5003524811821713,0.49964751881782865,0.5003524811821713,10.0,scale,0.25392710873648816,1140,1640,1740,1770
2025-12-14,1.979287028312683,-0.04072879254165229,0,0,0.49333946347929,0.50666053652071,0.50666053652071,10.0,scale,0.25392710873648816,1140,1640,1740,1770
2025-12-15,1.8986730575561523,0.016537847398893968,1,0,0.4966181517428483,0.5033818482571517,0.5033818482571517,10.0,scale,0.25392710873648816,1140,1640,1740,1770
2025-12-16,1.9300730228424072,-0.035353605228111595,0,0,0.4974524527069463,0.5025475472930536,0.5025475472930536,10.0,scale,0.25392710873648816,1140,1640,1740,1770
2025-12-17,1.8618379831314087,-0.029036326717965077,0,0,0.4870476834112543,0.5129523165887457,0.5129523165887457,10.0,scale,0.25392710873648816,1140,1640,1740,1770
2025-12-18,1.807777047157288,0.0551035748535762,1,0,0.4859171714119912,0.5140828285880088,0.5140828285880088,10.0,scale,0.25392710873648816,1140,1640,1740,1770
2025-12-19,1.9073920249938965,0.013110014247175839,1,0,0.49993817688785563,0.5000618231121443,0.5000618231121443,10.0,scale,0.25392710873648816,1140,1640,1740,1770
2025-12-20,1.932397961616516,-0.0053746641991559985,0,0,0.49491315242876505,0.5050868475712349,0.5050868475712349,10.0,scale,0.25392710873648816,1140,1640,1740,1770
2025-12-21,1.9220119714736936,-0.010014510322362224,0,0,0.4877821564093985,0.5122178435906015,0.5122178435906015,10.0,scale,0.25392710873648816,1140,1640,1740,1770
2025-12-22,1.9027639627456665,-0.015738643280119424,0,0,0.49303083685292604,0.506969163147074,0.506969163147074,10.0,scale,0.25392710873648816,1140,1640,1740,1770
2025-12-23,1.872817039489746,-0.006218457055766069,0,0,0.4930844541539207,0.5069155458460792,0.5069155458460792,10.0,scale,0.25392710873648816,1140,1640,1740,1770
2025-12-24,1.861171007156372,-0.015761594103851917,0,0,0.4928273707766624,0.5071726292233376,0.5071726292233376,10.0,scale,0.25392710873648816,1140,1640,1740,1770
2025-12-25,1.831835985183716,0.006074816774144676,1,0,0.49198996255028066,0.5080100374497194,0.5080100374497194,10.0,scale,0.25392710873648816,1140,1640,1740,1770
2025-12-26,1.842964053153992,0.016217889594779322,1,0,0.49321505103573227,0.5067849489642677,0.5067849489642677,10.0,scale,0.25392710873648816,1140,1640,1740,1770
2025-12-27,1.8728530406951904,-0.004534827693096988,0,0,0.4986559305859838,0.5013440694140162,0.5013440694140162,10.0,scale,0.25392710873648816,1140,1640,1740,1770
2025-12-28,1.864359974861145,-0.008923176966357693,0,0,0.49035950018041785,0.5096404998195821,0.5096404998195821,10.0,scale,0.25392710873648816,1140,1640,1740,1770
2025-12-29,1.8477239608764648,0.015029324188804205,1,0,0.4903349670803018,0.5096650329196982,0.5096650329196982,10.0,scale,0.25392710873648816,1140,1640,1740,1770
2025-12-30,1.8754940032958984,-0.01893955958462279,0,0,0.495808017358552,0.504191982641448,0.504191982641448,10.0,scale,0.25392710873648816,1140,1640,1740,1770
2025-12-31,1.839972972869873,0.02063238606340012,1,0,0.4858967431900008,0.5141032568099992,0.5141032568099992,10.0,scale,0.25392710873648816,1140,1640,1740,1770
2026-01-01,1.8779360055923464,0.0680965328529588,1,0,0.4844990079557866,0.5155009920442134,0.5155009920442134,10.0,scale,0.25392710873648816,1140,1640,1740,1770
2026-01-02,2.00581693649292,0.005778196283231063,1,0,0.4763262111716403,0.5236737888283597,0.5236737888283597,10.0,scale,0.25392710873648816,1140,1640,1740,1770
2026-01-03,2.017406940460205,0.03599370711369865,1,0,0.47938453466110487,0.5206154653388951,0.5206154653388951,10.0,scale,0.25392710873648816,1140,1640,1740,1770
2026-01-04,2.0900208950042725,0.1238151199900801,1,0,0.4850112432461663,0.5149887567538337,0.5149887567538337,1.0,0.1,0.25172832366993286,1170,1670,1770,1800
2026-01-05,2.348797082901001,-0.017837260237430153,0,0,0.47976653989411533,0.5202334601058847,0.5202334601058847,1.0,0.1,0.25172832366993286,1170,1670,1770,1800
2026-01-06,2.306900978088379,-0.060590373304902245,0,0,0.4870598960075969,0.5129401039924031,0.5129401039924031,1.0,0.1,0.25172832366993286,1170,1670,1770,1800
2026-01-07,2.16712498664856,-0.020777745420828553,0,0,0.49799842651483095,0.502001573485169,0.502001573485169,1.0,0.1,0.25172832366993286,1170,1670,1770,1800
2026-01-08,2.12209701538086,-0.014351872657492826,0,0,0.49068017131460995,0.50931982868539,0.50931982868539,1.0,0.1,0.25172832366993286,1170,1670,1770,1800
2026-01-09,2.091640949249268,-0.0017321370234831823,0,0,0.49200001250532455,0.5079999874946755,0.5079999874946755,1.0,0.1,0.25172832366993286,1170,1670,1770,1800
2026-01-10,2.08801794052124,-0.008119179034143387,0,0,0.4911857009596612,0.5088142990403388,0.5088142990403388,1.0,0.1,0.25172832366993286,1170,1670,1770,1800
2026-01-11,2.0710649490356445,-0.008942200676069878,0,0,0.48986701100645785,0.5101329889935422,0.5101329889935422,1.0,0.1,0.25172832366993286,1170,1670,1770,1800
2026-01-12,2.0525450706481934,0.054202475131252204,1,0,0.4856118403997585,0.5143881596002415,0.5143881596002415,1.0,0.1,0.25172832366993286,1170,1670,1770,1800
2026-01-13,2.1637980937957764,-0.01111757898379917,0,0,0.47898515716859635,0.5210148428314036,0.5210148428314036,1.0,0.1,0.25172832366993286,1170,1670,1770,1800
2026-01-14,2.139741897583008,-0.02879452168355412,0,0,0.49105249053262934,0.5089475094673707,0.5089475094673707,1.0,0.1,0.25172832366993286,1170,1670,1770,1800
2026-01-15,2.0781290531158447,-0.004769222738304824,0,0,0.49529633207971296,0.504703667920287,0.504703667920287,1.0,0.1,0.25172832366993286,1170,1670,1770,1800
2026-01-16,2.0682179927825928,-0.0028261382047981565,0,0,0.4877404244463566,0.5122595755536434,0.5122595755536434,1.0,0.1,0.25172832366993286,1170,1670,1770,1800
2026-01-17,2.062372922897339,-0.03380324821833991,0,0,0.48713371777903625,0.5128662822209638,0.5128662822209638,1.0,0.1,0.25172832366993286,1170,1670,1770,1800
2026-01-18,1.992658019065857,-0.003150046360809622,0,0,0.4930689014015408,0.5069310985984592,0.5069310985984592,1.0,0.1,0.25172832366993286,1170,1670,1770,1800
2026-01-19,1.9863810539245603,-0.04873134276406399,0,0,0.4942716141099476,0.5057283858900524,0.5057283858900524,1.0,0.1,0.25172832366993286,1170,1670,1770,1800
2026-01-20,1.88958203792572,0.02962343675901602,1,0,0.49452050973732187,0.5054794902626781,0.5054794902626781,1.0,0.1,0.25172832366993286,1170,1670,1770,1800
2026-01-21,1.945557951927185,-0.012276138454631713,0,0,0.4840591647518592,0.5159408352481408,0.5159408352481408,1.0,0.1,0.25172832366993286,1170,1670,1770,1800
2026-01-22,1.9216740131378172,-0.0011146904778297495,0,0,0.4861702096315181,0.5138297903684819,0.5138297903684819,1.0,0.1,0.25172832366993286,1170,1670,1770,1800
2026-01-23,1.9195319414138796,-0.0033351341223478714,0,0,0.48655025867769774,0.5134497413223023,0.5134497413223023,1.0,0.1,0.25172832366993286,1170,1670,1770,1800
2026-01-24,1.9131300449371336,-0.04187064733409929,0,0,0.4836126317202308,0.5163873682797693,0.5163873682797693,1.0,0.1,0.25172832366993286,1170,1670,1770,1800
2026-01-25,1.8330260515213013,0.03844513234676983,1,0,0.4923595146825846,0.5076404853174155,0.5076404853174155,1.0,0.1,0.25172832366993286,1170,1670,1770,1800
2026-01-26,1.9034969806671145,0.005483573391016572,1,0,0.47926634815266766,0.5207336518473323,0.5207336518473323,1.0,0.1,0.25172832366993286,1170,1670,1770,1800
2026-01-27,1.9139349460601809,-0.002721601968203813,0,0,0.4830513892425875,0.5169486107574125,0.5169486107574125,1.0,0.1,0.25172832366993286,1170,1670,1770,1800
2026-01-28,1.9087259769439695,-0.05430896963530185,0,0,0.4862378434249578,0.5137621565750422,0.5137621565750422,1.0,0.1,0.25172832366993286,1170,1670,1770,1800
2026-01-29,1.8050650358200075,-0.04024175697463139,0,0,0.4936167234176155,0.5063832765823846,0.5063832765823846,1.0,0.1,0.25172832366993286,1170,1670,1770,1800
2026-01-30,1.7324260473251345,-0.05019265938067852,0,0,0.49355136952906103,0.506448630470939,0.506448630470939,1.0,0.1,0.25172832366993286,1170,1670,1770,1800
2026-01-31,1.6454709768295288,-0.032895751575484855,0,0,0.4935492886234906,0.5064507113765093,0.5064507113765093,1.0,0.1,0.25172832366993286,1170,1670,1770,1800
2026-02-01,1.5913419723510742,0.018352487620179936,1,0,0.4940425323932216,0.5059574676067784,0.5059574676067784,1.0,0.1,0.25172832366993286,1170,1670,1770,1800
2026-02-02,1.62054705619812,-0.028600277148952524,0,0,0.48937103267711396,0.5106289673228861,0.5106289673228861,1.0,0.1,0.25172832366993286,1170,1670,1770,1800
2026-02-03,1.5741989612579346,-0.04047961513745424,0,0,0.40139791068324826,0.5986020893167517,0.5986020893167517,10.0,scale,0.25525811348782534,1200,1700,1800,1830
2026-02-04,1.510475993156433,-0.1965969606790927,0,0,0.3819153709393186,0.6180846290606814,0.6180846290606814,10.0,scale,0.25525811348782534,1200,1700,1800,1830
2026-02-05,1.2135210037231443,0.21260616172181845,1,1,0.5604468964359828,0.4395531035640172,0.5604468964359828,10.0,scale,0.25525811348782534,1200,1700,1800,1830
2026-02-06,1.4715230464935305,-0.03215651614586179,0,0,0.4657117088963438,0.5342882911036562,0.5342882911036562,10.0,scale,0.25525811348782534,1200,1700,1800,1830
2026-02-07,1.4242039918899536,0.005603875554957449,1,0,0.35083961271577646,0.6491603872842235,0.6491603872842235,10.0,scale,0.25525811348782534,1200,1700,1800,1830
2026-02-08,1.4321850538253784,0.002744705589851959,1,0,0.4192904584829002,0.5807095415170997,0.5807095415170997,10.0,scale,0.25525811348782534,1200,1700,1800,1830
2026-02-09,1.4361159801483154,-0.025505573414291716,0,0,0.43138040390915616,0.5686195960908438,0.5686195960908438,10.0,scale,0.25525811348782534,1200,1700,1800,1830
2026-02-10,1.399487018585205,-0.022485405989975282,0,0,0.3821486230309279,0.6178513769690721,0.6178513769690721,10.0,scale,0.25525811348782534,1200,1700,1800,1830
2026-02-11,1.3680189847946167,-0.004348638762959545,0,0,0.40364528387811405,0.596354716121886,0.596354716121886,10.0,scale,0.25525811348782534,1200,1700,1800,1830
2026-02-12,1.3620699644088743,0.033326474629374214,1,0,0.3610658654191926,0.6389341345808074,0.6389341345808074,10.0,scale,0.25525811348782534,1200,1700,1800,1830
2026-02-13,1.4074629545211792,0.07283815780168057,1,1,0.5024679828760689,0.49753201712393114,0.5024679828760689,10.0,scale,0.25525811348782534,1200,1700,1800,1830
2026-02-14,1.5099799633026123,-0.023260567333221238,0,0,0.4704399194236926,0.5295600805763074,0.5295600805763074,10.0,scale,0.25525811348782534,1200,1700,1800,1830
2026-02-15,1.474856972694397,0.008015035891133726,1,0,0.49021384653704747,0.5097861534629525,0.5097861534629525,10.0,scale,0.25525811348782534,1200,1700,1800,1830
2026-02-16,1.4866780042648315,-0.008256008924270808,0,0,0.49959075442274126,0.5004092455772587,0.5004092455772587,10.0,scale,0.25525811348782534,1200,1700,1800,1830
2026-02-17,1.474403977394104,-0.03580901888933363,0,0,0.4932884292639179,0.5067115707360821,0.5067115707360821,10.0,scale,0.25525811348782534,1200,1700,1800,1830
2026-02-18,1.4216070175170898,-0.010711089629245496,0,0,0.4526304689283793,0.5473695310716207,0.5473695310716207,10.0,scale,0.25525811348782534,1200,1700,1800,1830
2026-02-19,1.4063800573349,0.016378201919700297,1,0,0.48444647202412633,0.5155535279758736,0.5155535279758736,10.0,scale,0.25525811348782534,1200,1700,1800,1830
2026-02-20,1.4294140338897705,0.00157470806353599,1,1,0.511811343951337,0.488188656048663,0.511811343951337,10.0,scale,0.25525811348782534,1200,1700,1800,1830
2026-02-21,1.4316649436950684,-0.026952517286894295,0,0,0.4962090084160842,0.5037909915839158,0.5037909915839158,10.0,scale,0.25525811348782534,1200,1700,1800,1830
2026-02-22,1.3930779695510864,-0.02974135256891053,0,1,0.5040380017036574,0.4959619982963426,0.5040380017036574,10.0,scale,0.25525811348782534,1200,1700,1800,1830
2026-02-23,1.3516459465026855,-0.002035996524385908,0,1,0.5006893087040997,0.49931069129590033,0.5006893087040997,10.0,scale,0.25525811348782534,1200,1700,1800,1830
2026-02-24,1.3488940000534058,0.06290485405524171,1,1,0.5118872065313654,0.48811279346863456,0.5118872065313654,10.0,scale,0.25525811348782534,1200,1700,1800,1830
2026-02-25,1.4337459802627563,-0.02212946343904254,0,0,0.46766042429774457,0.5323395757022554,0.5323395757022554,10.0,scale,0.25525811348782534,1200,1700,1800,1830
2026-02-26,1.4020179510116575,-0.032878980567858984,0,0,0.48798420020843913,0.5120157997915609,0.5120157997915609,10.0,scale,0.25525811348782534,1200,1700,1800,1830
2026-02-27,1.3559210300445557,0.015714739117782317,1,0,0.49788863563292074,0.5021113643670793,0.5021113643670793,10.0,scale,0.25525811348782534,1200,1700,1800,1830
2026-02-28,1.3772289752960205,-0.01851539604228636,0,1,0.5355907670349255,0.4644092329650745,0.5355907670349255,10.0,scale,0.25525811348782534,1200,1700,1800,1830
2026-03-01,1.3517290353775024,0.02903610287389924,1,1,0.5114555352640323,0.4885444647359677,0.5114555352640323,10.0,scale,0.25525811348782534,1200,1700,1800,1830
2026-03-02,1.39097797870636,-0.021865866600550787,0,1,0.5181170003801443,0.4818829996198557,0.5181170003801443,10.0,scale,0.25525811348782534,1200,1700,1800,1830
2026-03-03,1.360563039779663,0.05119716329207402,1,1,0.5110681096184304,0.4889318903815696,0.5110681096184304,10.0,scale,0.25525811348782534,1200,1700,1800,1830
2026-03-04,1.4302200078964231,-0.018995703707963663,0,1,0.5045984448669728,0.4954015551330272,0.5045984448669728,10.0,scale,0.25525811348782534,1200,1700,1800,1830
2026-03-05,1.4030519723892212,-0.028139317276388742,0,0,0.4730354716198497,0.5269645283801503,0.5269645283801503,10.0,scale,0.2484486815414955,1230,1730,1830,1860
2026-03-06,1.363571047782898,-0.005242137864151841,0,0,0.4686848428805428,0.5313151571194572,0.5313151571194572,10.0,scale,0.2484486815414955,1230,1730,1830,1860
2026-03-07,1.356423020362854,-0.011074745258623953,0,0,0.4639270131244756,0.5360729868755244,0.5360729868755244,10.0,scale,0.2484486815414955,1230,1730,1830,1860
2026-03-08,1.341400980949402,0.015238586811964216,1,0,0.4527947444544397,0.5472052555455603,0.5472052555455603,10.0,scale,0.2484486815414955,1230,1730,1830,1860
2026-03-09,1.3618420362472534,0.018051272768048188,1,0,0.4547037982918124,0.5452962017081876,0.5452962017081876,10.0,scale,0.2484486815414955,1230,1730,1830,1860
2026-03-10,1.3864250183105469,-0.0011165781154128807,0,0,0.4492032971514948,0.5507967028485052,0.5507967028485052,10.0,scale,0.2484486815414955,1230,1730,1830,1860
2026-03-11,1.3848769664764404,-0.000164583690204112,0,0,0.45591516003836136,0.5440848399616387,0.5440848399616387,10.0,scale,0.2484486815414955,1230,1730,1830,1860
2026-03-12,1.3846490383148191,0.01029790246948914,1,0,0.453459917584332,0.546540082415668,0.546540082415668,10.0,scale,0.2484486815414955,1230,1730,1830,1860
2026-03-13,1.398908019065857,0.005976791774205736,1,0,0.4521429341193317,0.5478570658806683,0.5478570658806683,10.0,scale,0.2484486815414955,1230,1730,1830,1860
2026-03-14,1.40726900100708,0.02862424383915063,1,0,0.4651308887172461,0.5348691112827539,0.5348691112827539,10.0,scale,0.2484486815414955,1230,1730,1830,1860
2026-03-15,1.4475510120391846,0.06632859362371768,1,0,0.44566386031164174,0.5543361396883583,0.5543361396883583,10.0,scale,0.2484486815414955,1230,1730,1830,1860
2026-03-16,1.543565034866333,-0.01620992678456168,0,0,0.44593444548997124,0.5540655545100288,0.5540655545100288,10.0,scale,0.2484486815414955,1230,1730,1830,1860
2026-03-17,1.5185439586639404,-0.03601476472449183,0,0,0.43014908980741273,0.5698509101925873,0.5698509101925873,10.0,scale,0.2484486815414955,1230,1730,1830,1860
2026-03-18,1.46385395526886,-0.011292786784560027,0,0,0.4398376719784341,0.560162328021566,0.560162328021566,10.0,scale,0.2484486815414955,1230,1730,1830,1860
2026-03-19,1.447322964668274,-0.001286464693055045,0,0,0.4546944436868805,0.5453055563131195,0.5453055563131195,10.0,scale,0.2484486815414955,1230,1730,1830,1860
2026-03-20,1.4454610347747805,-0.026901449732899763,0,0,0.45164220587095716,0.5483577941290428,0.5483577941290428,10.0,scale,0.2484486815414955,1230,1730,1830,1860
2026-03-21,1.4065760374069214,-0.015422551415496755,0,0,0.43920682533307204,0.5607931746669279,0.5607931746669279,10.0,scale,0.2484486815414955,1230,1730,1830,1860
2026-03-22,1.3848830461502075,0.03393421897677773,1,0,0.45193511165828554,0.5480648883417145,0.5480648883417145,10.0,scale,0.2484486815414955,1230,1730,1830,1860
2026-03-23,1.4318779706954956,-0.011491189707698246,0,0,0.4842151820771229,0.5157848179228771,0.5157848179228771,10.0,scale,0.2484486815414955,1230,1730,1830,1860
2026-03-24,1.4154239892959597,-0.0008379208143355354,0,0,0.44616057328181075,0.5538394267181892,0.5538394267181892,10.0,scale,0.2484486815414955,1230,1730,1830,1860
2026-03-25,1.4142379760742188,-0.03827078511817095,0,0,0.4489323776831975,0.5510676223168025,0.5510676223168025,10.0,scale,0.2484486815414955,1230,1730,1830,1860
2026-03-26,1.3601139783859253,-0.025806648393530862,0,0,0.4326162612414788,0.5673837387585212,0.5673837387585212,10.0,scale,0.2484486815414955,1230,1730,1830,1860
2026-03-27,1.3250139951705933,0.005876191169374989,1,0,0.43838956609267393,0.561610433907326,0.561610433907326,10.0,scale,0.2484486815414955,1230,1730,1830,1860
2026-03-28,1.332800030708313,-0.004144687230805411,0,0,0.4595814954372126,0.5404185045627874,0.5404185045627874,10.0,scale,0.2484486815414955,1230,1730,1830,1860
2026-03-29,1.3272759914398191,-0.0035358368126164885,0,0,0.44241878522833267,0.5575812147716673,0.5575812147716673,10.0,scale,0.2484486815414955,1230,1730,1830,1860
2026-03-30,1.3225829601287842,0.013364753939518526,1,0,0.41449243282465265,0.5855075671753474,0.5855075671753474,10.0,scale,0.2484486815414955,1230,1730,1830,1860
2026-03-31,1.3402589559555054,0.005601220396113105,1,0,0.43353200483918763,0.5664679951608124,0.5664679951608124,10.0,scale,0.2484486815414955,1230,1730,1830,1860
2026-04-01,1.3477660417556765,-0.02157275492285826,0,0,0.4442301222222754,0.5557698777777246,0.5557698777777246,10.0,scale,0.2484486815414955,1230,1730,1830,1860
2026-04-02,1.3186910152435305,-0.0005945589135836205,0,0,0.42477548211536137,0.5752245178846387,0.5752245178846387,10.0,scale,0.2484486815414955,1230,1730,1830,1860
2026-04-03,1.3179069757461548,-0.0017701748601701706,0,0,0.4550468604209882,0.5449531395790118,0.5449531395790118,10.0,scale,0.2484486815414955,1230,1730,1830,1860
2026-04-04,1.315574049949646,0.007541885140544435,1,0,0.4357206663827779,0.564279333617222,0.564279333617222,10.0,scale,0.24601518930052246,1260,1760,1860,1890
2026-04-05,1.325495958328247,-0.0032251809639406437,0,0,0.4349693962727031,0.565030603727297,0.565030603727297,10.0,scale,0.24601518930052246,1260,1760,1860,1890
2026-04-06,1.3212209939956665,0.04561613720940838,1,0,0.4340907152480134,0.5659092847519867,0.5659092847519867,10.0,scale,0.24601518930052246,1260,1760,1860,1890
2026-04-07,1.3814899921417236,-0.028315064798031364,0,0,0.436079793301319,0.563920206698681,0.563920206698681,10.0,scale,0.24601518930052246,1260,1760,1860,1890
2026-04-08,1.342373013496399,0.0013192854651877806,1,0,0.4346638555506291,0.565336144449371,0.565336144449371,10.0,scale,0.24601518930052246,1260,1760,1860,1890
2026-04-09,1.344143986701965,0.009271342983817155,1,0,0.4355128661942203,0.5644871338057798,0.5644871338057798,10.0,scale,0.24601518930052246,1260,1760,1860,1890
2026-04-10,1.3566060066223145,-0.0008528971261602125,0,0,0.43593011972469353,0.5640698802753065,0.5640698802753065,10.0,scale,0.24601518930052246,1260,1760,1860,1890
2026-04-11,1.3554489612579346,-0.022465574877773786,0,0,0.435547002710571,0.564452997289429,0.564452997289429,10.0,scale,0.24601518930052246,1260,1760,1860,1890
2026-04-12,1.3249980211257937,0.038994721404775,1,0,0.43473993458258803,0.565260065417412,0.565260065417412,10.0,scale,0.24601518930052246,1260,1760,1860,1890
2026-04-13,1.3766659498214722,-0.010778199513331477,0,0,0.4363776580236431,0.5636223419763569,0.5636223419763569,10.0,scale,0.24601518930052246,1260,1760,1860,1890
2026-04-14,1.3618279695510864,0.021911019244753138,1,0,0.43512602926248856,0.5648739707375114,0.5648739707375114,10.0,scale,0.24601518930052246,1260,1760,1860,1890
2026-04-15,1.3916670083999634,0.04380936032253824,1,0,0.4358231000054315,0.5641768999945684,0.5641768999945684,10.0,scale,0.24601518930052246,1260,1760,1860,1890
2026-04-16,1.4526350498199463,0.01680731644748157,1,0,0.43598763730780765,0.5640123626921923,0.5640123626921923,10.0,scale,0.24601518930052246,1260,1760,1860,1890
2026-04-17,1.4770499467849731,-0.028683513105677738,0,0,0.4351930147002403,0.5648069852997597,0.5648069852997597,10.0,scale,0.24601518930052246,1260,1760,1860,1890
2026-04-18,1.4346829652786257,-0.027901636502821736,0,0,0.43416123420643704,0.565838765793563,0.565838765793563,10.0,scale,0.24601518930052246,1260,1760,1860,1890
2026-04-19,1.3946529626846311,0.02166704261839536,1,0,0.43485560857208705,0.565144391427913,0.565144391427913,10.0,scale,0.24601518930052246,1260,1760,1860,1890
2026-04-20,1.4248709678649902,0.004880493787002171,1,0,0.43659667092341364,0.5634033290765863,0.5634033290765863,10.0,scale,0.24601518930052246,1260,1760,1860,1890
2026-04-21,1.431825041770935,-0.0012550975067144865,0,0,0.43622820668070905,0.563771793319291,0.563771793319291,10.0,scale,0.24601518930052246,1260,1760,1860,1890
2026-04-22,1.430027961730957,0.006317385276223497,1,0,0.4354060195074811,0.5645939804925189,0.5645939804925189,10.0,scale,0.24601518930052246,1260,1760,1860,1890
2026-04-23,1.439061999320984,-0.003742712206795451,0,0,0.43569004059735583,0.5643099594026442,0.5643099594026442,10.0,scale,0.24601518930052246,1260,1760,1860,1890
2026-04-24,1.43367600440979,-0.006596324497490813,0,0,0.4352924647722899,0.5647075352277101,0.5647075352277101,10.0,scale,0.24601518930052246,1260,1760,1860,1890
2026-04-25,1.424219012260437,0.005164885707673372,1,0,0.4354012138900875,0.5645987861099124,0.5645987861099124,10.0,scale,0.24601518930052246,1260,1760,1860,1890
2026-04-26,1.4315749406814575,-0.021423240272793853,0,0,0.43533566252512257,0.5646643374748774,0.5646643374748774,10.0,scale,0.24601518930052246,1260,1760,1860,1890
2026-04-27,1.400905966758728,-0.0144485230202972,0,0,0.4352671510610555,0.5647328489389445,0.5647328489389445,10.0,scale,0.24601518930052246,1260,1760,1860,1890
2026-04-28,1.380664944648743,-0.008266290975618373,0,0,0.43516857375679147,0.5648314262432086,0.5648314262432086,10.0,scale,0.24601518930052246,1260,1760,1860,1890
2026-04-29,1.3692519664764404,-0.001330649746067336,0,0,0.4354210762469566,0.5645789237530434,0.5645789237530434,10.0,scale,0.24601518930052246,1260,1760,1860,1890
2026-04-30,1.3674299716949463,0.012625934609462597,1,0,0.43573120829950207,0.5642687917004979,0.5642687917004979,10.0,scale,0.24601518930052246,1260,1760,1860,1890
2026-05-01,1.384695053100586,0.0061074425017804135,1,0,0.4355213510227835,0.5644786489772164,0.5644786489772164,10.0,scale,0.24601518930052246,1260,1760,1860,1890
2026-05-02,1.3931519985198977,-0.004000990535661275,0,0,0.4365317143802364,0.5634682856197636,0.5634682856197636,10.0,scale,0.24601518930052246,1260,1760,1860,1890
2026-05-03,1.387578010559082,0.0031572577236402832,1,0,0.43546533877517296,0.564534661224827,0.564534661224827,10.0,scale,0.24601518930052246,1260,1760,1860,1890
2026-05-04,1.3919589519500732,0.015223184013014812,1,0,0.43714684587775926,0.5628531541222408,0.5628531541222408,1.0,0.01,0.24310141021540482,1290,1790,1890,1920
2026-05-05,1.4131489992141724,0.008188131397808052,1,0,0.4327122378392706,0.5672877621607294,0.5672877621607294,1.0,0.01,0.24310141021540482,1290,1790,1890,1920
2026-05-06,1.424720048904419,-0.026387663790187865,0,0,0.4338774648322937,0.5661225351677063,0.5661225351677063,1.0,0.01,0.24310141021540482,1290,1790,1890,1920
2026-05-07,1.387125015258789,0.02246372651608164,1,0,0.44599905396314454,0.5540009460368555,0.5540009460368555,1.0,0.01,0.24310141021540482,1290,1790,1890,1920
2026-05-08,1.4182850122451782,0.0012846464326727869,1,0,0.4337882625530361,0.566211737446964,0.566211737446964,1.0,0.01,0.24310141021540482,1290,1790,1890,1920
2026-05-09,1.4201070070266724,0.037109909650364425,1,0,0.43896275214839653,0.5610372478516035,0.5610372478516035,1.0,0.01,0.24310141021540482,1290,1790,1890,1920
2026-05-10,1.4728070497512815,0.0027220187520624606,1,0,0.42841653886263953,0.5715834611373605,0.5715834611373605,1.0,0.01,0.24310141021540482,1290,1790,1890,1920
2026-05-11,1.4768160581588743,-0.027569512232824223,0,0,0.4366063620389578,0.5633936379610422,0.5633936379610422,1.0,0.01,0.24310141021540482,1290,1790,1890,1920
2026-05-12,1.436100959777832,-0.006792708623173049,0,0,0.4470669853262637,0.5529330146737363,0.5529330146737363,1.0,0.01,0.24310141021540482,1290,1790,1890,1920
2026-05-13,1.426345944404602,0.04049859520100907,1,0,0.4444697280249555,0.5555302719750446,0.5555302719750446,1.0,0.01,0.24310141021540482,1290,1790,1890,1920
2026-05-14,1.484110951423645,-0.03394624336074381,0,0,0.4314817842489745,0.5685182157510256,0.5685182157510256,1.0,0.01,0.24310141021540482,1290,1790,1890,1920
2026-05-15,1.433730959892273,-0.013736834110099183,0,0,0.45078487156123404,0.549215128438766,0.549215128438766,1.0,0.01,0.24310141021540482,1290,1790,1890,1920
2026-05-16,1.4140360355377195,-0.009259307656160454,0,0,0.44772653812959085,0.5522734618704092,0.5522734618704092,1.0,0.01,0.24310141021540482,1290,1790,1890,1920
2026-05-17,1.4009430408477783,-0.008382940652803317,0,0,0.44785546493172296,0.552144535068277,0.552144535068277,1.0,0.01,0.24310141021540482,1290,1790,1890,1920
2026-05-18,1.3891990184783936,-0.020596053733805464,0,0,0.4472887735668651,0.5527112264331349,0.5527112264331349,1.0,0.01,0.24310141021540482,1290,1790,1890,1920
2026-05-19,1.3605870008468628,0.0035139302108191384,1,0,0.4512214352305635,0.5487785647694365,0.5487785647694365,1.0,0.01,0.24310141021540482,1290,1790,1890,1920
2026-05-20,1.3653680086135864,0.004921012609467201,1,0,0.44504821196422856,0.5549517880357715,0.5549517880357715,1.0,0.01,0.24310141021540482,1290,1790,1890,1920
2026-05-21,1.372087001800537,-0.027974178750467038,0,0,0.4420077372525006,0.5579922627474994,0.5579922627474994,1.0,0.01,0.24310141021540482,1290,1790,1890,1920
2026-05-22,1.3337039947509766,0.01783754263527082,1,0,0.4510811157131832,0.5489188842868168,0.5489188842868168,1.0,0.01,0.24310141021540482,1290,1790,1890,1920
2026-05-23,1.3574939966201782,-0.005496121399940157,0,0,0.43889095633987996,0.56110904366012,0.56110904366012,1.0,0.01,0.24310141021540482,1290,1790,1890,1920
2026-05-24,1.3500330448150637,-0.00048000432321793074,0,0,0.44403309584412454,0.5559669041558755,0.5559669041558755,1.0,0.01,0.24310141021540482,1290,1790,1890,1920
2026-05-25,1.3493850231170654,-0.01609917503146352,0,0,0.44219134705022256,0.5578086529497774,0.5578086529497774,1.0,0.01,0.24310141021540482,1290,1790,1890,1920
2026-05-26,1.3276610374450684,-0.01620142821894277,0,0,0.44751084482833586,0.5524891551716642,0.5524891551716642,1.0,0.01,0.24310141021540482,1290,1790,1890,1920
2026-05-27,1.306151032447815,0.0056470924100118225,1,0,0.4488390850573497,0.5511609149426503,0.5511609149426503,1.0,0.01,0.24310141021540482,1290,1790,1890,1920
2026-05-28,1.31352698802948,0.011267337970133129,1,0,0.44297368560681794,0.5570263143931821,0.5570263143931821,1.0,0.01,0.24310141021540482,1290,1790,1890,1920
2026-05-29,1.328326940536499,0.007536606103269783,1,0,0.4388518206957622,0.5611481793042379,0.5611481793042379,1.0,0.01,0.24310141021540482,1290,1790,1890,1920
2026-05-30,1.338338017463684,-0.005243082329922766,0,0,0.43772500027674466,0.5622749997232553,0.5622749997232553,1.0,0.01,0.24310141021540482,1290,1790,1890,1920
2026-05-31,1.3313210010528564,-0.02737284349024416,0,0,0.44115618491592273,0.5588438150840773,0.5588438150840773,1.0,0.01,0.24310141021540482,1290,1790,1890,1920
2026-06-01,1.2948789596557615,-0.06563163077349099,0,0,0.4495203658735521,0.550479634126448,0.550479634126448,1.0,0.01,0.24310141021540482,1290,1790,1890,1920
2026-06-02,1.2098939418792725,-0.00797008589535897,0,0,0.46428269869807287,0.5357173013019272,0.5357173013019272,1.0,0.01,0.24310141021540482,1290,1790,1890,1920
2026-06-03,1.2002509832382202,-0.027997499114807867,0,0,0.4483705758174549,0.5516294241825451,0.5516294241825451,1.0,0.01,0.24437704352032952,1320,1820,1920,1950
2026-06-04,1.166646957397461,-0.06018181699280156,0,0,0.4549740314762043,0.5450259685237957,0.5450259685237957,1.0,0.01,0.24437704352032952,1320,1820,1920,1950
2026-06-05,1.0964360237121582,-0.0027160428861010555,0,0,0.4633607248125247,0.5366392751874753,0.5366392751874753,1.0,0.01,0.24437704352032952,1320,1820,1920,1950
2026-06-06,1.09345805644989,0.05596281356053079,1,0,0.45002560558684196,0.5499743944131581,0.5499743944131581,1.0,0.01,0.24437704352032952,1320,1820,1920,1950
2026-06-07,1.1546510457992554,0.011728164040258449,1,0,0.4312459397267684,0.5687540602732316,0.5687540602732316,1.0,0.01,0.24437704352032952,1320,1820,1920,1950
2026-06-08,1.168192982673645,-0.026486214161867028,0,0,0.43699914268902845,0.5630008573109715,0.5630008573109715,1.0,0.01,0.24437704352032952,1320,1820,1920,1950
2026-06-09,1.1372519731521606,-0.0351856784320187,0,0,0.4477590802538226,0.5522409197461774,0.5522409197461774,1.0,0.01,0.24437704352032952,1320,1820,1920,1950
2026-06-10,1.09723699092865,0.040418756860251426,1,0,0.45439938831901067,0.5456006116809893,0.5456006116809893,1.0,0.01,0.24437704352032952,1320,1820,1920,1950
2026-06-11,1.1415859460830688,-0.008345379544139941,0,0,0.43299879119398343,0.5670012088060166,0.5670012088060166,1.0,0.01,0.24437704352032952,1320,1820,1920,1950
2026-06-12,1.1320589780807495,0.015887917093627024,1,0,0.4439949555104055,0.5560050444895945,0.5560050444895945,1.0,0.01,0.24437704352032952,1320,1820,1920,1950
2026-06-13,1.1500450372695925,0.031115308495858196,1,0,0.43550727901688663,0.5644927209831134,0.5644927209831134,1.0,0.01,0.24437704352032952,1320,1820,1920,1950
2026-06-14,1.1858290433883667,0.044174917101911904,1,0,0.4304219432740334,0.5695780567259666,0.5695780567259666,1.0,0.01,0.24437704352032952,1320,1820,1920,1950
2026-06-15,1.2382129430770874,-0.017948406658667482,0,0,0.42528962569627926,0.5747103743037207,0.5747103743037207,1.0,0.01,0.24437704352032952,1320,1820,1920,1950
2026-06-16,1.2159889936447144,-0.02541465062097703,0,0,0.4374112638922932,0.5625887361077069,0.5625887361077069,1.0,0.01,0.24437704352032952,1320,1820,1920,1950
2026-06-17,1.1850850582122805,-0.03346854820749279,0,0,0.4448754198936199,0.5551245801063801,0.5551245801063801,1.0,0.01,0.24437704352032952,1320,1820,1920,1950
2026-06-18,1.1454219818115234,-0.007890516892550048,0,0,0.45100514783961776,0.5489948521603822,0.5489948521603822,1.0,0.01,0.24437704352032952,1320,1820,1920,1950
2026-06-19,1.1363840103149414,0.011147652076855863,1,0,0.4436028130867604,0.5563971869132396,0.5563971869132396,1.0,0.01,0.24437704352032952,1320,1820,1920,1950
2026-06-20,1.1490520238876345,-0.02143771513631121,0,0,0.43700458867849434,0.5629954113215057,0.5629954113215057,1.0,0.01,0.24437704352032952,1320,1820,1920,1950
2026-06-21,1.1244189739227295,0.0037459540663951074,1,0,0.4455752664620966,0.5544247335379033,0.5544247335379033,1.0,0.01,0.24437704352032952,1320,1820,1920,1950
2026-06-22,1.1286309957504272,-0.017030321063014275,0,0,0.43812968267574964,0.5618703173242503,0.5618703173242503,1.0,0.01,0.24437704352032952,1320,1820,1920,1950
2026-06-23,1.109410047531128,-0.0334862889068025,0,0,0.44290735248095847,0.5570926475190415,0.5570926475190415,1.0,0.01,0.24437704352032952,1320,1820,1920,1950
2026-06-24,1.0722600221633911,-0.028555597147631007,0,0,0.4495433879818129,0.5504566120181871,0.5504566120181871,1.0,0.01,0.24437704352032952,1320,1820,1920,1950
2026-06-25,1.0416409969329834,0.005259033101477906,1,0,0.44982007934072255,0.5501799206592775,0.5501799206592775,1.0,0.01,0.24437704352032952,1320,1820,1920,1950
2026-06-26,1.0471190214157104,-0.0006599596009549957,0,0,0.4404608129081119,0.5595391870918881,0.5595391870918881,1.0,0.01,0.24437704352032952,1320,1820,1920,1950
2026-06-27,1.0464279651641846,0.0010970515855757146,1,0,0.4387299053814611,0.5612700946185389,0.5612700946185389,1.0,0.01,0.24437704352032952,1320,1820,1920,1950
2026-06-28,1.0475759506225586,0.009254749591019129,1,0,0.4378541999194487,0.5621458000805513,0.5621458000805513,1.0,0.01,0.24437704352032952,1320,1820,1920,1950
2026-06-29,1.0572710037231443,-0.017820434067663538,0,0,0.4367208010459149,0.5632791989540851,0.5632791989540851,1.0,0.01,0.24437704352032952,1320,1820,1920,1950
2026-06-30,1.0384299755096436,0.013210336102175368,1,0,0.44177208011070496,0.558227919889295,0.558227919889295,1.0,0.01,0.24437704352032952,1320,1820,1920,1950
2026-07-01,1.0521479845046997,0.03264560833903518,1,0,0.43328241770229037,0.5667175822977096,0.5667175822977096,1.0,0.01,0.24437704352032952,1320,1820,1920,1950
2026-07-02,1.0864959955215454,0.043660494641925895,1,0,0.42439950230296053,0.5756004976970395,0.5756004976970395,1.0,0.01,0.24437704352032952,1320,1820,1920,1950
2026-07-03,1.1339329481124878,0.02015471000730762,1,0,0.4543233620830528,0.5456766379169472,0.5456766379169472,1.0,scale,0.247051596945075,1350,1850,1950,1980
2026-07-04,1.1567870378494265,-0.0007728904650360358,0,0,0.44738652516382804,0.552613474836172,0.552613474836172,1.0,scale,0.247051596945075,1350,1850,1950,1980
2026-07-05,1.1558929681777954,-0.01046374954325513,0,0,0.44035535589938757,0.5596446441006124,0.5596446441006124,1.0,scale,0.247051596945075,1350,1850,1950,1980
2026-07-06,1.1437979936599731,-0.027992658162333206,0,0,0.43503099151974944,0.5649690084802506,0.5649690084802506,1.0,scale,0.247051596945075,1350,1850,1950,1980
2026-07-07,1.111780047416687,-0.019614558290989792,0,0,0.4269958485873336,0.5730041514126665,0.5730041514126665,1.0,scale,0.247051596945075,1350,1850,1950,1980
2026-07-08,1.089972972869873,0.003086394098622103,1,0,0.4255455642143877,0.5744544357856123,0.5744544357856123,1.0,scale,0.247051596945075,1350,1850,1950,1980
2026-07-09,1.093337059020996,0.009682196385877306,1,0,0.4322450227084641,0.5677549772915359,0.5677549772915359,1.0,scale,0.247051596945075,1350,1850,1950,1980
2026-07-10,1.103922963142395,-0.005744906497866964,0,0,0.43400307630918644,0.5659969236908136,0.5659969236908136,1.0,scale,0.247051596945075,1350,1850,1950,1980
2026-07-11,1.0975810289382937,-0.010790169451505238,0,0,0.4265614620995244,0.5734385379004756,0.5734385379004756,1.0,scale,0.247051596945075,1350,1850,1950,1980
2026-07-12,1.085737943649292,-0.018658231433832162,0,0,0.4236901988750892,0.5763098011249108,0.5763098011249108,1.0,scale,0.247051596945075,1350,1850,1950,1980
2026-07-13,1.0654799938201904,0.042835146624025766,1,0,0.42113738747268925,0.5788626125273107,0.5788626125273107,1.0,scale,0.247051596945075,1350,1850,1950,1980
2026-07-14,1.1111199855804443,0.0014822841509534168,1,0,0.4505653289357555,0.5494346710642445,0.5494346710642445,1.0,scale,0.247051596945075,1350,1850,1950,1980
2026-07-15,1.112766981124878,-0.023794678831345784,0,0,0.42998662999678205,0.570013370003218,0.570013370003218,1.0,scale,0.247051596945075,1350,1850,1950,1980
2026-07-16,1.0862890481948853,0.0021503540265173093,1,0,0.4217422465292689,0.5782577534707312,0.5782577534707312,1.0,scale,0.247051596945075,1350,1850,1950,1980
2026-07-17,1.0886249542236328,0.0032445076942215767,1,0,0.43835254275808244,0.5616474572419176,0.5616474572419176,1.0,scale,0.247051596945075,1350,1850,1950,1980
2026-07-18,1.092157006263733,0.0034464214357261547,1,0,0.44495857700047203,0.555041422999528,0.555041422999528,1.0,scale,0.247051596945075,1350,1850,1950,1980
2026-07-19,1.0959210395812988,0.01477475000141415,1,0,0.437385950812562,0.5626140491874381,0.5626140491874381,1.0,scale,0.247051596945075,1350,1850,1950,1980
2026-07-20,1.1121129989624023,0.02729936928400223,1,0,0.43945991057313977,0.5605400894268602,0.5605400894268602,1.0,scale,0.247051596945075,1350,1850,1950,1980
2026-07-21,1.1424729824066162,-0.0007518971159330423,0,0,0.4495406262805811,0.5504593737194189,0.5504593737194189,1.0,scale,0.247051596945075,1350,1850,1950,1980
2026-07-22,1.1416139602661133,-0.030422640633079645,0,0,0.4300313373610731,0.5699686626389269,0.5699686626389269,1.0,scale,0.247051596945075,1350,1850,1950,1980
2026-07-23,1.1068830490112305,-0.01441260120397947,0,0,0.41967841836107805,0.580321581638922,0.580321581638922,1.0,scale,0.247051596945075,1350,1850,1950,1980
2026-07-24,1.0909299850463867,0.005864686696569699,1,0,0.4294934998416093,0.5705065001583907,0.5705065001583907,1.0,scale,0.247051596945075,1350,1850,1950,1980
2026-07-25,1.0973279476165771,0.013065431229409397,1,0,0.4428145860625237,0.5571854139374763,0.5571854139374763,1.0,scale,0.247051596945075,1350,1850,1950,1980
2026-07-26,1.1116650104522705,-0.041739148524844505,0,0,0.44080553860666694,0.5591944613933331,0.5591944613933331,1.0,scale,0.247051596945075,1350,1850,1950,1980
2026-07-27,1.0652650594711304,0.0025288462259391853,1,0,0.4120110750682078,0.5879889249317922,0.5879889249317922,1.0,scale,0.247051596945075,1350,1850,1950,1980
2026-07-28,1.067958950996399,0.004588282950775513,1,0,0.4329166024627698,0.5670833975372302,0.5670833975372302,1.0,scale,0.247051596945075,1350,1850,1950,1980
2026-07-29,1.0728590488433838,0.010221233952688147,1,0,0.4329830812632612,0.5670169187367389,0.5670169187367389,1.0,scale,0.247051596945075,1350,1850,1950,1980
2026-07-30,1.0838249921798706,-0.02148874428701164,0,0,0.4444344343671902,0.5555655656328098,0.5555655656328098,1.0,scale,0.247051596945075,1350,1850,1950,1980
2026-07-31,1.060534954071045,-0.0007467055257782684,0,0,0.42117713360680803,0.578822866393192,0.578822866393192,1.0,scale,0.247051596945075,1350,1850,1950,1980
2026-08-01,1.059743046760559,0.023465064165334226,1,0,0.4394575798805098,0.5605424201194902,0.5605424201194902,1.0,scale,0.247051596945075,1350,1850,1950,1980
2026-08-02,1.0846099853515625,-0.009199561943416645,0,0,0.45777407044107055,0.5422259295589295,0.5422259295589295,1.0,0.1,0.24825932246590057,1380,1880,1980,2010
2026-08-03,1.0746320486068726,-0.001324175368873859,0,0,0.43344785508351685,0.5665521449164832,0.5665521449164832,1.0,0.1,0.24825932246590057,1380,1880,1980,2010
2026-08-04,1.0732090473175049,-0.011363108745902628,0,0,0.4435347839516235,0.5564652160483765,0.5564652160483765,1.0,0.1,0.24825932246590057,1380,1880,1980,2010
2026-08-05,1.0610140562057495,-0.02577538098997678,0,0,0.42572063725571047,0.5742793627442895,0.5742793627442895,1.0,0.1,0.24825932246590057,1380,1880,1980,2010
2026-08-06,1.0336660146713257,-0.012024192312345527,0,0,0.40515381088408786,0.5948461891159121,0.5948461891159121,1.0,0.1,0.24825932246590057,1380,1880,1980,2010
2026-08-07,1.021237015724182,0.01701565715007458,1,0,0.4165337249433395,0.5834662750566605,0.5834662750566605,1.0,0.1,0.24825932246590057,1380,1880,1980,2010
2026-08-08,1.03861403465271,-0.009338393939943512,0,0,0.45769674338400446,0.5423032566159955,0.5423032566159955,1.0,0.1,0.24825932246590057,1380,1880,1980,2010
2026-08-09,1.0289150476455688,-0.016895517580766906,0,0,0.42223655560536116,0.5777634443946389,0.5777634443946389,1.0,0.1,0.24825932246590057,1380,1880,1980,2010
2026-08-10,1.0115309953689575,0.010233064402745518,1,0,0.40566490699137664,0.5943350930086233,0.5943350930086233,1.0,0.1,0.24825932246590057,1380,1880,1980,2010
2026-08-11,1.0218820571899414,-0.017133121982676913,0,0,0.43356222080615114,0.5664377791938489,0.5664377791938489,1.0,0.1,0.24825932246590057,1380,1880,1980,2010
2026-08-12,1.0043740272521973,0.0037345851186307844,1,0,0.42578394082342286,0.5742160591765771,0.5742160591765771,1.0,0.1,0.24825932246590057,1380,1880,1980,2010
2026-08-13,1.0081249475479126,-0.01000565819199195,0,0,0.4287745310446158,0.5712254689553842,0.5712254689553842,1.0,0.1,0.24825932246590057,1380,1880,1980,2010
2026-08-14,0.9980379939079284,0.0033686092203681905,1,0,0.41615307454231104,0.583846925457689,0.583846925457689,1.0,0.1,0.24825932246590057,1380,1880,1980,2010
2026-08-15,1.0013999938964844,-0.009413831706099884,0,0,0.4463569342226081,0.5536430657773919,0.5536430657773919,1.0,0.1,0.24825932246590057,1380,1880,1980,2010
2026-08-16,0.9919729828834534,0.010732192702498589,1,0,0.40571068642348584,0.5942893135765142,0.5942893135765142,1.0,0.1,0.24825932246590057,1380,1880,1980,2010
2026-08-17,1.0026190280914309,-0.0012617444365894404,0,0,0.41493358455008816,0.5850664154499119,0.5850664154499119,1.0,0.1,0.24825932246590057,1380,1880,1980,2010
2026-08-18,1.0013539791107178,0.10290970225355678,1,0,0.4264531494908526,0.5735468505091474,0.5735468505091474,1.0,0.1,0.24825932246590057,1380,1880,1980,2010
2026-08-19,1.104403018951416,0.1485300079746088,1,0,0.45967915437760604,0.540320845622394,0.540320845622394,1.0,0.1,0.24825932246590057,1380,1880,1980,2010
2026-08-20,1.268440008163452,0.14612911902377035,1,0,0.46196107735533987,0.5380389226446601,0.5380389226446601,1.0,0.1,0.24825932246590057,1380,1880,1980,2010
2026-08-21,1.4537960290908811,0.006831060262846966,1,0,0.4342095976420589,0.5657904023579411,0.5657904023579411,1.0,0.1,0.24825932246590057,1380,1880,1980,2010
2026-08-22,1.4637269973754885,0.039939791338318376,1,0,0.4684007383930215,0.5315992616069785,0.5315992616069785,1.0,0.1,0.24825932246590057,1380,1880,1980,2010
2026-08-23,1.5221879482269287,-0.028343403786565635,0,0,0.4526509935248495,0.5473490064751505,0.5473490064751505,1.0,0.1,0.24825932246590057,1380,1880,1980,2010
2026-08-24,1.479043960571289,-0.030961899296532924,0,0,0.45311621592218376,0.5468837840778162,0.5468837840778162,1.0,0.1,0.24825932246590057,1380,1880,1980,2010
2026-08-25,1.4332499504089355,-0.007549963519835168,0,0,0.4354229348519778,0.5645770651480222,0.5645770651480222,1.0,0.1,0.24825932246590057,1380,1880,1980,2010
2026-08-26,1.4224289655685425,0.021515313313162032,1,0,0.4143157761012217,0.5856842238987783,0.5856842238987783,1.0,0.1,0.24825932246590057,1380,1880,1980,2010
2026-08-27,1.4530329704284668,-0.048067737562396795,0,0,0.42075268956532136,0.5792473104346787,0.5792473104346787,1.0,0.1,0.24825932246590057,1380,1880,1980,2010
2026-08-28,1.3831889629364014,0.009791149380808273,1,0,0.3826720745156357,0.6173279254843643,0.6173279254843643,1.0,0.1,0.24825932246590057,1380,1880,1980,2010
2026-08-29,1.396731972694397,-0.02665790533580581,0,0,0.4043272035469003,0.5956727964530997,0.5956727964530997,1.0,0.1,0.24825932246590057,1380,1880,1980,2010
2026-08-30,1.3594980239868164,0.01438028265839475,1,0,0.40786876979648407,0.592131230203516,0.592131230203516,1.0,0.1,0.24825932246590057,1380,1880,1980,2010
2026-08-31,1.379047989845276,-0.01987674413156737,0,0,0.4229092364069462,0.5770907635930538,0.5770907635930538,1.0,0.1,0.24825932246590057,1380,1880,1980,2010
