timestamp,close,future_return_1d,y_true,prediction,prob_positive,prob_negative,confidence,selected_C,selected_gamma,validation_brier,fold_start,train_end,validation_end,test_end
2022-10-22,0.4654699862003326,0.007654664658716337,1,0,0.4943716221344421,0.5056283778655579,0.5056283778655579,1.0,0.1,0.24976266441245565,0,500,600,630
2022-10-23,0.4690330028533935,-0.03243268453138293,0,0,0.4755383742507709,0.5244616257492292,0.5244616257492292,1.0,0.1,0.24976266441245565,0,500,600,630
2022-10-24,0.4538210034370422,0.01701773070743573,1,1,0.5018807343036648,0.49811926569633524,0.5018807343036648,1.0,0.1,0.24976266441245565,0,500,600,630
2022-10-25,0.461544007062912,0.01696910933516671,1,0,0.4646092859527802,0.5353907140472198,0.5353907140472198,1.0,0.1,0.24976266441245565,0,500,600,630
2022-10-26,0.4693759977817535,-0.014847382274330467,0,0,0.47660574110364307,0.5233942588963569,0.5233942588963569,1.0,0.1,0.24976266441245565,0,500,600,630
2022-10-27,0.4624069929122925,0.02502989854731341,1,0,0.475250154694333,0.5247498453056669,0.5247498453056669,1.0,0.1,0.24976266441245565,0,500,600,630
2022-10-28,0.4739809930324554,-0.00752136406046644,0,0,0.49478929219815754,0.5052107078018424,0.5052107078018424,1.0,0.1,0.24976266441245565,0,500,600,630
2022-10-29,0.4704160094261169,-0.0254264583666729,0,0,0.473346989196331,0.526653010803669,0.526653010803669,1.0,0.1,0.24976266441245565,0,500,600,630
2022-10-30,0.4584549963474273,0.01627204020074635,1,1,0.5002979006508497,0.49970209934915033,0.5002979006508497,1.0,0.1,0.24976266441245565,0,500,600,630
2022-10-31,0.4659149944782257,-0.002871779362706328,0,0,0.4699445657668083,0.5300554342331917,0.5300554342331917,1.0,0.1,0.24976266441245565,0,500,600,630
2022-11-01,0.4645769894123077,-0.029495624916565655,0,0,0.49073592143625794,0.5092640785637421,0.5092640785637421,1.0,0.1,0.24976266441245565,0,500,600,630
2022-11-02,0.450874000787735,0.009450505098844042,1,0,0.49077443923534375,0.5092255607646563,0.5092255607646563,1.0,0.1,0.24976266441245565,0,500,600,630
2022-11-03,0.4551349878311157,0.1082514459988857,1,0,0.4989479784429545,0.5010520215570455,0.5010520215570455,1.0,0.1,0.24976266441245565,0,500,600,630
2022-11-04,0.5044040083885193,-0.021954636309977182,0,1,0.5321460070272579,0.4678539929727421,0.5321460070272579,1.0,0.1,0.24976266441245565,0,500,600,630
2022-11-05,0.4933300018310547,-0.04593271669495502,0,1,0.5817512041276391,0.41824879587236086,0.5817512041276391,1.0,0.1,0.24976266441245565,0,500,600,630
2022-11-06,0.4706700146198272,-0.01022588079008091,0,1,0.5419167573734538,0.4580832426265462,0.5419167573734538,1.0,0.1,0.24976266441245565,0,500,600,630
2022-11-07,0.4658569991588592,-0.12796842440684275,0,1,0.5232412742187099,0.4767587257812901,0.5232412742187099,1.0,0.1,0.24976266441245565,0,500,600,630
2022-11-08,0.4062420129776001,-0.17984604459468778,0,1,0.581266961616417,0.418733038383583,0.581266961616417,1.0,0.1,0.24976266441245565,0,500,600,630
2022-11-09,0.3331809937953949,0.18765782513464813,1,1,0.5576927868502112,0.4423072131497888,0.5576927868502112,1.0,0.1,0.24976266441245565,0,500,600,630
2022-11-10,0.3957050144672394,-0.029178340726831675,0,1,0.5266602494090896,0.4733397505909104,0.5266602494090896,1.0,0.1,0.24976266441245565,0,500,600,630
2022-11-11,0.3841589987277984,-0.05331647509661752,0,1,0.5719587210200291,0.4280412789799709,0.5719587210200291,1.0,0.1,0.24976266441245565,0,500,600,630
2022-11-12,0.3636769950389862,-0.06429055209897583,0,1,0.5702831217022946,0.42971687829770544,0.5702831217022946,1.0,0.1,0.24976266441245565,0,500,600,630
2022-11-13,0.3402960002422333,0.10611354143942098,1,1,0.6118228163301325,0.38817718366986753,0.6118228163301325,1.0,0.1,0.24976266441245565,0,500,600,630
2022-11-14,0.3764060139656067,0.03218591474803434,1,1,0.5392626672175101,0.46073733278248985,0.5392626672175101,1.0,0.1,0.24976266441245565,0,500,600,630
2022-11-15,0.3885209858417511,-0.03145260025983776,0,0,0.4623874445933114,0.5376125554066886,0.5376125554066886,1.0,0.1,0.24976266441245565,0,500,600,630
2022-11-16,0.3763009905815124,0.016590496576820657,1,1,0.5230825269473514,0.47691747305264864,0.5230825269473514,1.0,0.1,0.24976266441245565,0,500,600,630
2022-11-17,0.3825440108776092,0.001356648195507626,1,0,0.48207202158258394,0.517927978417416,0.517927978417416,1.0,0.1,0.24976266441245565,0,500,600,630
2022-11-18,0.3830629885196686,0.004270834135646329,1,1,0.517441978889919,0.48255802111008095,0.517441978889919,1.0,0.1,0.24976266441245565,0,500,600,630
2022-11-19,0.3846989870071411,-0.0591475010450595,0,1,0.5190945573921651,0.48090544260783485,0.5190945573921651,1.0,0.1,0.24976266441245565,0,500,600,630
2022-11-20,0.3619450032711029,0.007885147122745462,1,1,0.5993074730480689,0.40069252695193114,0.5993074730480689,1.0,0.1,0.24976266441245565,0,500,600,630
2022-11-21,0.3647989928722381,0.03087179467907797,1,0,0.4970515529114621,0.5029484470885379,0.5029484470885379,1.0,0.01,0.244177172410702,30,530,630,660
2022-11-22,0.3760609924793243,0.014678512436449465,1,0,0.441366539622968,0.558633460377032,0.558633460377032,1.0,0.01,0.244177172410702,30,530,630,660
2022-11-23,0.3815810084342956,0.05349056767346161,1,0,0.4212703129478891,0.5787296870521109,0.5787296870521109,1.0,0.01,0.244177172410702,30,530,630,660
2022-11-24,0.401991993188858,0.015970507864670802,1,0,0.36132679647793214,0.6386732035220679,0.6386732035220679,1.0,0.01,0.244177172410702,30,530,630,660
2022-11-25,0.4084120094776153,-0.028850776993896488,0,0,0.397071196074549,0.602928803925451,0.602928803925451,1.0,0.01,0.244177172410702,30,530,630,660
2022-11-26,0.3966290056705475,0.0004840456902464041,1,0,0.479148879689907,0.520851120310093,0.520851120310093,1.0,0.01,0.244177172410702,30,530,630,660
2022-11-27,0.396820992231369,-0.016387706501406862,0,0,0.4407879866457391,0.5592120133542609,0.5592120133542609,1.0,0.01,0.244177172410702,30,530,630,660
2022-11-28,0.3903180062770843,0.02108789263779154,1,0,0.4892563483116244,0.5107436516883757,0.5107436516883757,1.0,0.01,0.244177172410702,30,530,630,660
2022-11-29,0.3985489904880523,0.02557779300737284,1,0,0.43199664090937745,0.5680033590906226,0.5680033590906226,1.0,0.01,0.244177172410702,30,530,630,660
2022-11-30,0.4087429940700531,-0.029443886788169005,0,0,0.40688428458512754,0.5931157154148725,0.5931157154148725,1.0,0.01,0.244177172410702,30,530,630,660
2022-12-01,0.3967080116271972,-0.001096586121638321,0,0,0.4691163024979797,0.5308836975020204,0.5308836975020204,1.0,0.01,0.244177172410702,30,530,630,660
2022-12-02,0.3962729871273041,-0.020506042281871917,0,0,0.4367687052296407,0.5632312947703593,0.5632312947703593,1.0,0.01,0.244177172410702,30,530,630,660
2022-12-03,0.3881469964981079,0.006667587015162457,1,0,0.48541488155097084,0.5145851184490291,0.5145851184490291,1.0,0.01,0.244177172410702,30,530,630,660
2022-12-04,0.390735000371933,-0.002945718944654452,0,0,0.4328019842503725,0.5671980157496275,0.5671980157496275,1.0,0.01,0.244177172410702,30,530,630,660
2022-12-05,0.3895840048789978,0.006442721883804348,1,0,0.4449395951192554,0.5550604048807446,0.5550604048807446,1.0,0.01,0.244177172410702,30,530,630,660
2022-12-06,0.3920939862728119,-0.021354554189259134,0,0,0.4270049843011754,0.5729950156988246,0.5729950156988246,1.0,0.01,0.244177172410702,30,530,630,660
2022-12-07,0.3837209939956665,0.028207981956484884,1,0,0.4748046563354975,0.5251953436645025,0.5251953436645025,1.0,0.01,0.244177172410702,30,530,630,660
2022-12-08,0.3945449888706207,-0.013666338009838408,0,0,0.40930675854494236,0.5906932414550576,0.5906932414550576,1.0,0.01,0.244177172410702,30,530,630,660
2022-12-09,0.3891530036926269,-0.006308562662278416,0,0,0.4857288341320447,0.5142711658679553,0.5142711658679553,1.0,0.01,0.244177172410702,30,530,630,660
2022-12-10,0.3866980075836181,-0.012798109535004154,0,0,0.4945455375067712,0.5054544624932288,0.5054544624932288,1.0,0.01,0.244177172410702,30,530,630,660
2022-12-11,0.3817490041255951,0.014787221011866913,1,1,0.5084282357850959,0.4915717642149041,0.5084282357850959,1.0,0.01,0.244177172410702,30,530,630,660
2022-12-12,0.3873940110206604,0.019897011920959162,1,0,0.46663001225210254,0.5333699877478975,0.5333699877478975,1.0,0.01,0.244177172410702,30,530,630,660
2022-12-13,0.3951019942760467,-0.021989265938033187,0,0,0.44338024429835093,0.556619755701649,0.556619755701649,1.0,0.01,0.244177172410702,30,530,630,660
2022-12-14,0.3864139914512634,-0.021161196498323043,0,1,0.5250205479582968,0.4749794520417032,0.5250205479582968,1.0,0.01,0.244177172410702,30,530,630,660
2022-12-15,0.3782370090484619,-0.06939834194905448,0,1,0.5375400262804895,0.46245997371951053,0.5375400262804895,1.0,0.01,0.244177172410702,30,530,630,660
2022-12-16,0.3519879877567291,0.00801735231704459,1,1,0.6349586260439397,0.3650413739560603,0.6349586260439397,1.0,0.01,0.244177172410702,30,530,630,660
2022-12-17,0.3548099994659424,-0.012795570565677261,0,1,0.5490187644616024,0.45098123553839764,0.5490187644616024,1.0,0.01,0.244177172410702,30,530,630,660
2022-12-18,0.350270003080368,-0.03254636155482582,0,1,0.5751594654215445,0.4248405345784555,0.5751594654215445,1.0,0.01,0.244177172410702,30,530,630,660
2022-12-19,0.3388699889183044,0.030994257993648633,1,1,0.5762530292198079,0.4237469707801921,0.5762530292198079,1.0,0.01,0.244177172410702,30,530,630,660
2022-12-20,0.3493730127811432,-0.009597191438754038,0,0,0.49300971608390864,0.5069902839160914,0.5069902839160914,1.0,0.01,0.244177172410702,30,530,630,660
2022-12-21,0.3460200130939483,0.01034614773431497,1,0,0.4788563986819063,0.5211436013180937,0.5211436013180937,1.0,scale,0.2434361671541211,60,560,660,690
2022-12-22,0.3495999872684479,0.013366717164100983,1,0,0.4307451943665722,0.5692548056334278,0.5692548056334278,1.0,scale,0.2434361671541211,60,560,660,690
2022-12-23,0.3542729914188385,-0.005910697763158224,0,0,0.3820444299907997,0.6179555700092003,0.6179555700092003,1.0,scale,0.2434361671541211,60,560,660,690
2022-12-24,0.3521789908409118,-0.01643194315794483,0,0,0.44995974642109177,0.5500402535789082,0.5500402535789082,1.0,scale,0.2434361671541211,60,560,660,690
2022-12-25,0.3463920056819916,0.055806738835722625,1,0,0.4546558515344751,0.5453441484655249,0.5453441484655249,1.0,scale,0.2434361671541211,60,560,660,690
2022-12-26,0.3657230138778686,0.006570521857409695,1,1,0.5779715867283689,0.4220284132716311,0.5779715867283689,1.0,scale,0.2434361671541211,60,560,660,690
2022-12-27,0.3681260049343109,-0.03149739654908468,0,0,0.3761521319248929,0.6238478680751072,0.6238478680751072,1.0,scale,0.2434361671541211,60,560,660,690
2022-12-28,0.3565309941768646,-0.038383726086551495,0,0,0.45585583593671625,0.5441441640632838,0.5441441640632838,1.0,scale,0.2434361671541211,60,560,660,690
2022-12-29,0.342846006155014,0.0063322306157258534,1,1,0.5082419804735159,0.4917580195264841,0.5082419804735159,1.0,scale,0.2434361671541211,60,560,660,690
2022-12-30,0.3450169861316681,-0.0147470179493574,0,0,0.44369430542106103,0.556305694578939,0.556305694578939,1.0,scale,0.2434361671541211,60,560,660,690
2022-12-31,0.3399290144443512,-0.0034301745772556957,0,1,0.5024071091479873,0.49759289085201275,0.5024071091479873,1.0,scale,0.2434361671541211,60,560,660,690
2023-01-01,0.3387629985809326,0.02890815518606482,1,0,0.491556961953379,0.5084430380466209,0.5084430380466209,1.0,scale,0.2434361671541211,60,560,660,690
2023-01-02,0.3485560119152069,-0.013576046853179702,0,1,0.7366537741287664,0.2633462258712336,0.7366537741287664,1.0,scale,0.2434361671541211,60,560,660,690
2023-01-03,0.3438239991664886,0.011546597029909345,1,1,0.5311284405102502,0.4688715594897498,0.5311284405102502,1.0,scale,0.2434361671541211,60,560,660,690
2023-01-04,0.3477939963340759,-0.028048171255772414,0,0,0.45394629131904624,0.5460537086809538,0.5460537086809538,1.0,scale,0.2434361671541211,60,560,660,690
2023-01-05,0.3380390107631683,0.019542072276045097,1,1,0.5017510181514839,0.49824898184851607,0.5017510181514839,1.0,scale,0.2434361671541211,60,560,660,690
2023-01-06,0.3446449935436249,-0.001093877425370704,0,0,0.4099296560015912,0.5900703439984087,0.5900703439984087,1.0,scale,0.2434361671541211,60,560,660,690
2023-01-07,0.3442679941654205,0.003166195986276543,1,0,0.496029621026938,0.5039703789730621,0.5039703789730621,1.0,scale,0.2434361671541211,60,560,660,690
2023-01-08,0.3453580141067505,0.01152999941665267,1,0,0.4375616356452982,0.5624383643547017,0.5624383643547017,1.0,scale,0.2434361671541211,60,560,660,690
2023-01-09,0.3493399918079376,0.005441692284658295,1,1,0.6477612888546391,0.35223871114536087,0.6477612888546391,1.0,scale,0.2434361671541211,60,560,660,690
2023-01-10,0.3512409925460815,0.0652458082223768,1,0,0.4335325927967698,0.5664674072032302,0.5664674072032302,1.0,scale,0.2434361671541211,60,560,660,690
2023-01-11,0.3741579949855804,0.0027768974051785023,1,0,0.40677581504640475,0.5932241849535953,0.5932241849535953,1.0,scale,0.2434361671541211,60,560,660,690
2023-01-12,0.3751969933509826,0.028270493510397232,1,1,0.5497012977535578,0.4502987022464422,0.5497012977535578,1.0,scale,0.2434361671541211,60,560,660,690
2023-01-13,0.3858039975166321,0.024984175887807103,1,1,0.541907170594541,0.45809282940545903,0.541907170594541,1.0,scale,0.2434361671541211,60,560,660,690
2023-01-14,0.3954429924488067,-0.026709292769200643,0,0,0.4308294808897678,0.5691705191102322,0.5691705191102322,1.0,scale,0.2434361671541211,60,560,660,690
2023-01-15,0.3848809897899627,0.004403977153366823,1,1,0.6495863804992683,0.3504136195007317,0.6495863804992683,1.0,scale,0.2434361671541211,60,560,660,690
2023-01-16,0.3865759968757629,0.002936011689773421,1,0,0.44518381079828767,0.5548161892017123,0.5548161892017123,1.0,scale,0.2434361671541211,60,560,660,690
2023-01-17,0.3877109885215759,-0.021301945620643248,0,1,0.6039978487781071,0.39600215122189286,0.6039978487781071,1.0,scale,0.2434361671541211,60,560,660,690
2023-01-18,0.3794519901275635,0.03777292013946276,1,1,0.5192620520392933,0.4807379479607067,0.5192620520392933,1.0,scale,0.2434361671541211,60,560,660,690
2023-01-19,0.3937849998474121,0.04966922551575559,1,1,0.5954428197372841,0.4045571802627159,0.5954428197372841,1.0,scale,0.2434361671541211,60,560,660,690
2023-01-20,0.413343995809555,-0.023735639646727424,0,1,0.5668687355008979,0.4331312644991021,0.5668687355008979,1.0,scale,0.24341762438677128,90,590,690,720
2023-01-21,0.403533011674881,-0.006358859586859111,0,1,0.6047478030810501,0.39525219691894986,0.6047478030810501,1.0,scale,0.24341762438677128,90,590,690,720
2023-01-22,0.400967001914978,0.059795439646445514,1,1,0.6068681731472108,0.39313182685278925,0.6068681731472108,1.0,scale,0.24341762438677128,90,590,690,720
2023-01-23,0.4249430000782013,-0.04056072069858174,0,1,0.5295711102870296,0.47042888971297037,0.5295711102870296,1.0,scale,0.24341762438677128,90,590,690,720
2023-01-24,0.407707005739212,0.024493038459393324,1,1,0.6367361443871062,0.36326385561289376,0.6367361443871062,1.0,scale,0.24341762438677128,90,590,690,720
2023-01-25,0.4176929891109466,-0.018171231164805013,0,1,0.5229743226522839,0.47702567734771606,0.5229743226522839,1.0,scale,0.24341762438677128,90,590,690,720
2023-01-26,0.4101029932498932,0.006554500971711175,1,1,0.5748961037700253,0.4251038962299747,0.5748961037700253,1.0,scale,0.24341762438677128,90,590,690,720
2023-01-27,0.4127910137176513,-0.011281738575960931,0,1,0.5292141248635913,0.4707858751364087,0.5292141248635913,1.0,scale,0.24341762438677128,90,590,690,720
2023-01-28,0.4081340134143829,0.013794455594333677,1,1,0.5573318374032955,0.4426681625967045,0.5573318374032955,1.0,scale,0.24341762438677128,90,590,690,720
2023-01-29,0.4137639999389648,-0.046338000129072965,0,1,0.5054138364570164,0.49458616354298357,0.5054138364570164,1.0,scale,0.24341762438677128,90,590,690,720
2023-01-30,0.3945910036563873,0.029899298934606966,1,1,0.6060256270442391,0.3939743729557609,0.6060256270442391,1.0,scale,0.24341762438677128,90,590,690,720
2023-01-31,0.4063889980316162,0.018462613206423617,1,0,0.49894340302080487,0.5010565969791951,0.5010565969791951,1.0,scale,0.24341762438677128,90,590,690,720
2023-02-01,0.41389200091362,-0.01001468111366799,0,0,0.48846475287864577,0.5115352471213542,0.5115352471213542,1.0,scale,0.24341762438677128,90,590,690,720
2023-02-02,0.4097470045089721,0.005998838591914968,1,1,0.5144365736467577,0.48556342635324234,0.5144365736467577,1.0,scale,0.24341762438677128,90,590,690,720
2023-02-03,0.4122050106525421,-0.0021833803824006237,0,0,0.4775133248117039,0.5224866751882962,0.5224866751882962,1.0,scale,0.24341762438677128,90,590,690,720
2023-02-04,0.4113050103187561,-0.03007019872175465,0,1,0.5095716316621253,0.49042836833787473,0.5095716316621253,1.0,scale,0.24341762438677128,90,590,690,720
2023-02-05,0.3989369869232178,-0.015323203823905729,0,1,0.5287820043355522,0.4712179956644478,0.5287820043355522,1.0,scale,0.24341762438677128,90,590,690,720
2023-02-06,0.3928239941596985,0.028206008260686977,1,0,0.49403012433122806,0.5059698756687719,0.5059698756687719,1.0,scale,0.24341762438677128,90,590,690,720
2023-02-07,0.403903990983963,-0.014488552118021136,0,0,0.4418854311170344,0.5581145688829656,0.5581145688829656,1.0,scale,0.24341762438677128,90,590,690,720
2023-02-08,0.3980520069599151,-0.039155734149800336,0,0,0.4943603861830762,0.5056396138169238,0.5056396138169238,1.0,scale,0.24341762438677128,90,590,690,720
2023-02-09,0.3824659883975982,0.0004680744327958397,1,1,0.5748486231510618,0.4251513768489382,0.5748486231510618,1.0,scale,0.24341762438677128,90,590,690,720
2023-02-10,0.3826450109481811,0.0035619944676699156,1,1,0.5109744744413347,0.4890255255586653,0.5109744744413347,1.0,scale,0.24341762438677128,90,590,690,720
2023-02-11,0.38400799036026,-0.022723487544207832,0,1,0.5091841175016155,0.4908158824983845,0.5091841175016155,1.0,scale,0.24341762438677128,90,590,690,720
2023-02-12,0.3752819895744324,-0.009611372724475986,0,1,0.5271630378328023,0.4728369621671977,0.5271630378328023,1.0,scale,0.24341762438677128,90,590,690,720
2023-02-13,0.3716750144958496,0.028874674614059348,1,1,0.5920302713337889,0.40796972866621106,0.5920302713337889,1.0,scale,0.24341762438677128,90,590,690,720
2023-02-14,0.382407009601593,0.049541400231462474,1,0,0.44633680720044583,0.5536631927995541,0.5536631927995541,1.0,scale,0.24341762438677128,90,590,690,720
2023-02-15,0.4013519883155823,-0.04035111246353906,0,0,0.4311866380951858,0.5688133619048141,0.5688133619048141,1.0,scale,0.24341762438677128,90,590,690,720
2023-02-16,0.3851569890975952,0.026339931122020266,1,1,0.5224066520049412,0.4775933479950588,0.5224066520049412,1.0,scale,0.24341762438677128,90,590,690,720
2023-02-17,0.3953019976615906,-0.0016999225128455642,0,0,0.44781889068620745,0.5521811093137925,0.5521811093137925,1.0,scale,0.24341762438677128,90,590,690,720
2023-02-18,0.3946300148963928,-0.021065301392144575,0,0,0.49475315430996336,0.5052468456900366,0.5052468456900366,1.0,scale,0.24341762438677128,90,590,690,720
2023-02-19,0.3863170146942138,0.03160095066995594,1,0,0.4548135241801712,0.5451864758198288,0.5451864758198288,1.0,scale,0.23557747622184932,120,620,720,750
2023-02-20,0.3985249996185303,-0.016611228601255745,0,0,0.3951931049678665,0.6048068950321335,0.6048068950321335,1.0,scale,0.23557747622184932,120,620,720,750
2023-02-21,0.3919050097465515,0.009392592479933626,1,0,0.47093557828309307,0.5290644217169069,0.5290644217169069,1.0,scale,0.23557747622184932,120,620,720,750
2023-02-22,0.3955860137939453,-0.01632013587205472,0,0,0.42693070100065983,0.5730692989993402,0.5730692989993402,1.0,scale,0.23557747622184932,120,620,720,750
2023-02-23,0.3891299962997436,-0.02737642754450542,0,0,0.4798282746510518,0.5201717253489482,0.5201717253489482,1.0,scale,0.23557747622184932,120,620,720,750
2023-02-24,0.37847700715065,-0.001035782204153013,0,0,0.4960654231551993,0.5039345768448007,0.5039345768448007,1.0,scale,0.23557747622184932,120,620,720,750
2023-02-25,0.3780849874019623,-0.00011634481481681558,0,0,0.48816382292355304,0.511836177076447,0.511836177076447,1.0,scale,0.23557747622184932,120,620,720,750
2023-02-26,0.378040999174118,0.002840925439917097,1,0,0.4671736070638982,0.5328263929361018,0.5328263929361018,1.0,scale,0.23557747622184932,120,620,720,750
2023-02-27,0.3791149854660034,-0.005183087980273227,0,1,0.5075038295839074,0.4924961704160926,0.5075038295839074,1.0,scale,0.23557747622184932,120,620,720,750
2023-02-28,0.3771499991416931,0.017841725527208085,1,0,0.4422781768773577,0.5577218231226423,0.5577218231226423,1.0,scale,0.23557747622184932,120,620,720,750
2023-03-01,0.383879005908966,-0.016408865196855804,0,1,0.6128188055555729,0.3871811944444271,0.6128188055555729,1.0,scale,0.23557747622184932,120,620,720,750
2023-03-02,0.3775799870491028,0.0002410516862489942,1,1,0.6661431287528521,0.3338568712471479,0.6661431287528521,1.0,scale,0.23557747622184932,120,620,720,750
2023-03-03,0.3776710033416748,-0.010215240264458525,0,1,0.5852138380307507,0.41478616196924933,0.5852138380307507,1.0,scale,0.23557747622184932,120,620,720,750
2023-03-04,0.3738130033016205,-0.017706731271729614,0,1,0.6472053717255057,0.35279462827449426,0.6472053717255057,1.0,scale,0.23557747622184932,120,620,720,750
2023-03-05,0.3671939969062805,0.008924448092060056,1,1,0.6473926822890946,0.35260731771090537,0.6473926822890946,1.0,scale,0.23557747622184932,120,620,720,750
2023-03-06,0.3704710006713867,0.027200508666115564,1,1,0.6166512110037434,0.3833487889962566,0.6166512110037434,1.0,scale,0.23557747622184932,120,620,720,750
2023-03-07,0.3805480003356933,0.022704077477204487,1,1,0.5767193718630885,0.4232806281369115,0.5767193718630885,1.0,scale,0.23557747622184932,120,620,720,750
2023-03-08,0.3891879916191101,-0.0438296798326242,0,1,0.5901575510515219,0.4098424489484781,0.5901575510515219,1.0,scale,0.23557747622184932,120,620,720,750
2023-03-09,0.3721300065517425,-0.004052340543002408,0,1,0.6994040758237215,0.30059592417627845,0.6994040758237215,1.0,scale,0.23557747622184932,120,620,720,750
2023-03-10,0.3706220090389251,-0.010226108677452772,0,1,0.6665688884612584,0.3334311115387416,0.6665688884612584,1.0,scale,0.23557747622184932,120,620,720,750
2023-03-11,0.3668319880962372,0.017681115172600625,1,1,0.6735463584358456,0.32645364156415435,0.6735463584358456,1.0,scale,0.23557747622184932,120,620,720,750
2023-03-12,0.3733179867267608,0.0012536649382470788,1,1,0.6311220405188805,0.36887795948111946,0.6311220405188805,1.0,scale,0.23557747622184932,120,620,720,750
2023-03-13,0.3737860023975372,0.0013189097873520517,1,1,0.6125510973203877,0.3874489026796123,0.6125510973203877,1.0,scale,0.23557747622184932,120,620,720,750
2023-03-14,0.3742789924144745,-0.03665978990373153,0,1,0.6683160211522292,0.3316839788477708,0.6683160211522292,1.0,scale,0.23557747622184932,120,620,720,750
2023-03-15,0.3605580031871795,0.015162602341697307,1,1,0.7056918921405017,0.29430810785949835,0.7056918921405017,1.0,scale,0.23557747622184932,120,620,720,750
2023-03-16,0.3660250008106231,0.03922409823802964,1,1,0.6495219442212143,0.35047805577878566,0.6495219442212143,1.0,scale,0.23557747622184932,120,620,720,750
2023-03-17,0.3803820013999939,-0.015639516490066785,0,1,0.5655143269049044,0.43448567309509556,0.5655143269049044,1.0,scale,0.23557747622184932,120,620,720,750
2023-03-18,0.3744330108165741,0.037475265417461934,1,1,0.7008596883616935,0.29914031163830646,0.7008596883616935,1.0,scale,0.23557747622184932,120,620,720,750
2023-03-19,0.3884649872779846,-0.03561963193384565,0,1,0.6005590309807953,0.3994409690192047,0.6005590309807953,1.0,scale,0.23557747622184932,120,620,720,750
2023-03-20,0.3746280074119568,0.253803728273416,1,1,0.7257628274025656,0.2742371725974344,0.7257628274025656,1.0,scale,0.23557747622184932,120,620,720,750
2023-03-21,0.4697099924087524,-0.10055141689040659,0,1,0.7092163493210943,0.29078365067890566,0.7092163493210943,1.0,scale,0.23307789238694382,150,650,750,780
2023-03-22,0.4224799871444702,0.05294927877079658,1,1,0.6988345464491338,0.3011654535508662,0.6988345464491338,1.0,scale,0.23307789238694382,150,650,750,780
2023-03-23,0.4448499977588653,-0.04259410777567618,0,1,0.5466497882375972,0.45335021176240275,0.5466497882375972,1.0,scale,0.23307789238694382,150,650,750,780
2023-03-24,0.4259020090103149,0.04417447466569646,1,1,0.6969011789691791,0.30309882103082086,0.6969011789691791,1.0,scale,0.23307789238694382,150,650,750,780
2023-03-25,0.4447160065174103,0.009221633844301413,1,0,0.4756898525249804,0.5243101474750196,0.5243101474750196,1.0,scale,0.23307789238694382,150,650,750,780
2023-03-26,0.4488170146942138,0.0694580937329845,1,1,0.6058733030882403,0.3941266969117597,0.6058733030882403,1.0,scale,0.23307789238694382,150,650,750,780
2023-03-27,0.4799909889698028,0.07305760493486058,1,0,0.4680093316445655,0.5319906683554345,0.5319906683554345,1.0,scale,0.23307789238694382,150,650,750,780
2023-03-28,0.5150579810142517,0.05537053193413577,1,0,0.4383398316407051,0.5616601683592949,0.5616601683592949,1.0,scale,0.23307789238694382,150,650,750,780
2023-03-29,0.5435770153999329,-0.017160415973799137,0,0,0.4121316120253474,0.5878683879746526,0.5878683879746526,1.0,scale,0.23307789238694382,150,650,750,780
2023-03-30,0.5342490077018738,0.007942019885507579,1,1,0.5861931634128719,0.41380683658712814,0.5861931634128719,1.0,scale,0.23307789238694382,150,650,750,780
2023-03-31,0.5384920239448547,-0.04410654081285115,0,1,0.5489841785710556,0.45101582142894436,0.5489841785710556,1.0,scale,0.23307789238694382,150,650,750,780
2023-04-01,0.5147410035133362,0.008182798337316832,1,1,0.5843014516089932,0.41569854839100684,0.5843014516089932,1.0,scale,0.23307789238694382,150,650,750,780
2023-04-02,0.5189530253410339,-0.0423795799662946,0,1,0.5072369851377302,0.4927630148622698,0.5072369851377302,1.0,scale,0.23307789238694382,150,650,750,780
2023-04-03,0.4969600141048431,0.013117735061943359,1,1,0.6622348258576313,0.33776517414236873,0.6622348258576313,1.0,scale,0.23307789238694382,150,650,750,780
2023-04-04,0.50347900390625,0.005473911610498261,1,0,0.48922653517395714,0.5107734648260429,0.5107734648260429,1.0,scale,0.23307789238694382,150,650,750,780
2023-04-05,0.5062350034713745,-0.005801690620299893,0,1,0.5060560773097,0.49394392269029996,0.5060560773097,1.0,scale,0.23307789238694382,150,650,750,780
2023-04-06,0.5032979846000671,0.020739254511431326,1,1,0.5361641670426809,0.4638358329573191,0.5361641670426809,1.0,scale,0.23307789238694382,150,650,750,780
2023-04-07,0.5137360095977783,-0.015611099122178063,0,0,0.49088431506130015,0.5091156849386999,0.5091156849386999,1.0,scale,0.23307789238694382,150,650,750,780
2023-04-08,0.5057160258293152,0.0002332486731404515,1,1,0.564673351014567,0.43532664898543305,0.564673351014567,1.0,scale,0.23307789238694382,150,650,750,780
2023-04-09,0.5058339834213257,0.024680061924334806,1,0,0.48837148025669225,0.5116285197433077,0.5116285197433077,1.0,scale,0.23307789238694382,150,650,750,780
2023-04-10,0.5183179974555969,-0.0015434801533084075,0,0,0.3655877811304614,0.6344122188695386,0.6344122188695386,1.0,scale,0.23307789238694382,150,650,750,780
2023-04-11,0.5175179839134216,-0.022033948474122322,0,0,0.38450577197925895,0.615494228020741,0.615494228020741,1.0,scale,0.23307789238694382,150,650,750,780
2023-04-12,0.5061150193214417,0.01418056173679072,1,0,0.40865517190600803,0.5913448280939919,0.5913448280939919,1.0,scale,0.23307789238694382,150,650,750,780
2023-04-13,0.5132920145988464,0.02084778330094106,1,0,0.3570323474684148,0.6429676525315853,0.6429676525315853,1.0,scale,0.23307789238694382,150,650,750,780
2023-04-14,0.5239930152893066,-0.006773066167497621,0,0,0.3717966270428664,0.6282033729571336,0.6282033729571336,1.0,scale,0.23307789238694382,150,650,750,780
2023-04-15,0.5204439759254456,0.001821544525454133,1,0,0.48121106583466156,0.5187889341653384,0.5187889341653384,1.0,scale,0.23307789238694382,150,650,750,780
2023-04-16,0.5213919878005981,-0.019687668690938853,0,0,0.39658054677549,0.6034194532245101,0.6034194532245101,1.0,scale,0.23307789238694382,150,650,750,780
2023-04-17,0.5111269950866699,0.04135371313476588,1,0,0.4438377228072428,0.5561622771927572,0.5561622771927572,1.0,scale,0.23307789238694382,150,650,750,780
2023-04-18,0.532263994216919,-0.07640005921673554,0,0,0.38727819153005544,0.6127218084699446,0.6127218084699446,1.0,scale,0.23307789238694382,150,650,750,780
2023-04-19,0.4915989935398102,-0.03405419414288602,0,1,0.6558135387327815,0.3441864612672185,0.6558135387327815,1.0,scale,0.23307789238694382,150,650,750,780
2023-04-20,0.4748579859733581,-0.053620182269030314,0,1,0.6443919785041126,0.35560802149588744,0.6443919785041126,1.0,scale,0.23605830563283148,180,680,780,810
2023-04-21,0.449396014213562,0.0517694274534477,1,1,0.7662777951303962,0.23372220486960382,0.7662777951303962,1.0,scale,0.23605830563283148,180,680,780,810
2023-04-22,0.4726609885692596,-0.016174343410485403,0,0,0.44350708599609445,0.5564929140039055,0.5564929140039055,1.0,scale,0.23605830563283148,180,680,780,810
2023-04-23,0.4650160074234009,-0.00804916996019056,0,1,0.609697339073212,0.390302660926788,0.609697339073212,1.0,scale,0.23605830563283148,180,680,780,810
2023-04-24,0.4612730145454407,0.01890849279553075,1,1,0.6509748279648189,0.34902517203518113,0.6509748279648189,1.0,scale,0.23605830563283148,180,680,780,810
2023-04-25,0.4699949920177459,-0.016932084539309833,0,0,0.47629211177714165,0.5237078882228583,0.5237078882228583,1.0,scale,0.23605830563283148,180,680,780,810
2023-04-26,0.4620369970798492,0.01045590741482405,1,1,0.5619923692751804,0.43800763072481963,0.5619923692751804,1.0,scale,0.23605830563283148,180,680,780,810
2023-04-27,0.4668680131435394,0.02870832455873873,1,0,0.46371919701035125,0.5362808029896488,0.5362808029896488,1.0,scale,0.23605830563283148,180,680,780,810
2023-04-28,0.4802710115909576,-0.0038770178826588175,0,0,0.42087713114496395,0.579122868855036,0.579122868855036,1.0,scale,0.23605830563283148,180,680,780,810
2023-04-29,0.4784089922904968,-0.012702502787374281,0,0,0.4913073935690866,0.5086926064309134,0.5086926064309134,1.0,scale,0.23605830563283148,180,680,780,810
2023-04-30,0.4723320007324219,-0.015594966241045394,0,0,0.4768858137687742,0.5231141862312259,0.5231141862312259,1.0,scale,0.23605830563283148,180,680,780,810
2023-05-01,0.4649659991264343,-3.2240138395422946e-05,0,0,0.48418586924661855,0.5158141307533815,0.5158141307533815,1.0,scale,0.23605830563283148,180,680,780,810
2023-05-02,0.4649510085582733,-0.003133675833352778,0,0,0.43397013763398395,0.566029862366016,0.566029862366016,1.0,scale,0.23605830563283148,180,680,780,810
2023-05-03,0.4634940028190613,-0.004144601839036088,0,0,0.412332552315543,0.587667447684457,0.587667447684457,1.0,scale,0.23605830563283148,180,680,780,810
2023-05-04,0.4615730047225952,0.013490794701901176,1,0,0.4513891011919375,0.5486108988080625,0.5486108988080625,1.0,scale,0.23605830563283148,180,680,780,810
2023-05-05,0.4677999913692474,-0.017637840362372703,0,0,0.415901537044279,0.584098462955721,0.584098462955721,1.0,scale,0.23605830563283148,180,680,780,810
2023-05-06,0.4595490097999573,-0.01998702197017299,0,0,0.45868581134750597,0.541314188652494,0.541314188652494,1.0,scale,0.23605830563283148,180,680,780,810
2023-05-07,0.4503639936447143,-0.04762592024673851,0,0,0.4714363093851581,0.5285636906148419,0.5285636906148419,1.0,scale,0.23605830563283148,180,680,780,810
2023-05-08,0.4289149940013885,0.0022685521309444567,1,1,0.674347667823373,0.32565233217662704,0.674347667823373,1.0,scale,0.23605830563283148,180,680,780,810
2023-05-09,0.4298880100250244,0.0022912864147532908,1,0,0.4978474736942358,0.5021525263057642,0.5021525263057642,1.0,scale,0.23605830563283148,180,680,780,810
2023-05-10,0.4308730065822601,-0.02087393021531292,0,0,0.4688846120431025,0.5311153879568975,0.5311153879568975,1.0,scale,0.23605830563283148,180,680,780,810
2023-05-11,0.4218789935111999,0.020951531904342513,1,1,0.5650912189051662,0.4349087810948338,0.5650912189051662,1.0,scale,0.23605830563283148,180,680,780,810
2023-05-12,0.4307180047035217,-0.013500711088145323,0,0,0.48035817618597354,0.5196418238140265,0.5196418238140265,1.0,scale,0.23605830563283148,180,680,780,810
2023-05-13,0.424903005361557,0.0022522372450084482,1,1,0.549395900227563,0.450604099772437,0.549395900227563,1.0,scale,0.23605830563283148,180,680,780,810
2023-05-14,0.4258599877357483,0.003996643687073309,1,0,0.4779988279168011,0.522001172083199,0.522001172083199,1.0,scale,0.23605830563283148,180,680,780,810
2023-05-15,0.4275619983673095,0.032416321637182444,1,1,0.5147405841099197,0.48525941589008026,0.5147405841099197,1.0,scale,0.23605830563283148,180,680,780,810
2023-05-16,0.4414219856262207,0.016236190613019508,1,0,0.35581180044732424,0.6441881995526757,0.6441881995526757,1.0,scale,0.23605830563283148,180,680,780,810
2023-05-17,0.4485889971256256,0.02610404667134225,1,0,0.37311140936393467,0.6268885906360653,0.6268885906360653,1.0,scale,0.23605830563283148,180,680,780,810
2023-05-18,0.4602989852428436,0.01669134444250875,1,0,0.41196762252878333,0.5880323774712166,0.5880323774712166,1.0,scale,0.23605830563283148,180,680,780,810
2023-05-19,0.4679819941520691,0.002348424205256716,1,0,0.4233335784077494,0.5766664215922506,0.5766664215922506,1.0,scale,0.23605830563283148,180,680,780,810
2023-05-20,0.4690810143947601,-0.024582161326989427,0,0,0.4910770255612724,0.5089229744387276,0.5089229744387276,1.0,0.1,0.24001250990475712,210,710,810,840
2023-05-21,0.4575499892234802,0.008853677139654348,1,0,0.36071506501033196,0.6392849349896681,0.6392849349896681,1.0,0.1,0.24001250990475712,210,710,810,840
2023-05-22,0.4616009891033172,0.008295048040969588,1,0,0.3451264746143425,0.6548735253856575,0.6548735253856575,1.0,0.1,0.24001250990475712,210,710,810,840
2023-05-23,0.4654299914836883,-0.025398023299765038,0,0,0.4775572051834807,0.5224427948165193,0.5224427948165193,1.0,0.1,0.24001250990475712,210,710,810,840
2023-05-24,0.4536089897155761,0.0002756134583989933,1,0,0.4176533243886192,0.5823466756113809,0.5823466756113809,1.0,0.1,0.24001250990475712,210,710,810,840
2023-05-25,0.4537340104579925,0.03395377551094825,1,1,0.5437384397522501,0.4562615602477499,0.5437384397522501,1.0,0.1,0.24001250990475712,210,710,810,840
2023-05-26,0.4691399931907654,0.006618524550611626,1,0,0.3725381579924745,0.6274618420075255,0.6274618420075255,1.0,0.1,0.24001250990475712,210,710,810,840
2023-05-27,0.4722450077533722,0.02253912412620207,1,1,0.6070374202477802,0.3929625797522198,0.6070374202477802,1.0,0.1,0.24001250990475712,210,710,810,840
2023-05-28,0.4828889966011047,0.023322129280964665,1,1,0.5518498463417667,0.4481501536582333,0.5518498463417667,1.0,0.1,0.24001250990475712,210,710,810,840
2023-05-29,0.4941509962081909,0.05623186021360893,1,0,0.34492148661164046,0.6550785133883595,0.6550785133883595,1.0,0.1,0.24001250990475712,210,710,810,840
2023-05-30,0.5219380259513855,-0.008721354825985683,0,0,0.3378004259059308,0.6621995740940692,0.6621995740940692,1.0,0.1,0.24001250990475712,210,710,810,840
2023-05-31,0.5173860192298889,-0.019461315666963963,0,1,0.5667414039394362,0.4332585960605638,0.5667414039394362,1.0,0.1,0.24001250990475712,210,710,810,840
2023-06-01,0.5073170065879822,0.035618720236126666,1,1,0.7204940344614665,0.27950596553853346,0.7204940344614665,1.0,0.1,0.24001250990475712,210,710,810,840
2023-06-02,0.5253869891166687,-0.011488643014585853,0,1,0.6167286757045053,0.3832713242954947,0.6167286757045053,1.0,0.1,0.24001250990475712,210,710,810,840
2023-06-03,0.5193510055541992,0.03188598440263024,1,1,0.7219805712029911,0.2780194287970089,0.7219805712029911,1.0,0.1,0.24001250990475712,210,710,810,840
2023-06-04,0.5359110236167908,-0.04761433396043535,0,1,0.5127532039010052,0.4872467960989948,0.5127532039010052,1.0,0.1,0.24001250990475712,210,710,810,840
2023-06-05,0.5103939771652222,0.0393225964295183,1,1,0.6080626367092273,0.39193736329077267,0.6080626367092273,1.0,0.1,0.24001250990475712,210,710,810,840
2023-06-06,0.5304639935493469,-0.020427409480467285,0,1,0.6793271681771967,0.32067283182280326,0.6793271681771967,1.0,0.1,0.24001250990475712,210,710,810,840
2023-06-07,0.5196279883384705,0.00946453800686875,1,1,0.7148865774727344,0.28511342252726557,0.7148865774727344,1.0,0.1,0.24001250990475712,210,710,810,840
2023-06-08,0.5245460271835327,0.02549059579188362,1,1,0.746081604744231,0.253918395255769,0.746081604744231,1.0,0.1,0.24001250990475712,210,710,810,840
2023-06-09,0.5379170179367065,-0.055246516524003475,0,1,0.553371396291141,0.44662860370885904,0.553371396291141,1.0,0.1,0.24001250990475712,210,710,810,840
2023-06-10,0.5081989765167236,0.02562383271070079,1,1,0.6992325416699666,0.3007674583300334,0.6992325416699666,1.0,0.1,0.24001250990475712,210,710,810,840
2023-06-11,0.5212209820747375,0.008633634535087031,1,1,0.6912070222764609,0.3087929777235391,0.6912070222764609,1.0,0.1,0.24001250990475712,210,710,810,840
2023-06-12,0.52572101354599,-0.010718656800604576,0,1,0.5407685080652838,0.45923149193471624,0.5407685080652838,1.0,0.1,0.24001250990475712,210,710,810,840
2023-06-13,0.5200859904289246,-0.07665270964329651,0,1,0.5922364380756123,0.4077635619243877,0.5922364380756123,1.0,0.1,0.24001250990475712,210,710,810,840
2023-06-14,0.4802199900150299,-0.0002123683922601316,0,1,0.7772143275419369,0.22278567245806313,0.7772143275419369,1.0,0.1,0.24001250990475712,210,710,810,840
2023-06-15,0.4801180064678192,-0.009112365439119086,0,1,0.6474586784310163,0.35254132156898366,0.6474586784310163,1.0,0.1,0.24001250990475712,210,710,810,840
2023-06-16,0.4757429957389831,0.008506707203015829,1,1,0.6512617398946562,0.3487382601053438,0.6512617398946562,1.0,0.1,0.24001250990475712,210,710,810,840
2023-06-17,0.4797900021076202,0.01622167128670271,1,1,0.6179488582500072,0.3820511417499928,0.6179488582500072,1.0,0.1,0.24001250990475712,210,710,810,840
2023-06-18,0.4875729978084564,0.011940782024218999,1,1,0.5416647167071016,0.4583352832928984,0.5416647167071016,1.0,0.1,0.24001250990475712,210,710,810,840
2023-06-19,0.4933950006961822,-0.0010640515417481566,0,1,0.5661649774927403,0.4338350225072597,0.5661649774927403,1.0,scale,0.23821930107238207,240,740,840,870
2023-06-20,0.4928700029850006,0.01587637130620534,1,1,0.5791678257673485,0.4208321742326515,0.5791678257673485,1.0,scale,0.23821930107238207,240,740,840,870
2023-06-21,0.500694990158081,-0.011424099802530119,0,1,0.5264042723519048,0.4735957276480952,0.5264042723519048,1.0,scale,0.23821930107238207,240,740,840,870
2023-06-22,0.4949750006198883,0.0032142976487188335,1,1,0.5663683946015575,0.4336316053984425,0.5663683946015575,1.0,scale,0.23821930107238207,240,740,840,870
2023-06-23,0.4965659976005554,-0.018633968691614933,0,1,0.5413479324890955,0.4586520675109045,0.5413479324890955,1.0,scale,0.23821930107238207,240,740,840,870
2023-06-24,0.4873130023479461,0.006082312515338861,1,1,0.5798969352562316,0.42010306474376835,0.5798969352562316,1.0,scale,0.23821930107238207,240,740,840,870
2023-06-25,0.4902769923210144,-0.022324099387233676,0,1,0.5468566933527536,0.45314330664724645,0.5468566933527536,1.0,scale,0.23821930107238207,240,740,840,870
2023-06-26,0.4793320000171661,0.009404731357740781,1,1,0.639951001555921,0.360048998444079,0.639951001555921,1.0,scale,0.23821930107238207,240,740,840,870
2023-06-27,0.4838399887084961,-0.03847963803580623,0,1,0.5528549452868472,0.4471450547131528,0.5528549452868472,1.0,scale,0.23821930107238207,240,740,840,870
2023-06-28,0.4652220010757446,0.02042035174302037,1,1,0.6431191072561359,0.35688089274386414,0.6431191072561359,1.0,scale,0.23821930107238207,240,740,840,870
2023-06-29,0.4747219979763031,-0.001442963214262849,0,1,0.5529687399111181,0.44703126008888194,0.5529687399111181,1.0,scale,0.23821930107238207,240,740,840,870
2023-06-30,0.4740369915962219,-0.0010863796285714988,0,1,0.5974009399466551,0.4025990600533449,0.5974009399466551,1.0,scale,0.23821930107238207,240,740,840,870
2023-07-01,0.4735220074653625,0.02316889132079658,1,1,0.7574078205399395,0.2425921794600605,0.7574078205399395,1.0,scale,0.23821930107238207,240,740,840,870
2023-07-02,0.4844929873943329,0.01043157893636093,1,1,0.6973113928887335,0.30268860711126655,0.6973113928887335,1.0,scale,0.23821930107238207,240,740,840,870
2023-07-03,0.4895470142364502,-0.0034828537740789756,0,1,0.7437601987937535,0.25623980120624645,0.7437601987937535,1.0,scale,0.23821930107238207,240,740,840,870
2023-07-04,0.4878419935703277,-0.019617012643392884,0,1,0.75451586119991,0.24548413880009,0.75451586119991,1.0,scale,0.23821930107238207,240,740,840,870
2023-07-05,0.4782719910144806,-0.03038644030197879,0,1,0.7286172204846839,0.2713827795153161,0.7286172204846839,1.0,scale,0.23821930107238207,240,740,840,870
2023-07-06,0.4637390077114105,0.01083795577506863,1,1,0.7414371971662851,0.2585628028337149,0.7414371971662851,1.0,scale,0.23821930107238207,240,740,840,870
2023-07-07,0.468764990568161,0.0040084192762441795,1,1,0.7250544728764452,0.2749455271235548,0.7250544728764452,1.0,scale,0.23821930107238207,240,740,840,870
2023-07-08,0.4706439971923828,-0.004449224021592424,0,1,0.7414184403354219,0.2585815596645781,0.7414184403354219,1.0,scale,0.23821930107238207,240,740,840,870
2023-07-09,0.4685499966144562,0.0194514935158403,1,1,0.7349400517652847,0.26505994823471535,0.7349400517652847,1.0,scale,0.23821930107238207,240,740,840,870
2023-07-10,0.4776639938354492,-0.004071876865515356,0,1,0.6737564130991694,0.32624358690083055,0.6737564130991694,1.0,scale,0.23821930107238207,240,740,840,870
2023-07-11,0.475719004869461,-0.009698993533649336,0,1,0.7503510615591221,0.24964893844087788,0.7503510615591221,1.0,scale,0.23821930107238207,240,740,840,870
2023-07-12,0.471105009317398,0.7307500458163927,1,1,0.7474113279795455,0.25258867202045454,0.7474113279795455,1.0,scale,0.23821930107238207,240,740,840,870
2023-07-13,0.8153650164604187,-0.11799382362949673,0,1,0.623787407674498,0.37621259232550197,0.623787407674498,1.0,scale,0.23821930107238207,240,740,840,870
2023-07-14,0.7191569805145264,-0.008173419445869134,0,1,0.6352655774615412,0.3647344225384588,0.6352655774615412,1.0,scale,0.23821930107238207,240,740,840,870
2023-07-15,0.7132790088653564,0.04707977948390041,1,1,0.6322883391176878,0.3677116608823122,0.6322883391176878,1.0,scale,0.23821930107238207,240,740,840,870
2023-07-16,0.7468600273132324,-0.010249610701541734,0,1,0.6326799707062579,0.3673200292937421,0.6326799707062579,1.0,scale,0.23821930107238207,240,740,840,870
2023-07-17,0.739205002784729,0.05456537687023233,1,1,0.6346493682239427,0.3653506317760573,0.6346493682239427,1.0,scale,0.23821930107238207,240,740,840,870
2023-07-18,0.7795400023460388,0.05279270705969519,1,1,0.6323832338138224,0.36761676618617756,0.6323832338138224,1.0,scale,0.23821930107238207,240,740,840,870
2023-07-19,0.8206940293312073,-0.03245546268886956,0,1,0.6157436662678194,0.3842563337321806,0.6157436662678194,0.1,scale,0.2496926013027387,270,770,870,900
2023-07-20,0.7940580248832703,-0.027146655669387454,0,1,0.6036136733824287,0.39638632661757134,0.6036136733824287,0.1,scale,0.2496926013027387,270,770,870,900
2023-07-21,0.7725020051002502,-0.0507636588993593,0,1,0.6061006285599437,0.39389937144005627,0.6061006285599437,0.1,scale,0.2496926013027387,270,770,870,900
2023-07-22,0.73328697681427,0.007358658563607401,1,1,0.6142707065223079,0.38572929347769214,0.6142707065223079,0.1,scale,0.2496926013027387,270,770,870,900
2023-07-23,0.7386829853057861,-0.048624373479187244,0,1,0.6070244911136785,0.3929755088863215,0.6070244911136785,0.1,scale,0.2496926013027387,270,770,870,900
2023-07-24,0.7027649879455566,0.009725845685148338,1,1,0.6178823733151912,0.38211762668480875,0.6178823733151912,0.1,scale,0.2496926013027387,270,770,870,900
2023-07-25,0.7095999717712402,0.008735911094326587,1,1,0.6079001553735927,0.39209984462640735,0.6079001553735927,0.1,scale,0.2496926013027387,270,770,870,900
2023-07-26,0.7157989740371704,-0.003007798910061088,0,1,0.6082724285631437,0.3917275714368563,0.6082724285631437,0.1,scale,0.2496926013027387,270,770,870,900
2023-07-27,0.7136459946632385,-0.0015105663220549292,0,1,0.610142553273034,0.389857446726966,0.610142553273034,0.1,scale,0.2496926013027387,270,770,870,900
2023-07-28,0.7125679850578308,0.00023998513748368921,1,1,0.6064116610225015,0.39358833897749845,0.6064116610225015,0.1,scale,0.2496926013027387,270,770,870,900
2023-07-29,0.7127389907836914,-0.010667284618812056,0,1,0.6044332501306676,0.3955667498693324,0.6044332501306676,0.1,scale,0.2496926013027387,270,770,870,900
2023-07-30,0.7051360011100769,-0.009381145015151415,0,1,0.6195743941237676,0.3804256058762324,0.6195743941237676,0.1,scale,0.2496926013027387,270,770,870,900
2023-07-31,0.6985210180282593,0.012440569941492674,1,1,0.6128547576148453,0.3871452423851547,0.6128547576148453,0.1,scale,0.2496926013027387,270,770,870,900
2023-08-01,0.7072110176086426,-0.031130720928523425,0,1,0.5413471418955101,0.45865285810448986,0.5413471418955101,0.1,scale,0.2496926013027387,270,770,870,900
2023-08-02,0.6851950287818909,-0.030735846947523293,0,1,0.5899830938935113,0.41001690610648867,0.5899830938935113,0.1,scale,0.2496926013027387,270,770,870,900
2023-08-03,0.6641349792480469,-0.043057488124572774,0,1,0.6098244003267534,0.39017559967324655,0.6098244003267534,0.1,scale,0.2496926013027387,270,770,870,900
2023-08-04,0.6355389952659607,-0.011196826282581784,0,1,0.6277527362108892,0.37224726378911077,0.6277527362108892,0.1,scale,0.2496926013027387,270,770,870,900
2023-08-05,0.6284229755401611,-0.0084910749955327,0,1,0.6067561419796854,0.3932438580203146,0.6067561419796854,0.1,scale,0.2496926013027387,270,770,870,900
2023-08-06,0.6230869889259338,-0.0018552345038796991,0,1,0.6014525293084947,0.3985474706915053,0.6014525293084947,0.1,scale,0.2496926013027387,270,770,870,900
2023-08-07,0.6219310164451599,0.03292160995243454,1,1,0.6071478754777709,0.39285212452222906,0.6071478754777709,0.1,scale,0.2496926013027387,270,770,870,900
2023-08-08,0.6424059867858887,0.0014928857360658743,1,1,0.5388547610829457,0.4611452389170543,0.5388547610829457,0.1,scale,0.2496926013027387,270,770,870,900
2023-08-09,0.6433650255203247,-0.016132391391635692,0,1,0.5593863023219607,0.44061369767803926,0.5593863023219607,0.1,scale,0.2496926013027387,270,770,870,900
2023-08-10,0.6329860091209412,-0.0020711423995853906,0,1,0.5652131120392513,0.4347868879607487,0.5652131120392513,0.1,scale,0.2496926013027387,270,770,870,900
2023-08-11,0.6316750049591064,-0.00707640906351048,0,1,0.5612746888994672,0.4387253111005328,0.5612746888994672,0.1,scale,0.2496926013027387,270,770,870,900
2023-08-12,0.6272050142288208,-0.0017586650795029524,0,1,0.5212258914202902,0.4787741085797098,0.5212258914202902,0.1,scale,0.2496926013027387,270,770,870,900
2023-08-13,0.6261019706726074,0.013064999988576131,1,1,0.5360284176722646,0.4639715823277354,0.5360284176722646,0.1,scale,0.2496926013027387,270,770,870,900
2023-08-14,0.6342819929122925,-0.03891486583734638,0,1,0.5133844026444097,0.48661559735559035,0.5133844026444097,0.1,scale,0.2496926013027387,270,770,870,900
2023-08-15,0.6095989942550659,-0.034893414477655704,0,1,0.6138615328721317,0.38613846712786826,0.6138615328721317,0.1,scale,0.2496926013027387,270,770,870,900
2023-08-16,0.5883280038833618,-0.13799444526957383,0,1,0.642980472217716,0.35701952778228396,0.642980472217716,0.1,scale,0.2496926013027387,270,770,870,900
2023-08-17,0.5071420073509216,-0.0020546678935281504,0,1,0.7529886421743792,0.24701135782562078,0.7529886421743792,0.1,scale,0.2496926013027387,270,770,870,900
2023-08-18,0.5060999989509583,0.026731876495784013,1,1,0.5129104849106326,0.4870895150893674,0.5129104849106326,10.0,scale,0.26404767850555694,300,800,900,930
2023-08-19,0.5196290016174316,0.03833124109306696,1,0,0.4135336013143192,0.5864663986856808,0.5864663986856808,10.0,scale,0.26404767850555694,300,800,900,930
2023-08-20,0.5395470261573792,-0.027817863639773233,0,0,0.4770812970055103,0.5229187029944897,0.5229187029944897,10.0,scale,0.26404767850555694,300,800,900,930
2023-08-21,0.524537980556488,-0.006878412033607506,0,0,0.49529152969284546,0.5047084703071545,0.5047084703071545,10.0,scale,0.26404767850555694,300,800,900,930
2023-08-22,0.5209299921989441,0.017223022842173474,1,0,0.4757300515331428,0.5242699484668571,0.5242699484668571,10.0,scale,0.26404767850555694,300,800,900,930
2023-08-23,0.5299019813537598,-0.021681319373518027,0,0,0.42068209319363764,0.5793179068063623,0.5793179068063623,10.0,scale,0.26404767850555694,300,800,900,930
2023-08-24,0.5184130072593689,0.015109582298508561,1,0,0.4118668183263904,0.5881331816736096,0.5881331816736096,10.0,scale,0.26404767850555694,300,800,900,930
2023-08-25,0.5262460112571716,-0.005275150151042962,0,0,0.4471543530874191,0.5528456469125809,0.5528456469125809,10.0,scale,0.26404767850555694,300,800,900,930
2023-08-26,0.5234699845314026,0.0007144996982022533,1,0,0.39947904747693314,0.6005209525230668,0.6005209525230668,10.0,scale,0.26404767850555694,300,800,900,930
2023-08-27,0.5238440036773682,-0.0011377181735885422,0,0,0.40550841888935846,0.5944915811106415,0.5944915811106415,10.0,scale,0.26404767850555694,300,800,900,930
2023-08-28,0.523248016834259,0.03213958418411944,1,0,0.4403918313399215,0.5596081686600785,0.5596081686600785,10.0,scale,0.26404767850555694,300,800,900,930
2023-08-29,0.5400649905204773,-0.021980651349601255,0,0,0.49961399398846634,0.5003860060115337,0.5003860060115337,10.0,scale,0.26404767850555694,300,800,900,930
2023-08-30,0.528194010257721,-0.03293301172189078,0,0,0.39919000711834435,0.6008099928816557,0.6008099928816557,10.0,scale,0.26404767850555694,300,800,900,930
2023-08-31,0.510798990726471,-0.02490995981812849,0,0,0.38402532830006664,0.6159746716999334,0.6159746716999334,10.0,scale,0.26404767850555694,300,800,900,930
2023-09-01,0.498075008392334,0.0020398352766148875,1,0,0.3592096188600658,0.6407903811399343,0.6407903811399343,10.0,scale,0.26404767850555694,300,800,900,930
2023-09-02,0.4990909993648529,0.011937684495138212,1,0,0.37058696132286584,0.6294130386771342,0.6294130386771342,10.0,scale,0.26404767850555694,300,800,900,930
2023-09-03,0.5050489902496338,0.006585497342480817,1,0,0.38168528700349763,0.6183147129965023,0.6183147129965023,10.0,scale,0.26404767850555694,300,800,900,930
2023-09-04,0.5083749890327454,-0.005830263554832182,0,0,0.4196525005892024,0.5803474994107976,0.5803474994107976,10.0,scale,0.26404767850555694,300,800,900,930
2023-09-05,0.5054110288619995,-0.004289577434225866,0,0,0.3989057180124522,0.6010942819875478,0.6010942819875478,10.0,scale,0.26404767850555694,300,800,900,930
2023-09-06,0.5032430291175842,0.0032071473976660325,1,0,0.3737057309859444,0.6262942690140556,0.6262942690140556,10.0,scale,0.26404767850555694,300,800,900,930
2023-09-07,0.5048570036888123,-1.3931366767416797e-05,0,0,0.376225031734602,0.623774968265398,0.623774968265398,10.0,scale,0.26404767850555694,300,800,900,930
2023-09-08,0.5048499703407288,-0.001970843604415906,0,0,0.3645253162566964,0.6354746837433036,0.6354746837433036,10.0,scale,0.26404767850555694,300,800,900,930
2023-09-09,0.5038549900054932,-0.011989541579343732,0,0,0.37456000483081003,0.62543999516919,0.62543999516919,10.0,scale,0.26404767850555694,300,800,900,930
2023-09-10,0.4978139996528625,-0.04708586623000921,0,0,0.39101358437095995,0.6089864156290401,0.6089864156290401,10.0,scale,0.26404767850555694,300,800,900,930
2023-09-11,0.474373996257782,0.013415612523441478,1,1,0.5701812335735382,0.4298187664264618,0.5701812335735382,10.0,scale,0.26404767850555694,300,800,900,930
2023-09-12,0.4807380139827728,0.006317319979410874,1,0,0.3583781433979825,0.6416218566020175,0.6416218566020175,10.0,scale,0.26404767850555694,300,800,900,930
2023-09-13,0.4837749898433685,0.011745173890263416,1,0,0.3554724060617768,0.6445275939382231,0.6445275939382231,10.0,scale,0.26404767850555694,300,800,900,930
2023-09-14,0.4894570112228393,0.023327860671435108,1,0,0.3995140209406988,0.6004859790593011,0.6004859790593011,10.0,scale,0.26404767850555694,300,800,900,930
2023-09-15,0.5008749961853027,-0.0019865438385547884,0,0,0.43908933960272023,0.5609106603972798,0.5609106603972798,10.0,scale,0.26404767850555694,300,800,900,930
2023-09-16,0.4998799860477447,-0.013681238552787911,0,0,0.49870901353501673,0.5012909864649833,0.5012909864649833,10.0,scale,0.26404767850555694,300,800,900,930
2023-09-17,0.4930410087108612,0.020610792826349478,1,0,0.4098318554917989,0.5901681445082011,0.5901681445082011,10.0,scale,0.2679534389422863,330,830,930,960
2023-09-18,0.5032029747962952,0.02175663278390072,1,1,0.535251954284051,0.46474804571594897,0.535251954284051,10.0,scale,0.2679534389422863,330,830,930,960
2023-09-19,0.5141509771347046,0.014011441195025842,1,1,0.511864975232664,0.48813502476733595,0.511864975232664,10.0,scale,0.2679534389422863,330,830,930,960
2023-09-20,0.5213549733161926,-0.02719059413722713,0,1,0.5444003496085952,0.4555996503914048,0.5444003496085952,10.0,scale,0.2679534389422863,330,830,930,960
2023-09-21,0.5071790218353271,0.01051104165305361,1,0,0.4513510953770205,0.5486489046229794,0.5486489046229794,10.0,scale,0.2679534389422863,330,830,930,960
2023-09-22,0.5125100016593933,-0.008733509170388176,0,0,0.49245610899960274,0.5075438910003973,0.5075438910003973,10.0,scale,0.2679534389422863,330,830,930,960
2023-09-23,0.5080339908599854,-0.01111341066401228,0,0,0.46118528534307335,0.5388147146569267,0.5388147146569267,10.0,scale,0.2679534389422863,330,830,930,960
2023-09-24,0.5023880004882812,0.006116740573129498,1,0,0.4345844876142759,0.5654155123857241,0.5654155123857241,10.0,scale,0.2679534389422863,330,830,930,960
2023-09-25,0.5054609775543213,-0.007424918292291194,0,0,0.4664478575954822,0.5335521424045178,0.5335521424045178,10.0,scale,0.2679534389422863,330,830,930,960
2023-09-26,0.5017079710960388,-0.004207543473454534,0,0,0.48779161394200854,0.5122083860579915,0.5122083860579915,10.0,scale,0.2679534389422863,330,830,930,960
2023-09-27,0.4995970129966736,0.01987199241408244,1,0,0.45890548068183856,0.5410945193181614,0.5410945193181614,10.0,scale,0.2679534389422863,330,830,930,960
2023-09-28,0.5095250010490417,0.023932050061701515,1,0,0.4814085705327163,0.5185914294672838,0.5185914294672838,10.0,scale,0.2679534389422863,330,830,930,960
2023-09-29,0.5217189788818359,-0.012102261718050289,0,1,0.5162247182888396,0.48377528171116035,0.5162247182888396,10.0,scale,0.2679534389422863,330,830,930,960
2023-09-30,0.515404999256134,0.017072043322002628,1,1,0.5757321642526737,0.4242678357473263,0.5757321642526737,10.0,scale,0.2679534389422863,330,830,930,960
2023-10-01,0.5242040157318115,-0.021693900542645972,0,1,0.5779927489295185,0.42200725107048154,0.5779927489295185,10.0,scale,0.2679534389422863,330,830,930,960
2023-10-02,0.51283198595047,0.049831163637204634,1,0,0.4542332938542252,0.5457667061457748,0.5457667061457748,10.0,scale,0.2679534389422863,330,830,930,960
2023-10-03,0.5383870005607605,-0.0101339199469479,0,1,0.5299641426086232,0.47003585739137677,0.5299641426086232,10.0,scale,0.2679534389422863,330,830,930,960
2023-10-04,0.5329310297966003,-0.017948017352229284,0,0,0.478824371029295,0.521175628970705,0.521175628970705,10.0,scale,0.2679534389422863,330,830,930,960
2023-10-05,0.5233659744262695,0.005401666214155165,1,1,0.6039575049930197,0.3960424950069803,0.6039575049930197,10.0,scale,0.2679534389422863,330,830,930,960
2023-10-06,0.5261930227279663,-0.00814720888657905,0,1,0.5396346754931531,0.46036532450684686,0.5396346754931531,10.0,scale,0.2679534389422863,330,830,930,960
2023-10-07,0.5219060182571411,-0.007558818793233946,0,1,0.5955424175222743,0.4044575824777257,0.5955424175222743,10.0,scale,0.2679534389422863,330,830,930,960
2023-10-08,0.5179610252380371,-0.02844621323221419,0,1,0.5141278560548805,0.48587214394511946,0.5141278560548805,10.0,scale,0.2679534389422863,330,830,930,960
2023-10-09,0.5032269954681396,-0.01150774605614191,0,1,0.5735897479318821,0.4264102520681179,0.5735897479318821,10.0,scale,0.2679534389422863,330,830,930,960
2023-10-10,0.497435986995697,-0.017284635683680327,0,0,0.4992269085773961,0.5007730914226038,0.5007730914226038,10.0,scale,0.2679534389422863,330,830,930,960
2023-10-11,0.4888379871845245,-0.011840320493948564,0,0,0.4579298266767417,0.5420701733232582,0.5420701733232582,10.0,scale,0.2679534389422863,330,830,930,960
2023-10-12,0.483049988746643,0.005483923588583517,1,0,0.4490061446617015,0.5509938553382985,0.5509938553382985,10.0,scale,0.2679534389422863,330,830,930,960
2023-10-13,0.4856989979743957,0.0022153903020085686,1,0,0.43230748116270806,0.5676925188372919,0.5676925188372919,10.0,scale,0.2679534389422863,330,830,930,960
2023-10-14,0.4867750108242035,0.0022001463376495334,1,0,0.4554800951148082,0.5445199048851919,0.5445199048851919,10.0,scale,0.2679534389422863,330,830,930,960
2023-10-15,0.4878459870815277,0.02076680292704758,1,0,0.4315458272019466,0.5684541727980534,0.5684541727980534,10.0,scale,0.2679534389422863,330,830,930,960
2023-10-16,0.4979769885540008,-0.012617019169224863,0,1,0.5796235091789002,0.42037649082109985,0.5796235091789002,10.0,scale,0.2679534389422863,330,830,930,960
2023-10-17,0.4916940033435821,-0.006864012532523223,0,0,0.47307165382290767,0.5269283461770924,0.5269283461770924,1.0,0.01,0.25207549525258066,360,860,960,990
2023-10-18,0.4883190095424652,0.06513772402976414,1,0,0.47594994013143777,0.5240500598685622,0.5240500598685622,1.0,0.01,0.25207549525258066,360,860,960,990
2023-10-19,0.52012699842453,-0.007926857288492739,0,0,0.43829845865590705,0.5617015413440929,0.5617015413440929,1.0,0.01,0.25207549525258066,360,860,960,990
2023-10-20,0.5160040259361267,0.010152925150203052,1,0,0.4639084441342756,0.5360915558657244,0.5360915558657244,1.0,0.01,0.25207549525258066,360,860,960,990
2023-10-21,0.5212429761886597,0.002386619288768932,1,0,0.4418835108342984,0.5581164891657016,0.5581164891657016,1.0,0.01,0.25207549525258066,360,860,960,990
2023-10-22,0.5224869847297668,0.04666720739978447,1,0,0.45828750170024013,0.5417124982997599,0.5417124982997599,1.0,0.01,0.25207549525258066,360,860,960,990
2023-10-23,0.5468699932098389,0.02132500689921568,1,0,0.4624039819845649,0.5375960180154351,0.5375960180154351,1.0,0.01,0.25207549525258066,360,860,960,990
2023-10-24,0.5585319995880127,-0.005775823393391999,0,0,0.4398287175015854,0.5601712824984146,0.5601712824984146,1.0,0.01,0.25207549525258066,360,860,960,990
2023-10-25,0.5553060173988342,-0.0029227748779609986,0,0,0.44159819896714053,0.5584018010328595,0.5584018010328595,1.0,0.01,0.25207549525258066,360,860,960,990
2023-10-26,0.5536829829216003,-0.013682899787808678,0,0,0.4503021940107973,0.5496978059892027,0.5496978059892027,1.0,0.01,0.25207549525258066,360,860,960,990
2023-10-27,0.5461069941520691,-0.0013110452726460275,0,0,0.4617956589833918,0.5382043410166082,0.5382043410166082,1.0,0.01,0.25207549525258066,360,860,960,990
2023-10-28,0.5453910231590271,0.0201744388038525,1,0,0.45353887306578416,0.5464611269342159,0.5464611269342159,1.0,0.01,0.25207549525258066,360,860,960,990
2023-10-29,0.5563939809799194,0.04052891874247844,1,0,0.4461876449699133,0.5538123550300866,0.5538123550300866,1.0,0.01,0.25207549525258066,360,860,960,990
2023-10-30,0.5789440274238586,0.03685673395298639,1,0,0.44537172128416724,0.5546282787158328,0.5546282787158328,1.0,0.01,0.25207549525258066,360,860,960,990
2023-10-31,0.6002820134162903,0.015419428002670266,1,0,0.42111211032306983,0.5788878896769302,0.5788878896769302,1.0,0.01,0.25207549525258066,360,860,960,990
2023-11-01,0.6095380187034607,-0.00508421821234184,0,0,0.4343074782853567,0.5656925217146433,0.5656925217146433,1.0,0.01,0.25207549525258066,360,860,960,990
2023-11-02,0.6064389944076538,0.010822206177529825,1,0,0.455384074333389,0.544615925666611,0.544615925666611,1.0,0.01,0.25207549525258066,360,860,960,990
2023-11-03,0.6130020022392273,0.005190837794510905,1,0,0.444302081059682,0.555697918940318,0.555697918940318,1.0,0.01,0.25207549525258066,360,860,960,990
2023-11-04,0.6161839962005615,0.07297009088541806,1,0,0.44744415617674055,0.5525558438232594,0.5525558438232594,1.0,0.01,0.25207549525258066,360,860,960,990
2023-11-05,0.6611469984054565,0.08223585101106123,1,0,0.4324121436059475,0.5675878563940525,0.5675878563940525,1.0,0.01,0.25207549525258066,360,860,960,990
2023-11-06,0.715516984462738,-0.04069080435037764,0,0,0.40599603654403693,0.5940039634559631,0.5940039634559631,1.0,0.01,0.25207549525258066,360,860,960,990
2023-11-07,0.6864020228385925,0.0024387988275356154,1,0,0.4702599088186691,0.5297400911813309,0.5297400911813309,1.0,0.01,0.25207549525258066,360,860,960,990
2023-11-08,0.6880760192871094,-0.029940055440055402,0,0,0.4532630051811953,0.5467369948188048,0.5467369948188048,1.0,0.01,0.25207549525258066,360,860,960,990
2023-11-09,0.6674749851226807,-0.010337484770107652,0,1,0.5104717985193175,0.48952820148068255,0.5104717985193175,1.0,0.01,0.25207549525258066,360,860,960,990
2023-11-10,0.6605749726295471,0.00326989790941834,1,0,0.4818981247121303,0.5181018752878697,0.5181018752878697,1.0,0.01,0.25207549525258066,360,860,960,990
2023-11-11,0.6627349853515625,-0.0018091802316211325,0,0,0.4798760478904222,0.5201239521095777,0.5201239521095777,1.0,0.01,0.25207549525258066,360,860,960,990
2023-11-12,0.6615359783172607,0.01509821121908339,1,0,0.4741944467884244,0.5258055532115756,0.5258055532115756,1.0,0.01,0.25207549525258066,360,860,960,990
2023-11-13,0.6715239882469177,-0.062322396264329116,0,0,0.49536837124478267,0.5046316287552173,0.5046316287552173,1.0,0.01,0.25207549525258066,360,860,960,990
2023-11-14,0.6296730041503906,0.03172282509920343,1,1,0.5220513609249454,0.4779486390750546,0.5220513609249454,1.0,0.01,0.25207549525258066,360,860,960,990
2023-11-15,0.6496480107307434,-0.05769277526002847,0,0,0.4584871029909175,0.5415128970090826,0.5415128970090826,1.0,0.01,0.25207549525258066,360,860,960,990
2023-11-16,0.61216801404953,0.0025303600855850483,1,0,0.47086403756320344,0.5291359624367966,0.5291359624367966,0.1,scale,0.2498671096280041,390,890,990,1020
2023-11-17,0.6137170195579529,-0.00411918150922308,0,0,0.4806994393141405,0.5193005606858595,0.5193005606858595,0.1,scale,0.2498671096280041,390,890,990,1020
2023-11-18,0.6111890077590942,0.026685651035444513,1,0,0.4795303171818956,0.5204696828181044,0.5204696828181044,0.1,scale,0.2498671096280041,390,890,990,1020
2023-11-19,0.627498984336853,-0.023357744522395474,0,0,0.48688161417564135,0.5131183858243586,0.5131183858243586,0.1,scale,0.2498671096280041,390,890,990,1020
2023-11-20,0.6128420233726501,-0.05283587486722874,0,0,0.4787176398038797,0.5212823601961203,0.5212823601961203,0.1,scale,0.2498671096280041,390,890,990,1020
2023-11-21,0.5804619789123535,0.05415865382640672,1,0,0.47135482399673484,0.5286451760032651,0.5286451760032651,0.1,scale,0.2498671096280041,390,890,990,1020
2023-11-22,0.6118990182876587,0.013634572191091321,1,0,0.4881690123760331,0.5118309876239668,0.5118309876239668,0.1,scale,0.2498671096280041,390,890,990,1020
2023-11-23,0.6202419996261597,0.002642530694505707,1,0,0.48737774699740205,0.5126222530025979,0.5126222530025979,0.1,scale,0.2498671096280041,390,890,990,1020
2023-11-24,0.6218810081481934,0.0025133628129268004,1,0,0.48752709087821217,0.5124729091217879,0.5124729091217879,0.1,scale,0.2498671096280041,390,890,990,1020
2023-11-25,0.6234440207481384,-0.010626449916369185,0,0,0.4862222561068293,0.5137777438931708,0.5137777438931708,0.1,scale,0.2498671096280041,390,890,990,1020
2023-11-26,0.6168190240859985,-0.020534461689445838,0,0,0.47981084115800493,0.5201891588419951,0.5201891588419951,0.1,scale,0.2498671096280041,390,890,990,1020
2023-11-27,0.6041529774665833,0.01203176202063827,1,0,0.48004716427666105,0.519952835723339,0.519952835723339,0.1,scale,0.2498671096280041,390,890,990,1020
2023-11-28,0.6114220023155212,-0.003375720257801751,0,0,0.48645233585575076,0.5135476641442492,0.5135476641442492,0.1,scale,0.2498671096280041,390,890,990,1020
2023-11-29,0.609358012676239,-0.00492324859676363,0,0,0.4846511373749885,0.5153488626250116,0.5153488626250116,0.1,scale,0.2498671096280041,390,890,990,1020
2023-11-30,0.606357991695404,0.010813723662019381,1,0,0.48518093301607745,0.5148190669839225,0.5148190669839225,0.1,scale,0.2498671096280041,390,890,990,1020
2023-12-01,0.6129149794578552,0.01315189224319302,1,0,0.49257389188431877,0.5074261081156812,0.5074261081156812,0.1,scale,0.2498671096280041,390,890,990,1020
2023-12-02,0.6209759712219238,0.004423680449918255,1,0,0.4935630957338665,0.5064369042661335,0.5064369042661335,0.1,scale,0.2498671096280041,390,890,990,1020
2023-12-03,0.6237229704856873,0.0010437356984462909,1,0,0.49180170052668665,0.5081982994733134,0.5081982994733134,0.1,scale,0.2498671096280041,390,890,990,1020
2023-12-04,0.6243739724159241,-0.0038069710366055443,0,0,0.48825833795773677,0.5117416620422632,0.5117416620422632,0.1,scale,0.2498671096280041,390,890,990,1020
2023-12-05,0.6219969987869263,0.029479238797099683,1,0,0.4891252555646336,0.5108747444353664,0.5108747444353664,0.1,scale,0.2498671096280041,390,890,990,1020
2023-12-06,0.6403329968452454,0.005152003559525387,1,0,0.4944644514747656,0.5055355485252344,0.5055355485252344,0.1,scale,0.2498671096280041,390,890,990,1020
2023-12-07,0.6436319947242737,0.04584300957747911,1,0,0.4928753391229126,0.5071246608770874,0.5071246608770874,0.1,scale,0.2498671096280041,390,890,990,1020
2023-12-08,0.6731380224227905,-0.021279453754420086,0,0,0.4952446409638166,0.5047553590361834,0.5047553590361834,0.1,scale,0.2498671096280041,390,890,990,1020
2023-12-09,0.658814013004303,0.00419539738525021,1,0,0.49024578827362936,0.5097542117263707,0.5097542117263707,0.1,scale,0.2498671096280041,390,890,990,1020
2023-12-10,0.6615779995918274,-0.06252776604795363,0,0,0.49012623364163843,0.5098737663583616,0.5098737663583616,0.1,scale,0.2498671096280041,390,890,990,1020
2023-12-11,0.6202110052108765,-0.0010674250923605744,0,0,0.4755839993423152,0.5244160006576848,0.5244160006576848,0.1,scale,0.2498671096280041,390,890,990,1020
2023-12-12,0.6195489764213562,0.014425011691496126,1,0,0.4864825171135568,0.5135174828864433,0.5135174828864433,0.1,scale,0.2498671096280041,390,890,990,1020
2023-12-13,0.6284859776496887,0.006278590833198594,1,0,0.48904232723951513,0.5109576727604849,0.5109576727604849,0.1,scale,0.2498671096280041,390,890,990,1020
2023-12-14,0.6324319839477539,-0.026785485400804943,0,0,0.490542478543446,0.509457521456554,0.509457521456554,0.1,scale,0.2498671096280041,390,890,990,1020
2023-12-15,0.6154919862747192,0.00705619721095041,1,0,0.4850113594095666,0.5149886405904334,0.5149886405904334,0.1,scale,0.2498671096280041,390,890,990,1020
2023-12-16,0.6198350191116333,-0.015192748299709624,0,0,0.49179808064397024,0.5082019193560298,0.5082019193560298,0.1,scale,0.25131902169890674,420,920,1020,1050
2023-12-17,0.6104180216789246,0.0034598771715774745,1,0,0.4868260174062338,0.5131739825937662,0.5131739825937662,0.1,scale,0.25131902169890674,420,920,1020,1050
2023-12-18,0.612529993057251,-0.011548819700934576,0,0,0.48426776166322155,0.5157322383367784,0.5157322383367784,0.1,scale,0.25131902169890674,420,920,1020,1050
2023-12-19,0.6054559946060181,0.019593485482088502,1,0,0.48953883202575443,0.5104611679742456,0.5104611679742456,0.1,scale,0.25131902169890674,420,920,1020,1050
2023-12-20,0.6173189878463745,0.010676849642373476,1,0,0.4942569746313347,0.5057430253686652,0.5057430253686652,0.1,scale,0.25131902169890674,420,920,1020,1050
2023-12-21,0.6239100098609924,0.002391312592829209,1,0,0.4951210839928408,0.5048789160071592,0.5048789160071592,0.1,scale,0.25131902169890674,420,920,1020,1050
2023-12-22,0.6254019737243652,-0.008309837194248382,0,0,0.4916988314662791,0.5083011685337209,0.5083011685337209,0.1,scale,0.25131902169890674,420,920,1020,1050
2023-12-23,0.6202049851417542,-0.010781895748835257,0,0,0.4914450400900751,0.5085549599099248,0.5085549599099248,0.1,scale,0.25131902169890674,420,920,1020,1050
2023-12-24,0.6135179996490479,0.0534930891729275,1,0,0.48517467296758116,0.5148253270324188,0.5148253270324188,0.1,scale,0.25131902169890674,420,920,1020,1050
2023-12-25,0.6463369727134705,-0.037082794811935216,0,0,0.4986972766984712,0.5013027233015288,0.5013027233015288,0.1,scale,0.25131902169890674,420,920,1020,1050
2023-12-26,0.6223689913749695,0.020063651048750186,1,0,0.48755680889773856,0.5124431911022614,0.5124431911022614,0.1,scale,0.25131902169890674,420,920,1020,1050
2023-12-27,0.6348559856414795,0.00022373242390760772,1,0,0.4968496043816389,0.5031503956183612,0.5031503956183612,0.1,scale,0.25131902169890674,420,920,1020,1050
2023-12-28,0.6349980235099792,-0.01826151201591142,0,0,0.49156610818979574,0.5084338918102043,0.5084338918102043,0.1,scale,0.25131902169890674,420,920,1020,1050
2023-12-29,0.6234019994735718,-0.0024991992504027616,0,0,0.4898010280286451,0.5101989719713549,0.5101989719713549,0.1,scale,0.25131902169890674,420,920,1020,1050
2023-12-30,0.6218439936637878,-0.011100843291419693,0,0,0.491086894862956,0.508913105137044,0.508913105137044,0.1,scale,0.25131902169890674,420,920,1020,1050
2023-12-31,0.6149410009384155,0.024621890980302652,1,0,0.48864651156063826,0.5113534884393618,0.5113534884393618,0.1,scale,0.25131902169890674,420,920,1020,1050
2024-01-01,0.6300820112228394,-0.007489531286568152,0,0,0.4982681422033918,0.5017318577966082,0.5017318577966082,0.1,scale,0.25131902169890674,420,920,1020,1050
2024-01-02,0.6253629922866821,-0.06841310159790692,0,0,0.48874342513163815,0.5112565748683618,0.5112565748683618,0.1,scale,0.25131902169890674,420,920,1020,1050
2024-01-03,0.5825799703598022,0.009691459136265568,1,0,0.4698527440297608,0.5301472559702392,0.5301472559702392,0.1,scale,0.25131902169890674,420,920,1020,1050
2024-01-04,0.5882260203361511,-0.01995836371107107,0,0,0.4896798217588835,0.5103201782411164,0.5103201782411164,0.1,scale,0.25131902169890674,420,920,1020,1050
2024-01-05,0.5764859914779663,-0.013832025583576213,0,0,0.4828719905836847,0.5171280094163153,0.5171280094163153,0.1,scale,0.25131902169890674,420,920,1020,1050
2024-01-06,0.5685120224952698,-0.029499848449090593,0,0,0.4866684501902496,0.5133315498097504,0.5133315498097504,0.1,scale,0.25131902169890674,420,920,1020,1050
2024-01-07,0.5517410039901733,0.04745341687374238,1,0,0.47966826778441507,0.5203317322155849,0.5203317322155849,0.1,scale,0.25131902169890674,420,920,1020,1050
2024-01-08,0.5779229998588562,-0.01953549831532564,0,0,0.4826805848645995,0.5173194151354005,0.5173194151354005,0.1,scale,0.25131902169890674,420,920,1020,1050
2024-01-09,0.5666329860687256,0.05886704751389682,1,0,0.48745383001078274,0.5125461699892173,0.5125461699892173,0.1,scale,0.25131902169890674,420,920,1020,1050
2024-01-10,0.5999889969825745,0.0035100825589140516,1,1,0.5011497393933172,0.4988502606066828,0.5011497393933172,0.1,scale,0.25131902169890674,420,920,1020,1050
2024-01-11,0.6020950078964233,-0.05280890578586617,0,0,0.49703545401326243,0.5029645459867376,0.5029645459867376,0.1,scale,0.25131902169890674,420,920,1020,1050
2024-01-12,0.5702990293502808,0.008379781417909404,1,0,0.4839693332624103,0.5160306667375897,0.5160306667375897,0.1,scale,0.25131902169890674,420,920,1020,1050
2024-01-13,0.575078010559082,0.0020084558707689215,1,0,0.49210374340272056,0.5078962565972794,0.5078962565972794,0.1,scale,0.25131902169890674,420,920,1020,1050
2024-01-14,0.5762330293655396,-0.0005432586790539151,0,0,0.49023061756399444,0.5097693824360056,0.5097693824360056,0.1,scale,0.25131902169890674,420,920,1020,1050
2024-01-15,0.5759199857711792,4.688308228639748e-05,1,0,0.4609107283244385,0.5390892716755615,0.5390892716755615,1.0,0.01,0.2531082201363955,450,950,1050,1080
2024-01-16,0.5759469866752625,-0.0138449704003617,0,0,0.4532932763250575,0.5467067236749426,0.5467067236749426,1.0,0.01,0.2531082201363955,450,950,1050,1080
2024-01-17,0.5679730176925659,-0.028286580992812893,0,0,0.4644340507526948,0.5355659492473053,0.5355659492473053,1.0,0.01,0.2531082201363955,450,950,1050,1080
2024-01-18,0.5519070029258728,-0.013862898960771308,0,0,0.4945039240625461,0.5054960759374538,0.5054960759374538,1.0,0.01,0.2531082201363955,450,950,1050,1080
2024-01-19,0.5442559719085693,0.016297488802006432,1,0,0.48390383719218444,0.5160961628078156,0.5160961628078156,1.0,0.01,0.2531082201363955,450,950,1050,1080
2024-01-20,0.5531259775161743,-0.012682445117487062,0,0,0.4263654844987909,0.573634515501209,0.573634515501209,1.0,0.01,0.2531082201363955,450,950,1050,1080
2024-01-21,0.546110987663269,-0.03551474740516003,0,0,0.4556012965128218,0.5443987034871782,0.5443987034871782,1.0,0.01,0.2531082201363955,450,950,1050,1080
2024-01-22,0.5267159938812256,-0.017047180277810048,0,1,0.5385987580288527,0.4614012419711473,0.5385987580288527,1.0,0.01,0.2531082201363955,450,950,1050,1080
2024-01-23,0.5177369713783264,0.00048490793138755706,1,0,0.49442325880902155,0.5055767411909784,0.5055767411909784,1.0,0.01,0.2531082201363955,450,950,1050,1080
2024-01-24,0.5179880261421204,-0.008459682566860915,0,0,0.46209211789082527,0.5379078821091747,0.5379078821091747,1.0,0.01,0.2531082201363955,450,950,1050,1080
2024-01-25,0.5136060118675232,0.03618142949436787,1,0,0.4764336615366052,0.5235663384633948,0.5235663384633948,1.0,0.01,0.2531082201363955,450,950,1050,1080
2024-01-26,0.5321890115737915,-0.003624624103307883,0,0,0.4220562564202105,0.5779437435797895,0.5779437435797895,1.0,0.01,0.2531082201363955,450,950,1050,1080
2024-01-27,0.5302600264549255,-0.011628334382647543,0,0,0.4360516364514667,0.5639483635485333,0.5639483635485333,1.0,0.01,0.2531082201363955,450,950,1050,1080
2024-01-28,0.5240939855575562,0.02098105298880748,1,0,0.46411848500323316,0.5358815149967668,0.5358815149967668,1.0,0.01,0.2531082201363955,450,950,1050,1080
2024-01-29,0.5350900292396545,-0.04558486880440171,0,0,0.4453251957916485,0.5546748042083516,0.5546748042083516,1.0,0.01,0.2531082201363955,450,950,1050,1080
2024-01-30,0.5106980204582214,-0.014695572210892682,0,1,0.530576757913729,0.46942324208627095,0.530576757913729,1.0,0.01,0.2531082201363955,450,950,1050,1080
2024-01-31,0.5031930208206177,0.005298158840052913,1,0,0.47669696536639594,0.5233030346336041,0.5233030346336041,1.0,0.01,0.2531082201363955,450,950,1050,1080
2024-02-01,0.5058590173721313,0.009000453168681366,1,0,0.45845677786537886,0.5415432221346211,0.5415432221346211,1.0,0.01,0.2531082201363955,450,950,1050,1080
2024-02-02,0.5104119777679443,0.01670619196449219,1,0,0.44829167626899663,0.5517083237310034,0.5517083237310034,1.0,0.01,0.2531082201363955,450,950,1050,1080
2024-02-03,0.5189390182495117,-0.03015970408731461,0,0,0.4314965837985643,0.5685034162014357,0.5685034162014357,1.0,0.01,0.2531082201363955,450,950,1050,1080
2024-02-04,0.5032879710197449,0.005873442091217207,1,0,0.47984913627733994,0.5201508637226601,0.5201508637226601,1.0,0.01,0.2531082201363955,450,950,1050,1080
2024-02-05,0.5062440037727356,-0.0021550940057326606,0,0,0.4659949116081615,0.5340050883918386,0.5340050883918386,1.0,0.01,0.2531082201363955,450,950,1050,1080
2024-02-06,0.5051530003547668,0.017095806154079574,1,0,0.45269152308557375,0.5473084769144263,0.5473084769144263,1.0,0.01,0.2531082201363955,450,950,1050,1080
2024-02-07,0.5137889981269836,0.0014402637416996988,1,0,0.4307216479485879,0.5692783520514121,0.5692783520514121,1.0,0.01,0.2531082201363955,450,950,1050,1080
2024-02-08,0.5145289897918701,0.022354479027992813,1,0,0.4404312597787138,0.5595687402212862,0.5595687402212862,1.0,0.01,0.2531082201363955,450,950,1050,1080
2024-02-09,0.5260310173034668,-0.0036481330569170245,0,0,0.4180927795317224,0.5819072204682776,0.5819072204682776,1.0,0.01,0.2531082201363955,450,950,1050,1080
2024-02-10,0.5241119861602783,0.003762592202557924,1,0,0.4305944736940741,0.5694055263059259,0.5694055263059259,1.0,0.01,0.2531082201363955,450,950,1050,1080
2024-02-11,0.5260840058326721,0.011049571022719196,1,0,0.4373199092522324,0.5626800907477676,0.5626800907477676,1.0,0.01,0.2531082201363955,450,950,1050,1080
2024-02-12,0.5318970084190369,-0.013277040114633376,0,0,0.43623043154464575,0.5637695684553543,0.5637695684553543,1.0,0.01,0.2531082201363955,450,950,1050,1080
2024-02-13,0.5248349905014038,0.025848156842436465,1,0,0.4499934206294291,0.5500065793705708,0.5500065793705708,1.0,0.01,0.2531082201363955,450,950,1050,1080
2024-02-14,0.5384010076522827,0.04523390683138362,1,0,0.4266804926269697,0.5733195073730303,0.5733195073730303,1.0,0.01,0.24913651265942907,480,980,1080,1110
2024-02-15,0.5627549886703491,0.003918249101675153,1,0,0.41136690394521874,0.5886330960547812,0.5886330960547812,1.0,0.01,0.24913651265942907,480,980,1080,1110
2024-02-16,0.5649600028991699,-0.026681560794289738,0,0,0.4258379546126264,0.5741620453873736,0.5741620453873736,1.0,0.01,0.24913651265942907,480,980,1080,1110
2024-02-17,0.5498859882354736,0.012760856906618878,1,0,0.46633478591421307,0.5336652140857869,0.5336652140857869,1.0,0.01,0.24913651265942907,480,980,1080,1110
2024-02-18,0.5569030046463013,0.010224351571535673,1,0,0.4357014814104798,0.5642985185895202,0.5642985185895202,1.0,0.01,0.24913651265942907,480,980,1080,1110
2024-02-19,0.5625969767570496,0.0005777210710120606,1,0,0.45542621476691253,0.5445737852330874,0.5445737852330874,1.0,0.01,0.24913651265942907,480,980,1080,1110
2024-02-20,0.5629220008850098,-0.024724531207513945,0,0,0.462061088019711,0.537938911980289,0.537938911980289,1.0,0.01,0.24913651265942907,480,980,1080,1110
2024-02-21,0.5490040183067322,-0.01473581058846507,0,0,0.48018898083895806,0.5198110191610419,0.5198110191610419,1.0,0.01,0.24913651265942907,480,980,1080,1110
2024-02-22,0.540913999080658,-0.011794890838389471,0,0,0.4783445896426735,0.5216554103573265,0.5216554103573265,1.0,0.01,0.24913651265942907,480,980,1080,1110
2024-02-23,0.5345339775085449,0.01980041909047192,1,0,0.480965042761322,0.519034957238678,0.519034957238678,1.0,0.01,0.24913651265942907,480,980,1080,1110
2024-02-24,0.545117974281311,-0.004940210344645868,0,0,0.43462141533201404,0.565378584667986,0.565378584667986,1.0,0.01,0.24913651265942907,480,980,1080,1110
2024-02-25,0.5424249768257141,0.016555350814432934,1,0,0.4644181157258091,0.5355818842741908,0.5355818842741908,1.0,0.01,0.24913651265942907,480,980,1080,1110
2024-02-26,0.5514050126075745,0.0632075892864381,1,0,0.4542822511342484,0.5457177488657516,0.5457177488657516,1.0,0.01,0.24913651265942907,480,980,1080,1110
2024-02-27,0.5862579941749573,-0.01781974113483864,0,0,0.41085203615584875,0.5891479638441512,0.5891479638441512,1.0,0.01,0.24913651265942907,480,980,1080,1110
2024-02-28,0.5758110284805298,0.018259395522346455,1,0,0.4642948661139718,0.5357051338860281,0.5357051338860281,1.0,0.01,0.24913651265942907,480,980,1080,1110
2024-02-29,0.5863249897956848,0.026546775249644217,1,0,0.4271418023344277,0.5728581976655722,0.5728581976655722,1.0,0.01,0.24913651265942907,480,980,1080,1110
2024-03-01,0.6018900275230408,0.07137682870901974,1,0,0.45430286593887576,0.5456971340611243,0.5456971340611243,1.0,0.01,0.24913651265942907,480,980,1080,1110
2024-03-02,0.64485102891922,-0.02757078993474793,0,0,0.42520181460070494,0.5747981853992951,0.5747981853992951,1.0,0.01,0.24913651265942907,480,980,1080,1110
2024-03-03,0.6270719766616821,0.03677574173600884,1,1,0.5031727382789842,0.49682726172101577,0.5031727382789842,1.0,0.01,0.24913651265942907,480,980,1080,1110
2024-03-04,0.6501330137252808,-0.08803125064749484,0,0,0.46721734231685413,0.5327826576831458,0.5327826576831458,1.0,0.01,0.24913651265942907,480,980,1080,1110
2024-03-05,0.5929009914398193,0.03263954540903247,1,1,0.6138378223166548,0.38616217768334515,0.6138378223166548,1.0,0.01,0.24913651265942907,480,980,1080,1110
2024-03-06,0.6122530102729797,0.026738964871254156,1,0,0.482219025262226,0.517780974737774,0.517780974737774,1.0,0.01,0.24913651265942907,480,980,1080,1110
2024-03-07,0.6286240220069885,-0.010608955848261825,0,0,0.49099726507732533,0.5090027349226747,0.5090027349226747,1.0,0.01,0.24913651265942907,480,980,1080,1110
2024-03-08,0.6219549775123596,-0.00024111919942293447,0,1,0.5186441279530433,0.48135587204695673,0.5186441279530433,1.0,0.01,0.24913651265942907,480,980,1080,1110
2024-03-09,0.6218050122261047,-0.02150676988469402,0,1,0.5061962856859734,0.4938037143140266,0.5061962856859734,1.0,0.01,0.24913651265942907,480,980,1080,1110
2024-03-10,0.6084319949150085,0.18014174461771626,1,1,0.5402565787107206,0.45974342128927936,0.5402565787107206,1.0,0.01,0.24913651265942907,480,980,1080,1110
2024-03-11,0.7180359959602356,-0.04153969839735461,0,0,0.4753835562491157,0.5246164437508842,0.5246164437508842,1.0,0.01,0.24913651265942907,480,980,1080,1110
2024-03-12,0.6882089972496033,0.003982771520853801,1,1,0.5152637141725595,0.48473628582744055,0.5152637141725595,1.0,0.01,0.24913651265942907,480,980,1080,1110
2024-03-13,0.6909499764442444,-0.03036830659743517,0,0,0.4778699442554668,0.5221300557445332,0.5221300557445332,1.0,0.01,0.24913651265942907,480,980,1080,1110
2024-03-14,0.669966995716095,-0.054077243062189084,0,1,0.5589946494736721,0.44100535052632794,0.5589946494736721,1.0,0.01,0.24913651265942907,480,980,1080,1110
2024-03-15,0.6337370276451111,-0.048406545951348634,0,1,0.5760570419407036,0.4239429580592964,0.5760570419407036,0.1,scale,0.2497092213649693,510,1010,1110,1140
2024-03-16,0.6030600070953369,0.026816554961083927,1,1,0.5771396879434181,0.4228603120565819,0.5771396879434181,0.1,scale,0.2497092213649693,510,1010,1110,1140
2024-03-17,0.6192319989204407,0.04575507780400967,1,1,0.537139238635196,0.46286076136480403,0.537139238635196,0.1,scale,0.2497092213649693,510,1010,1110,1140
2024-03-18,0.6475650072097778,-0.09747901804969616,0,0,0.4992892106903376,0.5007107893096624,0.5007107893096624,0.1,scale,0.2497092213649693,510,1010,1110,1140
2024-03-19,0.5844410061836243,0.047431626979428376,1,1,0.5921035886362818,0.40789641136371824,0.5921035886362818,0.1,scale,0.2497092213649693,510,1010,1110,1140
2024-03-20,0.6121619939804077,0.04660365825042012,1,1,0.5074558740928722,0.4925441259071278,0.5074558740928722,0.1,scale,0.2497092213649693,510,1010,1110,1140
2024-03-21,0.6406909823417664,-0.04642175917393698,0,0,0.49455811158346685,0.5054418884165331,0.5054418884165331,0.1,scale,0.2497092213649693,510,1010,1110,1140
2024-03-22,0.6109489798545837,0.010879780464882804,1,1,0.5466140840999262,0.4533859159000738,0.5466140840999262,0.1,scale,0.2497092213649693,510,1010,1110,1140
2024-03-23,0.6175959706306458,0.02486097386479491,1,1,0.5163593208156987,0.4836406791843013,0.5163593208156987,0.1,scale,0.2497092213649693,510,1010,1110,1140
2024-03-24,0.6329500079154968,0.012771939419947254,1,1,0.507854419600221,0.49214558039977896,0.507854419600221,0.1,scale,0.2497092213649693,510,1010,1110,1140
2024-03-25,0.6410340070724487,-0.013698205986071632,0,1,0.502523864054834,0.49747613594516604,0.502523864054834,0.1,scale,0.2497092213649693,510,1010,1110,1140
2024-03-26,0.6322529911994934,-0.032090008479893184,0,1,0.5124734728027283,0.48752652719727174,0.5124734728027283,0.1,scale,0.2497092213649693,510,1010,1110,1140
2024-03-27,0.6119639873504639,0.02057309147747577,1,1,0.5454919365847248,0.45450806341527517,0.5454919365847248,0.1,scale,0.2497092213649693,510,1010,1110,1140
2024-03-28,0.6245539784431458,0.009920715018318482,1,1,0.5066626367449052,0.4933373632550948,0.5066626367449052,0.1,scale,0.2497092213649693,510,1010,1110,1140
2024-03-29,0.6307500004768372,-0.01413237230076958,0,1,0.5045173178419488,0.49548268215805125,0.5045173178419488,0.1,scale,0.2497092213649693,510,1010,1110,1140
2024-03-30,0.6218360066413879,0.011882568587142206,1,1,0.5195580233768909,0.48044197662310906,0.5195580233768909,0.1,scale,0.2497092213649693,510,1010,1110,1140
2024-03-31,0.6292250156402588,-0.028554245080159912,0,1,0.5029161838592023,0.49708381614079766,0.5029161838592023,0.1,scale,0.2497092213649693,510,1010,1110,1140
2024-04-01,0.6112579703330994,-0.04219485769521769,0,1,0.5292530857455806,0.4707469142544194,0.5292530857455806,0.1,scale,0.2497092213649693,510,1010,1110,1140
2024-04-02,0.5854660272598267,-0.018018140003196792,0,1,0.5305406598052439,0.4694593401947561,0.5305406598052439,0.1,scale,0.2497092213649693,510,1010,1110,1140
2024-04-03,0.5749170184135437,0.03259424310199566,1,1,0.5166793007469046,0.4833206992530954,0.5166793007469046,0.1,scale,0.2497092213649693,510,1010,1110,1140
2024-04-04,0.5936560034751892,-0.010330932203602594,0,0,0.47820017691176175,0.5217998230882382,0.5217998230882382,0.1,scale,0.2497092213649693,510,1010,1110,1140
2024-04-05,0.5875229835510254,0.00990088262148725,1,0,0.4876208715600325,0.5123791284399675,0.5123791284399675,0.1,scale,0.2497092213649693,510,1010,1110,1140
2024-04-06,0.5933399796485901,0.0025180336353278765,1,0,0.4665346335794037,0.5334653664205963,0.5334653664205963,0.1,scale,0.2497092213649693,510,1010,1110,1140
2024-04-07,0.59483402967453,0.034725635414997624,1,0,0.4773164267201183,0.5226835732798817,0.5226835732798817,0.1,scale,0.2497092213649693,510,1010,1110,1140
2024-04-08,0.6154900193214417,-0.002718228926027022,0,0,0.46837326109338556,0.5316267389066145,0.5316267389066145,0.1,scale,0.2497092213649693,510,1010,1110,1140
2024-04-09,0.6138169765472412,0.00609954807372981,1,0,0.4633197973969854,0.5366802026030146,0.5366802026030146,0.1,scale,0.2497092213649693,510,1010,1110,1140
2024-04-10,0.6175609827041626,-0.014056910203442685,0,0,0.4576846682195238,0.5423153317804762,0.5423153317804762,0.1,scale,0.2497092213649693,510,1010,1110,1140
2024-04-11,0.6088799834251404,-0.09930691292707583,0,0,0.47776177260778674,0.5222382273922133,0.5222382273922133,0.1,scale,0.2497092213649693,510,1010,1110,1140
2024-04-12,0.5484139919281006,-0.12325543481804957,0,1,0.5818316845103095,0.41816831548969047,0.5818316845103095,0.1,scale,0.2497092213649693,510,1010,1110,1140
2024-04-13,0.4808189868927002,0.04874805437196694,1,1,0.5848958589796807,0.41510414102031934,0.5848958589796807,0.1,scale,0.2497092213649693,510,1010,1110,1140
2024-04-14,0.5042579770088196,-0.01294372547663758,0,1,0.5248703059829591,0.47512969401704086,0.5248703059829591,1.0,0.01,0.2514172295754642,540,1040,1140,1170
2024-04-15,0.4977310001850128,-0.0020814221546499034,0,1,0.5609354730622113,0.43906452693778875,0.5609354730622113,1.0,0.01,0.2514172295754642,540,1040,1140,1170
2024-04-16,0.4966950118541717,-0.003732677863660161,0,1,0.5340818576651569,0.4659181423348431,0.5340818576651569,1.0,0.01,0.2514172295754642,540,1040,1140,1170
2024-04-17,0.4948410093784332,0.016453698298415143,1,1,0.5365630378895792,0.46343696211042085,0.5365630378895792,1.0,0.01,0.2514172295754642,540,1040,1140,1170
2024-04-18,0.5029829740524292,0.0015965816349383655,1,1,0.5036551149935293,0.49634488500647067,0.5036551149935293,1.0,0.01,0.2514172295754642,540,1040,1140,1170
2024-04-19,0.503786027431488,0.050630569086337784,1,1,0.5218946658038395,0.4781053341961605,0.5218946658038395,1.0,0.01,0.2514172295754642,540,1040,1140,1170
2024-04-20,0.5292930006980896,-0.008715366095938704,0,0,0.4336973833495726,0.5663026166504275,0.5663026166504275,1.0,0.01,0.2514172295754642,540,1040,1140,1170
2024-04-21,0.5246800184249878,0.06128117946032274,1,0,0.4864824264971465,0.5135175735028534,0.5135175735028534,1.0,0.01,0.2514172295754642,540,1040,1140,1170
2024-04-22,0.556833028793335,-0.02096507554825955,0,0,0.4408553644452042,0.5591446355547958,0.5591446355547958,1.0,0.01,0.2514172295754642,540,1040,1140,1170
2024-04-23,0.5451589822769165,-0.03256842968429685,0,0,0.4965857822436998,0.5034142177563001,0.5034142177563001,1.0,0.01,0.2514172295754642,540,1040,1140,1170
2024-04-24,0.5274040102958679,-0.0035874399931919987,0,1,0.5314423049322817,0.46855769506771827,0.5314423049322817,1.0,0.01,0.2514172295754642,540,1040,1140,1170
2024-04-25,0.5255119800567627,0.0011418197524042384,1,1,0.5131643004583476,0.4868356995416524,0.5131643004583476,1.0,0.01,0.2514172295754642,540,1040,1140,1170
2024-04-26,0.5261120200157166,-0.015846474813052902,0,1,0.5082664066259855,0.49173359337401445,0.5082664066259855,1.0,0.01,0.2514172295754642,540,1040,1140,1170
2024-04-27,0.5177749991416931,-0.01428807747090044,0,1,0.5136701907449274,0.48632980925507263,0.5136701907449274,1.0,0.01,0.2514172295754642,540,1040,1140,1170
2024-04-28,0.5103769898414612,0.009904463601163371,1,1,0.5171598082575852,0.48284019174241477,0.5171598082575852,1.0,0.01,0.2514172295754642,540,1040,1140,1170
2024-04-29,0.5154320001602173,-0.029813770755387048,0,1,0.5081090815354232,0.4918909184645768,0.5081090815354232,1.0,0.01,0.2514172295754642,540,1040,1140,1170
2024-04-30,0.50006502866745,0.03386557729901862,1,1,0.5312431474653206,0.46875685253467936,0.5312431474653206,1.0,0.01,0.2514172295754642,540,1040,1140,1170
2024-05-01,0.5170000195503235,0.0025706087317227677,1,0,0.4803269845359926,0.5196730154640075,0.5196730154640075,1.0,0.01,0.2514172295754642,540,1040,1140,1170
2024-05-02,0.5183290243148804,0.026170643038652353,1,0,0.490921332057976,0.509078667942024,0.509078667942024,1.0,0.01,0.2514172295754642,540,1040,1140,1170
2024-05-03,0.5318940281867981,-0.002799511099710772,0,0,0.4657331617959563,0.5342668382040436,0.5342668382040436,1.0,0.01,0.2514172295754642,540,1040,1140,1170
2024-05-04,0.5304049849510193,-0.0011707303039909522,0,0,0.4826788610033919,0.5173211389966081,0.5173211389966081,1.0,0.01,0.2514172295754642,540,1040,1140,1170
2024-05-05,0.5297840237617493,0.020315806136628423,1,0,0.4864300022505323,0.5135699977494677,0.5135699977494677,1.0,0.01,0.2514172295754642,540,1040,1140,1170
2024-05-06,0.5405470132827759,-0.029235272206891372,0,1,0.5161392443981283,0.4838607556018717,0.5161392443981283,1.0,0.01,0.2514172295754642,540,1040,1140,1170
2024-05-07,0.5247439742088318,-0.014319363934181206,0,1,0.5115574832078438,0.4884425167921562,0.5115574832078438,1.0,0.01,0.2514172295754642,540,1040,1140,1170
2024-05-08,0.5172299742698669,0.0073449363591346906,1,1,0.5136313023914143,0.4863686976085857,0.5136313023914143,1.0,0.01,0.2514172295754642,540,1040,1140,1170
2024-05-09,0.521028995513916,-0.035873249825886355,0,0,0.49348673884165617,0.5065132611583438,0.5065132611583438,1.0,0.01,0.2514172295754642,540,1040,1140,1170
2024-05-10,0.5023379921913147,0.007240176685987976,1,1,0.5431700987091961,0.4568299012908039,0.5431700987091961,1.0,0.01,0.2514172295754642,540,1040,1140,1170
2024-05-11,0.5059750080108643,-0.012846495615661646,0,0,0.48972528479310423,0.5102747152068958,0.5102747152068958,1.0,0.01,0.2514172295754642,540,1040,1140,1170
2024-05-12,0.4994750022888183,0.010865414449032329,1,1,0.5214968967826565,0.47850310321734346,0.5214968967826565,1.0,0.01,0.2514172295754642,540,1040,1140,1170
2024-05-13,0.5049020051956177,-0.009932651386814872,0,1,0.5278479619388184,0.47215203806118156,0.5278479619388184,1.0,0.01,0.2514172295754642,540,1040,1140,1170
2024-05-14,0.4998869895935058,0.0382426390699957,1,1,0.5086169326038368,0.4913830673961632,0.5086169326038368,1.0,0.01,0.2507254959235028,570,1070,1170,1200
2024-05-15,0.5190039873123169,-0.00636983858175566,0,0,0.4629702989554898,0.5370297010445102,0.5370297010445102,1.0,0.01,0.2507254959235028,570,1070,1170,1200
2024-05-16,0.5156980156898499,0.0157184883871051,1,0,0.4936784256148321,0.5063215743851679,0.5063215743851679,1.0,0.01,0.2507254959235028,570,1070,1170,1200
2024-05-17,0.5238040089607239,-0.004608571282592733,0,0,0.4679168681970766,0.5320831318029233,0.5320831318029233,1.0,0.01,0.2507254959235028,570,1070,1170,1200
2024-05-18,0.5213900208473206,-0.02249563959785872,0,0,0.4805877783493578,0.5194122216506423,0.5194122216506423,1.0,0.01,0.2507254959235028,570,1070,1170,1200
2024-05-19,0.5096610188484192,0.05429489750129024,1,1,0.5146841311316044,0.4853158688683956,0.5146841311316044,1.0,0.01,0.2507254959235028,570,1070,1170,1200
2024-05-20,0.5373330116271973,-0.0006513623145192327,0,0,0.4841608640238633,0.5158391359761367,0.5158391359761367,1.0,0.01,0.2507254959235028,570,1070,1170,1200
2024-05-21,0.5369830131530762,-0.019503434312937662,0,0,0.4941443044728244,0.5058556955271756,0.5058556955271756,1.0,0.01,0.2507254959235028,570,1070,1170,1200
2024-05-22,0.5265100002288818,0.0033731173101279044,1,0,0.49717480138371634,0.5028251986162837,0.5028251986162837,1.0,0.01,0.2507254959235028,570,1070,1170,1200
2024-05-23,0.5282859802246094,0.014134449442908092,1,1,0.5126710924099517,0.4873289075900483,0.5126710924099517,1.0,0.01,0.2507254959235028,570,1070,1170,1200
2024-05-24,0.5357530117034912,0.011303736219528071,1,0,0.4759670817016237,0.5240329182983763,0.5240329182983763,1.0,0.01,0.2507254959235028,570,1070,1170,1200
2024-05-25,0.5418090224266052,-0.025097449991182685,0,0,0.47131312461318503,0.528686875386815,0.528686875386815,1.0,0.01,0.2507254959235028,570,1070,1170,1200
2024-05-26,0.5282109975814819,0.010527978731447174,1,1,0.5126314270008712,0.48736857299912884,0.5126314270008712,1.0,0.01,0.2507254959235028,570,1070,1170,1200
2024-05-27,0.5337719917297363,-0.010373293395306904,0,1,0.5006820152924737,0.4993179847075263,0.5006820152924737,1.0,0.01,0.2507254959235028,570,1070,1170,1200
2024-05-28,0.5282350182533264,-0.009440876213692717,0,1,0.5066796533810788,0.4933203466189212,0.5066796533810788,1.0,0.01,0.2507254959235028,570,1070,1170,1200
2024-05-29,0.523248016834259,-0.008384209635997397,0,1,0.5038446757814863,0.4961553242185137,0.5038446757814863,1.0,0.01,0.2507254959235028,570,1070,1170,1200
2024-05-30,0.5188609957695007,-0.0020449066133274574,0,1,0.5094982055196569,0.49050179448034315,0.5094982055196569,1.0,0.01,0.2507254959235028,570,1070,1170,1200
2024-05-31,0.517799973487854,0.0009907632364793972,1,0,0.49967888478783634,0.5003211152121636,0.5003211152121636,1.0,0.01,0.2507254959235028,570,1070,1170,1200
2024-06-01,0.5183129906654358,-0.009320654026996111,0,0,0.4820904676629018,0.5179095323370981,0.5179095323370981,1.0,0.01,0.2507254959235028,570,1070,1170,1200
2024-06-02,0.5134819746017456,0.012888520427292605,1,1,0.5053392881313782,0.4946607118686218,0.5053392881313782,1.0,0.01,0.2507254959235028,570,1070,1170,1200
2024-06-03,0.5200999975204468,0.010892144357614209,1,0,0.4874083447221377,0.5125916552778623,0.5125916552778623,1.0,0.01,0.2507254959235028,570,1070,1170,1200
2024-06-04,0.5257650017738342,-0.0001027109221501954,0,0,0.4751543661781627,0.5248456338218372,0.5248456338218372,1.0,0.01,0.2507254959235028,570,1070,1170,1200
2024-06-05,0.5257109999656677,-0.00786170741908676,0,0,0.4786770779683419,0.5213229220316581,0.5213229220316581,1.0,0.01,0.2507254959235028,570,1070,1170,1200
2024-06-06,0.5215780138969421,-0.04338186280823075,0,0,0.48969746632528427,0.5103025336747158,0.5103025336747158,1.0,0.01,0.2507254959235028,570,1070,1170,1200
2024-06-07,0.4989509880542755,-0.011636411550651315,0,1,0.5537830615591433,0.44621693844085675,0.5537830615591433,1.0,0.01,0.2507254959235028,570,1070,1170,1200
2024-06-08,0.4931449890136719,0.011027182846644612,1,1,0.5046882117878029,0.4953117882121971,0.5046882117878029,1.0,0.01,0.2507254959235028,570,1070,1170,1200
2024-06-09,0.4985829889774322,-0.00392111762641556,0,0,0.49419406949051825,0.5058059305094817,0.5058059305094817,1.0,0.01,0.2507254959235028,570,1070,1170,1200
2024-06-10,0.4966279864311218,-0.032837416069423586,0,1,0.5178330269496861,0.48216697305031386,0.5178330269496861,1.0,0.01,0.2507254959235028,570,1070,1170,1200
2024-06-11,0.480320006608963,0.023359443663516277,1,1,0.5361440195415745,0.46385598045842547,0.5361440195415745,1.0,0.01,0.2507254959235028,570,1070,1170,1200
2024-06-12,0.4915400147438049,-0.029570349157775344,0,0,0.4836010732395052,0.5163989267604948,0.5163989267604948,1.0,0.01,0.2507254959235028,570,1070,1170,1200
2024-06-13,0.4770050048828125,-0.005723235421131845,0,1,0.539585673163607,0.46041432683639305,0.539585673163607,1.0,0.01,0.24331069107237183,600,1100,1200,1230
2024-06-14,0.47427499294281,0.03461285854216167,1,1,0.5163301620897855,0.48366983791021445,0.5163301620897855,1.0,0.01,0.24331069107237183,600,1100,1200,1230
2024-06-15,0.4906910061836242,-0.003788553779206505,0,0,0.44088780688185175,0.5591121931181482,0.5591121931181482,1.0,0.01,0.24331069107237183,600,1100,1200,1230
2024-06-16,0.4888319969177246,0.033402022133238285,1,0,0.4840053449366598,0.5159946550633402,0.5159946550633402,1.0,0.01,0.24331069107237183,600,1100,1200,1230
2024-06-17,0.5051599740982056,-0.028133627399920202,0,0,0.48097944403577125,0.5190205559642287,0.5190205559642287,1.0,0.01,0.24331069107237183,600,1100,1200,1230
2024-06-18,0.4909479916095733,0.004670597550086697,1,1,0.5195348842237125,0.4804651157762875,0.5195348842237125,1.0,0.01,0.24331069107237183,600,1100,1200,1230
2024-06-19,0.493241012096405,-0.009174025894928772,0,0,0.46784403100578875,0.5321559689942112,0.5321559689942112,1.0,0.01,0.24331069107237183,600,1100,1200,1230
2024-06-20,0.4887160062789917,0.0004910788660583698,1,1,0.5102005640272735,0.48979943597272646,0.5102005640272735,1.0,0.01,0.24331069107237183,600,1100,1200,1230
2024-06-21,0.4889560043811798,-0.004775505235959043,0,0,0.48979756128476143,0.5102024387152386,0.5102024387152386,1.0,0.01,0.24331069107237183,600,1100,1200,1230
2024-06-22,0.4866209924221039,-0.014656157218168153,0,0,0.47997240730878804,0.5200275926912119,0.5200275926912119,1.0,0.01,0.24331069107237183,600,1100,1200,1230
2024-06-23,0.4794889986515045,-0.011149369869975057,0,1,0.5180585337854385,0.48194146621456146,0.5180585337854385,1.0,0.01,0.24331069107237183,600,1100,1200,1230
2024-06-24,0.4741429984569549,0.0032521875629927255,1,1,0.5503964242141255,0.4496035757858745,0.5503964242141255,1.0,0.01,0.24331069107237183,600,1100,1200,1230
2024-06-25,0.4756850004196167,-0.012792096402933661,0,0,0.47484844708867396,0.525151552911326,0.525151552911326,1.0,0.01,0.24331069107237183,600,1100,1200,1230
2024-06-26,0.4695999920368194,0.01076450256489725,1,1,0.5065893006422171,0.4934106993577829,0.5065893006422171,1.0,0.01,0.24331069107237183,600,1100,1200,1230
2024-06-27,0.4746550023555755,-0.007942597809638574,0,0,0.46534394188087796,0.534656058119122,0.534656058119122,1.0,0.01,0.24331069107237183,600,1100,1200,1230
2024-06-28,0.4708850085735321,0.002355148285672737,1,0,0.4934347246197493,0.5065652753802508,0.5065652753802508,1.0,0.01,0.24331069107237183,600,1100,1200,1230
2024-06-29,0.471994012594223,0.007392016828928316,1,0,0.45978230865284586,0.5402176913471541,0.5402176913471541,1.0,0.01,0.24331069107237183,600,1100,1200,1230
2024-06-30,0.4754830002784729,0.0024354162778019717,1,0,0.4675813773220613,0.5324186226779387,0.5324186226779387,1.0,0.01,0.24331069107237183,600,1100,1200,1230
2024-07-01,0.4766409993171692,0.01653023762650352,1,1,0.5723857781461938,0.42761422185380615,0.5723857781461938,1.0,0.01,0.24331069107237183,600,1100,1200,1230
2024-07-02,0.4845199882984161,-0.0366547907209791,0,1,0.5293456835963051,0.47065431640369493,0.5293456835963051,1.0,0.01,0.24331069107237183,600,1100,1200,1230
2024-07-03,0.4667600095272064,-0.07109867552827531,0,1,0.6279198585684893,0.3720801414315107,0.6279198585684893,1.0,0.01,0.24331069107237183,600,1100,1200,1230
2024-07-04,0.4335739910602569,-0.018640422552995584,0,1,0.697368577080101,0.302631422919899,0.697368577080101,1.0,0.01,0.24331069107237183,600,1100,1200,1230
2024-07-05,0.425491988658905,0.05537354745088341,1,1,0.6650070496265695,0.33499295037343046,0.6650070496265695,1.0,0.01,0.24331069107237183,600,1100,1200,1230
2024-07-06,0.4490529894828796,-0.0650925375693916,0,1,0.538063371146317,0.46193662885368303,0.538063371146317,1.0,0.01,0.24331069107237183,600,1100,1200,1230
2024-07-07,0.4198229908943176,0.02776646310670272,1,1,0.6954219770208355,0.3045780229791645,0.6954219770208355,1.0,0.01,0.24331069107237183,600,1100,1200,1230
2024-07-08,0.4314799904823303,0.010280931168568985,1,1,0.6091985445106377,0.3908014554893623,0.6091985445106377,1.0,0.01,0.24331069107237183,600,1100,1200,1230
2024-07-09,0.435916006565094,0.00716193449964897,1,1,0.5922481029014723,0.40775189709852766,0.5922481029014723,1.0,0.01,0.24331069107237183,600,1100,1200,1230
2024-07-10,0.4390380084514618,0.022783905505356472,1,1,0.5825347746534764,0.41746522534652364,0.5825347746534764,1.0,0.01,0.24331069107237183,600,1100,1200,1230
2024-07-11,0.4490410089492798,0.05720859640827869,1,1,0.5561642529390416,0.4438357470609584,0.5561642529390416,1.0,0.01,0.24331069107237183,600,1100,1200,1230
2024-07-12,0.4747300148010254,0.10869118133029865,1,0,0.499926706176598,0.500073293823402,0.500073293823402,1.0,0.01,0.24331069107237183,600,1100,1200,1230
2024-07-13,0.526328980922699,-0.006585254126825313,0,0,0.39707046870151996,0.60292953129848,0.60292953129848,1.0,0.01,0.2439312436579325,630,1130,1230,1260
2024-07-14,0.52286297082901,0.028716904625244455,1,0,0.4979982652314564,0.5020017347685436,0.5020017347685436,1.0,0.01,0.2439312436579325,630,1130,1230,1260
2024-07-15,0.5378779768943787,0.07715133761335635,1,0,0.47943337421917476,0.5205666257808252,0.5205666257808252,1.0,0.01,0.2439312436579325,630,1130,1230,1260
2024-07-16,0.5793759822845459,0.0813116569461323,1,0,0.4363508742479399,0.5636491257520602,0.5636491257520602,1.0,0.01,0.2439312436579325,630,1130,1230,1260
2024-07-17,0.6264860033988953,-0.09084321858572386,0,0,0.37982838824157955,0.6201716117584204,0.6201716117584204,1.0,0.01,0.2439312436579325,630,1130,1230,1260
2024-07-18,0.5695739984512329,0.00733528494434732,1,1,0.6728285771095899,0.3271714228904101,0.6728285771095899,1.0,0.01,0.2439312436579325,630,1130,1230,1260
2024-07-19,0.5737519860267639,0.036425142383186504,1,1,0.5827454071493292,0.4172545928506708,0.5827454071493292,1.0,0.01,0.2439312436579325,630,1130,1230,1260
2024-07-20,0.5946509838104248,0.004735586956181814,1,1,0.527089917625508,0.47291008237449195,0.527089917625508,1.0,0.01,0.2439312436579325,630,1130,1230,1260
2024-07-21,0.5974670052528381,0.017021831868108794,1,1,0.5638881299096618,0.43611187009033825,0.5638881299096618,1.0,0.01,0.2439312436579325,630,1130,1230,1260
2024-07-22,0.6076369881629944,-0.016753418058460645,0,1,0.55757439081096,0.44242560918903995,0.55757439081096,1.0,0.01,0.2439312436579325,630,1130,1230,1260
2024-07-23,0.5974569916725159,0.03579509091734412,1,1,0.6011806484948149,0.3988193515051851,0.6011806484948149,1.0,0.01,0.2439312436579325,630,1130,1230,1260
2024-07-24,0.6188430190086365,-0.030746076340459894,0,1,0.5083656601207966,0.49163433987920335,0.5083656601207966,1.0,0.01,0.2439312436579325,630,1130,1230,1260
2024-07-25,0.5998160243034363,0.007088768501366749,1,1,0.610739876710839,0.38926012328916104,0.610739876710839,1.0,0.01,0.2439312436579325,630,1130,1230,1260
2024-07-26,0.6040679812431335,-0.012039967323753675,0,1,0.5405197079465528,0.4594802920534472,0.5405197079465528,1.0,0.01,0.2439312436579325,630,1130,1230,1260
2024-07-27,0.5967950224876404,0.008632758119078154,1,1,0.5802921861979281,0.4197078138020719,0.5802921861979281,1.0,0.01,0.2439312436579325,630,1130,1230,1260
2024-07-28,0.601947009563446,0.00023091406620157073,1,1,0.5479783893927495,0.45202161060725055,0.5479783893927495,1.0,0.01,0.2439312436579325,630,1130,1230,1260
2024-07-29,0.6020860075950623,0.042836055104443105,1,1,0.5706608220372313,0.42933917796276866,0.5706608220372313,1.0,0.01,0.2439312436579325,630,1130,1230,1260
2024-07-30,0.6278769969940186,-0.006271959785943193,0,1,0.5043732992348351,0.4956267007651649,0.5043732992348351,1.0,0.01,0.2439312436579325,630,1130,1230,1260
2024-07-31,0.6239389777183533,-0.04403475405281965,0,1,0.544745327311854,0.455254672688146,0.544745327311854,1.0,0.01,0.2439312436579325,630,1130,1230,1260
2024-08-01,0.5964639782905579,-0.059840981392534576,0,1,0.5267877969012944,0.4732122030987056,0.5267877969012944,1.0,0.01,0.2439312436579325,630,1130,1230,1260
2024-08-02,0.5607709884643555,-0.007810653202065976,0,1,0.6065714509525538,0.3934285490474462,0.6065714509525538,1.0,0.01,0.2439312436579325,630,1130,1230,1260
2024-08-03,0.5563910007476807,-0.05930179592427898,0,1,0.5356427065940743,0.4643572934059257,0.5356427065940743,1.0,0.01,0.2439312436579325,630,1130,1230,1260
2024-08-04,0.5233960151672363,-0.06482663730673333,0,1,0.6337914602328208,0.36620853976717915,0.6337914602328208,1.0,0.01,0.2439312436579325,630,1130,1230,1260
2024-08-05,0.4894660115242004,0.03316062819742682,1,1,0.6974295921535612,0.30257040784643885,0.6974295921535612,1.0,0.01,0.2439312436579325,630,1130,1230,1260
2024-08-06,0.5056970119476318,0.18808293734179404,1,0,0.4987484358727181,0.5012515641272819,0.5012515641272819,1.0,0.01,0.2439312436579325,630,1130,1230,1260
2024-08-07,0.6008099913597107,0.02790736711277142,1,0,0.3207721483121453,0.6792278516878547,0.6792278516878547,1.0,0.01,0.2439312436579325,630,1130,1230,1260
2024-08-08,0.6175770163536072,-0.058978944860080706,0,0,0.38600981851713895,0.613990181482861,0.613990181482861,1.0,0.01,0.2439312436579325,630,1130,1230,1260
2024-08-09,0.5811529755592346,0.007615899235794643,1,1,0.5397993825877037,0.46020061741229634,0.5397993825877037,1.0,0.01,0.2439312436579325,630,1130,1230,1260
2024-08-10,0.585578978061676,-0.05575158139669811,0,0,0.4874748771642921,0.512525122835708,0.512525122835708,1.0,0.01,0.2439312436579325,630,1130,1230,1260
2024-08-11,0.5529320240020752,0.028640049328098716,1,1,0.6362165585242138,0.36378344147578623,0.6362165585242138,1.0,0.01,0.2439312436579325,630,1130,1230,1260
2024-08-12,0.5687680244445801,0.013416724444224704,1,1,0.5138382421077253,0.48616175789227467,0.5138382421077253,1.0,0.01,0.24149847835390237,660,1160,1260,1290
2024-08-13,0.576399028301239,-0.012503553379699661,0,1,0.5263058874531953,0.4736941125468047,0.5263058874531953,1.0,0.01,0.24149847835390237,660,1160,1260,1290
2024-08-14,0.5691919922828674,-0.014471398740263486,0,1,0.5262102944957833,0.47378970550421673,0.5262102944957833,1.0,0.01,0.24149847835390237,660,1160,1260,1290
2024-08-15,0.5609549880027771,0.006348138395452452,1,1,0.54400827797123,0.45599172202877003,0.54400827797123,1.0,0.01,0.24149847835390237,660,1160,1260,1290
2024-08-16,0.564516007900238,0.003193852564991273,1,0,0.4947104921916685,0.5052895078083315,0.5052895078083315,1.0,0.01,0.24149847835390237,660,1160,1260,1290
2024-08-17,0.5663189888000488,-0.004315534704043333,0,0,0.4836938196607023,0.5163061803392976,0.5163061803392976,1.0,0.01,0.24149847835390237,660,1160,1260,1290
2024-08-18,0.5638750195503235,0.0615933844475407,1,1,0.5098376002581066,0.49016239974189335,0.5098376002581066,1.0,0.01,0.24149847835390237,660,1160,1260,1290
2024-08-19,0.5986059904098511,-0.006979528508678001,0,0,0.39420213221184025,0.6057978677881597,0.6057978677881597,1.0,0.01,0.24149847835390237,660,1160,1260,1290
2024-08-20,0.5944280028343201,0.009836308528547555,1,0,0.46383093004132375,0.5361690699586763,0.5361690699586763,1.0,0.01,0.24149847835390237,660,1160,1260,1290
2024-08-21,0.6002749800682068,-0.004454597747202027,0,0,0.41226631367266475,0.5877336863273352,0.5877336863273352,1.0,0.01,0.24149847835390237,660,1160,1260,1290
2024-08-22,0.5976009964942932,0.022821279820101292,1,0,0.4539437994651787,0.5460562005348213,0.5460562005348213,1.0,0.01,0.24149847835390237,660,1160,1260,1290
2024-08-23,0.6112390160560608,0.0030609790120594838,1,0,0.4053455605220689,0.5946544394779312,0.5946544394779312,1.0,0.01,0.24149847835390237,660,1160,1260,1290
2024-08-24,0.6131100058555603,-0.02108264805961413,0,0,0.43271778445487447,0.5672822155451256,0.5672822155451256,1.0,0.01,0.24149847835390237,660,1160,1260,1290
2024-08-25,0.6001840233802795,-0.021183550149924235,0,0,0.49692134789819375,0.5030786521018062,0.5030786521018062,1.0,0.01,0.24149847835390237,660,1160,1260,1290
2024-08-26,0.5874699950218201,-0.03390130245083478,0,1,0.5231013871190531,0.4768986128809469,0.5231013871190531,1.0,0.01,0.24149847835390237,660,1160,1260,1290
2024-08-27,0.5675539970397949,0.004045483836548236,1,1,0.5763496318985719,0.4236503681014281,0.5763496318985719,1.0,0.01,0.24149847835390237,660,1160,1260,1290
2024-08-28,0.5698500275611877,-0.013679100573955494,0,0,0.4918884855295438,0.5081115144704562,0.5081115144704562,1.0,0.01,0.24149847835390237,660,1160,1260,1290
2024-08-29,0.5620549917221069,0.008853287023005363,1,1,0.5214706225470465,0.47852937745295354,0.5214706225470465,1.0,0.01,0.24149847835390237,660,1160,1260,1290
2024-08-30,0.5670310258865356,-0.0012662403258124622,0,0,0.46689835257778994,0.5331016474222101,0.5331016474222101,1.0,0.01,0.24149847835390237,660,1160,1260,1290
2024-08-31,0.5663130283355713,-0.032354905024188585,0,0,0.4618097035250932,0.5381902964749068,0.5381902964749068,1.0,0.01,0.24149847835390237,660,1160,1260,1290
2024-09-01,0.5479900240898132,0.035761588827710744,1,1,0.5309664216049486,0.46903357839505144,0.5309664216049486,1.0,0.01,0.24149847835390237,660,1160,1260,1290
2024-09-02,0.5675870180130005,-0.017963818439007295,0,0,0.37853050139007827,0.6214694986099217,0.6214694986099217,1.0,0.01,0.24149847835390237,660,1160,1260,1290
2024-09-03,0.5573909878730774,0.0014083348830007392,1,0,0.4749507292658037,0.5250492707341963,0.5250492707341963,1.0,0.01,0.24149847835390237,660,1160,1260,1290
2024-09-04,0.5581759810447693,-0.025045813298302244,0,0,0.44658061341267136,0.5534193865873287,0.5534193865873287,1.0,0.01,0.24149847835390237,660,1160,1260,1290
2024-09-05,0.5441960096359253,-0.04198675281985054,0,1,0.5061919299727731,0.49380807002722693,0.5061919299727731,1.0,0.01,0.24149847835390237,660,1160,1260,1290
2024-09-06,0.5213469862937927,0.007183352995872472,1,1,0.6071712746799438,0.3928287253200562,0.6071712746799438,1.0,0.01,0.24149847835390237,660,1160,1260,1290
2024-09-07,0.5250920057296753,0.007996633665479314,1,0,0.4849458580754684,0.5150541419245316,0.5150541419245316,1.0,0.01,0.24149847835390237,660,1160,1260,1290
2024-09-08,0.5292909741401672,0.019548810032039343,1,0,0.48495876901798746,0.5150412309820125,0.5150412309820125,1.0,0.01,0.24149847835390237,660,1160,1260,1290
2024-09-09,0.5396379828453064,0.002668434504065287,1,0,0.4506154045555191,0.5493845954444809,0.5493845954444809,1.0,0.01,0.24149847835390237,660,1160,1260,1290
2024-09-10,0.5410779714584351,-0.010656457711806677,0,0,0.45283581732129374,0.5471641826787063,0.5471641826787063,1.0,0.01,0.24149847835390237,660,1160,1260,1290
2024-09-11,0.5353119969367981,0.050931044215901444,1,0,0.49362727084015096,0.506372729159849,0.506372729159849,1.0,0.01,0.24035934561933245,690,1190,1290,1320
2024-09-12,0.5625759959220886,0.018793957784845938,1,0,0.34017471523291865,0.6598252847670814,0.6598252847670814,1.0,0.01,0.24035934561933245,690,1190,1290,1320
2024-09-13,0.5731490254402161,0.04021633044209838,1,0,0.3620609299578787,0.6379390700421212,0.6379390700421212,1.0,0.01,0.24035934561933245,690,1190,1290,1320
2024-09-14,0.5961989760398865,-0.042307973389609566,0,0,0.2964017829502079,0.7035982170497921,0.7035982170497921,1.0,0.01,0.24035934561933245,690,1190,1290,1320
2024-09-15,0.5709750056266785,0.025276085454880137,1,1,0.5372587028248629,0.4627412971751371,0.5372587028248629,1.0,0.01,0.24035934561933245,690,1190,1290,1320
2024-09-16,0.585407018661499,-0.001545996029119756,0,0,0.3934014882250543,0.6065985117749457,0.6065985117749457,1.0,0.01,0.24035934561933245,690,1190,1290,1320
2024-09-17,0.5845019817352295,0.0012814190364658362,1,0,0.4593878108176774,0.5406121891823226,0.5406121891823226,1.0,0.01,0.24035934561933245,690,1190,1290,1320
2024-09-18,0.585250973701477,0.0036224083352871528,1,0,0.4565456507924257,0.5434543492075743,0.5434543492075743,1.0,0.01,0.24035934561933245,690,1190,1290,1320
2024-09-19,0.5873709917068481,-0.0037455159851640385,0,0,0.4529922834044949,0.5470077165955052,0.5470077165955052,1.0,0.01,0.24035934561933245,690,1190,1290,1320
2024-09-20,0.5851709842681885,0.022164513717285672,1,0,0.47245148324165215,0.5275485167583478,0.5275485167583478,1.0,0.01,0.24035934561933245,690,1190,1290,1320
2024-09-21,0.5981410145759583,-0.017587894380358016,0,0,0.38773461882506555,0.6122653811749345,0.6122653811749345,1.0,0.01,0.24035934561933245,690,1190,1290,1320
2024-09-22,0.5876209735870361,-0.004349685413125748,0,0,0.4885833882448812,0.5114166117551189,0.5114166117551189,1.0,0.01,0.24035934561933245,690,1190,1290,1320
2024-09-23,0.5850650072097778,0.011073923756505177,1,0,0.4629155578460397,0.5370844421539602,0.5370844421539602,1.0,0.01,0.24035934561933245,690,1190,1290,1320
2024-09-24,0.591543972492218,-0.013528996688082051,0,0,0.42525028529327846,0.5747497147067215,0.5747497147067215,1.0,0.01,0.24035934561933245,690,1190,1290,1320
2024-09-25,0.5835409760475159,0.011790165934420394,1,0,0.4894204601005284,0.5105795398994716,0.5105795398994716,1.0,0.01,0.24035934561933245,690,1190,1290,1320
2024-09-26,0.5904210209846497,-0.002530482440222581,0,0,0.42183148346896676,0.5781685165310333,0.5781685165310333,1.0,0.01,0.24035934561933245,690,1190,1290,1320
2024-09-27,0.5889269709587097,0.04393417171403824,1,0,0.4553763090261068,0.5446236909738932,0.5446236909738932,1.0,0.01,0.24035934561933245,690,1190,1290,1320
2024-09-28,0.6148009896278381,0.04415409579133511,1,0,0.3274655360845442,0.6725344639154558,0.6725344639154558,1.0,0.01,0.24035934561933245,690,1190,1290,1320
2024-09-29,0.6419469714164734,-0.047441602817731354,0,0,0.2889263002179533,0.7110736997820467,0.7110736997820467,1.0,0.01,0.24035934561933245,690,1190,1290,1320
2024-09-30,0.6114919781684875,-0.022832631178482665,0,1,0.530165430518242,0.46983456948175795,0.530165430518242,1.0,0.01,0.24035934561933245,690,1190,1290,1320
2024-10-01,0.5975300073623657,-0.09656255579861728,0,1,0.5615436701033988,0.4384563298966012,0.5615436701033988,1.0,0.01,0.24035934561933245,690,1190,1290,1320
2024-10-02,0.5398309826850891,-0.03311776563646063,0,1,0.7753633540520318,0.22463664594796817,0.7753633540520318,1.0,0.01,0.24035934561933245,690,1190,1290,1320
2024-10-03,0.5219529867172241,0.02373392099823257,1,1,0.6949243768752237,0.3050756231247763,0.6949243768752237,1.0,0.01,0.24035934561933245,690,1190,1290,1320
2024-10-04,0.5343409776687622,-0.009067175741799494,0,1,0.5617401467329234,0.4382598532670766,0.5617401467329234,1.0,0.01,0.24035934561933245,690,1190,1290,1320
2024-10-05,0.5294960141181946,0.0077356041879586,1,1,0.5880485570578651,0.4119514429421349,0.5880485570578651,1.0,0.01,0.24035934561933245,690,1190,1290,1320
2024-10-06,0.5335919857025146,-0.006855419032754884,0,1,0.5182822386432699,0.48171776135673006,0.5182822386432699,1.0,0.01,0.24035934561933245,690,1190,1290,1320
2024-10-07,0.5299339890480042,0.0017624926933037521,1,1,0.5623389111896954,0.43766108881030463,0.5623389111896954,1.0,0.01,0.24035934561933245,690,1190,1290,1320
2024-10-08,0.5308679938316345,-0.012311925004774626,0,1,0.513205139354194,0.486794860645806,0.513205139354194,1.0,0.01,0.24035934561933245,690,1190,1290,1320
2024-10-09,0.5243319869041443,0.010766149764614097,1,1,0.5406433609430418,0.4593566390569582,0.5406433609430418,1.0,0.01,0.24035934561933245,690,1190,1290,1320
2024-10-10,0.529977023601532,0.015698744615527227,1,0,0.4823622687123788,0.5176377312876212,0.5176377312876212,1.0,0.01,0.24035934561933245,690,1190,1290,1320
2024-10-11,0.5382969975471497,0.002346330053011103,1,0,0.4584375140872949,0.5415624859127051,0.5415624859127051,1.0,0.01,0.24048114146991992,720,1220,1320,1350
2024-10-12,0.5395600199699402,-0.014864043065226928,0,0,0.4734507684740508,0.5265492315259492,0.5265492315259492,1.0,0.01,0.24048114146991992,720,1220,1320,1350
2024-10-13,0.5315399765968323,0.031006213330902144,1,1,0.5296861214555244,0.4703138785444756,0.5296861214555244,1.0,0.01,0.24048114146991992,720,1220,1320,1350
2024-10-14,0.5480210185050964,-0.011986817437431352,0,0,0.454736793631106,0.545263206368894,0.545263206368894,1.0,0.01,0.24048114146991992,720,1220,1320,1350
2024-10-15,0.5414519906044006,0.012176497791680507,1,1,0.5259136477376161,0.47408635226238394,0.5259136477376161,1.0,0.01,0.24048114146991992,720,1220,1320,1350
2024-10-16,0.5480449795722961,-0.008004747098563358,0,0,0.45380156481696554,0.5461984351830345,0.5461984351830345,1.0,0.01,0.24048114146991992,720,1220,1320,1350
2024-10-17,0.5436580181121826,0.005302887775861409,1,1,0.5143896048887827,0.4856103951112173,0.5143896048887827,1.0,0.01,0.24048114146991992,720,1220,1320,1350
2024-10-18,0.5465409755706787,-0.004178992033970208,0,0,0.469698261900327,0.5303017380996731,0.5303017380996731,1.0,0.01,0.24048114146991992,720,1220,1320,1350
2024-10-19,0.5442569851875305,0.006237900576676392,1,0,0.4892957102560386,0.5107042897439614,0.5107042897439614,1.0,0.01,0.24048114146991992,720,1220,1320,1350
2024-10-20,0.547652006149292,-0.005092687522393113,0,0,0.4776387332453677,0.5223612667546322,0.5223612667546322,1.0,0.01,0.24048114146991992,720,1220,1320,1350
2024-10-21,0.5448629856109619,-0.02107679840162502,0,1,0.5150333402630359,0.48496665973696407,0.5150333402630359,1.0,0.01,0.24048114146991992,720,1220,1320,1350
2024-10-22,0.5333790183067322,-0.0153137664320121,0,1,0.5378491097416598,0.4621508902583402,0.5378491097416598,1.0,0.01,0.24048114146991992,720,1220,1320,1350
2024-10-23,0.525210976600647,0.01247120549803915,1,1,0.5387905830329685,0.46120941696703155,0.5387905830329685,1.0,0.01,0.24048114146991992,720,1220,1320,1350
2024-10-24,0.5317609906196594,-0.05611923327873469,0,0,0.4782794412064592,0.5217205587935407,0.5217205587935407,1.0,0.01,0.24048114146991992,720,1220,1320,1350
2024-10-25,0.5019189715385437,0.02160114658898915,1,1,0.6539782664236307,0.34602173357636934,0.6539782664236307,1.0,0.01,0.24048114146991992,720,1220,1320,1350
2024-10-26,0.5127609968185425,0.007059874909069341,1,0,0.48078433762637,0.5192156623736299,0.5192156623736299,1.0,0.01,0.24048114146991992,720,1220,1320,1350
2024-10-27,0.516381025314331,0.005511439110302163,1,1,0.502334377835054,0.49766562216494603,0.502334377835054,1.0,0.01,0.24048114146991992,720,1220,1320,1350
2024-10-28,0.5192270278930664,0.016734464568765928,1,1,0.5095260540146104,0.4904739459853896,0.5095260540146104,1.0,0.01,0.24048114146991992,720,1220,1320,1350
2024-10-29,0.5279160141944885,-0.009361337370685008,0,0,0.469069343294035,0.5309306567059651,0.5309306567059651,1.0,0.01,0.24048114146991992,720,1220,1320,1350
2024-10-30,0.5229740142822266,-0.026267123225220512,0,1,0.5111313832999651,0.4888686167000349,0.5111313832999651,1.0,0.01,0.24048114146991992,720,1220,1320,1350
2024-10-31,0.5092369914054871,0.007130267069573426,1,1,0.5702570629691232,0.42974293703087685,0.5702570629691232,1.0,0.01,0.24048114146991992,720,1220,1320,1350
2024-11-01,0.5128679871559143,-0.005884481103311412,0,1,0.7425072278436844,0.2574927721563156,0.7425072278436844,1.0,0.01,0.24048114146991992,720,1220,1320,1350
2024-11-02,0.509850025177002,-0.01357070909708169,0,1,0.7460301991545687,0.2539698008454313,0.7460301991545687,1.0,0.01,0.24048114146991992,720,1220,1320,1350
2024-11-03,0.5029309988021851,0.0005865285450608049,1,1,0.7470509913034611,0.2529490086965389,0.7470509913034611,1.0,0.01,0.24048114146991992,720,1220,1320,1350
2024-11-04,0.5032259821891785,0.02146757962559742,1,1,0.7426125283385634,0.2573874716614366,0.7426125283385634,1.0,0.01,0.24048114146991992,720,1220,1320,1350
2024-11-05,0.5140290260314941,0.055245863392940686,1,1,0.7299042241461188,0.2700957758538812,0.7299042241461188,1.0,0.01,0.24048114146991992,720,1220,1320,1350
2024-11-06,0.5424270033836365,0.022685119304998835,1,1,0.7032492526929447,0.2967507473070553,0.7032492526929447,1.0,0.01,0.24048114146991992,720,1220,1320,1350
2024-11-07,0.5547320246696472,-0.0011771963022111365,0,1,0.7246402402650856,0.27535975973491444,0.7246402402650856,1.0,0.01,0.24048114146991992,720,1220,1320,1350
2024-11-08,0.554078996181488,0.009760321294230323,1,1,0.7378508587424878,0.2621491412575122,0.7378508587424878,1.0,0.01,0.24048114146991992,720,1220,1320,1350
2024-11-09,0.559486985206604,0.0534328919184448,1,1,0.7351131977382818,0.26488680226171823,0.7351131977382818,1.0,0.01,0.24048114146991992,720,1220,1320,1350
2024-11-10,0.589381992816925,0.05274171033745412,1,1,0.6502885176249298,0.3497114823750702,0.6502885176249298,1.0,0.01,0.2428814558081835,750,1250,1350,1380
2024-11-11,0.6204670071601868,0.1405908657004724,1,1,0.6825886319427188,0.3174113680572812,0.6825886319427188,1.0,0.01,0.2428814558081835,750,1250,1350,1380
2024-11-12,0.7076990008354187,-0.024602258241846586,0,1,0.612657244100692,0.387342755899308,0.612657244100692,1.0,0.01,0.2428814558081835,750,1250,1350,1380
2024-11-13,0.6902880072593689,0.11983254456329795,1,1,0.7347508639785796,0.2652491360214204,0.7347508639785796,1.0,0.01,0.2428814558081835,750,1250,1350,1380
2024-11-14,0.7730069756507874,0.15405294433107497,1,1,0.6362764961310869,0.36372350386891306,0.6362764961310869,1.0,0.01,0.2428814558081835,750,1250,1350,1380
2024-11-15,0.8920909762382507,0.2544572144097841,1,1,0.5930158753222047,0.4069841246777953,0.5930158753222047,1.0,0.01,0.2428814558081835,750,1250,1350,1380
2024-11-16,1.119089961051941,-0.05786394764927849,0,0,0.43174531120276505,0.568254688797235,0.568254688797235,1.0,0.01,0.2428814558081835,750,1250,1350,1380
2024-11-17,1.0543349981307983,0.060323347997597976,1,1,0.6343761833227101,0.36562381667728994,0.6343761833227101,1.0,0.01,0.2428814558081835,750,1250,1350,1380
2024-11-18,1.1179360151290894,-0.014302307962090088,0,1,0.6188139653383298,0.3811860346616702,0.6188139653383298,1.0,0.01,0.2428814558081835,750,1250,1350,1380
2024-11-19,1.1019469499588013,0.0003212964017724751,1,1,0.6904967155955034,0.3095032844044966,0.6904967155955034,1.0,0.01,0.2428814558081835,750,1250,1350,1380
2024-11-20,1.102301001548767,0.13431088538907288,1,1,0.689272010981507,0.31072798901849297,0.689272010981507,1.0,0.01,0.2428814558081835,750,1250,1350,1380
2024-11-21,1.2503520250320437,0.1748843733258787,1,1,0.6131884491777622,0.38681155082223784,0.6131884491777622,1.0,0.01,0.2428814558081835,750,1250,1350,1380
2024-11-22,1.469019055366516,-7.546848277750762e-06,0,1,0.5541743839616695,0.4458256160383305,0.5541743839616695,1.0,0.01,0.2428814558081835,750,1250,1350,1380
2024-11-23,1.469007968902588,-0.02491273992260934,0,1,0.5558004309981046,0.4441995690018954,0.5558004309981046,1.0,0.01,0.2428814558081835,750,1250,1350,1380
2024-11-24,1.4324109554290771,-0.01185966900284241,0,1,0.5713937733173663,0.4286062266826337,0.5713937733173663,1.0,0.01,0.2428814558081835,750,1250,1350,1380
2024-11-25,1.415423035621643,-0.009961738938262799,0,1,0.5566885394975633,0.44331146050243675,0.5566885394975633,1.0,0.01,0.2428814558081835,750,1250,1350,1380
2024-11-26,1.4013229608535769,0.05101543162064548,1,1,0.5535449390815718,0.44645506091842824,0.5535449390815718,1.0,0.01,0.2428814558081835,750,1250,1350,1380
2024-11-27,1.4728120565414429,0.04653066008204232,1,1,0.5288271153046847,0.47117288469531526,0.5288271153046847,1.0,0.01,0.2428814558081835,750,1250,1350,1380
2024-11-28,1.5413429737091064,0.16569188417198766,1,1,0.5064112886131868,0.49358871138681315,0.5064112886131868,1.0,0.01,0.2428814558081835,750,1250,1350,1380
2024-11-29,1.7967309951782229,0.08203231778616749,1,0,0.48783931887629906,0.512160681123701,0.512160681123701,1.0,0.01,0.2428814558081835,750,1250,1350,1380
2024-11-30,1.94412100315094,0.1934561116681155,1,0,0.4673468678114258,0.5326531321885741,0.5326531321885741,1.0,0.01,0.2428814558081835,750,1250,1350,1380
2024-12-01,2.320223093032837,0.1696310447042204,1,0,0.38721176558078146,0.6127882344192186,0.6127882344192186,1.0,0.01,0.2428814558081835,750,1250,1350,1380
2024-12-02,2.7138049602508545,-0.06937785234433524,0,0,0.38447343594898836,0.6155265640510117,0.6155265640510117,1.0,0.01,0.2428814558081835,750,1250,1350,1380
2024-12-03,2.525527000427246,-0.06774149452818468,0,0,0.37194599554681723,0.6280540044531828,0.6280540044531828,1.0,0.01,0.2428814558081835,750,1250,1350,1380
2024-12-04,2.354444026947021,-0.025160061705754466,0,0,0.36102278400136417,0.6389772159986358,0.6389772159986358,1.0,0.01,0.2428814558081835,750,1250,1350,1380
2024-12-05,2.295206069946289,0.05643541482977921,1,0,0.3534050919384317,0.6465949080615683,0.6465949080615683,1.0,0.01,0.2428814558081835,750,1250,1350,1380
2024-12-06,2.424736976623535,0.07913730112750295,1,0,0.34529841729302024,0.6547015827069798,0.6547015827069798,1.0,0.01,0.2428814558081835,750,1250,1350,1380
2024-12-07,2.616624116897583,-0.003162939637721185,0,0,0.35040961759776523,0.6495903824022348,0.6495903824022348,1.0,0.01,0.2428814558081835,750,1250,1350,1380
2024-12-08,2.6083478927612305,-0.1492883496505184,0,0,0.3415781805107497,0.6584218194892504,0.6584218194892504,1.0,0.01,0.2428814558081835,750,1250,1350,1380
2024-12-09,2.218951940536499,0.06769321751605428,1,0,0.33867823576860406,0.661321764231396,0.661321764231396,1.0,0.01,0.2428814558081835,750,1250,1350,1380
2024-12-10,2.3691599369049072,0.013046825005230467,1,0,0.307779759246651,0.692220240753349,0.692220240753349,1.0,0.01,0.23796526846811228,780,1280,1380,1410
2024-12-11,2.4000699520111084,-0.023874242633304177,0,0,0.30836936177399055,0.6916306382260095,0.6916306382260095,1.0,0.01,0.23796526846811228,780,1280,1380,1410
2024-12-12,2.3427700996398926,0.03352821868680844,1,0,0.31409888937945785,0.6859011106205422,0.6859011106205422,1.0,0.01,0.23796526846811228,780,1280,1380,1410
2024-12-13,2.421319007873535,-0.009339538554914872,0,0,0.31362081457788354,0.6863791854221164,0.6863791854221164,1.0,0.01,0.23796526846811228,780,1280,1380,1410
2024-12-14,2.398705005645752,0.020112916361938904,1,0,0.3139394396951547,0.6860605603048453,0.6860605603048453,1.0,0.01,0.23796526846811228,780,1280,1380,1410
2024-12-15,2.446949958801269,0.017044889865317714,1,0,0.3211494908441245,0.6788505091558755,0.6788505091558755,1.0,0.01,0.23796526846811228,780,1280,1380,1410
2024-12-16,2.4886579513549805,0.03075236813132709,1,0,0.3322794541275968,0.6677205458724031,0.6677205458724031,1.0,0.01,0.23796526846811228,780,1280,1380,1410
2024-12-17,2.565190076828003,-0.10208680265525638,0,0,0.3286308983204747,0.6713691016795253,0.6713691016795253,1.0,0.01,0.23796526846811228,780,1280,1380,1410
2024-12-18,2.3033180236816406,-0.023629784481973504,0,0,0.33881614797017834,0.6611838520298217,0.6611838520298217,1.0,0.01,0.23796526846811228,780,1280,1380,1410
2024-12-19,2.248891115188598,0.012448299942338092,1,0,0.33576694099041954,0.6642330590095804,0.6642330590095804,1.0,0.01,0.23796526846811228,780,1280,1380,1410
2024-12-20,2.276885986328125,-0.017029404964548522,0,0,0.33817828919093623,0.6618217108090638,0.6618217108090638,1.0,0.01,0.23796526846811228,780,1280,1380,1410
2024-12-21,2.238111972808838,-0.0173270928599234,0,0,0.3502896897512704,0.6497103102487296,0.6497103102487296,1.0,0.01,0.23796526846811228,780,1280,1380,1410
2024-12-22,2.199331998825073,0.026339812591609224,1,0,0.3577780394985433,0.6422219605014567,0.6422219605014567,1.0,0.01,0.23796526846811228,780,1280,1380,1410
2024-12-23,2.2572619915008545,0.029842379988345602,1,0,0.3594880731889503,0.6405119268110497,0.6405119268110497,1.0,0.01,0.23796526846811228,780,1280,1380,1410
2024-12-24,2.3246240615844727,-0.01232633653942794,0,0,0.36569765714829167,0.6343023428517083,0.6343023428517083,1.0,0.01,0.23796526846811228,780,1280,1380,1410
2024-12-25,2.2959699630737305,-0.06168673382626533,0,0,0.3739511833513117,0.6260488166486883,0.6260488166486883,1.0,0.01,0.23796526846811228,780,1280,1380,1410
2024-12-26,2.154339075088501,-0.005890026209742327,0,0,0.3868189855676601,0.61318101443234,0.61318101443234,1.0,0.01,0.23796526846811228,780,1280,1380,1410
2024-12-27,2.1416499614715576,0.0182915418484646,1,0,0.3834997317681931,0.6165002682318069,0.6165002682318069,1.0,0.01,0.23796526846811228,780,1280,1380,1410
2024-12-28,2.180824041366577,-0.04018852439570886,0,0,0.3853932100070216,0.6146067899929784,0.6146067899929784,1.0,0.01,0.23796526846811228,780,1280,1380,1410
2024-12-29,2.093179941177368,-0.017011918651238633,0,0,0.40065373493814244,0.5993462650618575,0.5993462650618575,1.0,0.01,0.23796526846811228,780,1280,1380,1410
2024-12-30,2.0575709342956543,0.010962936835564818,1,0,0.3983666017357002,0.6016333982642998,0.6016333982642998,1.0,0.01,0.23796526846811228,780,1280,1380,1410
2024-12-31,2.080127954483032,0.11644139980233126,1,0,0.39941012889006056,0.6005898711099394,0.6005898711099394,1.0,0.01,0.23796526846811228,780,1280,1380,1410
2025-01-01,2.322340965270996,0.03489106014370358,1,0,0.36719374887073897,0.632806251129261,0.632806251129261,1.0,0.01,0.23796526846811228,780,1280,1380,1410
2025-01-02,2.403369903564453,0.020606987932301424,1,0,0.37198676226270133,0.6280132377372987,0.6280132377372987,1.0,0.01,0.23796526846811228,780,1280,1380,1410
2025-01-03,2.4528961181640625,-0.013576243522671283,0,0,0.3727627536290022,0.6272372463709979,0.6272372463709979,1.0,0.01,0.23796526846811228,780,1280,1380,1410
2025-01-04,2.419595003128052,-0.008211248993326037,0,0,0.3754806877504523,0.6245193122495477,0.6245193122495477,1.0,0.01,0.23796526846811228,780,1280,1380,1410
2025-01-05,2.3997271060943604,0.007950872239308016,1,0,0.37552285043612343,0.6244771495638766,0.6244771495638766,1.0,0.01,0.23796526846811228,780,1280,1380,1410
2025-01-06,2.418807029724121,-0.06054925219896834,0,0,0.3748376505414451,0.625162349458555,0.625162349458555,1.0,0.01,0.23796526846811228,780,1280,1380,1410
2025-01-07,2.2723500728607178,0.04530765999991404,1,0,0.3821015637605933,0.6178984362394067,0.6178984362394067,1.0,0.01,0.23796526846811228,780,1280,1380,1410
2025-01-08,2.375304937362671,-0.04213896342486123,0,0,0.3698086763986412,0.6301913236013588,0.6301913236013588,1.0,0.01,0.23796526846811228,780,1280,1380,1410
2025-01-09,2.275212049484253,0.029904858371081255,1,1,0.5269714651915244,0.4730285348084756,0.5269714651915244,1.0,scale,0.24351380202083214,810,1310,1410,1440
2025-01-10,2.343251943588257,0.0996555766295959,1,1,0.5269713989157974,0.47302860108420264,0.5269713989157974,1.0,scale,0.24351380202083214,810,1310,1410,1440
2025-01-11,2.576770067214966,-0.027342768716950294,0,1,0.5269711390141046,0.47302886098589536,0.5269711390141046,1.0,scale,0.24351380202083214,810,1310,1410,1440
2025-01-12,2.5063140392303467,0.00663160088669934,1,1,0.5269713385160407,0.4730286614839593,0.5269713385160407,1.0,scale,0.24351380202083214,810,1310,1410,1440
2025-01-13,2.522934913635254,0.05794760439374347,1,1,0.5269712186969111,0.4730287813030889,0.5269712186969111,1.0,scale,0.24351380202083214,810,1310,1410,1440
2025-01-14,2.669132947921753,0.1820534865305572,1,1,0.5269711533691123,0.47302884663088773,0.5269711533691123,1.0,scale,0.24351380202083214,810,1310,1410,1440
2025-01-15,3.155057907104492,0.028678394882233116,1,1,0.5269709907997875,0.4730290092002125,0.5269709907997875,1.0,scale,0.24351380202083214,810,1310,1410,1440
2025-01-16,3.245539903640747,0.016359405179588338,1,1,0.5269709501713009,0.4730290498286991,0.5269709501713009,1.0,scale,0.24351380202083214,810,1310,1410,1440
2025-01-17,3.298635005950928,-0.007462481599840753,0,1,0.5269709115113987,0.47302908848860126,0.5269709115113987,1.0,scale,0.24351380202083214,810,1310,1410,1440
2025-01-18,3.2740190029144287,-0.09752603200455923,0,1,0.5269708284697082,0.4730291715302918,0.5269708284697082,1.0,scale,0.24351380202083214,810,1310,1410,1440
2025-01-19,2.954716920852661,0.04911401058389431,1,1,0.52697081117395,0.47302918882605005,0.52697081117395,1.0,scale,0.24351380202083214,810,1310,1410,1440
2025-01-20,3.09983491897583,0.022441536266550877,1,1,0.5269707341750333,0.47302926582496674,0.5269707341750333,1.0,scale,0.24351380202083214,810,1310,1410,1440
2025-01-21,3.1693999767303467,0.0005379350260847904,1,1,0.5269706995307453,0.47302930046925473,0.5269706995307453,1.0,scale,0.24351380202083214,810,1310,1410,1440
2025-01-22,3.171104907989502,-0.01615020038978754,0,1,0.5269706827938349,0.47302931720616515,0.5269706827938349,1.0,scale,0.24351380202083214,810,1310,1410,1440
2025-01-23,3.1198909282684326,-0.005259147512210016,0,1,0.5269706527404734,0.4730293472595266,0.5269706527404734,1.0,scale,0.24351380202083214,810,1310,1410,1440
2025-01-24,3.103482961654663,0.0020051546633308437,1,1,0.5269706343942849,0.47302936560571507,0.5269706343942849,1.0,scale,0.24351380202083214,810,1310,1410,1440
2025-01-25,3.109705924987793,-0.02684433060605751,0,1,0.5269706616713061,0.47302933832869387,0.5269706616713061,1.0,scale,0.24351380202083214,810,1310,1410,1440
2025-01-26,3.0262279510498047,0.008907800569136093,1,1,0.5269707089168031,0.4730292910831969,0.5269707089168031,1.0,scale,0.24351380202083214,810,1310,1410,1440
2025-01-27,3.053184986114502,0.002598940839073194,1,1,0.5269709053239725,0.4730290946760275,0.5269709053239725,1.0,scale,0.24351380202083214,810,1310,1410,1440
2025-01-28,3.06112003326416,0.002343591550546309,1,1,0.5269707343866245,0.47302926561337555,0.5269707343866245,1.0,scale,0.24351380202083214,810,1310,1410,1440
2025-01-29,3.068294048309326,0.02045921793456995,1,1,0.5269708852827765,0.47302911471722353,0.5269708852827765,1.0,scale,0.24351380202083214,810,1310,1410,1440
2025-01-30,3.1310689449310303,-0.030548354464500882,0,1,0.5269709062868417,0.47302909371315827,0.5269709062868417,1.0,scale,0.24351380202083214,810,1310,1410,1440
2025-01-31,3.0354199409484863,-0.04972982704123652,0,1,0.5269710040643706,0.4730289959356294,0.5269710040643706,1.0,scale,0.24351380202083214,810,1310,1410,1440
2025-02-01,2.8844690322875977,-0.10562573047211421,0,1,0.5269771925257299,0.47302280747427006,0.5269771925257299,1.0,scale,0.24351380202083214,810,1310,1410,1440
2025-02-02,2.579794883728028,0.047042893988453516,1,1,0.526980319655588,0.473019680344412,0.526980319655588,1.0,scale,0.24351380202083214,810,1310,1410,1440
2025-02-03,2.7011559009552,-0.061355567502766495,0,1,0.5269812526869071,0.4730187473130929,0.5269812526869071,1.0,scale,0.24351380202083214,810,1310,1410,1440
2025-02-04,2.5354249477386475,-0.06038830983728849,0,1,0.5269860713327977,0.47301392866720227,0.5269860713327977,1.0,scale,0.24351380202083214,810,1310,1410,1440
2025-02-05,2.382314920425415,-0.023269359466373096,0,1,0.5269838328468328,0.4730161671531672,0.5269838328468328,1.0,scale,0.24351380202083214,810,1310,1410,1440
2025-02-06,2.326879978179932,0.028666317883381254,1,1,0.5269801235834365,0.4730198764165635,0.5269801235834365,1.0,scale,0.24351380202083214,810,1310,1410,1440
2025-02-07,2.393583059310913,0.012864793416747844,1,1,0.5269787213796004,0.47302127862039955,0.5269787213796004,1.0,scale,0.24351380202083214,810,1310,1410,1440
2025-02-08,2.4243760108947754,-0.011316733818029445,0,1,0.5312332058467647,0.4687667941532353,0.5312332058467647,0.1,scale,0.24378784824549005,840,1340,1440,1470
2025-02-09,2.396939992904663,0.010745417389673939,1,1,0.5312327926561178,0.4687672073438822,0.5312327926561178,0.1,scale,0.24378784824549005,840,1340,1440,1470
2025-02-10,2.422696113586426,-0.003500262362220452,0,1,0.5312323691271843,0.4687676308728157,0.5312323691271843,0.1,scale,0.24378784824549005,840,1340,1440,1470
2025-02-11,2.4142160415649414,0.02428076914416777,1,1,0.5312322385688739,0.4687677614311261,0.5312322385688739,0.1,scale,0.24378784824549005,840,1340,1440,1470
2025-02-12,2.472835063934326,0.03626604853033544,1,1,0.5312319547405197,0.46876804525948035,0.5312319547405197,0.1,scale,0.24378784824549005,840,1340,1440,1470
2025-02-13,2.5625150203704834,0.06933850838954014,1,1,0.5312318622948637,0.46876813770513626,0.5312318622948637,0.1,scale,0.24378784824549005,840,1340,1440,1470
2025-02-14,2.7401959896087646,0.007803125583224491,1,1,0.5312316186018069,0.4687683813981931,0.5312316186018069,0.1,scale,0.24378784824549005,840,1340,1440,1470
2025-02-15,2.76157808303833,-0.012222416186346452,0,1,0.5312323496972826,0.4687676503027174,0.5312323496972826,0.1,scale,0.24378784824549005,840,1340,1440,1470
2025-02-16,2.7278249263763428,-0.025496867627330277,0,1,0.5312329229412189,0.46876707705878107,0.5312329229412189,0.1,scale,0.24378784824549005,840,1340,1440,1470
2025-02-17,2.658273935317993,-0.03739117667713732,0,1,0.5312334127405192,0.46876658725948084,0.5312334127405192,0.1,scale,0.24378784824549005,840,1340,1440,1470
2025-02-18,2.558877944946289,0.07109489195275165,1,1,0.5312337731966716,0.46876622680332836,0.5312337731966716,0.1,scale,0.24378784824549005,840,1340,1440,1470
2025-02-19,2.7408010959625244,-0.018232994393668656,0,1,0.5312328730285786,0.4687671269714214,0.5312328730285786,0.1,scale,0.24378784824549005,840,1340,1440,1470
2025-02-20,2.6908280849456787,-0.04485169478948137,0,1,0.5312336850575873,0.4687663149424127,0.5312336850575873,0.1,scale,0.24378784824549005,840,1340,1440,1470
2025-02-21,2.5701398849487305,0.0021656876266935576,1,1,0.5312340931436804,0.4687659068563196,0.5312340931436804,0.1,scale,0.24378784824549005,840,1340,1440,1470
2025-02-22,2.5757060050964355,0.0005101221905097209,1,1,0.531233918289268,0.468766081710732,0.531233918289268,0.1,scale,0.24378784824549005,840,1340,1440,1470
2025-02-23,2.5770199298858643,-0.11606074862114735,0,1,0.5312339434000994,0.46876605659990056,0.5312339434000994,0.1,scale,0.24378784824549005,840,1340,1440,1470
2025-02-24,2.2779290676116943,0.01878374060255661,1,1,0.5312335886294018,0.46876641137059816,0.5312335886294018,0.1,scale,0.24378784824549005,840,1340,1440,1470
2025-02-25,2.320717096328736,-0.05527691003907742,0,1,0.531233330382742,0.468766669617258,0.531233330382742,0.1,scale,0.24378784824549005,840,1340,1440,1470
2025-02-26,2.1924350261688232,0.002833812486413567,1,1,0.5312332133113171,0.4687667866886829,0.5312332133113171,0.1,scale,0.24378784824549005,840,1340,1440,1470
2025-02-27,2.198647975921631,-0.02412978466888993,0,1,0.5312325894761389,0.46876741052386106,0.5312325894761389,0.1,scale,0.24378784824549005,840,1340,1440,1470
2025-02-28,2.145595073699951,0.020976905036159676,1,1,0.5312325244900826,0.4687674755099174,0.5312325244900826,0.1,scale,0.24378784824549005,840,1340,1440,1470
2025-03-01,2.190603017807007,0.34070028966957633,1,1,0.5311992703331389,0.46880072966686115,0.5311992703331389,0.1,scale,0.24378784824549005,840,1340,1440,1470
2025-03-02,2.9369421005249023,-0.1876782492051745,0,1,0.5312325321064041,0.4687674678935959,0.5312325321064041,0.1,scale,0.24378784824549005,840,1340,1440,1470
2025-03-03,2.385741949081421,0.029091212165819336,1,1,0.5311835886597833,0.4688164113402167,0.5311835886597833,0.1,scale,0.24378784824549005,840,1340,1440,1470
2025-03-04,2.455146074295044,0.018476680408664903,1,1,0.5310714756090573,0.4689285243909427,0.5310714756090573,0.1,scale,0.24378784824549005,840,1340,1440,1470
2025-03-05,2.500509023666382,0.04047971494756575,1,1,0.5311846857625826,0.4688153142374174,0.5311846857625826,0.1,scale,0.24378784824549005,840,1340,1440,1470
2025-03-06,2.601728916168213,-0.08459948744744761,0,1,0.5311001611577022,0.4688998388422978,0.5311001611577022,0.1,scale,0.24378784824549005,840,1340,1440,1470
2025-03-07,2.3816239833831787,-0.02443085094934505,0,1,0.5311959949212237,0.4688040050787763,0.5311959949212237,0.1,scale,0.24378784824549005,840,1340,1440,1470
2025-03-08,2.323438882827759,-0.08128589135440811,0,1,0.5311857279235684,0.46881427207643156,0.5311857279235684,0.1,scale,0.24378784824549005,840,1340,1440,1470
2025-03-09,2.1345760822296143,-0.05447544700075202,0,1,0.531246140201934,0.46875385979806605,0.531246140201934,0.1,scale,0.24378784824549005,840,1340,1440,1470
2025-03-10,2.018294095993042,0.07363733454738197,1,1,0.5334549230224985,0.46654507697750147,0.5334549230224985,1.0,0.1,0.2491051903427403,870,1370,1470,1500
2025-03-11,2.1669158935546875,0.034075705403102674,1,1,0.5334521090578752,0.4665478909421248,0.5334521090578752,1.0,0.1,0.2491051903427403,870,1370,1470,1500
2025-03-12,2.240755081176758,0.004575668560036883,1,1,0.5334307640912122,0.46656923590878785,0.5334307640912122,1.0,0.1,0.2491051903427403,870,1370,1470,1500
2025-03-13,2.2510080337524414,0.04683896857800507,1,1,0.5334234265249028,0.4665765734750972,0.5334234265249028,1.0,0.1,0.2491051903427403,870,1370,1470,1500
2025-03-14,2.356442928314209,0.015614695722364624,1,1,0.5334262771092432,0.4665737228907568,0.5334262771092432,1.0,0.1,0.2491051903427403,870,1370,1470,1500
2025-03-15,2.393238067626953,-0.0398501967728927,0,1,0.53343394494562,0.46656605505438,0.53343394494562,1.0,0.1,0.2491051903427403,870,1370,1470,1500
2025-03-16,2.2978670597076416,0.018613288527138616,1,1,0.5334539578692592,0.4665460421307408,0.5334539578692592,1.0,0.1,0.2491051903427403,870,1370,1470,1500
2025-03-17,2.3406379222869877,-0.02293307957842383,0,1,0.5334610987843276,0.46653890121567243,0.5334610987843276,1.0,0.1,0.2491051903427403,870,1370,1470,1500
2025-03-18,2.2869598865509038,0.11319879005921973,1,1,0.5334635334663999,0.46653646653360015,0.5334635334663999,1.0,0.1,0.2491051903427403,870,1370,1470,1500
2025-03-19,2.5458409786224365,-0.04366610286109862,0,1,0.533445646087771,0.466554353912229,0.533445646087771,1.0,0.1,0.2491051903427403,870,1370,1470,1500
2025-03-20,2.434674024581909,-0.02275297615113059,0,1,0.5334736686116184,0.4665263313883816,0.5334736686116184,1.0,0.1,0.2491051903427403,870,1370,1470,1500
2025-03-21,2.37927794456482,-0.003973479407360259,0,1,0.5334783014451321,0.4665216985548679,0.5334783014451321,1.0,0.1,0.2491051903427403,870,1370,1470,1500
2025-03-22,2.369823932647705,0.027710522646316793,1,1,0.5334809495535962,0.46651905044640385,0.5334809495535962,1.0,0.1,0.2491051903427403,870,1370,1470,1500
2025-03-23,2.435492992401123,0.005201857076093885,1,1,0.5334743234044098,0.4665256765955902,0.5334743234044098,1.0,0.1,0.2491051903427403,870,1370,1470,1500
2025-03-24,2.448162078857422,0.001302158402296083,1,1,0.5334720739076176,0.46652792609238236,0.5334720739076176,1.0,0.1,0.2491051903427403,870,1370,1470,1500
2025-03-25,2.451349973678589,-0.04171661378796343,0,1,0.533480139873988,0.466519860126012,0.533480139873988,1.0,0.1,0.2491051903427403,870,1370,1470,1500
2025-03-26,2.349087953567505,-0.004603468114459552,0,1,0.5334895184583651,0.4665104815416349,0.5334895184583651,1.0,0.1,0.2491051903427403,870,1370,1470,1500
2025-03-27,2.3382740020751958,-0.057365781378856506,0,1,0.5334883191918988,0.46651168080810124,0.5334883191918988,1.0,0.1,0.2491051903427403,870,1370,1470,1500
2025-03-28,2.204137086868286,-0.029121602246273914,0,1,0.533483881330542,0.46651611866945797,0.533483881330542,1.0,0.1,0.2491051903427403,870,1370,1470,1500
2025-03-29,2.139949083328247,-0.001778600353826043,0,1,0.5334804641396513,0.46651953586034867,0.5334804641396513,1.0,0.1,0.2491051903427403,870,1370,1470,1500
2025-03-30,2.1361429691314697,-0.02164932425245525,0,1,0.5334754623177446,0.46652453768225544,0.5334754623177446,1.0,0.1,0.2491051903427403,870,1370,1470,1500
2025-03-31,2.08989691734314,0.02378781844567812,1,1,0.53346901359859,0.46653098640141,0.53346901359859,1.0,0.1,0.2491051903427403,870,1370,1470,1500
2025-04-01,2.139611005783081,-0.053534925033253744,0,1,0.5333205989978382,0.46667940100216176,0.5333205989978382,1.0,0.1,0.2491051903427403,870,1370,1470,1500
2025-04-02,2.025067090988159,0.018468527494402753,1,1,0.5333129191683648,0.46668708083163524,0.5333129191683648,1.0,0.1,0.2491051903427403,870,1370,1470,1500
2025-04-03,2.062467098236084,0.03223944566246972,1,1,0.5320314812005202,0.46796851879947976,0.5320314812005202,1.0,0.1,0.2491051903427403,870,1370,1470,1500
2025-04-04,2.128959894180298,0.0069382345381967525,1,1,0.5316382292946595,0.46836177070534046,0.5316382292946595,1.0,0.1,0.2491051903427403,870,1370,1470,1500
2025-04-05,2.143731117248535,-0.10534724060386191,0,1,0.5320863801234669,0.4679136198765331,0.5320863801234669,1.0,0.1,0.2491051903427403,870,1370,1470,1500
2025-04-06,1.917894959449768,-0.010501620757077501,0,1,0.5335430402722284,0.46645695972777157,0.5335430402722284,1.0,0.1,0.2491051903427403,870,1370,1470,1500
2025-04-07,1.897753953933716,-0.054372702583760035,0,1,0.5331780174698972,0.46682198253010276,0.5331780174698972,1.0,0.1,0.2491051903427403,870,1370,1470,1500
2025-04-08,1.7945679426193235,0.14330473370835417,1,1,0.5345211228483933,0.46547887715160674,0.5345211228483933,1.0,0.1,0.2491051903427403,870,1370,1470,1500
2025-04-09,2.0517380237579346,-0.041553053803372264,0,1,0.5415400093794304,0.45845999062056964,0.5415400093794304,1.0,0.1,0.24893401760103248,900,1400,1500,1530
2025-04-10,1.9664820432662964,0.02919166028079334,1,1,0.5420186819643985,0.4579813180356015,0.5420186819643985,1.0,0.1,0.24893401760103248,900,1400,1500,1530
2025-04-11,2.0238869190216064,0.06657150595072547,1,1,0.5410260151166996,0.45897398488330043,0.5410260151166996,1.0,0.1,0.24893401760103248,900,1400,1500,1530
2025-04-12,2.1586201190948486,-0.01779894187140607,0,1,0.5410602590287834,0.4589397409712166,0.5410602590287834,1.0,0.1,0.24893401760103248,900,1400,1500,1530
2025-04-13,2.120198965072632,0.003091728899883517,1,1,0.5421906044565895,0.4578093955434105,0.5421906044565895,1.0,0.1,0.24893401760103248,900,1400,1500,1530
2025-04-14,2.12675404548645,-0.017964064472162367,0,1,0.5425751653979795,0.45742483460202055,0.5425751653979795,1.0,0.1,0.24893401760103248,900,1400,1500,1530
2025-04-15,2.0885488986968994,-0.002540979124564857,0,1,0.5433531221748821,0.4566468778251179,0.5433531221748821,1.0,0.1,0.24893401760103248,900,1400,1500,1530
2025-04-16,2.0832419395446777,-0.008077251008554831,0,1,0.5430447692676357,0.4569552307323643,0.5430447692676357,1.0,0.1,0.24893401760103248,900,1400,1500,1530
2025-04-17,2.0664150714874268,-0.0013975721956861475,0,1,0.5434743219641294,0.45652567803587063,0.5434743219641294,1.0,0.1,0.24893401760103248,900,1400,1500,1530
2025-04-18,2.063527107238769,0.011530249357023736,1,1,0.5436508649658114,0.4563491350341886,0.5436508649658114,1.0,0.1,0.24893401760103248,900,1400,1500,1530
2025-04-19,2.08732008934021,-0.0049436569766146965,0,1,0.5435276814567506,0.45647231854324943,0.5435276814567506,1.0,0.1,0.24893401760103248,900,1400,1500,1530
2025-04-20,2.0770010948181152,0.00409914442556536,1,1,0.5438762354050677,0.4561237645949323,0.5438762354050677,1.0,0.1,0.24893401760103248,900,1400,1500,1530
2025-04-21,2.085515022277832,0.0623145424339715,1,1,0.5439459011825979,0.4560540988174021,0.5439459011825979,1.0,0.1,0.24893401760103248,900,1400,1500,1530
2025-04-22,2.215472936630249,0.0008499449063947839,1,1,0.5435728999682997,0.4564271000317003,0.5435728999682997,1.0,0.1,0.24893401760103248,900,1400,1500,1530
2025-04-23,2.217355966567993,-0.005778007400864427,0,1,0.5445944448284992,0.45540555517150083,0.5445944448284992,1.0,0.1,0.24893401760103248,900,1400,1500,1530
2025-04-24,2.2045440673828125,-0.009748091391709401,0,1,0.5448496374495023,0.4551503625504977,0.5448496374495023,1.0,0.1,0.24893401760103248,900,1400,1500,1530
2025-04-25,2.183053970336914,0.00464254916128537,1,1,0.5454535116268941,0.45454648837310585,0.5454535116268941,1.0,0.1,0.24893401760103248,900,1400,1500,1530
2025-04-26,2.1931889057159424,0.028747238392934138,1,1,0.5458122732062763,0.45418772679372366,0.5458122732062763,1.0,0.1,0.24893401760103248,900,1400,1500,1530
2025-04-27,2.256237030029297,0.01724147404976506,1,1,0.544786144278604,0.45521385572139605,0.544786144278604,1.0,0.1,0.24893401760103248,900,1400,1500,1530
2025-04-28,2.295137882232666,-0.023674737230725218,0,1,0.5449200833916565,0.45507991660834346,0.5449200833916565,1.0,0.1,0.24893401760103248,900,1400,1500,1530
2025-04-29,2.2408010959625244,-0.02197614304511919,0,1,0.5459187343601164,0.4540812656398836,0.5459187343601164,1.0,0.1,0.24893401760103248,900,1400,1500,1530
2025-04-30,2.191556930541992,0.010314667360599161,1,1,0.5464751314136432,0.45352486858635677,0.5464751314136432,1.0,0.1,0.24893401760103248,900,1400,1500,1530
2025-05-01,2.2141621112823486,-0.001956095213575204,0,1,0.5545035110753869,0.44549648892461313,0.5545035110753869,1.0,0.1,0.24893401760103248,900,1400,1500,1530
2025-05-02,2.2098309993743896,-0.00971300946853082,0,1,0.5550204262950701,0.4449795737049299,0.5550204262950701,1.0,0.1,0.24893401760103248,900,1400,1500,1530
2025-05-03,2.1883668899536133,-0.013970206596245482,0,1,0.5565582955816486,0.4434417044183514,0.5565582955816486,1.0,0.1,0.24893401760103248,900,1400,1500,1530
2025-05-04,2.157794952392578,-0.01028181146391871,0,1,0.5562375950826993,0.4437624049173007,0.5562375950826993,1.0,0.1,0.24893401760103248,900,1400,1500,1530
2025-05-05,2.1356089115142822,0.009281271905787758,1,1,0.5541818055024853,0.4458181944975147,0.5541818055024853,1.0,0.1,0.24893401760103248,900,1400,1500,1530
2025-05-06,2.1554300785064697,-0.013574537507705542,0,1,0.5540546574328341,0.4459453425671659,0.5540546574328341,1.0,0.1,0.24893401760103248,900,1400,1500,1530
2025-05-07,2.126171112060547,0.09266088707000653,1,1,0.55181837859764,0.44818162140235995,0.55181837859764,1.0,0.1,0.24893401760103248,900,1400,1500,1530
2025-05-08,2.323184013366699,0.00924894346756111,1,1,0.5460531709944407,0.45394682900555927,0.5460531709944407,1.0,0.1,0.24893401760103248,900,1400,1500,1530
2025-05-09,2.3446710109710693,0.05431845782444511,1,1,0.5467595913562673,0.4532404086437327,0.5467595913562673,1.0,0.01,0.251676500966028,930,1430,1530,1560
2025-05-10,2.4720299243927,-0.04267949533416049,0,1,0.506453214869383,0.493546785130617,0.506453214869383,1.0,0.01,0.251676500966028,930,1430,1530,1560
2025-05-11,2.3665249347686768,0.07526351448353674,1,1,0.6025620285339877,0.39743797146601234,0.6025620285339877,1.0,0.01,0.251676500966028,930,1430,1530,1560
2025-05-12,2.54463791847229,0.016469994101931285,1,0,0.48153180331287737,0.5184681966871226,0.5184681966871226,1.0,0.01,0.251676500966028,930,1430,1530,1560
2025-05-13,2.586548089981079,-0.013085079053669624,0,1,0.5431670041252064,0.45683299587479365,0.5431670041252064,1.0,0.01,0.251676500966028,930,1430,1530,1560
2025-05-14,2.5527029037475586,-0.06751113216520455,0,1,0.566610829266094,0.43338917073390604,0.566610829266094,1.0,0.01,0.251676500966028,930,1430,1530,1560
2025-05-15,2.3803670406341557,0.0002592151849616364,1,1,0.6279523056980683,0.37204769430193174,0.6279523056980683,1.0,0.01,0.251676500966028,930,1430,1530,1560
2025-05-16,2.38098406791687,-0.0111803140437291,0,1,0.5798717014765623,0.4201282985234377,0.5798717014765623,1.0,0.01,0.251676500966028,930,1430,1530,1560
2025-05-17,2.354363918304444,0.03389749666782027,1,1,0.5879425647995805,0.4120574352004195,0.5879425647995805,1.0,0.01,0.251676500966028,930,1430,1530,1560
2025-05-18,2.434170961380005,-0.021687906533160328,0,1,0.5368528771851907,0.4631471228148093,0.5368528771851907,1.0,0.01,0.251676500966028,930,1430,1530,1560
2025-05-19,2.3813788890838623,-0.010340173486245385,0,1,0.5775381174714488,0.4224618825285512,0.5775381174714488,1.0,0.01,0.251676500966028,930,1430,1530,1560
2025-05-20,2.356755018234253,0.017893672065211863,1,1,0.5738548117278397,0.4261451882721603,0.5738548117278397,1.0,0.01,0.251676500966028,930,1430,1530,1560
2025-05-21,2.398926019668579,0.012867844551063046,1,1,0.5419924550236828,0.45800754497631724,0.5419924550236828,1.0,0.01,0.251676500966028,930,1430,1530,1560
2025-05-22,2.429795026779175,-0.05575530656101835,0,1,0.5398317954570894,0.46016820454291063,0.5398317954570894,1.0,0.01,0.251676500966028,930,1430,1530,1560
2025-05-23,2.294321060180664,0.016801897105708452,1,1,0.6138870096821555,0.3861129903178445,0.6138870096821555,1.0,0.01,0.251676500966028,930,1430,1530,1560
2025-05-24,2.3328700065612797,0.004331529236365705,1,1,0.560219497814367,0.439780502185633,0.560219497814367,1.0,0.01,0.251676500966028,930,1430,1530,1560
2025-05-25,2.342974901199341,-0.013791792512762302,0,1,0.557286738323499,0.44271326167650105,0.557286738323499,1.0,0.01,0.251676500966028,930,1430,1530,1560
2025-05-26,2.3106610774993896,0.0034669144409884556,1,1,0.5746192251615616,0.4253807748384384,0.5746192251615616,1.0,0.01,0.251676500966028,930,1430,1530,1560
2025-05-27,2.318671941757202,-0.019157108608909734,0,1,0.5562053527995621,0.44379464720043793,0.5562053527995621,1.0,0.01,0.251676500966028,930,1430,1530,1560
2025-05-28,2.274252891540528,-0.013194172750172428,0,1,0.5842093717973371,0.4157906282026629,0.5842093717973371,1.0,0.01,0.251676500966028,930,1430,1530,1560
2025-05-29,2.244246006011963,-0.04705902975124965,0,1,0.5817971704910391,0.4182028295089609,0.5817971704910391,1.0,0.01,0.251676500966028,930,1430,1530,1560
2025-05-30,2.138633966445923,0.01703239915001875,1,1,0.6140056525147064,0.3859943474852936,0.6140056525147064,1.0,0.01,0.251676500966028,930,1430,1530,1560
2025-05-31,2.1750600337982178,0.0018960056727803654,1,1,0.5691976971053552,0.43080230289464483,0.5691976971053552,1.0,0.01,0.251676500966028,930,1430,1530,1560
2025-06-01,2.179183959960937,0.008522060882960591,1,1,0.5807060025248652,0.41929399747513485,0.5807060025248652,1.0,0.01,0.251676500966028,930,1430,1530,1560
2025-06-02,2.1977550983428955,0.022335953156268573,1,1,0.5592159509794689,0.44078404902053114,0.5592159509794689,1.0,0.01,0.251676500966028,930,1430,1530,1560
2025-06-03,2.2468440532684326,-0.01982067598639936,0,1,0.5396318339166856,0.46036816608331443,0.5396318339166856,1.0,0.01,0.251676500966028,930,1430,1530,1560
2025-06-04,2.202310085296631,-0.047530095295544195,0,1,0.594510343852456,0.40548965614754395,0.594510343852456,1.0,0.01,0.251676500966028,930,1430,1530,1560
2025-06-05,2.097634077072144,0.030878546143122465,1,1,0.6271809133980354,0.3728190866019646,0.6271809133980354,1.0,0.01,0.251676500966028,930,1430,1530,1560
2025-06-06,2.1624059677124023,0.007463901030542175,1,1,0.5575966616555903,0.4424033383444097,0.5575966616555903,1.0,0.01,0.251676500966028,930,1430,1530,1560
2025-06-07,2.1785459518432617,0.03991153363442268,1,1,0.5799621724663019,0.4200378275336981,0.5799621724663019,1.0,0.01,0.251676500966028,930,1430,1530,1560
2025-06-08,2.2654950618743896,0.02422424339690643,1,1,0.506033117286735,0.49396688271326505,0.506033117286735,1.0,0.01,0.24867023105096944,960,1460,1560,1590
2025-06-09,2.3203749656677246,-0.006503254401451275,0,1,0.5265797967292765,0.47342020327072354,0.5265797967292765,1.0,0.01,0.24867023105096944,960,1460,1560,1590
2025-06-10,2.3052849769592285,-0.014927398365053857,0,1,0.5494764599886535,0.45052354001134653,0.5494764599886535,1.0,0.01,0.24867023105096944,960,1460,1560,1590
2025-06-11,2.270873069763184,-0.0335131739139749,0,1,0.5625408269134398,0.43745917308656024,0.5625408269134398,1.0,0.01,0.24867023105096944,960,1460,1560,1590
2025-06-12,2.1947689056396484,-0.020839977891545125,0,1,0.5865497346325207,0.4134502653674793,0.5865497346325207,1.0,0.01,0.24867023105096944,960,1460,1560,1590
2025-06-13,2.1490299701690674,-0.003547605668491882,0,1,0.5728953637152338,0.42710463628476625,0.5728953637152338,1.0,0.01,0.24867023105096944,960,1460,1560,1590
2025-06-14,2.1414060592651367,0.012034570707486925,1,1,0.5773057897987719,0.4226942102012281,0.5773057897987719,1.0,0.01,0.24867023105096944,960,1460,1560,1590
2025-06-15,2.167176961898804,0.03442034306809183,1,1,0.5556436180133077,0.44435638198669225,0.5556436180133077,1.0,0.01,0.24867023105096944,960,1460,1560,1590
2025-06-16,2.241771936416626,-0.03615801591738865,0,1,0.5017689320159237,0.49823106798407635,0.5017689320159237,1.0,0.01,0.24867023105096944,960,1460,1560,1590
2025-06-17,2.1607139110565186,0.004142698895946317,1,1,0.5826457566260602,0.4173542433739398,0.5826457566260602,1.0,0.01,0.24867023105096944,960,1460,1560,1590
2025-06-18,2.169665098190308,-0.0017178677253940622,0,1,0.5583387370209512,0.44166126297904884,0.5583387370209512,1.0,0.01,0.24867023105096944,960,1460,1560,1590
2025-06-19,2.165937900543213,-0.02104902339144854,0,1,0.5657036407259418,0.4342963592740582,0.5657036407259418,1.0,0.01,0.24867023105096944,960,1460,1560,1590
2025-06-20,2.120347023010254,-0.02961258823979185,0,1,0.5680281255362203,0.4319718744637797,0.5680281255362203,1.0,0.01,0.24867023105096944,960,1460,1560,1590
2025-06-21,2.057558059692383,-0.021156140469597795,0,1,0.5872633117804315,0.41273668821956855,0.5872633117804315,1.0,0.01,0.24867023105096944,960,1460,1560,1590
2025-06-22,2.0140280723571777,0.07561019034628935,1,1,0.5666987190445941,0.4333012809554059,0.5666987190445941,1.0,0.01,0.24867023105096944,960,1460,1560,1590
2025-06-23,2.166309118270874,0.011312700999399183,1,1,0.5082715004611648,0.49172849953883524,0.5082715004611648,1.0,0.01,0.24867023105096944,960,1460,1560,1590
2025-06-24,2.1908159255981445,-0.0022566239356235362,0,1,0.5448585776056301,0.45514142239436994,0.5448585776056301,1.0,0.01,0.24867023105096944,960,1460,1560,1590
2025-06-25,2.1858720779418945,-0.03660648335793282,0,1,0.5530513868738121,0.44694861312618794,0.5530513868738121,1.0,0.01,0.24867023105096944,960,1460,1560,1590
2025-06-26,2.1058549880981445,0.01745794781058696,1,1,0.5853516347052341,0.4146483652947659,0.5853516347052341,1.0,0.01,0.24867023105096944,960,1460,1560,1590
2025-06-27,2.1426188945770264,0.020267292177021945,1,1,0.5510631361530897,0.44893686384691034,0.5510631361530897,1.0,0.01,0.24867023105096944,960,1460,1560,1590
2025-06-28,2.1860439777374268,0.009619658034364598,1,1,0.5490056581066411,0.45099434189335885,0.5490056581066411,1.0,0.01,0.24867023105096944,960,1460,1560,1590
2025-06-29,2.2070729732513428,0.014352496749804322,1,1,0.5515147666787641,0.4484852333212359,0.5515147666787641,1.0,0.01,0.24867023105096944,960,1460,1560,1590
2025-06-30,2.2387499809265137,-0.029728653829319218,0,1,0.515715125804224,0.48428487419577604,0.515715125804224,1.0,0.01,0.24867023105096944,960,1460,1560,1590
2025-07-01,2.1721949577331543,0.028346434568205847,1,1,0.5622731796387701,0.4377268203612299,0.5622731796387701,1.0,0.01,0.24867023105096944,960,1460,1560,1590
2025-07-02,2.233768939971924,0.010694510233953958,1,1,0.5464249727031165,0.4535750272968835,0.5464249727031165,1.0,0.01,0.24867023105096944,960,1460,1560,1590
2025-07-03,2.257658004760742,-0.016175634450008136,0,1,0.5516116399394737,0.4483883600605263,0.5516116399394737,1.0,0.01,0.24867023105096944,960,1460,1560,1590
2025-07-04,2.2211389541625977,-0.0011781713698345575,0,1,0.5604763533712128,0.4395236466287872,0.5604763533712128,1.0,0.01,0.24867023105096944,960,1460,1560,1590
2025-07-05,2.218522071838379,0.024349081305031328,1,1,0.5572656600465687,0.44273433995343126,0.5572656600465687,1.0,0.01,0.24867023105096944,960,1460,1560,1590
2025-07-06,2.272541046142578,0.0006762677239635639,1,1,0.5391336434151348,0.4608663565848652,0.5391336434151348,1.0,0.01,0.24867023105096944,960,1460,1560,1590
2025-07-07,2.274077892303467,0.016338976412046957,1,1,0.5453803249298593,0.45461967507014067,0.5453803249298593,1.0,0.01,0.24867023105096944,960,1460,1560,1590
2025-07-08,2.3112339973449707,0.04084487980113072,1,1,0.5343769184042486,0.4656230815957514,0.5343769184042486,0.1,scale,0.2503890383961094,990,1490,1590,1620
2025-07-09,2.405636072158813,0.0586318947065152,1,1,0.5340606277838471,0.4659393722161529,0.5340606277838471,0.1,scale,0.2503890383961094,990,1490,1590,1620
2025-07-10,2.5466830730438232,0.07389255673537676,1,1,0.5337207292894343,0.46627927071056574,0.5337207292894343,0.1,scale,0.2503890383961094,990,1490,1590,1620
2025-07-11,2.7348639965057373,0.0010136126779085597,1,1,0.5326707335783978,0.4673292664216022,0.5326707335783978,0.1,scale,0.2503890383961094,990,1490,1590,1620
2025-07-12,2.737636089324951,0.035908712387692,1,1,0.533450857305685,0.466549142694315,0.533450857305685,0.1,scale,0.2503890383961094,990,1490,1590,1620
2025-07-13,2.8359410762786865,0.04197405941874255,1,1,0.5331541551787949,0.46684584482120506,0.5331541551787949,0.1,scale,0.2503890383961094,990,1490,1590,1620
2025-07-14,2.954977035522461,-0.012191312104690044,0,1,0.5326902536405748,0.46730974635942524,0.5326902536405748,0.1,scale,0.2503890383961094,990,1490,1590,1620
2025-07-15,2.918951988220215,0.04195100666733542,1,1,0.5326538685892083,0.46734613141079173,0.5326538685892083,0.1,scale,0.2503890383961094,990,1490,1590,1620
2025-07-16,3.041404962539673,0.14918241782258668,1,1,0.5323824771438662,0.4676175228561338,0.5323824771438662,0.1,scale,0.2503890383961094,990,1490,1590,1620
2025-07-17,3.495129108428955,-0.022006961428914118,0,1,0.532119029150031,0.46788097084996905,0.532119029150031,0.1,scale,0.2503890383961094,990,1490,1590,1620
2025-07-18,3.418211936950684,0.0032748088514906737,1,1,0.5319886277824241,0.46801137221757594,0.5319886277824241,0.1,scale,0.2503890383961094,990,1490,1590,1620
2025-07-19,3.429405927658081,0.008783735729166908,1,1,0.5319124961899682,0.46808750381003184,0.5319124961899682,0.1,scale,0.2503890383961094,990,1490,1590,1620
2025-07-20,3.459528923034668,0.027817657451429723,1,1,0.5318114556312177,0.4681885443687823,0.5318114556312177,0.1,scale,0.2503890383961094,990,1490,1590,1620
2025-07-21,3.55576491355896,-0.001149929405062755,0,1,0.5318375164644659,0.46816248353553414,0.5318375164644659,0.1,scale,0.2503890383961094,990,1490,1590,1620
2025-07-22,3.551676034927368,-0.10325996661432657,0,1,0.5318351658209264,0.4681648341790736,0.5318351658209264,0.1,scale,0.2503890383961094,990,1490,1590,1620
2025-07-23,3.1849300861358643,-0.0128841683219717,0,1,0.5316759548578596,0.46832404514214043,0.5316759548578596,0.1,scale,0.2503890383961094,990,1490,1590,1620
2025-07-24,3.143894910812378,-0.0006917706667246559,0,1,0.5313520022065761,0.4686479977934239,0.5313520022065761,0.1,scale,0.2503890383961094,990,1490,1590,1620
2025-07-25,3.141720056533813,0.008216536143250464,1,1,0.5313140048852364,0.4686859951147636,0.5313140048852364,0.1,scale,0.2503890383961094,990,1490,1590,1620
2025-07-26,3.167534112930298,0.02328242433293015,1,1,0.5313823416847906,0.4686176583152094,0.5313823416847906,0.1,scale,0.2503890383961094,990,1490,1590,1620
2025-07-27,3.2412819862365723,-0.0387007001584857,0,1,0.531444364371087,0.468555635628913,0.531444364371087,0.1,scale,0.2503890383961094,990,1490,1590,1620
2025-07-28,3.11584210395813,0.004040313146076446,1,1,0.5315284302147055,0.4684715697852945,0.5315284302147055,0.1,scale,0.2503890383961094,990,1490,1590,1620
2025-07-29,3.1284310817718506,-0.009607066704029887,0,1,0.5315031566552257,0.46849684334477426,0.5315031566552257,0.1,scale,0.2503890383961094,990,1490,1590,1620
2025-07-30,3.098376035690308,-0.023627199227180595,0,1,0.5317568669896184,0.46824313301038156,0.5317568669896184,0.1,scale,0.2503890383961094,990,1490,1590,1620
2025-07-31,3.025170087814331,-0.020023039791281616,0,1,0.5321768776948084,0.46782312230519163,0.5321768776948084,0.1,scale,0.2503890383961094,990,1490,1590,1620
2025-08-01,2.96459698677063,-0.06686407030934527,0,1,0.532032695324865,0.46796730467513503,0.532032695324865,0.1,scale,0.2503890383961094,990,1490,1590,1620
2025-08-02,2.766371965408325,0.06621379547798178,1,1,0.5320350502245091,0.46796494977549086,0.5320350502245091,0.1,scale,0.2503890383961094,990,1490,1590,1620
2025-08-03,2.9495439529418945,0.041791539180573434,1,1,0.5320360891538346,0.4679639108461654,0.5320360891538346,0.1,scale,0.2503890383961094,990,1490,1590,1620
2025-08-04,3.072809934616089,-0.035492581294086945,0,1,0.5320382007815497,0.46796179921845027,0.5320382007815497,0.1,scale,0.2503890383961094,990,1490,1590,1620
2025-08-05,2.963747978210449,0.009494757402142673,1,1,0.5320410056907777,0.4679589943092223,0.5320410056907777,0.1,scale,0.2503890383961094,990,1490,1590,1620
2025-08-06,2.9918880462646484,0.10906822979055986,1,1,0.5320428874661092,0.46795711253389083,0.5320428874661092,0.1,scale,0.2503890383961094,990,1490,1590,1620
2025-08-07,3.3182079792022705,-0.009368874874951083,0,1,0.5000800229844858,0.49991997701551416,0.5000800229844858,1.0,0.01,0.24711120934654648,1020,1520,1620,1650
2025-08-08,3.28712010383606,-0.01802094278736166,0,1,0.5077853850351544,0.49221461496484564,0.5077853850351544,1.0,0.01,0.24711120934654648,1020,1520,1620,1650
2025-08-09,3.227883100509644,-0.012400430971222565,0,1,0.5089151713759508,0.49108482862404923,0.5089151713759508,1.0,0.01,0.24711120934654648,1020,1520,1620,1650
2025-08-10,3.187855958938598,-0.016732834301996014,0,1,0.5082604072776044,0.49173959272239565,0.5082604072776044,1.0,0.01,0.24711120934654648,1020,1520,1620,1650
2025-08-11,3.134514093399048,0.04210919438157679,1,1,0.5077077177653199,0.49229228223468013,0.5077077177653199,1.0,0.01,0.24711120934654648,1020,1520,1620,1650
2025-08-12,3.2665059566497803,0.004311963481624659,1,1,0.5026766091299698,0.4973233908700302,0.5026766091299698,1.0,0.01,0.24711120934654648,1020,1520,1620,1650
2025-08-13,3.2805910110473637,-0.06007116675276303,0,1,0.5055491693106009,0.4944508306893991,0.5055491693106009,1.0,0.01,0.24711120934654648,1020,1520,1620,1650
2025-08-14,3.083522081375122,-0.0015745487843754624,0,1,0.5086346204049081,0.49136537959509186,0.5086346204049081,1.0,0.01,0.24711120934654648,1020,1520,1620,1650
2025-08-15,3.078666925430298,0.009573320870310376,1,1,0.5048266298436807,0.49517337015631935,0.5048266298436807,1.0,0.01,0.24711120934654648,1020,1520,1620,1650
2025-08-16,3.108139991760254,-0.006144831689280594,0,1,0.5056889460700417,0.49431105392995833,0.5056889460700417,1.0,0.01,0.24711120934654648,1020,1520,1620,1650
2025-08-17,3.089040994644165,-0.008921243955775648,0,1,0.5075372812421436,0.4924627187578564,0.5075372812421436,1.0,0.01,0.24711120934654648,1020,1520,1620,1650
2025-08-18,3.0614829063415527,-0.06812345657860619,0,1,0.5074072611915057,0.4925927388084943,0.5074072611915057,1.0,0.01,0.24711120934654648,1020,1520,1620,1650
2025-08-19,2.852924108505249,0.0342893144769556,1,1,0.5162097665844044,0.48379023341559557,0.5162097665844044,1.0,0.01,0.24711120934654648,1020,1520,1620,1650
2025-08-20,2.950748920440674,-0.03398283078564923,0,1,0.506396002984378,0.49360399701562196,0.506396002984378,1.0,0.01,0.24711120934654648,1020,1520,1620,1650
2025-08-21,2.8504741191864014,0.07903909037948664,1,1,0.5150380842154365,0.4849619157845635,0.5150380842154365,1.0,0.01,0.24711120934654648,1020,1520,1620,1650
2025-08-22,3.075773000717163,-0.00961023359381219,0,1,0.5027095154730001,0.49729048452699987,0.5027095154730001,1.0,0.01,0.24711120934654648,1020,1520,1620,1650
2025-08-23,3.0462141036987305,-0.006678851300816135,0,1,0.512893647316204,0.487106352683796,0.512893647316204,1.0,0.01,0.24711120934654648,1020,1520,1620,1650
2025-08-24,3.0258688926696777,-0.054396539266625465,0,1,0.5112388396539771,0.4887611603460229,0.5112388396539771,1.0,0.01,0.24711120934654648,1020,1520,1620,1650
2025-08-25,2.861272096633911,0.05275482260086517,1,1,0.5186529359536941,0.4813470640463059,0.5186529359536941,1.0,0.01,0.24711120934654648,1020,1520,1620,1650
2025-08-26,3.0122179985046387,-0.015138325798996655,0,1,0.508509761914276,0.491490238085724,0.508509761914276,1.0,0.01,0.24711120934654648,1020,1520,1620,1650
2025-08-27,2.966618061065674,0.0001607342598162198,1,1,0.5147139348943406,0.4852860651056594,0.5147139348943406,1.0,0.01,0.24711120934654648,1020,1520,1620,1650
2025-08-28,2.967094898223877,-0.04891578862277535,0,1,0.5125756500438895,0.4874243499561105,0.5125756500438895,1.0,0.01,0.24711120934654648,1020,1520,1620,1650
2025-08-29,2.8219571113586426,-0.001336330254797513,0,1,0.5161578315979117,0.48384216840208827,0.5161578315979117,1.0,0.01,0.24711120934654648,1020,1520,1620,1650
2025-08-30,2.818186044692993,-0.014741806255984868,0,1,0.5127929523569195,0.48720704764308054,0.5127929523569195,1.0,0.01,0.24711120934654648,1020,1520,1620,1650
2025-08-31,2.7766408920288086,-0.008263899359750027,0,1,0.5139680510777108,0.4860319489222892,0.5139680510777108,1.0,0.01,0.24711120934654648,1020,1520,1620,1650
2025-09-01,2.753695011138916,0.03927961215719633,1,1,0.5181201997432355,0.48187980025676447,0.5181201997432355,1.0,0.01,0.24711120934654648,1020,1520,1620,1650
2025-09-02,2.861859083175659,-0.005927684300929714,0,1,0.5070091009543688,0.4929908990456312,0.5070091009543688,1.0,0.01,0.24711120934654648,1020,1520,1620,1650
2025-09-03,2.8448948860168457,-0.017247309290354562,0,1,0.5172254384941655,0.48277456150583453,0.5172254384941655,1.0,0.01,0.24711120934654648,1020,1520,1620,1650
2025-09-04,2.795828104019165,0.0073036808003172915,1,1,0.5192614759378785,0.4807385240621215,0.5192614759378785,1.0,0.01,0.24711120934654648,1020,1520,1620,1650
2025-09-05,2.816247940063477,-0.0019149692690609843,0,1,0.5130789003015865,0.48692109969841346,0.5130789003015865,1.0,0.01,0.24711120934654648,1020,1520,1620,1650
2025-09-06,2.810854911804199,0.024087711351888696,1,0,0.499695705747373,0.500304294252627,0.500304294252627,1.0,0.01,0.24586579399903724,1050,1550,1650,1680
2025-09-07,2.8785619735717773,0.03190449812499452,1,0,0.48608195103341584,0.5139180489665842,0.5139180489665842,1.0,0.01,0.24586579399903724,1050,1550,1650,1680
2025-09-08,2.9704010486602783,-0.008008016845971522,0,0,0.4805420017959521,0.5194579982040479,0.5194579982040479,1.0,0.01,0.24586579399903724,1050,1550,1650,1680
2025-09-09,2.9466140270233154,0.011909948988570562,1,0,0.4920121808635749,0.5079878191364251,0.5079878191364251,1.0,0.01,0.24586579399903724,1050,1550,1650,1680
2025-09-10,2.98170804977417,0.019863123781103775,1,0,0.48663392112570364,0.5133660788742964,0.5133660788742964,1.0,0.01,0.24586579399903724,1050,1550,1650,1680
2025-09-11,3.0409340858459477,0.021936631186139532,1,0,0.4826368754604375,0.5173631245395625,0.5173631245395625,1.0,0.01,0.24586579399903724,1050,1550,1650,1680
2025-09-12,3.1076419353485107,0.00444876804792238,1,0,0.4782672076922623,0.5217327923077377,0.5217327923077377,1.0,0.01,0.24586579399903724,1050,1550,1650,1680
2025-09-13,3.121467113494873,-0.02849366906648465,0,0,0.48448093173242995,0.5155190682675701,0.5155190682675701,1.0,0.01,0.24586579399903724,1050,1550,1650,1680
2025-09-14,3.032525062561035,-0.011678757972509834,0,0,0.4992529727562093,0.5007470272437907,0.5007470272437907,1.0,0.01,0.24586579399903724,1050,1550,1650,1680
2025-09-15,2.9971089363098145,0.013808364886650715,1,0,0.49439936793956196,0.505600632060438,0.505600632060438,1.0,0.01,0.24586579399903724,1050,1550,1650,1680
2025-09-16,3.038494110107422,0.015302916551060086,1,0,0.4869198980470335,0.5130801019529665,0.5130801019529665,1.0,0.01,0.24586579399903724,1050,1550,1650,1680
2025-09-17,3.084991931915283,-0.0028275667314867636,0,0,0.4815436369608503,0.5184563630391497,0.5184563630391497,1.0,0.01,0.24586579399903724,1050,1550,1650,1680
2025-09-18,3.0762689113616943,-0.02744131567650354,0,0,0.48736617622855005,0.51263382377145,0.51263382377145,1.0,0.01,0.24586579399903724,1050,1550,1650,1680
2025-09-19,2.991852045059204,-0.004322745787086024,0,0,0.49894471798147494,0.501055282018525,0.501055282018525,1.0,0.01,0.24586579399903724,1050,1550,1650,1680
2025-09-20,2.97891902923584,-0.0018496950496265097,0,0,0.4937691360340225,0.5062308639659775,0.5062308639659775,1.0,0.01,0.24586579399903724,1050,1550,1650,1680
2025-09-21,2.973408937454224,-0.04049190703098571,0,0,0.4945153654087958,0.5054846345912042,0.5054846345912042,1.0,0.01,0.24586579399903724,1050,1550,1650,1680
2025-09-22,2.8530099391937256,-0.008711147747052395,0,1,0.5016905162921779,0.49830948370782213,0.5016905162921779,1.0,0.01,0.24586579399903724,1050,1550,1650,1680
2025-09-23,2.8281569480896,0.03531560467537487,1,1,0.5035680231568065,0.4964319768431935,0.5035680231568065,1.0,0.01,0.24586579399903724,1050,1550,1650,1680
2025-09-24,2.928035020828247,-0.06342680755233931,0,0,0.4868731915547039,0.5131268084452961,0.5131268084452961,1.0,0.01,0.24586579399903724,1050,1550,1650,1680
2025-09-25,2.742319107055664,0.015859858878189304,1,1,0.5214895027228175,0.47851049727718253,0.5214895027228175,1.0,0.01,0.24586579399903724,1050,1550,1650,1680
2025-09-26,2.7858119010925293,0.007869542511807381,1,0,0.49977064597861237,0.5002293540213876,0.5002293540213876,1.0,0.01,0.24586579399903724,1050,1550,1650,1680
2025-09-27,2.807734966278076,0.020960312976001205,1,1,0.5027291549032853,0.4972708450967147,0.5027291549032853,1.0,0.01,0.24586579399903724,1050,1550,1650,1680
2025-09-28,2.8665859699249268,0.00561857514883779,1,0,0.49269082016897375,0.5073091798310263,0.5073091798310263,1.0,0.01,0.24586579399903724,1050,1550,1650,1680
2025-09-29,2.8826920986175537,-0.012405458755838206,0,0,0.4960039663306178,0.5039960336693823,0.5039960336693823,1.0,0.01,0.24586579399903724,1050,1550,1650,1680
2025-09-30,2.846930980682373,0.03524744462181806,1,1,0.5050061785730935,0.4949938214269065,0.5050061785730935,1.0,0.01,0.24586579399903724,1050,1550,1650,1680
2025-10-01,2.9472780227661133,0.031230858339171164,1,1,0.5078135600077549,0.4921864399922451,0.5078135600077549,1.0,0.01,0.24586579399903724,1050,1550,1650,1680
2025-10-02,3.0393240451812744,0.00051224328119992,1,1,0.5032417734312055,0.49675822656879454,0.5032417734312055,1.0,0.01,0.24586579399903724,1050,1550,1650,1680
2025-10-03,3.040880918502808,-0.02352345025971092,0,1,0.5150755241787393,0.48492447582126075,0.5150755241787393,1.0,0.01,0.24586579399903724,1050,1550,1650,1680
2025-10-04,2.969348907470703,0.00043510894826170876,1,1,0.5339989354021153,0.4660010645978847,0.5339989354021153,1.0,0.01,0.24586579399903724,1050,1550,1650,1680
2025-10-05,2.9706408977508545,0.006758149888950626,1,1,0.5229254548620453,0.47707454513795466,0.5229254548620453,1.0,0.01,0.24586579399903724,1050,1550,1650,1680
2025-10-06,2.9907169342041016,-0.04505469398219508,0,1,0.5322319783536741,0.4677680216463259,0.5322319783536741,1.0,0.01,0.24378036895417338,1080,1580,1680,1710
2025-10-07,2.855971097946167,0.008695103378791202,1,1,0.5622968328421731,0.43770316715782687,0.5622968328421731,1.0,0.01,0.24378036895417338,1080,1580,1680,1710
2025-10-08,2.8808040618896484,-0.02634476893425519,0,1,0.5394461056133018,0.46055389438669825,0.5394461056133018,1.0,0.01,0.24378036895417338,1080,1580,1680,1710
2025-10-09,2.8049099445343018,-0.15911844343794468,0,1,0.5518585105548713,0.44814148944512866,0.5518585105548713,1.0,0.01,0.24378036895417338,1080,1580,1680,1710
2025-10-10,2.358597040176392,0.01161071431351246,1,1,0.5980482538261849,0.4019517461738151,0.5980482538261849,1.0,0.01,0.24378036895417338,1080,1580,1680,1710
2025-10-11,2.385982036590576,0.06243795924150741,1,1,0.565396000522415,0.434603999477585,0.565396000522415,1.0,0.01,0.24378036895417338,1080,1580,1680,1710
2025-10-12,2.5349578857421875,0.028222174819870993,1,1,0.5382461197498466,0.4617538802501534,0.5382461197498466,1.0,0.01,0.24378036895417338,1080,1580,1680,1710
2025-10-13,2.6064999103546143,-0.038687840688635955,0,1,0.5319937844184129,0.46800621558158706,0.5319937844184129,1.0,0.01,0.24378036895417338,1080,1580,1680,1710
2025-10-14,2.505660057067871,-0.03711356391835963,0,1,0.5620210032541287,0.43797899674587126,0.5620210032541287,1.0,0.01,0.24378036895417338,1080,1580,1680,1710
2025-10-15,2.412666082382202,-0.03464969210298385,0,1,0.5667482073390416,0.43325179266095837,0.5667482073390416,1.0,0.01,0.24378036895417338,1080,1580,1680,1710
2025-10-16,2.3290679454803467,-0.014954008258316609,0,1,0.5674867911113255,0.4325132088886745,0.5674867911113255,1.0,0.01,0.24378036895417338,1080,1580,1680,1710
2025-10-17,2.294239044189453,0.028885859489442556,1,1,0.5587691045929709,0.4412308954070291,0.5587691045929709,1.0,0.01,0.24378036895417338,1080,1580,1680,1710
2025-10-18,2.3605101108551025,0.012760717755527784,1,1,0.5377042970467609,0.4622957029532391,0.5377042970467609,1.0,0.01,0.24378036895417338,1080,1580,1680,1710
2025-10-19,2.390631914138794,0.042995752384278774,1,1,0.532548375010867,0.46745162498913295,0.532548375010867,1.0,0.01,0.24378036895417338,1080,1580,1680,1710
2025-10-20,2.49341893196106,-0.027732132917874686,0,1,0.511721584001041,0.48827841599895905,0.511721584001041,1.0,0.01,0.24378036895417338,1080,1580,1680,1710
2025-10-21,2.4242711067199707,-0.02491844616463401,0,1,0.5412547982983216,0.45874520170167843,0.5412547982983216,1.0,0.01,0.24378036895417338,1080,1580,1680,1710
2025-10-22,2.3638620376586914,0.013235928347606452,1,1,0.5465370313378054,0.4534629686621946,0.5465370313378054,1.0,0.01,0.24378036895417338,1080,1580,1680,1710
2025-10-23,2.395149946212769,0.0468964373535421,1,1,0.5350312747044472,0.4649687252955528,0.5350312747044472,1.0,0.01,0.24378036895417338,1080,1580,1680,1710
2025-10-24,2.507473945617676,0.0354831385205896,1,1,0.5097206671856878,0.49027933281431224,0.5097206671856878,1.0,0.01,0.24378036895417338,1080,1580,1680,1710
2025-10-25,2.596446990966797,0.018755977803341928,1,1,0.508495800095091,0.491504199904909,0.508495800095091,1.0,0.01,0.24378036895417338,1080,1580,1680,1710
2025-10-26,2.645145893096924,-0.0039755569989073924,0,1,0.5128711392562859,0.4871288607437141,0.5128711392562859,1.0,0.01,0.24378036895417338,1080,1580,1680,1710
2025-10-27,2.634629964828491,-0.010875495534611757,0,1,0.5230818252297889,0.47691817477021115,0.5230818252297889,1.0,0.01,0.24378036895417338,1080,1580,1680,1710
2025-10-28,2.6059770584106445,-0.020704722486015847,0,1,0.5311487029181066,0.46885129708189344,0.5311487029181066,1.0,0.01,0.24378036895417338,1080,1580,1680,1710
2025-10-29,2.552021026611328,-0.044006736950988,0,1,0.5412460583081562,0.4587539416918438,0.5412460583081562,1.0,0.01,0.24378036895417338,1080,1580,1680,1710
2025-10-30,2.439714908599853,0.028289422379136564,1,1,0.5580711428113594,0.4419288571886406,0.5580711428113594,1.0,0.01,0.24378036895417338,1080,1580,1680,1710
2025-10-31,2.508733034133911,-0.0014186892349256075,0,1,0.5251927837685395,0.4748072162314605,0.5251927837685395,1.0,0.01,0.24378036895417338,1080,1580,1680,1710
2025-11-01,2.505173921585083,0.009548643578120242,1,1,0.5664268674228483,0.4335731325771517,0.5664268674228483,1.0,0.01,0.24378036895417338,1080,1580,1680,1710
2025-11-02,2.529094934463501,-0.08687575257171776,0,1,0.5467609832749438,0.4532390167250562,0.5467609832749438,1.0,0.01,0.24378036895417338,1080,1580,1680,1710
2025-11-03,2.309377908706665,-0.0427655415681204,0,1,0.6159260599523417,0.38407394004765827,0.6159260599523417,1.0,0.01,0.24378036895417338,1080,1580,1680,1710
2025-11-04,2.210616111755371,0.06089206682142656,1,1,0.6134897700645118,0.3865102299354882,0.6134897700645118,1.0,0.01,0.24378036895417338,1080,1580,1680,1710
2025-11-05,2.3452250957489014,-0.05729812586418437,0,1,0.5237016645151732,0.4762983354848268,0.5237016645151732,1.0,0.01,0.2503071381914191,1110,1610,1710,1740
2025-11-06,2.210848093032837,0.046730879829318894,1,1,0.55815827424044,0.44184172575956004,0.55815827424044,1.0,0.01,0.2503071381914191,1110,1610,1710,1740
2025-11-07,2.3141629695892334,-0.012647348841263284,0,1,0.5232460936557356,0.4767539063442644,0.5232460936557356,1.0,0.01,0.2503071381914191,1110,1610,1710,1740
2025-11-08,2.2848949432373047,0.036221360281749604,1,1,0.5410616086597574,0.4589383913402426,0.5410616086597574,1.0,0.01,0.2503071381914191,1110,1610,1710,1740
2025-11-09,2.367656946182251,0.06703171074105452,1,1,0.5248559389406534,0.4751440610593466,0.5248559389406534,1.0,0.01,0.2503071381914191,1110,1610,1710,1740
2025-11-10,2.526365041732788,-0.053294329940055785,0,1,0.5138764859012748,0.48612351409872523,0.5138764859012748,1.0,0.01,0.2503071381914191,1110,1610,1710,1740
2025-11-11,2.391724109649658,-0.002018717219894106,0,1,0.5536366964540056,0.4463633035459944,0.5536366964540056,1.0,0.01,0.2503071381914191,1110,1610,1710,1740
2025-11-12,2.3868958950042725,-0.023359147656858426,0,1,0.54018394813831,0.45981605186168995,0.54018394813831,1.0,0.01,0.2503071381914191,1110,1610,1710,1740
2025-11-13,2.3311400413513184,-0.03738855802755525,0,1,0.5503297899310893,0.4496702100689107,0.5503297899310893,1.0,0.01,0.2503071381914191,1110,1610,1710,1740
2025-11-14,2.243982076644897,-0.003893138749352598,0,1,0.5554146139816036,0.44458538601839637,0.5554146139816036,1.0,0.01,0.2503071381914191,1110,1610,1710,1740
2025-11-15,2.235245943069458,-0.008337758969018672,0,1,0.546797290114555,0.453202709885445,0.546797290114555,1.0,0.01,0.2503071381914191,1110,1610,1710,1740
2025-11-16,2.216609001159668,-0.024592100015359608,0,1,0.5461722173434769,0.4538277826565231,0.5461722173434769,1.0,0.01,0.2503071381914191,1110,1610,1710,1740
2025-11-17,2.162097930908203,0.025152020798156594,1,1,0.5441640405210452,0.45583595947895483,0.5441640405210452,1.0,0.01,0.2503071381914191,1110,1610,1710,1740
2025-11-18,2.2164790630340576,-0.04911436853116091,0,1,0.5284430952082316,0.47155690479176837,0.5284430952082316,1.0,0.01,0.2503071381914191,1110,1610,1710,1740
2025-11-19,2.1076180934906006,-0.05163698696073338,0,1,0.5519111645153032,0.4480888354846968,0.5519111645153032,1.0,0.01,0.2503071381914191,1110,1610,1710,1740
2025-11-20,1.9987870454788208,-0.024206716021032082,0,1,0.555302606356628,0.444697393643372,0.555302606356628,1.0,0.01,0.2503071381914191,1110,1610,1710,1740
2025-11-21,1.9504029750823972,-0.00033426712986106555,0,1,0.5491126038879528,0.4508873961120472,0.5491126038879528,1.0,0.01,0.2503071381914191,1110,1610,1710,1740
2025-11-22,1.949751019477844,0.049500611316044996,1,1,0.5409457630823913,0.4590542369176087,0.5409457630823913,1.0,0.01,0.2503071381914191,1110,1610,1710,1740
2025-11-23,2.046264886856079,0.08777608146288496,1,1,0.5227420240382017,0.4772579759617983,0.5227420240382017,1.0,0.01,0.2503071381914191,1110,1610,1710,1740
2025-11-24,2.2258780002593994,-0.012280086705143467,0,1,0.5056301461796073,0.49436985382039267,0.5056301461796073,1.0,0.01,0.2503071381914191,1110,1610,1710,1740
2025-11-25,2.1985440254211426,0.011708140294242941,1,1,0.5303680741219328,0.46963192587806724,0.5303680741219328,1.0,0.01,0.2503071381914191,1110,1610,1710,1740
2025-11-26,2.2242848873138428,-0.010547598985435891,0,1,0.526054955282478,0.47394504471752197,0.526054955282478,1.0,0.01,0.2503071381914191,1110,1610,1710,1740
2025-11-27,2.200824022293091,-0.009167445299360533,0,1,0.5373674231476192,0.4626325768523808,0.5373674231476192,1.0,0.01,0.2503071381914191,1110,1610,1710,1740
2025-11-28,2.1806480884552,0.010423011444735897,1,1,0.5385359317959332,0.4614640682040668,0.5385359317959332,1.0,0.01,0.2503071381914191,1110,1610,1710,1740
2025-11-29,2.2033770084381104,-0.019247680577664128,0,1,0.5344667903736533,0.4655332096263467,0.5344667903736533,1.0,0.01,0.2503071381914191,1110,1610,1710,1740
2025-11-30,2.1609671115875244,-0.060181913606869086,0,1,0.544066209275374,0.45593379072462603,0.544066209275374,1.0,0.01,0.2503071381914191,1110,1610,1710,1740
2025-12-01,2.0309159755706787,0.06135464687174497,1,1,0.5568448499029641,0.4431551500970359,0.5568448499029641,1.0,0.01,0.2503071381914191,1110,1610,1710,1740
2025-12-02,2.155522108078003,0.021518618414176016,1,1,0.518628669233397,0.481371330766603,0.518628669233397,1.0,0.01,0.2503071381914191,1110,1610,1710,1740
2025-12-03,2.2019059658050537,-0.047564697081240004,0,1,0.5286517451472339,0.4713482548527661,0.5286517451472339,1.0,0.01,0.2503071381914191,1110,1610,1710,1740
2025-12-04,2.097172975540161,-0.02840300807816487,0,1,0.5578020662801735,0.4421979337198265,0.5578020662801735,1.0,0.01,0.2503071381914191,1110,1610,1710,1740
2025-12-05,2.037606954574585,-0.0024474795827876816,0,1,0.5071393887250798,0.4928606112749202,0.5071393887250798,1.0,scale,0.2525857622095415,1140,1640,1740,1770
2025-12-06,2.0326199531555176,0.005313400174959293,1,1,0.5044803478469245,0.4955196521530755,0.5044803478469245,1.0,scale,0.2525857622095415,1140,1640,1740,1770
2025-12-07,2.0434200763702397,0.014527592473215334,1,0,0.4903755290659208,0.5096244709340791,0.5096244709340791,1.0,scale,0.2525857622095415,1140,1640,1740,1770
2025-12-08,2.073106050491333,0.017036683416449705,1,0,0.49218529085746837,0.5078147091425316,0.5078147091425316,1.0,scale,0.2525857622095415,1140,1640,1740,1770
2025-12-09,2.1084249019622803,-0.030866609184841742,0,0,0.48379823882634515,0.5162017611736549,0.5162017611736549,1.0,scale,0.2525857622095415,1140,1640,1740,1770
2025-12-10,2.0433449745178223,-0.0038354057740528358,0,0,0.4963771179840418,0.5036228820159582,0.5036228820159582,1.0,scale,0.2525857622095415,1140,1640,1740,1770
2025-12-11,2.035507917404175,-0.012951507454314615,0,0,0.49210968432051794,0.5078903156794821,0.5078903156794821,1.0,scale,0.2525857622095415,1140,1640,1740,1770
2025-12-12,2.009145021438598,0.007390679799904376,1,0,0.4957419519191775,0.5042580480808225,0.5042580480808225,1.0,scale,0.2525857622095415,1140,1640,1740,1770
2025-12-13,2.023993968963623,-0.022088475230897964,0,0,0.4926508994415799,0.5073491005584201,0.5073491005584201,1.0,scale,0.2525857622095415,1140,1640,1740,1770
2025-12-14,1.979287028312683,-0.04072879254165229,0,0,0.4962967359986754,0.5037032640013246,0.5037032640013246,1.0,scale,0.2525857622095415,1140,1640,1740,1770
2025-12-15,1.8986730575561523,0.016537847398893968,1,0,0.4888522551013566,0.5111477448986435,0.5111477448986435,1.0,scale,0.2525857622095415,1140,1640,1740,1770
2025-12-16,1.9300730228424072,-0.035353605228111595,0,0,0.4890421594743693,0.5109578405256308,0.5109578405256308,1.0,scale,0.2525857622095415,1140,1640,1740,1770
2025-12-17,1.8618379831314087,-0.029036326717965077,0,0,0.49915789054549736,0.5008421094545026,0.5008421094545026,1.0,scale,0.2525857622095415,1140,1640,1740,1770
2025-12-18,1.807777047157288,0.0551035748535762,1,0,0.4982497791440043,0.5017502208559956,0.5017502208559956,1.0,scale,0.2525857622095415,1140,1640,1740,1770
2025-12-19,1.9073920249938965,0.013110014247175839,1,0,0.48127752563555654,0.5187224743644434,0.5187224743644434,1.0,scale,0.2525857622095415,1140,1640,1740,1770
2025-12-20,1.932397961616516,-0.0053746641991559985,0,0,0.4896160356916291,0.510383964308371,0.510383964308371,1.0,scale,0.2525857622095415,1140,1640,1740,1770
2025-12-21,1.9220119714736936,-0.010014510322362224,0,0,0.4885069635780076,0.5114930364219924,0.5114930364219924,1.0,scale,0.2525857622095415,1140,1640,1740,1770
2025-12-22,1.9027639627456665,-0.015738643280119424,0,0,0.4908499498751064,0.5091500501248936,0.5091500501248936,1.0,scale,0.2525857622095415,1140,1640,1740,1770
2025-12-23,1.872817039489746,-0.006218457055766069,0,0,0.4954481594062784,0.5045518405937216,0.5045518405937216,1.0,scale,0.2525857622095415,1140,1640,1740,1770
2025-12-24,1.861171007156372,-0.015761594103851917,0,0,0.4954390401543106,0.5045609598456894,0.5045609598456894,1.0,scale,0.2525857622095415,1140,1640,1740,1770
2025-12-25,1.831835985183716,0.006074816774144676,1,0,0.4983529236764954,0.5016470763235046,0.5016470763235046,1.0,scale,0.2525857622095415,1140,1640,1740,1770
2025-12-26,1.842964053153992,0.016217889594779322,1,0,0.48386082924730495,0.516139170752695,0.516139170752695,1.0,scale,0.2525857622095415,1140,1640,1740,1770
2025-12-27,1.8728530406951904,-0.004534827693096988,0,0,0.48758629378236185,0.5124137062176382,0.5124137062176382,1.0,scale,0.2525857622095415,1140,1640,1740,1770
2025-12-28,1.864359974861145,-0.008923176966357693,0,0,0.48718783594413023,0.5128121640558698,0.5128121640558698,1.0,scale,0.2525857622095415,1140,1640,1740,1770
2025-12-29,1.8477239608764648,0.015029324188804205,1,0,0.4771088075234551,0.5228911924765449,0.5228911924765449,1.0,scale,0.2525857622095415,1140,1640,1740,1770
2025-12-30,1.8754940032958984,-0.01893955958462279,0,0,0.48649009166860235,0.5135099083313976,0.5135099083313976,1.0,scale,0.2525857622095415,1140,1640,1740,1770
2025-12-31,1.839972972869873,0.02063238606340012,1,0,0.49121385433245346,0.5087861456675465,0.5087861456675465,1.0,scale,0.2525857622095415,1140,1640,1740,1770
2026-01-01,1.8779360055923464,0.0680965328529588,1,1,0.5003470306973526,0.49965296930264735,0.5003470306973526,1.0,scale,0.2525857622095415,1140,1640,1740,1770
2026-01-02,2.00581693649292,0.005778196283231063,1,0,0.47635879963440536,0.5236412003655946,0.5236412003655946,1.0,scale,0.2525857622095415,1140,1640,1740,1770
2026-01-03,2.017406940460205,0.03599370711369865,1,1,0.5148268747941628,0.4851731252058372,0.5148268747941628,1.0,scale,0.2525857622095415,1140,1640,1740,1770
2026-01-04,2.0900208950042725,0.1238151199900801,1,0,0.47986400539586893,0.5201359946041311,0.5201359946041311,1.0,0.1,0.2509742021713956,1170,1670,1770,1800
2026-01-05,2.348797082901001,-0.017837260237430153,0,1,0.5186593726574956,0.4813406273425044,0.5186593726574956,1.0,0.1,0.2509742021713956,1170,1670,1770,1800
2026-01-06,2.306900978088379,-0.060590373304902245,0,0,0.48115083971744177,0.5188491602825582,0.5188491602825582,1.0,0.1,0.2509742021713956,1170,1670,1770,1800
2026-01-07,2.16712498664856,-0.020777745420828553,0,0,0.39825441530795563,0.6017455846920443,0.6017455846920443,1.0,0.1,0.2509742021713956,1170,1670,1770,1800
2026-01-08,2.12209701538086,-0.014351872657492826,0,0,0.441846819903663,0.5581531800963371,0.5581531800963371,1.0,0.1,0.2509742021713956,1170,1670,1770,1800
2026-01-09,2.091640949249268,-0.0017321370234831823,0,0,0.42864946453615393,0.5713505354638461,0.5713505354638461,1.0,0.1,0.2509742021713956,1170,1670,1770,1800
2026-01-10,2.08801794052124,-0.008119179034143387,0,0,0.42365473811136806,0.576345261888632,0.576345261888632,1.0,0.1,0.2509742021713956,1170,1670,1770,1800
2026-01-11,2.0710649490356445,-0.008942200676069878,0,0,0.45216922257676817,0.5478307774232318,0.5478307774232318,1.0,0.1,0.2509742021713956,1170,1670,1770,1800
2026-01-12,2.0525450706481934,0.054202475131252204,1,1,0.5118319931571378,0.4881680068428622,0.5118319931571378,1.0,0.1,0.2509742021713956,1170,1670,1770,1800
2026-01-13,2.1637980937957764,-0.01111757898379917,0,0,0.49957947160873156,0.5004205283912684,0.5004205283912684,1.0,0.1,0.2509742021713956,1170,1670,1770,1800
2026-01-14,2.139741897583008,-0.02879452168355412,0,0,0.44821154057849694,0.551788459421503,0.551788459421503,1.0,0.1,0.2509742021713956,1170,1670,1770,1800
2026-01-15,2.0781290531158447,-0.004769222738304824,0,0,0.4181192139674579,0.5818807860325421,0.5818807860325421,1.0,0.1,0.2509742021713956,1170,1670,1770,1800
2026-01-16,2.0682179927825928,-0.0028261382047981565,0,0,0.44843219979668286,0.5515678002033171,0.5515678002033171,1.0,0.1,0.2509742021713956,1170,1670,1770,1800
2026-01-17,2.062372922897339,-0.03380324821833991,0,0,0.44625423205594467,0.5537457679440554,0.5537457679440554,1.0,0.1,0.2509742021713956,1170,1670,1770,1800
2026-01-18,1.992658019065857,-0.003150046360809622,0,0,0.450159552318466,0.549840447681534,0.549840447681534,1.0,0.1,0.2509742021713956,1170,1670,1770,1800
2026-01-19,1.9863810539245603,-0.04873134276406399,0,0,0.4896234502811822,0.5103765497188177,0.5103765497188177,1.0,0.1,0.2509742021713956,1170,1670,1770,1800
2026-01-20,1.88958203792572,0.02962343675901602,1,0,0.4641974857426711,0.5358025142573288,0.5358025142573288,1.0,0.1,0.2509742021713956,1170,1670,1770,1800
2026-01-21,1.945557951927185,-0.012276138454631713,0,0,0.49076934181438675,0.5092306581856132,0.5092306581856132,1.0,0.1,0.2509742021713956,1170,1670,1770,1800
2026-01-22,1.9216740131378172,-0.0011146904778297495,0,0,0.4784856451570881,0.521514354842912,0.521514354842912,1.0,0.1,0.2509742021713956,1170,1670,1770,1800
2026-01-23,1.9195319414138796,-0.0033351341223478714,0,0,0.48366026547838953,0.5163397345216105,0.5163397345216105,1.0,0.1,0.2509742021713956,1170,1670,1770,1800
2026-01-24,1.9131300449371336,-0.04187064733409929,0,0,0.4846448297762059,0.5153551702237942,0.5153551702237942,1.0,0.1,0.2509742021713956,1170,1670,1770,1800
2026-01-25,1.8330260515213013,0.03844513234676983,1,1,0.5123952569191926,0.48760474308080737,0.5123952569191926,1.0,0.1,0.2509742021713956,1170,1670,1770,1800
2026-01-26,1.9034969806671145,0.005483573391016572,1,1,0.5013233365205968,0.4986766634794032,0.5013233365205968,1.0,0.1,0.2509742021713956,1170,1670,1770,1800
2026-01-27,1.9139349460601809,-0.002721601968203813,0,0,0.4899416276674991,0.510058372332501,0.510058372332501,1.0,0.1,0.2509742021713956,1170,1670,1770,1800
2026-01-28,1.9087259769439695,-0.05430896963530185,0,0,0.4917198469481351,0.5082801530518649,0.5082801530518649,1.0,0.1,0.2509742021713956,1170,1670,1770,1800
2026-01-29,1.8050650358200075,-0.04024175697463139,0,0,0.4953427436718612,0.5046572563281388,0.5046572563281388,1.0,0.1,0.2509742021713956,1170,1670,1770,1800
2026-01-30,1.7324260473251345,-0.05019265938067852,0,0,0.46625131688839283,0.5337486831116072,0.5337486831116072,1.0,0.1,0.2509742021713956,1170,1670,1770,1800
2026-01-31,1.6454709768295288,-0.032895751575484855,0,0,0.46508282972632076,0.5349171702736792,0.5349171702736792,1.0,0.1,0.2509742021713956,1170,1670,1770,1800
2026-02-01,1.5913419723510742,0.018352487620179936,1,0,0.44806433494456904,0.551935665055431,0.551935665055431,1.0,0.1,0.2509742021713956,1170,1670,1770,1800
2026-02-02,1.62054705619812,-0.028600277148952524,0,0,0.47984863175399173,0.5201513682460083,0.5201513682460083,1.0,0.1,0.2509742021713956,1170,1670,1770,1800
2026-02-03,1.5741989612579346,-0.04047961513745424,0,0,0.44313030899690303,0.556869691003097,0.556869691003097,10.0,scale,0.25545211829483166,1200,1700,1800,1830
2026-02-04,1.510475993156433,-0.1965969606790927,0,0,0.43695597419343235,0.5630440258065676,0.5630440258065676,10.0,scale,0.25545211829483166,1200,1700,1800,1830
2026-02-05,1.2135210037231443,0.21260616172181845,1,1,0.5996228090079001,0.4003771909920999,0.5996228090079001,10.0,scale,0.25545211829483166,1200,1700,1800,1830
2026-02-06,1.4715230464935305,-0.03215651614586179,0,0,0.4910733883944919,0.5089266116055081,0.5089266116055081,10.0,scale,0.25545211829483166,1200,1700,1800,1830
2026-02-07,1.4242039918899536,0.005603875554957449,1,0,0.3983916294070057,0.6016083705929943,0.6016083705929943,10.0,scale,0.25545211829483166,1200,1700,1800,1830
2026-02-08,1.4321850538253784,0.002744705589851959,1,0,0.46539751409111585,0.5346024859088842,0.5346024859088842,10.0,scale,0.25545211829483166,1200,1700,1800,1830
2026-02-09,1.4361159801483154,-0.025505573414291716,0,0,0.4628807780103907,0.5371192219896093,0.5371192219896093,10.0,scale,0.25545211829483166,1200,1700,1800,1830
2026-02-10,1.399487018585205,-0.022485405989975282,0,0,0.42862184978358675,0.5713781502164132,0.5713781502164132,10.0,scale,0.25545211829483166,1200,1700,1800,1830
2026-02-11,1.3680189847946167,-0.004348638762959545,0,0,0.44547134798341054,0.5545286520165895,0.5545286520165895,10.0,scale,0.25545211829483166,1200,1700,1800,1830
2026-02-12,1.3620699644088743,0.033326474629374214,1,0,0.3695931980880852,0.6304068019119148,0.6304068019119148,10.0,scale,0.25545211829483166,1200,1700,1800,1830
2026-02-13,1.4074629545211792,0.07283815780168057,1,0,0.49090052459490335,0.5090994754050966,0.5090994754050966,10.0,scale,0.25545211829483166,1200,1700,1800,1830
2026-02-14,1.5099799633026123,-0.023260567333221238,0,0,0.4776001039272651,0.522399896072735,0.522399896072735,10.0,scale,0.25545211829483166,1200,1700,1800,1830
2026-02-15,1.474856972694397,0.008015035891133726,1,1,0.520277497202491,0.47972250279750905,0.520277497202491,10.0,scale,0.25545211829483166,1200,1700,1800,1830
2026-02-16,1.4866780042648315,-0.008256008924270808,0,0,0.4744222717776862,0.5255777282223137,0.5255777282223137,10.0,scale,0.25545211829483166,1200,1700,1800,1830
2026-02-17,1.474403977394104,-0.03580901888933363,0,0,0.46090192101865984,0.5390980789813402,0.5390980789813402,10.0,scale,0.25545211829483166,1200,1700,1800,1830
2026-02-18,1.4216070175170898,-0.010711089629245496,0,0,0.4418428743879301,0.5581571256120699,0.5581571256120699,10.0,scale,0.25545211829483166,1200,1700,1800,1830
2026-02-19,1.4063800573349,0.016378201919700297,1,0,0.45478710747671963,0.5452128925232804,0.5452128925232804,10.0,scale,0.25545211829483166,1200,1700,1800,1830
2026-02-20,1.4294140338897705,0.00157470806353599,1,0,0.49451266397609833,0.5054873360239016,0.5054873360239016,10.0,scale,0.25545211829483166,1200,1700,1800,1830
2026-02-21,1.4316649436950684,-0.026952517286894295,0,1,0.5021637747121376,0.4978362252878624,0.5021637747121376,10.0,scale,0.25545211829483166,1200,1700,1800,1830
2026-02-22,1.3930779695510864,-0.02974135256891053,0,1,0.5225524988698179,0.4774475011301821,0.5225524988698179,10.0,scale,0.25545211829483166,1200,1700,1800,1830
2026-02-23,1.3516459465026855,-0.002035996524385908,0,1,0.560184361082245,0.439815638917755,0.560184361082245,10.0,scale,0.25545211829483166,1200,1700,1800,1830
2026-02-24,1.3488940000534058,0.06290485405524171,1,1,0.5066400616340843,0.49335993836591574,0.5066400616340843,10.0,scale,0.25545211829483166,1200,1700,1800,1830
2026-02-25,1.4337459802627563,-0.02212946343904254,0,0,0.48911147849189207,0.5108885215081079,0.5108885215081079,10.0,scale,0.25545211829483166,1200,1700,1800,1830
2026-02-26,1.4020179510116575,-0.032878980567858984,0,0,0.4896490159950024,0.5103509840049976,0.5103509840049976,10.0,scale,0.25545211829483166,1200,1700,1800,1830
2026-02-27,1.3559210300445557,0.015714739117782317,1,1,0.5080366309459782,0.4919633690540218,0.5080366309459782,10.0,scale,0.25545211829483166,1200,1700,1800,1830
2026-02-28,1.3772289752960205,-0.01851539604228636,0,1,0.5184827044984862,0.4815172955015138,0.5184827044984862,10.0,scale,0.25545211829483166,1200,1700,1800,1830
2026-03-01,1.3517290353775024,0.02903610287389924,1,1,0.5238985447473282,0.4761014552526718,0.5238985447473282,10.0,scale,0.25545211829483166,1200,1700,1800,1830
2026-03-02,1.39097797870636,-0.021865866600550787,0,1,0.5144831112140758,0.48551688878592425,0.5144831112140758,10.0,scale,0.25545211829483166,1200,1700,1800,1830
2026-03-03,1.360563039779663,0.05119716329207402,1,1,0.5203463859977067,0.47965361400229334,0.5203463859977067,10.0,scale,0.25545211829483166,1200,1700,1800,1830
2026-03-04,1.4302200078964231,-0.018995703707963663,0,1,0.5243664279807042,0.4756335720192958,0.5243664279807042,10.0,scale,0.25545211829483166,1200,1700,1800,1830
2026-03-05,1.4030519723892212,-0.028139317276388742,0,0,0.4811704342634318,0.5188295657365682,0.5188295657365682,10.0,scale,0.24828343921786408,1230,1730,1830,1860
2026-03-06,1.363571047782898,-0.005242137864151841,0,0,0.483748711427893,0.516251288572107,0.516251288572107,10.0,scale,0.24828343921786408,1230,1730,1830,1860
2026-03-07,1.356423020362854,-0.011074745258623953,0,0,0.45998664697334996,0.54001335302665,0.54001335302665,10.0,scale,0.24828343921786408,1230,1730,1830,1860
2026-03-08,1.341400980949402,0.015238586811964216,1,0,0.4667492195591004,0.5332507804408996,0.5332507804408996,10.0,scale,0.24828343921786408,1230,1730,1830,1860
2026-03-09,1.3618420362472534,0.018051272768048188,1,0,0.47178464773876416,0.5282153522612358,0.5282153522612358,10.0,scale,0.24828343921786408,1230,1730,1830,1860
2026-03-10,1.3864250183105469,-0.0011165781154128807,0,0,0.4540117628168728,0.5459882371831273,0.5459882371831273,10.0,scale,0.24828343921786408,1230,1730,1830,1860
2026-03-11,1.3848769664764404,-0.000164583690204112,0,0,0.4602748264516052,0.5397251735483948,0.5397251735483948,10.0,scale,0.24828343921786408,1230,1730,1830,1860
2026-03-12,1.3846490383148191,0.01029790246948914,1,0,0.4585031438179325,0.5414968561820674,0.5414968561820674,10.0,scale,0.24828343921786408,1230,1730,1830,1860
2026-03-13,1.398908019065857,0.005976791774205736,1,0,0.48706773706119705,0.5129322629388029,0.5129322629388029,10.0,scale,0.24828343921786408,1230,1730,1830,1860
2026-03-14,1.40726900100708,0.02862424383915063,1,0,0.452363911628964,0.5476360883710361,0.5476360883710361,10.0,scale,0.24828343921786408,1230,1730,1830,1860
2026-03-15,1.4475510120391846,0.06632859362371768,1,0,0.4628217530795883,0.5371782469204117,0.5371782469204117,10.0,scale,0.24828343921786408,1230,1730,1830,1860
2026-03-16,1.543565034866333,-0.01620992678456168,0,0,0.4455500883431503,0.5544499116568498,0.5544499116568498,10.0,scale,0.24828343921786408,1230,1730,1830,1860
2026-03-17,1.5185439586639404,-0.03601476472449183,0,0,0.4166385348914704,0.5833614651085296,0.5833614651085296,10.0,scale,0.24828343921786408,1230,1730,1830,1860
2026-03-18,1.46385395526886,-0.011292786784560027,0,0,0.41787906106505834,0.5821209389349417,0.5821209389349417,10.0,scale,0.24828343921786408,1230,1730,1830,1860
2026-03-19,1.447322964668274,-0.001286464693055045,0,0,0.43662240687636955,0.5633775931236304,0.5633775931236304,10.0,scale,0.24828343921786408,1230,1730,1830,1860
2026-03-20,1.4454610347747805,-0.026901449732899763,0,0,0.42987589354396527,0.5701241064560347,0.5701241064560347,10.0,scale,0.24828343921786408,1230,1730,1830,1860
2026-03-21,1.4065760374069214,-0.015422551415496755,0,0,0.415580494297771,0.584419505702229,0.584419505702229,10.0,scale,0.24828343921786408,1230,1730,1830,1860
2026-03-22,1.3848830461502075,0.03393421897677773,1,0,0.46462362468004464,0.5353763753199554,0.5353763753199554,10.0,scale,0.24828343921786408,1230,1730,1830,1860
2026-03-23,1.4318779706954956,-0.011491189707698246,0,1,0.5250255454857802,0.4749744545142198,0.5250255454857802,10.0,scale,0.24828343921786408,1230,1730,1830,1860
2026-03-24,1.4154239892959597,-0.0008379208143355354,0,0,0.438841834355743,0.561158165644257,0.561158165644257,10.0,scale,0.24828343921786408,1230,1730,1830,1860
2026-03-25,1.4142379760742188,-0.03827078511817095,0,0,0.4492486858633333,0.5507513141366667,0.5507513141366667,10.0,scale,0.24828343921786408,1230,1730,1830,1860
2026-03-26,1.3601139783859253,-0.025806648393530862,0,0,0.441447823844628,0.558552176155372,0.558552176155372,10.0,scale,0.24828343921786408,1230,1730,1830,1860
2026-03-27,1.3250139951705933,0.005876191169374989,1,0,0.4415205145717776,0.5584794854282225,0.5584794854282225,10.0,scale,0.24828343921786408,1230,1730,1830,1860
2026-03-28,1.332800030708313,-0.004144687230805411,0,0,0.45165714013335084,0.5483428598666491,0.5483428598666491,10.0,scale,0.24828343921786408,1230,1730,1830,1860
2026-03-29,1.3272759914398191,-0.0035358368126164885,0,0,0.45112399068842807,0.5488760093115719,0.5488760093115719,10.0,scale,0.24828343921786408,1230,1730,1830,1860
2026-03-30,1.3225829601287842,0.013364753939518526,1,0,0.4304915014350775,0.5695084985649226,0.5695084985649226,10.0,scale,0.24828343921786408,1230,1730,1830,1860
2026-03-31,1.3402589559555054,0.005601220396113105,1,0,0.44849004190580005,0.5515099580942,0.5515099580942,10.0,scale,0.24828343921786408,1230,1730,1830,1860
2026-04-01,1.3477660417556765,-0.02157275492285826,0,0,0.4592112017316262,0.5407887982683738,0.5407887982683738,10.0,scale,0.24828343921786408,1230,1730,1830,1860
2026-04-02,1.3186910152435305,-0.0005945589135836205,0,0,0.44543737889537127,0.5545626211046287,0.5545626211046287,10.0,scale,0.24828343921786408,1230,1730,1830,1860
2026-04-03,1.3179069757461548,-0.0017701748601701706,0,0,0.46637077952717937,0.5336292204728206,0.5336292204728206,10.0,scale,0.24828343921786408,1230,1730,1830,1860
2026-04-04,1.315574049949646,0.007541885140544435,1,0,0.44517692873917203,0.554823071260828,0.554823071260828,10.0,scale,0.24181161243888144,1260,1760,1860,1890
2026-04-05,1.325495958328247,-0.0032251809639406437,0,0,0.44666060933227647,0.5533393906677235,0.5533393906677235,10.0,scale,0.24181161243888144,1260,1760,1860,1890
2026-04-06,1.3212209939956665,0.04561613720940838,1,0,0.43089513795111883,0.5691048620488812,0.5691048620488812,10.0,scale,0.24181161243888144,1260,1760,1860,1890
2026-04-07,1.3814899921417236,-0.028315064798031364,0,0,0.4468587126488883,0.5531412873511117,0.5531412873511117,10.0,scale,0.24181161243888144,1260,1760,1860,1890
2026-04-08,1.342373013496399,0.0013192854651877806,1,0,0.4311237259489401,0.5688762740510599,0.5688762740510599,10.0,scale,0.24181161243888144,1260,1760,1860,1890
2026-04-09,1.344143986701965,0.009271342983817155,1,0,0.4374846120962744,0.5625153879037257,0.5625153879037257,10.0,scale,0.24181161243888144,1260,1760,1860,1890
2026-04-10,1.3566060066223145,-0.0008528971261602125,0,0,0.4346765175495819,0.5653234824504181,0.5653234824504181,10.0,scale,0.24181161243888144,1260,1760,1860,1890
2026-04-11,1.3554489612579346,-0.022465574877773786,0,0,0.43176249256116334,0.5682375074388366,0.5682375074388366,10.0,scale,0.24181161243888144,1260,1760,1860,1890
2026-04-12,1.3249980211257937,0.038994721404775,1,0,0.4320126216126546,0.5679873783873455,0.5679873783873455,10.0,scale,0.24181161243888144,1260,1760,1860,1890
2026-04-13,1.3766659498214722,-0.010778199513331477,0,0,0.4451382098852887,0.5548617901147113,0.5548617901147113,10.0,scale,0.24181161243888144,1260,1760,1860,1890
2026-04-14,1.3618279695510864,0.021911019244753138,1,0,0.4324984995568001,0.5675015004431999,0.5675015004431999,10.0,scale,0.24181161243888144,1260,1760,1860,1890
2026-04-15,1.3916670083999634,0.04380936032253824,1,0,0.4373203062319422,0.5626796937680578,0.5626796937680578,10.0,scale,0.24181161243888144,1260,1760,1860,1890
2026-04-16,1.4526350498199463,0.01680731644748157,1,0,0.4395105525547615,0.5604894474452384,0.5604894474452384,10.0,scale,0.24181161243888144,1260,1760,1860,1890
2026-04-17,1.4770499467849731,-0.028683513105677738,0,0,0.42818586205445464,0.5718141379455454,0.5718141379455454,10.0,scale,0.24181161243888144,1260,1760,1860,1890
2026-04-18,1.4346829652786257,-0.027901636502821736,0,0,0.4087825333116902,0.5912174666883099,0.5912174666883099,10.0,scale,0.24181161243888144,1260,1760,1860,1890
2026-04-19,1.3946529626846311,0.02166704261839536,1,0,0.4238294595340944,0.5761705404659057,0.5761705404659057,10.0,scale,0.24181161243888144,1260,1760,1860,1890
2026-04-20,1.4248709678649902,0.004880493787002171,1,0,0.4407368835331244,0.5592631164668755,0.5592631164668755,10.0,scale,0.24181161243888144,1260,1760,1860,1890
2026-04-21,1.431825041770935,-0.0012550975067144865,0,0,0.4388825682168066,0.5611174317831934,0.5611174317831934,10.0,scale,0.24181161243888144,1260,1760,1860,1890
2026-04-22,1.430027961730957,0.006317385276223497,1,0,0.4314237264753077,0.5685762735246923,0.5685762735246923,10.0,scale,0.24181161243888144,1260,1760,1860,1890
2026-04-23,1.439061999320984,-0.003742712206795451,0,0,0.43738954473418945,0.5626104552658105,0.5626104552658105,10.0,scale,0.24181161243888144,1260,1760,1860,1890
2026-04-24,1.43367600440979,-0.006596324497490813,0,0,0.43278104226418396,0.567218957735816,0.567218957735816,10.0,scale,0.24181161243888144,1260,1760,1860,1890
2026-04-25,1.424219012260437,0.005164885707673372,1,0,0.43127910435179,0.5687208956482099,0.5687208956482099,10.0,scale,0.24181161243888144,1260,1760,1860,1890
2026-04-26,1.4315749406814575,-0.021423240272793853,0,0,0.436052097342738,0.563947902657262,0.563947902657262,10.0,scale,0.24181161243888144,1260,1760,1860,1890
2026-04-27,1.400905966758728,-0.0144485230202972,0,0,0.44881820287749447,0.5511817971225055,0.5511817971225055,10.0,scale,0.24181161243888144,1260,1760,1860,1890
2026-04-28,1.380664944648743,-0.008266290975618373,0,0,0.4380338041678108,0.5619661958321892,0.5619661958321892,10.0,scale,0.24181161243888144,1260,1760,1860,1890
2026-04-29,1.3692519664764404,-0.001330649746067336,0,0,0.4498159994123753,0.5501840005876246,0.5501840005876246,10.0,scale,0.24181161243888144,1260,1760,1860,1890
2026-04-30,1.3674299716949463,0.012625934609462597,1,0,0.45248066288761674,0.5475193371123832,0.5475193371123832,10.0,scale,0.24181161243888144,1260,1760,1860,1890
2026-05-01,1.384695053100586,0.0061074425017804135,1,0,0.4491476494520386,0.5508523505479614,0.5508523505479614,10.0,scale,0.24181161243888144,1260,1760,1860,1890
2026-05-02,1.3931519985198977,-0.004000990535661275,0,0,0.4566048412116872,0.5433951587883128,0.5433951587883128,10.0,scale,0.24181161243888144,1260,1760,1860,1890
2026-05-03,1.387578010559082,0.0031572577236402832,1,0,0.4460251686103852,0.5539748313896148,0.5539748313896148,10.0,scale,0.24181161243888144,1260,1760,1860,1890
2026-05-04,1.3919589519500732,0.015223184013014812,1,0,0.42209297885729263,0.5779070211427073,0.5779070211427073,1.0,0.01,0.24101437511172277,1290,1790,1890,1920
2026-05-05,1.4131489992141724,0.008188131397808052,1,0,0.41311566172884423,0.5868843382711557,0.5868843382711557,1.0,0.01,0.24101437511172277,1290,1790,1890,1920
2026-05-06,1.424720048904419,-0.026387663790187865,0,0,0.4145714178291409,0.5854285821708591,0.5854285821708591,1.0,0.01,0.24101437511172277,1290,1790,1890,1920
2026-05-07,1.387125015258789,0.02246372651608164,1,0,0.4414816334737595,0.5585183665262405,0.5585183665262405,1.0,0.01,0.24101437511172277,1290,1790,1890,1920
2026-05-08,1.4182850122451782,0.0012846464326727869,1,0,0.4147904518664714,0.5852095481335287,0.5852095481335287,1.0,0.01,0.24101437511172277,1290,1790,1890,1920
2026-05-09,1.4201070070266724,0.037109909650364425,1,0,0.4251716225905924,0.5748283774094076,0.5748283774094076,1.0,0.01,0.24101437511172277,1290,1790,1890,1920
2026-05-10,1.4728070497512815,0.0027220187520624606,1,0,0.4017952027377775,0.5982047972622224,0.5982047972622224,1.0,0.01,0.24101437511172277,1290,1790,1890,1920
2026-05-11,1.4768160581588743,-0.027569512232824223,0,0,0.4182459169731614,0.5817540830268386,0.5817540830268386,1.0,0.01,0.24101437511172277,1290,1790,1890,1920
2026-05-12,1.436100959777832,-0.006792708623173049,0,0,0.44118616407022965,0.5588138359297703,0.5588138359297703,1.0,0.01,0.24101437511172277,1290,1790,1890,1920
2026-05-13,1.426345944404602,0.04049859520100907,1,0,0.43497265663991014,0.5650273433600899,0.5650273433600899,1.0,0.01,0.24101437511172277,1290,1790,1890,1920
2026-05-14,1.484110951423645,-0.03394624336074381,0,0,0.40591720059254155,0.5940827994074585,0.5940827994074585,1.0,0.01,0.24101437511172277,1290,1790,1890,1920
2026-05-15,1.433730959892273,-0.013736834110099183,0,0,0.44944771416425916,0.5505522858357408,0.5505522858357408,1.0,0.01,0.24101437511172277,1290,1790,1890,1920
2026-05-16,1.4140360355377195,-0.009259307656160454,0,0,0.4437316614139193,0.5562683385860807,0.5562683385860807,1.0,0.01,0.24101437511172277,1290,1790,1890,1920
2026-05-17,1.4009430408477783,-0.008382940652803317,0,0,0.44391027915702114,0.5560897208429789,0.5560897208429789,1.0,0.01,0.24101437511172277,1290,1790,1890,1920
2026-05-18,1.3891990184783936,-0.020596053733805464,0,0,0.44359598427679686,0.5564040157232031,0.5564040157232031,1.0,0.01,0.24101437511172277,1290,1790,1890,1920
2026-05-19,1.3605870008468628,0.0035139302108191384,1,0,0.4529049370429964,0.5470950629570036,0.5470950629570036,1.0,0.01,0.24101437511172277,1290,1790,1890,1920
2026-05-20,1.3653680086135864,0.004921012609467201,1,0,0.4400122296584435,0.5599877703415566,0.5599877703415566,1.0,0.01,0.24101437511172277,1290,1790,1890,1920
2026-05-21,1.372087001800537,-0.027974178750467038,0,0,0.43364239461896303,0.566357605381037,0.566357605381037,1.0,0.01,0.24101437511172277,1290,1790,1890,1920
2026-05-22,1.3337039947509766,0.01783754263527082,1,0,0.4538124403577993,0.5461875596422008,0.5461875596422008,1.0,0.01,0.24101437511172277,1290,1790,1890,1920
2026-05-23,1.3574939966201782,-0.005496121399940157,0,0,0.42759328668713664,0.5724067133128634,0.5724067133128634,1.0,0.01,0.24101437511172277,1290,1790,1890,1920
2026-05-24,1.3500330448150637,-0.00048000432321793074,0,0,0.4393247024004402,0.5606752975995598,0.5606752975995598,1.0,0.01,0.24101437511172277,1290,1790,1890,1920
2026-05-25,1.3493850231170654,-0.01609917503146352,0,0,0.4357624462952294,0.5642375537047706,0.5642375537047706,1.0,0.01,0.24101437511172277,1290,1790,1890,1920
2026-05-26,1.3276610374450684,-0.01620142821894277,0,0,0.4459721176336303,0.5540278823663697,0.5540278823663697,1.0,0.01,0.24101437511172277,1290,1790,1890,1920
2026-05-27,1.306151032447815,0.0056470924100118225,1,0,0.44924996945852075,0.5507500305414792,0.5507500305414792,1.0,0.01,0.24101437511172277,1290,1790,1890,1920
2026-05-28,1.31352698802948,0.011267337970133129,1,0,0.4376338974766176,0.5623661025233824,0.5623661025233824,1.0,0.01,0.24101437511172277,1290,1790,1890,1920
2026-05-29,1.328326940536499,0.007536606103269783,1,0,0.4283858878775411,0.5716141121224589,0.5716141121224589,1.0,0.01,0.24101437511172277,1290,1790,1890,1920
2026-05-30,1.338338017463684,-0.005243082329922766,0,0,0.42618101071758085,0.5738189892824191,0.5738189892824191,1.0,0.01,0.24101437511172277,1290,1790,1890,1920
2026-05-31,1.3313210010528564,-0.02737284349024416,0,0,0.43310718565795564,0.5668928143420444,0.5668928143420444,1.0,0.01,0.24101437511172277,1290,1790,1890,1920
2026-06-01,1.2948789596557615,-0.06563163077349099,0,0,0.45411186848719376,0.5458881315128062,0.5458881315128062,1.0,0.01,0.24101437511172277,1290,1790,1890,1920
2026-06-02,1.2098939418792725,-0.00797008589535897,0,0,0.4875335477109494,0.5124664522890505,0.5124664522890505,1.0,0.01,0.24101437511172277,1290,1790,1890,1920
2026-06-03,1.2002509832382202,-0.027997499114807867,0,0,0.4599335492786805,0.5400664507213195,0.5400664507213195,1.0,0.01,0.2435449535069044,1320,1820,1920,1950
2026-06-04,1.166646957397461,-0.06018181699280156,0,0,0.4755629353288384,0.5244370646711616,0.5244370646711616,1.0,0.01,0.2435449535069044,1320,1820,1920,1950
2026-06-05,1.0964360237121582,-0.0027160428861010555,0,0,0.49660187354553886,0.5033981264544611,0.5033981264544611,1.0,0.01,0.2435449535069044,1320,1820,1920,1950
2026-06-06,1.09345805644989,0.05596281356053079,1,0,0.46656329612686837,0.5334367038731316,0.5334367038731316,1.0,0.01,0.2435449535069044,1320,1820,1920,1950
2026-06-07,1.1546510457992554,0.011728164040258449,1,0,0.42601122525591445,0.5739887747440855,0.5739887747440855,1.0,0.01,0.2435449535069044,1320,1820,1920,1950
2026-06-08,1.168192982673645,-0.026486214161867028,0,0,0.4398859268949282,0.5601140731050718,0.5601140731050718,1.0,0.01,0.2435449535069044,1320,1820,1920,1950
2026-06-09,1.1372519731521606,-0.0351856784320187,0,0,0.46281003104348145,0.5371899689565185,0.5371899689565185,1.0,0.01,0.2435449535069044,1320,1820,1920,1950
2026-06-10,1.09723699092865,0.040418756860251426,1,0,0.477018949353685,0.5229810506463151,0.5229810506463151,1.0,0.01,0.2435449535069044,1320,1820,1920,1950
2026-06-11,1.1415859460830688,-0.008345379544139941,0,0,0.4282192365664877,0.5717807634335124,0.5717807634335124,1.0,0.01,0.2435449535069044,1320,1820,1920,1950
2026-06-12,1.1320589780807495,0.015887917093627024,1,0,0.45174651509968344,0.5482534849003166,0.5482534849003166,1.0,0.01,0.2435449535069044,1320,1820,1920,1950
2026-06-13,1.1500450372695925,0.031115308495858196,1,0,0.4328940316465856,0.5671059683534144,0.5671059683534144,1.0,0.01,0.2435449535069044,1320,1820,1920,1950
2026-06-14,1.1858290433883667,0.044174917101911904,1,0,0.4206787844136588,0.5793212155863412,0.5793212155863412,1.0,0.01,0.2435449535069044,1320,1820,1920,1950
2026-06-15,1.2382129430770874,-0.017948406658667482,0,0,0.4056074770471242,0.5943925229528758,0.5943925229528758,1.0,0.01,0.2435449535069044,1320,1820,1920,1950
2026-06-16,1.2159889936447144,-0.02541465062097703,0,0,0.43420666989878637,0.5657933301012137,0.5657933301012137,1.0,0.01,0.2435449535069044,1320,1820,1920,1950
2026-06-17,1.1850850582122805,-0.03346854820749279,0,0,0.4492158402372167,0.5507841597627833,0.5507841597627833,1.0,0.01,0.2435449535069044,1320,1820,1920,1950
2026-06-18,1.1454219818115234,-0.007890516892550048,0,0,0.4635547249158752,0.5364452750841249,0.5364452750841249,1.0,0.01,0.2435449535069044,1320,1820,1920,1950
2026-06-19,1.1363840103149414,0.011147652076855863,1,0,0.4466342980059118,0.5533657019940882,0.5533657019940882,1.0,0.01,0.2435449535069044,1320,1820,1920,1950
2026-06-20,1.1490520238876345,-0.02143771513631121,0,0,0.43245273141058904,0.567547268589411,0.567547268589411,1.0,0.01,0.2435449535069044,1320,1820,1920,1950
2026-06-21,1.1244189739227295,0.0037459540663951074,1,0,0.453418361584052,0.546581638415948,0.546581638415948,1.0,0.01,0.2435449535069044,1320,1820,1920,1950
2026-06-22,1.1286309957504272,-0.017030321063014275,0,0,0.4369309454695623,0.5630690545304378,0.5630690545304378,1.0,0.01,0.2435449535069044,1320,1820,1920,1950
2026-06-23,1.109410047531128,-0.0334862889068025,0,0,0.44772974392143267,0.5522702560785673,0.5522702560785673,1.0,0.01,0.2435449535069044,1320,1820,1920,1950
2026-06-24,1.0722600221633911,-0.028555597147631007,0,0,0.46252165592907046,0.5374783440709295,0.5374783440709295,1.0,0.01,0.2435449535069044,1320,1820,1920,1950
2026-06-25,1.0416409969329834,0.005259033101477906,1,0,0.4635814049606721,0.5364185950393279,0.5364185950393279,1.0,0.01,0.2435449535069044,1320,1820,1920,1950
2026-06-26,1.0471190214157104,-0.0006599596009549957,0,0,0.44278267548216754,0.5572173245178325,0.5572173245178325,1.0,0.01,0.2435449535069044,1320,1820,1920,1950
2026-06-27,1.0464279651641846,0.0010970515855757146,1,0,0.4400236543205897,0.5599763456794102,0.5599763456794102,1.0,0.01,0.2435449535069044,1320,1820,1920,1950
2026-06-28,1.0475759506225586,0.009254749591019129,1,0,0.438250626044248,0.561749373955752,0.561749373955752,1.0,0.01,0.2435449535069044,1320,1820,1920,1950
2026-06-29,1.0572710037231443,-0.017820434067663538,0,0,0.43461526684100216,0.5653847331589978,0.5653847331589978,1.0,0.01,0.2435449535069044,1320,1820,1920,1950
2026-06-30,1.0384299755096436,0.013210336102175368,1,0,0.44683021855397986,0.5531697814460201,0.5531697814460201,1.0,0.01,0.2435449535069044,1320,1820,1920,1950
2026-07-01,1.0521479845046997,0.03264560833903518,1,0,0.4189245149482805,0.5810754850517195,0.5810754850517195,1.0,0.01,0.2435449535069044,1320,1820,1920,1950
2026-07-02,1.0864959955215454,0.043660494641925895,1,0,0.3973144407671476,0.6026855592328524,0.6026855592328524,1.0,0.01,0.2435449535069044,1320,1820,1920,1950
2026-07-03,1.1339329481124878,0.02015471000730762,1,0,0.4278480043993377,0.5721519956006623,0.5721519956006623,1.0,scale,0.24687053079702623,1350,1850,1950,1980
2026-07-04,1.1567870378494265,-0.0007728904650360358,0,0,0.4284321068185157,0.5715678931814843,0.5715678931814843,1.0,scale,0.24687053079702623,1350,1850,1950,1980
2026-07-05,1.1558929681777954,-0.01046374954325513,0,0,0.4290327799740672,0.5709672200259328,0.5709672200259328,1.0,scale,0.24687053079702623,1350,1850,1950,1980
2026-07-06,1.1437979936599731,-0.027992658162333206,0,0,0.4294755414908638,0.5705244585091362,0.5705244585091362,1.0,scale,0.24687053079702623,1350,1850,1950,1980
2026-07-07,1.111780047416687,-0.019614558290989792,0,0,0.4302429503942375,0.5697570496057625,0.5697570496057625,1.0,scale,0.24687053079702623,1350,1850,1950,1980
2026-07-08,1.089972972869873,0.003086394098622103,1,0,0.4304013714111824,0.5695986285888176,0.5695986285888176,1.0,scale,0.24687053079702623,1350,1850,1950,1980
2026-07-09,1.093337059020996,0.009682196385877306,1,0,0.4295423067206735,0.5704576932793265,0.5704576932793265,1.0,scale,0.24687053079702623,1350,1850,1950,1980
2026-07-10,1.103922963142395,-0.005744906497866964,0,0,0.42945160827496315,0.5705483917250369,0.5705483917250369,1.0,scale,0.24687053079702623,1350,1850,1950,1980
2026-07-11,1.0975810289382937,-0.010790169451505238,0,0,0.43003432656263113,0.5699656734373688,0.5699656734373688,1.0,scale,0.24687053079702623,1350,1850,1950,1980
2026-07-12,1.085737943649292,-0.018658231433832162,0,0,0.4303789256801074,0.5696210743198926,0.5696210743198926,1.0,scale,0.24687053079702623,1350,1850,1950,1980
2026-07-13,1.0654799938201904,0.042835146624025766,1,0,0.4308819050270422,0.5691180949729577,0.5691180949729577,1.0,scale,0.24687053079702623,1350,1850,1950,1980
2026-07-14,1.1111199855804443,0.0014822841509534168,1,0,0.4280529181367593,0.5719470818632407,0.5719470818632407,1.0,scale,0.24687053079702623,1350,1850,1950,1980
2026-07-15,1.112766981124878,-0.023794678831345784,0,0,0.42968821622383413,0.5703117837761659,0.5703117837761659,1.0,scale,0.24687053079702623,1350,1850,1950,1980
2026-07-16,1.0862890481948853,0.0021503540265173093,1,0,0.4307445093216477,0.5692554906783522,0.5692554906783522,1.0,scale,0.24687053079702623,1350,1850,1950,1980
2026-07-17,1.0886249542236328,0.0032445076942215767,1,0,0.42937223740207164,0.5706277625979284,0.5706277625979284,1.0,scale,0.24687053079702623,1350,1850,1950,1980
2026-07-18,1.092157006263733,0.0034464214357261547,1,0,0.42901490972845896,0.570985090271541,0.570985090271541,1.0,scale,0.24687053079702623,1350,1850,1950,1980
2026-07-19,1.0959210395812988,0.01477475000141415,1,0,0.4295467936874795,0.5704532063125205,0.5704532063125205,1.0,scale,0.24687053079702623,1350,1850,1950,1980
2026-07-20,1.1121129989624023,0.02729936928400223,1,0,0.4293320032627462,0.5706679967372539,0.5706679967372539,1.0,scale,0.24687053079702623,1350,1850,1950,1980
2026-07-21,1.1424729824066162,-0.0007518971159330423,0,0,0.4280937289727568,0.5719062710272431,0.5719062710272431,1.0,scale,0.24687053079702623,1350,1850,1950,1980
2026-07-22,1.1416139602661133,-0.030422640633079645,0,0,0.4295074871388006,0.5704925128611994,0.5704925128611994,1.0,scale,0.24687053079702623,1350,1850,1950,1980
2026-07-23,1.1068830490112305,-0.01441260120397947,0,0,0.4307061154249454,0.5692938845750546,0.5692938845750546,1.0,scale,0.24687053079702623,1350,1850,1950,1980
2026-07-24,1.0909299850463867,0.005864686696569699,1,0,0.42997314649489415,0.5700268535051058,0.5700268535051058,1.0,scale,0.24687053079702623,1350,1850,1950,1980
2026-07-25,1.0973279476165771,0.013065431229409397,1,0,0.4287575438607869,0.5712424561392131,0.5712424561392131,1.0,scale,0.24687053079702623,1350,1850,1950,1980
2026-07-26,1.1116650104522705,-0.041739148524844505,0,0,0.4288963809879102,0.5711036190120897,0.5711036190120897,1.0,scale,0.24687053079702623,1350,1850,1950,1980
2026-07-27,1.0652650594711304,0.0025288462259391853,1,0,0.4319722438615197,0.5680277561384803,0.5680277561384803,1.0,scale,0.24687053079702623,1350,1850,1950,1980
2026-07-28,1.067958950996399,0.004588282950775513,1,0,0.42990442901614373,0.5700955709838562,0.5700955709838562,1.0,scale,0.24687053079702623,1350,1850,1950,1980
2026-07-29,1.0728590488433838,0.010221233952688147,1,0,0.42985242802343726,0.5701475719765627,0.5701475719765627,1.0,scale,0.24687053079702623,1350,1850,1950,1980
2026-07-30,1.0838249921798706,-0.02148874428701164,0,0,0.42878838997488283,0.5712116100251172,0.5712116100251172,1.0,scale,0.24687053079702623,1350,1850,1950,1980
2026-07-31,1.060534954071045,-0.0007467055257782684,0,0,0.43086182681087254,0.5691381731891274,0.5691381731891274,1.0,scale,0.24687053079702623,1350,1850,1950,1980
2026-08-01,1.059743046760559,0.023465064165334226,1,0,0.4309228978929292,0.5690771021070709,0.5690771021070709,1.0,scale,0.24687053079702623,1350,1850,1950,1980
2026-08-02,1.0846099853515625,-0.009199561943416645,0,0,0.43439823864560273,0.5656017613543973,0.5656017613543973,10.0,scale,0.24858959784566145,1380,1880,1980,2010
2026-08-03,1.0746320486068726,-0.001324175368873859,0,0,0.43678606393962743,0.5632139360603725,0.5632139360603725,10.0,scale,0.24858959784566145,1380,1880,1980,2010
2026-08-04,1.0732090473175049,-0.011363108745902628,0,0,0.4367875387420003,0.5632124612579996,0.5632124612579996,10.0,scale,0.24858959784566145,1380,1880,1980,2010
2026-08-05,1.0610140562057495,-0.02577538098997678,0,0,0.4392690093673039,0.560730990632696,0.560730990632696,10.0,scale,0.24858959784566145,1380,1880,1980,2010
2026-08-06,1.0336660146713257,-0.012024192312345527,0,0,0.4421316287532366,0.5578683712467634,0.5578683712467634,10.0,scale,0.24858959784566145,1380,1880,1980,2010
2026-08-07,1.021237015724182,0.01701565715007458,1,0,0.44180903689640555,0.5581909631035944,0.5581909631035944,10.0,scale,0.24858959784566145,1380,1880,1980,2010
2026-08-08,1.03861403465271,-0.009338393939943512,0,0,0.43869801181485485,0.5613019881851451,0.5613019881851451,10.0,scale,0.24858959784566145,1380,1880,1980,2010
2026-08-09,1.0289150476455688,-0.016895517580766906,0,0,0.4412801855222202,0.5587198144777799,0.5587198144777799,10.0,scale,0.24858959784566145,1380,1880,1980,2010
2026-08-10,1.0115309953689575,0.010233064402745518,1,0,0.44208206402879385,0.5579179359712061,0.5579179359712061,10.0,scale,0.24858959784566145,1380,1880,1980,2010
2026-08-11,1.0218820571899414,-0.017133121982676913,0,0,0.4393302312746256,0.5606697687253743,0.5606697687253743,10.0,scale,0.24858959784566145,1380,1880,1980,2010
2026-08-12,1.0043740272521973,0.0037345851186307844,1,0,0.44131174601689915,0.5586882539831008,0.5586882539831008,10.0,scale,0.24858959784566145,1380,1880,1980,2010
2026-08-13,1.0081249475479126,-0.01000565819199195,0,0,0.44143202675991017,0.5585679732400899,0.5585679732400899,10.0,scale,0.24858959784566145,1380,1880,1980,2010
2026-08-14,0.9980379939079284,0.0033686092203681905,1,0,0.4419663286112632,0.5580336713887368,0.5580336713887368,10.0,scale,0.24858959784566145,1380,1880,1980,2010
2026-08-15,1.0013999938964844,-0.009413831706099884,0,0,0.43901998249581475,0.5609800175041852,0.5609800175041852,10.0,scale,0.24858959784566145,1380,1880,1980,2010
2026-08-16,0.9919729828834534,0.010732192702498589,1,0,0.44512276911420556,0.5548772308857944,0.5548772308857944,10.0,scale,0.24858959784566145,1380,1880,1980,2010
2026-08-17,1.0026190280914309,-0.0012617444365894404,0,0,0.441711048011521,0.558288951988479,0.558288951988479,10.0,scale,0.24858959784566145,1380,1880,1980,2010
2026-08-18,1.0013539791107178,0.10290970225355678,1,0,0.4407720142151412,0.5592279857848588,0.5592279857848588,10.0,scale,0.24858959784566145,1380,1880,1980,2010
2026-08-19,1.104403018951416,0.1485300079746088,1,0,0.4356052732171598,0.5643947267828402,0.5643947267828402,10.0,scale,0.24858959784566145,1380,1880,1980,2010
2026-08-20,1.268440008163452,0.14612911902377035,1,0,0.4336440318646816,0.5663559681353184,0.5663559681353184,10.0,scale,0.24858959784566145,1380,1880,1980,2010
2026-08-21,1.4537960290908811,0.006831060262846966,1,0,0.43267647329882303,0.5673235267011769,0.5673235267011769,10.0,scale,0.24858959784566145,1380,1880,1980,2010
2026-08-22,1.4637269973754885,0.039939791338318376,1,0,0.4311557221287252,0.5688442778712748,0.5688442778712748,10.0,scale,0.24858959784566145,1380,1880,1980,2010
2026-08-23,1.5221879482269287,-0.028343403786565635,0,0,0.42903691276385253,0.5709630872361475,0.5709630872361475,10.0,scale,0.24858959784566145,1380,1880,1980,2010
2026-08-24,1.479043960571289,-0.030961899296532924,0,0,0.42613962284850104,0.573860377151499,0.573860377151499,10.0,scale,0.24858959784566145,1380,1880,1980,2010
2026-08-25,1.4332499504089355,-0.007549963519835168,0,0,0.4295338978168751,0.5704661021831249,0.5704661021831249,10.0,scale,0.24858959784566145,1380,1880,1980,2010
2026-08-26,1.4224289655685425,0.021515313313162032,1,0,0.43481393206546703,0.565186067934533,0.565186067934533,10.0,scale,0.24858959784566145,1380,1880,1980,2010
2026-08-27,1.4530329704284668,-0.048067737562396795,0,0,0.43435964393387616,0.5656403560661238,0.5656403560661238,10.0,scale,0.24858959784566145,1380,1880,1980,2010
2026-08-28,1.3831889629364014,0.009791149380808273,1,0,0.44581426299204424,0.5541857370079557,0.5541857370079557,10.0,scale,0.24858959784566145,1380,1880,1980,2010
2026-08-29,1.396731972694397,-0.02665790533580581,0,0,0.4422769985409239,0.5577230014590762,0.5577230014590762,10.0,scale,0.24858959784566145,1380,1880,1980,2010
2026-08-30,1.3594980239868164,0.01438028265839475,1,0,0.4402786126543528,0.5597213873456472,0.5597213873456472,10.0,scale,0.24858959784566145,1380,1880,1980,2010
2026-08-31,1.379047989845276,-0.01987674413156737,0,0,0.43652498621763863,0.5634750137823614,0.5634750137823614,10.0,scale,0.24858959784566145,1380,1880,1980,2010
